ISO-10303-21;
HEADER;
FILE_DESCRIPTION (( 'STEP AP214' ),
    '1' );
FILE_NAME ('Bladder_Cutting_Tool_0deg.STEP',
    '2025-10-14T16:58:53',
    ( '' ),
    ( '' ),
    'SwSTEP 2.0',
    'SolidWorks 2025',
    '' );
FILE_SCHEMA (( 'AUTOMOTIVE_DESIGN' ));
ENDSEC;

DATA;
#1 = CARTESIAN_POINT ( 'NONE',  ( -2.538813956175891562, 3.797647888178002695, -7.800000000000002487 ) ) ;
#2 = EDGE_CURVE ( 'NONE', #958, #807, #1465, .T. ) ;
#3 = CARTESIAN_POINT ( 'NONE',  ( 0.2988566911173334839, -1.653991612885749252, 1.999999999999999556 ) ) ;
#4 = CARTESIAN_POINT ( 'NONE',  ( -1.891670900232652164, 3.126053538602940662, -7.800000000000000711 ) ) ;
#5 = VERTEX_POINT ( 'NONE', #1086 ) ;
#6 = CARTESIAN_POINT ( 'NONE',  ( -1.265941625727632580, 3.962285225263502575, -7.799999999999998934 ) ) ;
#7 = ADVANCED_FACE ( 'NONE', ( #1148 ), #3662, .F. ) ;
#8 = CARTESIAN_POINT ( 'NONE',  ( -0.8210861088693969245, 4.093930577862482600, -7.800000000000002487 ) ) ;
#9 = SPHERICAL_SURFACE ( 'NONE', #3584, 1.000000000000000000 ) ;
#10 = CARTESIAN_POINT ( 'NONE',  ( -0.7013012011071161345, 7.219478392831655711, 1.999999999999999556 ) ) ;
#11 = ORIENTED_EDGE ( 'NONE', *, *, #625, .T. ) ;
#12 = CARTESIAN_POINT ( 'NONE',  ( 0.000000000000000000, 1.166476076187853824E-15, 0.000000000000000000 ) ) ;
#13 = CARTESIAN_POINT ( 'NONE',  ( 0.1262152389252002016, 3.758411502021294481, -7.999999999999996447 ) ) ;
#14 = CARTESIAN_POINT ( 'NONE',  ( 0.1376269636344084890, 1.826798750461466003, -8.000000000000000000 ) ) ;
#15 = CARTESIAN_POINT ( 'NONE',  ( -0.07273757393865537546, -1.696723322005215584, 2.000000000000000000 ) ) ;
#16 = CARTESIAN_POINT ( 'NONE',  ( 5.669476102941175988, 7.275925436580881644, 2.000000000000000000 ) ) ;
#17 = CARTESIAN_POINT ( 'NONE',  ( -2.137650052900032627, 3.940592879848956454, -8.000000000000001776 ) ) ;
#18 = B_SPLINE_SURFACE_WITH_KNOTS ( 'NONE', 3, 1, ( 
 ( #2840, #1243 ),
 ( #251, #293 ),
 ( #3812, #2196 ),
 ( #1583, #2277 ),
 ( #3484, #2259 ),
 ( #1220, #2573 ),
 ( #587, #3833 ),
 ( #2858, #3562 ),
 ( #3542, #4147 ),
 ( #2824, #663 ),
 ( #4129, #1300 ),
 ( #2514, #4110 ),
 ( #3148, #1892 ),
 ( #1945, #3221 ),
 ( #2533, #915 ),
 ( #3507, #334 ),
 ( #2553, #610 ),
 ( #936, #3527 ),
 ( #629, #1926 ) ),
 .UNSPECIFIED., .F., .F., .F.,
 ( 4, 1, 1, 1, 1, 1, 1, 1, 1, 1, 1, 1, 1, 1, 1, 1, 4 ),
 ( 2, 2 ),
 ( 0.000000000000000000, 0.06506970706675940797, 0.1282269660845280213, 0.1896808071077963342, 0.2507770030400464090, 0.3116117728367081008, 0.3734387681968275863, 0.4361528532939896730, 0.5008904915876536412, 0.5652211915233503747, 0.6279352766205125169, 0.6897622719806321134, 0.7503374773177828860, 0.8110649756892599482, 0.8723742365957659617, 0.9355314956135345472, 1.000000000000000000 ),
 ( 0.000000000000000000, 1.000000000000000000 ),
 .UNSPECIFIED. ) ;
#19 = CARTESIAN_POINT ( 'NONE',  ( 9.849999999999999645, -4.000000000000000000, -4.999999999999997335 ) ) ;
#20 = CARTESIAN_POINT ( 'NONE',  ( -2.539452837775736160, 3.775681008731617716, -7.800000000000002487 ) ) ;
#21 = DIRECTION ( 'NONE',  ( -0.000000000000000000, -0.000000000000000000, 1.000000000000000000 ) ) ;
#22 = CARTESIAN_POINT ( 'NONE',  ( 3.011909179687500604, 0.2776658720128675761, 2.000000000000000000 ) ) ;
#23 = ORIENTED_EDGE ( 'NONE', *, *, #273, .T. ) ;
#24 = ORIENTED_EDGE ( 'NONE', *, *, #1566, .T. ) ;
#25 = CARTESIAN_POINT ( 'NONE',  ( -0.1623757736456383494, 3.796529509897174304, -8.000000000000005329 ) ) ;
#26 = CARTESIAN_POINT ( 'NONE',  ( -1.003969726562499387, 3.218330167882581971, -7.999999999999996447 ) ) ;
#27 = CARTESIAN_POINT ( 'NONE',  ( 3.011909179687500604, 3.654990503647748135, 2.000000000000000000 ) ) ;
#28 = CARTESIAN_POINT ( 'NONE',  ( 0.9374285672546912584, 1.616253074629018682, -7.800000000000000711 ) ) ;
#29 = ORIENTED_EDGE ( 'NONE', *, *, #3362, .T. ) ;
#30 = VERTEX_POINT ( 'NONE', #3011 ) ;
#31 = EDGE_CURVE ( 'NONE', #2806, #3829, #2373, .T. ) ;
#32 = CARTESIAN_POINT ( 'NONE',  ( 4.719834605423610441, 3.607908841252555288, 1.999999999999999556 ) ) ;
#33 = B_SPLINE_CURVE_WITH_KNOTS ( 'NONE', 3,
 ( #2996, #127, #3592, #1090, #104, #1412, #3271, #382, #2661, #1678, #1391, #1349, #2973, #2701, #3986 ),
 .UNSPECIFIED., .F., .F.,
 ( 4, 1, 1, 1, 1, 1, 1, 1, 1, 1, 1, 1, 4 ),
 ( 0.000000000000000000, 0.1381666428321286499, 0.2618084338870914629, 0.3709908410301945292, 0.4669257882714015762, 0.5472437745748076621, 0.6146019942490124066, 0.6669264355466502092, 0.7067917575319537793, 0.7710360877517146161, 0.8372617862306160896, 0.9112299409179618337, 0.9999999999999998890 ),
 .UNSPECIFIED. ) ;
#34 = PLANE ( 'NONE',  #3961 ) ;
#35 = CARTESIAN_POINT ( 'NONE',  ( 0.4301407072998147396, 0.9877265680657929536, -7.999999999999998224 ) ) ;
#36 = CARTESIAN_POINT ( 'NONE',  ( -0.2726317168719988304, -1.602509703765511162, 1.999999999999999112 ) ) ;
#37 = CARTESIAN_POINT ( 'NONE',  ( 0.000000000000000000, 1.166476076187853824E-15, 2.000000000000000000 ) ) ;
#38 = CARTESIAN_POINT ( 'NONE',  ( 6.555331744025734153, 5.327043026194852260, 2.000000000000000000 ) ) ;
#39 = EDGE_LOOP ( 'NONE', ( #1402, #2091, #3861, #2037 ) ) ;
#40 = EDGE_LOOP ( 'NONE', ( #2031, #1524, #4150, #2210 ) ) ;
#41 = CARTESIAN_POINT ( 'NONE',  ( 0.01015171997331079483, -1.699325583983394283, 1.400000000000000577 ) ) ;
#42 = CARTESIAN_POINT ( 'NONE',  ( 0.5315133846507361648, -0.5251408027200140660, 2.000000000000000000 ) ) ;
#43 = PLANE ( 'NONE',  #942 ) ;
#44 = CARTESIAN_POINT ( 'NONE',  ( -1.314977296235323889, 4.082165017215587000, -7.800000000000000711 ) ) ;
#45 = CARTESIAN_POINT ( 'NONE',  ( 6.588487857838877026, 3.599219242023581788, 1.399999999999999689 ) ) ;
#46 = CARTESIAN_POINT ( 'NONE',  ( 0.5689647469467418173, 4.286764419360554079, -7.800000000000000711 ) ) ;
#47 = CARTESIAN_POINT ( 'NONE',  ( -0.1453467136265883530, 1.499695798360753729, -7.800000000000000711 ) ) ;
#48 = CIRCLE ( 'NONE', #1326, 1.000000000000000000 ) ;
#49 = VERTEX_POINT ( 'NONE', #2127 ) ;
#50 = CARTESIAN_POINT ( 'NONE',  ( 0.1308010624212381234, 1.615951666910467210, -7.800000000000002487 ) ) ;
#51 = B_SPLINE_SURFACE_WITH_KNOTS ( 'NONE', 3, 1, ( 
 ( #1060, #1400 ),
 ( #3278, #412 ),
 ( #389, #2648 ),
 ( #1687, #1358 ),
 ( #2056, #3932 ),
 ( #1713, #1381 ),
 ( #3952, #3641 ),
 ( #3340, #1755 ),
 ( #135, #1419 ),
 ( #3993, #1097 ),
 ( #1817, #2504 ),
 ( #820, #1531 ),
 ( #1140, #1187 ),
 ( #1842, #175 ),
 ( #1212, #1484 ),
 ( #2442, #3113 ),
 ( #3068, #2773 ),
 ( #780, #3048 ),
 ( #1440, #1507 ),
 ( #2794, #3451 ),
 ( #3695, #4012 ),
 ( #2463, #4080 ),
 ( #1863, #2076 ) ),
 .UNSPECIFIED., .F., .F., .F.,
 ( 4, 1, 1, 1, 1, 1, 1, 1, 1, 1, 1, 1, 1, 1, 1, 1, 1, 1, 1, 1, 4 ),
 ( 2, 2 ),
 ( 0.000000000000000000, 0.05306596574533162941, 0.1026044695708625692, 0.1486279545579540229, 0.1904680796534075626, 0.2291597128161247943, 0.2637365329991422924, 0.2948558119208011807, 0.3226775984792924490, 0.3744882062814257062, 0.4267509599738786852, 0.4808689489716026499, 0.5371220724062902852, 0.5936647819838971607, 0.6488033823229971686, 0.7038931618098391851, 0.7594973611526907309, 0.8164579598030899943, 0.8750165272701831976, 0.9362741229621038830, 1.000000000000000000 ),
 ( 0.000000000000000000, 1.000000000000000000 ),
 .UNSPECIFIED. ) ;
#52 = CARTESIAN_POINT ( 'NONE',  ( 0.1362658207354226769, 3.624164207961799278, -7.999999999999998224 ) ) ;
#53 = AXIS2_PLACEMENT_3D ( 'NONE', #930, #1534, #4123 ) ;
#54 = CARTESIAN_POINT ( 'NONE',  ( 0.07306449997577396660, 0.9235358931884081191, -7.999999999999998224 ) ) ;
#55 = CARTESIAN_POINT ( 'NONE',  ( 5.255711179279164647, 1.000000000000001998, -7.500000000000000000 ) ) ;
#56 = EDGE_CURVE ( 'NONE', #719, #181, #1764, .T. ) ;
#57 = CARTESIAN_POINT ( 'NONE',  ( -1.003969726562499387, 3.218330167882581971, -8.000000000000000000 ) ) ;
#58 = DIRECTION ( 'NONE',  ( -1.000000000000000000, 0.000000000000000000, 0.000000000000000000 ) ) ;
#59 = DIRECTION ( 'NONE',  ( 1.000000000000000000, 1.836970198721029688E-16, 0.000000000000000000 ) ) ;
#60 = ORIENTED_EDGE ( 'NONE', *, *, #446, .F. ) ;
#61 = EDGE_CURVE ( 'NONE', #1382, #1293, #808, .T. ) ;
#62 = CARTESIAN_POINT ( 'NONE',  ( -1.481945408166822631, 4.281582907839474927, -7.800000000000000711 ) ) ;
#63 = CARTESIAN_POINT ( 'NONE',  ( -1.726138954152871108, 3.527359723887625087, -8.000000000000001776 ) ) ;
#64 = CARTESIAN_POINT ( 'NONE',  ( 4.926695432815551889, 4.831311606014268456, 1.400000000000001021 ) ) ;
#65 = CARTESIAN_POINT ( 'NONE',  ( 6.552074752509041922, 5.268281031036491591, 1.400000000000000133 ) ) ;
#66 = CARTESIAN_POINT ( 'NONE',  ( 1.946611222967728150, -2.775686655184651741, 2.000000000000000888 ) ) ;
#67 = CARTESIAN_POINT ( 'NONE',  ( -0.1706325884618752620, 3.724447678497678993, -8.000000000000008882 ) ) ;
#68 = DIRECTION ( 'NONE',  ( -0.000000000000000000, -0.000000000000000000, -1.000000000000000000 ) ) ;
#69 = CARTESIAN_POINT ( 'NONE',  ( 0.9639609940995637061, 3.328476676768805209, -7.999999999999992895 ) ) ;
#70 = CARTESIAN_POINT ( 'NONE',  ( -0.1545892757990018629, 1.526641853142973515, -7.800000000000000711 ) ) ;
#71 = VERTEX_POINT ( 'NONE', #3680 ) ;
#72 = ORIENTED_EDGE ( 'NONE', *, *, #3137, .F. ) ;
#73 = CARTESIAN_POINT ( 'NONE',  ( 0.1083992653674047818, 1.489713425445372996, -7.800000000000000711 ) ) ;
#74 = DIRECTION ( 'NONE',  ( -0.000000000000000000, -0.000000000000000000, -1.000000000000000000 ) ) ;
#75 = CARTESIAN_POINT ( 'NONE',  ( 0.1227815131942356502, 1.541295052267070753, -8.000000000000003553 ) ) ;
#76 = CARTESIAN_POINT ( 'NONE',  ( 6.255711179279164647, 1.000000000000001998, 0.000000000000000000 ) ) ;
#77 = TOROIDAL_SURFACE ( 'NONE', #1354, 0.5000000000000000000, 0.5000000000000000000 ) ;
#78 = CARTESIAN_POINT ( 'NONE',  ( -0.1623757736456383494, 3.796529509897174304, -7.800000000000000711 ) ) ;
#79 = ORIENTED_EDGE ( 'NONE', *, *, #2944, .F. ) ;
#80 = VERTEX_POINT ( 'NONE', #1127 ) ;
#81 = TOROIDAL_SURFACE ( 'NONE', #3452, 0.5000000000000000000, 0.5000000000000000000 ) ;
#82 = EDGE_CURVE ( 'NONE', #3467, #958, #652, .T. ) ;
#83 = CARTESIAN_POINT ( 'NONE',  ( -0.1673866558941047578, 3.763711979635712801, -8.000000000000000000 ) ) ;
#84 = CARTESIAN_POINT ( 'NONE',  ( -0.1729284610171427927, 1.664999208818783494, -7.800000000000002487 ) ) ;
#85 = DIRECTION ( 'NONE',  ( 0.9823759213605915974, 0.1869158878504683652, 0.000000000000000000 ) ) ;
#86 = EDGE_CURVE ( 'NONE', #540, #2665, #2813, .T. ) ;
#87 = CARTESIAN_POINT ( 'NONE',  ( 5.496610221781936367, 4.450722670342210030, 1.400000000000001021 ) ) ;
#88 = CARTESIAN_POINT ( 'NONE',  ( 0.5309857341558607002, -0.5848110689690368957, 2.000000000000000444 ) ) ;
#89 = CARTESIAN_POINT ( 'NONE',  ( 5.031812265206473178, 5.944105645401917215, 1.400000000000000133 ) ) ;
#90 = CARTESIAN_POINT ( 'NONE',  ( -1.387282588934804828, 4.189806481960378193, -7.800000000000000711 ) ) ;
#91 = CARTESIAN_POINT ( 'NONE',  ( 0.05536597756778575963, -1.700745059742647003, 1.999999999999999556 ) ) ;
#92 = CARTESIAN_POINT ( 'NONE',  ( 0.8040999898711530536, 4.076230426163278686, -7.999999999999991118 ) ) ;
#93 = VERTEX_POINT ( 'NONE', #524 ) ;
#94 = DIRECTION ( 'NONE',  ( 1.000000000000000000, 0.000000000000000000, 0.000000000000000000 ) ) ;
#95 = ORIENTED_EDGE ( 'NONE', *, *, #1221, .T. ) ;
#96 = CARTESIAN_POINT ( 'NONE',  ( -2.537477830217260255, 3.710246457469303483, -8.000000000000001776 ) ) ;
#97 = CARTESIAN_POINT ( 'NONE',  ( 0.7491794736144335998, 1.207190320431640762, -7.800000000000000711 ) ) ;
#98 = CARTESIAN_POINT ( 'NONE',  ( -2.054737238764397844, 4.023505693984590792, -7.999999999999998224 ) ) ;
#99 = CARTESIAN_POINT ( 'NONE',  ( 5.488650253080655794, 6.204767867142922277, 1.400000000000000133 ) ) ;
#100 = CARTESIAN_POINT ( 'NONE',  ( -0.1739362949226315735, 3.678938787484490991, -7.999999999999996447 ) ) ;
#101 = CARTESIAN_POINT ( 'NONE',  ( 6.496474967872256201, 5.668721605443485245, 1.400000000000001021 ) ) ;
#102 = CARTESIAN_POINT ( 'NONE',  ( -1.643732434917854812, 4.379811710216912068, -7.800000000000000711 ) ) ;
#103 = CARTESIAN_POINT ( 'NONE',  ( -1.889825367647059107, 4.070966222426470438, -8.000000000000000000 ) ) ;
#104 = CARTESIAN_POINT ( 'NONE',  ( -0.4012046800964040871, -1.007510696341842316, 2.000000000000000000 ) ) ;
#105 = CARTESIAN_POINT ( 'NONE',  ( 4.926695432815551889, 4.831311606014268456, 2.000000000000000888 ) ) ;
#106 = CARTESIAN_POINT ( 'NONE',  ( 0.6856524369656664675, 1.137461998621413395, -7.999999999999998224 ) ) ;
#107 = EDGE_CURVE ( 'NONE', #2665, #1712, #187, .T. ) ;
#108 = VERTEX_POINT ( 'NONE', #3033 ) ;
#109 = CARTESIAN_POINT ( 'NONE',  ( -1.868268434879334139, 4.424678216537841990, -7.800000000000000711 ) ) ;
#110 = CARTESIAN_POINT ( 'NONE',  ( 0.4360401408797676681, -1.500912604917738147, 1.400000000000000577 ) ) ;
#111 = CARTESIAN_POINT ( 'NONE',  ( 0.8361467180041034508, 4.025052625062700784, -7.800000000000002487 ) ) ;
#112 = ORIENTED_EDGE ( 'NONE', *, *, #1582, .T. ) ;
#113 = CARTESIAN_POINT ( 'NONE',  ( -0.1294218374353432177, 1.471827996905829217, -7.800000000000000711 ) ) ;
#114 = ADVANCED_FACE ( 'NONE', ( #1827 ), #627, .T. ) ;
#115 = ORIENTED_EDGE ( 'NONE', *, *, #2664, .F. ) ;
#116 = LINE ( 'NONE', #3178, #1401 ) ;
#117 = CARTESIAN_POINT ( 'NONE',  ( 0.1083992653674047818, 1.489713425445372996, -8.000000000000000000 ) ) ;
#118 = CARTESIAN_POINT ( 'NONE',  ( -1.948032052545761283, 4.067740010000924222, -7.999999999999998224 ) ) ;
#119 = CARTESIAN_POINT ( 'NONE',  ( -1.777133259150872391, 3.500229848203908922, -7.999999999999996447 ) ) ;
#120 = VERTEX_POINT ( 'NONE', #2216 ) ;
#121 = VECTOR ( 'NONE', #2748, 1000.000000000000000 ) ;
#122 = CARTESIAN_POINT ( 'NONE',  ( -13.35000000000000142, 0.000000000000000000, -4.999999999999997335 ) ) ;
#123 = CARTESIAN_POINT ( 'NONE',  ( -0.04885953579955967796, 4.424105428669376394, -7.999999999999998224 ) ) ;
#124 = CARTESIAN_POINT ( 'NONE',  ( 12.34999999999999964, 2.801379553049570458E-15, 2.000000000000000000 ) ) ;
#125 = CARTESIAN_POINT ( 'NONE',  ( -1.889825367647059107, 4.425308478860293881, -7.800000000000000711 ) ) ;
#126 = VECTOR ( 'NONE', #21, 1000.000000000000000 ) ;
#127 = CARTESIAN_POINT ( 'NONE',  ( -0.4128808909032228303, -0.5196037486156002139, 2.000000000000000444 ) ) ;
#128 = VECTOR ( 'NONE', #2662, 1000.000000000000000 ) ;
#129 = CARTESIAN_POINT ( 'NONE',  ( 5.041415413607677642, 4.693898877860265273, 1.999999999999999556 ) ) ;
#130 = CARTESIAN_POINT ( 'NONE',  ( 5.669476102941175988, 6.212898667279410425, 2.000000000000000000 ) ) ;
#131 = ADVANCED_FACE ( 'NONE', ( #585 ), #2178, .T. ) ;
#132 = CARTESIAN_POINT ( 'NONE',  ( -2.784573743755916375, -1.302069880420811510, 2.000000000000000000 ) ) ;
#133 = FACE_OUTER_BOUND ( 'NONE', #3082, .T. ) ;
#134 = CARTESIAN_POINT ( 'NONE',  ( -0.4715101946159254709, 7.253298125713701694, 1.400000000000000577 ) ) ;
#135 = CARTESIAN_POINT ( 'NONE',  ( 2.920458774904106214, -1.250601355728419017, 1.400000000000000577 ) ) ;
#136 = EDGE_CURVE ( 'NONE', #4139, #3305, #2337, .T. ) ;
#137 = PLANE ( 'NONE',  #3352 ) ;
#138 = CARTESIAN_POINT ( 'NONE',  ( 0.9645983647365202751, 2.040880378274356755, -8.000000000000000000 ) ) ;
#139 = CARTESIAN_POINT ( 'NONE',  ( 0.9645983647365202751, 2.040880378274356755, -7.800000000000002487 ) ) ;
#140 = CARTESIAN_POINT ( 'NONE',  ( -0.03806802551544467145, 3.912855618357942600, -7.800000000000000711 ) ) ;
#141 = DIRECTION ( 'NONE',  ( 1.000000000000000000, 0.000000000000000000, 0.000000000000000000 ) ) ;
#142 = TOROIDAL_SURFACE ( 'NONE', #1224, 12.34999999999999964, 1.000000000000000000 ) ;
#143 = CARTESIAN_POINT ( 'NONE',  ( -1.003629590609684596, 3.308974056301723365, -8.000000000000000000 ) ) ;
#144 = CARTESIAN_POINT ( 'NONE',  ( -0.7249872487790058884, 1.134799593976555609, -7.799999999999998934 ) ) ;
#145 = CARTESIAN_POINT ( 'NONE',  ( 0.4028039230822947347, 5.631099837855596313, 1.999999999999998668 ) ) ;
#146 = AXIS2_PLACEMENT_3D ( 'NONE', #2036, #2983, #367 ) ;
#147 = ORIENTED_EDGE ( 'NONE', *, *, #929, .F. ) ;
#148 = FACE_OUTER_BOUND ( 'NONE', #2627, .T. ) ;
#149 = CARTESIAN_POINT ( 'NONE',  ( -1.003969726562499387, 3.218330167882581971, -7.800000000000000711 ) ) ;
#150 = CARTESIAN_POINT ( 'NONE',  ( 0.8361467180041034508, 4.025052625062700784, -8.000000000000001776 ) ) ;
#151 = EDGE_LOOP ( 'NONE', ( #2751, #3311, #3865, #1644 ) ) ;
#152 = CARTESIAN_POINT ( 'NONE',  ( -0.01845532585592786490, 1.433084980085783888, -7.800000000000000711 ) ) ;
#153 = CARTESIAN_POINT ( 'NONE',  ( -1.643732434917854812, 4.379811710216912068, -7.800000000000000711 ) ) ;
#154 = CARTESIAN_POINT ( 'NONE',  ( 2.279083455990043472, 6.486487730416621744, 2.000000000000000000 ) ) ;
#155 = CARTESIAN_POINT ( 'NONE',  ( -2.137650052900031739, 3.610769137614278979, -7.800000000000000711 ) ) ;
#156 = CARTESIAN_POINT ( 'NONE',  ( -1.772821517870876162, 4.049929566991771424, -8.000000000000001776 ) ) ;
#157 = ORIENTED_EDGE ( 'NONE', *, *, #1634, .F. ) ;
#158 = CARTESIAN_POINT ( 'NONE',  ( 1.146215492546255543, -3.128295546069374211, 1.400000000000000577 ) ) ;
#159 = CARTESIAN_POINT ( 'NONE',  ( 2.890415431689860259, 5.371169062544915995, 1.999999999999999556 ) ) ;
#160 = DIRECTION ( 'NONE',  ( -0.000000000000000000, -0.000000000000000000, -1.000000000000000000 ) ) ;
#161 = CARTESIAN_POINT ( 'NONE',  ( -0.3444917875761198678, 5.454990086332309751, 2.000000000000000000 ) ) ;
#162 = ADVANCED_FACE ( 'NONE', ( #1012, #369 ), #2896, .T. ) ;
#163 = CARTESIAN_POINT ( 'NONE',  ( 0.000000000000000000, -4.000000000000000000, 0.000000000000000000 ) ) ;
#164 = CARTESIAN_POINT ( 'NONE',  ( 5.669476102941175988, 7.275925436580881644, 2.000000000000000000 ) ) ;
#165 = CARTESIAN_POINT ( 'NONE',  ( -13.35000000000000142, 1.634903476861716437E-15, 2.000000000000000000 ) ) ;
#166 = CARTESIAN_POINT ( 'NONE',  ( 0.1142040765463363250, 5.738566855073826467, 1.399999999999999689 ) ) ;
#167 = DIRECTION ( 'NONE',  ( 0.000000000000000000, -1.000000000000000000, 1.006670214574388131E-14 ) ) ;
#168 = CARTESIAN_POINT ( 'NONE',  ( 4.844474763792445238, 4.990137878269478300, 2.000000000000000000 ) ) ;
#169 = CARTESIAN_POINT ( 'NONE',  ( 0.7244582002513572094, 4.169214586763148489, -8.000000000000000000 ) ) ;
#170 = SURFACE_STYLE_USAGE ( .BOTH. , #3403 ) ;
#171 = B_SPLINE_CURVE_WITH_KNOTS ( 'NONE', 3,
 ( #1294, #2569, #681, #2292, #2214, #3503, #2587, #3866, #642, #606, #350, #623, #1907, #1643, #2915, #28, #1579, #3577, #3166, #2530, #289, #4143, #2854 ),
 .UNSPECIFIED., .F., .F.,
 ( 4, 1, 1, 1, 1, 1, 1, 1, 1, 1, 1, 1, 1, 1, 1, 1, 1, 1, 1, 1, 4 ),
 ( 0.000000000000000000, 0.08082635244481470305, 0.1550395768970233845, 0.2227733609102187096, 0.2847851602526776382, 0.3424250354995676537, 0.3973115550189068035, 0.4508676706832183134, 0.5038629975024276897, 0.5562249935823341263, 0.6065927579124832381, 0.6562198855780718709, 0.7044775129805357361, 0.7299621496015679112, 0.7589308403050066820, 0.7908552038020890684, 0.8260828059527682843, 0.8643514105921419333, 0.9063582302864707785, 0.9514554734419488069, 1.000000000000000000 ),
 .UNSPECIFIED. ) ;
#172 = CARTESIAN_POINT ( 'NONE',  ( -2.893143595924983824, 3.767578466491318334, 1.400000000000000133 ) ) ;
#173 = CARTESIAN_POINT ( 'NONE',  ( 0.5309857341558607002, -0.5848110689690368957, 2.000000000000000000 ) ) ;
#174 = CARTESIAN_POINT ( 'NONE',  ( -2.099484154036126426, 3.566022222342549952, -7.999999999999998224 ) ) ;
#175 = CARTESIAN_POINT ( 'NONE',  ( 2.376908241515368392, -2.383537578948698332, 2.000000000000000000 ) ) ;
#176 = VERTEX_POINT ( 'NONE', #332 ) ;
#177 = CARTESIAN_POINT ( 'NONE',  ( 0.1993175192440267418, -3.236228170955882444, 1.400000000000000133 ) ) ;
#178 = CARTESIAN_POINT ( 'NONE',  ( 2.969170581724798641, 4.843184862653923339, 1.999999999999999556 ) ) ;
#179 = CARTESIAN_POINT ( 'NONE',  ( -2.185110581341912273, 3.775681008731617272, -7.800000000000000711 ) ) ;
#180 = CARTESIAN_POINT ( 'NONE',  ( 3.795967593450956912, 4.762484096482443974, 1.400000000000000133 ) ) ;
#181 = VERTEX_POINT ( 'NONE', #2293 ) ;
#182 = CARTESIAN_POINT ( 'NONE',  ( -1.290422121899442054, -3.036820295802619807, 2.000000000000000000 ) ) ;
#183 = CARTESIAN_POINT ( 'NONE',  ( -1.822475449107449297, 3.127674620793034599, -7.800000000000000711 ) ) ;
#184 = EDGE_CURVE ( 'NONE', #736, #428, #1562, .T. ) ;
#185 = CARTESIAN_POINT ( 'NONE',  ( -0.9378748870757195322, 1.446981028110133627, -7.800000000000004263 ) ) ;
#186 = CARTESIAN_POINT ( 'NONE',  ( -0.7923027471717888348, 1.205487473683767075, -7.800000000000000711 ) ) ;
#187 = CIRCLE ( 'NONE', #2747, 0.4999999999999995559 ) ;
#188 = ORIENTED_EDGE ( 'NONE', *, *, #2863, .T. ) ;
#189 = CARTESIAN_POINT ( 'NONE',  ( -2.538813956175891562, 3.797647888178002695, -8.000000000000001776 ) ) ;
#190 = ADVANCED_FACE ( 'NONE', ( #3559 ), #2875, .T. ) ;
#191 = DIRECTION ( 'NONE',  ( -0.000000000000000000, -0.000000000000000000, -1.000000000000000000 ) ) ;
#192 = VERTEX_POINT ( 'NONE', #3447 ) ;
#193 = DIRECTION ( 'NONE',  ( 0.000000000000000000, 0.000000000000000000, 1.000000000000000000 ) ) ;
#194 = VERTEX_POINT ( 'NONE', #2769 ) ;
#195 = CARTESIAN_POINT ( 'NONE',  ( -13.35000000000000142, -6.500000000000004441, 1.000000000000000000 ) ) ;
#196 = CARTESIAN_POINT ( 'NONE',  ( -0.2191934999273190965, -3.229392320434773644, 1.999999999999999556 ) ) ;
#197 = CARTESIAN_POINT ( 'NONE',  ( 2.986080322191721592, 4.643200458449270762, 2.000000000000000000 ) ) ;
#198 = CARTESIAN_POINT ( 'NONE',  ( -2.412299969613455719, 6.228691278489837835, 1.399999999999999689 ) ) ;
#199 = CARTESIAN_POINT ( 'NONE',  ( -1.641490786274075298, 3.935658654871171169, -8.000000000000000000 ) ) ;
#200 = ORIENTED_EDGE ( 'NONE', *, *, #795, .T. ) ;
#201 = CARTESIAN_POINT ( 'NONE',  ( 3.011909179687500604, 0.2776658720128675761, 1.400000000000000133 ) ) ;
#202 = CARTESIAN_POINT ( 'NONE',  ( 2.986080322191721592, 4.643200458449270762, 1.400000000000000133 ) ) ;
#203 = CARTESIAN_POINT ( 'NONE',  ( 0.02299139839043560021, 5.738624632078113130, 1.400000000000000577 ) ) ;
#204 = FACE_OUTER_BOUND ( 'NONE', #3486, .T. ) ;
#205 = ORIENTED_EDGE ( 'NONE', *, *, #3022, .F. ) ;
#206 = CARTESIAN_POINT ( 'NONE',  ( 5.255711179279164647, 1.000000000000001998, -8.000000000000000000 ) ) ;
#207 = CARTESIAN_POINT ( 'NONE',  ( -1.868258810543131476, 3.126602027282635365, -7.999999999999998224 ) ) ;
#208 = LINE ( 'NONE', #165, #4098 ) ;
#209 = ORIENTED_EDGE ( 'NONE', *, *, #2670, .F. ) ;
#210 = CARTESIAN_POINT ( 'NONE',  ( -0.2817108196625722205, 0.9360086096868671657, -7.800000000000002487 ) ) ;
#211 = ORIENTED_EDGE ( 'NONE', *, *, #2368, .T. ) ;
#212 = PLANE ( 'NONE',  #2141 ) ;
#213 = CARTESIAN_POINT ( 'NONE',  ( -1.481945408166822631, 4.281582907839474927, -8.000000000000000000 ) ) ;
#214 = ORIENTED_EDGE ( 'NONE', *, *, #3569, .F. ) ;
#215 = VECTOR ( 'NONE', #1535, 1000.000000000000000 ) ;
#216 = CARTESIAN_POINT ( 'NONE',  ( 3.797824877182896408, 5.886855675790508613, 1.400000000000000133 ) ) ;
#217 = EDGE_CURVE ( 'NONE', #2914, #3947, #2906, .T. ) ;
#218 = CARTESIAN_POINT ( 'NONE',  ( -2.508440154012308465, 6.075157875188103240, 1.400000000000000577 ) ) ;
#219 = CARTESIAN_POINT ( 'NONE',  ( 3.933745513624815171, 4.434618642479819073, 1.399999999999999689 ) ) ;
#220 = CARTESIAN_POINT ( 'NONE',  ( 5.669476102941175988, 6.212898667279410425, 2.000000000000000000 ) ) ;
#221 = DIRECTION ( 'NONE',  ( 0.000000000000000000, 0.000000000000000000, 1.000000000000000000 ) ) ;
#222 = B_SPLINE_CURVE_WITH_KNOTS ( 'NONE', 3,
 ( #1398, #2163, #577, #3449, #2481, #1861, #1210, #1529, #883, #4078, #2810, #597, #1899, #1505, #1252, #4118, #944, #616, #2561, #3493, #3175, #924, #282 ),
 .UNSPECIFIED., .F., .F.,
 ( 4, 1, 1, 1, 1, 1, 1, 1, 1, 1, 1, 1, 1, 1, 1, 1, 1, 1, 1, 1, 4 ),
 ( 0.000000000000000000, 0.07341718910413176646, 0.1437253826319840333, 0.2114340723874598704, 0.2772166688952008018, 0.3396395325819210886, 0.3969250946675014768, 0.4501936163668892599, 0.4997323664609231719, 0.5476346839795819266, 0.5952691883098076842, 0.6432179811272450420, 0.6919195927998020856, 0.7181007705444277800, 0.7477824883261743327, 0.7811114796864634391, 0.8177386928779272202, 0.8580081390632968708, 0.9016389268421889369, 0.9489655032668083967, 1.000000000000000000 ),
 .UNSPECIFIED. ) ;
#223 = ORIENTED_EDGE ( 'NONE', *, *, #4133, .T. ) ;
#224 = CARTESIAN_POINT ( 'NONE',  ( 4.926695432815551889, 4.831311606014268456, 2.000000000000000888 ) ) ;
#225 = CARTESIAN_POINT ( 'NONE',  ( -9.850000000000001421, 1.206274178563630046E-15, -38.27029455835942429 ) ) ;
#226 = CARTESIAN_POINT ( 'NONE',  ( -0.9888569496118871927, 1.696841978194023604, -8.000000000000000000 ) ) ;
#227 = CARTESIAN_POINT ( 'NONE',  ( -0.3902481199766430486, 5.158606322884248030, 1.999999999999999556 ) ) ;
#228 = ORIENTED_EDGE ( 'NONE', *, *, #1992, .F. ) ;
#229 = VERTEX_POINT ( 'NONE', #575 ) ;
#230 = CARTESIAN_POINT ( 'NONE',  ( 3.754478741437122569, 5.692185236726109210, 1.400000000000000577 ) ) ;
#231 = CARTESIAN_POINT ( 'NONE',  ( 6.059887906135044133, 7.245316656562069468, 2.000000000000000000 ) ) ;
#232 = CARTESIAN_POINT ( 'NONE',  ( 0.1339308389924615261, 3.674850270083637849, -8.000000000000000000 ) ) ;
#233 = AXIS2_PLACEMENT_3D ( 'NONE', #354, #917, #3872 ) ;
#234 = CARTESIAN_POINT ( 'NONE',  ( -1.777133259150872391, 3.500229848203908922, -7.799999999999998934 ) ) ;
#235 = CARTESIAN_POINT ( 'NONE',  ( -0.1649816345070097556, 1.584810824220216352, -8.000000000000001776 ) ) ;
#236 = CARTESIAN_POINT ( 'NONE',  ( -1.533736072408998119, 4.320088119809827099, -8.000000000000003553 ) ) ;
#237 = ORIENTED_EDGE ( 'NONE', *, *, #3362, .F. ) ;
#238 = FACE_BOUND ( 'NONE', #3591, .T. ) ;
#239 = CARTESIAN_POINT ( 'NONE',  ( -0.9214527470371829398, 7.173644963345278569, 2.000000000000000000 ) ) ;
#240 = EDGE_CURVE ( 'NONE', #700, #834, #1136, .T. ) ;
#241 = CARTESIAN_POINT ( 'NONE',  ( 5.073664579015853882, 3.456706664035845034, 1.400000000000000133 ) ) ;
#242 = CARTESIAN_POINT ( 'NONE',  ( 0.01291872809915063300, 7.275925436580882533, 1.400000000000000133 ) ) ;
#243 = CARTESIAN_POINT ( 'NONE',  ( -2.537477830217260255, 3.710246457469303483, -8.000000000000001776 ) ) ;
#244 = DIRECTION ( 'NONE',  ( -0.000000000000000000, -0.000000000000000000, -1.000000000000000000 ) ) ;
#245 = ADVANCED_FACE ( 'NONE', ( #2438 ), #3712, .F. ) ;
#246 = CARTESIAN_POINT ( 'NONE',  ( -0.3613281526696695556, 5.373555246842107280, 1.400000000000000133 ) ) ;
#247 = CARTESIAN_POINT ( 'NONE',  ( -0.1771711282169113333, 1.824953065759994830, -7.800000000000000711 ) ) ;
#248 = CARTESIAN_POINT ( 'NONE',  ( -0.4119535841043864832, 4.702652340691308552, 2.000000000000000444 ) ) ;
#249 = CARTESIAN_POINT ( 'NONE',  ( -2.410167142271297358, -2.154566689983130168, 2.000000000000000444 ) ) ;
#250 = FACE_BOUND ( 'NONE', #1509, .T. ) ;
#251 = CARTESIAN_POINT ( 'NONE',  ( 5.735970430922379570, 7.273951563610323134, 1.400000000000000133 ) ) ;
#252 = PLANE ( 'NONE',  #3253 ) ;
#253 = ORIENTED_EDGE ( 'NONE', *, *, #1427, .F. ) ;
#254 = CARTESIAN_POINT ( 'NONE',  ( -1.576789558257138069, -2.916178182018840381, 1.400000000000000133 ) ) ;
#255 = ORIENTED_EDGE ( 'NONE', *, *, #3642, .T. ) ;
#256 = B_SPLINE_SURFACE_WITH_KNOTS ( 'NONE', 3, 1, ( 
 ( #363, #638 ),
 ( #408, #1660 ),
 ( #326, #1618 ),
 ( #345, #2979 ),
 ( #6, #3881 ),
 ( #1709, #986 ),
 ( #44, #3573 ),
 ( #1005, #2308 ),
 ( #90, #430 ),
 ( #3671, #2397 ),
 ( #492, #3021 ),
 ( #3045, #2073 ),
 ( #4032, #1457 ),
 ( #153, #1094 ),
 ( #2053, #1773 ),
 ( #4009, #1137 ),
 ( #777, #2417 ),
 ( #109, #452 ),
 ( #2727, #1114 ) ),
 .UNSPECIFIED., .F., .F., .F.,
 ( 4, 1, 1, 1, 1, 1, 1, 1, 1, 1, 1, 1, 1, 1, 1, 1, 4 ),
 ( 2, 2 ),
 ( 0.000000000000000000, 0.06833157958967923939, 0.1342348527815865056, 0.1975946106969344584, 0.2604882456957057779, 0.3220997330919143642, 0.3844051038514996188, 0.4467359209551155508, 0.5109931118931115845, 0.5753270344068194264, 0.6373034949318282516, 0.6974710224329669916, 0.7574743337423026635, 0.8171744251021129113, 0.8770689894131800113, 0.9375985530526442790, 1.000000000000000000 ),
 ( 0.000000000000000000, 1.000000000000000000 ),
 .UNSPECIFIED. ) ;
#257 = AXIS2_PLACEMENT_3D ( 'NONE', #1838, #1813, #3109 ) ;
#258 = CARTESIAN_POINT ( 'NONE',  ( 12.34999999999999964, 2.801379553049570458E-15, 2.000000000000000000 ) ) ;
#259 = ORIENTED_EDGE ( 'NONE', *, *, #240, .F. ) ;
#260 = CARTESIAN_POINT ( 'NONE',  ( 7.051593547661359374, 6.706036940550442083, 1.400000000000000133 ) ) ;
#261 = VECTOR ( 'NONE', #3300, 1000.000000000000000 ) ;
#262 = CARTESIAN_POINT ( 'NONE',  ( -2.592781723131460048, 5.914943907494232711, 2.000000000000000000 ) ) ;
#263 = CARTESIAN_POINT ( 'NONE',  ( 5.604776431629393763, 3.379806081847907429, 2.000000000000000000 ) ) ;
#264 = CARTESIAN_POINT ( 'NONE',  ( 7.298628327629219648, 4.246017190081588843, 1.400000000000000133 ) ) ;
#265 = CARTESIAN_POINT ( 'NONE',  ( 5.740921130347322432, 3.380008799615956239, 2.000000000000000000 ) ) ;
#266 = EDGE_LOOP ( 'NONE', ( #1189, #2235, #1623, #683 ) ) ;
#267 = CARTESIAN_POINT ( 'NONE',  ( 5.331399777452616284, 4.500689544611732096, 1.399999999999999689 ) ) ;
#268 = CIRCLE ( 'NONE', #1677, 13.35000000000000142 ) ;
#269 = CARTESIAN_POINT ( 'NONE',  ( -0.3157598911468103564, 5.537764900186234129, 1.400000000000000133 ) ) ;
#270 = LINE ( 'NONE', #1292, #3916 ) ;
#271 = CARTESIAN_POINT ( 'NONE',  ( -2.714952196508892968, 5.553854587767534490, 2.000000000000000444 ) ) ;
#272 = MANIFOLD_SOLID_BREP ( 'Fillet3', #4023 ) ;
#273 = EDGE_CURVE ( 'NONE', #1435, #1313, #3691, .T. ) ;
#274 = CARTESIAN_POINT ( 'NONE',  ( 5.107959583884817967, 7.199043964504385329, 1.999999999999999556 ) ) ;
#275 = CARTESIAN_POINT ( 'NONE',  ( -2.537477830217260255, 3.710246457469303483, -7.800000000000002487 ) ) ;
#276 = CARTESIAN_POINT ( 'NONE',  ( -0.06643917308134131283, 0.9212572763480387783, -7.999999999999998224 ) ) ;
#277 = CARTESIAN_POINT ( 'NONE',  ( -1.594540153952206163, 3.783678316602519409, -7.800000000000000711 ) ) ;
#278 = ORIENTED_EDGE ( 'NONE', *, *, #4054, .T. ) ;
#279 = CARTESIAN_POINT ( 'NONE',  ( -2.410167142271297358, -2.154566689983130168, 1.400000000000000577 ) ) ;
#280 = DIRECTION ( 'NONE',  ( 1.000000000000000000, 0.000000000000000000, 0.000000000000000000 ) ) ;
#281 = CARTESIAN_POINT ( 'NONE',  ( -2.394619357639233836, 4.187024624078043544, -7.800000000000000711 ) ) ;
#282 = CARTESIAN_POINT ( 'NONE',  ( 3.011909179687500604, 3.654990503647748135, 1.400000000000000133 ) ) ;
#283 = CARTESIAN_POINT ( 'NONE',  ( 6.060666993066623931, 3.410050571356232574, 1.400000000000000133 ) ) ;
#284 = CARTESIAN_POINT ( 'NONE',  ( 6.750392881880939555, 3.697236139516939524, 2.000000000000000444 ) ) ;
#285 = AXIS2_PLACEMENT_3D ( 'NONE', #2579, #3817, #2558 ) ;
#286 = CARTESIAN_POINT ( 'NONE',  ( 4.783620461856617823, 5.351034949807558228, 1.400000000000000133 ) ) ;
#287 = CARTESIAN_POINT ( 'NONE',  ( -0.3902481199766430486, 5.158606322884248030, 2.000000000000000000 ) ) ;
#288 = CARTESIAN_POINT ( 'NONE',  ( -1.242079073600692807, 3.701374146540290511, -7.800000000000002487 ) ) ;
#289 = CARTESIAN_POINT ( 'NONE',  ( 0.9644774672285054695, 1.956785405036968850, -7.800000000000000711 ) ) ;
#290 = CARTESIAN_POINT ( 'NONE',  ( -2.547415968459849189, -1.921329670342290852, 2.000000000000000444 ) ) ;
#291 = B_SPLINE_SURFACE_WITH_KNOTS ( 'NONE', 3, 1, ( 
 ( #1804, #3099 ),
 ( #3078, #207 ),
 ( #183, #4020 ),
 ( #2084, #1470 ),
 ( #1149, #4066 ),
 ( #1429, #3725 ),
 ( #2429, #2387 ),
 ( #1104, #3703 ),
 ( #1494, #809 ),
 ( #830, #3393 ),
 ( #3370, #2128 ),
 ( #3416, #2063 ),
 ( #525, #483 ),
 ( #1175, #2472 ),
 ( #2107, #850 ),
 ( #3748, #3056 ),
 ( #1765, #3663 ),
 ( #1786, #2150 ),
 ( #3436, #548 ) ),
 .UNSPECIFIED., .F., .F., .F.,
 ( 4, 1, 1, 1, 1, 1, 1, 1, 1, 1, 1, 1, 1, 1, 1, 1, 4 ),
 ( 2, 2 ),
 ( 0.000000000000000000, 0.06963001001115828870, 0.1361645183060282427, 0.2014334164317538034, 0.2651404725783291227, 0.3276349053953566681, 0.3912834878663285498, 0.4551335782029526378, 0.5211512185189386415, 0.5865455023486721986, 0.6490399351656996885, 0.7100510743664284474, 0.7690012252589371045, 0.8272875842010319891, 0.8845622076186949734, 0.9419504873817096113, 1.000000000000000000 ),
 ( 0.000000000000000000, 1.000000000000000000 ),
 .UNSPECIFIED. ) ;
#292 = DIRECTION ( 'NONE',  ( 1.224646799147353207E-16, 1.000000000000000000, 0.000000000000000000 ) ) ;
#293 = CARTESIAN_POINT ( 'NONE',  ( 5.735970430922379570, 7.273951563610323134, 2.000000000000000000 ) ) ;
#294 = EDGE_CURVE ( 'NONE', #1085, #3190, #3086, .T. ) ;
#295 = CARTESIAN_POINT ( 'NONE',  ( -0.3924031872637115392, -1.152144999268597259, 1.400000000000000133 ) ) ;
#296 = CARTESIAN_POINT ( 'NONE',  ( -0.4133992991727929445, 4.520545286290785114, 1.400000000000000133 ) ) ;
#297 = EDGE_LOOP ( 'NONE', ( #2301, #969, #2334, #2252, #856, #4002 ) ) ;
#298 = EDGE_CURVE ( 'NONE', #3467, #1617, #1266, .T. ) ;
#299 = CARTESIAN_POINT ( 'NONE',  ( 0.01291872809915063300, 7.275925436580882533, 1.400000000000000133 ) ) ;
#300 = VECTOR ( 'NONE', #1490, 1000.000000000000000 ) ;
#301 = CARTESIAN_POINT ( 'NONE',  ( -2.493008403985962129, 4.025160629585466943, -7.800000000000000711 ) ) ;
#302 = CARTESIAN_POINT ( 'NONE',  ( 3.854083726035876900, 4.596022944138671740, 2.000000000000000444 ) ) ;
#303 = CARTESIAN_POINT ( 'NONE',  ( -1.251492913812374930, 3.897395078908703514, -7.800000000000000711 ) ) ;
#304 = CARTESIAN_POINT ( 'NONE',  ( 7.048347083637458432, 3.946863024514748020, 2.000000000000000444 ) ) ;
#305 = CARTESIAN_POINT ( 'NONE',  ( 5.331399777452616284, 4.500689544611732096, 1.999999999999999556 ) ) ;
#306 = CARTESIAN_POINT ( 'NONE',  ( -0.4133992991727929445, 4.520545286290785114, 1.400000000000000133 ) ) ;
#307 = CARTESIAN_POINT ( 'NONE',  ( -1.468282841510189840, 3.277540389283595701, -7.800000000000000711 ) ) ;
#308 = ORIENTED_EDGE ( 'NONE', *, *, #873, .T. ) ;
#309 = CARTESIAN_POINT ( 'NONE',  ( -2.836743951640059880, 4.868604589552248285, 2.000000000000000000 ) ) ;
#310 = EDGE_LOOP ( 'NONE', ( #2586, #848, #593, #3618 ) ) ;
#311 = CARTESIAN_POINT ( 'NONE',  ( 3.863050838912442497, 6.070747031765756141, 1.999999999999999556 ) ) ;
#312 = CARTESIAN_POINT ( 'NONE',  ( 0.000000000000000000, 1.166476076187853824E-15, 2.000000000000000000 ) ) ;
#313 = CARTESIAN_POINT ( 'NONE',  ( -0.2817108196625722205, 0.9360086096868671657, -7.800000000000002487 ) ) ;
#314 = DIRECTION ( 'NONE',  ( 0.000000000000000000, 0.000000000000000000, 1.000000000000000000 ) ) ;
#315 = ADVANCED_FACE ( 'NONE', ( #1160 ), #2248, .T. ) ;
#316 = CARTESIAN_POINT ( 'NONE',  ( 4.161847766804415372, 6.569419445881130137, 2.000000000000000000 ) ) ;
#317 = ORIENTED_EDGE ( 'NONE', *, *, #1168, .T. ) ;
#318 = CARTESIAN_POINT ( 'NONE',  ( -1.889825367647059107, 4.070966222426470438, -7.800000000000000711 ) ) ;
#319 = ADVANCED_FACE ( 'NONE', ( #1285 ), #614, .T. ) ;
#320 = CARTESIAN_POINT ( 'NONE',  ( 0.06828470566693553567, 5.740442325367648202, 2.000000000000000888 ) ) ;
#321 = APPLICATION_CONTEXT ( 'automotive_design' ) ;
#322 = VECTOR ( 'NONE', #3940, 1000.000000000000000 ) ;
#323 = PLANE ( 'NONE',  #3830 ) ;
#324 = CARTESIAN_POINT ( 'NONE',  ( 5.675012700697954493, 3.378160615808822431, 1.999999999999999556 ) ) ;
#325 = VECTOR ( 'NONE', #1883, 1000.000000000000000 ) ;
#326 = CARTESIAN_POINT ( 'NONE',  ( -1.241835198358159920, 3.829697209475906750, -7.800000000000002487 ) ) ;
#327 = CARTESIAN_POINT ( 'NONE',  ( -0.6846247557637608061, 4.224332211455093855, -7.999999999999996447 ) ) ;
#328 = CARTESIAN_POINT ( 'NONE',  ( 0.7663921725202931245, 4.123887217199784239, -7.799999999999998934 ) ) ;
#329 = ORIENTED_EDGE ( 'NONE', *, *, #1000, .T. ) ;
#330 = CARTESIAN_POINT ( 'NONE',  ( -2.031677332670113856, 6.633212866681734710, 2.000000000000000444 ) ) ;
#331 = B_SPLINE_CURVE_WITH_KNOTS ( 'NONE', 3,
 ( #2242, #957, #4149, #1265, #1607, #2556, #3835, #3206, #316, #1282, #2577, #3854, #3545, #648, #3223, #336, #1628, #2901, #16 ),
 .UNSPECIFIED., .F., .F.,
 ( 4, 1, 1, 1, 1, 1, 1, 1, 1, 1, 1, 1, 1, 1, 1, 1, 4 ),
 ( 0.000000000000000000, 0.06833157958967953083, 0.1342348527815868109, 0.1975946106969344862, 0.2604882456957052783, 0.3220997330919142532, 0.3844051038514997853, 0.4467359209551151067, 0.5109931118931118066, 0.5753270344068197595, 0.6373034949318281406, 0.6974710224329671027, 0.7574743337423028855, 0.8171744251021130223, 0.8770689894131802333, 0.9375985530526443901, 1.000000000000000000 ),
 .UNSPECIFIED. ) ;
#332 = CARTESIAN_POINT ( 'NONE',  ( 3.011909179687500604, 0.2776658720128675761, 1.400000000000000133 ) ) ;
#333 = CARTESIAN_POINT ( 'NONE',  ( 6.255711179279164647, 1.000000000000001998, -7.500000000000000000 ) ) ;
#334 = CARTESIAN_POINT ( 'NONE',  ( 7.586853780418409521, 5.715202707332268872, 2.000000000000000888 ) ) ;
#335 = CARTESIAN_POINT ( 'NONE',  ( -2.142781789478129016E-31, 1.166476076187853824E-15, -8.000000000000000000 ) ) ;
#336 = CARTESIAN_POINT ( 'NONE',  ( 5.289265291076692854, 7.244249723219122750, 1.999999999999999112 ) ) ;
#337 = CARTESIAN_POINT ( 'NONE',  ( -0.2321925320720315544, 7.270752386582676863, 1.999999999999999556 ) ) ;
#338 = EDGE_LOOP ( 'NONE', ( #3989, #1621, #1674, #3455 ) ) ;
#339 = CARTESIAN_POINT ( 'NONE',  ( -1.594540153952206163, 3.783678316602519409, -7.800000000000000711 ) ) ;
#340 = ORIENTED_EDGE ( 'NONE', *, *, #3332, .F. ) ;
#341 = CARTESIAN_POINT ( 'NONE',  ( -2.466344444837662575, 4.081664639335975231, -8.000000000000001776 ) ) ;
#342 = CARTESIAN_POINT ( 'NONE',  ( 0.5119483479041339047, -1.134010188484711801, 1.999999999999999556 ) ) ;
#343 = CARTESIAN_POINT ( 'NONE',  ( 2.813624661227159596, -1.659056915669599563, 1.999999999999999556 ) ) ;
#344 = EDGE_CURVE ( 'NONE', #719, #2671, #921, .T. ) ;
#345 = CARTESIAN_POINT ( 'NONE',  ( -1.251492913812374930, 3.897395078908703514, -7.800000000000000711 ) ) ;
#346 = CARTESIAN_POINT ( 'NONE',  ( -0.9828129897201223208, 3.674447503516573565, -7.800000000000004263 ) ) ;
#347 = DIRECTION ( 'NONE',  ( 1.000000000000000000, 6.938893903907234689E-15, 0.000000000000000000 ) ) ;
#348 = EDGE_LOOP ( 'NONE', ( #2444, #3408, #2578, #727 ) ) ;
#349 = AXIS2_PLACEMENT_3D ( 'NONE', #3250, #3594, #3926 ) ;
#350 = CARTESIAN_POINT ( 'NONE',  ( 0.8033890474237666002, 1.281811103338956315, -7.800000000000002487 ) ) ;
#351 = CARTESIAN_POINT ( 'NONE',  ( 5.604805304638002639, 7.274034649613531300, 2.000000000000000444 ) ) ;
#352 = CARTESIAN_POINT ( 'NONE',  ( -2.529220224367675574, 3.646171014693662116, -7.999999999999998224 ) ) ;
#353 = CARTESIAN_POINT ( 'NONE',  ( 0.1142040765463363250, 5.738566855073826467, 1.999999999999999556 ) ) ;
#354 = CARTESIAN_POINT ( 'NONE',  ( 0.000000000000000000, -4.000000000000000000, -38.27029455835942429 ) ) ;
#355 = CARTESIAN_POINT ( 'NONE',  ( -0.8210861088693969245, 4.093930577862482600, -8.000000000000001776 ) ) ;
#356 = CARTESIAN_POINT ( 'NONE',  ( 6.552074752509041033, 5.385805021353212929, 1.400000000000000133 ) ) ;
#357 = ORIENTED_EDGE ( 'NONE', *, *, #2363, .F. ) ;
#358 = B_SPLINE_SURFACE_WITH_KNOTS ( 'NONE', 3, 1, ( 
 ( #3937, #2060 ),
 ( #746, #3030 ),
 ( #3264, #765 ),
 ( #373, #2942 ),
 ( #1670, #1385 ),
 ( #1425, #416 ),
 ( #3343, #3915 ),
 ( #1015, #2964 ),
 ( #1739, #2653 ),
 ( #3604, #705 ),
 ( #3660, #2001 ) ),
 .UNSPECIFIED., .F., .F., .F.,
 ( 4, 1, 1, 1, 1, 1, 1, 1, 4 ),
 ( 2, 2 ),
 ( 0.000000000000000000, 0.1266042765279084825, 0.2496192610236181164, 0.3719166998245290179, 0.4999999999999998890, 0.6280833001754712042, 0.7503807389763818003, 0.8733957234720914897, 1.000000000000000000 ),
 ( 0.000000000000000000, 1.000000000000000000 ),
 .UNSPECIFIED. ) ;
#359 = CARTESIAN_POINT ( 'NONE',  ( -2.302575691596340679, 4.279840639398656776, -8.000000000000003553 ) ) ;
#360 = CARTESIAN_POINT ( 'NONE',  ( -2.137650052900032627, 3.940592879848956454, -7.800000000000002487 ) ) ;
#361 = CARTESIAN_POINT ( 'NONE',  ( -6.238087100639758020, 1.186915887850467755, 0.000000000000000000 ) ) ;
#362 = EDGE_CURVE ( 'NONE', #1519, #2705, #1828, .T. ) ;
#363 = CARTESIAN_POINT ( 'NONE',  ( -1.240197897518382719, 3.759686392989812553, -7.800000000000000711 ) ) ;
#364 = CARTESIAN_POINT ( 'NONE',  ( -0.9953601073972397906, 3.547733486149756921, -7.999999999999998224 ) ) ;
#365 = LINE ( 'NONE', #27, #482 ) ;
#366 = VERTEX_POINT ( 'NONE', #320 ) ;
#367 = DIRECTION ( 'NONE',  ( 0.000000000000000000, 0.000000000000000000, 1.000000000000000000 ) ) ;
#368 = ORIENTED_EDGE ( 'NONE', *, *, #31, .T. ) ;
#369 = FACE_OUTER_BOUND ( 'NONE', #3697, .T. ) ;
#370 = EDGE_CURVE ( 'NONE', #194, #736, #960, .T. ) ;
#371 = CARTESIAN_POINT ( 'NONE',  ( -0.02276156855564445344, 3.913480775122548216, -7.800000000000000711 ) ) ;
#372 = CARTESIAN_POINT ( 'NONE',  ( -0.003383906657769497617, 1.433558138672202054, -8.000000000000000000 ) ) ;
#373 = CARTESIAN_POINT ( 'NONE',  ( 6.011154682189807197, 4.500044161263774711, 1.400000000000000133 ) ) ;
#374 = CARTESIAN_POINT ( 'NONE',  ( 12.34999999999999964, -5.500000000000004441, 1.000000000000000000 ) ) ;
#375 = VERTEX_POINT ( 'NONE', #672 ) ;
#376 = VERTEX_POINT ( 'NONE', #1970 ) ;
#377 = CARTESIAN_POINT ( 'NONE',  ( 6.011154682189808085, 6.154041891125928920, 2.000000000000000000 ) ) ;
#378 = CARTESIAN_POINT ( 'NONE',  ( 0.4871273209369177404, 5.389588529691526020, 1.400000000000000577 ) ) ;
#379 = ORIENTED_EDGE ( 'NONE', *, *, #952, .T. ) ;
#380 = CARTESIAN_POINT ( 'NONE',  ( -1.432734239607713178, 4.237766656497261586, -7.800000000000002487 ) ) ;
#381 = CARTESIAN_POINT ( 'NONE',  ( -1.598128691485859676, 3.835900990530466181, -7.999999999999998224 ) ) ;
#382 = CARTESIAN_POINT ( 'NONE',  ( -0.3683445395827049107, -1.376114843198787518, 1.999999999999999556 ) ) ;
#383 = B_SPLINE_CURVE_WITH_KNOTS ( 'NONE', 3,
 ( #609, #1890, #4146, #1871, #2492, #3811, #3168, #1279, #2513, #2217, #1261, #3147, #914, #2551, #2823, #3851, #4109, #3771, #3832 ),
 .UNSPECIFIED., .F., .F.,
 ( 4, 1, 1, 1, 1, 1, 1, 1, 1, 1, 1, 1, 1, 1, 1, 1, 4 ),
 ( 0.000000000000000000, 0.06963001001115828870, 0.1361645183060282427, 0.2014334164317538034, 0.2651404725783291227, 0.3276349053953566681, 0.3912834878663285498, 0.4551335782029526378, 0.5211512185189386415, 0.5865455023486721986, 0.6490399351656996885, 0.7100510743664284474, 0.7690012252589371045, 0.8272875842010319891, 0.8845622076186949734, 0.9419504873817096113, 1.000000000000000000 ),
 .UNSPECIFIED. ) ;
#384 = CARTESIAN_POINT ( 'NONE',  ( 6.496474967872253536, 4.985364446946220163, 1.400000000000000133 ) ) ;
#385 = CARTESIAN_POINT ( 'NONE',  ( 4.841807541570286588, 5.661768974754783024, 1.999999999999999112 ) ) ;
#386 = LINE ( 'NONE', #2956, #261 ) ;
#387 = CARTESIAN_POINT ( 'NONE',  ( -0.9441252652336493689, 3.862466594401269937, -7.799999999999998934 ) ) ;
#388 = CARTESIAN_POINT ( 'NONE',  ( 0.9602021743198003723, 3.433911473131513237, -7.800000000000000711 ) ) ;
#389 = CARTESIAN_POINT ( 'NONE',  ( 3.011021070576788805, 0.006955954054646325095, 1.400000000000000133 ) ) ;
#390 = VECTOR ( 'NONE', #835, 1000.000000000000000 ) ;
#391 = EDGE_CURVE ( 'NONE', #1985, #376, #991, .T. ) ;
#392 = CARTESIAN_POINT ( 'NONE',  ( 4.404848524530566856, 3.832621167850784882, 2.000000000000000000 ) ) ;
#393 = CARTESIAN_POINT ( 'NONE',  ( 0.05870465470771742827, 3.897814702794125452, -7.799999999999997158 ) ) ;
#394 = CARTESIAN_POINT ( 'NONE',  ( 0.8033890474237666002, 1.281811103338956315, -7.800000000000002487 ) ) ;
#395 = CARTESIAN_POINT ( 'NONE',  ( -2.185110581341912273, 3.775681008731617272, -7.800000000000000711 ) ) ;
#396 = CARTESIAN_POINT ( 'NONE',  ( -1.832203407260645678, 3.483574223447402751, -7.999999999999998224 ) ) ;
#397 = EDGE_CURVE ( 'NONE', #1037, #1313, #754, .T. ) ;
#398 = ORIENTED_EDGE ( 'NONE', *, *, #298, .F. ) ;
#399 = CARTESIAN_POINT ( 'NONE',  ( 6.298452462108373950, 5.956019385362048446, 1.999999999999999556 ) ) ;
#400 = CARTESIAN_POINT ( 'NONE',  ( -0.1706494493013769875, 1.621996603838429030, -7.800000000000000711 ) ) ;
#401 = ORIENTED_EDGE ( 'NONE', *, *, #3419, .F. ) ;
#402 = CARTESIAN_POINT ( 'NONE',  ( 0.4871273209369177404, 5.389588529691526020, 1.999999999999999112 ) ) ;
#403 = DIRECTION ( 'NONE',  ( 0.000000000000000000, 0.000000000000000000, 1.000000000000000000 ) ) ;
#404 = CARTESIAN_POINT ( 'NONE',  ( -0.02276156855564445344, 3.913480775122548216, -7.800000000000000711 ) ) ;
#405 = CARTESIAN_POINT ( 'NONE',  ( 6.164211716293194421, 4.583568970435936585, 1.400000000000001021 ) ) ;
#406 = CARTESIAN_POINT ( 'NONE',  ( 0.8451324589877197146, -3.191974170939399613, 2.000000000000000444 ) ) ;
#407 = ORIENTED_EDGE ( 'NONE', *, *, #421, .F. ) ;
#408 = CARTESIAN_POINT ( 'NONE',  ( -1.240750206957492496, 3.783303088129557068, -7.800000000000000711 ) ) ;
#409 = CARTESIAN_POINT ( 'NONE',  ( -1.001876698010667477, 3.395116100358075872, -7.800000000000000711 ) ) ;
#410 = CARTESIAN_POINT ( 'NONE',  ( 0.8040999898711530536, 4.076230426163278686, -7.799999999999998934 ) ) ;
#411 = ORIENTED_EDGE ( 'NONE', *, *, #2237, .F. ) ;
#412 = CARTESIAN_POINT ( 'NONE',  ( 3.011606435190438358, 0.1853844879201612672, 1.999999999999999556 ) ) ;
#413 = CARTESIAN_POINT ( 'NONE',  ( -0.1771711282169113333, 1.824953065759994830, -8.000000000000000000 ) ) ;
#414 = AXIS2_PLACEMENT_3D ( 'NONE', #814, #3062, #468 ) ;
#415 = CARTESIAN_POINT ( 'NONE',  ( 0.07306449997577396660, 0.9235358931884081191, -7.800000000000000711 ) ) ;
#416 = CARTESIAN_POINT ( 'NONE',  ( 6.298452462108372174, 4.698066667027650745, 1.999999999999999112 ) ) ;
#417 = CARTESIAN_POINT ( 'NONE',  ( -0.02276156855564445344, 3.913480775122548216, -7.800000000000000711 ) ) ;
#418 = ORIENTED_EDGE ( 'NONE', *, *, #184, .T. ) ;
#419 = EDGE_LOOP ( 'NONE', ( #3000, #434, #2273, #1608 ) ) ;
#420 = CARTESIAN_POINT ( 'NONE',  ( 5.728238098099536657, 6.209641675762717306, 2.000000000000000000 ) ) ;
#421 = EDGE_CURVE ( 'NONE', #2948, #700, #600, .T. ) ;
#422 = CARTESIAN_POINT ( 'NONE',  ( 0.4028039230822947347, 5.631099837855596313, 1.400000000000000133 ) ) ;
#423 = CARTESIAN_POINT ( 'NONE',  ( 0.06828470566693553567, 5.740442325367648202, 1.999999999999999112 ) ) ;
#424 = CARTESIAN_POINT ( 'NONE',  ( -0.07273757393865537546, -1.696723322005215584, 1.400000000000000577 ) ) ;
#425 = EDGE_CURVE ( 'NONE', #71, #3504, #3333, .T. ) ;
#426 = CARTESIAN_POINT ( 'NONE',  ( 5.669476102941175988, 6.212898667279410425, 1.400000000000000133 ) ) ;
#427 = CARTESIAN_POINT ( 'NONE',  ( 0.2044086377882850525, 0.9360700886658211983, -8.000000000000000000 ) ) ;
#428 = VERTEX_POINT ( 'NONE', #447 ) ;
#429 = B_SPLINE_CURVE_WITH_KNOTS ( 'NONE', 3,
 ( #3339, #454, #3276, #2462, #2118, #2750, #1116, #3673, #3428, #1418, #1816, #3067, #1096, #3381, #494, #779, #2075, #3360, #1775 ),
 .UNSPECIFIED., .F., .F.,
 ( 4, 1, 1, 1, 1, 1, 1, 1, 1, 1, 1, 1, 1, 1, 1, 1, 4 ),
 ( 0.000000000000000000, 0.06506970706675933858, 0.1282269660845278547, 0.1896808071077965285, 0.2507770030400465755, 0.3116117728367081563, 0.3734387681968276418, 0.4361528532939895619, 0.5008904915876534192, 0.5652211915233504858, 0.6279352766205128500, 0.6897622719806314473, 0.7503374773177828860, 0.8110649756892599482, 0.8723742365957661837, 0.9355314956135346582, 1.000000000000000000 ),
 .UNSPECIFIED. ) ;
#430 = CARTESIAN_POINT ( 'NONE',  ( -1.387282588934804828, 4.189806481960378193, -7.999999999999996447 ) ) ;
#431 = VECTOR ( 'NONE', #4106, 1000.000000000000000 ) ;
#432 = CARTESIAN_POINT ( 'NONE',  ( 0.2988566911173334839, -1.653991612885749252, 1.999999999999999112 ) ) ;
#433 = CARTESIAN_POINT ( 'NONE',  ( 0.9643811986416621629, 3.255859488830439297, -7.999999999999994671 ) ) ;
#434 = ORIENTED_EDGE ( 'NONE', *, *, #1397, .T. ) ;
#435 = LINE ( 'NONE', #741, #3783 ) ;
#436 = VERTEX_POINT ( 'NONE', #3901 ) ;
#437 = CARTESIAN_POINT ( 'NONE',  ( -2.493198700644664534, 3.525777595214709237, -8.000000000000000000 ) ) ;
#438 = CARTESIAN_POINT ( 'NONE',  ( -0.01845532585592786490, 1.433084980085783888, -8.000000000000000000 ) ) ;
#439 = FACE_OUTER_BOUND ( 'NONE', #3336, .T. ) ;
#440 = CARTESIAN_POINT ( 'NONE',  ( -1.726138954152871108, 3.527359723887625087, -7.800000000000002487 ) ) ;
#441 = VERTEX_POINT ( 'NONE', #2953 ) ;
#442 = CARTESIAN_POINT ( 'NONE',  ( -2.247538420843296691, -2.378429038705076159, 1.399999999999999689 ) ) ;
#443 = CARTESIAN_POINT ( 'NONE',  ( 6.238087100639758020, 1.186915887850469975, -7.500000000000000000 ) ) ;
#444 = CARTESIAN_POINT ( 'NONE',  ( 6.164211716293192644, 6.070517081953770600, 2.000000000000000444 ) ) ;
#445 = CARTESIAN_POINT ( 'NONE',  ( 9.850000000000001421, -4.271756559592888259E-15, 0.000000000000000000 ) ) ;
#446 = EDGE_CURVE ( 'NONE', #1730, #1537, #2303, .T. ) ;
#447 = CARTESIAN_POINT ( 'NONE',  ( 3.720593692555146603, 5.279059178969437660, 2.000000000000000000 ) ) ;
#448 = CARTESIAN_POINT ( 'NONE',  ( -0.04885953579955967796, 4.424105428669376394, -7.799999999999998934 ) ) ;
#449 = CARTESIAN_POINT ( 'NONE',  ( 4.787191449777886021, 5.403002230646652748, 1.400000000000000577 ) ) ;
#450 = EDGE_CURVE ( 'NONE', #176, #992, #1071, .T. ) ;
#451 = ORIENTED_EDGE ( 'NONE', *, *, #1908, .T. ) ;
#452 = CARTESIAN_POINT ( 'NONE',  ( -1.868268434879334139, 4.424678216537841990, -7.999999999999996447 ) ) ;
#453 = CARTESIAN_POINT ( 'NONE',  ( 0.5187853830514310705, -1.005002373543649519, 1.400000000000000577 ) ) ;
#454 = CARTESIAN_POINT ( 'NONE',  ( -1.911990143640793782, 4.424650521203441045, -7.800000000000000711 ) ) ;
#455 = CARTESIAN_POINT ( 'NONE',  ( -0.1757340795685372326, 1.713367051808187158, -7.800000000000000711 ) ) ;
#456 = EDGE_LOOP ( 'NONE', ( #866, #3887, #2475, #3430 ) ) ;
#457 = CARTESIAN_POINT ( 'NONE',  ( 0.1376337142381535150, 3.527764907453041499, -7.999999999999998224 ) ) ;
#458 = CARTESIAN_POINT ( 'NONE',  ( 1.484401331418255809, 6.992374253174050480, 1.400000000000000133 ) ) ;
#459 = CARTESIAN_POINT ( 'NONE',  ( -1.889825367647059107, 4.070966222426470438, -7.999999999999998224 ) ) ;
#460 = CARTESIAN_POINT ( 'NONE',  ( -0.06627069935308231574, 3.911703745499586216, -7.800000000000002487 ) ) ;
#461 = VECTOR ( 'NONE', #895, 1000.000000000000000 ) ;
#462 = DIRECTION ( 'NONE',  ( -0.000000000000000000, 0.000000000000000000, 1.000000000000000000 ) ) ;
#463 = CARTESIAN_POINT ( 'NONE',  ( -2.893795094209557828, 0.1226411348230695281, 2.000000000000000000 ) ) ;
#464 = CARTESIAN_POINT ( 'NONE',  ( 0.5118977653856281451, 5.173343035493037867, 1.400000000000000133 ) ) ;
#465 = CARTESIAN_POINT ( 'NONE',  ( 0.1988120980592496811, 5.735111236498759091, 1.999999999999998668 ) ) ;
#466 = CARTESIAN_POINT ( 'NONE',  ( -2.196848794988070619, 4.351359397897606840, -8.000000000000003553 ) ) ;
#467 = CARTESIAN_POINT ( 'NONE',  ( -0.004306242699716154865, 4.425308478860293881, -7.800000000000000711 ) ) ;
#468 = DIRECTION ( 'NONE',  ( 0.000000000000000000, 0.000000000000000000, 1.000000000000000000 ) ) ;
#469 = VERTEX_POINT ( 'NONE', #2928 ) ;
#470 = CARTESIAN_POINT ( 'NONE',  ( 0.02424585797955260830, 1.434425559331593991, -7.799999999999998934 ) ) ;
#471 = DIRECTION ( 'NONE',  ( 1.000000000000000000, 1.836970198721029934E-16, -0.000000000000000000 ) ) ;
#472 = EDGE_CURVE ( 'NONE', #1715, #1093, #33, .T. ) ;
#473 = CARTESIAN_POINT ( 'NONE',  ( 2.053874267291283751, 6.672996634365278901, 1.999999999999999556 ) ) ;
#474 = CARTESIAN_POINT ( 'NONE',  ( -1.889825367647059107, 3.480395795036764106, -7.999999999999998224 ) ) ;
#475 = CARTESIAN_POINT ( 'NONE',  ( -1.613935847190096418, 3.887256324918261008, -7.999999999999998224 ) ) ;
#476 = ORIENTED_EDGE ( 'NONE', *, *, #2411, .F. ) ;
#477 = CARTESIAN_POINT ( 'NONE',  ( -1.889825367647059107, 3.480395795036764106, -7.799999999999999822 ) ) ;
#478 = CARTESIAN_POINT ( 'NONE',  ( 1.150300049544685788, 7.119151285416070785, 1.400000000000000133 ) ) ;
#479 = CARTESIAN_POINT ( 'NONE',  ( -0.9935978559613163341, 1.763416898568275881, -7.999999999999998224 ) ) ;
#480 = CARTESIAN_POINT ( 'NONE',  ( -1.889825367647059107, 4.425308478860293881, -7.800000000000000711 ) ) ;
#481 = DIRECTION ( 'NONE',  ( 1.000000000000000000, 0.000000000000000000, 0.000000000000000000 ) ) ;
#482 = VECTOR ( 'NONE', #3617, 1000.000000000000000 ) ;
#483 = CARTESIAN_POINT ( 'NONE',  ( -1.311248504541605797, 3.478206214159940579, -8.000000000000003553 ) ) ;
#484 = CARTESIAN_POINT ( 'NONE',  ( -0.1769952447186194655, 1.805062977010320813, -7.800000000000002487 ) ) ;
#485 = CARTESIAN_POINT ( 'NONE',  ( 0.5263091744693552121, 4.881673616539929483, 1.400000000000001021 ) ) ;
#486 = VECTOR ( 'NONE', #3192, 1000.000000000000000 ) ;
#487 = ORIENTED_EDGE ( 'NONE', *, *, #1616, .T. ) ;
#488 = FACE_BOUND ( 'NONE', #2311, .T. ) ;
#489 = CARTESIAN_POINT ( 'NONE',  ( -0.6846247557637608061, 4.224332211455093855, -7.800000000000000711 ) ) ;
#490 = CARTESIAN_POINT ( 'NONE',  ( 9.849999999999999645, -4.000000000000000000, -38.27029455835942429 ) ) ;
#491 = EDGE_LOOP ( 'NONE', ( #72, #1793, #2959, #1036 ) ) ;
#492 = CARTESIAN_POINT ( 'NONE',  ( -1.481945408166822631, 4.281582907839474927, -7.800000000000000711 ) ) ;
#493 = CARTESIAN_POINT ( 'NONE',  ( 2.995621321939303972, 4.423999849327500122, 2.000000000000000444 ) ) ;
#494 = CARTESIAN_POINT ( 'NONE',  ( -2.514151374198680511, 3.966524107432846336, -7.800000000000002487 ) ) ;
#495 = DIRECTION ( 'NONE',  ( 1.000000000000000000, 0.000000000000000000, 0.000000000000000000 ) ) ;
#496 = ORIENTED_EDGE ( 'NONE', *, *, #3074, .F. ) ;
#497 = EDGE_CURVE ( 'NONE', #897, #3910, #2681, .T. ) ;
#498 = FACE_OUTER_BOUND ( 'NONE', #2437, .T. ) ;
#499 = CARTESIAN_POINT ( 'NONE',  ( 2.053874267291283751, 6.672996634365278901, 1.999999999999999556 ) ) ;
#500 = CARTESIAN_POINT ( 'NONE',  ( -0.4772711924489133062, 0.9856016257794870672, -8.000000000000001776 ) ) ;
#501 = CARTESIAN_POINT ( 'NONE',  ( 3.720593692555146603, 5.279059178969437660, 1.400000000000000133 ) ) ;
#502 = EDGE_CURVE ( 'NONE', #3322, #517, #1248, .T. ) ;
#503 = DIRECTION ( 'NONE',  ( -0.000000000000000000, 0.000000000000000000, -1.000000000000000000 ) ) ;
#504 = CARTESIAN_POINT ( 'NONE',  ( -0.9828129897201223208, 3.674447503516573565, -8.000000000000003553 ) ) ;
#505 = CARTESIAN_POINT ( 'NONE',  ( 0.1148305958587073627, 3.818330028777437324, -8.000000000000000000 ) ) ;
#506 = CARTESIAN_POINT ( 'NONE',  ( -0.1758321409677657821, 0.9238102375921888321, -7.800000000000000711 ) ) ;
#507 = ORIENTED_EDGE ( 'NONE', *, *, #2995, .T. ) ;
#508 = FACE_OUTER_BOUND ( 'NONE', #2283, .T. ) ;
#509 = CARTESIAN_POINT ( 'NONE',  ( 5.669476102941175988, 4.441187385110293206, 2.000000000000000000 ) ) ;
#510 = CYLINDRICAL_SURFACE ( 'NONE', #3651, 6.349999999999999645 ) ;
#511 = ORIENTED_EDGE ( 'NONE', *, *, #3543, .T. ) ;
#512 = DIRECTION ( 'NONE',  ( 0.000000000000000000, 1.000000000000000000, 0.000000000000000000 ) ) ;
#513 = CARTESIAN_POINT ( 'NONE',  ( -2.880606522959398674, 4.301734419394539266, 2.000000000000000000 ) ) ;
#514 = CARTESIAN_POINT ( 'NONE',  ( 0.1148305958587073627, 3.818330028777437324, -7.800000000000000711 ) ) ;
#515 = CARTESIAN_POINT ( 'NONE',  ( -2.862842578180626596, 4.595971571286026958, 1.399999999999999689 ) ) ;
#516 = DIRECTION ( 'NONE',  ( -0.000000000000000000, 0.000000000000000000, 1.000000000000000000 ) ) ;
#517 = VERTEX_POINT ( 'NONE', #2743 ) ;
#518 = EDGE_LOOP ( 'NONE', ( #2779, #3120, #1819, #3920 ) ) ;
#519 = CARTESIAN_POINT ( 'NONE',  ( 9.850000000000001421, 2.646977959553390977E-21, -4.999999999999997335 ) ) ;
#520 = CARTESIAN_POINT ( 'NONE',  ( 2.986080322191721592, 4.643200458449270762, 2.000000000000000000 ) ) ;
#521 = CARTESIAN_POINT ( 'NONE',  ( 0.8863681759968831120, 3.913865812844108838, -7.799999999999998934 ) ) ;
#522 = CARTESIAN_POINT ( 'NONE',  ( 0.06828470566693553567, 5.740442325367648202, 2.000000000000000888 ) ) ;
#523 = ORIENTED_EDGE ( 'NONE', *, *, #2588, .F. ) ;
#524 = CARTESIAN_POINT ( 'NONE',  ( -1.003969726562499387, 2.092555290670955692, -7.800000000000000711 ) ) ;
#525 = CARTESIAN_POINT ( 'NONE',  ( -1.311248504541605797, 3.478206214159940579, -7.800000000000004263 ) ) ;
#526 = AXIS2_PLACEMENT_3D ( 'NONE', #3819, #980, #4153 ) ;
#527 = CARTESIAN_POINT ( 'NONE',  ( -1.003969726562499609, 2.092555290670955692, -8.000000000000000000 ) ) ;
#528 = VERTEX_POINT ( 'NONE', #4025 ) ;
#529 = EDGE_CURVE ( 'NONE', #2909, #1223, #3909, .T. ) ;
#530 = CARTESIAN_POINT ( 'NONE',  ( -0.4128808909032228303, -0.5196037486156002139, 1.400000000000000577 ) ) ;
#531 = CARTESIAN_POINT ( 'NONE',  ( -2.251271245976370849, 4.319157213996427380, -7.999999999999998224 ) ) ;
#532 = AXIS2_PLACEMENT_3D ( 'NONE', #3483, #1910, #2173 ) ;
#533 = LINE ( 'NONE', #553, #1004 ) ;
#534 = CARTESIAN_POINT ( 'NONE',  ( 3.722250620872476379, 5.349909264388672980, 1.400000000000000133 ) ) ;
#535 = CARTESIAN_POINT ( 'NONE',  ( 7.616441868527673797, 5.392943664534009862, 1.400000000000000577 ) ) ;
#536 = CARTESIAN_POINT ( 'NONE',  ( -0.9214527470371829398, 7.173644963345278569, 1.400000000000000133 ) ) ;
#537 = CARTESIAN_POINT ( 'NONE',  ( 0.4949449035210316539, -1.245567527339349612, 1.999999999999999556 ) ) ;
#538 = CARTESIAN_POINT ( 'NONE',  ( -2.173374600754069519, 6.507643760289450796, 1.400000000000000133 ) ) ;
#539 = CARTESIAN_POINT ( 'NONE',  ( -2.538790008088461558, 3.753720605104804875, -8.000000000000000000 ) ) ;
#540 = VERTEX_POINT ( 'NONE', #1453 ) ;
#541 = FACE_OUTER_BOUND ( 'NONE', #419, .T. ) ;
#542 = CARTESIAN_POINT ( 'NONE',  ( 3.011909179687500604, 3.654990503647748135, 2.000000000000000000 ) ) ;
#543 = CARTESIAN_POINT ( 'NONE',  ( 0.9542808593935430128, 3.531990523762009282, -7.800000000000000711 ) ) ;
#544 = ORIENTED_EDGE ( 'NONE', *, *, #4152, .T. ) ;
#545 = CARTESIAN_POINT ( 'NONE',  ( -0.3613281526696695556, 5.373555246842107280, 2.000000000000000000 ) ) ;
#546 = ORIENTED_EDGE ( 'NONE', *, *, #3923, .F. ) ;
#547 = CARTESIAN_POINT ( 'NONE',  ( -2.893795094209558272, 0.1226411348230695558, 1.400000000000000577 ) ) ;
#548 = CARTESIAN_POINT ( 'NONE',  ( -1.240197897518382719, 3.759686392989812553, -8.000000000000000000 ) ) ;
#549 = CARTESIAN_POINT ( 'NONE',  ( -0.5667715126738208653, 1.024270313306631541, -7.800000000000000711 ) ) ;
#550 = CARTESIAN_POINT ( 'NONE',  ( -0.4128808909032228303, -0.5196037486156002139, 2.000000000000000000 ) ) ;
#551 = EDGE_CURVE ( 'NONE', #5, #3305, #792, .T. ) ;
#552 = CARTESIAN_POINT ( 'NONE',  ( -0.09961889703911035177, 1.448669462371416028, -7.999999999999998224 ) ) ;
#553 = CARTESIAN_POINT ( 'NONE',  ( 0.1993175192440267418, -3.236228170955882444, 1.400000000000000133 ) ) ;
#554 = FACE_OUTER_BOUND ( 'NONE', #1762, .T. ) ;
#555 = EDGE_CURVE ( 'NONE', #2904, #3037, #2722, .T. ) ;
#556 = SURFACE_STYLE_FILL_AREA ( #1113 ) ;
#557 = CARTESIAN_POINT ( 'NONE',  ( -2.592781723131460048, 5.914943907494232711, 1.400000000000000133 ) ) ;
#558 = CARTESIAN_POINT ( 'NONE',  ( 5.467426347322346558, 3.383023862379105573, 1.400000000000000577 ) ) ;
#559 = CARTESIAN_POINT ( 'NONE',  ( -0.7013012011071161345, 7.219478392831655711, 1.399999999999999689 ) ) ;
#560 = CARTESIAN_POINT ( 'NONE',  ( 0.05536597756778575963, -1.700745059742647003, 1.400000000000000133 ) ) ;
#561 = B_SPLINE_SURFACE_WITH_KNOTS ( 'NONE', 3, 1, ( 
 ( #4016, #3366 ),
 ( #3342, #3720 ),
 ( #4062, #845 ),
 ( #2757, #2123 ),
 ( #478, #3052 ),
 ( #458, #804 ),
 ( #1443, #2734 ),
 ( #1424, #499 ),
 ( #3996, #1488 ),
 ( #783, #1821 ),
 ( #3699, #4039 ),
 ( #1512, #1782 ),
 ( #1799, #2103 ),
 ( #4084, #159 ),
 ( #3117, #3095 ),
 ( #3388, #3072 ),
 ( #2486, #178 ),
 ( #202, #520 ),
 ( #764, #1463 ),
 ( #1143, #2446 ),
 ( #2776, #1169 ),
 ( #2467, #3743 ),
 ( #3432, #542 ) ),
 .UNSPECIFIED., .F., .F., .F.,
 ( 4, 1, 1, 1, 1, 1, 1, 1, 1, 1, 1, 1, 1, 1, 1, 1, 1, 1, 1, 1, 4 ),
 ( 2, 2 ),
 ( 0.000000000000000000, 0.07341718910413176646, 0.1437253826319840333, 0.2114340723874598704, 0.2772166688952008018, 0.3396395325819210886, 0.3969250946675014768, 0.4501936163668892599, 0.4997323664609231719, 0.5476346839795819266, 0.5952691883098076842, 0.6432179811272450420, 0.6919195927998020856, 0.7181007705444277800, 0.7477824883261743327, 0.7811114796864634391, 0.8177386928779272202, 0.8580081390632968708, 0.9016389268421889369, 0.9489655032668083967, 1.000000000000000000 ),
 ( 0.000000000000000000, 1.000000000000000000 ),
 .UNSPECIFIED. ) ;
#562 = ORIENTED_EDGE ( 'NONE', *, *, #721, .T. ) ;
#563 = ORIENTED_EDGE ( 'NONE', *, *, #2944, .T. ) ;
#564 = CARTESIAN_POINT ( 'NONE',  ( 5.611306032212727501, 4.444396047297630936, 1.400000000000000133 ) ) ;
#565 = CARTESIAN_POINT ( 'NONE',  ( -0.4017925169773819971, 5.024550810250919319, 1.400000000000001465 ) ) ;
#566 = CARTESIAN_POINT ( 'NONE',  ( -0.06119256145741001907, 5.735246194333044834, 1.400000000000000577 ) ) ;
#567 = DIRECTION ( 'NONE',  ( 1.000000000000000000, 0.000000000000000000, 0.000000000000000000 ) ) ;
#568 = CARTESIAN_POINT ( 'NONE',  ( 3.722250620872476379, 5.349909264388672980, 2.000000000000000000 ) ) ;
#569 = CARTESIAN_POINT ( 'NONE',  ( 7.542454122596037536, 5.899572322298535454, 1.999999999999999112 ) ) ;
#570 = CARTESIAN_POINT ( 'NONE',  ( 0.08877790262541632171, 3.874091375037045815, -8.000000000000003553 ) ) ;
#571 = CARTESIAN_POINT ( 'NONE',  ( 6.545653106749093730, 5.152422971498749504, 2.000000000000000444 ) ) ;
#572 = CARTESIAN_POINT ( 'NONE',  ( -2.875412226811572936, -0.5924431635091723658, 1.400000000000000133 ) ) ;
#573 = DIRECTION ( 'NONE',  ( 1.000000000000000000, 0.000000000000000000, 0.000000000000000000 ) ) ;
#574 = ORIENTED_EDGE ( 'NONE', *, *, #2180, .T. ) ;
#575 = CARTESIAN_POINT ( 'NONE',  ( 0.1993175192440267418, -3.236228170955882444, 2.000000000000000000 ) ) ;
#576 = CARTESIAN_POINT ( 'NONE',  ( -1.525150035052998509, 6.957020442871996835, 2.000000000000000000 ) ) ;
#577 = CARTESIAN_POINT ( 'NONE',  ( 0.4082382749681215950, 7.265250821457184927, 1.400000000000000133 ) ) ;
#578 = CARTESIAN_POINT ( 'NONE',  ( 5.870178080145423749, 3.383633383039459375, 1.999999999999999112 ) ) ;
#579 = CARTESIAN_POINT ( 'NONE',  ( 3.011606435190438358, 0.1853844879201612672, 1.999999999999999556 ) ) ;
#580 = ADVANCED_FACE ( 'NONE', ( #3442, #3399 ), #1155, .T. ) ;
#581 = LINE ( 'NONE', #867, #1468 ) ;
#582 = CARTESIAN_POINT ( 'NONE',  ( -0.7596944853300131584, 4.162162576805539693, -7.999999999999996447 ) ) ;
#583 = CARTESIAN_POINT ( 'NONE',  ( 0.1571700648719759341, 4.417766041904566343, -7.800000000000002487 ) ) ;
#584 = LINE ( 'NONE', #1847, #300 ) ;
#585 = FACE_OUTER_BOUND ( 'NONE', #2549, .T. ) ;
#586 = CARTESIAN_POINT ( 'NONE',  ( 7.399033334512979287, 6.244993918007918587, 1.999999999999999556 ) ) ;
#587 = CARTESIAN_POINT ( 'NONE',  ( 6.590546384964206972, 7.054078193692814303, 1.399999999999999245 ) ) ;
#588 = CARTESIAN_POINT ( 'NONE',  ( -0.7249872487790058884, 1.134799593976555609, -7.799999999999998934 ) ) ;
#589 = CARTESIAN_POINT ( 'NONE',  ( 0.4949449035210316539, -1.245567527339349612, 1.400000000000000133 ) ) ;
#590 = B_SPLINE_SURFACE_WITH_KNOTS ( 'NONE', 3, 1, ( 
 ( #2140, #2165 ),
 ( #3429, #539 ),
 ( #3136, #243 ),
 ( #2812, #4102 ),
 ( #3822, #3158 ),
 ( #1287, #599 ),
 ( #1554, #2267 ),
 ( #1254, #1593 ),
 ( #2582, #2831 ),
 ( #4120, #1233 ),
 ( #3804, #654 ),
 ( #1901, #926 ),
 ( #3213, #1919 ),
 ( #2526, #2888 ),
 ( #2228, #2208 ),
 ( #1615, #2908 ),
 ( #2542, #3196 ),
 ( #2186, #4138 ),
 ( #4, #906 ) ),
 .UNSPECIFIED., .F., .F., .F.,
 ( 4, 1, 1, 1, 1, 1, 1, 1, 1, 1, 1, 1, 1, 1, 1, 1, 4 ),
 ( 2, 2 ),
 ( 0.000000000000000000, 0.06460481690650256292, 0.1278956159407064475, 0.1894793952650962732, 0.2501347227508790572, 0.3116416663880507421, 0.3730835201633207476, 0.4364116665323127808, 0.5012861864040596416, 0.5657529074853901996, 0.6285995955498888677, 0.6900414493251592063, 0.7510048484557222404, 0.8118607493458753765, 0.8732996428525998667, 0.9353951830934978950, 1.000000000000000000 ),
 ( 0.000000000000000000, 1.000000000000000000 ),
 .UNSPECIFIED. ) ;
#591 = CIRCLE ( 'NONE', #2484, 9.850000000000001421 ) ;
#592 = DIRECTION ( 'NONE',  ( 0.000000000000000000, 0.000000000000000000, -1.000000000000000000 ) ) ;
#593 = ORIENTED_EDGE ( 'NONE', *, *, #2969, .T. ) ;
#594 = CARTESIAN_POINT ( 'NONE',  ( 0.02424585797955260830, 1.434425559331593991, -7.799999999999998934 ) ) ;
#595 = CIRCLE ( 'NONE', #2753, 0.5000000000000004441 ) ;
#596 = CARTESIAN_POINT ( 'NONE',  ( -2.659104527990647782, 5.741597438532329178, 2.000000000000000000 ) ) ;
#597 = CARTESIAN_POINT ( 'NONE',  ( 2.736776407976495129, 5.832801325623144351, 1.400000000000000577 ) ) ;
#598 = CARTESIAN_POINT ( 'NONE',  ( 7.048347083637458432, 3.946863024514748020, 1.400000000000000577 ) ) ;
#599 = CARTESIAN_POINT ( 'NONE',  ( -2.493198700644664534, 3.525777595214709237, -8.000000000000000000 ) ) ;
#600 = B_SPLINE_CURVE_WITH_KNOTS ( 'NONE', 3,
 ( #1325, #1703, #1025, #3016, #64, #1050, #2028, #693, #87, #1746, #733 ),
 .UNSPECIFIED., .F., .F.,
 ( 4, 1, 1, 1, 1, 1, 1, 1, 4 ),
 ( 0.000000000000000000, 0.1336866531456423757, 0.2601192178135678934, 0.3839224498267572727, 0.5109669566590844259, 0.6371836277826595785, 0.7569133104181035021, 0.8767141548325693146, 1.000000000000000000 ),
 .UNSPECIFIED. ) ;
#601 = ORIENTED_EDGE ( 'NONE', *, *, #2261, .F. ) ;
#602 = ADVANCED_FACE ( 'NONE', ( #488, #508 ), #212, .T. ) ;
#603 = CARTESIAN_POINT ( 'NONE',  ( 4.844474763792445238, 4.990137878269478300, 2.000000000000000000 ) ) ;
#604 = CARTESIAN_POINT ( 'NONE',  ( -0.4017925169773819971, 5.024550810250919319, 2.000000000000001776 ) ) ;
#605 = CARTESIAN_POINT ( 'NONE',  ( 0.07739751069067807299, 4.423584128860891695, -7.799999999999998934 ) ) ;
#606 = CARTESIAN_POINT ( 'NONE',  ( 0.7491794736144335998, 1.207190320431640762, -7.800000000000000711 ) ) ;
#607 = CARTESIAN_POINT ( 'NONE',  ( -2.885140989112778165, -0.3701833356475309200, 1.400000000000000133 ) ) ;
#608 = EDGE_CURVE ( 'NONE', #1604, #3010, #48, .T. ) ;
#609 = CARTESIAN_POINT ( 'NONE',  ( -1.891670900232652164, 3.126053538602940662, -8.000000000000000000 ) ) ;
#610 = CARTESIAN_POINT ( 'NONE',  ( 7.612647562175398619, 5.523404567216694261, 1.999999999999999112 ) ) ;
#611 = CARTESIAN_POINT ( 'NONE',  ( -0.3817715525028148038, -1.275332894046412813, 1.400000000000000577 ) ) ;
#612 = CARTESIAN_POINT ( 'NONE',  ( 0.5187853830514310705, -1.005002373543649519, 1.400000000000000577 ) ) ;
#613 = FACE_BOUND ( 'NONE', #2120, .T. ) ;
#614 = PLANE ( 'NONE',  #526 ) ;
#615 = CIRCLE ( 'NONE', #2509, 1.000000000000000000 ) ;
#616 = CARTESIAN_POINT ( 'NONE',  ( 2.986080322191721592, 4.643200458449270762, 1.400000000000000133 ) ) ;
#617 = DIRECTION ( 'NONE',  ( 1.000000000000000000, 0.000000000000000000, 0.000000000000000000 ) ) ;
#618 = CARTESIAN_POINT ( 'NONE',  ( 7.539435925364600166, 4.755234913171587863, 1.999999999999999556 ) ) ;
#619 = ORIENTED_EDGE ( 'NONE', *, *, #2126, .T. ) ;
#620 = CARTESIAN_POINT ( 'NONE',  ( 5.178416862458615100, 4.582079171662876149, 2.000000000000000444 ) ) ;
#621 = CARTESIAN_POINT ( 'NONE',  ( -0.3786457167755975517, 5.275234506063882556, 2.000000000000000444 ) ) ;
#622 = CARTESIAN_POINT ( 'NONE',  ( -2.185110581341912273, 3.775681008731617272, -8.000000000000000000 ) ) ;
#623 = CARTESIAN_POINT ( 'NONE',  ( 0.8491386561532839883, 1.359556776552570012, -7.800000000000000711 ) ) ;
#624 = EDGE_LOOP ( 'NONE', ( #1011, #2676, #3968, #1663 ) ) ;
#625 = EDGE_CURVE ( 'NONE', #3600, #30, #2360, .T. ) ;
#626 = CARTESIAN_POINT ( 'NONE',  ( -2.893795094209558272, 0.1226411348230695558, 2.000000000000000444 ) ) ;
#627 = B_SPLINE_SURFACE_WITH_KNOTS ( 'NONE', 3, 1, ( 
 ( #3702, #3345 ),
 ( #1428, #1785 ),
 ( #3055, #3098 ),
 ( #1447, #2106 ),
 ( #3392, #1803 ),
 ( #3077, #182 ),
 ( #2760, #4044 ),
 ( #1174, #2471 ),
 ( #849, #2149 ),
 ( #442, #1198 ),
 ( #4088, #249 ),
 ( #1516, #290 ),
 ( #953, #2800 ),
 ( #4145, #2822 ),
 ( #2571, #2837 ),
 ( #3482, #1870 ),
 ( #3505, #3810 ),
 ( #3770, #2491 ),
 ( #3789, #871 ),
 ( #607, #1278 ),
 ( #1909, #2194 ),
 ( #3202, #2874 ),
 ( #547, #626 ) ),
 .UNSPECIFIED., .F., .F., .F.,
 ( 4, 1, 1, 1, 1, 1, 1, 1, 1, 1, 1, 1, 1, 1, 1, 1, 1, 1, 1, 1, 4 ),
 ( 2, 2 ),
 ( 0.000000000000000000, 0.08082635244481467529, 0.1550395768970233845, 0.2227733609102187096, 0.2847851602526775827, 0.3424250354995677093, 0.3973115550189067480, 0.4508676706832182024, 0.5038629975024276897, 0.5562249935823341263, 0.6065927579124832381, 0.6562198855780717599, 0.7044775129805357361, 0.7299621496015678002, 0.7589308403050066820, 0.7908552038020891795, 0.8260828059527683953, 0.8643514105921421553, 0.9063582302864711115, 0.9514554734419488069, 1.000000000000000000 ),
 ( 0.000000000000000000, 1.000000000000000000 ),
 .UNSPECIFIED. ) ;
#628 = DIRECTION ( 'NONE',  ( -1.000000000000000000, 0.000000000000000000, 0.000000000000000000 ) ) ;
#629 = CARTESIAN_POINT ( 'NONE',  ( 7.618358513327205372, 5.327043026194852260, 1.400000000000000133 ) ) ;
#630 = FACE_OUTER_BOUND ( 'NONE', #3788, .T. ) ;
#631 = ADVANCED_FACE ( 'NONE', ( #148 ), #3684, .T. ) ;
#632 = CARTESIAN_POINT ( 'NONE',  ( -2.736703520027871761, -1.478040616243448735, 1.400000000000000133 ) ) ;
#633 = CARTESIAN_POINT ( 'NONE',  ( -1.003969726562499387, 3.218330167882581971, -7.800000000000000711 ) ) ;
#634 = CARTESIAN_POINT ( 'NONE',  ( -2.140697648673030695, 4.379390201581783160, -7.800000000000000711 ) ) ;
#635 = CARTESIAN_POINT ( 'NONE',  ( 3.933745513624815171, 4.434618642479819073, 1.999999999999999556 ) ) ;
#636 = CARTESIAN_POINT ( 'NONE',  ( 6.060666993066623931, 3.410050571356232574, 1.999999999999999556 ) ) ;
#637 = CARTESIAN_POINT ( 'NONE',  ( 2.966570848835663909, -0.9094740654179277461, 2.000000000000000000 ) ) ;
#638 = CARTESIAN_POINT ( 'NONE',  ( -1.240197897518382719, 3.759686392989812553, -7.999999999999996447 ) ) ;
#639 = CARTESIAN_POINT ( 'NONE',  ( -0.5954219234902867752, 4.280029905885081476, -7.999999999999996447 ) ) ;
#640 = CARTESIAN_POINT ( 'NONE',  ( -1.379929995675415633, 3.374022568615422379, -7.800000000000002487 ) ) ;
#641 = EDGE_LOOP ( 'NONE', ( #3152, #3217, #3383, #2279 ) ) ;
#642 = CARTESIAN_POINT ( 'NONE',  ( 0.6856524369656664675, 1.137461998621413395, -7.799999999999998934 ) ) ;
#643 = ORIENTED_EDGE ( 'NONE', *, *, #824, .T. ) ;
#644 = CARTESIAN_POINT ( 'NONE',  ( 5.669476102941175988, 7.275925436580881644, 2.000000000000000000 ) ) ;
#645 = CARTESIAN_POINT ( 'NONE',  ( -1.891670900232652164, 3.126053538602940662, -7.800000000000000711 ) ) ;
#646 = LINE ( 'NONE', #955, #1126 ) ;
#647 = DIRECTION ( 'NONE',  ( 1.000000000000000000, 0.000000000000000000, 0.000000000000000000 ) ) ;
#648 = CARTESIAN_POINT ( 'NONE',  ( 4.931197304753565547, 7.139435130650740646, 2.000000000000000444 ) ) ;
#649 = EDGE_CURVE ( 'NONE', #1485, #1125, #2650, .T. ) ;
#650 = CARTESIAN_POINT ( 'NONE',  ( -1.677270755068825281, 3.981368548467305146, -7.999999999999998224 ) ) ;
#651 = CARTESIAN_POINT ( 'NONE',  ( -2.019962635378349969, 4.415105552187357674, -8.000000000000003553 ) ) ;
#652 = CIRCLE ( 'NONE', #851, 1.000000000000000000 ) ;
#653 = CARTESIAN_POINT ( 'NONE',  ( 3.720593692555146603, 5.279059178969437660, 2.000000000000000000 ) ) ;
#654 = CARTESIAN_POINT ( 'NONE',  ( -2.301188315560670716, 3.271482559848855942, -7.999999999999998224 ) ) ;
#655 = AXIS2_PLACEMENT_3D ( 'NONE', #3477, #2545, #4083 ) ;
#656 = DIRECTION ( 'NONE',  ( 1.000000000000000000, 0.000000000000000000, -0.000000000000000000 ) ) ;
#657 = CARTESIAN_POINT ( 'NONE',  ( -1.003969726562499387, 3.218330167882581971, -7.800000000000000711 ) ) ;
#658 = CARTESIAN_POINT ( 'NONE',  ( 0.5083833450176669100, 4.319006814290665908, -7.800000000000000711 ) ) ;
#659 = ORIENTED_EDGE ( 'NONE', *, *, #2565, .F. ) ;
#660 = CARTESIAN_POINT ( 'NONE',  ( -1.525150035052998509, 6.957020442871996835, 2.000000000000000000 ) ) ;
#661 = CARTESIAN_POINT ( 'NONE',  ( 0.1337348933654690097, 1.664163101219385599, -7.800000000000002487 ) ) ;
#662 = CARTESIAN_POINT ( 'NONE',  ( -1.956726026715141620, 3.127877794346486606, -8.000000000000000000 ) ) ;
#663 = CARTESIAN_POINT ( 'NONE',  ( 7.051593547661359374, 6.706036940550442083, 2.000000000000000000 ) ) ;
#664 = CARTESIAN_POINT ( 'NONE',  ( -1.891670900232652164, 3.126053538602940662, -7.800000000000000711 ) ) ;
#665 = ORIENTED_EDGE ( 'NONE', *, *, #2443, .F. ) ;
#666 = CARTESIAN_POINT ( 'NONE',  ( 5.669476102941175988, 6.212898667279410425, 2.000000000000000000 ) ) ;
#667 = CARTESIAN_POINT ( 'NONE',  ( -0.02276156855564445344, 3.913480775122548216, -8.000000000000005329 ) ) ;
#668 = ORIENTED_EDGE ( 'NONE', *, *, #1749, .F. ) ;
#669 = DIRECTION ( 'NONE',  ( 0.000000000000000000, 1.000000000000000000, 0.000000000000000000 ) ) ;
#670 = ORIENTED_EDGE ( 'NONE', *, *, #608, .F. ) ;
#671 = EDGE_CURVE ( 'NONE', #376, #2402, #1706, .T. ) ;
#672 = CARTESIAN_POINT ( 'NONE',  ( -12.34999999999999964, 1.634903476861716437E-15, 2.000000000000000000 ) ) ;
#673 = CARTESIAN_POINT ( 'NONE',  ( 0.5272022387056137793, -0.8598988445754360832, 1.999999999999999556 ) ) ;
#674 = FACE_OUTER_BOUND ( 'NONE', #822, .T. ) ;
#675 = EDGE_CURVE ( 'NONE', #3556, #1985, #4113, .T. ) ;
#676 = VECTOR ( 'NONE', #1692, 1000.000000000000000 ) ;
#677 = PLANE ( 'NONE',  #2682 ) ;
#678 = CARTESIAN_POINT ( 'NONE',  ( -0.9634718105632857910, 3.790389687514971406, -7.999999999999996447 ) ) ;
#679 = CARTESIAN_POINT ( 'NONE',  ( 0.9643811986416621629, 3.255859488830439297, -7.800000000000002487 ) ) ;
#680 = ORIENTED_EDGE ( 'NONE', *, *, #4112, .T. ) ;
#681 = CARTESIAN_POINT ( 'NONE',  ( 0.07306449997577396660, 0.9235358931884081191, -7.800000000000000711 ) ) ;
#682 = ORIENTED_EDGE ( 'NONE', *, *, #2209, .F. ) ;
#683 = ORIENTED_EDGE ( 'NONE', *, *, #3714, .F. ) ;
#684 = CARTESIAN_POINT ( 'NONE',  ( 0.1377997663909319159, 1.850175344429763724, -7.800000000000000711 ) ) ;
#685 = FACE_OUTER_BOUND ( 'NONE', #1044, .T. ) ;
#686 = CARTESIAN_POINT ( 'NONE',  ( 0.1337348933654690097, 1.664163101219385599, -8.000000000000001776 ) ) ;
#687 = LINE ( 'NONE', #139, #676 ) ;
#688 = DIRECTION ( 'NONE',  ( 0.000000000000000000, 0.000000000000000000, -1.000000000000000000 ) ) ;
#689 = ORIENTED_EDGE ( 'NONE', *, *, #1666, .F. ) ;
#690 = B_SPLINE_CURVE_WITH_KNOTS ( 'NONE', 3,
 ( #1019, #2612, #2677, #2968, #100, #2633, #83, #3962, #2697, #1366, #2323, #3607, #1986, #2657, #3629 ),
 .UNSPECIFIED., .F., .F.,
 ( 4, 1, 1, 1, 1, 1, 1, 1, 1, 1, 1, 1, 4 ),
 ( 0.000000000000000000, 0.1306292414286468195, 0.2475946772357134340, 0.3521599546299944428, 0.4444281939258821756, 0.5243953345425123036, 0.5910758922891262701, 0.6457283963663841275, 0.6886249437115146144, 0.7594583156019716341, 0.8296221387732897190, 0.9075307038338639165, 1.000000000000000000 ),
 .UNSPECIFIED. ) ;
#691 = CARTESIAN_POINT ( 'NONE',  ( -0.004306242699716154865, 4.425308478860293881, -8.000000000000003553 ) ) ;
#692 = CARTESIAN_POINT ( 'NONE',  ( -0.01845532585592786490, 1.433084980085783888, -8.000000000000000000 ) ) ;
#693 = CARTESIAN_POINT ( 'NONE',  ( 5.331399777452616284, 4.500689544611732096, 1.399999999999999689 ) ) ;
#694 = CARTESIAN_POINT ( 'NONE',  ( 6.412950158700096992, 4.832307412842838268, 1.400000000000000577 ) ) ;
#695 = CARTESIAN_POINT ( 'NONE',  ( 4.924472358822225893, 5.806975964613513952, 1.400000000000000133 ) ) ;
#696 = CARTESIAN_POINT ( 'NONE',  ( -0.1570118806187406069, 3.823089104273670102, -8.000000000000005329 ) ) ;
#697 = EDGE_CURVE ( 'NONE', #428, #2731, #331, .T. ) ;
#698 = CARTESIAN_POINT ( 'NONE',  ( -0.9122588026588305254, 3.944267108541048117, -7.999999999999998224 ) ) ;
#699 = CARTESIAN_POINT ( 'NONE',  ( -0.004306242699716154865, 4.425308478860293881, -7.800000000000000711 ) ) ;
#700 = VERTEX_POINT ( 'NONE', #1302 ) ;
#701 = LINE ( 'NONE', #1035, #3845 ) ;
#702 = CARTESIAN_POINT ( 'NONE',  ( 3.752934275140671350, 4.931611300700750711, 1.999999999999999556 ) ) ;
#703 = DIRECTION ( 'NONE',  ( 0.000000000000000000, 1.000000000000000000, -1.246075857348990131E-12 ) ) ;
#704 = CARTESIAN_POINT ( 'NONE',  ( -0.06643917308134132671, 0.9212572763480388893, -7.800000000000002487 ) ) ;
#705 = CARTESIAN_POINT ( 'NONE',  ( 6.552074752509041922, 5.268281031036491591, 2.000000000000000000 ) ) ;
#706 = CARTESIAN_POINT ( 'NONE',  ( -1.889825367647059107, 3.480395795036764106, -7.800000000000000711 ) ) ;
#707 = ORIENTED_EDGE ( 'NONE', *, *, #1616, .F. ) ;
#708 = CARTESIAN_POINT ( 'NONE',  ( -0.1360794249893730878, 4.421750273819061938, -7.999999999999998224 ) ) ;
#709 = CARTESIAN_POINT ( 'NONE',  ( 6.412950158700095216, 5.821778639546868028, 2.000000000000000000 ) ) ;
#710 = VERTEX_POINT ( 'NONE', #1321 ) ;
#711 = CARTESIAN_POINT ( 'NONE',  ( 0.5263091744693552121, 4.881673616539929483, 1.999999999999999556 ) ) ;
#712 = CARTESIAN_POINT ( 'NONE',  ( 0.000000000000000000, 0.000000000000000000, 0.000000000000000000 ) ) ;
#713 = CARTESIAN_POINT ( 'NONE',  ( -1.955668256048827880, 4.423353943764362306, -7.999999999999998224 ) ) ;
#714 = CARTESIAN_POINT ( 'NONE',  ( 0.4360401408797676681, -1.500912604917738147, 2.000000000000000444 ) ) ;
#715 = CARTESIAN_POINT ( 'NONE',  ( 5.318464553612628265, 6.149788700975308942, 2.000000000000000000 ) ) ;
#716 = CARTESIAN_POINT ( 'NONE',  ( -0.1706325884618752620, 3.724447678497678993, -7.800000000000004263 ) ) ;
#717 = CARTESIAN_POINT ( 'NONE',  ( 5.870178080145423749, 3.383633383039459375, 1.399999999999999689 ) ) ;
#718 = CARTESIAN_POINT ( 'NONE',  ( 0.8863681759968831120, 3.913865812844108838, -7.799999999999998934 ) ) ;
#719 = VERTEX_POINT ( 'NONE', #1723 ) ;
#720 = LINE ( 'NONE', #2709, #3243 ) ;
#721 = EDGE_CURVE ( 'NONE', #2671, #1043, #591, .T. ) ;
#722 = CARTESIAN_POINT ( 'NONE',  ( 9.850000000000001421, 2.646977959553390977E-21, 0.000000000000000000 ) ) ;
#723 = AXIS2_PLACEMENT_3D ( 'NONE', #3742, #844, #2143 ) ;
#724 = CARTESIAN_POINT ( 'NONE',  ( 0.8491386561532839883, 1.359556776552570012, -7.999999999999998224 ) ) ;
#725 = CARTESIAN_POINT ( 'NONE',  ( -2.137650052900032627, 3.940592879848956454, -8.000000000000000000 ) ) ;
#726 = CARTESIAN_POINT ( 'NONE',  ( -0.1706325884618752620, 3.724447678497678993, -7.800000000000004263 ) ) ;
#727 = ORIENTED_EDGE ( 'NONE', *, *, #3050, .T. ) ;
#728 = EDGE_CURVE ( 'NONE', #2498, #3764, #2004, .T. ) ;
#729 = B_SPLINE_CURVE_WITH_KNOTS ( 'NONE', 3,
 ( #2898, #14, #2591, #995, #686, #3914, #745, #75, #1717, #117, #3956, #2673, #1014, #372, #438 ),
 .UNSPECIFIED., .F., .F.,
 ( 4, 1, 1, 1, 1, 1, 1, 1, 1, 1, 1, 1, 4 ),
 ( 0.000000000000000000, 0.1381666428321284834, 0.2618084338870914074, 0.3709908410301944737, 0.4669257882714013541, 0.5472437745748077731, 0.6146019942490126287, 0.6669264355466500982, 0.7067917575319536683, 0.7710360877517145051, 0.8372617862306159786, 0.9112299409179617227, 1.000000000000000000 ),
 .UNSPECIFIED. ) ;
#730 = CARTESIAN_POINT ( 'NONE',  ( 6.412950158700095216, 5.821778639546868028, 2.000000000000000000 ) ) ;
#731 = CARTESIAN_POINT ( 'NONE',  ( 0.5315133846507361648, 4.520545286290785114, 1.400000000000000133 ) ) ;
#732 = CARTESIAN_POINT ( 'NONE',  ( 0.1988120980592496811, 5.735111236498759091, 1.400000000000000133 ) ) ;
#733 = CARTESIAN_POINT ( 'NONE',  ( 5.669476102941175988, 4.441187385110293206, 1.400000000000000577 ) ) ;
#734 = CARTESIAN_POINT ( 'NONE',  ( 4.783620461856617823, 5.351034949807558228, 2.000000000000000444 ) ) ;
#735 = CARTESIAN_POINT ( 'NONE',  ( 4.783620461856618711, 5.351034949807559116, 2.000000000000000444 ) ) ;
#736 = VERTEX_POINT ( 'NONE', #1387 ) ;
#737 = LINE ( 'NONE', #2377, #121 ) ;
#738 = FACE_OUTER_BOUND ( 'NONE', #1696, .T. ) ;
#739 = CARTESIAN_POINT ( 'NONE',  ( 0.6772257775567053217, 4.211070955560577644, -7.999999999999991118 ) ) ;
#740 = VERTEX_POINT ( 'NONE', #2992 ) ;
#741 = CARTESIAN_POINT ( 'NONE',  ( -5.255711179279164647, 2.010175952457751860E-16, -8.000000000000000000 ) ) ;
#742 = VERTEX_POINT ( 'NONE', #3588 ) ;
#743 = CARTESIAN_POINT ( 'NONE',  ( 0.1052532970489378911, 3.845921633395410932, -7.799999999999998934 ) ) ;
#744 = AXIS2_PLACEMENT_3D ( 'NONE', #1915, #4096, #573 ) ;
#745 = CARTESIAN_POINT ( 'NONE',  ( 0.1272571841676057025, 1.574889035317861730, -7.999999999999998224 ) ) ;
#746 = CARTESIAN_POINT ( 'NONE',  ( 5.728238098099536657, 4.444444376626986326, 1.400000000000000133 ) ) ;
#747 = EDGE_CURVE ( 'NONE', #2732, #3732, #1697, .T. ) ;
#748 = LINE ( 'NONE', #2042, #1166 ) ;
#749 = CARTESIAN_POINT ( 'NONE',  ( 0.000000000000000000, 1.166476076187853824E-15, 0.000000000000000000 ) ) ;
#750 = CARTESIAN_POINT ( 'NONE',  ( 0.4710356418562245961, 5.469267312821011195, 1.400000000000000577 ) ) ;
#751 = EDGE_CURVE ( 'NONE', #967, #1537, #690, .T. ) ;
#752 = PLANE ( 'NONE',  #3376 ) ;
#753 = CARTESIAN_POINT ( 'NONE',  ( -1.777133259150872391, 3.500229848203908922, -7.999999999999998224 ) ) ;
#754 = LINE ( 'NONE', #2066, #785 ) ;
#755 = CARTESIAN_POINT ( 'NONE',  ( -0.9828129897201223208, 3.674447503516573565, -7.800000000000004263 ) ) ;
#756 = CARTESIAN_POINT ( 'NONE',  ( 0.07306449997577396660, 0.9235358931884081191, -8.000000000000000000 ) ) ;
#757 = VECTOR ( 'NONE', #1671, 1000.000000000000000 ) ;
#758 = CARTESIAN_POINT ( 'NONE',  ( -2.410167142271297358, -2.154566689983130168, 2.000000000000000444 ) ) ;
#759 = AXIS2_PLACEMENT_3D ( 'NONE', #4042, #1868, #1145 ) ;
#760 = CARTESIAN_POINT ( 'NONE',  ( 0.1373178613681295956, 3.567550780230435148, -7.799999999999998934 ) ) ;
#761 = CARTESIAN_POINT ( 'NONE',  ( 0.5083833450176669100, 4.319006814290665908, -7.999999999999992895 ) ) ;
#762 = FACE_OUTER_BOUND ( 'NONE', #3894, .T. ) ;
#763 = CARTESIAN_POINT ( 'NONE',  ( 3.011606435190438358, 0.1853844879201612672, 1.399999999999999689 ) ) ;
#764 = CARTESIAN_POINT ( 'NONE',  ( 2.995621321939303972, 4.423999849327500122, 1.400000000000000577 ) ) ;
#765 = CARTESIAN_POINT ( 'NONE',  ( 5.844096157637280520, 4.450866022386936294, 2.000000000000000000 ) ) ;
#766 = CARTESIAN_POINT ( 'NONE',  ( -1.777133259150872391, 3.500229848203908922, -7.799999999999998934 ) ) ;
#767 = CARTESIAN_POINT ( 'NONE',  ( 5.318464553612628265, 6.149788700975308942, 2.000000000000000000 ) ) ;
#768 = LINE ( 'NONE', #4045, #919 ) ;
#769 = CARTESIAN_POINT ( 'NONE',  ( -0.09961889703911035177, 1.448669462371416028, -7.999999999999998224 ) ) ;
#770 = CARTESIAN_POINT ( 'NONE',  ( -1.003969726562499387, 2.092555290670955692, -7.800000000000000711 ) ) ;
#771 = B_SPLINE_CURVE_WITH_KNOTS ( 'NONE', 3,
 ( #3860, #3177, #2867, #946, #618, #1956, #963, #2247, #885, #304, #2563, #284, #1575, #2849, #3476, #4156, #1271, #265, #324 ),
 .UNSPECIFIED., .F., .F.,
 ( 4, 1, 1, 1, 1, 1, 1, 1, 1, 1, 1, 1, 1, 1, 1, 1, 4 ),
 ( 0.000000000000000000, 0.06460481690650243802, 0.1278956159407065030, 0.1894793952650963009, 0.2501347227508792792, 0.3116416663880507421, 0.3730835201633208031, 0.4364116665323126698, 0.5012861864040591975, 0.5657529074853900886, 0.6285995955498889787, 0.6900414493251590953, 0.7510048484557222404, 0.8118607493458759317, 0.8732996428525997556, 0.9353951830934976730, 1.000000000000000000 ),
 .UNSPECIFIED. ) ;
#772 = ADVANCED_FACE ( 'NONE', ( #3012 ), #1068, .T. ) ;
#773 = CARTESIAN_POINT ( 'NONE',  ( -0.3251977961022117225, -1.530859723663879679, 1.400000000000000133 ) ) ;
#774 = CARTESIAN_POINT ( 'NONE',  ( -0.5954219234902867752, 4.280029905885081476, -7.800000000000000711 ) ) ;
#775 = CARTESIAN_POINT ( 'NONE',  ( 0.9645570885204397538, 2.012169097590010391, -8.000000000000001776 ) ) ;
#776 = CARTESIAN_POINT ( 'NONE',  ( 0.09087723895733368362, 1.465830098744828947, -7.999999999999994671 ) ) ;
#777 = CARTESIAN_POINT ( 'NONE',  ( -1.825801222019281855, 4.423436598145578991, -7.799999999999998934 ) ) ;
#778 = CARTESIAN_POINT ( 'NONE',  ( 2.969170581724798641, 4.843184862653923339, 1.999999999999999556 ) ) ;
#779 = CARTESIAN_POINT ( 'NONE',  ( -2.528951260139469692, 3.905067569110754366, -7.800000000000000711 ) ) ;
#780 = CARTESIAN_POINT ( 'NONE',  ( 1.431813577346742861, -3.043195122661538132, 1.399999999999999689 ) ) ;
#781 = ORIENTED_EDGE ( 'NONE', *, *, #728, .T. ) ;
#782 = CARTESIAN_POINT ( 'NONE',  ( 2.942754466557570669, -1.089473323149252604, 1.399999999999999245 ) ) ;
#783 = CARTESIAN_POINT ( 'NONE',  ( 2.463258326608192217, 6.281791733587445137, 1.400000000000001021 ) ) ;
#784 = CARTESIAN_POINT ( 'NONE',  ( -0.4129011427144578250, 4.583294722359126716, 1.400000000000000133 ) ) ;
#785 = VECTOR ( 'NONE', #2619, 1000.000000000000000 ) ;
#786 = CARTESIAN_POINT ( 'NONE',  ( -0.1767522877372394163, 3.569193118480033622, -7.799999999999997158 ) ) ;
#787 = CIRCLE ( 'NONE', #3165, 1.000000000000000000 ) ;
#788 = DIRECTION ( 'NONE',  ( -0.000000000000000000, 0.000000000000000000, 1.000000000000000000 ) ) ;
#789 = CARTESIAN_POINT ( 'NONE',  ( -0.9760121672019519412, 3.728162067587304840, -8.000000000000000000 ) ) ;
#790 = CARTESIAN_POINT ( 'NONE',  ( -1.001699080619617988, 1.916190038222541858, -7.999999999999996447 ) ) ;
#791 = DIRECTION ( 'NONE',  ( -4.336808689942017736E-16, -1.000000000000000000, 0.000000000000000000 ) ) ;
#792 = LINE ( 'NONE', #4049, #390 ) ;
#793 = CARTESIAN_POINT ( 'NONE',  ( 5.255711179279164647, 2.131934557129932611E-15, 0.000000000000000000 ) ) ;
#794 = CARTESIAN_POINT ( 'NONE',  ( -0.004306242699716154865, 4.425308478860293881, -8.000000000000003553 ) ) ;
#795 = EDGE_CURVE ( 'NONE', #3190, #80, #1947, .T. ) ;
#796 = VERTEX_POINT ( 'NONE', #3648 ) ;
#797 = DIRECTION ( 'NONE',  ( 0.000000000000000000, 0.000000000000000000, -1.000000000000000000 ) ) ;
#798 = CARTESIAN_POINT ( 'NONE',  ( -1.576789558257138069, -2.916178182018840381, 2.000000000000000000 ) ) ;
#799 = CARTESIAN_POINT ( 'NONE',  ( 2.736776407976495129, 5.832801325623144351, 2.000000000000000444 ) ) ;
#800 = CARTESIAN_POINT ( 'NONE',  ( -2.165491655957418438, 3.661788148982073388, -7.999999999999998224 ) ) ;
#801 = CARTESIAN_POINT ( 'NONE',  ( -1.595730483259295784, 3.801000743548883953, -7.999999999999998224 ) ) ;
#802 = EDGE_CURVE ( 'NONE', #796, #2806, #2093, .T. ) ;
#803 = CARTESIAN_POINT ( 'NONE',  ( 12.34999999999999964, -6.500000000000004441, 1.000000000000000000 ) ) ;
#804 = CARTESIAN_POINT ( 'NONE',  ( 1.484401331418255809, 6.992374253174050480, 2.000000000000000000 ) ) ;
#805 = CARTESIAN_POINT ( 'NONE',  ( -0.3820718308487511816, 0.9572348179768747078, -7.999999999999998224 ) ) ;
#806 = DIRECTION ( 'NONE',  ( -1.000000000000000000, 0.000000000000000000, 0.000000000000000000 ) ) ;
#807 = VERTEX_POINT ( 'NONE', #443 ) ;
#808 = LINE ( 'NONE', #122, #981 ) ;
#809 = CARTESIAN_POINT ( 'NONE',  ( -1.468282841510189840, 3.277540389283595701, -8.000000000000000000 ) ) ;
#810 = CARTESIAN_POINT ( 'NONE',  ( -0.9809181555191894830, 1.636842225616915281, -7.799999999999998934 ) ) ;
#811 = CARTESIAN_POINT ( 'NONE',  ( 6.552074752509041922, 5.268281031036491591, 2.000000000000000000 ) ) ;
#812 = CARTESIAN_POINT ( 'NONE',  ( -1.613935847190096418, 3.887256324918261008, -7.799999999999998934 ) ) ;
#813 = CARTESIAN_POINT ( 'NONE',  ( -0.9122588026588305254, 3.944267108541048117, -7.800000000000002487 ) ) ;
#814 = CARTESIAN_POINT ( 'NONE',  ( -13.35000000000000142, -6.500000000000004441, 2.000000000000000000 ) ) ;
#815 = CARTESIAN_POINT ( 'NONE',  ( 7.542454122596037536, 5.899572322298535454, 1.399999999999999245 ) ) ;
#816 = EDGE_CURVE ( 'NONE', #441, #469, #1188, .T. ) ;
#817 = CARTESIAN_POINT ( 'NONE',  ( -2.893143595924983824, 3.767578466491318334, 2.000000000000000000 ) ) ;
#818 = CARTESIAN_POINT ( 'NONE',  ( 2.948438969160367851, 5.023342510549720252, 2.000000000000000000 ) ) ;
#819 = CARTESIAN_POINT ( 'NONE',  ( -2.508440154012308465, 6.075157875188103240, 1.400000000000000577 ) ) ;
#820 = CARTESIAN_POINT ( 'NONE',  ( 2.702006714716638225, -1.911241828833920797, 1.400000000000001021 ) ) ;
#821 = B_SPLINE_CURVE_WITH_KNOTS ( 'NONE', 3,
 ( #467, #448, #2434, #3708, #1156, #2413, #774, #489, #1454, #3966, #2394, #813, #2111, #2375, #3653, #755, #3353, #3334, #1747, #3987, #1091, #3039, #149 ),
 .UNSPECIFIED., .F., .F.,
 ( 4, 1, 1, 1, 1, 1, 1, 1, 1, 1, 1, 1, 1, 1, 1, 1, 1, 1, 1, 1, 4 ),
 ( 0.000000000000000000, 0.07341718910413168320, 0.1437253826319839778, 0.2114340723874597872, 0.2772166688952008573, 0.3396395325819211997, 0.3969250946675014768, 0.4501936163668891488, 0.4997323664609226723, 0.5476346839795817045, 0.5952691883098076842, 0.6432179811272449310, 0.6919195927998021967, 0.7181007705444277800, 0.7477824883261742217, 0.7811114796864634391, 0.8177386928779271091, 0.8580081390632965377, 0.9016389268421888259, 0.9489655032668082857, 1.000000000000000000 ),
 .UNSPECIFIED. ) ;
#822 = EDGE_LOOP ( 'NONE', ( #3900, #2361, #2313, #546 ) ) ;
#823 = VECTOR ( 'NONE', #2534, 1000.000000000000000 ) ;
#824 = EDGE_CURVE ( 'NONE', #2262, #3910, #768, .T. ) ;
#825 = DIRECTION ( 'NONE',  ( -0.000000000000000000, 0.000000000000000000, -1.000000000000000000 ) ) ;
#826 = CARTESIAN_POINT ( 'NONE',  ( 0.9584707422705255331, 1.802518945496942360, -7.800000000000002487 ) ) ;
#827 = CARTESIAN_POINT ( 'NONE',  ( 0.9049840655029650627, 3.851284862589178015, -7.800000000000004263 ) ) ;
#828 = PLANE ( 'NONE',  #3397 ) ;
#829 = CARTESIAN_POINT ( 'NONE',  ( 4.787191449777886021, 5.403002230646652748, 2.000000000000000444 ) ) ;
#830 = CARTESIAN_POINT ( 'NONE',  ( -1.421656658044752719, 3.323913922306492630, -7.799999999999998934 ) ) ;
#831 = B_SPLINE_CURVE_WITH_KNOTS ( 'NONE', 3,
 ( #3239, #1668, #96, #352, #1039, #437, #3955, #2019, #971, #2590, #1646, #2920, #1361, #2338, #3602, #1383, #662, #2364, #2651 ),
 .UNSPECIFIED., .F., .F.,
 ( 4, 1, 1, 1, 1, 1, 1, 1, 1, 1, 1, 1, 1, 1, 1, 1, 4 ),
 ( 0.000000000000000000, 0.06460481690650256292, 0.1278956159407064475, 0.1894793952650962732, 0.2501347227508790572, 0.3116416663880507421, 0.3730835201633207476, 0.4364116665323127808, 0.5012861864040596416, 0.5657529074853901996, 0.6285995955498888677, 0.6900414493251592063, 0.7510048484557222404, 0.8118607493458753765, 0.8732996428525998667, 0.9353951830934978950, 1.000000000000000000 ),
 .UNSPECIFIED. ) ;
#832 = CARTESIAN_POINT ( 'NONE',  ( 0.1377997663909319159, 3.506848428763595038, -8.000000000000000000 ) ) ;
#833 = CARTESIAN_POINT ( 'NONE',  ( -0.6488704076559084211, 1.074771114938449568, -7.800000000000000711 ) ) ;
#834 = VERTEX_POINT ( 'NONE', #2739 ) ;
#835 = DIRECTION ( 'NONE',  ( -0.000000000000000000, -1.000000000000000000, 0.000000000000000000 ) ) ;
#836 = DIRECTION ( 'NONE',  ( 0.000000000000000000, 0.000000000000000000, 1.000000000000000000 ) ) ;
#837 = PLANE ( 'NONE',  #414 ) ;
#838 = CARTESIAN_POINT ( 'NONE',  ( 5.669476102941175988, 4.441187385110293206, 1.400000000000000133 ) ) ;
#839 = CARTESIAN_POINT ( 'NONE',  ( 6.552074752509041033, 5.385805021353212929, 2.000000000000000000 ) ) ;
#840 = CARTESIAN_POINT ( 'NONE',  ( 0.1262152389252002016, 3.758411502021294481, -7.800000000000000711 ) ) ;
#841 = CARTESIAN_POINT ( 'NONE',  ( -2.891882982298689342, 3.985430030306416960, 1.400000000000000577 ) ) ;
#842 = DIRECTION ( 'NONE',  ( -1.000000000000000000, 0.000000000000000000, 0.000000000000000000 ) ) ;
#843 = EDGE_LOOP ( 'NONE', ( #401, #1637, #3626, #2423, #3696, #682 ) ) ;
#844 = DIRECTION ( 'NONE',  ( 0.000000000000000000, -1.000000000000000000, 0.000000000000000000 ) ) ;
#845 = CARTESIAN_POINT ( 'NONE',  ( 0.4082382749681215950, 7.265250821457184927, 2.000000000000000000 ) ) ;
#846 = LINE ( 'NONE', #2170, #3728 ) ;
#847 = ADVANCED_FACE ( 'NONE', ( #1829 ), #291, .T. ) ;
#848 = ORIENTED_EDGE ( 'NONE', *, *, #3896, .F. ) ;
#849 = CARTESIAN_POINT ( 'NONE',  ( -2.056957310896998514, -2.587614004135757817, 1.400000000000000577 ) ) ;
#850 = CARTESIAN_POINT ( 'NONE',  ( -1.265322531150320007, 3.587494698827482953, -8.000000000000007105 ) ) ;
#851 = AXIS2_PLACEMENT_3D ( 'NONE', #2696, #788, #141 ) ;
#852 = CARTESIAN_POINT ( 'NONE',  ( 0.1300827066588820802, 3.719535440961415418, -8.000000000000000000 ) ) ;
#853 = CARTESIAN_POINT ( 'NONE',  ( 6.555331744025734153, 5.327043026194852260, 1.400000000000000133 ) ) ;
#854 = EDGE_CURVE ( 'NONE', #3197, #1347, #3681, .T. ) ;
#855 = VECTOR ( 'NONE', #3252, 1000.000000000000000 ) ;
#856 = ORIENTED_EDGE ( 'NONE', *, *, #1109, .F. ) ;
#857 = CARTESIAN_POINT ( 'NONE',  ( -0.06162275658535870670, 1.434811243458359531, -8.000000000000000000 ) ) ;
#858 = CARTESIAN_POINT ( 'NONE',  ( -1.241835198358159920, 3.829697209475906750, -8.000000000000001776 ) ) ;
#859 = ORIENTED_EDGE ( 'NONE', *, *, #446, .T. ) ;
#860 = CARTESIAN_POINT ( 'NONE',  ( 4.763909878660289365, 7.056351672633958572, 1.399999999999999689 ) ) ;
#861 = FILL_AREA_STYLE_COLOUR ( '', #2218 ) ;
#862 = CARTESIAN_POINT ( 'NONE',  ( -1.525150035052998509, 6.957020442871996835, 1.400000000000000133 ) ) ;
#863 = CARTESIAN_POINT ( 'NONE',  ( 5.675012700697954493, 3.378160615808822431, 2.000000000000000000 ) ) ;
#864 = CARTESIAN_POINT ( 'NONE',  ( -1.333694272524948099, 7.043025439281201727, 1.399999999999999689 ) ) ;
#865 = CARTESIAN_POINT ( 'NONE',  ( 0.000000000000000000, 1.166476076187853824E-15, 2.000000000000000000 ) ) ;
#866 = ORIENTED_EDGE ( 'NONE', *, *, #1375, .F. ) ;
#867 = CARTESIAN_POINT ( 'NONE',  ( 3.011909179687500604, 3.654990503647748135, 1.400000000000000133 ) ) ;
#868 = CARTESIAN_POINT ( 'NONE',  ( 0.06828470566693553567, 5.740442325367647314, 1.400000000000000133 ) ) ;
#869 = DIRECTION ( 'NONE',  ( 0.000000000000000000, 0.000000000000000000, -1.000000000000000000 ) ) ;
#870 = FACE_OUTER_BOUND ( 'NONE', #3884, .T. ) ;
#871 = CARTESIAN_POINT ( 'NONE',  ( -2.875412226811572936, -0.5924431635091723658, 2.000000000000000000 ) ) ;
#872 = FACE_OUTER_BOUND ( 'NONE', #1045, .T. ) ;
#873 = EDGE_CURVE ( 'NONE', #2731, #436, #1245, .T. ) ;
#874 = CARTESIAN_POINT ( 'NONE',  ( -0.3820718308487511816, 0.9572348179768747078, -7.799999999999998934 ) ) ;
#875 = CARTESIAN_POINT ( 'NONE',  ( 6.011154682189807197, 4.500044161263774711, 2.000000000000000000 ) ) ;
#876 = VECTOR ( 'NONE', #191, 1000.000000000000000 ) ;
#877 = B_SPLINE_CURVE_WITH_KNOTS ( 'NONE', 3,
 ( #2213, #1257, #3555, #2251, #4160, #3180, #4124, #1886, #2913, #3164, #622 ),
 .UNSPECIFIED., .F., .F.,
 ( 4, 1, 1, 1, 1, 1, 1, 1, 4 ),
 ( 0.000000000000000000, 0.1266042765279085103, 0.2496192610236175613, 0.3719166998245294620, 0.4999999999999997780, 0.6280833001754707601, 0.7503807389763819113, 0.8733957234720909346, 1.000000000000000000 ),
 .UNSPECIFIED. ) ;
#878 = CARTESIAN_POINT ( 'NONE',  ( -0.1545892757990018629, 1.526641853142973515, -8.000000000000000000 ) ) ;
#879 = EDGE_CURVE ( 'NONE', #2787, #1606, #3958, .T. ) ;
#880 = CARTESIAN_POINT ( 'NONE',  ( -1.314977296235323889, 4.082165017215587000, -8.000000000000000000 ) ) ;
#881 = CARTESIAN_POINT ( 'NONE',  ( 7.586853780418409521, 5.715202707332268872, 1.400000000000001021 ) ) ;
#882 = CARTESIAN_POINT ( 'NONE',  ( -2.508440154012308465, 6.075157875188103240, 2.000000000000000444 ) ) ;
#883 = CARTESIAN_POINT ( 'NONE',  ( 2.279083455990043472, 6.486487730416621744, 1.400000000000000133 ) ) ;
#884 = CARTESIAN_POINT ( 'NONE',  ( 6.420218237730138888, 3.517134559714983677, 1.400000000000000577 ) ) ;
#885 = CARTESIAN_POINT ( 'NONE',  ( 7.182719912619404568, 4.090691903377114969, 2.000000000000000000 ) ) ;
#886 = ORIENTED_EDGE ( 'NONE', *, *, #397, .T. ) ;
#887 = CARTESIAN_POINT ( 'NONE',  ( -0.1771711282169113333, 3.506848428763595038, -7.800000000000000711 ) ) ;
#888 = CARTESIAN_POINT ( 'NONE',  ( -0.8702688365298465456, 4.020718025970621667, -7.999999999999994671 ) ) ;
#889 = CARTESIAN_POINT ( 'NONE',  ( 0.02317954294413223509, 4.424728393949970418, -7.800000000000000711 ) ) ;
#890 = LINE ( 'NONE', #4086, #3534 ) ;
#891 = ORIENTED_EDGE ( 'NONE', *, *, #1566, .F. ) ;
#892 = ORIENTED_EDGE ( 'NONE', *, *, #391, .F. ) ;
#893 = CARTESIAN_POINT ( 'NONE',  ( 4.445836224500466116, 6.844748723518424782, 1.399999999999999689 ) ) ;
#894 = CARTESIAN_POINT ( 'NONE',  ( -2.250130960626980592, 3.232412046505646064, -7.800000000000000711 ) ) ;
#895 = DIRECTION ( 'NONE',  ( -0.000000000000000000, -0.000000000000000000, 1.000000000000000000 ) ) ;
#896 = CARTESIAN_POINT ( 'NONE',  ( 5.728238098099536657, 4.444444376626986326, 2.000000000000000000 ) ) ;
#897 = VERTEX_POINT ( 'NONE', #4166 ) ;
#898 = CARTESIAN_POINT ( 'NONE',  ( 0.1848682697560785626, -1.695566269624919853, 1.400000000000000133 ) ) ;
#899 = CARTESIAN_POINT ( 'NONE',  ( -1.829550084360219486, 4.068255955714306538, -7.999999999999996447 ) ) ;
#900 = EDGE_CURVE ( 'NONE', #1712, #1617, #2146, .T. ) ;
#901 = EDGE_LOOP ( 'NONE', ( #933, #689, #1825, #2516 ) ) ;
#902 = CARTESIAN_POINT ( 'NONE',  ( -2.350531182553786902, 4.235345646850147361, -7.999999999999998224 ) ) ;
#903 = CARTESIAN_POINT ( 'NONE',  ( -2.299176517560878708, 6.371661651599353604, 2.000000000000000000 ) ) ;
#904 = CARTESIAN_POINT ( 'NONE',  ( 3.854083726035876900, 4.596022944138671740, 1.400000000000000577 ) ) ;
#905 = CARTESIAN_POINT ( 'NONE',  ( -1.287683612970814462, 4.023582343921918714, -7.800000000000000711 ) ) ;
#906 = CARTESIAN_POINT ( 'NONE',  ( -1.891670900232652164, 3.126053538602940662, -8.000000000000000000 ) ) ;
#907 = ORIENTED_EDGE ( 'NONE', *, *, #2937, .T. ) ;
#908 = DIRECTION ( 'NONE',  ( -0.000000000000000000, 0.000000000000000000, 1.000000000000000000 ) ) ;
#909 = CARTESIAN_POINT ( 'NONE',  ( -0.2663337078762464949, 5.622274125111134779, 2.000000000000000888 ) ) ;
#910 = CARTESIAN_POINT ( 'NONE',  ( -1.265322531150320007, 3.587494698827482953, -7.800000000000007816 ) ) ;
#911 = CARTESIAN_POINT ( 'NONE',  ( 0.06828470566693553567, 5.740442325367648202, 1.400000000000001021 ) ) ;
#912 = ORIENTED_EDGE ( 'NONE', *, *, #2331, .T. ) ;
#913 = CARTESIAN_POINT ( 'NONE',  ( 5.477403666057846898, 7.270309794436741413, 2.000000000000001332 ) ) ;
#914 = CARTESIAN_POINT ( 'NONE',  ( -1.311248504541605797, 3.478206214159940579, -8.000000000000003553 ) ) ;
#915 = CARTESIAN_POINT ( 'NONE',  ( 7.542454122596037536, 5.899572322298535454, 1.999999999999999112 ) ) ;
#916 = ORIENTED_EDGE ( 'NONE', *, *, #2615, .F. ) ;
#917 = DIRECTION ( 'NONE',  ( 0.000000000000000000, -1.000000000000000000, 0.000000000000000000 ) ) ;
#918 = CARTESIAN_POINT ( 'NONE',  ( -2.247538420843296691, -2.378429038705076159, 1.399999999999999689 ) ) ;
#919 = VECTOR ( 'NONE', #4000, 1000.000000000000000 ) ;
#920 = CARTESIAN_POINT ( 'NONE',  ( -5.255711179279164647, 1.000000000000000222, -7.500000000000000000 ) ) ;
#921 = LINE ( 'NONE', #2225, #1540 ) ;
#922 = AXIS2_PLACEMENT_3D ( 'NONE', #1192, #4103, #2211 ) ;
#923 = ADVANCED_FACE ( 'NONE', ( #872, #1199, #250 ), #1539, .F. ) ;
#924 = CARTESIAN_POINT ( 'NONE',  ( 3.011560601737322873, 3.747884126212034595, 1.400000000000000133 ) ) ;
#925 = FACE_OUTER_BOUND ( 'NONE', #1314, .T. ) ;
#926 = CARTESIAN_POINT ( 'NONE',  ( -2.250130960626980592, 3.232412046505646064, -8.000000000000000000 ) ) ;
#927 = ORIENTED_EDGE ( 'NONE', *, *, #2609, .T. ) ;
#928 = CARTESIAN_POINT ( 'NONE',  ( 4.786540087916947961, 5.287908344360954693, 2.000000000000000000 ) ) ;
#929 = EDGE_CURVE ( 'NONE', #1320, #2923, #383, .T. ) ;
#930 = CARTESIAN_POINT ( 'NONE',  ( 5.255711179279164647, 1.000000000000001998, 0.000000000000000000 ) ) ;
#931 = CARTESIAN_POINT ( 'NONE',  ( -1.691221526338618331, 3.152235554678613827, -7.799999999999998934 ) ) ;
#932 = CARTESIAN_POINT ( 'NONE',  ( -0.01845532585592786490, 1.433084980085783888, -7.800000000000000711 ) ) ;
#933 = ORIENTED_EDGE ( 'NONE', *, *, #502, .F. ) ;
#934 = CARTESIAN_POINT ( 'NONE',  ( 5.107959583884817967, 7.199043964504385329, 1.399999999999999689 ) ) ;
#935 = CARTESIAN_POINT ( 'NONE',  ( -2.539452837775736160, 3.775681008731617716, -7.800000000000002487 ) ) ;
#936 = CARTESIAN_POINT ( 'NONE',  ( 7.616441868527673797, 5.392943664534009862, 1.400000000000000577 ) ) ;
#937 = CARTESIAN_POINT ( 'NONE',  ( 0.05536597756778575963, -1.700745059742647003, 1.400000000000000133 ) ) ;
#938 = ORIENTED_EDGE ( 'NONE', *, *, #3979, .T. ) ;
#939 = CARTESIAN_POINT ( 'NONE',  ( -2.893795094209558272, 0.1226411348230695558, 1.400000000000000577 ) ) ;
#940 = DIRECTION ( 'NONE',  ( 1.000000000000000000, -0.000000000000000000, 0.000000000000000000 ) ) ;
#941 = CARTESIAN_POINT ( 'NONE',  ( 0.09087723895733368362, 1.465830098744828947, -7.799999999999998934 ) ) ;
#942 = AXIS2_PLACEMENT_3D ( 'NONE', #1393, #2977, #1352 ) ;
#943 = CIRCLE ( 'NONE', #1493, 0.4999999999999996114 ) ;
#944 = CARTESIAN_POINT ( 'NONE',  ( 2.969170581724798641, 4.843184862653923339, 1.399999999999999689 ) ) ;
#945 = CARTESIAN_POINT ( 'NONE',  ( -1.314977296235323889, 4.082165017215587000, -7.800000000000000711 ) ) ;
#946 = CARTESIAN_POINT ( 'NONE',  ( 7.587660673103027165, 4.938513044080986347, 2.000000000000000000 ) ) ;
#947 = CARTESIAN_POINT ( 'NONE',  ( 4.786540087916947961, 5.287908344360954693, 1.400000000000000133 ) ) ;
#948 = CARTESIAN_POINT ( 'NONE',  ( -0.3834333498482278557, 4.373050428472024187, -7.800000000000000711 ) ) ;
#949 = CARTESIAN_POINT ( 'NONE',  ( -1.421656658044752719, 3.323913922306492630, -7.799999999999998934 ) ) ;
#950 = ORIENTED_EDGE ( 'NONE', *, *, #929, .T. ) ;
#951 = CARTESIAN_POINT ( 'NONE',  ( -2.592781723131460048, 5.914943907494232711, 2.000000000000000000 ) ) ;
#952 = EDGE_CURVE ( 'NONE', #2716, #3093, #1547, .T. ) ;
#953 = CARTESIAN_POINT ( 'NONE',  ( -2.662889172289567785, -1.684570701234592738, 1.399999999999999689 ) ) ;
#954 = CARTESIAN_POINT ( 'NONE',  ( -2.081266313675437907, 3.151384676317088296, -7.800000000000004263 ) ) ;
#955 = CARTESIAN_POINT ( 'NONE',  ( -1.889825367647059107, 4.425308478860293881, -7.800000000000000711 ) ) ;
#956 = CARTESIAN_POINT ( 'NONE',  ( 0.05536597756778575963, -1.700745059742647003, 1.999999999999999556 ) ) ;
#957 = CARTESIAN_POINT ( 'NONE',  ( 3.722250620872476379, 5.349909264388672980, 2.000000000000000000 ) ) ;
#958 = VERTEX_POINT ( 'NONE', #333 ) ;
#959 = CARTESIAN_POINT ( 'NONE',  ( -1.772821517870876162, 4.049929566991771424, -8.000000000000000000 ) ) ;
#960 = LINE ( 'NONE', #2265, #1823 ) ;
#961 = B_SPLINE_CURVE_WITH_KNOTS ( 'NONE', 3,
 ( #3925, #2009, #3859, #1327, #405, #2305, #694, #384, #2954, #65, #1351 ),
 .UNSPECIFIED., .F., .F.,
 ( 4, 1, 1, 1, 1, 1, 1, 1, 4 ),
 ( 0.000000000000000000, 0.1266042765279084825, 0.2496192610236181164, 0.3719166998245290179, 0.4999999999999998890, 0.6280833001754712042, 0.7503807389763818003, 0.8733957234720914897, 1.000000000000000000 ),
 .UNSPECIFIED. ) ;
#962 = CARTESIAN_POINT ( 'NONE',  ( 3.722482038588205366, 5.220524680100828263, 2.000000000000000444 ) ) ;
#963 = CARTESIAN_POINT ( 'NONE',  ( 7.397727384480455193, 4.408377608780962298, 2.000000000000000444 ) ) ;
#964 = DIRECTION ( 'NONE',  ( -0.000000000000000000, -0.000000000000000000, 1.000000000000000000 ) ) ;
#965 = CARTESIAN_POINT ( 'NONE',  ( 0.4637678273970080034, -1.420074440571078123, 1.400000000000000133 ) ) ;
#966 = LINE ( 'NONE', #1596, #1708 ) ;
#967 = VERTEX_POINT ( 'NONE', #1625 ) ;
#968 = CARTESIAN_POINT ( 'NONE',  ( -2.880606522959398674, 4.301734419394539266, 2.000000000000000000 ) ) ;
#969 = ORIENTED_EDGE ( 'NONE', *, *, #2814, .F. ) ;
#970 = CARTESIAN_POINT ( 'NONE',  ( 0.1363431775463627427, 1.719732296405072969, -7.800000000000000711 ) ) ;
#971 = CARTESIAN_POINT ( 'NONE',  ( -2.394239970873135004, 3.363563967792370768, -8.000000000000000000 ) ) ;
#972 = CARTESIAN_POINT ( 'NONE',  ( -0.1033804419104787653, 0.9221193941738248245, -8.000000000000000000 ) ) ;
#973 = EDGE_CURVE ( 'NONE', #2605, #2320, #2607, .T. ) ;
#974 = CARTESIAN_POINT ( 'NONE',  ( 13.35000000000000142, 2.801379553049570458E-15, 2.000000000000000000 ) ) ;
#975 = CARTESIAN_POINT ( 'NONE',  ( -2.547415968459849189, -1.921329670342290852, 1.400000000000000577 ) ) ;
#976 = CARTESIAN_POINT ( 'NONE',  ( -2.412299969613455719, 6.228691278489837835, 1.999999999999999556 ) ) ;
#977 = EDGE_LOOP ( 'NONE', ( #1714, #1997, #2113, #4075 ) ) ;
#978 = EDGE_CURVE ( 'NONE', #30, #967, #2986, .T. ) ;
#979 = CARTESIAN_POINT ( 'NONE',  ( -1.594540153952206163, 3.783678316602519409, -8.000000000000000000 ) ) ;
#980 = DIRECTION ( 'NONE',  ( 1.000000000000000000, -0.000000000000000000, 0.000000000000000000 ) ) ;
#981 = VECTOR ( 'NONE', #1408, 1000.000000000000000 ) ;
#982 = CARTESIAN_POINT ( 'NONE',  ( 5.669476102941175988, 6.212898667279410425, 1.400000000000000133 ) ) ;
#983 = CARTESIAN_POINT ( 'NONE',  ( 0.3101413257314387661, -3.233641817478525304, 2.000000000000000000 ) ) ;
#984 = B_SPLINE_SURFACE_WITH_KNOTS ( 'NONE', 3, 1, ( 
 ( #868, #3825 ),
 ( #4159, #3843 ),
 ( #1577, #2231 ),
 ( #3478, #1885 ),
 ( #2168, #909 ),
 ( #269, #1557 ),
 ( #3457, #3499 ),
 ( #246, #1595 ),
 ( #1866, #621 ),
 ( #2817, #287 ),
 ( #565, #604 ),
 ( #1905, #3179 ),
 ( #1619, #4104 ),
 ( #1937, #3199 ),
 ( #3163, #2506 ) ),
 .UNSPECIFIED., .F., .F., .F.,
 ( 4, 1, 1, 1, 1, 1, 1, 1, 1, 1, 1, 1, 4 ),
 ( 2, 2 ),
 ( 0.000000000000000000, 0.09120244535704456756, 0.1695125275593714342, 0.2429296697385942005, 0.3188632777225068882, 0.3637035003515412535, 0.4198192760793774680, 0.4866759867146992491, 0.5655077154004706230, 0.6565998642578245725, 0.7586999324825440816, 0.8731422143676402792, 1.000000000000000000 ),
 ( 0.000000000000000000, 1.000000000000000000 ),
 .UNSPECIFIED. ) ;
#985 = CIRCLE ( 'NONE', #53, 1.000000000000000000 ) ;
#986 = CARTESIAN_POINT ( 'NONE',  ( -1.287683612970814462, 4.023582343921918714, -7.999999999999996447 ) ) ;
#987 = CARTESIAN_POINT ( 'NONE',  ( -1.003629590609684596, 3.308974056301723365, -7.800000000000000711 ) ) ;
#988 = CARTESIAN_POINT ( 'NONE',  ( 0.02317954294413223509, 4.424728393949970418, -7.999999999999992895 ) ) ;
#989 = ORIENTED_EDGE ( 'NONE', *, *, #2368, .F. ) ;
#990 = CARTESIAN_POINT ( 'NONE',  ( 0.01291872809915063300, 7.275925436580882533, 2.000000000000000444 ) ) ;
#991 = B_SPLINE_CURVE_WITH_KNOTS ( 'NONE', 3,
 ( #3248, #1657, #4115, #2048, #2374, #3296, #3652, #3634, #3944, #773, #3924, #3316, #424, #41, #3965 ),
 .UNSPECIFIED., .F., .F.,
 ( 4, 1, 1, 1, 1, 1, 1, 1, 1, 1, 1, 1, 4 ),
 ( 0.000000000000000000, 0.1381666428321286499, 0.2618084338870914629, 0.3709908410301945292, 0.4669257882714015762, 0.5472437745748076621, 0.6146019942490124066, 0.6669264355466502092, 0.7067917575319537793, 0.7710360877517146161, 0.8372617862306160896, 0.9112299409179618337, 0.9999999999999998890 ),
 .UNSPECIFIED. ) ;
#992 = VERTEX_POINT ( 'NONE', #1964 ) ;
#993 = CARTESIAN_POINT ( 'NONE',  ( 0.1272571841676057025, 1.574889035317861730, -7.799999999999998934 ) ) ;
#994 = CARTESIAN_POINT ( 'NONE',  ( 0.5315133846507361648, 4.520545286290785114, 1.400000000000000133 ) ) ;
#995 = CARTESIAN_POINT ( 'NONE',  ( 0.1363431775463627427, 1.719732296405072969, -8.000000000000000000 ) ) ;
#996 = DIRECTION ( 'NONE',  ( 1.000000000000000000, 0.000000000000000000, 0.000000000000000000 ) ) ;
#997 = ORIENTED_EDGE ( 'NONE', *, *, #816, .T. ) ;
#998 = DIRECTION ( 'NONE',  ( -0.000000000000000000, -0.000000000000000000, -1.000000000000000000 ) ) ;
#999 = CARTESIAN_POINT ( 'NONE',  ( -0.1607800175094121209, 1.553024738364621848, -7.999999999999998224 ) ) ;
#1000 = EDGE_CURVE ( 'NONE', #1712, #958, #595, .T. ) ;
#1001 = CARTESIAN_POINT ( 'NONE',  ( -0.06643917308134131283, 0.9212572763480387783, -7.800000000000000711 ) ) ;
#1002 = CARTESIAN_POINT ( 'NONE',  ( -2.003718227396602547, 4.051347297041975715, -7.800000000000000711 ) ) ;
#1003 = CARTESIAN_POINT ( 'NONE',  ( 1.700314538021465927, -2.927189060080103822, 2.000000000000000444 ) ) ;
#1004 = VECTOR ( 'NONE', #3127, 1000.000000000000000 ) ;
#1005 = CARTESIAN_POINT ( 'NONE',  ( -1.348200672852992721, 4.137390307291287428, -7.800000000000000711 ) ) ;
#1006 = CARTESIAN_POINT ( 'NONE',  ( 7.618358513327205372, 5.327043026194852260, 1.400000000000000133 ) ) ;
#1007 = CARTESIAN_POINT ( 'NONE',  ( -0.004306242699716154865, 4.425308478860293881, -7.999999999999992895 ) ) ;
#1008 = VECTOR ( 'NONE', #669, 1000.000000000000000 ) ;
#1009 = CYLINDRICAL_SURFACE ( 'NONE', #146, 1.000000000000000000 ) ;
#1010 = ORIENTED_EDGE ( 'NONE', *, *, #425, .T. ) ;
#1011 = ORIENTED_EDGE ( 'NONE', *, *, #1000, .F. ) ;
#1012 = FACE_BOUND ( 'NONE', #1216, .T. ) ;
#1013 = CARTESIAN_POINT ( 'NONE',  ( 0.02039752048580413188, 3.911748731444347538, -7.800000000000000711 ) ) ;
#1014 = CARTESIAN_POINT ( 'NONE',  ( 0.02424585797955260830, 1.434425559331593991, -7.999999999999998224 ) ) ;
#1015 = CARTESIAN_POINT ( 'NONE',  ( 6.496474967872253536, 4.985364446946220163, 1.400000000000000133 ) ) ;
#1016 = CARTESIAN_POINT ( 'NONE',  ( 4.794386074457576363, 5.507702971591401209, 1.400000000000000133 ) ) ;
#1017 = ORIENTED_EDGE ( 'NONE', *, *, #952, .F. ) ;
#1018 = ORIENTED_EDGE ( 'NONE', *, *, #2384, .F. ) ;
#1019 = CARTESIAN_POINT ( 'NONE',  ( -0.1771711282169113333, 3.506848428763595038, -8.000000000000005329 ) ) ;
#1020 = CARTESIAN_POINT ( 'NONE',  ( -0.1453467136265883530, 1.499695798360753729, -8.000000000000000000 ) ) ;
#1021 = ORIENTED_EDGE ( 'NONE', *, *, #625, .F. ) ;
#1022 = CARTESIAN_POINT ( 'NONE',  ( 7.587660673103027165, 4.938513044080986347, 1.400000000000000133 ) ) ;
#1023 = B_SPLINE_SURFACE_WITH_KNOTS ( 'NONE', 3, 1, ( 
 ( #1214, #2833 ),
 ( #2852, #4141 ),
 ( #2189, #2250 ),
 ( #3519, #1256 ),
 ( #948, #1236 ),
 ( #1274, #2566 ),
 ( #3537, #639 ),
 ( #3215, #327 ),
 ( #2891, #582 ),
 ( #8, #3767 ),
 ( #3785, #888 ),
 ( #1309, #698 ),
 ( #387, #1959 ),
 ( #1333, #678 ),
 ( #3882, #3597 ),
 ( #346, #3906 ),
 ( #3616, #2957 ),
 ( #2601, #364 ),
 ( #1994, #2332 ),
 ( #409, #3301 ),
 ( #987, #1057 ),
 ( #1640, #2933 ),
 ( #657, #26 ) ),
 .UNSPECIFIED., .F., .F., .F.,
 ( 4, 1, 1, 1, 1, 1, 1, 1, 1, 1, 1, 1, 1, 1, 1, 1, 1, 1, 1, 1, 4 ),
 ( 2, 2 ),
 ( 0.000000000000000000, 0.07341718910413168320, 0.1437253826319839778, 0.2114340723874597872, 0.2772166688952008573, 0.3396395325819211997, 0.3969250946675014768, 0.4501936163668891488, 0.4997323664609226723, 0.5476346839795817045, 0.5952691883098076842, 0.6432179811272449310, 0.6919195927998021967, 0.7181007705444277800, 0.7477824883261742217, 0.7811114796864634391, 0.8177386928779271091, 0.8580081390632965377, 0.9016389268421888259, 0.9489655032668082857, 1.000000000000000000 ),
 ( 0.000000000000000000, 1.000000000000000000 ),
 .UNSPECIFIED. ) ;
#1024 = ORIENTED_EDGE ( 'NONE', *, *, #1808, .F. ) ;
#1025 = CARTESIAN_POINT ( 'NONE',  ( 4.792220915652936064, 5.165080501449014427, 1.400000000000000133 ) ) ;
#1026 = CARTESIAN_POINT ( 'NONE',  ( -2.185110581341912273, 3.775681008731617272, -7.800000000000000711 ) ) ;
#1027 = VECTOR ( 'NONE', #3585, 1000.000000000000000 ) ;
#1028 = FACE_BOUND ( 'NONE', #3398, .T. ) ;
#1029 = EDGE_CURVE ( 'NONE', #517, #1320, #831, .T. ) ;
#1030 = EDGE_LOOP ( 'NONE', ( #2322, #892, #2070, #2603, #891, #2415 ) ) ;
#1031 = CARTESIAN_POINT ( 'NONE',  ( -0.1494620973811106868, 3.849797360704077409, -8.000000000000007105 ) ) ;
#1032 = CARTESIAN_POINT ( 'NONE',  ( 7.397727384480455193, 4.408377608780962298, 1.400000000000000577 ) ) ;
#1033 = CARTESIAN_POINT ( 'NONE',  ( 0.7663921725202931245, 4.123887217199784239, -7.999999999999991118 ) ) ;
#1034 = ORIENTED_EDGE ( 'NONE', *, *, #3614, .T. ) ;
#1035 = CARTESIAN_POINT ( 'NONE',  ( 4.783620461856617823, 5.351034949807558228, 1.400000000000000133 ) ) ;
#1036 = ORIENTED_EDGE ( 'NONE', *, *, #3569, .T. ) ;
#1037 = VERTEX_POINT ( 'NONE', #994 ) ;
#1038 = CARTESIAN_POINT ( 'NONE',  ( 5.604776431629393763, 3.379806081847907429, 2.000000000000000000 ) ) ;
#1039 = CARTESIAN_POINT ( 'NONE',  ( -2.513145308454868054, 3.585078304390528992, -8.000000000000000000 ) ) ;
#1040 = CARTESIAN_POINT ( 'NONE',  ( 0.8033890474237666002, 1.281811103338956315, -8.000000000000000000 ) ) ;
#1041 = CARTESIAN_POINT ( 'NONE',  ( -2.184024917503015306, 3.795268340451070976, -7.800000000000000711 ) ) ;
#1042 = CARTESIAN_POINT ( 'NONE',  ( -1.595513362638982802, 3.762636114786984454, -7.800000000000000711 ) ) ;
#1043 = VERTEX_POINT ( 'NONE', #722 ) ;
#1044 = EDGE_LOOP ( 'NONE', ( #707, #60, #2078, #1699 ) ) ;
#1045 = EDGE_LOOP ( 'NONE', ( #3994, #4081, #278, #1549 ) ) ;
#1046 = CARTESIAN_POINT ( 'NONE',  ( -12.34999999999999964, -5.500000000000004441, 1.000000000000000000 ) ) ;
#1047 = CARTESIAN_POINT ( 'NONE',  ( -0.1294218374353432177, 1.471827996905829217, -7.800000000000000711 ) ) ;
#1048 = CARTESIAN_POINT ( 'NONE',  ( 0.4710356418562245961, 5.469267312821011195, 1.999999999999999112 ) ) ;
#1049 = LINE ( 'NONE', #3567, #2836 ) ;
#1050 = CARTESIAN_POINT ( 'NONE',  ( 5.041415413607677642, 4.693898877860265273, 1.399999999999999689 ) ) ;
#1051 = CARTESIAN_POINT ( 'NONE',  ( 0.000000000000000000, 1.166476076187853824E-15, -4.999999999999997335 ) ) ;
#1052 = CARTESIAN_POINT ( 'NONE',  ( -0.06643917308134131283, 0.9212572763480387783, -8.000000000000000000 ) ) ;
#1053 = EDGE_LOOP ( 'NONE', ( #3145, #1206, #2883, #1024 ) ) ;
#1054 = VECTOR ( 'NONE', #2263, 1000.000000000000000 ) ;
#1055 = ADVANCED_FACE ( 'NONE', ( #2962, #2316 ), #34, .T. ) ;
#1056 = CARTESIAN_POINT ( 'NONE',  ( -0.1771711282169113333, 3.506848428763595038, -7.800000000000000711 ) ) ;
#1057 = CARTESIAN_POINT ( 'NONE',  ( -1.003629590609684596, 3.308974056301723365, -7.999999999999996447 ) ) ;
#1058 = CARTESIAN_POINT ( 'NONE',  ( 0.7663921725202931245, 4.123887217199784239, -7.799999999999998934 ) ) ;
#1059 = EDGE_LOOP ( 'NONE', ( #1789, #3481, #3402 ) ) ;
#1060 = CARTESIAN_POINT ( 'NONE',  ( 3.011909179687500604, 0.2776658720128675761, 1.400000000000000133 ) ) ;
#1061 = VECTOR ( 'NONE', #964, 1000.000000000000000 ) ;
#1062 = ADVANCED_FACE ( 'NONE', ( #685 ), #1889, .T. ) ;
#1063 = CARTESIAN_POINT ( 'NONE',  ( -0.007663799463477770704, 3.912874877359370451, -7.999999999999996447 ) ) ;
#1064 = AXIS2_PLACEMENT_3D ( 'NONE', #312, #3506, #628 ) ;
#1065 = CARTESIAN_POINT ( 'NONE',  ( 0.5021599676823165215, 5.291135938907136627, 1.999999999999999556 ) ) ;
#1066 = CARTESIAN_POINT ( 'NONE',  ( -2.003718227396602547, 4.051347297041975715, -7.999999999999998224 ) ) ;
#1067 = CARTESIAN_POINT ( 'NONE',  ( -1.597406971884312465, 3.721693500483004513, -7.800000000000000711 ) ) ;
#1068 = CYLINDRICAL_SURFACE ( 'NONE', #1123, 13.35000000000000142 ) ;
#1069 = CARTESIAN_POINT ( 'NONE',  ( 5.669476102941175988, 6.212898667279410425, 2.000000000000000000 ) ) ;
#1070 = CARTESIAN_POINT ( 'NONE',  ( 0.1142040765463363250, 5.738566855073826467, 1.999999999999998224 ) ) ;
#1071 = LINE ( 'NONE', #1372, #2350 ) ;
#1072 = LINE ( 'NONE', #426, #1461 ) ;
#1073 = CARTESIAN_POINT ( 'NONE',  ( 5.163472194245839475, 6.064031193717939416, 1.400000000000000577 ) ) ;
#1074 = LINE ( 'NONE', #2706, #3092 ) ;
#1075 = CARTESIAN_POINT ( 'NONE',  ( 0.7903515363998023791, 7.211852079832890894, 2.000000000000000444 ) ) ;
#1076 = CARTESIAN_POINT ( 'NONE',  ( 0.1571700648719759341, 4.417766041904566343, -7.800000000000002487 ) ) ;
#1077 = FACE_OUTER_BOUND ( 'NONE', #40, .T. ) ;
#1078 = B_SPLINE_CURVE_WITH_KNOTS ( 'NONE', 3,
 ( #1417, #3380, #3359, #1075, #2707, #3693, #3715, #473, #154, #2399, #3991, #799, #3672, #1095, #3089, #818, #778, #197, #493, #3066, #1482, #1163, #2461 ),
 .UNSPECIFIED., .F., .F.,
 ( 4, 1, 1, 1, 1, 1, 1, 1, 1, 1, 1, 1, 1, 1, 1, 1, 1, 1, 1, 1, 4 ),
 ( 0.000000000000000000, 0.07341718910413176646, 0.1437253826319840333, 0.2114340723874598704, 0.2772166688952008018, 0.3396395325819210886, 0.3969250946675014768, 0.4501936163668892599, 0.4997323664609231719, 0.5476346839795819266, 0.5952691883098076842, 0.6432179811272450420, 0.6919195927998020856, 0.7181007705444277800, 0.7477824883261743327, 0.7811114796864634391, 0.8177386928779272202, 0.8580081390632968708, 0.9016389268421889369, 0.9489655032668083967, 1.000000000000000000 ),
 .UNSPECIFIED. ) ;
#1079 = EDGE_CURVE ( 'NONE', #3446, #2605, #3704, .T. ) ;
#1080 = CARTESIAN_POINT ( 'NONE',  ( -1.948032052545760839, 3.483622007462312098, -7.800000000000000711 ) ) ;
#1081 = CARTESIAN_POINT ( 'NONE',  ( 0.6856524369656664675, 1.137461998621413395, -7.799999999999998934 ) ) ;
#1082 = CARTESIAN_POINT ( 'NONE',  ( -1.889825367647059107, 4.070966222426470438, -7.800000000000000711 ) ) ;
#1083 = CARTESIAN_POINT ( 'NONE',  ( -0.1739362949226315735, 3.678938787484490991, -7.799999999999997158 ) ) ;
#1084 = EDGE_CURVE ( 'NONE', #1085, #2904, #1610, .T. ) ;
#1085 = VERTEX_POINT ( 'NONE', #803 ) ;
#1086 = CARTESIAN_POINT ( 'NONE',  ( -9.850000000000001421, 1.206274178563630046E-15, -4.999999999999997335 ) ) ;
#1087 = CARTESIAN_POINT ( 'NONE',  ( -0.4948004438060844556, 4.330791417724682901, -8.000000000000000000 ) ) ;
#1088 = CARTESIAN_POINT ( 'NONE',  ( -0.03355601300966146866, 1.433688855801658946, -7.800000000000000711 ) ) ;
#1089 = CARTESIAN_POINT ( 'NONE',  ( -1.587969959553431343, 4.352117224211320412, -7.800000000000000711 ) ) ;
#1090 = CARTESIAN_POINT ( 'NONE',  ( -0.4090295326390854802, -0.8408031107847822039, 1.999999999999999112 ) ) ;
#1091 = CARTESIAN_POINT ( 'NONE',  ( -1.003629590609684596, 3.308974056301723365, -7.800000000000000711 ) ) ;
#1092 = CARTESIAN_POINT ( 'NONE',  ( 0.9617136630375936468, 1.876605554784155805, -7.999999999999996447 ) ) ;
#1093 = VERTEX_POINT ( 'NONE', #2445 ) ;
#1094 = CARTESIAN_POINT ( 'NONE',  ( -1.643732434917854812, 4.379811710216912068, -7.999999999999996447 ) ) ;
#1095 = CARTESIAN_POINT ( 'NONE',  ( 2.890415431689860259, 5.371169062544915995, 1.999999999999999556 ) ) ;
#1096 = CARTESIAN_POINT ( 'NONE',  ( -2.466344444837662575, 4.081664639335975231, -7.800000000000002487 ) ) ;
#1097 = CARTESIAN_POINT ( 'NONE',  ( 2.881343980191932275, -1.439325461682739782, 1.999999999999999556 ) ) ;
#1098 = ORIENTED_EDGE ( 'NONE', *, *, #1250, .T. ) ;
#1099 = CARTESIAN_POINT ( 'NONE',  ( -2.003718227396603435, 3.500014720421257941, -7.800000000000002487 ) ) ;
#1100 = CARTESIAN_POINT ( 'NONE',  ( 0.9463330321228982100, 1.672407048873434832, -7.800000000000000711 ) ) ;
#1101 = CARTESIAN_POINT ( 'NONE',  ( 12.34999999999999964, -5.500000000000004441, 2.000000000000000000 ) ) ;
#1102 = CARTESIAN_POINT ( 'NONE',  ( 5.073664579015853882, 3.456706664035845034, 1.400000000000000133 ) ) ;
#1103 = CARTESIAN_POINT ( 'NONE',  ( 5.255711179279164647, 1.000000000000001998, -7.500000000000000000 ) ) ;
#1104 = CARTESIAN_POINT ( 'NONE',  ( -1.519443653518315340, 3.237213869575690683, -7.800000000000002487 ) ) ;
#1105 = ADVANCED_FACE ( 'NONE', ( #3995 ), #137, .F. ) ;
#1106 = CARTESIAN_POINT ( 'NONE',  ( 0.1362658207354226769, 3.624164207961799278, -8.000000000000001776 ) ) ;
#1107 = CARTESIAN_POINT ( 'NONE',  ( 13.35000000000000142, -5.500000000000004441, 1.000000000000000000 ) ) ;
#1108 = CARTESIAN_POINT ( 'NONE',  ( -2.514151374198680511, 3.966524107432846336, -8.000000000000001776 ) ) ;
#1109 = EDGE_CURVE ( 'NONE', #176, #1485, #2754, .T. ) ;
#1110 = CARTESIAN_POINT ( 'NONE',  ( 0.9645983647365202751, 2.040880378274356755, -8.000000000000001776 ) ) ;
#1111 = LINE ( 'NONE', #3423, #2511 ) ;
#1112 = ORIENTED_EDGE ( 'NONE', *, *, #3314, .T. ) ;
#1113 = FILL_AREA_STYLE ('',( #861 ) ) ;
#1114 = CARTESIAN_POINT ( 'NONE',  ( -1.889825367647059107, 4.425308478860293881, -7.999999999999996447 ) ) ;
#1115 = CARTESIAN_POINT ( 'NONE',  ( 0.02039752048580413188, 3.911748731444347538, -7.800000000000000711 ) ) ;
#1116 = CARTESIAN_POINT ( 'NONE',  ( -2.196848794988070619, 4.351359397897606840, -7.800000000000004263 ) ) ;
#1117 = LINE ( 'NONE', #560, #1147 ) ;
#1118 = APPLICATION_CONTEXT ( 'automotive_design' ) ;
#1119 = ORIENTED_EDGE ( 'NONE', *, *, #421, .T. ) ;
#1120 = CARTESIAN_POINT ( 'NONE',  ( -12.34999999999999964, -5.500000000000004441, 1.000000000000000000 ) ) ;
#1121 = CARTESIAN_POINT ( 'NONE',  ( 0.9526317946976062823, 1.734454023579438342, -7.800000000000002487 ) ) ;
#1122 = CARTESIAN_POINT ( 'NONE',  ( -0.6488704076559084211, 1.074771114938449568, -8.000000000000000000 ) ) ;
#1123 = AXIS2_PLACEMENT_3D ( 'NONE', #37, #998, #3288 ) ;
#1124 = CARTESIAN_POINT ( 'NONE',  ( 4.558330960554942024, 3.711641608727071162, 1.400000000000000133 ) ) ;
#1125 = VERTEX_POINT ( 'NONE', #4015 ) ;
#1126 = VECTOR ( 'NONE', #1564, 1000.000000000000000 ) ;
#1127 = CARTESIAN_POINT ( 'NONE',  ( -12.34999999999999964, -5.500000000000004441, 2.000000000000000000 ) ) ;
#1128 = CARTESIAN_POINT ( 'NONE',  ( -1.003969726562499387, 3.218330167882581971, -8.000000000000000000 ) ) ;
#1129 = CARTESIAN_POINT ( 'NONE',  ( -0.9888569496118871927, 1.696841978194023604, -7.800000000000000711 ) ) ;
#1130 = CARTESIAN_POINT ( 'NONE',  ( -0.9809181555191894830, 1.636842225616915281, -7.799999999999998934 ) ) ;
#1131 = EDGE_CURVE ( 'NONE', #1650, #3190, #3293, .T. ) ;
#1132 = CARTESIAN_POINT ( 'NONE',  ( -2.466344444837662575, 4.081664639335975231, -8.000000000000001776 ) ) ;
#1133 = DIRECTION ( 'NONE',  ( 1.000000000000000000, 0.000000000000000000, 0.000000000000000000 ) ) ;
#1134 = CARTESIAN_POINT ( 'NONE',  ( 0.02317954294413223509, 4.424728393949970418, -8.000000000000000000 ) ) ;
#1135 = ADVANCED_FACE ( 'NONE', ( #498 ), #2488, .T. ) ;
#1136 = LINE ( 'NONE', #838, #3558 ) ;
#1137 = CARTESIAN_POINT ( 'NONE',  ( -1.763088430358897840, 4.414749907739706103, -7.999999999999994671 ) ) ;
#1138 = CARTESIAN_POINT ( 'NONE',  ( 0.1204427175565574021, 3.791185082280701835, -7.800000000000002487 ) ) ;
#1139 = CARTESIAN_POINT ( 'NONE',  ( -2.181884368916364725, 3.717474323832916205, -7.800000000000000711 ) ) ;
#1140 = CARTESIAN_POINT ( 'NONE',  ( 2.554651554652831003, -2.153501154805995466, 1.399999999999999689 ) ) ;
#1141 = ORIENTED_EDGE ( 'NONE', *, *, #3183, .T. ) ;
#1142 = CARTESIAN_POINT ( 'NONE',  ( -1.909412699366512811, 3.481481458875660628, -7.799999999999998934 ) ) ;
#1143 = CARTESIAN_POINT ( 'NONE',  ( 3.005630094032006205, 4.185348301074226285, 1.399999999999999245 ) ) ;
#1144 = LINE ( 'NONE', #247, #215 ) ;
#1145 = DIRECTION ( 'NONE',  ( 0.000000000000000000, 0.000000000000000000, 1.000000000000000000 ) ) ;
#1146 = ORIENTED_EDGE ( 'NONE', *, *, #2307, .T. ) ;
#1147 = VECTOR ( 'NONE', #2752, 1000.000000000000000 ) ;
#1148 = FACE_OUTER_BOUND ( 'NONE', #3578, .T. ) ;
#1149 = CARTESIAN_POINT ( 'NONE',  ( -1.691221526338618331, 3.152235554678613827, -7.799999999999998934 ) ) ;
#1150 = CARTESIAN_POINT ( 'NONE',  ( -0.9935978559613163341, 1.763416898568275881, -7.999999999999996447 ) ) ;
#1151 = ORIENTED_EDGE ( 'NONE', *, *, #3108, .T. ) ;
#1152 = CARTESIAN_POINT ( 'NONE',  ( -1.726138954152871108, 3.527359723887625087, -7.800000000000002487 ) ) ;
#1153 = AXIS2_PLACEMENT_3D ( 'NONE', #4059, #516, #495 ) ;
#1154 = EDGE_LOOP ( 'NONE', ( #912, #1157, #398, #3246 ) ) ;
#1155 = PLANE ( 'NONE',  #2611 ) ;
#1156 = CARTESIAN_POINT ( 'NONE',  ( -0.3834333498482278557, 4.373050428472024187, -7.800000000000000711 ) ) ;
#1157 = ORIENTED_EDGE ( 'NONE', *, *, #2609, .F. ) ;
#1158 = CARTESIAN_POINT ( 'NONE',  ( 0.9542808593935430128, 3.531990523762009282, -8.000000000000000000 ) ) ;
#1159 = VERTEX_POINT ( 'NONE', #519 ) ;
#1160 = FACE_OUTER_BOUND ( 'NONE', #901, .T. ) ;
#1161 = CARTESIAN_POINT ( 'NONE',  ( -2.857895384092816293, -0.7966379292616853069, 2.000000000000000000 ) ) ;
#1162 = ADVANCED_FACE ( 'NONE', ( #541 ), #4061, .T. ) ;
#1163 = CARTESIAN_POINT ( 'NONE',  ( 3.011560601737322873, 3.747884126212034595, 2.000000000000000000 ) ) ;
#1164 = CARTESIAN_POINT ( 'NONE',  ( -2.592781723131460048, 5.914943907494232711, 1.400000000000000133 ) ) ;
#1165 = CARTESIAN_POINT ( 'NONE',  ( 6.555331744025734153, 5.327043026194852260, 1.400000000000000133 ) ) ;
#1166 = VECTOR ( 'NONE', #3938, 1000.000000000000000 ) ;
#1167 = CARTESIAN_POINT ( 'NONE',  ( 0.000000000000000000, 1.166476076187853824E-15, 2.000000000000000000 ) ) ;
#1168 = EDGE_CURVE ( 'NONE', #3093, #1320, #116, .T. ) ;
#1169 = CARTESIAN_POINT ( 'NONE',  ( 3.010888771829057120, 3.926922168905172317, 2.000000000000000444 ) ) ;
#1170 = CARTESIAN_POINT ( 'NONE',  ( -0.7249872487790058884, 1.134799593976555609, -7.999999999999998224 ) ) ;
#1171 = CARTESIAN_POINT ( 'NONE',  ( -0.1761139641231494191, 5.693444108382381685, 1.999999999999999556 ) ) ;
#1172 = AXIS2_PLACEMENT_3D ( 'NONE', #335, #2943, #1928 ) ;
#1173 = ORIENTED_EDGE ( 'NONE', *, *, #1272, .T. ) ;
#1174 = CARTESIAN_POINT ( 'NONE',  ( -1.830289435665744424, -2.764526726215462027, 1.399999999999999689 ) ) ;
#1175 = CARTESIAN_POINT ( 'NONE',  ( -1.284694575345291856, 3.532007648046221249, -7.799999999999995381 ) ) ;
#1176 = CARTESIAN_POINT ( 'NONE',  ( -0.9734862583013677018, 1.583132881423860105, -7.999999999999998224 ) ) ;
#1177 = CARTESIAN_POINT ( 'NONE',  ( -0.9006689049055440766, 1.362919390388692920, -7.799999999999998934 ) ) ;
#1178 = ORIENTED_EDGE ( 'NONE', *, *, #649, .T. ) ;
#1179 = CARTESIAN_POINT ( 'NONE',  ( -0.01845532585592786490, 1.433084980085783888, -8.000000000000000000 ) ) ;
#1180 = CARTESIAN_POINT ( 'NONE',  ( -5.255711179279164647, 1.000000000000000222, -8.000000000000000000 ) ) ;
#1181 = VERTEX_POINT ( 'NONE', #2851 ) ;
#1182 = CARTESIAN_POINT ( 'NONE',  ( 4.161847766804415372, 6.569419445881130137, 1.400000000000000133 ) ) ;
#1183 = CARTESIAN_POINT ( 'NONE',  ( 5.735970430922379570, 7.273951563610323134, 1.400000000000000133 ) ) ;
#1184 = CARTESIAN_POINT ( 'NONE',  ( -2.031677332670113856, 6.633212866681734710, 2.000000000000000444 ) ) ;
#1185 = FACE_OUTER_BOUND ( 'NONE', #3799, .T. ) ;
#1186 = CARTESIAN_POINT ( 'NONE',  ( -1.525150035052998509, 6.957020442871996835, 1.400000000000000133 ) ) ;
#1187 = CARTESIAN_POINT ( 'NONE',  ( 2.554651554652831003, -2.153501154805995466, 1.999999999999999556 ) ) ;
#1188 = B_SPLINE_CURVE_WITH_KNOTS ( 'NONE', 3,
 ( #691, #123, #708, #3895, #3981, #1087, #3565, #1967, #3244, #355, #3267, #1672, #2946, #1344, #789, #504, #2450, #2761, #2781, #2717, #143, #2408, #1128 ),
 .UNSPECIFIED., .F., .F.,
 ( 4, 1, 1, 1, 1, 1, 1, 1, 1, 1, 1, 1, 1, 1, 1, 1, 1, 1, 1, 1, 4 ),
 ( 0.000000000000000000, 0.07341718910413168320, 0.1437253826319839778, 0.2114340723874597872, 0.2772166688952008573, 0.3396395325819211997, 0.3969250946675014768, 0.4501936163668891488, 0.4997323664609226723, 0.5476346839795817045, 0.5952691883098076842, 0.6432179811272449310, 0.6919195927998021967, 0.7181007705444277800, 0.7477824883261742217, 0.7811114796864634391, 0.8177386928779271091, 0.8580081390632965377, 0.9016389268421888259, 0.9489655032668082857, 1.000000000000000000 ),
 .UNSPECIFIED. ) ;
#1189 = ORIENTED_EDGE ( 'NONE', *, *, #608, .T. ) ;
#1190 = EDGE_CURVE ( 'NONE', #3489, #366, #2527, .T. ) ;
#1191 = ORIENTED_EDGE ( 'NONE', *, *, #3207, .F. ) ;
#1192 = CARTESIAN_POINT ( 'NONE',  ( 0.5315133846507361648, -0.5251408027200140660, 1.400000000000000133 ) ) ;
#1193 = DIRECTION ( 'NONE',  ( 0.000000000000000000, 0.000000000000000000, 1.000000000000000000 ) ) ;
#1194 = CARTESIAN_POINT ( 'NONE',  ( -0.2663337078762464949, 5.622274125111134779, 1.400000000000000577 ) ) ;
#1195 = CARTESIAN_POINT ( 'NONE',  ( 5.255711179279164647, 1.000000000000001998, -8.000000000000000000 ) ) ;
#1196 = ORIENTED_EDGE ( 'NONE', *, *, #1131, .F. ) ;
#1197 = EDGE_CURVE ( 'NONE', #3037, #3732, #3759, .T. ) ;
#1198 = CARTESIAN_POINT ( 'NONE',  ( -2.247538420843296691, -2.378429038705076159, 1.999999999999999556 ) ) ;
#1199 = FACE_BOUND ( 'NONE', #2087, .T. ) ;
#1200 = AXIS2_PLACEMENT_3D ( 'NONE', #1103, #462, #1492 ) ;
#1201 = CARTESIAN_POINT ( 'NONE',  ( -0.5667715126738208653, 1.024270313306631541, -7.999999999999998224 ) ) ;
#1202 = CARTESIAN_POINT ( 'NONE',  ( -1.642231810938517222, 3.610437202004755708, -7.799999999999998934 ) ) ;
#1203 = VECTOR ( 'NONE', #59, 1000.000000000000000 ) ;
#1204 = CARTESIAN_POINT ( 'NONE',  ( -2.302575691596340679, 4.279840639398656776, -8.000000000000003553 ) ) ;
#1205 = CARTESIAN_POINT ( 'NONE',  ( -1.587969959553431343, 4.352117224211320412, -8.000000000000000000 ) ) ;
#1206 = ORIENTED_EDGE ( 'NONE', *, *, #3022, .T. ) ;
#1207 = CARTESIAN_POINT ( 'NONE',  ( -2.893795094209558272, 0.1226411348230695558, 1.400000000000000577 ) ) ;
#1208 = PRESENTATION_STYLE_ASSIGNMENT (( #170 ) ) ;
#1209 = CARTESIAN_POINT ( 'NONE',  ( -2.805254982491176552, 5.118969875575263728, 2.000000000000000444 ) ) ;
#1210 = CARTESIAN_POINT ( 'NONE',  ( 1.786265770470863545, 6.840089717655249757, 1.400000000000000133 ) ) ;
#1211 = CARTESIAN_POINT ( 'NONE',  ( 6.588487857838877026, 3.599219242023581788, 1.999999999999999112 ) ) ;
#1212 = CARTESIAN_POINT ( 'NONE',  ( 2.174961746337020774, -2.595601218070330951, 1.399999999999999689 ) ) ;
#1213 = CARTESIAN_POINT ( 'NONE',  ( 5.669476102941175988, 4.441187385110293206, 1.400000000000000133 ) ) ;
#1214 = CARTESIAN_POINT ( 'NONE',  ( -0.004306242699716154865, 4.425308478860293881, -7.800000000000000711 ) ) ;
#1215 = LINE ( 'NONE', #3787, #2256 ) ;
#1216 = EDGE_LOOP ( 'NONE', ( #3414, #1809, #112, #1377, #2991 ) ) ;
#1217 = ORIENTED_EDGE ( 'NONE', *, *, #298, .T. ) ;
#1218 = CARTESIAN_POINT ( 'NONE',  ( 4.601208217226993469, 6.960264359429478631, 2.000000000000000444 ) ) ;
#1219 = CARTESIAN_POINT ( 'NONE',  ( -2.529220224367675574, 3.646171014693662116, -7.799999999999998934 ) ) ;
#1220 = CARTESIAN_POINT ( 'NONE',  ( 6.422092946019089865, 7.138170604745351255, 1.400000000000000133 ) ) ;
#1221 = EDGE_CURVE ( 'NONE', #1519, #1654, #2485, .T. ) ;
#1222 = CARTESIAN_POINT ( 'NONE',  ( 6.496474967872256201, 5.668721605443485245, 1.400000000000001021 ) ) ;
#1223 = VERTEX_POINT ( 'NONE', #1255 ) ;
#1224 = AXIS2_PLACEMENT_3D ( 'NONE', #3744, #160, #2758 ) ;
#1225 = ORIENTED_EDGE ( 'NONE', *, *, #370, .F. ) ;
#1226 = CARTESIAN_POINT ( 'NONE',  ( -0.6132259133648524374, -3.191789734002536516, 1.400000000000000577 ) ) ;
#1227 = FACE_OUTER_BOUND ( 'NONE', #641, .T. ) ;
#1228 = ORIENTED_EDGE ( 'NONE', *, *, #1190, .T. ) ;
#1229 = CARTESIAN_POINT ( 'NONE',  ( -2.539452837775736160, 3.775681008731617716, -8.000000000000001776 ) ) ;
#1230 = CARTESIAN_POINT ( 'NONE',  ( -2.184024917503015306, 3.795268340451070976, -8.000000000000000000 ) ) ;
#1231 = CARTESIAN_POINT ( 'NONE',  ( 4.404848524530566856, 3.832621167850784882, 2.000000000000000000 ) ) ;
#1232 = FACE_OUTER_BOUND ( 'NONE', #1053, .T. ) ;
#1233 = CARTESIAN_POINT ( 'NONE',  ( -2.349449027879152663, 3.315621008171582673, -8.000000000000000000 ) ) ;
#1234 = B_SPLINE_SURFACE_WITH_KNOTS ( 'NONE', 3, 1, ( 
 ( #887, #2564 ),
 ( #1273, #3536 ),
 ( #1844, #1511 ),
 ( #2795, #2356 ),
 ( #2644, #3928 ),
 ( #716, #67 ),
 ( #3596, #1331 ),
 ( #2013, #25 ),
 ( #1993, #696 ),
 ( #2622, #1031 ),
 ( #1936, #1684 ),
 ( #1638, #1975 ),
 ( #2911, #1290 ),
 ( #3274, #2890 ),
 ( #2932, #2583 ) ),
 .UNSPECIFIED., .F., .F., .F.,
 ( 4, 1, 1, 1, 1, 1, 1, 1, 1, 1, 1, 1, 4 ),
 ( 2, 2 ),
 ( 0.000000000000000000, 0.1306292414286468195, 0.2475946772357134340, 0.3521599546299944428, 0.4444281939258821756, 0.5243953345425123036, 0.5910758922891262701, 0.6457283963663841275, 0.6886249437115146144, 0.7594583156019716341, 0.8296221387732897190, 0.9075307038338639165, 1.000000000000000000 ),
 ( 0.000000000000000000, 1.000000000000000000 ),
 .UNSPECIFIED. ) ;
#1235 = DIRECTION ( 'NONE',  ( -0.000000000000000000, -0.000000000000000000, -1.000000000000000000 ) ) ;
#1236 = CARTESIAN_POINT ( 'NONE',  ( -0.3834333498482278557, 4.373050428472024187, -7.999999999999996447 ) ) ;
#1237 = CARTESIAN_POINT ( 'NONE',  ( -1.822475449107449297, 3.127674620793034599, -7.800000000000000711 ) ) ;
#1238 = DIRECTION ( 'NONE',  ( 0.000000000000000000, 0.000000000000000000, -1.000000000000000000 ) ) ;
#1239 = ORIENTED_EDGE ( 'NONE', *, *, #1634, .T. ) ;
#1240 = VECTOR ( 'NONE', #3205, 1000.000000000000000 ) ;
#1241 = CARTESIAN_POINT ( 'NONE',  ( 4.298202718823135982, 6.713299969491785646, 1.400000000000000133 ) ) ;
#1242 = CARTESIAN_POINT ( 'NONE',  ( 7.586853780418409521, 5.715202707332268872, 2.000000000000000888 ) ) ;
#1243 = CARTESIAN_POINT ( 'NONE',  ( 5.669476102941175988, 7.275925436580881644, 2.000000000000000000 ) ) ;
#1244 = CARTESIAN_POINT ( 'NONE',  ( -0.4133992991727930000, -0.4494739667107077730, 2.000000000000000000 ) ) ;
#1245 = B_SPLINE_CURVE_WITH_KNOTS ( 'NONE', 3,
 ( #164, #3122, #1448, #231, #1517, #2801, #3346, #4089, #3034, #4128, #3464, #2238, #586, #2897, #569, #1242, #3185, #2532, #2857 ),
 .UNSPECIFIED., .F., .F.,
 ( 4, 1, 1, 1, 1, 1, 1, 1, 1, 1, 1, 1, 1, 1, 1, 1, 4 ),
 ( 0.000000000000000000, 0.06506970706675940797, 0.1282269660845280213, 0.1896808071077963342, 0.2507770030400464090, 0.3116117728367081008, 0.3734387681968275863, 0.4361528532939896730, 0.5008904915876536412, 0.5652211915233503747, 0.6279352766205125169, 0.6897622719806321134, 0.7503374773177828860, 0.8110649756892599482, 0.8723742365957659617, 0.9355314956135345472, 1.000000000000000000 ),
 .UNSPECIFIED. ) ;
#1246 = EDGE_CURVE ( 'NONE', #1606, #1181, #787, .T. ) ;
#1247 = CARTESIAN_POINT ( 'NONE',  ( -2.893671265561316375, 0.03650729277003124384, 1.400000000000000133 ) ) ;
#1248 = B_SPLINE_CURVE_WITH_KNOTS ( 'NONE', 3,
 ( #3610, #2393, #713, #2008, #3667, #3351, #466, #531, #1204, #3083, #4005, #2784, #1132, #3469, #1108, #1810, #3730, #189, #4071 ),
 .UNSPECIFIED., .F., .F.,
 ( 4, 1, 1, 1, 1, 1, 1, 1, 1, 1, 1, 1, 1, 1, 1, 1, 4 ),
 ( 0.000000000000000000, 0.06506970706675933858, 0.1282269660845278547, 0.1896808071077965285, 0.2507770030400465755, 0.3116117728367081563, 0.3734387681968276418, 0.4361528532939895619, 0.5008904915876534192, 0.5652211915233504858, 0.6279352766205128500, 0.6897622719806314473, 0.7503374773177828860, 0.8110649756892599482, 0.8723742365957661837, 0.9355314956135346582, 1.000000000000000000 ),
 .UNSPECIFIED. ) ;
#1249 = CARTESIAN_POINT ( 'NONE',  ( 0.5315133846507361648, -0.5251408027200140660, 1.400000000000000133 ) ) ;
#1250 = EDGE_CURVE ( 'NONE', #528, #2904, #2880, .T. ) ;
#1251 = CARTESIAN_POINT ( 'NONE',  ( -2.493008403985962129, 4.025160629585466943, -8.000000000000000000 ) ) ;
#1252 = CARTESIAN_POINT ( 'NONE',  ( 2.928036501605859598, 5.184486202761918072, 1.400000000000000577 ) ) ;
#1253 = CARTESIAN_POINT ( 'NONE',  ( 7.587660673103027165, 4.938513044080986347, 1.999999999999999556 ) ) ;
#1254 = CARTESIAN_POINT ( 'NONE',  ( -2.432876109209741511, 3.415339063360528726, -7.800000000000000711 ) ) ;
#1255 = CARTESIAN_POINT ( 'NONE',  ( -1.594540153952206163, 3.783678316602519409, -7.800000000000000711 ) ) ;
#1256 = CARTESIAN_POINT ( 'NONE',  ( -0.2634505121332663680, 4.403950693277629114, -8.000000000000000000 ) ) ;
#1257 = CARTESIAN_POINT ( 'NONE',  ( -1.909412699366512811, 3.481481458875660628, -7.999999999999998224 ) ) ;
#1258 = CARTESIAN_POINT ( 'NONE',  ( -0.06643917308134131283, 0.9212572763480387783, -8.000000000000000000 ) ) ;
#1259 = ORIENTED_EDGE ( 'NONE', *, *, #107, .T. ) ;
#1260 = CARTESIAN_POINT ( 'NONE',  ( 4.601208217226993469, 6.960264359429478631, 1.400000000000000577 ) ) ;
#1261 = CARTESIAN_POINT ( 'NONE',  ( -1.379929995675415633, 3.374022568615422379, -8.000000000000001776 ) ) ;
#1262 = FACE_OUTER_BOUND ( 'NONE', #3209, .T. ) ;
#1263 = CARTESIAN_POINT ( 'NONE',  ( -5.255711179279164647, 2.010175952457753833E-16, 0.000000000000000000 ) ) ;
#1264 = ORIENTED_EDGE ( 'NONE', *, *, #2686, .T. ) ;
#1265 = CARTESIAN_POINT ( 'NONE',  ( 3.754478741437122569, 5.692185236726109210, 2.000000000000000444 ) ) ;
#1266 = CIRCLE ( 'NONE', #1605, 0.5000000000000004441 ) ;
#1267 = CARTESIAN_POINT ( 'NONE',  ( -1.240197897518382719, 3.759686392989812553, -7.800000000000000711 ) ) ;
#1268 = CARTESIAN_POINT ( 'NONE',  ( 0.1272571841676057025, 1.574889035317861730, -7.799999999999998934 ) ) ;
#1269 = CARTESIAN_POINT ( 'NONE',  ( 3.752934275140671350, 4.931611300700750711, 1.999999999999999556 ) ) ;
#1270 = CYLINDRICAL_SURFACE ( 'NONE', #4051, 9.850000000000001421 ) ;
#1271 = CARTESIAN_POINT ( 'NONE',  ( 5.870178080145423749, 3.383633383039459375, 1.999999999999999556 ) ) ;
#1272 = EDGE_CURVE ( 'NONE', #2198, #176, #581, .T. ) ;
#1273 = CARTESIAN_POINT ( 'NONE',  ( -0.1770264710140237729, 3.528380751609601518, -7.799999999999998934 ) ) ;
#1274 = CARTESIAN_POINT ( 'NONE',  ( -0.4948004438060844556, 4.330791417724682901, -7.800000000000000711 ) ) ;
#1275 = CARTESIAN_POINT ( 'NONE',  ( -1.891670900232652164, 3.126053538602940662, -7.800000000000000711 ) ) ;
#1276 = ORIENTED_EDGE ( 'NONE', *, *, #3773, .F. ) ;
#1277 = CARTESIAN_POINT ( 'NONE',  ( -2.893795094209557828, 3.654990503647748135, 2.000000000000000000 ) ) ;
#1278 = CARTESIAN_POINT ( 'NONE',  ( -2.885140989112778165, -0.3701833356475309200, 2.000000000000000000 ) ) ;
#1279 = CARTESIAN_POINT ( 'NONE',  ( -1.519443653518315340, 3.237213869575690683, -8.000000000000001776 ) ) ;
#1280 = CARTESIAN_POINT ( 'NONE',  ( -0.4133992991727929445, -0.4494739667107077175, 2.000000000000000000 ) ) ;
#1281 = CARTESIAN_POINT ( 'NONE',  ( -0.4012046800964040871, -1.007510696341842316, 1.999999999999999556 ) ) ;
#1282 = CARTESIAN_POINT ( 'NONE',  ( 4.298202718823135982, 6.713299969491785646, 2.000000000000000000 ) ) ;
#1283 = ORIENTED_EDGE ( 'NONE', *, *, #1948, .F. ) ;
#1284 = LINE ( 'NONE', #1249, #486 ) ;
#1285 = FACE_OUTER_BOUND ( 'NONE', #151, .T. ) ;
#1286 = DIRECTION ( 'NONE',  ( -1.000000000000000000, -1.836970198721029934E-16, 0.000000000000000000 ) ) ;
#1287 = CARTESIAN_POINT ( 'NONE',  ( -2.493198700644664534, 3.525777595214709237, -7.800000000000000711 ) ) ;
#1288 = ORIENTED_EDGE ( 'NONE', *, *, #1350, .F. ) ;
#1289 = ADVANCED_FACE ( 'NONE', ( #3162 ), #3824, .T. ) ;
#1290 = CARTESIAN_POINT ( 'NONE',  ( -0.06627069935308231574, 3.911703745499586216, -8.000000000000007105 ) ) ;
#1291 = FACE_OUTER_BOUND ( 'NONE', #2655, .T. ) ;
#1292 = CARTESIAN_POINT ( 'NONE',  ( -0.01845532585592786490, 1.433084980085783888, -7.800000000000000711 ) ) ;
#1293 = VERTEX_POINT ( 'NONE', #2188 ) ;
#1294 = CARTESIAN_POINT ( 'NONE',  ( -0.06643917308134131283, 0.9212572763480387783, -7.800000000000000711 ) ) ;
#1295 = ORIENTED_EDGE ( 'NONE', *, *, #56, .F. ) ;
#1296 = CARTESIAN_POINT ( 'NONE',  ( 4.264969974134260156, 3.971741766919486327, 2.000000000000000444 ) ) ;
#1297 = ADVANCED_FACE ( 'NONE', ( #3842 ), #3856, .T. ) ;
#1298 = B_SPLINE_SURFACE_WITH_KNOTS ( 'NONE', 3, 1, ( 
 ( #3417, #527 ),
 ( #3682, #2762 ),
 ( #2741, #2451 ),
 ( #1831, #790 ),
 ( #3079, #2430 ),
 ( #4021, #1150 ),
 ( #1129, #1471 ),
 ( #810, #4090 ),
 ( #1430, #1176 ),
 ( #2108, #3394 ),
 ( #185, #4046 ),
 ( #3465, #3726 ),
 ( #3101, #1495 ),
 ( #2409, #2473 ),
 ( #144, #2718 ),
 ( #3749, #3438 ),
 ( #549, #1201 ),
 ( #2493, #3772 ),
 ( #874, #3792 ),
 ( #313, #3852 ),
 ( #3169, #1911 ),
 ( #3204, #972 ),
 ( #1602, #276 ) ),
 .UNSPECIFIED., .F., .F., .F.,
 ( 4, 1, 1, 1, 1, 1, 1, 1, 1, 1, 1, 1, 1, 1, 1, 1, 1, 1, 1, 1, 4 ),
 ( 2, 2 ),
 ( 0.000000000000000000, 0.05306596574533153227, 0.1026044695708625276, 0.1486279545579539951, 0.1904680796534074794, 0.2291597128161247110, 0.2637365329991422369, 0.2948558119208011807, 0.3226775984792923380, 0.3744882062814256507, 0.4267509599738785742, 0.4808689489716025389, 0.5371220724062900631, 0.5936647819838969387, 0.6488033823229969466, 0.7038931618098391851, 0.7594973611526906199, 0.8164579598030899943, 0.8750165272701830865, 0.9362741229621037720, 1.000000000000000000 ),
 ( 0.000000000000000000, 1.000000000000000000 ),
 .UNSPECIFIED. ) ;
#1299 = CARTESIAN_POINT ( 'NONE',  ( 0.1362658207354226769, 3.624164207961799278, -7.800000000000002487 ) ) ;
#1300 = CARTESIAN_POINT ( 'NONE',  ( 7.183858072917701065, 6.561073872234130633, 1.999999999999999556 ) ) ;
#1301 = CARTESIAN_POINT ( 'NONE',  ( -0.07273757393865537546, -1.696723322005215584, 1.400000000000000577 ) ) ;
#1302 = CARTESIAN_POINT ( 'NONE',  ( 5.669476102941175988, 4.441187385110293206, 1.400000000000000577 ) ) ;
#1303 = CARTESIAN_POINT ( 'NONE',  ( -2.003718227396602547, 4.051347297041975715, -8.000000000000000000 ) ) ;
#1304 = ORIENTED_EDGE ( 'NONE', *, *, #1532, .T. ) ;
#1305 = CARTESIAN_POINT ( 'NONE',  ( -2.538813956175891562, 3.797647888178002695, -8.000000000000001776 ) ) ;
#1306 = CYLINDRICAL_SURFACE ( 'NONE', #2224, 0.5000000000000000000 ) ;
#1307 = CARTESIAN_POINT ( 'NONE',  ( 2.554651554652831003, -2.153501154805995466, 1.999999999999999556 ) ) ;
#1308 = CARTESIAN_POINT ( 'NONE',  ( -0.4133992991727929445, -0.4494739667107077175, 1.400000000000000133 ) ) ;
#1309 = CARTESIAN_POINT ( 'NONE',  ( -0.9122588026588305254, 3.944267108541048117, -7.800000000000002487 ) ) ;
#1310 = CARTESIAN_POINT ( 'NONE',  ( 0.9049840655029650627, 3.851284862589178015, -7.999999999999996447 ) ) ;
#1311 = EDGE_LOOP ( 'NONE', ( #1961, #3461, #451, #2544 ) ) ;
#1312 = CARTESIAN_POINT ( 'NONE',  ( -2.891882982298689342, 3.985430030306416960, 2.000000000000000444 ) ) ;
#1313 = VERTEX_POINT ( 'NONE', #1865 ) ;
#1314 = EDGE_LOOP ( 'NONE', ( #3628, #680, #4013, #1304 ) ) ;
#1315 = CARTESIAN_POINT ( 'NONE',  ( 4.139789987026245122, 4.122067705846266250, 2.000000000000000444 ) ) ;
#1316 = CARTESIAN_POINT ( 'NONE',  ( 0.1300827066588820802, 3.719535440961415418, -7.999999999999996447 ) ) ;
#1317 = CARTESIAN_POINT ( 'NONE',  ( 6.238087100639757132, 1.186915887850469531, 0.000000000000000000 ) ) ;
#1318 = CARTESIAN_POINT ( 'NONE',  ( 13.35000000000000142, -5.500000000000004441, -4.999999999999997335 ) ) ;
#1319 = EDGE_CURVE ( 'NONE', #2732, #1293, #2877, .T. ) ;
#1320 = VERTEX_POINT ( 'NONE', #2868 ) ;
#1321 = CARTESIAN_POINT ( 'NONE',  ( 0.1377997663909319159, 3.506848428763595038, -8.000000000000000000 ) ) ;
#1322 = DIRECTION ( 'NONE',  ( -1.000000000000000000, 0.000000000000000000, 0.000000000000000000 ) ) ;
#1323 = ORIENTED_EDGE ( 'NONE', *, *, #86, .T. ) ;
#1324 = CARTESIAN_POINT ( 'NONE',  ( -1.889825367647059107, 3.480395795036764106, -8.000000000000000000 ) ) ;
#1325 = CARTESIAN_POINT ( 'NONE',  ( 4.783620461856617823, 5.351034949807558228, 1.400000000000000133 ) ) ;
#1326 = AXIS2_PLACEMENT_3D ( 'NONE', #3060, #3420, #1499 ) ;
#1327 = CARTESIAN_POINT ( 'NONE',  ( 6.011154682189807197, 4.500044161263774711, 1.400000000000000133 ) ) ;
#1328 = FACE_OUTER_BOUND ( 'NONE', #3855, .T. ) ;
#1329 = B_SPLINE_SURFACE_WITH_KNOTS ( 'NONE', 3, 1, ( 
 ( #4130, #1244 ),
 ( #530, #550 ),
 ( #2109, #1807 ),
 ( #1832, #2922 ),
 ( #2554, #1281 ),
 ( #295, #2879 ),
 ( #611, #4148 ),
 ( #2574, #2610 ),
 ( #2859, #2899 ),
 ( #3813, #3563 ),
 ( #3265, #36 ),
 ( #3528, #3187 ),
 ( #1301, #15 ),
 ( #3222, #3853 ),
 ( #937, #956 ) ),
 .UNSPECIFIED., .F., .F., .F.,
 ( 4, 1, 1, 1, 1, 1, 1, 1, 1, 1, 1, 1, 4 ),
 ( 2, 2 ),
 ( 0.000000000000000000, 0.1381666428321286499, 0.2618084338870914629, 0.3709908410301945292, 0.4669257882714015762, 0.5472437745748076621, 0.6146019942490124066, 0.6669264355466502092, 0.7067917575319537793, 0.7710360877517146161, 0.8372617862306160896, 0.9112299409179618337, 0.9999999999999998890 ),
 ( 0.000000000000000000, 1.000000000000000000 ),
 .UNSPECIFIED. ) ;
#1330 = VECTOR ( 'NONE', #2288, 1000.000000000000000 ) ;
#1331 = CARTESIAN_POINT ( 'NONE',  ( -0.1673866558941047578, 3.763711979635712801, -8.000000000000005329 ) ) ;
#1332 = PRODUCT_DEFINITION_CONTEXT ( 'detailed design', #1118, 'design' ) ;
#1333 = CARTESIAN_POINT ( 'NONE',  ( -0.9634718105632857910, 3.790389687514971406, -7.800000000000000711 ) ) ;
#1334 = CARTESIAN_POINT ( 'NONE',  ( 0.4445647575083166436, 4.347675146427065762, -7.999999999999991118 ) ) ;
#1335 = CARTESIAN_POINT ( 'NONE',  ( -0.1729284610171427927, 1.664999208818783494, -7.800000000000002487 ) ) ;
#1336 = B_SPLINE_CURVE_WITH_KNOTS ( 'NONE', 3,
 ( #4116, #1230, #2523, #2902, #17, #1653, #2460, #1303, #2594, #3875, #2282 ),
 .UNSPECIFIED., .F., .F.,
 ( 4, 1, 1, 1, 1, 1, 1, 1, 4 ),
 ( 0.000000000000000000, 0.1266042765279081217, 0.2496192610236172282, 0.3719166998245300726, 0.5000000000000004441, 0.6280833001754708711, 0.7503807389763819113, 0.8733957234720912677, 0.9999999999999998890 ),
 .UNSPECIFIED. ) ;
#1337 = ORIENTED_EDGE ( 'NONE', *, *, #2863, .F. ) ;
#1338 = CARTESIAN_POINT ( 'NONE',  ( 0.1372995241155100798, 1.782503041084707140, -7.800000000000000711 ) ) ;
#1339 = CARTESIAN_POINT ( 'NONE',  ( 0.1373178613681295956, 3.567550780230435148, -7.799999999999998934 ) ) ;
#1340 = CARTESIAN_POINT ( 'NONE',  ( 0.2044086377882850525, 0.9360700886658211983, -7.999999999999998224 ) ) ;
#1341 = CARTESIAN_POINT ( 'NONE',  ( -1.702653194628273470, 4.399681321501462961, -8.000000000000000000 ) ) ;
#1342 = CARTESIAN_POINT ( 'NONE',  ( -0.1771711282169113333, 3.506848428763595038, -7.800000000000000711 ) ) ;
#1343 = ORIENTED_EDGE ( 'NONE', *, *, #2176, .T. ) ;
#1344 = CARTESIAN_POINT ( 'NONE',  ( -0.9634718105632857910, 3.790389687514971406, -8.000000000000000000 ) ) ;
#1345 = ADVANCED_FACE ( 'NONE', ( #4158 ), #1234, .T. ) ;
#1346 = CARTESIAN_POINT ( 'NONE',  ( -6.255711179279164647, 1.000000000000000444, -7.500000000000000000 ) ) ;
#1347 = VERTEX_POINT ( 'NONE', #3862 ) ;
#1348 = CARTESIAN_POINT ( 'NONE',  ( -1.533736072408998119, 4.320088119809827099, -7.800000000000004263 ) ) ;
#1349 = CARTESIAN_POINT ( 'NONE',  ( -0.1850133592779721337, -1.660838435118596079, 2.000000000000000444 ) ) ;
#1350 = EDGE_CURVE ( 'NONE', #1985, #1715, #3905, .T. ) ;
#1351 = CARTESIAN_POINT ( 'NONE',  ( 6.555331744025734153, 5.327043026194852260, 1.400000000000000133 ) ) ;
#1352 = DIRECTION ( 'NONE',  ( 0.000000000000000000, -1.000000000000000000, 1.783318263602066326E-14 ) ) ;
#1353 = ORIENTED_EDGE ( 'NONE', *, *, #2919, .F. ) ;
#1354 = AXIS2_PLACEMENT_3D ( 'NONE', #55, #1983, #3583 ) ;
#1355 = CARTESIAN_POINT ( 'NONE',  ( 0.5315133846507361648, -0.5251408027200140660, 2.000000000000000000 ) ) ;
#1356 = CARTESIAN_POINT ( 'NONE',  ( 9.850000000000001421, -4.271756559592888259E-15, -4.999999999999997335 ) ) ;
#1357 = CARTESIAN_POINT ( 'NONE',  ( 0.9049840655029650627, 3.851284862589178015, -7.800000000000004263 ) ) ;
#1358 = CARTESIAN_POINT ( 'NONE',  ( 3.005097241858857515, -0.2514298853323743144, 2.000000000000000000 ) ) ;
#1359 = ORIENTED_EDGE ( 'NONE', *, *, #2049, .T. ) ;
#1360 = CARTESIAN_POINT ( 'NONE',  ( 0.000000000000000000, -4.000000000000000000, -4.999999999999997335 ) ) ;
#1361 = CARTESIAN_POINT ( 'NONE',  ( -2.196162619279625972, 3.199739747341194374, -8.000000000000000000 ) ) ;
#1362 = CARTESIAN_POINT ( 'NONE',  ( 0.01291872809915063300, 7.275925436580882533, 2.000000000000000444 ) ) ;
#1363 = CARTESIAN_POINT ( 'NONE',  ( -1.868268434879334139, 4.424678216537841990, -8.000000000000000000 ) ) ;
#1364 = CARTESIAN_POINT ( 'NONE',  ( -0.1570118806187406069, 3.823089104273670102, -7.800000000000000711 ) ) ;
#1365 = ORIENTED_EDGE ( 'NONE', *, *, #1830, .F. ) ;
#1366 = CARTESIAN_POINT ( 'NONE',  ( -0.1494620973811106868, 3.849797360704077409, -8.000000000000001776 ) ) ;
#1367 = CARTESIAN_POINT ( 'NONE',  ( 6.011154682189808085, 6.154041891125928920, 1.400000000000000133 ) ) ;
#1368 = CARTESIAN_POINT ( 'NONE',  ( 0.5310794130420736225, 4.585142254828806330, 1.400000000000000133 ) ) ;
#1369 = CARTESIAN_POINT ( 'NONE',  ( -1.642231810938517222, 3.610437202004755708, -7.999999999999998224 ) ) ;
#1370 = EDGE_CURVE ( 'NONE', #3764, #3069, #2077, .T. ) ;
#1371 = CIRCLE ( 'NONE', #2785, 9.850000000000001421 ) ;
#1372 = CARTESIAN_POINT ( 'NONE',  ( 3.011909179687500604, 0.2776658720128675761, 1.400000000000000133 ) ) ;
#1373 = CARTESIAN_POINT ( 'NONE',  ( -1.889825367647059107, 4.070966222426470438, -7.800000000000000711 ) ) ;
#1374 = LINE ( 'NONE', #3636, #2704 ) ;
#1375 = EDGE_CURVE ( 'NONE', #2938, #1715, #3948, .T. ) ;
#1376 = B_SPLINE_CURVE_WITH_KNOTS ( 'NONE', 3,
 ( #1026, #3611, #1972, #3229, #360, #2887, #3272, #1002, #2328, #3297, #2598 ),
 .UNSPECIFIED., .F., .F.,
 ( 4, 1, 1, 1, 1, 1, 1, 1, 4 ),
 ( 0.000000000000000000, 0.1266042765279081217, 0.2496192610236172282, 0.3719166998245300726, 0.5000000000000004441, 0.6280833001754708711, 0.7503807389763819113, 0.8733957234720912677, 0.9999999999999998890 ),
 .UNSPECIFIED. ) ;
#1377 = ORIENTED_EDGE ( 'NONE', *, *, #2390, .T. ) ;
#1378 = CARTESIAN_POINT ( 'NONE',  ( 0.1377997663909319159, 3.506848428763595038, -7.800000000000000711 ) ) ;
#1379 = CARTESIAN_POINT ( 'NONE',  ( 0.1006680390289866334, -1.698933432595022497, 1.400000000000000133 ) ) ;
#1380 = CARTESIAN_POINT ( 'NONE',  ( 0.5689647469467418173, 4.286764419360554079, -7.999999999999992895 ) ) ;
#1381 = CARTESIAN_POINT ( 'NONE',  ( 2.980793567883950779, -0.7097493042951709130, 1.999999999999999556 ) ) ;
#1382 = VERTEX_POINT ( 'NONE', #3615 ) ;
#1383 = CARTESIAN_POINT ( 'NONE',  ( -2.020222331022208273, 3.136683523785409822, -8.000000000000000000 ) ) ;
#1384 = CARTESIAN_POINT ( 'NONE',  ( 0.9122345066759582899, 1.507319794585516792, -7.999999999999998224 ) ) ;
#1385 = CARTESIAN_POINT ( 'NONE',  ( 6.164211716293194421, 4.583568970435936585, 2.000000000000000888 ) ) ;
#1386 = CARTESIAN_POINT ( 'NONE',  ( 5.318464553612628265, 6.149788700975308942, 1.400000000000000133 ) ) ;
#1387 = CARTESIAN_POINT ( 'NONE',  ( 5.675012700697954493, 3.378160615808822431, 1.999999999999999556 ) ) ;
#1388 = CARTESIAN_POINT ( 'NONE',  ( 6.298452462108373950, 5.956019385362048446, 1.999999999999999556 ) ) ;
#1389 = CARTESIAN_POINT ( 'NONE',  ( 0.4710356418562245961, 5.469267312821011195, 1.400000000000000577 ) ) ;
#1390 = CARTESIAN_POINT ( 'NONE',  ( -1.597406971884312465, 3.721693500483004513, -8.000000000000000000 ) ) ;
#1391 = CARTESIAN_POINT ( 'NONE',  ( -0.2726317168719988304, -1.602509703765511162, 1.999999999999999556 ) ) ;
#1392 = CARTESIAN_POINT ( 'NONE',  ( 5.611306032212727501, 4.444396047297630936, 2.000000000000000000 ) ) ;
#1393 = CARTESIAN_POINT ( 'NONE',  ( 4.310801015243765910, 3.927726152088858225, 1.400000000000000577 ) ) ;
#1394 = ORIENTED_EDGE ( 'NONE', *, *, #2740, .T. ) ;
#1395 = AXIS2_PLACEMENT_3D ( 'NONE', #2062, #503, #1469 ) ;
#1396 = CARTESIAN_POINT ( 'NONE',  ( -0.6132259133648524374, -3.191789734002536516, 2.000000000000000444 ) ) ;
#1397 = EDGE_CURVE ( 'NONE', #3732, #1085, #386, .T. ) ;
#1398 = CARTESIAN_POINT ( 'NONE',  ( 0.01291872809915063300, 7.275925436580882533, 1.400000000000000133 ) ) ;
#1399 = CARTESIAN_POINT ( 'NONE',  ( 0.4445647575083166436, 4.347675146427065762, -7.799999999999998934 ) ) ;
#1400 = CARTESIAN_POINT ( 'NONE',  ( 3.011909179687500604, 0.2776658720128675761, 2.000000000000000000 ) ) ;
#1401 = VECTOR ( 'NONE', #1235, 1000.000000000000000 ) ;
#1402 = ORIENTED_EDGE ( 'NONE', *, *, #3740, .F. ) ;
#1403 = CARTESIAN_POINT ( 'NONE',  ( 0.8451324589877197146, -3.191974170939399613, 1.400000000000000577 ) ) ;
#1404 = CARTESIAN_POINT ( 'NONE',  ( 0.9281912479186392728, 1.565976706526395423, -7.800000000000000711 ) ) ;
#1405 = CARTESIAN_POINT ( 'NONE',  ( -1.909412699366513033, 4.069880558587573027, -7.800000000000002487 ) ) ;
#1406 = CARTESIAN_POINT ( 'NONE',  ( -12.34999999999999964, -6.500000000000004441, 1.000000000000000000 ) ) ;
#1407 = EDGE_LOOP ( 'NONE', ( #2131, #1017, #3356, #1337 ) ) ;
#1408 = DIRECTION ( 'NONE',  ( -0.000000000000000000, -1.000000000000000000, 0.000000000000000000 ) ) ;
#1409 = CARTESIAN_POINT ( 'NONE',  ( 6.164211716293192644, 6.070517081953770600, 2.000000000000000444 ) ) ;
#1410 = CARTESIAN_POINT ( 'NONE',  ( 6.412950158700095216, 5.821778639546868028, 1.400000000000000133 ) ) ;
#1411 = CARTESIAN_POINT ( 'NONE',  ( 0.5315133846507361648, 4.520545286290785114, 1.400000000000000133 ) ) ;
#1412 = CARTESIAN_POINT ( 'NONE',  ( -0.3924031872637115392, -1.152144999268597259, 2.000000000000000000 ) ) ;
#1413 = CARTESIAN_POINT ( 'NONE',  ( -1.594540153952206163, 3.783678316602519409, -7.800000000000000711 ) ) ;
#1414 = CARTESIAN_POINT ( 'NONE',  ( 0.9350849941637264795, 3.706323291858420355, -8.000000000000001776 ) ) ;
#1415 = EDGE_LOOP ( 'NONE', ( #1486, #3138, #3269, #1969, #4048 ) ) ;
#1416 = CARTESIAN_POINT ( 'NONE',  ( -2.893795094209558272, 0.1226411348230695558, 2.000000000000000444 ) ) ;
#1417 = CARTESIAN_POINT ( 'NONE',  ( 0.01291872809915063300, 7.275925436580882533, 2.000000000000000444 ) ) ;
#1418 = CARTESIAN_POINT ( 'NONE',  ( -2.350531182553786902, 4.235345646850147361, -7.799999999999998934 ) ) ;
#1419 = CARTESIAN_POINT ( 'NONE',  ( 2.920458774904106214, -1.250601355728419017, 2.000000000000000444 ) ) ;
#1420 = AXIS2_PLACEMENT_3D ( 'NONE', #2050, #2683, #3687 ) ;
#1421 = ADVANCED_FACE ( 'NONE', ( #3553 ), #677, .T. ) ;
#1422 = CARTESIAN_POINT ( 'NONE',  ( 2.881343980191932275, -1.439325461682739782, 1.399999999999999689 ) ) ;
#1423 = AXIS2_PLACEMENT_3D ( 'NONE', #920, #1548, #280 ) ;
#1424 = CARTESIAN_POINT ( 'NONE',  ( 2.053874267291283751, 6.672996634365278901, 1.399999999999999689 ) ) ;
#1425 = CARTESIAN_POINT ( 'NONE',  ( 6.298452462108372174, 4.698066667027650745, 1.399999999999999245 ) ) ;
#1426 = CARTESIAN_POINT ( 'NONE',  ( 5.604776431629393763, 3.379806081847907429, 1.400000000000000133 ) ) ;
#1427 = EDGE_CURVE ( 'NONE', #2396, #967, #1958, .T. ) ;
#1428 = CARTESIAN_POINT ( 'NONE',  ( 0.05590249007058017972, -3.233885667038419509, 1.399999999999999689 ) ) ;
#1429 = CARTESIAN_POINT ( 'NONE',  ( -1.630820488601973262, 3.174821892840042015, -7.800000000000004263 ) ) ;
#1430 = CARTESIAN_POINT ( 'NONE',  ( -0.9734862583013677018, 1.583132881423860105, -7.800000000000000711 ) ) ;
#1431 = CARTESIAN_POINT ( 'NONE',  ( 0.5302568632117208303, 4.707579355440102198, 1.400000000000000133 ) ) ;
#1432 = EDGE_LOOP ( 'NONE', ( #157, #1441, #1141, #3373 ) ) ;
#1433 = LINE ( 'NONE', #4006, #3040 ) ;
#1434 = CARTESIAN_POINT ( 'NONE',  ( 0.9645983647365201641, 3.218330167882581971, -8.000000000000000000 ) ) ;
#1435 = VERTEX_POINT ( 'NONE', #1355 ) ;
#1436 = CARTESIAN_POINT ( 'NONE',  ( 4.558330960554942024, 3.711641608727071162, 2.000000000000000000 ) ) ;
#1437 = CARTESIAN_POINT ( 'NONE',  ( 0.05590249007058017972, -3.233885667038419509, 1.999999999999999556 ) ) ;
#1438 = CARTESIAN_POINT ( 'NONE',  ( 0.4949449035210316539, -1.245567527339349612, 1.400000000000000133 ) ) ;
#1439 = CARTESIAN_POINT ( 'NONE',  ( -2.137650052900031739, 3.610769137614278979, -7.999999999999998224 ) ) ;
#1440 = CARTESIAN_POINT ( 'NONE',  ( 1.146215492546255543, -3.128295546069374211, 1.400000000000000577 ) ) ;
#1441 = ORIENTED_EDGE ( 'NONE', *, *, #1588, .T. ) ;
#1442 = CARTESIAN_POINT ( 'NONE',  ( 0.5274964229032996776, -3.228569287223432838, 1.400000000000000577 ) ) ;
#1443 = CARTESIAN_POINT ( 'NONE',  ( 1.786265770470863545, 6.840089717655249757, 1.400000000000000133 ) ) ;
#1444 = CARTESIAN_POINT ( 'NONE',  ( -0.3902481199766430486, 5.158606322884248030, 1.399999999999999689 ) ) ;
#1445 = ADVANCED_FACE ( 'NONE', ( #3233 ), #256, .T. ) ;
#1446 = DIRECTION ( 'NONE',  ( 0.000000000000000000, 0.000000000000000000, 1.000000000000000000 ) ) ;
#1447 = CARTESIAN_POINT ( 'NONE',  ( -0.6132259133648524374, -3.191789734002536516, 1.400000000000000577 ) ) ;
#1448 = CARTESIAN_POINT ( 'NONE',  ( 5.867004768146482974, 7.270061831293085142, 1.999999999999999556 ) ) ;
#1449 = CARTESIAN_POINT ( 'NONE',  ( 0.05870465470771742827, 3.897814702794125452, -7.999999999999996447 ) ) ;
#1450 = ORIENTED_EDGE ( 'NONE', *, *, #82, .F. ) ;
#1451 = EDGE_CURVE ( 'NONE', #4041, #1750, #737, .T. ) ;
#1452 = CARTESIAN_POINT ( 'NONE',  ( -1.003868811730145749, 2.061794829306720089, -7.800000000000000711 ) ) ;
#1453 = CARTESIAN_POINT ( 'NONE',  ( -5.746899139959460889, 1.093457943925233877, -8.000000000000000000 ) ) ;
#1454 = CARTESIAN_POINT ( 'NONE',  ( -0.7596944853300131584, 4.162162576805539693, -7.800000000000000711 ) ) ;
#1455 = CARTESIAN_POINT ( 'NONE',  ( 0.9644774672285054695, 1.956785405036968850, -8.000000000000000000 ) ) ;
#1456 = CARTESIAN_POINT ( 'NONE',  ( 6.243560912196486790, 7.196525692285600684, 1.400000000000000577 ) ) ;
#1457 = CARTESIAN_POINT ( 'NONE',  ( -1.587969959553431343, 4.352117224211320412, -7.999999999999996447 ) ) ;
#1458 = CARTESIAN_POINT ( 'NONE',  ( -12.34999999999999964, -5.500000000000004441, 2.000000000000000000 ) ) ;
#1459 = CARTESIAN_POINT ( 'NONE',  ( -2.299176517560878708, 6.371661651599353604, 1.400000000000000133 ) ) ;
#1460 = CARTESIAN_POINT ( 'NONE',  ( -2.539452837775736160, 3.775681008731617716, -7.800000000000002487 ) ) ;
#1461 = VECTOR ( 'NONE', #3731, 1000.000000000000000 ) ;
#1462 = CARTESIAN_POINT ( 'NONE',  ( -2.181884368916364725, 3.717474323832916205, -7.800000000000000711 ) ) ;
#1463 = CARTESIAN_POINT ( 'NONE',  ( 2.995621321939303972, 4.423999849327500122, 2.000000000000000444 ) ) ;
#1464 = CARTESIAN_POINT ( 'NONE',  ( 0.06828470566693553567, 5.740442325367648202, 1.400000000000001021 ) ) ;
#1465 = CIRCLE ( 'NONE', #1200, 1.000000000000000000 ) ;
#1466 = CARTESIAN_POINT ( 'NONE',  ( -1.889825367647059107, 4.425308478860293881, -8.000000000000000000 ) ) ;
#1467 = ORIENTED_EDGE ( 'NONE', *, *, #2229, .F. ) ;
#1468 = VECTOR ( 'NONE', #2167, 1000.000000000000000 ) ;
#1469 = DIRECTION ( 'NONE',  ( -1.000000000000000000, 0.000000000000000000, 0.000000000000000000 ) ) ;
#1470 = CARTESIAN_POINT ( 'NONE',  ( -1.755346198095263821, 3.137353549875604664, -8.000000000000000000 ) ) ;
#1471 = CARTESIAN_POINT ( 'NONE',  ( -0.9888569496118871927, 1.696841978194023604, -7.999999999999998224 ) ) ;
#1472 = CARTESIAN_POINT ( 'NONE',  ( 6.412950158700095216, 5.821778639546868028, 1.400000000000000133 ) ) ;
#1473 = EDGE_LOOP ( 'NONE', ( #2321, #1288, #3106, #255 ) ) ;
#1474 = EDGE_CURVE ( 'NONE', #1181, #3467, #3358, .T. ) ;
#1475 = CARTESIAN_POINT ( 'NONE',  ( -1.889825367647059107, 4.070966222426470438, -7.800000000000000711 ) ) ;
#1476 = DIRECTION ( 'NONE',  ( 0.000000000000000000, 1.000000000000000000, 0.000000000000000000 ) ) ;
#1477 = CARTESIAN_POINT ( 'NONE',  ( 0.5083833450176669100, 4.319006814290665908, -8.000000000000000000 ) ) ;
#1478 = EDGE_CURVE ( 'NONE', #229, #3197, #2700, .T. ) ;
#1479 = ORIENTED_EDGE ( 'NONE', *, *, #1974, .F. ) ;
#1480 = CARTESIAN_POINT ( 'NONE',  ( 6.753813737929112548, 6.957471641989286582, 1.400000000000000577 ) ) ;
#1481 = CARTESIAN_POINT ( 'NONE',  ( -2.056957310896998514, -2.587614004135757817, 2.000000000000000444 ) ) ;
#1482 = CARTESIAN_POINT ( 'NONE',  ( 3.010888771829057120, 3.926922168905172317, 2.000000000000000444 ) ) ;
#1483 = CARTESIAN_POINT ( 'NONE',  ( -2.184024917503014862, 3.756093677012163567, -7.800000000000000711 ) ) ;
#1484 = CARTESIAN_POINT ( 'NONE',  ( 2.174961746337020774, -2.595601218070330951, 1.999999999999999556 ) ) ;
#1485 = VERTEX_POINT ( 'NONE', #3001 ) ;
#1486 = ORIENTED_EDGE ( 'NONE', *, *, #728, .F. ) ;
#1487 = CARTESIAN_POINT ( 'NONE',  ( 1.700314538021465927, -2.927189060080103822, 1.400000000000000577 ) ) ;
#1488 = CARTESIAN_POINT ( 'NONE',  ( 2.279083455990043472, 6.486487730416621744, 2.000000000000000000 ) ) ;
#1489 = CARTESIAN_POINT ( 'NONE',  ( -1.003868811730145749, 2.061794829306720089, -8.000000000000000000 ) ) ;
#1490 = DIRECTION ( 'NONE',  ( 0.000000000000000000, 0.000000000000000000, 1.000000000000000000 ) ) ;
#1491 = VECTOR ( 'NONE', #1996, 1000.000000000000000 ) ;
#1492 = DIRECTION ( 'NONE',  ( 1.000000000000000000, 0.000000000000000000, 0.000000000000000000 ) ) ;
#1493 = AXIS2_PLACEMENT_3D ( 'NONE', #2971, #1701, #85 ) ;
#1494 = CARTESIAN_POINT ( 'NONE',  ( -1.468282841510189840, 3.277540389283595701, -7.800000000000000711 ) ) ;
#1495 = CARTESIAN_POINT ( 'NONE',  ( -0.8515505182176099641, 1.282166281731333957, -7.999999999999998224 ) ) ;
#1496 = ORIENTED_EDGE ( 'NONE', *, *, #697, .F. ) ;
#1497 = CARTESIAN_POINT ( 'NONE',  ( 5.844096157637280520, 6.203220030002768226, 1.400000000000000133 ) ) ;
#1498 = ORIENTED_EDGE ( 'NONE', *, *, #3689, .F. ) ;
#1499 = DIRECTION ( 'NONE',  ( 0.000000000000000000, 0.000000000000000000, 1.000000000000000000 ) ) ;
#1500 = DIRECTION ( 'NONE',  ( -1.000000000000000000, 0.000000000000000000, 0.000000000000000000 ) ) ;
#1501 = CARTESIAN_POINT ( 'NONE',  ( 0.6772257775567053217, 4.211070955560577644, -7.999999999999998224 ) ) ;
#1502 = EDGE_CURVE ( 'NONE', #958, #2457, #1074, .T. ) ;
#1503 = CARTESIAN_POINT ( 'NONE',  ( 5.867004768146482974, 7.270061831293085142, 1.399999999999999689 ) ) ;
#1504 = CARTESIAN_POINT ( 'NONE',  ( -2.412299969613455719, 6.228691278489837835, 1.399999999999999689 ) ) ;
#1505 = CARTESIAN_POINT ( 'NONE',  ( 2.890415431689860259, 5.371169062544915995, 1.399999999999999689 ) ) ;
#1506 = CARTESIAN_POINT ( 'NONE',  ( -1.876630484616845562, 6.751645749432434229, 1.399999999999999689 ) ) ;
#1507 = CARTESIAN_POINT ( 'NONE',  ( 1.146215492546255543, -3.128295546069374211, 2.000000000000000444 ) ) ;
#1508 = ADVANCED_FACE ( 'NONE', ( #4056 ), #1609, .T. ) ;
#1509 = EDGE_LOOP ( 'NONE', ( #2016, #1394, #1567, #1876, #2024, #3729 ) ) ;
#1510 = EDGE_LOOP ( 'NONE', ( #1098, #1191, #670, #2557 ) ) ;
#1511 = CARTESIAN_POINT ( 'NONE',  ( -0.1767522877372394163, 3.569193118480033622, -8.000000000000001776 ) ) ;
#1512 = CARTESIAN_POINT ( 'NONE',  ( 2.736776407976495129, 5.832801325623144351, 1.400000000000000577 ) ) ;
#1513 = DIRECTION ( 'NONE',  ( -1.000000000000000000, 0.000000000000000000, 0.000000000000000000 ) ) ;
#1514 = CARTESIAN_POINT ( 'NONE',  ( -0.4017925169773819971, 5.024550810250919319, 2.000000000000001332 ) ) ;
#1515 = ORIENTED_EDGE ( 'NONE', *, *, #3642, .F. ) ;
#1516 = CARTESIAN_POINT ( 'NONE',  ( -2.547415968459849189, -1.921329670342290852, 1.400000000000000577 ) ) ;
#1517 = CARTESIAN_POINT ( 'NONE',  ( 6.243560912196486790, 7.196525692285600684, 2.000000000000000444 ) ) ;
#1518 = CARTESIAN_POINT ( 'NONE',  ( 0.1376337142381535150, 3.527764907453041499, -8.000000000000001776 ) ) ;
#1519 = VERTEX_POINT ( 'NONE', #2828 ) ;
#1520 = CARTESIAN_POINT ( 'NONE',  ( 6.552074752509041033, 5.385805021353212929, 1.400000000000000133 ) ) ;
#1521 = EDGE_LOOP ( 'NONE', ( #1546, #1151, #781, #3290 ) ) ;
#1522 = CARTESIAN_POINT ( 'NONE',  ( -0.1706494493013769875, 1.621996603838429030, -8.000000000000000000 ) ) ;
#1523 = CARTESIAN_POINT ( 'NONE',  ( -1.643732434917854812, 4.379811710216912068, -8.000000000000000000 ) ) ;
#1524 = ORIENTED_EDGE ( 'NONE', *, *, #2436, .F. ) ;
#1525 = LINE ( 'NONE', #1207, #3042 ) ;
#1526 = ORIENTED_EDGE ( 'NONE', *, *, #3386, .T. ) ;
#1527 = CARTESIAN_POINT ( 'NONE',  ( 6.059887906135044133, 7.245316656562069468, 1.400000000000000133 ) ) ;
#1528 = CARTESIAN_POINT ( 'NONE',  ( -0.7013012011071161345, 7.219478392831655711, 1.999999999999999556 ) ) ;
#1529 = CARTESIAN_POINT ( 'NONE',  ( 2.053874267291283751, 6.672996634365278901, 1.399999999999999689 ) ) ;
#1530 = CARTESIAN_POINT ( 'NONE',  ( 7.182719912619404568, 4.090691903377114969, 1.999999999999999556 ) ) ;
#1531 = CARTESIAN_POINT ( 'NONE',  ( 2.702006714716638225, -1.911241828833920797, 2.000000000000000888 ) ) ;
#1532 = EDGE_CURVE ( 'NONE', #2320, #4094, #1336, .T. ) ;
#1533 = DIRECTION ( 'NONE',  ( 1.000000000000000000, 0.000000000000000000, 0.000000000000000000 ) ) ;
#1534 = DIRECTION ( 'NONE',  ( 0.000000000000000000, 0.000000000000000000, 1.000000000000000000 ) ) ;
#1535 = DIRECTION ( 'NONE',  ( -0.000000000000000000, -0.000000000000000000, -1.000000000000000000 ) ) ;
#1536 = LINE ( 'NONE', #2820, #431 ) ;
#1537 = VERTEX_POINT ( 'NONE', #667 ) ;
#1538 = CARTESIAN_POINT ( 'NONE',  ( 4.044602018558975054, 6.412170921873864060, 1.400000000000000133 ) ) ;
#1539 = PLANE ( 'NONE',  #1064 ) ;
#1540 = VECTOR ( 'NONE', #1916, 1000.000000000000000 ) ;
#1541 = LINE ( 'NONE', #2239, #461 ) ;
#1542 = CARTESIAN_POINT ( 'NONE',  ( 6.496474967872253536, 4.985364446946220163, 2.000000000000000000 ) ) ;
#1543 = AXIS2_PLACEMENT_3D ( 'NONE', #2466, #3094, #2775 ) ;
#1544 = ORIENTED_EDGE ( 'NONE', *, *, #802, .T. ) ;
#1545 = CARTESIAN_POINT ( 'NONE',  ( -2.056957310896998514, -2.587614004135757817, 1.400000000000000577 ) ) ;
#1546 = ORIENTED_EDGE ( 'NONE', *, *, #3074, .T. ) ;
#1547 = B_SPLINE_CURVE_WITH_KNOTS ( 'NONE', 3,
 ( #935, #3526, #275, #1219, #1563, #1925, #3220, #2838, #3791, #3203, #1601, #894, #2876, #2572, #954, #1944, #2258, #3541, #645 ),
 .UNSPECIFIED., .F., .F.,
 ( 4, 1, 1, 1, 1, 1, 1, 1, 1, 1, 1, 1, 1, 1, 1, 1, 4 ),
 ( 0.000000000000000000, 0.06460481690650256292, 0.1278956159407064475, 0.1894793952650962732, 0.2501347227508790572, 0.3116416663880507421, 0.3730835201633207476, 0.4364116665323127808, 0.5012861864040596416, 0.5657529074853901996, 0.6285995955498888677, 0.6900414493251592063, 0.7510048484557222404, 0.8118607493458753765, 0.8732996428525998667, 0.9353951830934978950, 1.000000000000000000 ),
 .UNSPECIFIED. ) ;
#1548 = DIRECTION ( 'NONE',  ( -0.000000000000000000, 0.000000000000000000, 1.000000000000000000 ) ) ;
#1549 = ORIENTED_EDGE ( 'NONE', *, *, #3714, .T. ) ;
#1550 = CARTESIAN_POINT ( 'NONE',  ( -1.911990143640793782, 4.424650521203441045, -8.000000000000000000 ) ) ;
#1551 = CARTESIAN_POINT ( 'NONE',  ( 0.01291872809915063300, 7.275925436580882533, 2.000000000000000000 ) ) ;
#1552 = CARTESIAN_POINT ( 'NONE',  ( 4.264969974134260156, 3.971741766919486327, 2.000000000000000444 ) ) ;
#1553 = CARTESIAN_POINT ( 'NONE',  ( 7.182719912619404568, 4.090691903377114969, 1.400000000000000133 ) ) ;
#1554 = CARTESIAN_POINT ( 'NONE',  ( -2.465909128160151287, 3.469459202926988617, -7.800000000000002487 ) ) ;
#1555 = ORIENTED_EDGE ( 'NONE', *, *, #2565, .T. ) ;
#1556 = CARTESIAN_POINT ( 'NONE',  ( -12.34999999999999964, -5.500000000000004441, -5.000000000000000000 ) ) ;
#1557 = CARTESIAN_POINT ( 'NONE',  ( -0.3157598911468103564, 5.537764900186234129, 2.000000000000000444 ) ) ;
#1558 = DIRECTION ( 'NONE',  ( 0.000000000000000000, -0.000000000000000000, -1.000000000000000000 ) ) ;
#1559 = CARTESIAN_POINT ( 'NONE',  ( -1.132337389507325431, 7.114487136356401287, 2.000000000000000444 ) ) ;
#1560 = ADVANCED_FACE ( 'NONE', ( #1968 ), #1682, .T. ) ;
#1561 = CARTESIAN_POINT ( 'NONE',  ( 5.477403666057846898, 7.270309794436741413, 1.400000000000001465 ) ) ;
#1562 = B_SPLINE_CURVE_WITH_KNOTS ( 'NONE', 3,
 ( #3580, #1038, #2918, #4008, #1624, #2257, #32, #1436, #392, #1296, #1315, #2939, #3219, #2275, #2606, #702, #2589, #2961, #3601 ),
 .UNSPECIFIED., .F., .F.,
 ( 4, 1, 1, 1, 1, 1, 1, 1, 1, 1, 1, 1, 1, 1, 1, 1, 4 ),
 ( 0.000000000000000000, 0.06963001001115806665, 0.1361645183060283537, 0.2014334164317536369, 0.2651404725783292893, 0.3276349053953567791, 0.3912834878663289384, 0.4551335782029530819, 0.5211512185189391966, 0.5865455023486725317, 0.6490399351656999105, 0.7100510743664287805, 0.7690012252589376596, 0.8272875842010324332, 0.8845622076186949734, 0.9419504873817100554, 1.000000000000000000 ),
 .UNSPECIFIED. ) ;
#1563 = CARTESIAN_POINT ( 'NONE',  ( -2.513145308454868054, 3.585078304390528992, -7.800000000000000711 ) ) ;
#1564 = DIRECTION ( 'NONE',  ( -0.000000000000000000, -0.000000000000000000, -1.000000000000000000 ) ) ;
#1565 = CARTESIAN_POINT ( 'NONE',  ( 6.412950158700096992, 4.832307412842838268, 2.000000000000000444 ) ) ;
#1566 = EDGE_CURVE ( 'NONE', #1037, #3489, #2205, .T. ) ;
#1567 = ORIENTED_EDGE ( 'NONE', *, *, #3746, .T. ) ;
#1568 = ORIENTED_EDGE ( 'NONE', *, *, #3419, .T. ) ;
#1569 = DIRECTION ( 'NONE',  ( 1.000000000000000000, 0.000000000000000000, 0.000000000000000000 ) ) ;
#1570 = CIRCLE ( 'NONE', #1153, 6.349999999999999645 ) ;
#1571 = CARTESIAN_POINT ( 'NONE',  ( 7.618358513327205372, 5.327043026194852260, 1.400000000000000133 ) ) ;
#1572 = CARTESIAN_POINT ( 'NONE',  ( -2.394619357639233836, 4.187024624078043544, -8.000000000000000000 ) ) ;
#1573 = DIRECTION ( 'NONE',  ( 1.000000000000000000, 0.000000000000000000, 0.000000000000000000 ) ) ;
#1574 = CARTESIAN_POINT ( 'NONE',  ( 5.740921130347322432, 3.380008799615956239, 1.400000000000000133 ) ) ;
#1575 = CARTESIAN_POINT ( 'NONE',  ( 6.588487857838877026, 3.599219242023581788, 1.999999999999999556 ) ) ;
#1576 = CARTESIAN_POINT ( 'NONE',  ( 5.178416862458615100, 4.582079171662876149, 1.400000000000000577 ) ) ;
#1577 = CARTESIAN_POINT ( 'NONE',  ( -0.06119256145741001907, 5.735246194333044834, 1.400000000000000577 ) ) ;
#1578 = CARTESIAN_POINT ( 'NONE',  ( 0.7244582002513572094, 4.169214586763148489, -7.800000000000000711 ) ) ;
#1579 = CARTESIAN_POINT ( 'NONE',  ( 0.9463330321228982100, 1.672407048873434832, -7.800000000000000711 ) ) ;
#1580 = CARTESIAN_POINT ( 'NONE',  ( 3.944931888705970557, 6.246495051646762775, 2.000000000000000888 ) ) ;
#1581 = DIRECTION ( 'NONE',  ( -1.000000000000000000, 0.000000000000000000, 0.000000000000000000 ) ) ;
#1582 = EDGE_CURVE ( 'NONE', #3069, #2362, #3013, .T. ) ;
#1583 = CARTESIAN_POINT ( 'NONE',  ( 6.059887906135044133, 7.245316656562069468, 1.400000000000000133 ) ) ;
#1584 = ORIENTED_EDGE ( 'NONE', *, *, #2588, .T. ) ;
#1585 = LINE ( 'NONE', #2592, #1240 ) ;
#1586 = ORIENTED_EDGE ( 'NONE', *, *, #1834, .F. ) ;
#1587 = CARTESIAN_POINT ( 'NONE',  ( 0.000000000000000000, 0.000000000000000000, -7.500000000000000000 ) ) ;
#1588 = EDGE_CURVE ( 'NONE', #1843, #3010, #2221, .T. ) ;
#1589 = CARTESIAN_POINT ( 'NONE',  ( -2.893795094209557828, 0.1226411348230695281, 1.400000000000000133 ) ) ;
#1590 = CARTESIAN_POINT ( 'NONE',  ( -2.251271245976370849, 4.319157213996427380, -7.799999999999998934 ) ) ;
#1591 = CARTESIAN_POINT ( 'NONE',  ( 3.795967593450956912, 4.762484096482443974, 2.000000000000000000 ) ) ;
#1592 = CARTESIAN_POINT ( 'NONE',  ( 5.870178080145423749, 3.383633383039459375, 1.399999999999999689 ) ) ;
#1593 = CARTESIAN_POINT ( 'NONE',  ( -2.432876109209741511, 3.415339063360528726, -8.000000000000000000 ) ) ;
#1594 = DIRECTION ( 'NONE',  ( -0.000000000000000000, -0.000000000000000000, -1.000000000000000000 ) ) ;
#1595 = CARTESIAN_POINT ( 'NONE',  ( -0.3613281526696695556, 5.373555246842107280, 2.000000000000000444 ) ) ;
#1596 = CARTESIAN_POINT ( 'NONE',  ( 0.1377997663909319159, 3.506848428763595038, -7.800000000000000711 ) ) ;
#1597 = ORIENTED_EDGE ( 'NONE', *, *, #4107, .F. ) ;
#1598 = CARTESIAN_POINT ( 'NONE',  ( -2.761495509023059736, 5.347002490802948316, 1.999999999999999556 ) ) ;
#1599 = EDGE_LOOP ( 'NONE', ( #668, #3318, #24, #1228 ) ) ;
#1600 = CARTESIAN_POINT ( 'NONE',  ( 3.944931888705970557, 6.246495051646762775, 1.400000000000001021 ) ) ;
#1601 = CARTESIAN_POINT ( 'NONE',  ( -2.301188315560670716, 3.271482559848855942, -7.799999999999998934 ) ) ;
#1602 = CARTESIAN_POINT ( 'NONE',  ( -0.06643917308134131283, 0.9212572763480387783, -7.800000000000000711 ) ) ;
#1603 = CARTESIAN_POINT ( 'NONE',  ( -2.893795094209557828, 3.654990503647748135, 1.400000000000000133 ) ) ;
#1604 = VERTEX_POINT ( 'NONE', #124 ) ;
#1605 = AXIS2_PLACEMENT_3D ( 'NONE', #3472, #2092, #797 ) ;
#1606 = VERTEX_POINT ( 'NONE', #1346 ) ;
#1607 = CARTESIAN_POINT ( 'NONE',  ( 3.797824877182896408, 5.886855675790508613, 2.000000000000000000 ) ) ;
#1608 = ORIENTED_EDGE ( 'NONE', *, *, #1992, .T. ) ;
#1609 = B_SPLINE_SURFACE_WITH_KNOTS ( 'NONE', 3, 1, ( 
 ( #3990, #3088 ),
 ( #172, #817 ),
 ( #2115, #3638 ),
 ( #3404, #513 ),
 ( #2770, #2480 ),
 ( #2501, #3426 ),
 ( #3778, #1209 ),
 ( #3491, #1859 ),
 ( #2925, #3154 ),
 ( #4099, #596 ),
 ( #557, #262 ),
 ( #218, #882 ),
 ( #1504, #976 ),
 ( #3735, #903 ),
 ( #3133, #2790 ),
 ( #4077, #1184 ),
 ( #3760, #3566 ),
 ( #3801, #3224 ),
 ( #862, #576 ),
 ( #2162, #1629 ),
 ( #2183, #3448 ),
 ( #536, #239 ),
 ( #1839, #1528 ),
 ( #2204, #3110 ),
 ( #1898, #337 ),
 ( #2809, #3473 ),
 ( #1878, #1551 ) ),
 .UNSPECIFIED., .F., .F., .F.,
 ( 4, 1, 1, 1, 1, 1, 1, 1, 1, 1, 1, 1, 1, 1, 1, 1, 1, 1, 1, 1, 1, 1, 1, 1, 4 ),
 ( 2, 2 ),
 ( 0.000000000000000000, 0.06259121840097633949, 0.1211105918018105521, 0.1759386597790407458, 0.2264413399160008222, 0.2733600636876824530, 0.3161561963645263540, 0.3554796912097711870, 0.3911863842332320984, 0.4249742912012084428, 0.4584736302176755096, 0.4916818938248517235, 0.5255476034192441137, 0.5596679459944023938, 0.5945460646276249372, 0.6306631554487311941, 0.6680423085997024835, 0.7064478528708645344, 0.7450281240886547085, 0.7846213773287379345, 0.8251172150715183617, 0.8667046114550418512, 0.9095581024743909504, 0.9541505019105006591, 1.000000000000000000 ),
 ( 0.000000000000000000, 1.000000000000000000 ),
 .UNSPECIFIED. ) ;
#1610 = CIRCLE ( 'NONE', #1683, 1.000000000000000888 ) ;
#1611 = CARTESIAN_POINT ( 'NONE',  ( -1.869380319396362067, 4.070046914698977503, -7.800000000000000711 ) ) ;
#1612 = ADVANCED_FACE ( 'NONE', ( #2993 ), #1950, .T. ) ;
#1613 = CARTESIAN_POINT ( 'NONE',  ( -2.196848794988070619, 4.351359397897606840, -7.800000000000004263 ) ) ;
#1614 = CARTESIAN_POINT ( 'NONE',  ( -1.003969726562499387, 3.218330167882581971, -7.800000000000000711 ) ) ;
#1615 = CARTESIAN_POINT ( 'NONE',  ( -2.020222331022208273, 3.136683523785409822, -7.800000000000000711 ) ) ;
#1616 = EDGE_CURVE ( 'NONE', #1537, #710, #2355, .T. ) ;
#1617 = VERTEX_POINT ( 'NONE', #3057 ) ;
#1618 = CARTESIAN_POINT ( 'NONE',  ( -1.241835198358159920, 3.829697209475906750, -7.999999999999998224 ) ) ;
#1619 = CARTESIAN_POINT ( 'NONE',  ( -0.4119535841043864832, 4.702652340691308552, 1.400000000000000577 ) ) ;
#1620 = CARTESIAN_POINT ( 'NONE',  ( 0.6255434948722830013, 4.250548583144144743, -7.800000000000004263 ) ) ;
#1621 = ORIENTED_EDGE ( 'NONE', *, *, #425, .F. ) ;
#1622 = CARTESIAN_POINT ( 'NONE',  ( -1.333694272524948099, 7.043025439281201727, 1.999999999999999556 ) ) ;
#1623 = ORIENTED_EDGE ( 'NONE', *, *, #3443, .F. ) ;
#1624 = CARTESIAN_POINT ( 'NONE',  ( 5.073664579015853882, 3.456706664035845034, 2.000000000000000000 ) ) ;
#1625 = CARTESIAN_POINT ( 'NONE',  ( -0.1771711282169113333, 3.506848428763595038, -8.000000000000005329 ) ) ;
#1626 = DIRECTION ( 'NONE',  ( 0.000000000000000000, 1.000000000000000000, 0.000000000000000000 ) ) ;
#1627 = LINE ( 'NONE', #974, #1027 ) ;
#1628 = CARTESIAN_POINT ( 'NONE',  ( 5.477403666057846898, 7.270309794436741413, 2.000000000000001332 ) ) ;
#1629 = CARTESIAN_POINT ( 'NONE',  ( -1.333694272524948099, 7.043025439281201727, 1.999999999999999556 ) ) ;
#1630 = ORIENTED_EDGE ( 'NONE', *, *, #2255, .F. ) ;
#1631 = CARTESIAN_POINT ( 'NONE',  ( -1.595513362638982802, 3.762636114786984454, -8.000000000000000000 ) ) ;
#1632 = CARTESIAN_POINT ( 'NONE',  ( -2.514151374198680511, 3.966524107432846336, -7.800000000000002487 ) ) ;
#1633 = CIRCLE ( 'NONE', #2171, 12.34999999999999964 ) ;
#1634 = EDGE_CURVE ( 'NONE', #1843, #1382, #208, .T. ) ;
#1635 = CARTESIAN_POINT ( 'NONE',  ( 0.5187853830514310705, -1.005002373543649519, 2.000000000000000444 ) ) ;
#1636 = CARTESIAN_POINT ( 'NONE',  ( 2.702006714716638225, -1.911241828833920797, 2.000000000000000888 ) ) ;
#1637 = ORIENTED_EDGE ( 'NONE', *, *, #1197, .T. ) ;
#1638 = CARTESIAN_POINT ( 'NONE',  ( -0.1041884490174367628, 3.898426798038243657, -7.799999999999998934 ) ) ;
#1639 = ADVANCED_FACE ( 'NONE', ( #2129 ), #1298, .T. ) ;
#1640 = CARTESIAN_POINT ( 'NONE',  ( -1.003853533912439921, 3.249294708737344273, -7.800000000000000711 ) ) ;
#1641 = CARTESIAN_POINT ( 'NONE',  ( -1.519443653518315340, 3.237213869575690683, -7.800000000000002487 ) ) ;
#1642 = ORIENTED_EDGE ( 'NONE', *, *, #273, .F. ) ;
#1643 = CARTESIAN_POINT ( 'NONE',  ( 0.9122345066759582899, 1.507319794585516792, -7.800000000000000711 ) ) ;
#1644 = ORIENTED_EDGE ( 'NONE', *, *, #3314, .F. ) ;
#1645 = DIRECTION ( 'NONE',  ( -1.000000000000000000, 0.000000000000000000, 0.000000000000000000 ) ) ;
#1646 = CARTESIAN_POINT ( 'NONE',  ( -2.301188315560670716, 3.271482559848855942, -7.999999999999998224 ) ) ;
#1647 = CARTESIAN_POINT ( 'NONE',  ( 0.5118977653856281451, 5.173343035493037867, 2.000000000000000000 ) ) ;
#1648 = LINE ( 'NONE', #57, #3059 ) ;
#1649 = ORIENTED_EDGE ( 'NONE', *, *, #3517, .F. ) ;
#1650 = VERTEX_POINT ( 'NONE', #2878 ) ;
#1651 = CARTESIAN_POINT ( 'NONE',  ( -6.238087100639758020, 1.186915887850467977, -8.000000000000000000 ) ) ;
#1652 = AXIS2_PLACEMENT_3D ( 'NONE', #1946, #2240, #647 ) ;
#1653 = CARTESIAN_POINT ( 'NONE',  ( -2.099484154036125982, 3.985339795120684592, -8.000000000000000000 ) ) ;
#1654 = VERTEX_POINT ( 'NONE', #3871 ) ;
#1655 = CARTESIAN_POINT ( 'NONE',  ( -1.598128691485859676, 3.835900990530466181, -7.800000000000000711 ) ) ;
#1656 = ORIENTED_EDGE ( 'NONE', *, *, #2969, .F. ) ;
#1657 = CARTESIAN_POINT ( 'NONE',  ( -0.4128808909032228303, -0.5196037486156002139, 1.400000000000000577 ) ) ;
#1658 = FACE_OUTER_BOUND ( 'NONE', #1154, .T. ) ;
#1659 = CARTESIAN_POINT ( 'NONE',  ( 0.1993175192440267418, -3.236228170955882444, 2.000000000000000000 ) ) ;
#1660 = CARTESIAN_POINT ( 'NONE',  ( -1.240750206957492496, 3.783303088129557068, -7.999999999999996447 ) ) ;
#1661 = CARTESIAN_POINT ( 'NONE',  ( 6.750392881880939555, 3.697236139516939524, 1.400000000000000577 ) ) ;
#1662 = CARTESIAN_POINT ( 'NONE',  ( 0.9542808593935430128, 3.531990523762009282, -7.999999999999992895 ) ) ;
#1663 = ORIENTED_EDGE ( 'NONE', *, *, #2, .F. ) ;
#1664 = FACE_OUTER_BOUND ( 'NONE', #1510, .T. ) ;
#1665 = ORIENTED_EDGE ( 'NONE', *, *, #3740, .T. ) ;
#1666 = EDGE_CURVE ( 'NONE', #3225, #3322, #646, .T. ) ;
#1667 = CARTESIAN_POINT ( 'NONE',  ( 0.1337348933654690097, 1.664163101219385599, -7.999999999999998224 ) ) ;
#1668 = CARTESIAN_POINT ( 'NONE',  ( -2.538790008088461558, 3.753720605104804875, -8.000000000000000000 ) ) ;
#1669 = CARTESIAN_POINT ( 'NONE',  ( -0.06643917308134132671, 0.9212572763480388893, -8.000000000000000000 ) ) ;
#1670 = CARTESIAN_POINT ( 'NONE',  ( 6.164211716293194421, 4.583568970435936585, 1.400000000000001021 ) ) ;
#1671 = DIRECTION ( 'NONE',  ( -0.000000000000000000, -0.000000000000000000, 1.000000000000000000 ) ) ;
#1672 = CARTESIAN_POINT ( 'NONE',  ( -0.9122588026588305254, 3.944267108541048117, -8.000000000000001776 ) ) ;
#1673 = CARTESIAN_POINT ( 'NONE',  ( 0.06828470566693553567, 5.740442325367648202, 1.400000000000001021 ) ) ;
#1674 = ORIENTED_EDGE ( 'NONE', *, *, #3492, .T. ) ;
#1675 = CARTESIAN_POINT ( 'NONE',  ( 7.298628327629219648, 4.246017190081588843, 1.999999999999999556 ) ) ;
#1676 = CARTESIAN_POINT ( 'NONE',  ( -1.595730483259295784, 3.801000743548883953, -7.799999999999998934 ) ) ;
#1677 = AXIS2_PLACEMENT_3D ( 'NONE', #1051, #2351, #3635 ) ;
#1678 = CARTESIAN_POINT ( 'NONE',  ( -0.3251977961022117225, -1.530859723663879679, 2.000000000000000000 ) ) ;
#1679 = AXIS2_PLACEMENT_3D ( 'NONE', #1046, #58, #2344 ) ;
#1680 = CARTESIAN_POINT ( 'NONE',  ( 0.3882655123060327340, -1.584516009282511240, 1.999999999999999556 ) ) ;
#1681 = CARTESIAN_POINT ( 'NONE',  ( 5.488650253080655794, 6.204767867142922277, 2.000000000000000000 ) ) ;
#1682 = B_SPLINE_SURFACE_WITH_KNOTS ( 'NONE', 3, 1, ( 
 ( #3245, #38 ),
 ( #356, #839 ),
 ( #2137, #3982 ),
 ( #101, #2026 ),
 ( #1410, #709 ),
 ( #2678, #1388 ),
 ( #3313, #444 ),
 ( #1367, #3963 ),
 ( #1987, #2324 ),
 ( #3348, #3608 ),
 ( #2046, #1069 ) ),
 .UNSPECIFIED., .F., .F., .F.,
 ( 4, 1, 1, 1, 1, 1, 1, 1, 4 ),
 ( 2, 2 ),
 ( 0.000000000000000000, 0.1266042765279085103, 0.2496192610236181719, 0.3719166998245287958, 0.5000000000000001110, 0.6280833001754708711, 0.7503807389763818003, 0.8733957234720913787, 1.000000000000000000 ),
 ( 0.000000000000000000, 1.000000000000000000 ),
 .UNSPECIFIED. ) ;
#1683 = AXIS2_PLACEMENT_3D ( 'NONE', #1798, #3051, #2381 ) ;
#1684 = CARTESIAN_POINT ( 'NONE',  ( -0.1342679743607639586, 3.877033279285198919, -8.000000000000007105 ) ) ;
#1685 = CARTESIAN_POINT ( 'NONE',  ( -1.889825367647059107, 3.480395795036764106, -7.800000000000000711 ) ) ;
#1686 = CARTESIAN_POINT ( 'NONE',  ( 0.9602021743198003723, 3.433911473131513237, -7.999999999999992895 ) ) ;
#1687 = CARTESIAN_POINT ( 'NONE',  ( 3.005097241858857515, -0.2514298853323743144, 1.400000000000000133 ) ) ;
#1688 = ORIENTED_EDGE ( 'NONE', *, *, #3137, .T. ) ;
#1689 = CARTESIAN_POINT ( 'NONE',  ( 0.1165178608732435617, 1.515024806696617432, -7.999999999999996447 ) ) ;
#1690 = CARTESIAN_POINT ( 'NONE',  ( 0.05870465470771742827, 3.897814702794125452, -7.999999999999992895 ) ) ;
#1691 = CARTESIAN_POINT ( 'NONE',  ( 0.8876297240965237423, 1.438476432921801829, -7.800000000000002487 ) ) ;
#1692 = DIRECTION ( 'NONE',  ( -0.000000000000000000, -0.000000000000000000, -1.000000000000000000 ) ) ;
#1693 = EDGE_CURVE ( 'NONE', #1125, #3139, #2219, .T. ) ;
#1694 = CARTESIAN_POINT ( 'NONE',  ( -1.889825367647059107, 3.480395795036764106, -7.999999999999998224 ) ) ;
#1695 = ORIENTED_EDGE ( 'NONE', *, *, #816, .F. ) ;
#1696 = EDGE_LOOP ( 'NONE', ( #2193, #1515, #2291, #3606 ) ) ;
#1697 = LINE ( 'NONE', #2025, #322 ) ;
#1698 = CARTESIAN_POINT ( 'NONE',  ( -0.1706494493013769875, 1.621996603838429030, -8.000000000000000000 ) ) ;
#1699 = ORIENTED_EDGE ( 'NONE', *, *, #2664, .T. ) ;
#1700 = EDGE_CURVE ( 'NONE', #3947, #436, #1541, .T. ) ;
#1701 = DIRECTION ( 'NONE',  ( 0.1869158878504680599, -0.9823759213605915974, 0.000000000000000000 ) ) ;
#1702 = DIRECTION ( 'NONE',  ( 1.000000000000000000, 0.000000000000000000, 0.000000000000000000 ) ) ;
#1703 = CARTESIAN_POINT ( 'NONE',  ( 4.786540087916947961, 5.287908344360954693, 1.400000000000000133 ) ) ;
#1704 = DIRECTION ( 'NONE',  ( 1.836970198721030181E-16, -1.000000000000000000, 0.000000000000000000 ) ) ;
#1705 = CARTESIAN_POINT ( 'NONE',  ( 1.146215492546255543, -3.128295546069374211, 2.000000000000000444 ) ) ;
#1706 = B_SPLINE_CURVE_WITH_KNOTS ( 'NONE', 3,
 ( #1929, #4170, #898, #2536, #1874, #2826, #2200, #3487, #589, #2222, #612, #1914, #2861, #3191, #3172 ),
 .UNSPECIFIED., .F., .F.,
 ( 4, 1, 1, 1, 1, 1, 1, 1, 1, 1, 1, 1, 4 ),
 ( 0.000000000000000000, 0.09410424431777156262, 0.1749059276417518904, 0.2488550885376898947, 0.3254404506555110821, 0.3717073599365787739, 0.4271088909568260816, 0.4946210280067476761, 0.5722951843917792880, 0.6623489608684836050, 0.7638526647736270103, 0.8755217069386230788, 0.9999999999999998890 ),
 .UNSPECIFIED. ) ;
#1707 = AXIS2_PLACEMENT_3D ( 'NONE', #712, #403, #1702 ) ;
#1708 = VECTOR ( 'NONE', #3786, 1000.000000000000000 ) ;
#1709 = CARTESIAN_POINT ( 'NONE',  ( -1.287683612970814462, 4.023582343921918714, -7.800000000000000711 ) ) ;
#1710 = CARTESIAN_POINT ( 'NONE',  ( 7.298628327629219648, 4.246017190081588843, 1.400000000000000133 ) ) ;
#1711 = FACE_OUTER_BOUND ( 'NONE', #2710, .T. ) ;
#1712 = VERTEX_POINT ( 'NONE', #4167 ) ;
#1713 = CARTESIAN_POINT ( 'NONE',  ( 2.980793567883950779, -0.7097493042951709130, 1.399999999999999689 ) ) ;
#1714 = ORIENTED_EDGE ( 'NONE', *, *, #824, .F. ) ;
#1715 = VERTEX_POINT ( 'NONE', #1280 ) ;
#1716 = CARTESIAN_POINT ( 'NONE',  ( -0.02276156855564445344, 3.913480775122548216, -7.999999999999996447 ) ) ;
#1717 = CARTESIAN_POINT ( 'NONE',  ( 0.1165178608732435617, 1.515024806696617432, -8.000000000000000000 ) ) ;
#1718 = CARTESIAN_POINT ( 'NONE',  ( -2.099484154036125982, 3.985339795120684592, -7.800000000000000711 ) ) ;
#1719 = CARTESIAN_POINT ( 'NONE',  ( 5.675012700697954493, 3.378160615808822431, 1.400000000000000133 ) ) ;
#1720 = ORIENTED_EDGE ( 'NONE', *, *, #3227, .T. ) ;
#1721 = ORIENTED_EDGE ( 'NONE', *, *, #2121, .F. ) ;
#1722 = ADVANCED_FACE ( 'NONE', ( #1262 ), #18, .T. ) ;
#1723 = CARTESIAN_POINT ( 'NONE',  ( -9.850000000000001421, -4.000000000000000000, 0.000000000000000000 ) ) ;
#1724 = DIRECTION ( 'NONE',  ( -0.000000000000000000, -0.000000000000000000, -1.000000000000000000 ) ) ;
#1725 = CARTESIAN_POINT ( 'NONE',  ( 0.5315133846507361648, 4.520545286290785114, 1.999999999999998668 ) ) ;
#1726 = EDGE_CURVE ( 'NONE', #1654, #3600, #729, .T. ) ;
#1727 = DIRECTION ( 'NONE',  ( -0.000000000000000000, -0.000000000000000000, 1.000000000000000000 ) ) ;
#1728 = DIRECTION ( 'NONE',  ( -0.000000000000000000, -0.000000000000000000, -1.000000000000000000 ) ) ;
#1729 = CARTESIAN_POINT ( 'NONE',  ( 0.5255965194190470591, 1.027940605993719725, -8.000000000000001776 ) ) ;
#1730 = VERTEX_POINT ( 'NONE', #2941 ) ;
#1731 = CARTESIAN_POINT ( 'NONE',  ( -2.875412226811572936, -0.5924431635091723658, 2.000000000000000000 ) ) ;
#1732 = CARTESIAN_POINT ( 'NONE',  ( 0.3882655123060327340, -1.584516009282511240, 1.399999999999999689 ) ) ;
#1733 = CARTESIAN_POINT ( 'NONE',  ( 0.9204985030076876518, 3.782334163600982180, -7.799999999999997158 ) ) ;
#1734 = ORIENTED_EDGE ( 'NONE', *, *, #2740, .F. ) ;
#1735 = DIRECTION ( 'NONE',  ( 0.000000000000000000, 0.000000000000000000, 1.000000000000000000 ) ) ;
#1736 = ORIENTED_EDGE ( 'NONE', *, *, #240, .T. ) ;
#1737 = CARTESIAN_POINT ( 'NONE',  ( 0.1300827066588820802, 3.719535440961415418, -7.800000000000000711 ) ) ;
#1738 = CARTESIAN_POINT ( 'NONE',  ( 0.8491386561532839883, 1.359556776552570012, -7.800000000000000711 ) ) ;
#1739 = CARTESIAN_POINT ( 'NONE',  ( 6.545653106749093730, 5.152422971498749504, 1.400000000000000577 ) ) ;
#1740 = CARTESIAN_POINT ( 'NONE',  ( 4.841807541570286588, 5.661768974754783024, 1.399999999999999245 ) ) ;
#1741 = ORIENTED_EDGE ( 'NONE', *, *, #472, .T. ) ;
#1742 = VERTEX_POINT ( 'NONE', #1317 ) ;
#1743 = DIRECTION ( 'NONE',  ( 1.000000000000000000, 0.000000000000000000, 0.000000000000000000 ) ) ;
#1744 = CARTESIAN_POINT ( 'NONE',  ( 0.000000000000000000, 1.166476076187853824E-15, 1.000000000000000000 ) ) ;
#1745 = CARTESIAN_POINT ( 'NONE',  ( -1.003673690192262047, 2.002318651351548073, -7.800000000000000711 ) ) ;
#1746 = CARTESIAN_POINT ( 'NONE',  ( 5.611306032212727501, 4.444396047297630936, 1.400000000000000133 ) ) ;
#1747 = CARTESIAN_POINT ( 'NONE',  ( -0.9985404406464338800, 3.474666616442499301, -7.799999999999997158 ) ) ;
#1748 = CARTESIAN_POINT ( 'NONE',  ( 0.4301407072998147396, 0.9877265680657929536, -8.000000000000000000 ) ) ;
#1749 = EDGE_CURVE ( 'NONE', #1313, #366, #3904, .T. ) ;
#1750 = VERTEX_POINT ( 'NONE', #1362 ) ;
#1751 = STYLED_ITEM ( 'NONE', ( #1208 ), #272 ) ;
#1752 = CARTESIAN_POINT ( 'NONE',  ( -2.812285701764071000, -1.151240776112943731, 2.000000000000000000 ) ) ;
#1753 = DIRECTION ( 'NONE',  ( 0.000000000000000000, 0.000000000000000000, -1.000000000000000000 ) ) ;
#1754 = CARTESIAN_POINT ( 'NONE',  ( 5.669476102941175988, 7.275925436580881644, 2.000000000000000000 ) ) ;
#1755 = CARTESIAN_POINT ( 'NONE',  ( 2.942754466557570669, -1.089473323149252604, 1.999999999999999112 ) ) ;
#1756 = VECTOR ( 'NONE', #1626, 1000.000000000000000 ) ;
#1757 = ORIENTED_EDGE ( 'NONE', *, *, #2443, .T. ) ;
#1758 = EDGE_LOOP ( 'NONE', ( #147, #3160, #3876, #2012 ) ) ;
#1759 = CARTESIAN_POINT ( 'NONE',  ( 3.005097241858857515, -0.2514298853323743144, 1.400000000000000133 ) ) ;
#1760 = CARTESIAN_POINT ( 'NONE',  ( 0.9645983647365202751, 2.040880378274356755, -7.800000000000002487 ) ) ;
#1761 = FACE_OUTER_BOUND ( 'NONE', #2881, .T. ) ;
#1762 = EDGE_LOOP ( 'NONE', ( #619, #211, #1239, #2354 ) ) ;
#1763 = CARTESIAN_POINT ( 'NONE',  ( 0.000000000000000000, 0.000000000000000000, -5.000000000000000000 ) ) ;
#1764 = LINE ( 'NONE', #163, #3015 ) ;
#1765 = CARTESIAN_POINT ( 'NONE',  ( -1.242079073600692807, 3.701374146540290511, -7.800000000000002487 ) ) ;
#1766 = CARTESIAN_POINT ( 'NONE',  ( -0.1545892757990018629, 1.526641853142973515, -7.800000000000000711 ) ) ;
#1767 = CARTESIAN_POINT ( 'NONE',  ( -1.240197897518382719, 3.759686392989812553, -8.000000000000000000 ) ) ;
#1768 = CARTESIAN_POINT ( 'NONE',  ( -0.1453467136265883530, 1.499695798360753729, -8.000000000000000000 ) ) ;
#1769 = DIRECTION ( 'NONE',  ( 0.000000000000000000, 0.000000000000000000, -1.000000000000000000 ) ) ;
#1770 = CARTESIAN_POINT ( 'NONE',  ( 0.9049840655029650627, 3.851284862589178015, -8.000000000000003553 ) ) ;
#1771 = ORIENTED_EDGE ( 'NONE', *, *, #1502, .T. ) ;
#1772 = CARTESIAN_POINT ( 'NONE',  ( 0.02424585797955260830, 1.434425559331593991, -7.999999999999994671 ) ) ;
#1773 = CARTESIAN_POINT ( 'NONE',  ( -1.702653194628273470, 4.399681321501462961, -7.999999999999996447 ) ) ;
#1774 = CARTESIAN_POINT ( 'NONE',  ( 0.08877790262541632171, 3.874091375037045815, -7.800000000000004263 ) ) ;
#1775 = CARTESIAN_POINT ( 'NONE',  ( -2.539452837775736160, 3.775681008731617716, -7.800000000000002487 ) ) ;
#1776 = CARTESIAN_POINT ( 'NONE',  ( 3.011909179687500604, 3.654990503647748135, 1.400000000000000133 ) ) ;
#1777 = CIRCLE ( 'NONE', #2300, 0.4999999999999995559 ) ;
#1778 = VERTEX_POINT ( 'NONE', #2295 ) ;
#1779 = ADVANCED_FACE ( 'NONE', ( #3603 ), #3790, .T. ) ;
#1780 = CARTESIAN_POINT ( 'NONE',  ( 2.702006714716638225, -1.911241828833920797, 1.400000000000001021 ) ) ;
#1781 = CIRCLE ( 'NONE', #4121, 1.000000000000000000 ) ;
#1782 = CARTESIAN_POINT ( 'NONE',  ( 2.736776407976495129, 5.832801325623144351, 2.000000000000000444 ) ) ;
#1783 = FACE_OUTER_BOUND ( 'NONE', #266, .T. ) ;
#1784 = CARTESIAN_POINT ( 'NONE',  ( 5.669476102941175988, 6.212898667279410425, 1.400000000000000133 ) ) ;
#1785 = CARTESIAN_POINT ( 'NONE',  ( 0.05590249007058017972, -3.233885667038419509, 1.999999999999999556 ) ) ;
#1786 = CARTESIAN_POINT ( 'NONE',  ( -1.240827346196068603, 3.740174893366941422, -7.800000000000000711 ) ) ;
#1787 = CARTESIAN_POINT ( 'NONE',  ( 0.1052532970489378911, 3.845921633395410932, -7.999999999999998224 ) ) ;
#1788 = CARTESIAN_POINT ( 'NONE',  ( -1.868268434879334139, 4.424678216537841990, -7.800000000000000711 ) ) ;
#1789 = ORIENTED_EDGE ( 'NONE', *, *, #1250, .F. ) ;
#1790 = DIRECTION ( 'NONE',  ( 0.000000000000000000, 1.000000000000000000, 9.442366366418860446E-13 ) ) ;
#1791 = CARTESIAN_POINT ( 'NONE',  ( 0.9645983647365201641, 2.040880378274356310, -7.800000000000000711 ) ) ;
#1792 = CARTESIAN_POINT ( 'NONE',  ( 0.8863681759968831120, 3.913865812844108838, -7.999999999999998224 ) ) ;
#1793 = ORIENTED_EDGE ( 'NONE', *, *, #4133, .F. ) ;
#1794 = CARTESIAN_POINT ( 'NONE',  ( -2.662889172289567785, -1.684570701234592738, 1.999999999999999556 ) ) ;
#1795 = CARTESIAN_POINT ( 'NONE',  ( 0.4823400525282393048, -1.340925784906134233, 1.999999999999999556 ) ) ;
#1796 = CARTESIAN_POINT ( 'NONE',  ( -1.909412699366512811, 3.481481458875660628, -7.999999999999996447 ) ) ;
#1797 = LINE ( 'NONE', #1460, #2774 ) ;
#1798 = CARTESIAN_POINT ( 'NONE',  ( 12.34999999999999964, -5.500000000000004441, 1.000000000000000000 ) ) ;
#1799 = CARTESIAN_POINT ( 'NONE',  ( 2.832375795700949883, 5.587399783203815140, 1.400000000000000577 ) ) ;
#1800 = CARTESIAN_POINT ( 'NONE',  ( 0.9645983647365201641, 3.218330167882581971, -7.800000000000000711 ) ) ;
#1801 = CARTESIAN_POINT ( 'NONE',  ( 3.854083726035876900, 4.596022944138671740, 1.400000000000000577 ) ) ;
#1802 = ADVANCED_FACE ( 'NONE', ( #3029 ), #561, .T. ) ;
#1803 = CARTESIAN_POINT ( 'NONE',  ( -0.9692675238349592881, -3.125072629141267377, 2.000000000000000000 ) ) ;
#1804 = CARTESIAN_POINT ( 'NONE',  ( -1.891670900232652164, 3.126053538602940662, -7.800000000000000711 ) ) ;
#1805 = B_SPLINE_CURVE_WITH_KNOTS ( 'NONE', 3,
 ( #1275, #3844, #1237, #3538, #931, #1960, #2892, #1641, #307, #949, #640, #2529, #3826, #2270, #910, #3520, #288, #3200, #3500 ),
 .UNSPECIFIED., .F., .F.,
 ( 4, 1, 1, 1, 1, 1, 1, 1, 1, 1, 1, 1, 1, 1, 1, 1, 4 ),
 ( 0.000000000000000000, 0.06963001001115828870, 0.1361645183060282427, 0.2014334164317538034, 0.2651404725783291227, 0.3276349053953566681, 0.3912834878663285498, 0.4551335782029526378, 0.5211512185189386415, 0.5865455023486721986, 0.6490399351656996885, 0.7100510743664284474, 0.7690012252589371045, 0.8272875842010319891, 0.8845622076186949734, 0.9419504873817096113, 1.000000000000000000 ),
 .UNSPECIFIED. ) ;
#1806 = CARTESIAN_POINT ( 'NONE',  ( -0.1766615767480005095, 1.767329559077480017, -8.000000000000003553 ) ) ;
#1807 = CARTESIAN_POINT ( 'NONE',  ( -0.4118985723465276583, -0.6524908767458763581, 2.000000000000000000 ) ) ;
#1808 = EDGE_CURVE ( 'NONE', #5, #2671, #1845, .T. ) ;
#1809 = ORIENTED_EDGE ( 'NONE', *, *, #1370, .T. ) ;
#1810 = CARTESIAN_POINT ( 'NONE',  ( -2.528951260139469692, 3.905067569110754366, -8.000000000000000000 ) ) ;
#1811 = CARTESIAN_POINT ( 'NONE',  ( -13.35000000000000142, 1.734723475976807094E-15, 1.000000000000000000 ) ) ;
#1812 = CARTESIAN_POINT ( 'NONE',  ( 0.9584707422705255331, 1.802518945496942360, -8.000000000000001776 ) ) ;
#1813 = DIRECTION ( 'NONE',  ( -0.000000000000000000, 0.000000000000000000, 1.000000000000000000 ) ) ;
#1814 = CARTESIAN_POINT ( 'NONE',  ( -2.547415968459849189, -1.921329670342290852, 2.000000000000000444 ) ) ;
#1815 = CARTESIAN_POINT ( 'NONE',  ( 0.5315133846507361648, -0.5251408027200140660, 1.999999999999999556 ) ) ;
#1816 = CARTESIAN_POINT ( 'NONE',  ( -2.394619357639233836, 4.187024624078043544, -7.800000000000000711 ) ) ;
#1817 = CARTESIAN_POINT ( 'NONE',  ( 2.813624661227159596, -1.659056915669599563, 1.399999999999999689 ) ) ;
#1818 = EDGE_LOOP ( 'NONE', ( #1721, #3259, #2755, #1836 ) ) ;
#1819 = ORIENTED_EDGE ( 'NONE', *, *, #362, .T. ) ;
#1820 = CARTESIAN_POINT ( 'NONE',  ( 2.554651554652831003, -2.153501154805995466, 1.399999999999999689 ) ) ;
#1821 = CARTESIAN_POINT ( 'NONE',  ( 2.463258326608192217, 6.281791733587445137, 2.000000000000000888 ) ) ;
#1822 = CARTESIAN_POINT ( 'NONE',  ( 0.8642605743771548665, 3.971647969164745717, -7.800000000000002487 ) ) ;
#1823 = VECTOR ( 'NONE', #3549, 1000.000000000000000 ) ;
#1824 = CARTESIAN_POINT ( 'NONE',  ( 3.726237220802078642, 5.104122439620869756, 1.400000000000001021 ) ) ;
#1825 = ORIENTED_EDGE ( 'NONE', *, *, #2791, .T. ) ;
#1826 = AXIS2_PLACEMENT_3D ( 'NONE', #3514, #1573, #3838 ) ;
#1827 = FACE_OUTER_BOUND ( 'NONE', #3171, .T. ) ;
#1828 = B_SPLINE_CURVE_WITH_KNOTS ( 'NONE', 3,
 ( #2597, #3878, #3490, #2864, #2285, #3210, #1268, #2522, #2580, #2559, #941, #2244, #594, #3570, #3531 ),
 .UNSPECIFIED., .F., .F.,
 ( 4, 1, 1, 1, 1, 1, 1, 1, 1, 1, 1, 1, 4 ),
 ( 0.000000000000000000, 0.1381666428321284834, 0.2618084338870914074, 0.3709908410301944737, 0.4669257882714013541, 0.5472437745748077731, 0.6146019942490126287, 0.6669264355466500982, 0.7067917575319536683, 0.7710360877517145051, 0.8372617862306159786, 0.9112299409179617227, 1.000000000000000000 ),
 .UNSPECIFIED. ) ;
#1829 = FACE_OUTER_BOUND ( 'NONE', #1758, .T. ) ;
#1830 = EDGE_CURVE ( 'NONE', #2457, #1742, #985, .T. ) ;
#1831 = CARTESIAN_POINT ( 'NONE',  ( -1.001699080619617988, 1.916190038222541858, -7.799999999999998934 ) ) ;
#1832 = CARTESIAN_POINT ( 'NONE',  ( -0.4090295326390854802, -0.8408031107847822039, 1.399999999999999245 ) ) ;
#1833 = CARTESIAN_POINT ( 'NONE',  ( -1.869380319396362067, 4.070046914698977503, -7.800000000000000711 ) ) ;
#1834 = EDGE_CURVE ( 'NONE', #120, #1519, #3141, .T. ) ;
#1835 = CARTESIAN_POINT ( 'NONE',  ( -1.432734239607713178, 4.237766656497261586, -8.000000000000001776 ) ) ;
#1836 = ORIENTED_EDGE ( 'NONE', *, *, #529, .F. ) ;
#1837 = CARTESIAN_POINT ( 'NONE',  ( 3.725505595074478649, 5.489091628427719805, 1.400000000000000133 ) ) ;
#1838 = CARTESIAN_POINT ( 'NONE',  ( 0.000000000000000000, 0.000000000000000000, -8.000000000000000000 ) ) ;
#1839 = CARTESIAN_POINT ( 'NONE',  ( -0.7013012011071161345, 7.219478392831655711, 1.399999999999999689 ) ) ;
#1840 = CARTESIAN_POINT ( 'NONE',  ( -12.34999999999999964, -6.500000000000004441, 2.000000000000000000 ) ) ;
#1841 = CARTESIAN_POINT ( 'NONE',  ( -2.031677332670113856, 6.633212866681734710, 1.400000000000000577 ) ) ;
#1842 = CARTESIAN_POINT ( 'NONE',  ( 2.376908241515368392, -2.383537578948698332, 1.400000000000000133 ) ) ;
#1843 = VERTEX_POINT ( 'NONE', #2869 ) ;
#1844 = CARTESIAN_POINT ( 'NONE',  ( -0.1767522877372394163, 3.569193118480033622, -7.799999999999997158 ) ) ;
#1845 = LINE ( 'NONE', #225, #1894 ) ;
#1846 = CARTESIAN_POINT ( 'NONE',  ( 0.8361467180041034508, 4.025052625062700784, -7.800000000000002487 ) ) ;
#1847 = CARTESIAN_POINT ( 'NONE',  ( -9.850000000000001421, -4.000000000000000000, -38.27029455835942429 ) ) ;
#1848 = ORIENTED_EDGE ( 'NONE', *, *, #3896, .T. ) ;
#1849 = CARTESIAN_POINT ( 'NONE',  ( 3.754478741437122569, 5.692185236726109210, 2.000000000000000444 ) ) ;
#1850 = DIRECTION ( 'NONE',  ( 0.000000000000000000, 1.000000000000000000, 0.000000000000000000 ) ) ;
#1851 = CARTESIAN_POINT ( 'NONE',  ( -0.007663799463477770704, 3.912874877359370451, -8.000000000000000000 ) ) ;
#1852 = DIRECTION ( 'NONE',  ( -4.336808689942017736E-16, -1.000000000000000000, 0.000000000000000000 ) ) ;
#1853 = CARTESIAN_POINT ( 'NONE',  ( -0.1294218374353432177, 1.471827996905829217, -8.000000000000000000 ) ) ;
#1854 = CARTESIAN_POINT ( 'NONE',  ( 0.5315133846507361648, -0.5251408027200140660, 1.400000000000000133 ) ) ;
#1855 = ORIENTED_EDGE ( 'NONE', *, *, #3923, .T. ) ;
#1856 = DIRECTION ( 'NONE',  ( 0.000000000000000000, 0.000000000000000000, 1.000000000000000000 ) ) ;
#1857 = EDGE_CURVE ( 'NONE', #3556, #2938, #2546, .T. ) ;
#1858 = CARTESIAN_POINT ( 'NONE',  ( 7.612647562175398619, 5.523404567216694261, 1.399999999999999245 ) ) ;
#1859 = CARTESIAN_POINT ( 'NONE',  ( -2.761495509023059736, 5.347002490802948316, 1.999999999999999556 ) ) ;
#1860 = B_SPLINE_CURVE_WITH_KNOTS ( 'NONE', 3,
 ( #770, #1452, #1745, #3983, #2742, #3349, #4022, #1130, #3036, #2431, #2006, #1177, #2474, #186, #588, #833, #4091, #3395, #3750, #210, #506, #3081, #3102 ),
 .UNSPECIFIED., .F., .F.,
 ( 4, 1, 1, 1, 1, 1, 1, 1, 1, 1, 1, 1, 1, 1, 1, 1, 1, 1, 1, 1, 4 ),
 ( 0.000000000000000000, 0.05306596574533153227, 0.1026044695708625276, 0.1486279545579539951, 0.1904680796534074794, 0.2291597128161247110, 0.2637365329991422369, 0.2948558119208011807, 0.3226775984792923380, 0.3744882062814256507, 0.4267509599738785742, 0.4808689489716025389, 0.5371220724062900631, 0.5936647819838969387, 0.6488033823229969466, 0.7038931618098391851, 0.7594973611526906199, 0.8164579598030899943, 0.8750165272701830865, 0.9362741229621037720, 1.000000000000000000 ),
 .UNSPECIFIED. ) ;
#1861 = CARTESIAN_POINT ( 'NONE',  ( 1.484401331418255809, 6.992374253174050480, 1.400000000000000133 ) ) ;
#1862 = FACE_OUTER_BOUND ( 'NONE', #39, .T. ) ;
#1863 = CARTESIAN_POINT ( 'NONE',  ( 0.1993175192440267418, -3.236228170955882444, 1.400000000000000133 ) ) ;
#1864 = AXIS2_PLACEMENT_3D ( 'NONE', #3459, #2508, #567 ) ;
#1865 = CARTESIAN_POINT ( 'NONE',  ( 0.5315133846507361648, 4.520545286290785114, 2.000000000000000444 ) ) ;
#1866 = CARTESIAN_POINT ( 'NONE',  ( -0.3786457167755975517, 5.275234506063882556, 1.400000000000000133 ) ) ;
#1867 = CARTESIAN_POINT ( 'NONE',  ( -1.003673690192262047, 2.002318651351548073, -8.000000000000000000 ) ) ;
#1868 = DIRECTION ( 'NONE',  ( -1.000000000000000000, 0.000000000000000000, 0.000000000000000000 ) ) ;
#1869 = ORIENTED_EDGE ( 'NONE', *, *, #1726, .T. ) ;
#1870 = CARTESIAN_POINT ( 'NONE',  ( -2.812285701764071000, -1.151240776112943731, 2.000000000000000000 ) ) ;
#1871 = CARTESIAN_POINT ( 'NONE',  ( -1.755346198095263821, 3.137353549875604664, -8.000000000000000000 ) ) ;
#1872 = DIRECTION ( 'NONE',  ( -0.000000000000000000, -0.000000000000000000, -1.000000000000000000 ) ) ;
#1873 = FACE_OUTER_BOUND ( 'NONE', #4014, .T. ) ;
#1874 = CARTESIAN_POINT ( 'NONE',  ( 0.3882655123060327340, -1.584516009282511240, 1.399999999999999689 ) ) ;
#1875 = CARTESIAN_POINT ( 'NONE',  ( 4.931197304753565547, 7.139435130650740646, 1.400000000000000577 ) ) ;
#1876 = ORIENTED_EDGE ( 'NONE', *, *, #1478, .T. ) ;
#1877 = CARTESIAN_POINT ( 'NONE',  ( -1.889825367647059107, 4.425308478860293881, -7.800000000000000711 ) ) ;
#1878 = CARTESIAN_POINT ( 'NONE',  ( 0.01291872809915063300, 7.275925436580882533, 1.400000000000000133 ) ) ;
#1879 = ADVANCED_FACE ( 'NONE', ( #1921 ), #984, .T. ) ;
#1880 = CARTESIAN_POINT ( 'NONE',  ( 4.558330960554942024, 3.711641608727071162, 1.400000000000000133 ) ) ;
#1881 = CARTESIAN_POINT ( 'NONE',  ( 6.243798941026309279, 3.454154028951262667, 1.999999999999999112 ) ) ;
#1882 = CARTESIAN_POINT ( 'NONE',  ( 2.920458774904106214, -1.250601355728419017, 2.000000000000000444 ) ) ;
#1883 = DIRECTION ( 'NONE',  ( -0.000000000000000000, -0.000000000000000000, 1.000000000000000000 ) ) ;
#1884 = ADVANCED_FACE ( 'NONE', ( #1291 ), #1023, .T. ) ;
#1885 = CARTESIAN_POINT ( 'NONE',  ( -0.1761139641231494191, 5.693444108382381685, 2.000000000000000000 ) ) ;
#1886 = CARTESIAN_POINT ( 'NONE',  ( -2.165491655957418438, 3.661788148982073388, -8.000000000000000000 ) ) ;
#1887 = DIRECTION ( 'NONE',  ( 1.000000000000000000, 0.000000000000000000, 0.000000000000000000 ) ) ;
#1888 = CARTESIAN_POINT ( 'NONE',  ( 4.763909878660289365, 7.056351672633958572, 1.999999999999999556 ) ) ;
#1889 = B_SPLINE_SURFACE_WITH_KNOTS ( 'NONE', 3, 1, ( 
 ( #371, #1716 ),
 ( #2940, #1063 ),
 ( #1013, #2039 ),
 ( #393, #1690 ),
 ( #3643, #3870 ),
 ( #743, #2294 ),
 ( #3282, #3325 ),
 ( #3913, #2276 ),
 ( #1981, #13 ),
 ( #1737, #1316 ),
 ( #3262, #3890 ),
 ( #1299, #52 ),
 ( #1339, #1999 ),
 ( #2058, #457 ),
 ( #4038, #2424 ) ),
 .UNSPECIFIED., .F., .F., .F.,
 ( 4, 1, 1, 1, 1, 1, 1, 1, 1, 1, 1, 1, 4 ),
 ( 2, 2 ),
 ( 0.000000000000000000, 0.09120244535704478961, 0.1695125275593716008, 0.2429296697385943116, 0.3188632777225064996, 0.3637035003515410314, 0.4198192760793775236, 0.4866759867146996377, 0.5655077154004709561, 0.6565998642578251276, 0.7586999324825447477, 0.8731422143676408343, 1.000000000000000000 ),
 ( 0.000000000000000000, 1.000000000000000000 ),
 .UNSPECIFIED. ) ;
#1890 = CARTESIAN_POINT ( 'NONE',  ( -1.868258810543131476, 3.126602027282635365, -7.999999999999998224 ) ) ;
#1891 = VECTOR ( 'NONE', #1989, 1000.000000000000000 ) ;
#1892 = CARTESIAN_POINT ( 'NONE',  ( 7.399033334512979287, 6.244993918007918587, 1.999999999999999556 ) ) ;
#1893 = CARTESIAN_POINT ( 'NONE',  ( 5.669476102941175988, 6.212898667279410425, 1.400000000000000133 ) ) ;
#1894 = VECTOR ( 'NONE', #1193, 1000.000000000000000 ) ;
#1895 = CARTESIAN_POINT ( 'NONE',  ( -0.9692675238349592881, -3.125072629141267377, 1.400000000000000133 ) ) ;
#1896 = CARTESIAN_POINT ( 'NONE',  ( -1.613935847190096418, 3.887256324918261008, -7.799999999999998934 ) ) ;
#1897 = CARTESIAN_POINT ( 'NONE',  ( -2.081186970732161967, 4.398841897428533265, -7.999999999999996447 ) ) ;
#1898 = CARTESIAN_POINT ( 'NONE',  ( -0.2321925320720315544, 7.270752386582676863, 1.399999999999999689 ) ) ;
#1899 = CARTESIAN_POINT ( 'NONE',  ( 2.832375795700949883, 5.587399783203815140, 1.400000000000000577 ) ) ;
#1900 = CARTESIAN_POINT ( 'NONE',  ( 7.048347083637458432, 3.946863024514748020, 2.000000000000000000 ) ) ;
#1901 = CARTESIAN_POINT ( 'NONE',  ( -2.250130960626980592, 3.232412046505646064, -7.800000000000000711 ) ) ;
#1902 = B_SPLINE_CURVE_WITH_KNOTS ( 'NONE', 3,
 ( #1434, #2112, #4053, #3354, #1158, #2458, #1414, #2767, #1770, #1792, #3041, #150, #2724, #2414, #169, #1501, #3733, #4007, #1477, #2135, #2703, #2090, #3377, #3688, #3988, #1134, #794 ),
 .UNSPECIFIED., .F., .F.,
 ( 4, 1, 1, 1, 1, 1, 1, 1, 1, 1, 1, 1, 1, 1, 1, 1, 1, 1, 1, 1, 1, 1, 1, 1, 4 ),
 ( 0.000000000000000000, 0.06259121840097647826, 0.1211105918018106631, 0.1759386597790405793, 0.2264413399160007945, 0.2733600636876824530, 0.3161561963645265760, 0.3554796912097710759, 0.3911863842332319874, 0.4249742912012086649, 0.4584736302176755651, 0.4916818938248519455, 0.5255476034192438917, 0.5596679459944021717, 0.5945460646276249372, 0.6306631554487310831, 0.6680423085997023724, 0.7064478528708643124, 0.7450281240886544865, 0.7846213773287379345, 0.8251172150715183617, 0.8667046114550418512, 0.9095581024743908394, 0.9541505019105005481, 1.000000000000000000 ),
 .UNSPECIFIED. ) ;
#1903 = EDGE_CURVE ( 'NONE', #3446, #4169, #3275, .T. ) ;
#1904 = DIRECTION ( 'NONE',  ( -0.000000000000000000, -0.000000000000000000, -1.000000000000000000 ) ) ;
#1905 = CARTESIAN_POINT ( 'NONE',  ( -0.4087974622062652830, 4.872492623885394281, 1.399999999999999245 ) ) ;
#1906 = CARTESIAN_POINT ( 'NONE',  ( 5.746899139959460001, 1.093457943925235654, -8.000000000000000000 ) ) ;
#1907 = CARTESIAN_POINT ( 'NONE',  ( 0.8876297240965237423, 1.438476432921801829, -7.800000000000002487 ) ) ;
#1908 = EDGE_CURVE ( 'NONE', #4139, #1159, #3234, .T. ) ;
#1909 = CARTESIAN_POINT ( 'NONE',  ( -2.893432401685515298, -0.1296437848890909239, 1.400000000000000577 ) ) ;
#1910 = DIRECTION ( 'NONE',  ( 0.000000000000000000, -0.000000000000000000, -1.000000000000000000 ) ) ;
#1911 = CARTESIAN_POINT ( 'NONE',  ( -0.1758321409677657821, 0.9238102375921888321, -7.999999999999998224 ) ) ;
#1912 = CARTESIAN_POINT ( 'NONE',  ( 0.000000000000000000, 1.166476076187853824E-15, -4.999999999999997335 ) ) ;
#1913 = CIRCLE ( 'NONE', #3779, 0.4999999999999995559 ) ;
#1914 = CARTESIAN_POINT ( 'NONE',  ( 0.5272022387056137793, -0.8598988445754360832, 1.399999999999999689 ) ) ;
#1915 = CARTESIAN_POINT ( 'NONE',  ( 0.000000000000000000, 0.000000000000000000, -8.000000000000000000 ) ) ;
#1916 = DIRECTION ( 'NONE',  ( 0.000000000000000000, 1.000000000000000000, -0.000000000000000000 ) ) ;
#1917 = CARTESIAN_POINT ( 'NONE',  ( 5.467426347322346558, 3.383023862379105573, 2.000000000000000444 ) ) ;
#1918 = CARTESIAN_POINT ( 'NONE',  ( -1.240197897518382719, 3.759686392989812553, -7.800000000000000711 ) ) ;
#1919 = CARTESIAN_POINT ( 'NONE',  ( -2.196162619279625972, 3.199739747341194374, -8.000000000000000000 ) ) ;
#1920 = CARTESIAN_POINT ( 'NONE',  ( 5.496610221781936367, 4.450722670342210030, 1.400000000000001021 ) ) ;
#1921 = FACE_OUTER_BOUND ( 'NONE', #3524, .T. ) ;
#1922 = DIRECTION ( 'NONE',  ( 0.000000000000000000, 0.000000000000000000, -1.000000000000000000 ) ) ;
#1923 = CARTESIAN_POINT ( 'NONE',  ( -1.889825367647059107, 3.480395795036764106, -7.799999999999999822 ) ) ;
#1924 = CARTESIAN_POINT ( 'NONE',  ( 3.725505595074478649, 5.489091628427719805, 2.000000000000000000 ) ) ;
#1925 = CARTESIAN_POINT ( 'NONE',  ( -2.493198700644664534, 3.525777595214709237, -7.800000000000000711 ) ) ;
#1926 = CARTESIAN_POINT ( 'NONE',  ( 7.618358513327205372, 5.327043026194852260, 2.000000000000000000 ) ) ;
#1927 = EDGE_CURVE ( 'NONE', #3947, #194, #2043, .T. ) ;
#1928 = DIRECTION ( 'NONE',  ( 1.000000000000000000, 1.836970198721029934E-16, 0.000000000000000000 ) ) ;
#1929 = CARTESIAN_POINT ( 'NONE',  ( 0.05536597756778575963, -1.700745059742647003, 1.400000000000000133 ) ) ;
#1930 = ADVANCED_FACE ( 'NONE', ( #738 ), #3889, .T. ) ;
#1931 = FACE_OUTER_BOUND ( 'NONE', #348, .T. ) ;
#1932 = CARTESIAN_POINT ( 'NONE',  ( -2.537549187391801020, 3.841134855738898235, -7.799999999999998934 ) ) ;
#1933 = DIRECTION ( 'NONE',  ( -0.9823759213605917084, 0.1869158878504679766, 0.000000000000000000 ) ) ;
#1934 = CARTESIAN_POINT ( 'NONE',  ( -1.387282588934804828, 4.189806481960378193, -7.800000000000000711 ) ) ;
#1935 = CARTESIAN_POINT ( 'NONE',  ( 2.942754466557570669, -1.089473323149252604, 1.999999999999999112 ) ) ;
#1936 = CARTESIAN_POINT ( 'NONE',  ( -0.1342679743607639586, 3.877033279285198919, -7.800000000000002487 ) ) ;
#1937 = CARTESIAN_POINT ( 'NONE',  ( -0.4129011427144578250, 4.583294722359126716, 1.400000000000000133 ) ) ;
#1938 = CARTESIAN_POINT ( 'NONE',  ( -2.539452837775736160, 3.775681008731617716, -7.800000000000002487 ) ) ;
#1939 = ORIENTED_EDGE ( 'NONE', *, *, #555, .F. ) ;
#1940 = B_SPLINE_CURVE_WITH_KNOTS ( 'NONE', 3,
 ( #734, #2456, #3669, #168, #105, #129, #2723, #3019, #2029, #1392, #509 ),
 .UNSPECIFIED., .F., .F.,
 ( 4, 1, 1, 1, 1, 1, 1, 1, 4 ),
 ( 0.000000000000000000, 0.1336866531456423757, 0.2601192178135678934, 0.3839224498267572727, 0.5109669566590844259, 0.6371836277826595785, 0.7569133104181035021, 0.8767141548325693146, 1.000000000000000000 ),
 .UNSPECIFIED. ) ;
#1941 = CARTESIAN_POINT ( 'NONE',  ( -12.34999999999999964, 1.634903476861716437E-15, 1.000000000000000000 ) ) ;
#1942 = ORIENTED_EDGE ( 'NONE', *, *, #1131, .T. ) ;
#1943 = DIRECTION ( 'NONE',  ( -1.000000000000000000, 0.000000000000000000, 0.000000000000000000 ) ) ;
#1944 = CARTESIAN_POINT ( 'NONE',  ( -2.020222331022208273, 3.136683523785409822, -7.800000000000000711 ) ) ;
#1945 = CARTESIAN_POINT ( 'NONE',  ( 7.479025211957886832, 6.075481888756404381, 1.400000000000000577 ) ) ;
#1946 = CARTESIAN_POINT ( 'NONE',  ( 0.000000000000000000, 0.000000000000000000, -7.500000000000000000 ) ) ;
#1947 = CIRCLE ( 'NONE', #1679, 1.000000000000000000 ) ;
#1948 = EDGE_CURVE ( 'NONE', #1730, #120, #3751, .T. ) ;
#1949 = CARTESIAN_POINT ( 'NONE',  ( -2.893432401685515298, -0.1296437848890909239, 1.400000000000000577 ) ) ;
#1950 = B_SPLINE_SURFACE_WITH_KNOTS ( 'NONE', 3, 1, ( 
 ( #2698, #692 ),
 ( #1088, #2005 ),
 ( #2634, #2388 ),
 ( #3665, #769 ),
 ( #1047, #3919 ),
 ( #2064, #1020 ),
 ( #1766, #2613 ),
 ( #3897, #999 ),
 ( #2298, #3289 ),
 ( #400, #1698 ),
 ( #84, #2658 ),
 ( #3941, #3705 ),
 ( #3371, #1806 ),
 ( #484, #4067 ),
 ( #2802, #2151 ) ),
 .UNSPECIFIED., .F., .F., .F.,
 ( 4, 1, 1, 1, 1, 1, 1, 1, 1, 1, 1, 1, 4 ),
 ( 2, 2 ),
 ( 0.000000000000000000, 0.09410424431777146548, 0.1749059276417516684, 0.2488550885376897837, 0.3254404506555109156, 0.3717073599365789960, 0.4271088909568259706, 0.4946210280067476206, 0.5722951843917791770, 0.6623489608684836050, 0.7638526647736267883, 0.8755217069386231898, 1.000000000000000000 ),
 ( 0.000000000000000000, 1.000000000000000000 ),
 .UNSPECIFIED. ) ;
#1951 = AXIS2_PLACEMENT_3D ( 'NONE', #3456, #1904, #4140 ) ;
#1952 = CARTESIAN_POINT ( 'NONE',  ( -1.641490786274075298, 3.935658654871171169, -7.800000000000000711 ) ) ;
#1953 = ADVANCED_FACE ( 'NONE', ( #133 ), #2117, .T. ) ;
#1954 = CARTESIAN_POINT ( 'NONE',  ( -2.350531182553786902, 4.235345646850147361, -7.799999999999998934 ) ) ;
#1955 = CARTESIAN_POINT ( 'NONE',  ( 0.4823400525282393048, -1.340925784906134233, 2.000000000000000000 ) ) ;
#1956 = CARTESIAN_POINT ( 'NONE',  ( 7.479596101933990049, 4.577332785644127711, 2.000000000000000000 ) ) ;
#1957 = ORIENTED_EDGE ( 'NONE', *, *, #3437, .F. ) ;
#1958 = LINE ( 'NONE', #1056, #855 ) ;
#1959 = CARTESIAN_POINT ( 'NONE',  ( -0.9441252652336493689, 3.862466594401269937, -7.999999999999994671 ) ) ;
#1960 = CARTESIAN_POINT ( 'NONE',  ( -1.630820488601973262, 3.174821892840042015, -7.800000000000004263 ) ) ;
#1961 = ORIENTED_EDGE ( 'NONE', *, *, #551, .T. ) ;
#1962 = CARTESIAN_POINT ( 'NONE',  ( -0.06953862883239432524, 7.274185181849912141, 2.000000000000000000 ) ) ;
#1963 = CARTESIAN_POINT ( 'NONE',  ( 0.1308010624212381234, 1.615951666910467210, -7.999999999999998224 ) ) ;
#1964 = CARTESIAN_POINT ( 'NONE',  ( 3.011909179687500604, 0.2776658720128675761, 2.000000000000000000 ) ) ;
#1965 = CARTESIAN_POINT ( 'NONE',  ( 0.9374285672546912584, 1.616253074629018682, -7.800000000000000711 ) ) ;
#1966 = PLANE ( 'NONE',  #233 ) ;
#1967 = CARTESIAN_POINT ( 'NONE',  ( -0.6846247557637608061, 4.224332211455093855, -8.000000000000000000 ) ) ;
#1968 = FACE_OUTER_BOUND ( 'NONE', #310, .T. ) ;
#1969 = ORIENTED_EDGE ( 'NONE', *, *, #3543, .F. ) ;
#1970 = CARTESIAN_POINT ( 'NONE',  ( 0.05536597756778575963, -1.700745059742647003, 1.400000000000000133 ) ) ;
#1971 = VECTOR ( 'NONE', #4151, 1000.000000000000000 ) ;
#1972 = CARTESIAN_POINT ( 'NONE',  ( -2.181884368916364281, 3.833887693630317450, -7.799999999999997158 ) ) ;
#1973 = CARTESIAN_POINT ( 'NONE',  ( 5.488650253080655794, 6.204767867142922277, 1.400000000000000133 ) ) ;
#1974 = EDGE_CURVE ( 'NONE', #1750, #3973, #1078, .T. ) ;
#1975 = CARTESIAN_POINT ( 'NONE',  ( -0.1041884490174367628, 3.898426798038243657, -8.000000000000003553 ) ) ;
#1976 = DIRECTION ( 'NONE',  ( 4.336808689942017736E-16, 1.000000000000000000, -0.000000000000000000 ) ) ;
#1977 = CARTESIAN_POINT ( 'NONE',  ( 0.9542808593935430128, 3.531990523762009282, -7.800000000000000711 ) ) ;
#1978 = CARTESIAN_POINT ( 'NONE',  ( -0.1706494493013769875, 1.621996603838429030, -7.800000000000000711 ) ) ;
#1979 = CARTESIAN_POINT ( 'NONE',  ( 0.1363431775463627427, 1.719732296405072969, -7.999999999999996447 ) ) ;
#1980 = B_SPLINE_SURFACE_WITH_KNOTS ( 'NONE', 3, 1, ( 
 ( #1411, #1725 ),
 ( #1368, #3372 ),
 ( #1431, #2065 ),
 ( #485, #711 ),
 ( #3014, #2719 ),
 ( #2391, #4004 ),
 ( #3942, #3058 ),
 ( #3666, #402 ),
 ( #1389, #1048 ),
 ( #3683, #2699 ),
 ( #3315, #145 ),
 ( #2346, #2371 ),
 ( #732, #465 ),
 ( #166, #1070 ),
 ( #2027, #423 ) ),
 .UNSPECIFIED., .F., .F., .F.,
 ( 4, 1, 1, 1, 1, 1, 1, 1, 1, 1, 1, 1, 4 ),
 ( 2, 2 ),
 ( 0.000000000000000000, 0.1306292414286476244, 0.2475946772357132952, 0.3521599546299945538, 0.4444281939258822312, 0.5243953345425123036, 0.5910758922891259370, 0.6457283963663843496, 0.6886249437115145033, 0.7594583156019717451, 0.8296221387732893859, 0.9075307038338638055, 1.000000000000000000 ),
 ( 0.000000000000000000, 1.000000000000000000 ),
 .UNSPECIFIED. ) ;
#1981 = CARTESIAN_POINT ( 'NONE',  ( 0.1262152389252002016, 3.758411502021294481, -7.800000000000000711 ) ) ;
#1982 = CARTESIAN_POINT ( 'NONE',  ( 0.1988120980592496811, 5.735111236498759091, 2.000000000000000000 ) ) ;
#1983 = DIRECTION ( 'NONE',  ( -0.000000000000000000, 0.000000000000000000, 1.000000000000000000 ) ) ;
#1984 = FACE_BOUND ( 'NONE', #1311, .T. ) ;
#1985 = VERTEX_POINT ( 'NONE', #3736 ) ;
#1986 = CARTESIAN_POINT ( 'NONE',  ( -0.06627069935308231574, 3.911703745499586216, -8.000000000000001776 ) ) ;
#1987 = CARTESIAN_POINT ( 'NONE',  ( 5.844096157637280520, 6.203220030002768226, 1.400000000000000133 ) ) ;
#1988 = EDGE_LOOP ( 'NONE', ( #1323, #1259, #2342, #927, #2454, #1264 ) ) ;
#1989 = DIRECTION ( 'NONE',  ( -0.000000000000000000, -0.000000000000000000, -1.000000000000000000 ) ) ;
#1990 = DIRECTION ( 'NONE',  ( -0.000000000000000000, 0.000000000000000000, -1.000000000000000000 ) ) ;
#1991 = CARTESIAN_POINT ( 'NONE',  ( 4.841807541570286588, 5.661768974754783024, 1.399999999999999245 ) ) ;
#1992 = EDGE_CURVE ( 'NONE', #3190, #2732, #3427, .T. ) ;
#1993 = CARTESIAN_POINT ( 'NONE',  ( -0.1570118806187406069, 3.823089104273670102, -7.800000000000000711 ) ) ;
#1994 = CARTESIAN_POINT ( 'NONE',  ( -0.9985404406464338800, 3.474666616442499301, -7.799999999999997158 ) ) ;
#1995 = CARTESIAN_POINT ( 'NONE',  ( 0.9455813172133540334, 3.622868196517415651, -7.799999999999998934 ) ) ;
#1996 = DIRECTION ( 'NONE',  ( 0.000000000000000000, 1.000000000000000000, 0.000000000000000000 ) ) ;
#1997 = ORIENTED_EDGE ( 'NONE', *, *, #2465, .F. ) ;
#1998 = CARTESIAN_POINT ( 'NONE',  ( 0.1227815131942356502, 1.541295052267070753, -8.000000000000000000 ) ) ;
#1999 = CARTESIAN_POINT ( 'NONE',  ( 0.1373178613681295956, 3.567550780230435148, -7.999999999999994671 ) ) ;
#2000 = CARTESIAN_POINT ( 'NONE',  ( 0.5255965194190470591, 1.027940605993719725, -7.800000000000002487 ) ) ;
#2001 = CARTESIAN_POINT ( 'NONE',  ( 6.555331744025734153, 5.327043026194852260, 2.000000000000000000 ) ) ;
#2002 = CARTESIAN_POINT ( 'NONE',  ( 5.163472194245839475, 6.064031193717939416, 1.400000000000000577 ) ) ;
#2003 = ORIENTED_EDGE ( 'NONE', *, *, #3595, .F. ) ;
#2004 = LINE ( 'NONE', #1651, #3496 ) ;
#2005 = CARTESIAN_POINT ( 'NONE',  ( -0.03355601300966146866, 1.433688855801658946, -8.000000000000000000 ) ) ;
#2006 = CARTESIAN_POINT ( 'NONE',  ( -0.9378748870757195322, 1.446981028110133627, -7.800000000000004263 ) ) ;
#2007 = PRODUCT_CONTEXT ( 'NONE', #321, 'mechanical' ) ;
#2008 = CARTESIAN_POINT ( 'NONE',  ( -2.019962635378349969, 4.415105552187357674, -8.000000000000003553 ) ) ;
#2009 = CARTESIAN_POINT ( 'NONE',  ( 5.728238098099536657, 4.444444376626986326, 1.400000000000000133 ) ) ;
#2010 = CARTESIAN_POINT ( 'NONE',  ( 4.924472358822225893, 5.806975964613513952, 2.000000000000000000 ) ) ;
#2011 = AXIS2_PLACEMENT_3D ( 'NONE', #1458, #1753, #2440 ) ;
#2012 = ORIENTED_EDGE ( 'NONE', *, *, #2255, .T. ) ;
#2013 = CARTESIAN_POINT ( 'NONE',  ( -0.1623757736456383494, 3.796529509897174304, -7.800000000000000711 ) ) ;
#2014 = CARTESIAN_POINT ( 'NONE',  ( 5.675012700697954493, 3.378160615808822431, 1.400000000000000133 ) ) ;
#2015 = CARTESIAN_POINT ( 'NONE',  ( 0.8642605743771548665, 3.971647969164745717, -7.999999999999994671 ) ) ;
#2016 = ORIENTED_EDGE ( 'NONE', *, *, #1974, .T. ) ;
#2017 = CARTESIAN_POINT ( 'NONE',  ( -0.1771711282169113333, 1.824953065759994830, -7.800000000000000711 ) ) ;
#2018 = PRODUCT_RELATED_PRODUCT_CATEGORY ( 'part', '', ( #2315 ) ) ;
#2019 = CARTESIAN_POINT ( 'NONE',  ( -2.432876109209741511, 3.415339063360528726, -8.000000000000000000 ) ) ;
#2020 = CARTESIAN_POINT ( 'NONE',  ( -0.01863416335685912431, 0.9220381109871931269, -7.800000000000000711 ) ) ;
#2021 = CARTESIAN_POINT ( 'NONE',  ( -2.099484154036125982, 3.985339795120684592, -7.999999999999998224 ) ) ;
#2022 = CARTESIAN_POINT ( 'NONE',  ( -2.893795094209558272, 0.1226411348230695558, 2.000000000000000444 ) ) ;
#2023 = EDGE_CURVE ( 'NONE', #4041, #2198, #222, .T. ) ;
#2024 = ORIENTED_EDGE ( 'NONE', *, *, #854, .T. ) ;
#2025 = CARTESIAN_POINT ( 'NONE',  ( 0.000000000000000000, -6.500000000000004441, -4.999999999999997335 ) ) ;
#2026 = CARTESIAN_POINT ( 'NONE',  ( 6.496474967872256201, 5.668721605443485245, 2.000000000000000888 ) ) ;
#2027 = CARTESIAN_POINT ( 'NONE',  ( 0.06828470566693553567, 5.740442325367648202, 1.400000000000000577 ) ) ;
#2028 = CARTESIAN_POINT ( 'NONE',  ( 5.178416862458615100, 4.582079171662876149, 1.400000000000000577 ) ) ;
#2029 = CARTESIAN_POINT ( 'NONE',  ( 5.496610221781936367, 4.450722670342210030, 2.000000000000000888 ) ) ;
#2030 = CARTESIAN_POINT ( 'NONE',  ( 1.431813577346742861, -3.043195122661538132, 1.999999999999999556 ) ) ;
#2031 = ORIENTED_EDGE ( 'NONE', *, *, #879, .F. ) ;
#2032 = CARTESIAN_POINT ( 'NONE',  ( -1.830289435665744424, -2.764526726215462027, 1.999999999999999556 ) ) ;
#2033 = CARTESIAN_POINT ( 'NONE',  ( 0.1848682697560785626, -1.695566269624919853, 1.999999999999999556 ) ) ;
#2034 = CARTESIAN_POINT ( 'NONE',  ( 0.3071509156790616091, 4.391214987781756562, -7.799999999999998934 ) ) ;
#2035 = ORIENTED_EDGE ( 'NONE', *, *, #555, .T. ) ;
#2036 = CARTESIAN_POINT ( 'NONE',  ( 12.34999999999999964, 0.000000000000000000, 1.000000000000000000 ) ) ;
#2037 = ORIENTED_EDGE ( 'NONE', *, *, #370, .T. ) ;
#2038 = EDGE_LOOP ( 'NONE', ( #2984, #1225, #2725, #2893 ) ) ;
#2039 = CARTESIAN_POINT ( 'NONE',  ( 0.02039752048580413188, 3.911748731444347538, -7.999999999999996447 ) ) ;
#2040 = CARTESIAN_POINT ( 'NONE',  ( 0.5218088847678984399, 5.036816362453477858, 2.000000000000000000 ) ) ;
#2041 = FACE_OUTER_BOUND ( 'NONE', #3031, .T. ) ;
#2042 = CARTESIAN_POINT ( 'NONE',  ( 13.35000000000000142, -6.500000000000004441, 1.000000000000000000 ) ) ;
#2043 = B_SPLINE_CURVE_WITH_KNOTS ( 'NONE', 3,
 ( #1006, #2623, #2912, #2357, #2289, #3863, #1032, #1710, #3255, #3574, #2645, #1661, #45, #2309, #3929, #3639, #717, #3554, #2014 ),
 .UNSPECIFIED., .F., .F.,
 ( 4, 1, 1, 1, 1, 1, 1, 1, 1, 1, 1, 1, 1, 1, 1, 1, 4 ),
 ( 0.000000000000000000, 0.06460481690650243802, 0.1278956159407065030, 0.1894793952650963009, 0.2501347227508792792, 0.3116416663880507421, 0.3730835201633208031, 0.4364116665323126698, 0.5012861864040591975, 0.5657529074853900886, 0.6285995955498889787, 0.6900414493251590953, 0.7510048484557222404, 0.8118607493458759317, 0.8732996428525997556, 0.9353951830934976730, 1.000000000000000000 ),
 .UNSPECIFIED. ) ;
#2044 = CARTESIAN_POINT ( 'NONE',  ( 6.552074752509041033, 5.385805021353212929, 2.000000000000000000 ) ) ;
#2045 = ADVANCED_FACE ( 'NONE', ( #1185 ), #2865, .T. ) ;
#2046 = CARTESIAN_POINT ( 'NONE',  ( 5.669476102941175988, 6.212898667279410425, 1.400000000000000133 ) ) ;
#2047 = CARTESIAN_POINT ( 'NONE',  ( 5.669476102941175988, 7.275925436580881644, 1.400000000000000133 ) ) ;
#2048 = CARTESIAN_POINT ( 'NONE',  ( -0.4090295326390854802, -0.8408031107847822039, 1.399999999999999245 ) ) ;
#2049 = EDGE_CURVE ( 'NONE', #540, #2498, #3632, .T. ) ;
#2050 = CARTESIAN_POINT ( 'NONE',  ( -5.255711179279164647, 0.5000000000000002220, -7.500000000000000000 ) ) ;
#2051 = CARTESIAN_POINT ( 'NONE',  ( 0.9374285672546912584, 1.616253074629018682, -8.000000000000000000 ) ) ;
#2052 = ORIENTED_EDGE ( 'NONE', *, *, #973, .F. ) ;
#2053 = CARTESIAN_POINT ( 'NONE',  ( -1.702653194628273470, 4.399681321501462961, -7.800000000000000711 ) ) ;
#2054 = CARTESIAN_POINT ( 'NONE',  ( 0.1377997663909319159, 3.506848428763595038, -7.800000000000000711 ) ) ;
#2055 = CARTESIAN_POINT ( 'NONE',  ( 0.07739751069067807299, 4.423584128860891695, -7.799999999999998934 ) ) ;
#2056 = CARTESIAN_POINT ( 'NONE',  ( 2.997319622327183630, -0.4902887820185801715, 1.400000000000001021 ) ) ;
#2057 = ORIENTED_EDGE ( 'NONE', *, *, #2885, .F. ) ;
#2058 = CARTESIAN_POINT ( 'NONE',  ( 0.1376337142381535150, 3.527764907453041499, -7.800000000000002487 ) ) ;
#2059 = CARTESIAN_POINT ( 'NONE',  ( 0.9645570885204397538, 2.012169097590010391, -7.800000000000002487 ) ) ;
#2060 = CARTESIAN_POINT ( 'NONE',  ( 5.669476102941175988, 4.441187385110293206, 2.000000000000000000 ) ) ;
#2061 = CARTESIAN_POINT ( 'NONE',  ( -0.1342679743607639586, 3.877033279285198919, -7.800000000000002487 ) ) ;
#2062 = CARTESIAN_POINT ( 'NONE',  ( 0.000000000000000000, 1.166476076187853824E-15, 2.000000000000000000 ) ) ;
#2063 = CARTESIAN_POINT ( 'NONE',  ( -1.342315520343048796, 3.425258113134483917, -7.999999999999996447 ) ) ;
#2064 = CARTESIAN_POINT ( 'NONE',  ( -0.1453467136265883530, 1.499695798360753729, -7.800000000000000711 ) ) ;
#2065 = CARTESIAN_POINT ( 'NONE',  ( 0.5302568632117208303, 4.707579355440102198, 1.999999999999998668 ) ) ;
#2066 = CARTESIAN_POINT ( 'NONE',  ( 0.5315133846507361648, 4.520545286290785114, 1.400000000000000133 ) ) ;
#2067 = DIRECTION ( 'NONE',  ( 0.000000000000000000, 1.000000000000000000, 0.000000000000000000 ) ) ;
#2068 = DIRECTION ( 'NONE',  ( 1.000000000000000000, 0.000000000000000000, 0.000000000000000000 ) ) ;
#2069 = ADVANCED_FACE ( 'NONE', ( #2502 ), #3463, .T. ) ;
#2070 = ORIENTED_EDGE ( 'NONE', *, *, #675, .F. ) ;
#2071 = CARTESIAN_POINT ( 'NONE',  ( 0.06167111975932494661, 1.446387188293801529, -7.800000000000002487 ) ) ;
#2072 = VECTOR ( 'NONE', #2327, 1000.000000000000000 ) ;
#2073 = CARTESIAN_POINT ( 'NONE',  ( -1.533736072408998119, 4.320088119809827099, -8.000000000000000000 ) ) ;
#2074 = CARTESIAN_POINT ( 'NONE',  ( 0.5299847302440039432, -0.6980113227675609489, 1.400000000000001021 ) ) ;
#2075 = CARTESIAN_POINT ( 'NONE',  ( -2.537549187391801020, 3.841134855738898235, -7.799999999999998934 ) ) ;
#2076 = CARTESIAN_POINT ( 'NONE',  ( 0.1993175192440267418, -3.236228170955882444, 2.000000000000000000 ) ) ;
#2077 = CIRCLE ( 'NONE', #2617, 1.000000000000000000 ) ;
#2078 = ORIENTED_EDGE ( 'NONE', *, *, #1948, .T. ) ;
#2079 = CARTESIAN_POINT ( 'NONE',  ( 2.920458774904106214, -1.250601355728419017, 1.400000000000000577 ) ) ;
#2080 = CARTESIAN_POINT ( 'NONE',  ( 0.9617136630375936468, 1.876605554784155805, -7.999999999999994671 ) ) ;
#2081 = CARTESIAN_POINT ( 'NONE',  ( -0.3157598911468103564, 5.537764900186234129, 1.400000000000000133 ) ) ;
#2082 = CARTESIAN_POINT ( 'NONE',  ( -0.1494620973811106868, 3.849797360704077409, -7.800000000000002487 ) ) ;
#2083 = CARTESIAN_POINT ( 'NONE',  ( 5.488650253080655794, 6.204767867142922277, 2.000000000000000000 ) ) ;
#2084 = CARTESIAN_POINT ( 'NONE',  ( -1.755346198095263821, 3.137353549875604664, -7.800000000000000711 ) ) ;
#2085 = CARTESIAN_POINT ( 'NONE',  ( 0.1373178613681295956, 3.567550780230435148, -7.999999999999998224 ) ) ;
#2086 = DIRECTION ( 'NONE',  ( -0.000000000000000000, 0.000000000000000000, 1.000000000000000000 ) ) ;
#2087 = EDGE_LOOP ( 'NONE', ( #418, #2234, #308, #1665 ) ) ;
#2088 = CARTESIAN_POINT ( 'NONE',  ( 13.35000000000000142, -5.500000000000004441, 2.000000000000000000 ) ) ;
#2089 = DIRECTION ( 'NONE',  ( -0.000000000000000000, -0.000000000000000000, -1.000000000000000000 ) ) ;
#2090 = CARTESIAN_POINT ( 'NONE',  ( 0.3071509156790616091, 4.391214987781756562, -7.999999999999998224 ) ) ;
#2091 = ORIENTED_EDGE ( 'NONE', *, *, #1700, .F. ) ;
#2092 = DIRECTION ( 'NONE',  ( 1.000000000000000000, 0.000000000000000000, 0.000000000000000000 ) ) ;
#2093 = B_SPLINE_CURVE_WITH_KNOTS ( 'NONE', 3,
 ( #2369, #2044, #3918, #3329, #730, #399, #1409, #377, #3312, #420, #666 ),
 .UNSPECIFIED., .F., .F.,
 ( 4, 1, 1, 1, 1, 1, 1, 1, 4 ),
 ( 0.000000000000000000, 0.1266042765279085103, 0.2496192610236181719, 0.3719166998245287958, 0.5000000000000001110, 0.6280833001754708711, 0.7503807389763818003, 0.8733957234720913787, 1.000000000000000000 ),
 .UNSPECIFIED. ) ;
#2094 = CARTESIAN_POINT ( 'NONE',  ( -2.736703520027871761, -1.478040616243448735, 2.000000000000000000 ) ) ;
#2095 = UNCERTAINTY_MEASURE_WITH_UNIT (LENGTH_MEASURE( 1.000000000000000082E-05 ), #4076, 'distance_accuracy_value', 'NONE');
#2096 = ADVANCED_FACE ( 'NONE', ( #3902 ), #323, .T. ) ;
#2097 = CARTESIAN_POINT ( 'NONE',  ( 0.4823400525282393048, -1.340925784906134233, 1.400000000000000133 ) ) ;
#2098 = CARTESIAN_POINT ( 'NONE',  ( -2.880606522959398674, 4.301734419394539266, 1.400000000000000133 ) ) ;
#2099 = FACE_OUTER_BOUND ( 'NONE', #4164, .T. ) ;
#2100 = ORIENTED_EDGE ( 'NONE', *, *, #1029, .T. ) ;
#2101 = DIRECTION ( 'NONE',  ( 0.000000000000000000, 0.000000000000000000, 1.000000000000000000 ) ) ;
#2102 = VECTOR ( 'NONE', #2223, 1000.000000000000000 ) ;
#2103 = CARTESIAN_POINT ( 'NONE',  ( 2.832375795700949883, 5.587399783203815140, 2.000000000000000444 ) ) ;
#2104 = CARTESIAN_POINT ( 'NONE',  ( -0.1758321409677657821, 0.9238102375921888321, -8.000000000000000000 ) ) ;
#2105 = FACE_OUTER_BOUND ( 'NONE', #3911, .T. ) ;
#2106 = CARTESIAN_POINT ( 'NONE',  ( -0.6132259133648524374, -3.191789734002536516, 2.000000000000000444 ) ) ;
#2107 = CARTESIAN_POINT ( 'NONE',  ( -1.265322531150320007, 3.587494698827482953, -7.800000000000007816 ) ) ;
#2108 = CARTESIAN_POINT ( 'NONE',  ( -0.9604479933973095740, 1.520224846105752592, -7.800000000000000711 ) ) ;
#2109 = CARTESIAN_POINT ( 'NONE',  ( -0.4118985723465276583, -0.6524908767458763581, 1.400000000000000577 ) ) ;
#2110 = DIRECTION ( 'NONE',  ( 0.000000000000000000, 0.000000000000000000, -1.000000000000000000 ) ) ;
#2111 = CARTESIAN_POINT ( 'NONE',  ( -0.9441252652336493689, 3.862466594401269937, -7.799999999999998934 ) ) ;
#2112 = CARTESIAN_POINT ( 'NONE',  ( 0.9643811986416621629, 3.255859488830439297, -8.000000000000001776 ) ) ;
#2113 = ORIENTED_EDGE ( 'NONE', *, *, #2302, .T. ) ;
#2114 = CARTESIAN_POINT ( 'NONE',  ( 0.5315133846507361648, -0.5251408027200140660, 2.000000000000000000 ) ) ;
#2115 = CARTESIAN_POINT ( 'NONE',  ( -2.891882982298689342, 3.985430030306416960, 1.400000000000000577 ) ) ;
#2116 = AXIS2_PLACEMENT_3D ( 'NONE', #1195, #2125, #1887 ) ;
#2117 = CYLINDRICAL_SURFACE ( 'NONE', #2011, 1.000000000000000888 ) ;
#2118 = CARTESIAN_POINT ( 'NONE',  ( -2.081186970732161967, 4.398841897428533265, -7.799999999999997158 ) ) ;
#2119 = CARTESIAN_POINT ( 'NONE',  ( -1.829550084360219486, 4.068255955714306538, -7.999999999999998224 ) ) ;
#2120 = EDGE_LOOP ( 'NONE', ( #997, #1688, #1555, #2595, #643, #3260 ) ) ;
#2121 = EDGE_CURVE ( 'NONE', #2605, #2909, #1376, .T. ) ;
#2122 = CARTESIAN_POINT ( 'NONE',  ( 2.966570848835663909, -0.9094740654179277461, 1.400000000000000133 ) ) ;
#2123 = CARTESIAN_POINT ( 'NONE',  ( 0.7903515363998023791, 7.211852079832890894, 2.000000000000000444 ) ) ;
#2124 = CARTESIAN_POINT ( 'NONE',  ( -0.5667715126738208653, 1.024270313306631541, -8.000000000000000000 ) ) ;
#2125 = DIRECTION ( 'NONE',  ( 0.000000000000000000, 0.000000000000000000, 1.000000000000000000 ) ) ;
#2126 = EDGE_CURVE ( 'NONE', #1293, #1650, #3879, .T. ) ;
#2127 = CARTESIAN_POINT ( 'NONE',  ( -1.003969726562499387, 3.218330167882581971, -7.800000000000000711 ) ) ;
#2128 = CARTESIAN_POINT ( 'NONE',  ( -1.379929995675415633, 3.374022568615422379, -8.000000000000001776 ) ) ;
#2129 = FACE_OUTER_BOUND ( 'NONE', #3025, .T. ) ;
#2130 = DIRECTION ( 'NONE',  ( -1.000000000000000000, 4.336808689942017736E-16, 0.000000000000000000 ) ) ;
#2131 = ORIENTED_EDGE ( 'NONE', *, *, #2691, .F. ) ;
#2132 = CARTESIAN_POINT ( 'NONE',  ( -0.8203306626653104061, 4.091497449742221626, -7.800000000000000711 ) ) ;
#2133 = DIRECTION ( 'NONE',  ( -0.000000000000000000, 1.000000000000000000, -0.000000000000000000 ) ) ;
#2134 = ORIENTED_EDGE ( 'NONE', *, *, #2302, .F. ) ;
#2135 = CARTESIAN_POINT ( 'NONE',  ( 0.4445647575083166436, 4.347675146427065762, -7.999999999999998224 ) ) ;
#2136 = CARTESIAN_POINT ( 'NONE',  ( -1.955668256048827880, 4.423353943764362306, -7.999999999999998224 ) ) ;
#2137 = CARTESIAN_POINT ( 'NONE',  ( 6.545653106749091066, 5.501663080890956792, 1.399999999999999689 ) ) ;
#2138 = CARTESIAN_POINT ( 'NONE',  ( 0.5315133846507361648, -0.5251408027200140660, 1.400000000000000133 ) ) ;
#2139 = CARTESIAN_POINT ( 'NONE',  ( -2.836743951640059880, 4.868604589552248285, 1.400000000000000133 ) ) ;
#2140 = CARTESIAN_POINT ( 'NONE',  ( -2.539452837775735716, 3.775681008731617272, -7.800000000000000711 ) ) ;
#2141 = AXIS2_PLACEMENT_3D ( 'NONE', #2132, #2156, #1790 ) ;
#2142 = EDGE_LOOP ( 'NONE', ( #1479, #2299, #3232, #29 ) ) ;
#2143 = DIRECTION ( 'NONE',  ( 0.000000000000000000, -0.000000000000000000, -1.000000000000000000 ) ) ;
#2144 = CARTESIAN_POINT ( 'NONE',  ( 0.9645570885204397538, 2.012169097590010391, -8.000000000000000000 ) ) ;
#2145 = CARTESIAN_POINT ( 'NONE',  ( -0.1761139641231494191, 5.693444108382381685, 1.399999999999999689 ) ) ;
#2146 = CIRCLE ( 'NONE', #532, 0.4999999999999995559 ) ;
#2147 = ADVANCED_FACE ( 'NONE', ( #1658 ), #1306, .T. ) ;
#2148 = CARTESIAN_POINT ( 'NONE',  ( -0.1771711282169113333, 1.824953065759994830, -7.800000000000000711 ) ) ;
#2149 = CARTESIAN_POINT ( 'NONE',  ( -2.056957310896998514, -2.587614004135757817, 2.000000000000000444 ) ) ;
#2150 = CARTESIAN_POINT ( 'NONE',  ( -1.240827346196068603, 3.740174893366941422, -8.000000000000000000 ) ) ;
#2151 = CARTESIAN_POINT ( 'NONE',  ( -0.1771711282169113333, 1.824953065759994830, -8.000000000000000000 ) ) ;
#2152 = VERTEX_POINT ( 'NONE', #982 ) ;
#2153 = EDGE_CURVE ( 'NONE', #1093, #1435, #4043, .T. ) ;
#2154 = CARTESIAN_POINT ( 'NONE',  ( 6.298452462108372174, 4.698066667027650745, 1.999999999999999112 ) ) ;
#2155 = EDGE_LOOP ( 'NONE', ( #209, #4030, #3384, #2192 ) ) ;
#2156 = DIRECTION ( 'NONE',  ( -6.443266798543516230E-14, 9.442366366418860446E-13, -1.000000000000000000 ) ) ;
#2157 = CARTESIAN_POINT ( 'NONE',  ( -1.287683612970814462, 4.023582343921918714, -8.000000000000000000 ) ) ;
#2158 = ORIENTED_EDGE ( 'NONE', *, *, #3873, .F. ) ;
#2159 = CARTESIAN_POINT ( 'NONE',  ( 4.783620461856617823, 5.351034949807558228, 2.000000000000000444 ) ) ;
#2160 = ORIENTED_EDGE ( 'NONE', *, *, #3437, .T. ) ;
#2161 =( NAMED_UNIT ( * ) PLANE_ANGLE_UNIT ( ) SI_UNIT ( $, .RADIAN. ) );
#2162 = CARTESIAN_POINT ( 'NONE',  ( -1.333694272524948099, 7.043025439281201727, 1.399999999999999689 ) ) ;
#2163 = CARTESIAN_POINT ( 'NONE',  ( 0.1465786073986812821, 7.272316286008129183, 1.400000000000000133 ) ) ;
#2164 = CARTESIAN_POINT ( 'NONE',  ( -0.9214527470371829398, 7.173644963345278569, 1.400000000000000133 ) ) ;
#2165 = CARTESIAN_POINT ( 'NONE',  ( -2.539452837775735716, 3.775681008731617272, -8.000000000000000000 ) ) ;
#2166 = ORIENTED_EDGE ( 'NONE', *, *, #1319, .F. ) ;
#2167 = DIRECTION ( 'NONE',  ( 0.000000000000000000, -1.000000000000000000, 0.000000000000000000 ) ) ;
#2168 = CARTESIAN_POINT ( 'NONE',  ( -0.2663337078762464949, 5.622274125111134779, 1.400000000000000577 ) ) ;
#2169 = CARTESIAN_POINT ( 'NONE',  ( -0.9809181555191894830, 1.636842225616915281, -7.999999999999998224 ) ) ;
#2170 = CARTESIAN_POINT ( 'NONE',  ( 13.35000000000000142, -5.500000000000004441, 2.000000000000000000 ) ) ;
#2171 = AXIS2_PLACEMENT_3D ( 'NONE', #865, #221, #842 ) ;
#2172 = CARTESIAN_POINT ( 'NONE',  ( 3.720593692555146603, 5.279059178969437660, 2.000000000000000000 ) ) ;
#2173 = DIRECTION ( 'NONE',  ( 1.000000000000000000, 0.000000000000000000, 0.000000000000000000 ) ) ;
#2174 = CARTESIAN_POINT ( 'NONE',  ( -0.02276156855564445344, 3.913480775122548216, -8.000000000000005329 ) ) ;
#2175 = CARTESIAN_POINT ( 'NONE',  ( 6.164211716293194421, 4.583568970435936585, 2.000000000000000888 ) ) ;
#2176 = EDGE_CURVE ( 'NONE', #700, #3690, #961, .T. ) ;
#2177 = CARTESIAN_POINT ( 'NONE',  ( -0.1769952447186194655, 1.805062977010320813, -8.000000000000001776 ) ) ;
#2178 = B_SPLINE_SURFACE_WITH_KNOTS ( 'NONE', 3, 1, ( 
 ( #3462, #2172 ),
 ( #2236, #568 ),
 ( #3849, #1924 ),
 ( #230, #1849 ),
 ( #3146, #3184 ),
 ( #4126, #311 ),
 ( #1600, #1580 ),
 ( #1538, #4108 ),
 ( #3525, #4165 ),
 ( #1241, #2550 ),
 ( #893, #2856 ),
 ( #1260, #1218 ),
 ( #3121, #1888 ),
 ( #2512, #3167 ),
 ( #934, #274 ),
 ( #3435, #2531 ),
 ( #1561, #913 ),
 ( #3831, #351 ),
 ( #2649, #644 ) ),
 .UNSPECIFIED., .F., .F., .F.,
 ( 4, 1, 1, 1, 1, 1, 1, 1, 1, 1, 1, 1, 1, 1, 1, 1, 4 ),
 ( 2, 2 ),
 ( 0.000000000000000000, 0.06833157958967953083, 0.1342348527815868109, 0.1975946106969344862, 0.2604882456957052783, 0.3220997330919142532, 0.3844051038514997853, 0.4467359209551151067, 0.5109931118931118066, 0.5753270344068197595, 0.6373034949318281406, 0.6974710224329671027, 0.7574743337423028855, 0.8171744251021130223, 0.8770689894131802333, 0.9375985530526443901, 1.000000000000000000 ),
 ( 0.000000000000000000, 1.000000000000000000 ),
 .UNSPECIFIED. ) ;
#2179 = DIRECTION ( 'NONE',  ( -0.000000000000000000, -0.000000000000000000, 1.000000000000000000 ) ) ;
#2180 = EDGE_CURVE ( 'NONE', #2909, #4094, #2641, .T. ) ;
#2181 = EDGE_LOOP ( 'NONE', ( #2336, #3115, #487, #2160, #1869, #11 ) ) ;
#2182 =( NAMED_UNIT ( * ) SI_UNIT ( $, .STERADIAN. ) SOLID_ANGLE_UNIT ( ) );
#2183 = CARTESIAN_POINT ( 'NONE',  ( -1.132337389507325431, 7.114487136356401287, 1.400000000000000577 ) ) ;
#2184 = CARTESIAN_POINT ( 'NONE',  ( 4.719834605423610441, 3.607908841252555288, 1.399999999999999689 ) ) ;
#2185 = CARTESIAN_POINT ( 'NONE',  ( 7.397727384480455193, 4.408377608780962298, 1.400000000000000577 ) ) ;
#2186 = CARTESIAN_POINT ( 'NONE',  ( -1.913640376782441699, 3.126669599871984673, -7.800000000000000711 ) ) ;
#2187 = AXIS2_PLACEMENT_3D ( 'NONE', #1763, #2989, #3661 ) ;
#2188 = CARTESIAN_POINT ( 'NONE',  ( -13.35000000000000142, -5.500000000000004441, -4.999999999999997335 ) ) ;
#2189 = CARTESIAN_POINT ( 'NONE',  ( -0.1360794249893730878, 4.421750273819061938, -7.799999999999998934 ) ) ;
#2190 = CARTESIAN_POINT ( 'NONE',  ( 0.2337670670357063496, 4.406492797610552792, -7.800000000000000711 ) ) ;
#2191 = CARTESIAN_POINT ( 'NONE',  ( 4.026946561029145499, 4.275774339403455748, 1.400000000000000577 ) ) ;
#2192 = ORIENTED_EDGE ( 'NONE', *, *, #973, .T. ) ;
#2193 = ORIENTED_EDGE ( 'NONE', *, *, #2153, .F. ) ;
#2194 = CARTESIAN_POINT ( 'NONE',  ( -2.893432401685515298, -0.1296437848890909239, 2.000000000000000444 ) ) ;
#2195 = CARTESIAN_POINT ( 'NONE',  ( -5.755711179279164647, 1.000000000000000222, -7.500000000000000000 ) ) ;
#2196 = CARTESIAN_POINT ( 'NONE',  ( 5.867004768146482974, 7.270061831293085142, 1.999999999999999556 ) ) ;
#2197 = CARTESIAN_POINT ( 'NONE',  ( 13.35000000000000142, 2.801379553049570458E-15, 1.000000000000000000 ) ) ;
#2198 = VERTEX_POINT ( 'NONE', #3945 ) ;
#2199 = B_SPLINE_CURVE_WITH_KNOTS ( 'NONE', 3,
 ( #1719, #1426, #2714, #3998, #1102, #3368, #2427, #1124, #3701, #3722, #4018, #2191, #3097, #1801, #180, #3390, #1824, #3143, #501 ),
 .UNSPECIFIED., .F., .F.,
 ( 4, 1, 1, 1, 1, 1, 1, 1, 1, 1, 1, 1, 1, 1, 1, 1, 4 ),
 ( 0.000000000000000000, 0.06963001001115806665, 0.1361645183060283537, 0.2014334164317536369, 0.2651404725783292893, 0.3276349053953567791, 0.3912834878663289384, 0.4551335782029530819, 0.5211512185189391966, 0.5865455023486725317, 0.6490399351656999105, 0.7100510743664287805, 0.7690012252589376596, 0.8272875842010324332, 0.8845622076186949734, 0.9419504873817100554, 1.000000000000000000 ),
 .UNSPECIFIED. ) ;
#2200 = CARTESIAN_POINT ( 'NONE',  ( 0.4637678273970080034, -1.420074440571078123, 1.400000000000000133 ) ) ;
#2201 = CARTESIAN_POINT ( 'NONE',  ( -1.721157398081947010, 4.021343731239312547, -7.999999999999996447 ) ) ;
#2202 = ORIENTED_EDGE ( 'NONE', *, *, #3468, .F. ) ;
#2203 = CARTESIAN_POINT ( 'NONE',  ( -2.528951260139469692, 3.905067569110754366, -7.800000000000000711 ) ) ;
#2204 = CARTESIAN_POINT ( 'NONE',  ( -0.4715101946159254709, 7.253298125713701694, 1.400000000000000577 ) ) ;
#2205 = B_SPLINE_CURVE_WITH_KNOTS ( 'NONE', 3,
 ( #731, #3649, #2370, #2345, #3035, #464, #3268, #378, #750, #3330, #422, #2947, #3630, #2970, #1673 ),
 .UNSPECIFIED., .F., .F.,
 ( 4, 1, 1, 1, 1, 1, 1, 1, 1, 1, 1, 1, 4 ),
 ( 0.000000000000000000, 0.1306292414286476244, 0.2475946772357132952, 0.3521599546299945538, 0.4444281939258822312, 0.5243953345425123036, 0.5910758922891259370, 0.6457283963663843496, 0.6886249437115145033, 0.7594583156019717451, 0.8296221387732893859, 0.9075307038338638055, 1.000000000000000000 ),
 .UNSPECIFIED. ) ;
#2206 = CARTESIAN_POINT ( 'NONE',  ( 3.795967593450956912, 4.762484096482443974, 1.400000000000000133 ) ) ;
#2207 = CARTESIAN_POINT ( 'NONE',  ( 7.479596101933990049, 4.577332785644127711, 1.400000000000000133 ) ) ;
#2208 = CARTESIAN_POINT ( 'NONE',  ( -2.081266313675437907, 3.151384676317088296, -8.000000000000003553 ) ) ;
#2209 = EDGE_CURVE ( 'NONE', #192, #1382, #268, .T. ) ;
#2210 = ORIENTED_EDGE ( 'NONE', *, *, #1246, .F. ) ;
#2211 = DIRECTION ( 'NONE',  ( 0.000000000000000000, 0.000000000000000000, -1.000000000000000000 ) ) ;
#2212 = DIRECTION ( 'NONE',  ( -0.000000000000000000, -0.000000000000000000, 1.000000000000000000 ) ) ;
#2213 = CARTESIAN_POINT ( 'NONE',  ( -1.889825367647059107, 3.480395795036764106, -8.000000000000000000 ) ) ;
#2214 = CARTESIAN_POINT ( 'NONE',  ( 0.3230891746116538732, 0.9583091236195770968, -7.800000000000000711 ) ) ;
#2215 = EDGE_LOOP ( 'NONE', ( #1942, #200, #1018 ) ) ;
#2216 = CARTESIAN_POINT ( 'NONE',  ( 0.1377997663909319159, 3.506848428763595038, -7.800000000000000711 ) ) ;
#2217 = CARTESIAN_POINT ( 'NONE',  ( -1.421656658044752719, 3.323913922306492630, -7.999999999999998224 ) ) ;
#2218 = COLOUR_RGB ( '',0.7921568627450980005, 0.8196078431372548767, 0.9333333333333333481 ) ;
#2219 = LINE ( 'NONE', #3186, #1756 ) ;
#2220 = FACE_OUTER_BOUND ( 'NONE', #843, .T. ) ;
#2221 = CIRCLE ( 'NONE', #3561, 13.35000000000000142 ) ;
#2222 = CARTESIAN_POINT ( 'NONE',  ( 0.5119483479041339047, -1.134010188484711801, 1.399999999999999689 ) ) ;
#2223 = DIRECTION ( 'NONE',  ( -0.000000000000000000, -1.000000000000000000, -0.000000000000000000 ) ) ;
#2224 = AXIS2_PLACEMENT_3D ( 'NONE', #3211, #1286, #1704 ) ;
#2225 = CARTESIAN_POINT ( 'NONE',  ( -9.850000000000001421, 0.000000000000000000, 0.000000000000000000 ) ) ;
#2226 = CARTESIAN_POINT ( 'NONE',  ( 4.139789987026245122, 4.122067705846266250, 2.000000000000000444 ) ) ;
#2227 = CARTESIAN_POINT ( 'NONE',  ( 7.479596101933990049, 4.577332785644127711, 1.999999999999999556 ) ) ;
#2228 = CARTESIAN_POINT ( 'NONE',  ( -2.081266313675437907, 3.151384676317088296, -7.800000000000004263 ) ) ;
#2229 = EDGE_CURVE ( 'NONE', #3829, #834, #1940, .T. ) ;
#2230 = CARTESIAN_POINT ( 'NONE',  ( 4.926695432815551889, 4.831311606014268456, 1.400000000000001021 ) ) ;
#2231 = CARTESIAN_POINT ( 'NONE',  ( -0.06119256145741001907, 5.735246194333044834, 2.000000000000000888 ) ) ;
#2232 = CARTESIAN_POINT ( 'NONE',  ( 0.4445647575083166436, 4.347675146427065762, -7.799999999999998934 ) ) ;
#2233 = CARTESIAN_POINT ( 'NONE',  ( -0.03355601300966146866, 1.433688855801658946, -7.800000000000000711 ) ) ;
#2234 = ORIENTED_EDGE ( 'NONE', *, *, #697, .T. ) ;
#2235 = ORIENTED_EDGE ( 'NONE', *, *, #1588, .F. ) ;
#2236 = CARTESIAN_POINT ( 'NONE',  ( 3.722250620872476379, 5.349909264388672980, 1.400000000000000133 ) ) ;
#2237 = EDGE_CURVE ( 'NONE', #2152, #2806, #1072, .T. ) ;
#2238 = CARTESIAN_POINT ( 'NONE',  ( 7.301590356159167072, 6.407650122914760438, 2.000000000000000444 ) ) ;
#2239 = CARTESIAN_POINT ( 'NONE',  ( 7.618358513327205372, 5.327043026194852260, 1.400000000000000133 ) ) ;
#2240 = DIRECTION ( 'NONE',  ( -0.000000000000000000, 0.000000000000000000, 1.000000000000000000 ) ) ;
#2241 = AXIS2_PLACEMENT_3D ( 'NONE', #3515, #2525, #617 ) ;
#2242 = CARTESIAN_POINT ( 'NONE',  ( 3.720593692555146603, 5.279059178969437660, 2.000000000000000000 ) ) ;
#2243 = FACE_OUTER_BOUND ( 'NONE', #2978, .T. ) ;
#2244 = CARTESIAN_POINT ( 'NONE',  ( 0.06167111975932494661, 1.446387188293801529, -7.800000000000002487 ) ) ;
#2245 = CARTESIAN_POINT ( 'NONE',  ( 3.726237220802078642, 5.104122439620869756, 1.400000000000001021 ) ) ;
#2246 = CARTESIAN_POINT ( 'NONE',  ( -0.06953862883239432524, 7.274185181849912141, 1.400000000000000133 ) ) ;
#2247 = CARTESIAN_POINT ( 'NONE',  ( 7.298628327629219648, 4.246017190081588843, 2.000000000000000000 ) ) ;
#2248 = B_SPLINE_SURFACE_WITH_KNOTS ( 'NONE', 3, 1, ( 
 ( #1877, #2789 ),
 ( #2459, #1550 ),
 ( #3734, #2136 ),
 ( #3837, #651 ),
 ( #3800, #1897 ),
 ( #634, #4135 ),
 ( #1613, #3174 ),
 ( #1590, #2905 ),
 ( #3858, #359 ),
 ( #1954, #902 ),
 ( #281, #1572 ),
 ( #2846, #2539 ),
 ( #2886, #341 ),
 ( #301, #1251 ),
 ( #1632, #3228 ),
 ( #2203, #3513 ),
 ( #1932, #3193 ),
 ( #1, #1305 ),
 ( #20, #1229 ) ),
 .UNSPECIFIED., .F., .F., .F.,
 ( 4, 1, 1, 1, 1, 1, 1, 1, 1, 1, 1, 1, 1, 1, 1, 1, 4 ),
 ( 2, 2 ),
 ( 0.000000000000000000, 0.06506970706675933858, 0.1282269660845278547, 0.1896808071077965285, 0.2507770030400465755, 0.3116117728367081563, 0.3734387681968276418, 0.4361528532939895619, 0.5008904915876534192, 0.5652211915233504858, 0.6279352766205128500, 0.6897622719806314473, 0.7503374773177828860, 0.8110649756892599482, 0.8723742365957661837, 0.9355314956135346582, 1.000000000000000000 ),
 ( 0.000000000000000000, 1.000000000000000000 ),
 .UNSPECIFIED. ) ;
#2249 = CARTESIAN_POINT ( 'NONE',  ( 4.792220915652936064, 5.165080501449014427, 2.000000000000000000 ) ) ;
#2250 = CARTESIAN_POINT ( 'NONE',  ( -0.1360794249893730878, 4.421750273819061938, -7.999999999999994671 ) ) ;
#2251 = CARTESIAN_POINT ( 'NONE',  ( -2.003718227396603435, 3.500014720421257941, -8.000000000000001776 ) ) ;
#2252 = ORIENTED_EDGE ( 'NONE', *, *, #649, .F. ) ;
#2253 = CARTESIAN_POINT ( 'NONE',  ( -2.173374600754069519, 6.507643760289450796, 2.000000000000000000 ) ) ;
#2254 = ORIENTED_EDGE ( 'NONE', *, *, #3386, .F. ) ;
#2255 = EDGE_CURVE ( 'NONE', #3954, #2923, #4027, .T. ) ;
#2256 = VECTOR ( 'NONE', #3846, 1000.000000000000000 ) ;
#2257 = CARTESIAN_POINT ( 'NONE',  ( 4.892461465805917342, 3.524465678520123380, 2.000000000000000444 ) ) ;
#2258 = CARTESIAN_POINT ( 'NONE',  ( -1.956726026715141620, 3.127877794346486606, -7.800000000000000711 ) ) ;
#2259 = CARTESIAN_POINT ( 'NONE',  ( 6.243560912196486790, 7.196525692285600684, 2.000000000000000444 ) ) ;
#2260 = DIRECTION ( 'NONE',  ( 0.000000000000000000, -1.000000000000000000, 0.000000000000000000 ) ) ;
#2261 = EDGE_CURVE ( 'NONE', #1223, #740, #4050, .T. ) ;
#2262 = VERTEX_POINT ( 'NONE', #1110 ) ;
#2263 = DIRECTION ( 'NONE',  ( 0.000000000000000000, -1.000000000000000000, 0.000000000000000000 ) ) ;
#2264 = CARTESIAN_POINT ( 'NONE',  ( -1.677270755068825281, 3.981368548467305146, -7.800000000000000711 ) ) ;
#2265 = CARTESIAN_POINT ( 'NONE',  ( 5.675012700697954493, 3.378160615808822431, 1.400000000000000133 ) ) ;
#2266 = CARTESIAN_POINT ( 'NONE',  ( 0.05536597756778575963, -1.700745059742647003, 2.000000000000000000 ) ) ;
#2267 = CARTESIAN_POINT ( 'NONE',  ( -2.465909128160151287, 3.469459202926988617, -8.000000000000001776 ) ) ;
#2268 = DIRECTION ( 'NONE',  ( -1.000000000000000000, 0.000000000000000000, 0.000000000000000000 ) ) ;
#2269 = CARTESIAN_POINT ( 'NONE',  ( 0.4637678273970080034, -1.420074440571078123, 1.999999999999999556 ) ) ;
#2270 = CARTESIAN_POINT ( 'NONE',  ( -1.284694575345291856, 3.532007648046221249, -7.799999999999995381 ) ) ;
#2271 = EDGE_LOOP ( 'NONE', ( #1467, #2003, #1119, #1736 ) ) ;
#2272 = CARTESIAN_POINT ( 'NONE',  ( -2.508440154012308465, 6.075157875188103240, 2.000000000000000444 ) ) ;
#2273 = ORIENTED_EDGE ( 'NONE', *, *, #294, .T. ) ;
#2274 = ORIENTED_EDGE ( 'NONE', *, *, #1857, .T. ) ;
#2275 = CARTESIAN_POINT ( 'NONE',  ( 3.854083726035876900, 4.596022944138671740, 2.000000000000000444 ) ) ;
#2276 = CARTESIAN_POINT ( 'NONE',  ( 0.1204427175565574021, 3.791185082280701835, -7.999999999999998224 ) ) ;
#2277 = CARTESIAN_POINT ( 'NONE',  ( 6.059887906135044133, 7.245316656562069468, 2.000000000000000000 ) ) ;
#2278 = LINE ( 'NONE', #3834, #823 ) ;
#2279 = ORIENTED_EDGE ( 'NONE', *, *, #2261, .T. ) ;
#2280 = CARTESIAN_POINT ( 'NONE',  ( -2.857895384092816293, -0.7966379292616853069, 1.400000000000000133 ) ) ;
#2281 = ADVANCED_FACE ( 'NONE', ( #2702 ), #2744, .T. ) ;
#2282 = CARTESIAN_POINT ( 'NONE',  ( -1.889825367647059107, 4.070966222426470438, -8.000000000000000000 ) ) ;
#2283 = EDGE_LOOP ( 'NONE', ( #357, #916, #2134, #3363, #2966, #3739 ) ) ;
#2284 = CARTESIAN_POINT ( 'NONE',  ( -1.870435344070909611, 3.481465349099210460, -8.000000000000001776 ) ) ;
#2285 = CARTESIAN_POINT ( 'NONE',  ( 0.1337348933654690097, 1.664163101219385599, -7.800000000000002487 ) ) ;
#2286 = CARTESIAN_POINT ( 'NONE',  ( 0.4637678273970080034, -1.420074440571078123, 2.000000000000000000 ) ) ;
#2287 = CARTESIAN_POINT ( 'NONE',  ( 0.9281912479186392728, 1.565976706526395423, -8.000000000000000000 ) ) ;
#2288 = DIRECTION ( 'NONE',  ( 0.000000000000000000, -1.000000000000000000, 0.000000000000000000 ) ) ;
#2289 = CARTESIAN_POINT ( 'NONE',  ( 7.539435925364600166, 4.755234913171587863, 1.399999999999999689 ) ) ;
#2290 = CARTESIAN_POINT ( 'NONE',  ( 0.6255434948722830013, 4.250548583144144743, -7.800000000000004263 ) ) ;
#2291 = ORIENTED_EDGE ( 'NONE', *, *, #671, .T. ) ;
#2292 = CARTESIAN_POINT ( 'NONE',  ( 0.2044086377882850525, 0.9360700886658211983, -7.800000000000000711 ) ) ;
#2293 = CARTESIAN_POINT ( 'NONE',  ( 9.849999999999999645, -4.000000000000000000, 0.000000000000000000 ) ) ;
#2294 = CARTESIAN_POINT ( 'NONE',  ( 0.1052532970489378911, 3.845921633395410932, -7.999999999999994671 ) ) ;
#2295 = CARTESIAN_POINT ( 'NONE',  ( -5.255711179279164647, 0.5000000000000002220, -8.000000000000000000 ) ) ;
#2296 = DIRECTION ( 'NONE',  ( -1.000000000000000000, -0.000000000000000000, 0.000000000000000000 ) ) ;
#2297 = DIRECTION ( 'NONE',  ( 0.000000000000000000, 0.000000000000000000, 1.000000000000000000 ) ) ;
#2298 = CARTESIAN_POINT ( 'NONE',  ( -0.1649816345070097556, 1.584810824220216352, -7.800000000000002487 ) ) ;
#2299 = ORIENTED_EDGE ( 'NONE', *, *, #1451, .F. ) ;
#2300 = AXIS2_PLACEMENT_3D ( 'NONE', #2853, #1558, #347 ) ;
#2301 = ORIENTED_EDGE ( 'NONE', *, *, #2023, .F. ) ;
#2302 = EDGE_CURVE ( 'NONE', #108, #897, #2997, .T. ) ;
#2303 = LINE ( 'NONE', #404, #1891 ) ;
#2304 = TOROIDAL_SURFACE ( 'NONE', #1423, 0.5000000000000000000, 0.5000000000000000000 ) ;
#2305 = CARTESIAN_POINT ( 'NONE',  ( 6.298452462108372174, 4.698066667027650745, 1.399999999999999245 ) ) ;
#2306 = CARTESIAN_POINT ( 'NONE',  ( 5.031812265206473178, 5.944105645401917215, 2.000000000000000000 ) ) ;
#2307 = EDGE_CURVE ( 'NONE', #3933, #441, #1433, .T. ) ;
#2308 = CARTESIAN_POINT ( 'NONE',  ( -1.348200672852992721, 4.137390307291287428, -7.999999999999996447 ) ) ;
#2309 = CARTESIAN_POINT ( 'NONE',  ( 6.420218237730138888, 3.517134559714983677, 1.400000000000000577 ) ) ;
#2310 = CARTESIAN_POINT ( 'NONE',  ( -5.755711179279164647, 1.000000000000000444, -8.000000000000000000 ) ) ;
#2311 = EDGE_LOOP ( 'NONE', ( #1649, #3497, #1586, #1283, #4036, #3586 ) ) ;
#2312 = CYLINDRICAL_SURFACE ( 'NONE', #3984, 1.000000000000000000 ) ;
#2313 = ORIENTED_EDGE ( 'NONE', *, *, #217, .F. ) ;
#2314 = CARTESIAN_POINT ( 'NONE',  ( 0.1377997663909319159, 1.850175344429763724, -7.999999999999996447 ) ) ;
#2315 = PRODUCT ( 'Bladder_Cutting_Tool_0deg', 'Bladder_Cutting_Tool_0deg', '', ( #2007 ) ) ;
#2316 = FACE_OUTER_BOUND ( 'NONE', #1407, .T. ) ;
#2317 = CARTESIAN_POINT ( 'NONE',  ( 0.5263091744693552121, 4.881673616539929483, 2.000000000000000888 ) ) ;
#2318 = CARTESIAN_POINT ( 'NONE',  ( -1.825801222019281855, 4.423436598145578991, -7.999999999999998224 ) ) ;
#2319 = CARTESIAN_POINT ( 'NONE',  ( -1.642231810938517222, 3.610437202004755708, -7.799999999999998934 ) ) ;
#2320 = VERTEX_POINT ( 'NONE', #3061 ) ;
#2321 = ORIENTED_EDGE ( 'NONE', *, *, #472, .F. ) ;
#2322 = ORIENTED_EDGE ( 'NONE', *, *, #671, .F. ) ;
#2323 = CARTESIAN_POINT ( 'NONE',  ( -0.1342679743607639586, 3.877033279285198919, -8.000000000000001776 ) ) ;
#2324 = CARTESIAN_POINT ( 'NONE',  ( 5.844096157637280520, 6.203220030002768226, 2.000000000000000000 ) ) ;
#2325 = ORIENTED_EDGE ( 'NONE', *, *, #2176, .F. ) ;
#2326 = CARTESIAN_POINT ( 'NONE',  ( 7.616370024265384231, 5.261161815314411960, 1.999999999999999556 ) ) ;
#2327 = DIRECTION ( 'NONE',  ( -0.000000000000000000, -0.000000000000000000, -1.000000000000000000 ) ) ;
#2328 = CARTESIAN_POINT ( 'NONE',  ( -1.948032052545761283, 4.067740010000924222, -7.800000000000000711 ) ) ;
#2329 = CARTESIAN_POINT ( 'NONE',  ( 5.608140958189085090, 6.210140744096929843, 1.399999999999999689 ) ) ;
#2330 = DIRECTION ( 'NONE',  ( -0.000000000000000000, 0.000000000000000000, -1.000000000000000000 ) ) ;
#2331 = EDGE_CURVE ( 'NONE', #1181, #1778, #3522, .T. ) ;
#2332 = CARTESIAN_POINT ( 'NONE',  ( -0.9985404406464338800, 3.474666616442499301, -7.999999999999992895 ) ) ;
#2333 = CARTESIAN_POINT ( 'NONE',  ( 0.7244582002513572094, 4.169214586763148489, -7.999999999999992895 ) ) ;
#2334 = ORIENTED_EDGE ( 'NONE', *, *, #1693, .F. ) ;
#2335 = DIRECTION ( 'NONE',  ( -0.000000000000000000, -0.000000000000000000, -1.000000000000000000 ) ) ;
#2336 = ORIENTED_EDGE ( 'NONE', *, *, #978, .T. ) ;
#2337 = LINE ( 'NONE', #1360, #2552 ) ;
#2338 = CARTESIAN_POINT ( 'NONE',  ( -2.140072745910045704, 3.172378186571660486, -7.999999999999998224 ) ) ;
#2339 = CARTESIAN_POINT ( 'NONE',  ( 0.3230891746116538732, 0.9583091236195770968, -7.999999999999998224 ) ) ;
#2340 = CARTESIAN_POINT ( 'NONE',  ( -2.165491655957418438, 3.889573868481161600, -7.800000000000002487 ) ) ;
#2341 = CARTESIAN_POINT ( 'NONE',  ( -1.614824921264149671, 3.663379292756493655, -8.000000000000000000 ) ) ;
#2342 = ORIENTED_EDGE ( 'NONE', *, *, #900, .T. ) ;
#2343 = ORIENTED_EDGE ( 'NONE', *, *, #3050, .F. ) ;
#2344 = DIRECTION ( 'NONE',  ( 0.000000000000000000, 0.000000000000000000, 1.000000000000000000 ) ) ;
#2345 = CARTESIAN_POINT ( 'NONE',  ( 0.5263091744693552121, 4.881673616539929483, 1.400000000000001021 ) ) ;
#2346 = CARTESIAN_POINT ( 'NONE',  ( 0.3125653470523125921, 5.695280394114732303, 1.399999999999999689 ) ) ;
#2347 = SHAPE_DEFINITION_REPRESENTATION ( #2844, #2990 ) ;
#2348 = B_SPLINE_CURVE_WITH_KNOTS ( 'NONE', 3,
 ( #4040, #1489, #1867, #3433, #3768, #479, #226, #2169, #3053, #2735, #3458, #2777, #3700, #4017, #1170, #1122, #2124, #500, #805, #2798, #2104, #2818, #3142 ),
 .UNSPECIFIED., .F., .F.,
 ( 4, 1, 1, 1, 1, 1, 1, 1, 1, 1, 1, 1, 1, 1, 1, 1, 1, 1, 1, 1, 4 ),
 ( 0.000000000000000000, 0.05306596574533153227, 0.1026044695708625276, 0.1486279545579539951, 0.1904680796534074794, 0.2291597128161247110, 0.2637365329991422369, 0.2948558119208011807, 0.3226775984792923380, 0.3744882062814256507, 0.4267509599738785742, 0.4808689489716025389, 0.5371220724062900631, 0.5936647819838969387, 0.6488033823229969466, 0.7038931618098391851, 0.7594973611526906199, 0.8164579598030899943, 0.8750165272701830865, 0.9362741229621037720, 1.000000000000000000 ),
 .UNSPECIFIED. ) ;
#2349 = DIRECTION ( 'NONE',  ( -0.000000000000000000, -0.000000000000000000, -1.000000000000000000 ) ) ;
#2350 = VECTOR ( 'NONE', #1727, 1000.000000000000000 ) ;
#2351 = DIRECTION ( 'NONE',  ( 0.000000000000000000, 0.000000000000000000, 1.000000000000000000 ) ) ;
#2352 = FACE_OUTER_BOUND ( 'NONE', #2635, .T. ) ;
#2353 = AXIS2_PLACEMENT_3D ( 'NONE', #3134, #3761, #1933 ) ;
#2354 = ORIENTED_EDGE ( 'NONE', *, *, #61, .T. ) ;
#2355 = B_SPLINE_CURVE_WITH_KNOTS ( 'NONE', 3,
 ( #2174, #1851, #2782, #1449, #570, #1787, #505, #3123, #4001, #852, #232, #1106, #2085, #1518, #832 ),
 .UNSPECIFIED., .F., .F.,
 ( 4, 1, 1, 1, 1, 1, 1, 1, 1, 1, 1, 1, 4 ),
 ( 0.000000000000000000, 0.09120244535704478961, 0.1695125275593716008, 0.2429296697385943116, 0.3188632777225064996, 0.3637035003515410314, 0.4198192760793775236, 0.4866759867146996377, 0.5655077154004709561, 0.6565998642578251276, 0.7586999324825447477, 0.8731422143676408343, 1.000000000000000000 ),
 .UNSPECIFIED. ) ;
#2356 = CARTESIAN_POINT ( 'NONE',  ( -0.1754363914897843491, 3.627224538846642865, -8.000000000000008882 ) ) ;
#2357 = CARTESIAN_POINT ( 'NONE',  ( 7.587660673103027165, 4.938513044080986347, 1.400000000000000133 ) ) ;
#2358 = CARTESIAN_POINT ( 'NONE',  ( 0.8361467180041034508, 4.025052625062700784, -7.999999999999994671 ) ) ;
#2359 = CARTESIAN_POINT ( 'NONE',  ( -0.01845532585592786490, 1.433084980085783888, -8.000000000000000000 ) ) ;
#2360 = B_SPLINE_CURVE_WITH_KNOTS ( 'NONE', 3,
 ( #1179, #3754, #857, #552, #1853, #1768, #878, #3125, #235, #1522, #2804, #4092, #2496, #2177, #3038 ),
 .UNSPECIFIED., .F., .F.,
 ( 4, 1, 1, 1, 1, 1, 1, 1, 1, 1, 1, 1, 4 ),
 ( 0.000000000000000000, 0.09410424431777146548, 0.1749059276417516684, 0.2488550885376897837, 0.3254404506555109156, 0.3717073599365789960, 0.4271088909568259706, 0.4946210280067476206, 0.5722951843917791770, 0.6623489608684836050, 0.7638526647736267883, 0.8755217069386231898, 1.000000000000000000 ),
 .UNSPECIFIED. ) ;
#2361 = ORIENTED_EDGE ( 'NONE', *, *, #1927, .F. ) ;
#2362 = VERTEX_POINT ( 'NONE', #793 ) ;
#2363 = EDGE_CURVE ( 'NONE', #3933, #49, #821, .T. ) ;
#2364 = CARTESIAN_POINT ( 'NONE',  ( -1.913640376782441699, 3.126669599871984673, -8.000000000000000000 ) ) ;
#2365 = CARTESIAN_POINT ( 'NONE',  ( 0.7491794736144335998, 1.207190320431640762, -7.999999999999998224 ) ) ;
#2366 = CARTESIAN_POINT ( 'NONE',  ( -2.137650052900032627, 3.940592879848956454, -7.800000000000002487 ) ) ;
#2367 = CARTESIAN_POINT ( 'NONE',  ( -1.597406971884312465, 3.721693500483004513, -7.999999999999998224 ) ) ;
#2368 = EDGE_CURVE ( 'NONE', #1650, #1843, #3400, .T. ) ;
#2369 = CARTESIAN_POINT ( 'NONE',  ( 6.555331744025734153, 5.327043026194852260, 2.000000000000000000 ) ) ;
#2370 = CARTESIAN_POINT ( 'NONE',  ( 0.5302568632117208303, 4.707579355440102198, 1.400000000000000133 ) ) ;
#2371 = CARTESIAN_POINT ( 'NONE',  ( 0.3125653470523125921, 5.695280394114732303, 1.999999999999998224 ) ) ;
#2372 = CARTESIAN_POINT ( 'NONE',  ( -1.832203407260645678, 3.483574223447402751, -8.000000000000000000 ) ) ;
#2373 = B_SPLINE_CURVE_WITH_KNOTS ( 'NONE', 3,
 ( #2407, #2738, #2083, #767, #3724, #2780, #4065, #2449, #3999, #829, #3747 ),
 .UNSPECIFIED., .F., .F.,
 ( 4, 1, 1, 1, 1, 1, 1, 1, 4 ),
 ( 0.000000000000000000, 0.1343120777165491553, 0.2616614819415030713, 0.3886951314945071845, 0.5207593789909771287, 0.6496901161094489341, 0.7700304936788227028, 0.8858566824686864294, 1.000000000000000000 ),
 .UNSPECIFIED. ) ;
#2374 = CARTESIAN_POINT ( 'NONE',  ( -0.4012046800964040871, -1.007510696341842316, 1.400000000000000133 ) ) ;
#2375 = CARTESIAN_POINT ( 'NONE',  ( -0.9634718105632857910, 3.790389687514971406, -7.800000000000000711 ) ) ;
#2376 = CARTESIAN_POINT ( 'NONE',  ( 0.9122345066759582899, 1.507319794585516792, -8.000000000000000000 ) ) ;
#2377 = CARTESIAN_POINT ( 'NONE',  ( 0.01291872809915063300, 7.275925436580882533, 1.400000000000000133 ) ) ;
#2378 = CARTESIAN_POINT ( 'NONE',  ( 0.1376337142381535150, 3.527764907453041499, -7.800000000000002487 ) ) ;
#2379 = CARTESIAN_POINT ( 'NONE',  ( 0.9350849941637264795, 3.706323291858420355, -7.999999999999994671 ) ) ;
#2380 = CARTESIAN_POINT ( 'NONE',  ( -0.4133992991727929445, 4.520545286290785114, 1.400000000000000133 ) ) ;
#2381 = DIRECTION ( 'NONE',  ( 1.000000000000000000, 0.000000000000000000, 0.000000000000000000 ) ) ;
#2382 = CARTESIAN_POINT ( 'NONE',  ( 0.5310794130420736225, 4.585142254828806330, 2.000000000000000000 ) ) ;
#2383 = CARTESIAN_POINT ( 'NONE',  ( -1.889825367647059107, 4.425308478860293881, -8.000000000000000000 ) ) ;
#2384 = EDGE_CURVE ( 'NONE', #1650, #80, #615, .T. ) ;
#2385 = CARTESIAN_POINT ( 'NONE',  ( -0.1754363914897843491, 3.627224538846642865, -7.800000000000004263 ) ) ;
#2386 = DIRECTION ( 'NONE',  ( 0.000000000000000000, -0.000000000000000000, -1.000000000000000000 ) ) ;
#2387 = CARTESIAN_POINT ( 'NONE',  ( -1.573278201807870591, 3.202636280417517245, -7.999999999999996447 ) ) ;
#2388 = CARTESIAN_POINT ( 'NONE',  ( -0.06162275658535870670, 1.434811243458359531, -8.000000000000000000 ) ) ;
#2389 = AXIS2_PLACEMENT_3D ( 'NONE', #374, #2296, #688 ) ;
#2390 = EDGE_CURVE ( 'NONE', #2362, #2457, #3453, .T. ) ;
#2391 = CARTESIAN_POINT ( 'NONE',  ( 0.5118977653856281451, 5.173343035493037867, 1.400000000000000133 ) ) ;
#2392 = AXIS2_PLACEMENT_3D ( 'NONE', #1941, #3201, #1238 ) ;
#2393 = CARTESIAN_POINT ( 'NONE',  ( -1.911990143640793782, 4.424650521203441045, -8.000000000000000000 ) ) ;
#2394 = CARTESIAN_POINT ( 'NONE',  ( -0.8702688365298465456, 4.020718025970621667, -7.799999999999998934 ) ) ;
#2395 = CARTESIAN_POINT ( 'NONE',  ( 0.9645983647365202751, 2.040880378274356755, -8.000000000000001776 ) ) ;
#2396 = VERTEX_POINT ( 'NONE', #3105 ) ;
#2397 = CARTESIAN_POINT ( 'NONE',  ( -1.432734239607713178, 4.237766656497261586, -7.999999999999998224 ) ) ;
#2398 = UNCERTAINTY_MEASURE_WITH_UNIT (LENGTH_MEASURE( 1.000000000000000082E-05 ), #3590, 'distance_accuracy_value', 'NONE');
#2399 = CARTESIAN_POINT ( 'NONE',  ( 2.463258326608192217, 6.281791733587445137, 2.000000000000000888 ) ) ;
#2400 = CARTESIAN_POINT ( 'NONE',  ( -2.099484154036126426, 3.566022222342549952, -7.800000000000000711 ) ) ;
#2401 = CARTESIAN_POINT ( 'NONE',  ( -0.06162275658535870670, 1.434811243458359531, -7.800000000000000711 ) ) ;
#2402 = VERTEX_POINT ( 'NONE', #1854 ) ;
#2403 = CARTESIAN_POINT ( 'NONE',  ( -2.165491655957418438, 3.661788148982073388, -7.800000000000000711 ) ) ;
#2404 = CARTESIAN_POINT ( 'NONE',  ( 0.9526317946976062823, 1.734454023579438342, -8.000000000000000000 ) ) ;
#2405 = CARTESIAN_POINT ( 'NONE',  ( 0.9602021743198003723, 3.433911473131513237, -7.800000000000000711 ) ) ;
#2406 = CARTESIAN_POINT ( 'NONE',  ( 5.031812265206473178, 5.944105645401917215, 1.400000000000000133 ) ) ;
#2407 = CARTESIAN_POINT ( 'NONE',  ( 5.669476102941175988, 6.212898667279410425, 2.000000000000000000 ) ) ;
#2408 = CARTESIAN_POINT ( 'NONE',  ( -1.003853533912439921, 3.249294708737344273, -8.000000000000000000 ) ) ;
#2409 = CARTESIAN_POINT ( 'NONE',  ( -0.7923027471717888348, 1.205487473683767075, -7.800000000000000711 ) ) ;
#2410 = CARTESIAN_POINT ( 'NONE',  ( -1.702653194628273470, 4.399681321501462961, -7.800000000000000711 ) ) ;
#2411 = EDGE_CURVE ( 'NONE', #1485, #229, #533, .T. ) ;
#2412 = CARTESIAN_POINT ( 'NONE',  ( -1.772821517870876162, 4.049929566991771424, -7.800000000000002487 ) ) ;
#2413 = CARTESIAN_POINT ( 'NONE',  ( -0.4948004438060844556, 4.330791417724682901, -7.800000000000000711 ) ) ;
#2414 = CARTESIAN_POINT ( 'NONE',  ( 0.7663921725202931245, 4.123887217199784239, -7.999999999999998224 ) ) ;
#2415 = ORIENTED_EDGE ( 'NONE', *, *, #4152, .F. ) ;
#2416 = AXIS2_PLACEMENT_3D ( 'NONE', #1587, #2593, #1569 ) ;
#2417 = CARTESIAN_POINT ( 'NONE',  ( -1.825801222019281855, 4.423436598145578991, -7.999999999999994671 ) ) ;
#2418 = CARTESIAN_POINT ( 'NONE',  ( 0.1300827066588820802, 3.719535440961415418, -7.800000000000000711 ) ) ;
#2419 = CARTESIAN_POINT ( 'NONE',  ( -2.003718227396603435, 3.500014720421257941, -7.800000000000002487 ) ) ;
#2420 = CARTESIAN_POINT ( 'NONE',  ( -1.598128691485859676, 3.835900990530466181, -8.000000000000000000 ) ) ;
#2421 = VECTOR ( 'NONE', #68, 1000.000000000000000 ) ;
#2422 = ORIENTED_EDGE ( 'NONE', *, *, #2615, .T. ) ;
#2423 = ORIENTED_EDGE ( 'NONE', *, *, #1319, .T. ) ;
#2424 = CARTESIAN_POINT ( 'NONE',  ( 0.1377997663909319159, 3.506848428763595038, -7.999999999999996447 ) ) ;
#2425 = CARTESIAN_POINT ( 'NONE',  ( 0.9644774672285054695, 1.956785405036968850, -7.999999999999998224 ) ) ;
#2426 = CARTESIAN_POINT ( 'NONE',  ( -0.4119535841043864832, 4.702652340691308552, 1.400000000000000577 ) ) ;
#2427 = CARTESIAN_POINT ( 'NONE',  ( 4.719834605423610441, 3.607908841252555288, 1.399999999999999689 ) ) ;
#2428 = DIRECTION ( 'NONE',  ( 1.000000000000000000, -7.806255641895638236E-15, 0.000000000000000000 ) ) ;
#2429 = CARTESIAN_POINT ( 'NONE',  ( -1.573278201807870591, 3.202636280417517245, -7.799999999999997158 ) ) ;
#2430 = CARTESIAN_POINT ( 'NONE',  ( -0.9991065407757270256, 1.836570405993806387, -8.000000000000000000 ) ) ;
#2431 = CARTESIAN_POINT ( 'NONE',  ( -0.9604479933973095740, 1.520224846105752592, -7.800000000000000711 ) ) ;
#2432 = ORIENTED_EDGE ( 'NONE', *, *, #2126, .F. ) ;
#2433 = CARTESIAN_POINT ( 'NONE',  ( -1.829550084360219486, 4.068255955714306538, -7.799999999999998934 ) ) ;
#2434 = CARTESIAN_POINT ( 'NONE',  ( -0.1360794249893730878, 4.421750273819061938, -7.799999999999998934 ) ) ;
#2435 = LINE ( 'NONE', #490, #2575 ) ;
#2436 = EDGE_CURVE ( 'NONE', #1778, #2787, #1913, .T. ) ;
#2437 = EDGE_LOOP ( 'NONE', ( #4171, #329, #1450, #1217 ) ) ;
#2438 = FACE_OUTER_BOUND ( 'NONE', #2181, .T. ) ;
#2439 = CARTESIAN_POINT ( 'NONE',  ( -0.9692675238349592881, -3.125072629141267377, 2.000000000000000000 ) ) ;
#2440 = DIRECTION ( 'NONE',  ( -1.000000000000000000, 0.000000000000000000, 0.000000000000000000 ) ) ;
#2441 = CARTESIAN_POINT ( 'NONE',  ( -2.893143595924983824, 3.767578466491318334, 1.400000000000000133 ) ) ;
#2442 = CARTESIAN_POINT ( 'NONE',  ( 1.946611222967728150, -2.775686655184651741, 1.400000000000001021 ) ) ;
#2443 = EDGE_CURVE ( 'NONE', #2923, #3322, #2453, .T. ) ;
#2444 = ORIENTED_EDGE ( 'NONE', *, *, #854, .F. ) ;
#2445 = CARTESIAN_POINT ( 'NONE',  ( 0.05536597756778575963, -1.700745059742647003, 2.000000000000000000 ) ) ;
#2446 = CARTESIAN_POINT ( 'NONE',  ( 3.005630094032006205, 4.185348301074226285, 1.999999999999999112 ) ) ;
#2447 = CARTESIAN_POINT ( 'NONE',  ( 0.9639609940995637061, 3.328476676768805209, -7.800000000000000711 ) ) ;
#2448 = CARTESIAN_POINT ( 'NONE',  ( 0.02299139839043560021, 5.738624632078113130, 2.000000000000000444 ) ) ;
#2449 = CARTESIAN_POINT ( 'NONE',  ( 4.841807541570286588, 5.661768974754783024, 1.999999999999999112 ) ) ;
#2450 = CARTESIAN_POINT ( 'NONE',  ( -0.9897235272415987328, 3.614394954217974298, -7.999999999999996447 ) ) ;
#2451 = CARTESIAN_POINT ( 'NONE',  ( -1.003673690192262047, 2.002318651351548073, -7.999999999999998224 ) ) ;
#2452 = LINE ( 'NONE', #2842, #2576 ) ;
#2453 = B_SPLINE_CURVE_WITH_KNOTS ( 'NONE', 3,
 ( #4093, #3755, #858, #2477, #2786, #2157, #880, #3444, #2805, #1835, #213, #236, #1205, #1523, #1341, #2631, #2318, #1363, #2383 ),
 .UNSPECIFIED., .F., .F.,
 ( 4, 1, 1, 1, 1, 1, 1, 1, 1, 1, 1, 1, 1, 1, 1, 1, 4 ),
 ( 0.000000000000000000, 0.06833157958967923939, 0.1342348527815865056, 0.1975946106969344584, 0.2604882456957057779, 0.3220997330919143642, 0.3844051038514996188, 0.4467359209551155508, 0.5109931118931115845, 0.5753270344068194264, 0.6373034949318282516, 0.6974710224329669916, 0.7574743337423026635, 0.8171744251021129113, 0.8770689894131800113, 0.9375985530526442790, 1.000000000000000000 ),
 .UNSPECIFIED. ) ;
#2454 = ORIENTED_EDGE ( 'NONE', *, *, #2436, .T. ) ;
#2455 = DIRECTION ( 'NONE',  ( 2.718261007375644690E-16, 1.006670214574388131E-14, 1.000000000000000000 ) ) ;
#2456 = CARTESIAN_POINT ( 'NONE',  ( 4.786540087916947961, 5.287908344360954693, 2.000000000000000000 ) ) ;
#2457 = VERTEX_POINT ( 'NONE', #76 ) ;
#2458 = CARTESIAN_POINT ( 'NONE',  ( 0.9455813172133540334, 3.622868196517415651, -7.999999999999998224 ) ) ;
#2459 = CARTESIAN_POINT ( 'NONE',  ( -1.911990143640793782, 4.424650521203441045, -7.800000000000000711 ) ) ;
#2460 = CARTESIAN_POINT ( 'NONE',  ( -2.054737238764397844, 4.023505693984590792, -8.000000000000000000 ) ) ;
#2461 = CARTESIAN_POINT ( 'NONE',  ( 3.011909179687500604, 3.654990503647748135, 2.000000000000000000 ) ) ;
#2462 = CARTESIAN_POINT ( 'NONE',  ( -2.019962635378349969, 4.415105552187357674, -7.800000000000004263 ) ) ;
#2463 = CARTESIAN_POINT ( 'NONE',  ( 0.3101413257314387661, -3.233641817478525304, 1.400000000000000133 ) ) ;
#2464 = ORIENTED_EDGE ( 'NONE', *, *, #2229, .T. ) ;
#2465 = EDGE_CURVE ( 'NONE', #108, #2262, #687, .T. ) ;
#2466 = CARTESIAN_POINT ( 'NONE',  ( 5.255711179279164647, 1.000000000000001998, -7.500000000000000000 ) ) ;
#2467 = CARTESIAN_POINT ( 'NONE',  ( 3.011560601737322873, 3.747884126212034595, 1.400000000000000133 ) ) ;
#2468 = CARTESIAN_POINT ( 'NONE',  ( -5.255711179279164647, 0.5000000000000002220, -8.000000000000000000 ) ) ;
#2469 = CARTESIAN_POINT ( 'NONE',  ( -0.2663337078762464949, 5.622274125111134779, 2.000000000000000444 ) ) ;
#2470 = ORIENTED_EDGE ( 'NONE', *, *, #3873, .T. ) ;
#2471 = CARTESIAN_POINT ( 'NONE',  ( -1.830289435665744424, -2.764526726215462027, 1.999999999999999556 ) ) ;
#2472 = CARTESIAN_POINT ( 'NONE',  ( -1.284694575345291856, 3.532007648046221249, -7.999999999999994671 ) ) ;
#2473 = CARTESIAN_POINT ( 'NONE',  ( -0.7923027471717888348, 1.205487473683767075, -7.999999999999998224 ) ) ;
#2474 = CARTESIAN_POINT ( 'NONE',  ( -0.8515505182176099641, 1.282166281731333957, -7.800000000000000711 ) ) ;
#2475 = ORIENTED_EDGE ( 'NONE', *, *, #675, .T. ) ;
#2476 = CARTESIAN_POINT ( 'NONE',  ( -1.595730483259295784, 3.801000743548883953, -7.799999999999998934 ) ) ;
#2477 = CARTESIAN_POINT ( 'NONE',  ( -1.251492913812374930, 3.897395078908703514, -8.000000000000000000 ) ) ;
#2478 = CARTESIAN_POINT ( 'NONE',  ( 4.298202718823135982, 6.713299969491785646, 1.400000000000000133 ) ) ;
#2479 = CARTESIAN_POINT ( 'NONE',  ( 7.183858072917701065, 6.561073872234130633, 1.399999999999999689 ) ) ;
#2480 = CARTESIAN_POINT ( 'NONE',  ( -2.862842578180626596, 4.595971571286026958, 1.999999999999999556 ) ) ;
#2481 = CARTESIAN_POINT ( 'NONE',  ( 1.150300049544685788, 7.119151285416070785, 1.400000000000000133 ) ) ;
#2482 = CARTESIAN_POINT ( 'NONE',  ( -2.805254982491176552, 5.118969875575263728, 1.400000000000000577 ) ) ;
#2483 = FACE_OUTER_BOUND ( 'NONE', #3328, .T. ) ;
#2484 = AXIS2_PLACEMENT_3D ( 'NONE', #749, #2924, #1743 ) ;
#2485 = LINE ( 'NONE', #2505, #3686 ) ;
#2486 = CARTESIAN_POINT ( 'NONE',  ( 2.969170581724798641, 4.843184862653923339, 1.399999999999999689 ) ) ;
#2487 = CARTESIAN_POINT ( 'NONE',  ( -0.4017925169773819971, 5.024550810250919319, 1.400000000000001465 ) ) ;
#2488 = TOROIDAL_SURFACE ( 'NONE', #1543, 0.5000000000000000000, 0.5000000000000000000 ) ;
#2489 = CARTESIAN_POINT ( 'NONE',  ( -0.4129011427144578250, 4.583294722359126716, 2.000000000000000000 ) ) ;
#2490 = ADVANCED_FACE ( 'NONE', ( #2988 ), #77, .T. ) ;
#2491 = CARTESIAN_POINT ( 'NONE',  ( -2.857895384092816293, -0.7966379292616853069, 2.000000000000000000 ) ) ;
#2492 = CARTESIAN_POINT ( 'NONE',  ( -1.691221526338618331, 3.152235554678613827, -7.999999999999998224 ) ) ;
#2493 = CARTESIAN_POINT ( 'NONE',  ( -0.4772711924489133062, 0.9856016257794870672, -7.800000000000002487 ) ) ;
#2494 = CARTESIAN_POINT ( 'NONE',  ( -1.680471804535894398, 3.564632959286756719, -7.800000000000002487 ) ) ;
#2495 = ADVANCED_FACE ( 'NONE', ( #2041 ), #358, .T. ) ;
#2496 = CARTESIAN_POINT ( 'NONE',  ( -0.1766615767480005095, 1.767329559077480017, -8.000000000000003553 ) ) ;
#2497 = DIRECTION ( 'NONE',  ( 0.000000000000000000, -0.000000000000000000, -1.000000000000000000 ) ) ;
#2498 = VERTEX_POINT ( 'NONE', #3284 ) ;
#2499 = B_SPLINE_CURVE_WITH_KNOTS ( 'NONE', 3,
 ( #1277, #2894, #1312, #968, #3557, #309, #3181, #1598, #271, #3218, #951, #2272, #3237, #2548, #2253, #330, #2872, #2604, #660, #1622, #1559, #4125, #10, #4163, #3885, #1962, #990 ),
 .UNSPECIFIED., .F., .F.,
 ( 4, 1, 1, 1, 1, 1, 1, 1, 1, 1, 1, 1, 1, 1, 1, 1, 1, 1, 1, 1, 1, 1, 1, 1, 4 ),
 ( 0.000000000000000000, 0.06259121840097633949, 0.1211105918018105521, 0.1759386597790407458, 0.2264413399160008222, 0.2733600636876824530, 0.3161561963645263540, 0.3554796912097711870, 0.3911863842332320984, 0.4249742912012084428, 0.4584736302176755096, 0.4916818938248517235, 0.5255476034192441137, 0.5596679459944023938, 0.5945460646276249372, 0.6306631554487311941, 0.6680423085997024835, 0.7064478528708645344, 0.7450281240886547085, 0.7846213773287379345, 0.8251172150715183617, 0.8667046114550418512, 0.9095581024743909504, 0.9541505019105006591, 1.000000000000000000 ),
 .UNSPECIFIED. ) ;
#2500 = CARTESIAN_POINT ( 'NONE',  ( -0.004306242699716154865, 4.425308478860293881, -7.800000000000000711 ) ) ;
#2501 = CARTESIAN_POINT ( 'NONE',  ( -2.836743951640059880, 4.868604589552248285, 1.400000000000000133 ) ) ;
#2502 = FACE_OUTER_BOUND ( 'NONE', #2038, .T. ) ;
#2503 = CARTESIAN_POINT ( 'NONE',  ( -0.2321925320720315544, 7.270752386582676863, 1.399999999999999689 ) ) ;
#2504 = CARTESIAN_POINT ( 'NONE',  ( 2.813624661227159596, -1.659056915669599563, 1.999999999999999556 ) ) ;
#2505 = CARTESIAN_POINT ( 'NONE',  ( 0.1377997663909319159, 1.850175344429763724, -7.800000000000000711 ) ) ;
#2506 = CARTESIAN_POINT ( 'NONE',  ( -0.4133992991727929445, 4.520545286290785114, 2.000000000000000444 ) ) ;
#2507 = CARTESIAN_POINT ( 'NONE',  ( 0.3774457965024431427, 4.371495712118801613, -7.800000000000004263 ) ) ;
#2508 = DIRECTION ( 'NONE',  ( 0.000000000000000000, 0.000000000000000000, 1.000000000000000000 ) ) ;
#2509 = AXIS2_PLACEMENT_3D ( 'NONE', #3084, #2133, #4072 ) ;
#2510 = ORIENTED_EDGE ( 'NONE', *, *, #1749, .T. ) ;
#2511 = VECTOR ( 'NONE', #2745, 1000.000000000000000 ) ;
#2512 = CARTESIAN_POINT ( 'NONE',  ( 4.931197304753565547, 7.139435130650740646, 1.400000000000000577 ) ) ;
#2513 = CARTESIAN_POINT ( 'NONE',  ( -1.468282841510189840, 3.277540389283595701, -8.000000000000000000 ) ) ;
#2514 = CARTESIAN_POINT ( 'NONE',  ( 7.301590356159167072, 6.407650122914760438, 1.400000000000000577 ) ) ;
#2515 = CARTESIAN_POINT ( 'NONE',  ( 4.783620461856617823, 5.351034949807558228, 1.400000000000000133 ) ) ;
#2516 = ORIENTED_EDGE ( 'NONE', *, *, #3689, .T. ) ;
#2517 = ORIENTED_EDGE ( 'NONE', *, *, #1834, .T. ) ;
#2518 = CARTESIAN_POINT ( 'NONE',  ( -2.662889172289567785, -1.684570701234592738, 1.399999999999999689 ) ) ;
#2519 = ADVANCED_FACE ( 'NONE', ( #439 ), #3159, .T. ) ;
#2520 = B_SPLINE_SURFACE_WITH_KNOTS ( 'NONE', 3, 1, ( 
 ( #3959, #2965 ),
 ( #1042, #3054 ),
 ( #1067, #2367 ),
 ( #3679, #2341 ),
 ( #2319, #3327 ),
 ( #3605, #3285 ),
 ( #440, #3008 ),
 ( #766, #119 ),
 ( #3625, #396 ),
 ( #3917, #2695 ),
 ( #706, #1694 ) ),
 .UNSPECIFIED., .F., .F., .F.,
 ( 4, 1, 1, 1, 1, 1, 1, 1, 4 ),
 ( 2, 2 ),
 ( 0.000000000000000000, 0.1336866531456424034, 0.2601192178135678934, 0.3839224498267568841, 0.5109669566590842038, 0.6371836277826591344, 0.7569133104181032801, 0.8767141548325702027, 1.000000000000000000 ),
 ( 0.000000000000000000, 1.000000000000000000 ),
 .UNSPECIFIED. ) ;
#2521 = CARTESIAN_POINT ( 'NONE',  ( -1.869380319396362067, 4.070046914698977503, -7.999999999999998224 ) ) ;
#2522 = CARTESIAN_POINT ( 'NONE',  ( 0.1227815131942356502, 1.541295052267070753, -7.800000000000004263 ) ) ;
#2523 = CARTESIAN_POINT ( 'NONE',  ( -2.181884368916364281, 3.833887693630317450, -7.999999999999996447 ) ) ;
#2524 = CARTESIAN_POINT ( 'NONE',  ( 5.675012700697954493, 3.378160615808822431, 1.400000000000000133 ) ) ;
#2525 = DIRECTION ( 'NONE',  ( -0.000000000000000000, 0.000000000000000000, 1.000000000000000000 ) ) ;
#2526 = CARTESIAN_POINT ( 'NONE',  ( -2.140072745910045704, 3.172378186571660486, -7.799999999999998934 ) ) ;
#2527 = LINE ( 'NONE', #3806, #325 ) ;
#2528 = DIRECTION ( 'NONE',  ( 0.000000000000000000, -1.000000000000000000, 0.000000000000000000 ) ) ;
#2529 = CARTESIAN_POINT ( 'NONE',  ( -1.342315520343048796, 3.425258113134483917, -7.799999999999997158 ) ) ;
#2530 = CARTESIAN_POINT ( 'NONE',  ( 0.9617136630375936468, 1.876605554784155805, -7.799999999999997158 ) ) ;
#2531 = CARTESIAN_POINT ( 'NONE',  ( 5.289265291076692854, 7.244249723219122750, 1.999999999999999112 ) ) ;
#2532 = CARTESIAN_POINT ( 'NONE',  ( 7.616441868527673797, 5.392943664534009862, 2.000000000000000444 ) ) ;
#2533 = CARTESIAN_POINT ( 'NONE',  ( 7.542454122596037536, 5.899572322298535454, 1.399999999999999245 ) ) ;
#2534 = DIRECTION ( 'NONE',  ( -0.000000000000000000, -0.000000000000000000, -1.000000000000000000 ) ) ;
#2535 = ORIENTED_EDGE ( 'NONE', *, *, #2363, .T. ) ;
#2536 = CARTESIAN_POINT ( 'NONE',  ( 0.2988566911173334839, -1.653991612885749252, 1.399999999999999689 ) ) ;
#2537 = FACE_OUTER_BOUND ( 'NONE', #3765, .T. ) ;
#2538 = ADVANCED_FACE ( 'NONE', ( #1761 ), #3997, .T. ) ;
#2539 = CARTESIAN_POINT ( 'NONE',  ( -2.433863452053054210, 4.135883374304918370, -8.000000000000000000 ) ) ;
#2540 = CARTESIAN_POINT ( 'NONE',  ( 4.892461465805917342, 3.524465678520123380, 1.400000000000000577 ) ) ;
#2541 = CARTESIAN_POINT ( 'NONE',  ( 7.539435925364600166, 4.755234913171587863, 1.399999999999999689 ) ) ;
#2542 = CARTESIAN_POINT ( 'NONE',  ( -1.956726026715141620, 3.127877794346486606, -7.800000000000000711 ) ) ;
#2543 = ADVANCED_FACE ( 'NONE', ( #1783 ), #142, .T. ) ;
#2544 = ORIENTED_EDGE ( 'NONE', *, *, #3080, .T. ) ;
#2545 = DIRECTION ( 'NONE',  ( -0.000000000000000000, 1.000000000000000000, -0.000000000000000000 ) ) ;
#2546 = LINE ( 'NONE', #306, #2951 ) ;
#2547 = DIRECTION ( 'NONE',  ( 1.000000000000000000, 0.000000000000000000, 0.000000000000000000 ) ) ;
#2548 = CARTESIAN_POINT ( 'NONE',  ( -2.299176517560878708, 6.371661651599353604, 2.000000000000000000 ) ) ;
#2549 = EDGE_LOOP ( 'NONE', ( #1496, #1276, #1855, #563 ) ) ;
#2550 = CARTESIAN_POINT ( 'NONE',  ( 4.298202718823135982, 6.713299969491785646, 2.000000000000000000 ) ) ;
#2551 = CARTESIAN_POINT ( 'NONE',  ( -1.284694575345291856, 3.532007648046221249, -7.999999999999994671 ) ) ;
#2552 = VECTOR ( 'NONE', #1943, 1000.000000000000000 ) ;
#2553 = CARTESIAN_POINT ( 'NONE',  ( 7.612647562175398619, 5.523404567216694261, 1.399999999999999245 ) ) ;
#2554 = CARTESIAN_POINT ( 'NONE',  ( -0.4012046800964040871, -1.007510696341842316, 1.400000000000000133 ) ) ;
#2555 = AXIS2_PLACEMENT_3D ( 'NONE', #1120, #2101, #2692 ) ;
#2556 = CARTESIAN_POINT ( 'NONE',  ( 3.863050838912442497, 6.070747031765756141, 1.999999999999999556 ) ) ;
#2557 = ORIENTED_EDGE ( 'NONE', *, *, #4054, .F. ) ;
#2558 = DIRECTION ( 'NONE',  ( 0.000000000000000000, 0.000000000000000000, -1.000000000000000000 ) ) ;
#2559 = CARTESIAN_POINT ( 'NONE',  ( 0.1083992653674047818, 1.489713425445372996, -7.800000000000000711 ) ) ;
#2560 = EDGE_CURVE ( 'NONE', #3489, #3556, #4052, .T. ) ;
#2561 = CARTESIAN_POINT ( 'NONE',  ( 2.995621321939303972, 4.423999849327500122, 1.400000000000000577 ) ) ;
#2562 = PLANE ( 'NONE',  #2241 ) ;
#2563 = CARTESIAN_POINT ( 'NONE',  ( 6.903564946682009484, 3.814447679546570047, 2.000000000000000444 ) ) ;
#2564 = CARTESIAN_POINT ( 'NONE',  ( -0.1771711282169113333, 3.506848428763595038, -8.000000000000005329 ) ) ;
#2565 = EDGE_CURVE ( 'NONE', #3510, #3504, #2348, .T. ) ;
#2566 = CARTESIAN_POINT ( 'NONE',  ( -0.4948004438060844556, 4.330791417724682901, -7.999999999999996447 ) ) ;
#2567 = CARTESIAN_POINT ( 'NONE',  ( 0.5689647469467418173, 4.286764419360554079, -7.800000000000000711 ) ) ;
#2568 = ORIENTED_EDGE ( 'NONE', *, *, #1375, .T. ) ;
#2569 = CARTESIAN_POINT ( 'NONE',  ( -0.01863416335685912431, 0.9220381109871931269, -7.800000000000000711 ) ) ;
#2570 = ORIENTED_EDGE ( 'NONE', *, *, #294, .F. ) ;
#2571 = CARTESIAN_POINT ( 'NONE',  ( -2.784573743755916375, -1.302069880420811510, 1.400000000000000133 ) ) ;
#2572 = CARTESIAN_POINT ( 'NONE',  ( -2.140072745910045704, 3.172378186571660486, -7.799999999999998934 ) ) ;
#2573 = CARTESIAN_POINT ( 'NONE',  ( 6.422092946019089865, 7.138170604745351255, 2.000000000000000000 ) ) ;
#2574 = CARTESIAN_POINT ( 'NONE',  ( -0.3683445395827049107, -1.376114843198787518, 1.399999999999999689 ) ) ;
#2575 = VECTOR ( 'NONE', #1856, 1000.000000000000000 ) ;
#2576 = VECTOR ( 'NONE', #2825, 1000.000000000000000 ) ;
#2577 = CARTESIAN_POINT ( 'NONE',  ( 4.445836224500466116, 6.844748723518424782, 1.999999999999999556 ) ) ;
#2578 = ORIENTED_EDGE ( 'NONE', *, *, #1693, .T. ) ;
#2579 = CARTESIAN_POINT ( 'NONE',  ( -12.34999999999999964, -6.500000000000004441, 1.000000000000000000 ) ) ;
#2580 = CARTESIAN_POINT ( 'NONE',  ( 0.1165178608732435617, 1.515024806696617432, -7.800000000000000711 ) ) ;
#2581 = CARTESIAN_POINT ( 'NONE',  ( 0.1848682697560785626, -1.695566269624919853, 2.000000000000000000 ) ) ;
#2582 = CARTESIAN_POINT ( 'NONE',  ( -2.394239970873135004, 3.363563967792370768, -7.800000000000000711 ) ) ;
#2583 = CARTESIAN_POINT ( 'NONE',  ( -0.02276156855564445344, 3.913480775122548216, -8.000000000000005329 ) ) ;
#2584 = CARTESIAN_POINT ( 'NONE',  ( 0.4360401408797676681, -1.500912604917738147, 2.000000000000000000 ) ) ;
#2585 = CARTESIAN_POINT ( 'NONE',  ( -12.34999999999999964, -5.500000000000004441, 1.000000000000000000 ) ) ;
#2586 = ORIENTED_EDGE ( 'NONE', *, *, #802, .F. ) ;
#2587 = CARTESIAN_POINT ( 'NONE',  ( 0.5255965194190470591, 1.027940605993719725, -7.800000000000002487 ) ) ;
#2588 = EDGE_CURVE ( 'NONE', #3552, #30, #1144, .T. ) ;
#2589 = CARTESIAN_POINT ( 'NONE',  ( 3.726237220802078642, 5.104122439620869756, 2.000000000000000888 ) ) ;
#2590 = CARTESIAN_POINT ( 'NONE',  ( -2.349449027879152663, 3.315621008171582673, -8.000000000000000000 ) ) ;
#2591 = CARTESIAN_POINT ( 'NONE',  ( 0.1372995241155100798, 1.782503041084707140, -8.000000000000000000 ) ) ;
#2592 = CARTESIAN_POINT ( 'NONE',  ( 9.850000000000001421, 2.646977959553390977E-21, -38.27029455835942429 ) ) ;
#2593 = DIRECTION ( 'NONE',  ( -0.000000000000000000, 0.000000000000000000, 1.000000000000000000 ) ) ;
#2594 = CARTESIAN_POINT ( 'NONE',  ( -1.948032052545761283, 4.067740010000924222, -8.000000000000000000 ) ) ;
#2595 = ORIENTED_EDGE ( 'NONE', *, *, #3823, .T. ) ;
#2596 = CARTESIAN_POINT ( 'NONE',  ( -1.595730483259295784, 3.801000743548883953, -7.999999999999996447 ) ) ;
#2597 = CARTESIAN_POINT ( 'NONE',  ( 0.1377997663909319159, 1.850175344429763724, -7.800000000000000711 ) ) ;
#2598 = CARTESIAN_POINT ( 'NONE',  ( -1.889825367647059107, 4.070966222426470438, -7.800000000000000711 ) ) ;
#2599 = CARTESIAN_POINT ( 'NONE',  ( 5.318464553612628265, 6.149788700975308942, 1.400000000000000133 ) ) ;
#2600 = CARTESIAN_POINT ( 'NONE',  ( -0.4133992991727929445, 4.520545286290785114, 2.000000000000000000 ) ) ;
#2601 = CARTESIAN_POINT ( 'NONE',  ( -0.9953601073972397906, 3.547733486149756921, -7.800000000000002487 ) ) ;
#2602 = CARTESIAN_POINT ( 'NONE',  ( 0.7244582002513572094, 4.169214586763148489, -7.800000000000000711 ) ) ;
#2603 = ORIENTED_EDGE ( 'NONE', *, *, #2560, .F. ) ;
#2604 = CARTESIAN_POINT ( 'NONE',  ( -1.706894240840223009, 6.860293258081660461, 2.000000000000000444 ) ) ;
#2605 = VERTEX_POINT ( 'NONE', #179 ) ;
#2606 = CARTESIAN_POINT ( 'NONE',  ( 3.795967593450956912, 4.762484096482443974, 2.000000000000000000 ) ) ;
#2607 = LINE ( 'NONE', #3581, #3502 ) ;
#2608 = CARTESIAN_POINT ( 'NONE',  ( 0.2044086377882850525, 0.9360700886658211983, -7.800000000000000711 ) ) ;
#2609 = EDGE_CURVE ( 'NONE', #1617, #1778, #3389, .T. ) ;
#2610 = CARTESIAN_POINT ( 'NONE',  ( -0.3683445395827049107, -1.376114843198787518, 1.999999999999999112 ) ) ;
#2611 = AXIS2_PLACEMENT_3D ( 'NONE', #3374, #2455, #167 ) ;
#2612 = CARTESIAN_POINT ( 'NONE',  ( -0.1770264710140237729, 3.528380751609601518, -7.999999999999998224 ) ) ;
#2613 = CARTESIAN_POINT ( 'NONE',  ( -0.1545892757990018629, 1.526641853142973515, -8.000000000000000000 ) ) ;
#2614 = ORIENTED_EDGE ( 'NONE', *, *, #2049, .F. ) ;
#2615 = EDGE_CURVE ( 'NONE', #897, #3933, #3454, .T. ) ;
#2616 = B_SPLINE_SURFACE_WITH_KNOTS ( 'NONE', 3, 1, ( 
 ( #2708, #474 ),
 ( #3716, #1796 ),
 ( #3737, #3406 ),
 ( #2419, #3047 ),
 ( #3992, #3090 ),
 ( #2400, #174 ),
 ( #155, #1439 ),
 ( #2729, #800 ),
 ( #1139, #2772 ),
 ( #1483, #4011 ),
 ( #4058, #3024 ) ),
 .UNSPECIFIED., .F., .F., .F.,
 ( 4, 1, 1, 1, 1, 1, 1, 1, 4 ),
 ( 2, 2 ),
 ( 0.000000000000000000, 0.1266042765279085103, 0.2496192610236175613, 0.3719166998245294620, 0.4999999999999997780, 0.6280833001754707601, 0.7503807389763819113, 0.8733957234720909346, 1.000000000000000000 ),
 ( 0.000000000000000000, 1.000000000000000000 ),
 .UNSPECIFIED. ) ;
#2617 = AXIS2_PLACEMENT_3D ( 'NONE', #3214, #2666, #2268 ) ;
#2618 =( NAMED_UNIT ( * ) PLANE_ANGLE_UNIT ( ) SI_UNIT ( $, .RADIAN. ) );
#2619 = DIRECTION ( 'NONE',  ( -0.000000000000000000, -0.000000000000000000, 1.000000000000000000 ) ) ;
#2620 = CARTESIAN_POINT ( 'NONE',  ( 0.4949449035210316539, -1.245567527339349612, 2.000000000000000000 ) ) ;
#2621 = CARTESIAN_POINT ( 'NONE',  ( 5.163472194245839475, 6.064031193717939416, 2.000000000000000444 ) ) ;
#2622 = CARTESIAN_POINT ( 'NONE',  ( -0.1494620973811106868, 3.849797360704077409, -7.800000000000002487 ) ) ;
#2623 = CARTESIAN_POINT ( 'NONE',  ( 7.616370024265384231, 5.261161815314411960, 1.400000000000000133 ) ) ;
#2624 = CARTESIAN_POINT ( 'NONE',  ( 0.3774457965024431427, 4.371495712118801613, -7.999999999999996447 ) ) ;
#2625 = CARTESIAN_POINT ( 'NONE',  ( -0.1766615767480005095, 1.767329559077480017, -7.800000000000004263 ) ) ;
#2626 = ORIENTED_EDGE ( 'NONE', *, *, #82, .T. ) ;
#2627 = EDGE_LOOP ( 'NONE', ( #1359, #3304, #2057, #4131 ) ) ;
#2628 = CARTESIAN_POINT ( 'NONE',  ( 0.1372995241155100798, 1.782503041084707140, -7.999999999999996447 ) ) ;
#2629 = DIRECTION ( 'NONE',  ( 0.000000000000000000, -1.000000000000000000, 0.000000000000000000 ) ) ;
#2630 = CARTESIAN_POINT ( 'NONE',  ( 0.4301407072998147396, 0.9877265680657929536, -7.800000000000000711 ) ) ;
#2631 = CARTESIAN_POINT ( 'NONE',  ( -1.763088430358897840, 4.414749907739706103, -7.999999999999998224 ) ) ;
#2632 = CARTESIAN_POINT ( 'NONE',  ( 5.608140958189085090, 6.210140744096929843, 1.399999999999999689 ) ) ;
#2633 = CARTESIAN_POINT ( 'NONE',  ( -0.1706325884618752620, 3.724447678497678993, -8.000000000000003553 ) ) ;
#2634 = CARTESIAN_POINT ( 'NONE',  ( -0.06162275658535870670, 1.434811243458359531, -7.800000000000000711 ) ) ;
#2635 = EDGE_LOOP ( 'NONE', ( #3898, #3960, #2035, #1568 ) ) ;
#2636 = DIRECTION ( 'NONE',  ( 0.000000000000000000, 0.000000000000000000, 1.000000000000000000 ) ) ;
#2637 = CARTESIAN_POINT ( 'NONE',  ( -1.614824921264149671, 3.663379292756493655, -8.000000000000001776 ) ) ;
#2638 = EDGE_CURVE ( 'NONE', #2705, #3600, #270, .T. ) ;
#2639 = CARTESIAN_POINT ( 'NONE',  ( 0.9645983647365201641, 3.218330167882581971, -7.800000000000000711 ) ) ;
#2640 = B_SPLINE_CURVE_WITH_KNOTS ( 'NONE', 3,
 ( #3129, #534, #1837, #3107, #216, #4028, #2788, #4074, #1182, #2478, #3757, #3445, #860, #1875, #3208, #2845, #3512, #2807, #3470 ),
 .UNSPECIFIED., .F., .F.,
 ( 4, 1, 1, 1, 1, 1, 1, 1, 1, 1, 1, 1, 1, 1, 1, 1, 4 ),
 ( 0.000000000000000000, 0.06833157958967953083, 0.1342348527815868109, 0.1975946106969344862, 0.2604882456957052783, 0.3220997330919142532, 0.3844051038514997853, 0.4467359209551151067, 0.5109931118931118066, 0.5753270344068197595, 0.6373034949318281406, 0.6974710224329671027, 0.7574743337423028855, 0.8171744251021130223, 0.8770689894131802333, 0.9375985530526443901, 1.000000000000000000 ),
 .UNSPECIFIED. ) ;
#2641 = LINE ( 'NONE', #1373, #128 ) ;
#2642 = CARTESIAN_POINT ( 'NONE',  ( 5.669476102941175988, 6.212898667279410425, 1.400000000000000133 ) ) ;
#2643 = ORIENTED_EDGE ( 'NONE', *, *, #217, .T. ) ;
#2644 = CARTESIAN_POINT ( 'NONE',  ( -0.1739362949226315735, 3.678938787484490991, -7.799999999999997158 ) ) ;
#2645 = CARTESIAN_POINT ( 'NONE',  ( 6.903564946682009484, 3.814447679546570047, 1.400000000000000577 ) ) ;
#2646 = CARTESIAN_POINT ( 'NONE',  ( 0.5083833450176669100, 4.319006814290665908, -7.800000000000000711 ) ) ;
#2647 = ORIENTED_EDGE ( 'NONE', *, *, #751, .F. ) ;
#2648 = CARTESIAN_POINT ( 'NONE',  ( 3.011021070576788805, 0.006955954054646325095, 2.000000000000000000 ) ) ;
#2649 = CARTESIAN_POINT ( 'NONE',  ( 5.669476102941175988, 7.275925436580881644, 1.400000000000000133 ) ) ;
#2650 = B_SPLINE_CURVE_WITH_KNOTS ( 'NONE', 3,
 ( #3511, #3150, #3874, #1226, #1895, #3816, #254, #2843, #1545, #918, #279, #975, #2518, #632, #2882, #3795, #4132, #2280, #572, #3529, #1949, #1247, #939 ),
 .UNSPECIFIED., .F., .F.,
 ( 4, 1, 1, 1, 1, 1, 1, 1, 1, 1, 1, 1, 1, 1, 1, 1, 1, 1, 1, 1, 4 ),
 ( 0.000000000000000000, 0.08082635244481467529, 0.1550395768970233845, 0.2227733609102187096, 0.2847851602526775827, 0.3424250354995677093, 0.3973115550189067480, 0.4508676706832182024, 0.5038629975024276897, 0.5562249935823341263, 0.6065927579124832381, 0.6562198855780717599, 0.7044775129805357361, 0.7299621496015678002, 0.7589308403050066820, 0.7908552038020891795, 0.8260828059527683953, 0.8643514105921421553, 0.9063582302864711115, 0.9514554734419488069, 1.000000000000000000 ),
 .UNSPECIFIED. ) ;
#2651 = CARTESIAN_POINT ( 'NONE',  ( -1.891670900232652164, 3.126053538602940662, -8.000000000000000000 ) ) ;
#2652 = CARTESIAN_POINT ( 'NONE',  ( 0.3125653470523125921, 5.695280394114732303, 1.999999999999999556 ) ) ;
#2653 = CARTESIAN_POINT ( 'NONE',  ( 6.545653106749093730, 5.152422971498749504, 2.000000000000000444 ) ) ;
#2654 = CARTESIAN_POINT ( 'NONE',  ( 4.924472358822225893, 5.806975964613513952, 1.400000000000000133 ) ) ;
#2655 = EDGE_LOOP ( 'NONE', ( #1695, #3189, #2535, #223 ) ) ;
#2656 = ORIENTED_EDGE ( 'NONE', *, *, #3746, .F. ) ;
#2657 = CARTESIAN_POINT ( 'NONE',  ( -0.03806802551544467145, 3.912855618357942600, -8.000000000000000000 ) ) ;
#2658 = CARTESIAN_POINT ( 'NONE',  ( -0.1729284610171427927, 1.664999208818783494, -8.000000000000001776 ) ) ;
#2659 = CARTESIAN_POINT ( 'NONE',  ( -1.763088430358897840, 4.414749907739706103, -7.799999999999998934 ) ) ;
#2660 = CARTESIAN_POINT ( 'NONE',  ( 0.5315133846507361648, -0.5251408027200140660, 1.400000000000000133 ) ) ;
#2661 = CARTESIAN_POINT ( 'NONE',  ( -0.3495535826197281315, -1.454925579910146149, 2.000000000000000444 ) ) ;
#2662 = DIRECTION ( 'NONE',  ( -0.000000000000000000, -0.000000000000000000, -1.000000000000000000 ) ) ;
#2663 = CARTESIAN_POINT ( 'NONE',  ( 4.794386074457576363, 5.507702971591401209, 2.000000000000000000 ) ) ;
#2664 = EDGE_CURVE ( 'NONE', #120, #710, #966, .T. ) ;
#2665 = VERTEX_POINT ( 'NONE', #1906 ) ;
#2666 = DIRECTION ( 'NONE',  ( 0.000000000000000000, 0.000000000000000000, 1.000000000000000000 ) ) ;
#2667 = CARTESIAN_POINT ( 'NONE',  ( 0.1006680390289866334, -1.698933432595022497, 1.999999999999999556 ) ) ;
#2668 = CARTESIAN_POINT ( 'NONE',  ( 0.2337670670357063496, 4.406492797610552792, -7.999999999999992895 ) ) ;
#2669 = CARTESIAN_POINT ( 'NONE',  ( -0.1607800175094121209, 1.553024738364621848, -7.799999999999998934 ) ) ;
#2670 = EDGE_CURVE ( 'NONE', #4169, #2320, #877, .T. ) ;
#2671 = VERTEX_POINT ( 'NONE', #3808 ) ;
#2672 = DIRECTION ( 'NONE',  ( 0.000000000000000000, 0.000000000000000000, -1.000000000000000000 ) ) ;
#2673 = CARTESIAN_POINT ( 'NONE',  ( 0.06167111975932494661, 1.446387188293801529, -8.000000000000001776 ) ) ;
#2674 = CARTESIAN_POINT ( 'NONE',  ( -2.003718227396602547, 4.051347297041975715, -7.800000000000000711 ) ) ;
#2675 = CARTESIAN_POINT ( 'NONE',  ( 4.787191449777886021, 5.403002230646652748, 1.400000000000000577 ) ) ;
#2676 = ORIENTED_EDGE ( 'NONE', *, *, #107, .F. ) ;
#2677 = CARTESIAN_POINT ( 'NONE',  ( -0.1767522877372394163, 3.569193118480033622, -7.999999999999996447 ) ) ;
#2678 = CARTESIAN_POINT ( 'NONE',  ( 6.298452462108373950, 5.956019385362048446, 1.399999999999999689 ) ) ;
#2679 = FACE_OUTER_BOUND ( 'NONE', #456, .T. ) ;
#2680 = APPLICATION_PROTOCOL_DEFINITION ( 'draft international standard', 'automotive_design', 1998, #1118 ) ;
#2681 = LINE ( 'NONE', #2639, #2072 ) ;
#2682 = AXIS2_PLACEMENT_3D ( 'NONE', #1378, #656, #2330 ) ;
#2683 = DIRECTION ( 'NONE',  ( 1.000000000000000000, 0.000000000000000000, 0.000000000000000000 ) ) ;
#2684 = CARTESIAN_POINT ( 'NONE',  ( 0.7491794736144335998, 1.207190320431640762, -8.000000000000000000 ) ) ;
#2685 = ORIENTED_EDGE ( 'NONE', *, *, #3227, .F. ) ;
#2686 = EDGE_CURVE ( 'NONE', #2787, #540, #1777, .T. ) ;
#2687 = CARTESIAN_POINT ( 'NONE',  ( -2.247538420843296691, -2.378429038705076159, 1.999999999999999556 ) ) ;
#2688 = CARTESIAN_POINT ( 'NONE',  ( 0.5299847302440039432, -0.6980113227675609489, 2.000000000000000444 ) ) ;
#2689 = CARTESIAN_POINT ( 'NONE',  ( 0.3774457965024431427, 4.371495712118801613, -7.800000000000004263 ) ) ;
#2690 = CARTESIAN_POINT ( 'NONE',  ( -0.1769952447186194655, 1.805062977010320813, -7.800000000000002487 ) ) ;
#2691 = EDGE_CURVE ( 'NONE', #3093, #3954, #1805, .T. ) ;
#2692 = DIRECTION ( 'NONE',  ( 1.000000000000000000, 0.000000000000000000, 0.000000000000000000 ) ) ;
#2693 = CARTESIAN_POINT ( 'NONE',  ( 0.9281912479186392728, 1.565976706526395423, -7.999999999999998224 ) ) ;
#2694 = CARTESIAN_POINT ( 'NONE',  ( -1.909412699366513033, 4.069880558587573027, -8.000000000000000000 ) ) ;
#2695 = CARTESIAN_POINT ( 'NONE',  ( -1.870435344070909611, 3.481465349099210460, -8.000000000000000000 ) ) ;
#2696 = CARTESIAN_POINT ( 'NONE',  ( 5.255711179279164647, 1.000000000000001998, -7.500000000000000000 ) ) ;
#2697 = CARTESIAN_POINT ( 'NONE',  ( -0.1570118806187406069, 3.823089104273670102, -8.000000000000000000 ) ) ;
#2698 = CARTESIAN_POINT ( 'NONE',  ( -0.01845532585592786490, 1.433084980085783888, -7.800000000000000711 ) ) ;
#2699 = CARTESIAN_POINT ( 'NONE',  ( 0.4483862921433347526, 5.549392082112230007, 1.999999999999998224 ) ) ;
#2700 = B_SPLINE_CURVE_WITH_KNOTS ( 'NONE', 3,
 ( #3337, #1437, #196, #1396, #2439, #3692, #798, #2032, #1481, #2687, #758, #1814, #1794, #2094, #132, #1752, #3319, #1161, #1731, #3379, #3065, #3969, #1416 ),
 .UNSPECIFIED., .F., .F.,
 ( 4, 1, 1, 1, 1, 1, 1, 1, 1, 1, 1, 1, 1, 1, 1, 1, 1, 1, 1, 1, 4 ),
 ( 0.000000000000000000, 0.08082635244481467529, 0.1550395768970233845, 0.2227733609102187096, 0.2847851602526775827, 0.3424250354995677093, 0.3973115550189067480, 0.4508676706832182024, 0.5038629975024276897, 0.5562249935823341263, 0.6065927579124832381, 0.6562198855780717599, 0.7044775129805357361, 0.7299621496015678002, 0.7589308403050066820, 0.7908552038020891795, 0.8260828059527683953, 0.8643514105921421553, 0.9063582302864711115, 0.9514554734419488069, 1.000000000000000000 ),
 .UNSPECIFIED. ) ;
#2701 = CARTESIAN_POINT ( 'NONE',  ( 0.01015171997331079483, -1.699325583983394283, 2.000000000000000444 ) ) ;
#2702 = FACE_OUTER_BOUND ( 'NONE', #1059, .T. ) ;
#2703 = CARTESIAN_POINT ( 'NONE',  ( 0.3774457965024431427, 4.371495712118801613, -8.000000000000003553 ) ) ;
#2704 = VECTOR ( 'NONE', #3273, 1000.000000000000000 ) ;
#2705 = VERTEX_POINT ( 'NONE', #3216 ) ;
#2706 = CARTESIAN_POINT ( 'NONE',  ( 6.255711179279164647, 1.000000000000001998, -8.000000000000000000 ) ) ;
#2707 = CARTESIAN_POINT ( 'NONE',  ( 1.150300049544685788, 7.119151285416070785, 2.000000000000000000 ) ) ;
#2708 = CARTESIAN_POINT ( 'NONE',  ( -1.889825367647059107, 3.480395795036764106, -7.800000000000000711 ) ) ;
#2709 = CARTESIAN_POINT ( 'NONE',  ( -1.003969726562499387, 2.092555290670955692, -7.800000000000000711 ) ) ;
#2710 = EDGE_LOOP ( 'NONE', ( #3460, #3324, #2422, #1146 ) ) ;
#2711 = CARTESIAN_POINT ( 'NONE',  ( 2.813624661227159596, -1.659056915669599563, 1.399999999999999689 ) ) ;
#2712 = CARTESIAN_POINT ( 'NONE',  ( 0.9463330321228982100, 1.672407048873434832, -7.999999999999998224 ) ) ;
#2713 = CARTESIAN_POINT ( 'NONE',  ( -2.181884368916364281, 3.833887693630317450, -7.799999999999997158 ) ) ;
#2714 = CARTESIAN_POINT ( 'NONE',  ( 5.467426347322346558, 3.383023862379105573, 1.400000000000000577 ) ) ;
#2715 = ADVANCED_FACE ( 'NONE', ( #4142 ), #9, .T. ) ;
#2716 = VERTEX_POINT ( 'NONE', #1938 ) ;
#2717 = CARTESIAN_POINT ( 'NONE',  ( -1.001876698010667477, 3.395116100358075872, -8.000000000000000000 ) ) ;
#2718 = CARTESIAN_POINT ( 'NONE',  ( -0.7249872487790058884, 1.134799593976555609, -7.999999999999996447 ) ) ;
#2719 = CARTESIAN_POINT ( 'NONE',  ( 0.5218088847678984399, 5.036816362453477858, 1.999999999999998668 ) ) ;
#2720 = VECTOR ( 'NONE', #3521, 1000.000000000000000 ) ;
#2721 = ORIENTED_EDGE ( 'NONE', *, *, #2, .T. ) ;
#2722 = LINE ( 'NONE', #2088, #3627 ) ;
#2723 = CARTESIAN_POINT ( 'NONE',  ( 5.178416862458615100, 4.582079171662876149, 2.000000000000000444 ) ) ;
#2724 = CARTESIAN_POINT ( 'NONE',  ( 0.8040999898711530536, 4.076230426163278686, -7.999999999999998224 ) ) ;
#2725 = ORIENTED_EDGE ( 'NONE', *, *, #3280, .T. ) ;
#2726 = CARTESIAN_POINT ( 'NONE',  ( -0.003383906657769497617, 1.433558138672202054, -7.800000000000000711 ) ) ;
#2727 = CARTESIAN_POINT ( 'NONE',  ( -1.889825367647059107, 4.425308478860293881, -7.800000000000000711 ) ) ;
#2728 = CARTESIAN_POINT ( 'NONE',  ( 0.5309857341558607002, -0.5848110689690368957, 1.400000000000000577 ) ) ;
#2729 = CARTESIAN_POINT ( 'NONE',  ( -2.165491655957418438, 3.661788148982073388, -7.800000000000000711 ) ) ;
#2730 = CARTESIAN_POINT ( 'NONE',  ( -1.721157398081947010, 4.021343731239312547, -7.999999999999998224 ) ) ;
#2731 = VERTEX_POINT ( 'NONE', #1754 ) ;
#2732 = VERTEX_POINT ( 'NONE', #3256 ) ;
#2733 = CARTESIAN_POINT ( 'NONE',  ( 0.3101413257314387661, -3.233641817478525304, 1.400000000000000133 ) ) ;
#2734 = CARTESIAN_POINT ( 'NONE',  ( 1.786265770470863545, 6.840089717655249757, 2.000000000000000000 ) ) ;
#2735 = CARTESIAN_POINT ( 'NONE',  ( -0.9604479933973095740, 1.520224846105752592, -8.000000000000000000 ) ) ;
#2736 = CYLINDRICAL_SURFACE ( 'NONE', #1864, 1.000000000000000000 ) ;
#2737 = B_SPLINE_CURVE_WITH_KNOTS ( 'NONE', 3,
 ( #522, #2448, #4064, #1171, #2469, #3745, #161, #545, #3119, #227, #1514, #2799, #248, #2489, #3769 ),
 .UNSPECIFIED., .F., .F.,
 ( 4, 1, 1, 1, 1, 1, 1, 1, 1, 1, 1, 1, 4 ),
 ( 0.000000000000000000, 0.09120244535704456756, 0.1695125275593714342, 0.2429296697385942005, 0.3188632777225068882, 0.3637035003515412535, 0.4198192760793774680, 0.4866759867146992491, 0.5655077154004706230, 0.6565998642578245725, 0.7586999324825440816, 0.8731422143676402792, 1.000000000000000000 ),
 .UNSPECIFIED. ) ;
#2738 = CARTESIAN_POINT ( 'NONE',  ( 5.608140958189085090, 6.210140744096929843, 1.999999999999999556 ) ) ;
#2739 = CARTESIAN_POINT ( 'NONE',  ( 5.669476102941175988, 4.441187385110293206, 2.000000000000000000 ) ) ;
#2740 = EDGE_CURVE ( 'NONE', #3973, #992, #365, .T. ) ;
#2741 = CARTESIAN_POINT ( 'NONE',  ( -1.003673690192262047, 2.002318651351548073, -7.800000000000000711 ) ) ;
#2742 = CARTESIAN_POINT ( 'NONE',  ( -0.9991065407757270256, 1.836570405993806387, -7.800000000000002487 ) ) ;
#2743 = CARTESIAN_POINT ( 'NONE',  ( -2.539452837775736160, 3.775681008731617716, -8.000000000000001776 ) ) ;
#2744 = SPHERICAL_SURFACE ( 'NONE', #2900, 1.000000000000000000 ) ;
#2745 = DIRECTION ( 'NONE',  ( -0.000000000000000000, -0.000000000000000000, 1.000000000000000000 ) ) ;
#2746 = CARTESIAN_POINT ( 'NONE',  ( 6.907727074789020705, 6.839521918195965000, 1.399999999999999689 ) ) ;
#2747 = AXIS2_PLACEMENT_3D ( 'NONE', #206, #3980, #2428 ) ;
#2748 = DIRECTION ( 'NONE',  ( -0.000000000000000000, -0.000000000000000000, 1.000000000000000000 ) ) ;
#2749 = CARTESIAN_POINT ( 'NONE',  ( 0.5119483479041339047, -1.134010188484711801, 1.399999999999999689 ) ) ;
#2750 = CARTESIAN_POINT ( 'NONE',  ( -2.140697648673030695, 4.379390201581783160, -7.800000000000000711 ) ) ;
#2751 = ORIENTED_EDGE ( 'NONE', *, *, #551, .F. ) ;
#2752 = DIRECTION ( 'NONE',  ( -0.000000000000000000, -0.000000000000000000, 1.000000000000000000 ) ) ;
#2753 = AXIS2_PLACEMENT_3D ( 'NONE', #3560, #2629, #2672 ) ;
#2754 = B_SPLINE_CURVE_WITH_KNOTS ( 'NONE', 3,
 ( #201, #763, #3341, #1759, #3676, #3005, #2122, #782, #2079, #1422, #2711, #1780, #1820, #3364, #2756, #3431, #1487, #3409, #158, #1403, #1442, #2733, #177 ),
 .UNSPECIFIED., .F., .F.,
 ( 4, 1, 1, 1, 1, 1, 1, 1, 1, 1, 1, 1, 1, 1, 1, 1, 1, 1, 1, 1, 4 ),
 ( 0.000000000000000000, 0.05306596574533162941, 0.1026044695708625692, 0.1486279545579540229, 0.1904680796534075626, 0.2291597128161247943, 0.2637365329991422924, 0.2948558119208011807, 0.3226775984792924490, 0.3744882062814257062, 0.4267509599738786852, 0.4808689489716026499, 0.5371220724062902852, 0.5936647819838971607, 0.6488033823229971686, 0.7038931618098391851, 0.7594973611526907309, 0.8164579598030899943, 0.8750165272701831976, 0.9362741229621038830, 1.000000000000000000 ),
 .UNSPECIFIED. ) ;
#2755 = ORIENTED_EDGE ( 'NONE', *, *, #2975, .F. ) ;
#2756 = CARTESIAN_POINT ( 'NONE',  ( 2.174961746337020774, -2.595601218070330951, 1.399999999999999689 ) ) ;
#2757 = CARTESIAN_POINT ( 'NONE',  ( 0.7903515363998023791, 7.211852079832890894, 1.400000000000000577 ) ) ;
#2758 = DIRECTION ( 'NONE',  ( -1.000000000000000000, 0.000000000000000000, 0.000000000000000000 ) ) ;
#2759 = DIRECTION ( 'NONE',  ( 1.000000000000000000, -0.000000000000000000, -0.000000000000000000 ) ) ;
#2760 = CARTESIAN_POINT ( 'NONE',  ( -1.576789558257138069, -2.916178182018840381, 1.400000000000000133 ) ) ;
#2761 = CARTESIAN_POINT ( 'NONE',  ( -0.9953601073972397906, 3.547733486149756921, -8.000000000000001776 ) ) ;
#2762 = CARTESIAN_POINT ( 'NONE',  ( -1.003868811730145749, 2.061794829306720089, -7.999999999999998224 ) ) ;
#2763 = CARTESIAN_POINT ( 'NONE',  ( 6.164211716293192644, 6.070517081953770600, 1.400000000000000577 ) ) ;
#2764 = PRODUCT_DEFINITION ( 'UNKNOWN', '', #2974, #1332 ) ;
#2765 = CARTESIAN_POINT ( 'NONE',  ( -1.677270755068825281, 3.981368548467305146, -7.800000000000000711 ) ) ;
#2766 = CARTESIAN_POINT ( 'NONE',  ( -1.240197897518382719, 3.759686392989812553, -7.800000000000000711 ) ) ;
#2767 = CARTESIAN_POINT ( 'NONE',  ( 0.9204985030076876518, 3.782334163600982180, -7.999999999999996447 ) ) ;
#2768 = ADVANCED_FACE ( 'NONE', ( #1711 ), #3251, .T. ) ;
#2769 = CARTESIAN_POINT ( 'NONE',  ( 5.675012700697954493, 3.378160615808822431, 1.400000000000000133 ) ) ;
#2770 = CARTESIAN_POINT ( 'NONE',  ( -2.862842578180626596, 4.595971571286026958, 1.399999999999999689 ) ) ;
#2771 = CARTESIAN_POINT ( 'NONE',  ( 0.1362658207354226769, 3.624164207961799278, -7.800000000000002487 ) ) ;
#2772 = CARTESIAN_POINT ( 'NONE',  ( -2.181884368916364725, 3.717474323832916205, -7.999999999999998224 ) ) ;
#2773 = CARTESIAN_POINT ( 'NONE',  ( 1.700314538021465927, -2.927189060080103822, 2.000000000000000444 ) ) ;
#2774 = VECTOR ( 'NONE', #3763, 1000.000000000000000 ) ;
#2775 = DIRECTION ( 'NONE',  ( 1.000000000000000000, 0.000000000000000000, 0.000000000000000000 ) ) ;
#2776 = CARTESIAN_POINT ( 'NONE',  ( 3.010888771829057120, 3.926922168905172317, 1.400000000000000577 ) ) ;
#2777 = CARTESIAN_POINT ( 'NONE',  ( -0.9006689049055440766, 1.362919390388692920, -7.999999999999998224 ) ) ;
#2778 = DIRECTION ( 'NONE',  ( -0.000000000000000000, -0.000000000000000000, 1.000000000000000000 ) ) ;
#2779 = ORIENTED_EDGE ( 'NONE', *, *, #1726, .F. ) ;
#2780 = CARTESIAN_POINT ( 'NONE',  ( 5.031812265206473178, 5.944105645401917215, 2.000000000000000000 ) ) ;
#2781 = CARTESIAN_POINT ( 'NONE',  ( -0.9985404406464338800, 3.474666616442499301, -7.999999999999996447 ) ) ;
#2782 = CARTESIAN_POINT ( 'NONE',  ( 0.02039752048580413188, 3.911748731444347538, -8.000000000000000000 ) ) ;
#2783 = CARTESIAN_POINT ( 'NONE',  ( -1.832203407260645678, 3.483574223447402751, -7.800000000000000711 ) ) ;
#2784 = CARTESIAN_POINT ( 'NONE',  ( -2.433863452053054210, 4.135883374304918370, -8.000000000000000000 ) ) ;
#2785 = AXIS2_PLACEMENT_3D ( 'NONE', #1912, #314, #996 ) ;
#2786 = CARTESIAN_POINT ( 'NONE',  ( -1.265941625727632580, 3.962285225263502575, -7.999999999999998224 ) ) ;
#2787 = VERTEX_POINT ( 'NONE', #2310 ) ;
#2788 = CARTESIAN_POINT ( 'NONE',  ( 3.944931888705970557, 6.246495051646762775, 1.400000000000001021 ) ) ;
#2789 = CARTESIAN_POINT ( 'NONE',  ( -1.889825367647059107, 4.425308478860293881, -8.000000000000000000 ) ) ;
#2790 = CARTESIAN_POINT ( 'NONE',  ( -2.173374600754069519, 6.507643760289450796, 2.000000000000000000 ) ) ;
#2791 = EDGE_CURVE ( 'NONE', #3225, #2716, #429, .T. ) ;
#2792 = CARTESIAN_POINT ( 'NONE',  ( 5.266038594285790353, 3.412060649626812658, 1.999999999999999556 ) ) ;
#2793 = CARTESIAN_POINT ( 'NONE',  ( -1.706894240840223009, 6.860293258081660461, 1.400000000000000577 ) ) ;
#2794 = CARTESIAN_POINT ( 'NONE',  ( 0.8451324589877197146, -3.191974170939399613, 1.400000000000000577 ) ) ;
#2795 = CARTESIAN_POINT ( 'NONE',  ( -0.1754363914897843491, 3.627224538846642865, -7.800000000000004263 ) ) ;
#2796 = ADVANCED_FACE ( 'NONE', ( #3112 ), #2616, .T. ) ;
#2797 = CARTESIAN_POINT ( 'NONE',  ( 0.9584707422705255331, 1.802518945496942360, -8.000000000000000000 ) ) ;
#2798 = CARTESIAN_POINT ( 'NONE',  ( -0.2817108196625722205, 0.9360086096868671657, -8.000000000000001776 ) ) ;
#2799 = CARTESIAN_POINT ( 'NONE',  ( -0.4087974622062652830, 4.872492623885394281, 1.999999999999999112 ) ) ;
#2800 = CARTESIAN_POINT ( 'NONE',  ( -2.662889172289567785, -1.684570701234592738, 1.999999999999999556 ) ) ;
#2801 = CARTESIAN_POINT ( 'NONE',  ( 6.422092946019089865, 7.138170604745351255, 2.000000000000000000 ) ) ;
#2802 = CARTESIAN_POINT ( 'NONE',  ( -0.1771711282169113333, 1.824953065759994830, -7.800000000000000711 ) ) ;
#2803 = CARTESIAN_POINT ( 'NONE',  ( -1.614824921264149671, 3.663379292756493655, -7.800000000000002487 ) ) ;
#2804 = CARTESIAN_POINT ( 'NONE',  ( -0.1729284610171427927, 1.664999208818783494, -8.000000000000001776 ) ) ;
#2805 = CARTESIAN_POINT ( 'NONE',  ( -1.387282588934804828, 4.189806481960378193, -8.000000000000000000 ) ) ;
#2806 = VERTEX_POINT ( 'NONE', #220 ) ;
#2807 = CARTESIAN_POINT ( 'NONE',  ( 5.604805304638002639, 7.274034649613531300, 1.400000000000000577 ) ) ;
#2808 = CARTESIAN_POINT ( 'NONE',  ( 7.399033334512979287, 6.244993918007918587, 1.399999999999999689 ) ) ;
#2809 = CARTESIAN_POINT ( 'NONE',  ( -0.06953862883239432524, 7.274185181849912141, 1.400000000000000133 ) ) ;
#2810 = CARTESIAN_POINT ( 'NONE',  ( 2.610806509589542301, 6.062154077911867667, 1.399999999999999245 ) ) ;
#2811 = CARTESIAN_POINT ( 'NONE',  ( 6.588487857838877026, 3.599219242023581788, 1.399999999999999689 ) ) ;
#2812 = CARTESIAN_POINT ( 'NONE',  ( -2.529220224367675574, 3.646171014693662116, -7.799999999999998934 ) ) ;
#2813 = CIRCLE ( 'NONE', #3756, 5.849999999999999645 ) ;
#2814 = EDGE_CURVE ( 'NONE', #3139, #4041, #3100, .T. ) ;
#2815 = ORIENTED_EDGE ( 'NONE', *, *, #1700, .T. ) ;
#2816 = CARTESIAN_POINT ( 'NONE',  ( 5.041415413607677642, 4.693898877860265273, 1.999999999999999556 ) ) ;
#2817 = CARTESIAN_POINT ( 'NONE',  ( -0.3902481199766430486, 5.158606322884248030, 1.399999999999999689 ) ) ;
#2818 = CARTESIAN_POINT ( 'NONE',  ( -0.1033804419104787653, 0.9221193941738248245, -8.000000000000001776 ) ) ;
#2819 = VECTOR ( 'NONE', #471, 1000.000000000000000 ) ;
#2820 = CARTESIAN_POINT ( 'NONE',  ( 13.35000000000000142, 0.000000000000000000, -4.999999999999997335 ) ) ;
#2821 = ADVANCED_FACE ( 'NONE', ( #1862 ), #3292, .T. ) ;
#2822 = CARTESIAN_POINT ( 'NONE',  ( -2.736703520027871761, -1.478040616243448735, 2.000000000000000000 ) ) ;
#2823 = CARTESIAN_POINT ( 'NONE',  ( -1.265322531150320007, 3.587494698827482953, -8.000000000000007105 ) ) ;
#2824 = CARTESIAN_POINT ( 'NONE',  ( 7.051593547661359374, 6.706036940550442083, 1.400000000000000133 ) ) ;
#2825 = DIRECTION ( 'NONE',  ( -0.000000000000000000, -0.000000000000000000, 1.000000000000000000 ) ) ;
#2826 = CARTESIAN_POINT ( 'NONE',  ( 0.4360401408797676681, -1.500912604917738147, 1.400000000000000577 ) ) ;
#2827 = DIRECTION ( 'NONE',  ( -0.000000000000000000, 1.000000000000000000, -0.000000000000000000 ) ) ;
#2828 = CARTESIAN_POINT ( 'NONE',  ( 0.1377997663909319159, 1.850175344429763724, -7.800000000000000711 ) ) ;
#2829 = CARTESIAN_POINT ( 'NONE',  ( 4.026946561029145499, 4.275774339403455748, 1.400000000000000577 ) ) ;
#2830 = CARTESIAN_POINT ( 'NONE',  ( 5.675012700697954493, 3.378160615808822431, 1.400000000000000133 ) ) ;
#2831 = CARTESIAN_POINT ( 'NONE',  ( -2.394239970873135004, 3.363563967792370768, -8.000000000000000000 ) ) ;
#2832 = CARTESIAN_POINT ( 'NONE',  ( 4.783620461856617823, 5.351034949807558228, 2.000000000000000000 ) ) ;
#2833 = CARTESIAN_POINT ( 'NONE',  ( -0.004306242699716154865, 4.425308478860293881, -7.999999999999996447 ) ) ;
#2834 = DIRECTION ( 'NONE',  ( -0.000000000000000000, -0.000000000000000000, -1.000000000000000000 ) ) ;
#2835 = CARTESIAN_POINT ( 'NONE',  ( 5.255711179279164647, 2.131934557129932611E-15, -8.000000000000000000 ) ) ;
#2836 = VECTOR ( 'NONE', #2903, 1000.000000000000000 ) ;
#2837 = CARTESIAN_POINT ( 'NONE',  ( -2.784573743755916375, -1.302069880420811510, 2.000000000000000000 ) ) ;
#2838 = CARTESIAN_POINT ( 'NONE',  ( -2.432876109209741511, 3.415339063360528726, -7.800000000000000711 ) ) ;
#2839 = B_SPLINE_CURVE_WITH_KNOTS ( 'NONE', 3,
 ( #932, #2233, #2401, #3619, #113, #47, #70, #2669, #2960, #1978, #1335, #455, #2625, #2690, #3323 ),
 .UNSPECIFIED., .F., .F.,
 ( 4, 1, 1, 1, 1, 1, 1, 1, 1, 1, 1, 1, 4 ),
 ( 0.000000000000000000, 0.09410424431777146548, 0.1749059276417516684, 0.2488550885376897837, 0.3254404506555109156, 0.3717073599365789960, 0.4271088909568259706, 0.4946210280067476206, 0.5722951843917791770, 0.6623489608684836050, 0.7638526647736267883, 0.8755217069386231898, 1.000000000000000000 ),
 .UNSPECIFIED. ) ;
#2840 = CARTESIAN_POINT ( 'NONE',  ( 5.669476102941175988, 7.275925436580881644, 1.400000000000000133 ) ) ;
#2841 = ADVANCED_FACE ( 'NONE', ( #1232 ), #1270, .F. ) ;
#2842 = CARTESIAN_POINT ( 'NONE',  ( 5.669476102941175988, 7.275925436580881644, 1.400000000000000133 ) ) ;
#2843 = CARTESIAN_POINT ( 'NONE',  ( -1.830289435665744424, -2.764526726215462027, 1.399999999999999689 ) ) ;
#2844 = PRODUCT_DEFINITION_SHAPE ( 'NONE', 'NONE',  #2764 ) ;
#2845 = CARTESIAN_POINT ( 'NONE',  ( 5.289265291076692854, 7.244249723219122750, 1.399999999999999245 ) ) ;
#2846 = CARTESIAN_POINT ( 'NONE',  ( -2.433863452053054210, 4.135883374304918370, -7.800000000000000711 ) ) ;
#2847 = CARTESIAN_POINT ( 'NONE',  ( 4.892461465805917342, 3.524465678520123380, 2.000000000000000444 ) ) ;
#2848 = CARTESIAN_POINT ( 'NONE',  ( 5.740921130347322432, 3.380008799615956239, 1.999999999999999556 ) ) ;
#2849 = CARTESIAN_POINT ( 'NONE',  ( 6.420218237730138888, 3.517134559714983677, 2.000000000000000444 ) ) ;
#2850 = CIRCLE ( 'NONE', #1652, 6.349999999999999645 ) ;
#2851 = CARTESIAN_POINT ( 'NONE',  ( -5.255711179279164647, 2.010175952457751860E-16, -7.500000000000000000 ) ) ;
#2852 = CARTESIAN_POINT ( 'NONE',  ( -0.04885953579955967796, 4.424105428669376394, -7.799999999999998934 ) ) ;
#2853 = CARTESIAN_POINT ( 'NONE',  ( -5.255711179279164647, 1.000000000000000222, -8.000000000000000000 ) ) ;
#2854 = CARTESIAN_POINT ( 'NONE',  ( 0.9645983647365202751, 2.040880378274356755, -7.800000000000002487 ) ) ;
#2855 = ORIENTED_EDGE ( 'NONE', *, *, #1582, .F. ) ;
#2856 = CARTESIAN_POINT ( 'NONE',  ( 4.445836224500466116, 6.844748723518424782, 1.999999999999999556 ) ) ;
#2857 = CARTESIAN_POINT ( 'NONE',  ( 7.618358513327205372, 5.327043026194852260, 2.000000000000000000 ) ) ;
#2858 = CARTESIAN_POINT ( 'NONE',  ( 6.753813737929112548, 6.957471641989286582, 1.400000000000000577 ) ) ;
#2859 = CARTESIAN_POINT ( 'NONE',  ( -0.3495535826197281315, -1.454925579910146149, 1.400000000000000577 ) ) ;
#2860 = ADVANCED_FACE ( 'NONE', ( #925 ), #2562, .F. ) ;
#2861 = CARTESIAN_POINT ( 'NONE',  ( 0.5299847302440039432, -0.6980113227675609489, 1.400000000000001021 ) ) ;
#2862 = LINE ( 'NONE', #633, #1971 ) ;
#2863 = EDGE_CURVE ( 'NONE', #3954, #3225, #3752, .T. ) ;
#2864 = CARTESIAN_POINT ( 'NONE',  ( 0.1363431775463627427, 1.719732296405072969, -7.800000000000000711 ) ) ;
#2865 = CYLINDRICAL_SURFACE ( 'NONE', #1826, 1.000000000000000000 ) ;
#2866 = CARTESIAN_POINT ( 'NONE',  ( 7.618358513327205372, 5.327043026194852260, 1.999999999999999556 ) ) ;
#2867 = CARTESIAN_POINT ( 'NONE',  ( 7.612433490651777213, 5.130739372407906451, 1.999999999999999556 ) ) ;
#2868 = CARTESIAN_POINT ( 'NONE',  ( -1.891670900232652164, 3.126053538602940662, -8.000000000000000000 ) ) ;
#2869 = CARTESIAN_POINT ( 'NONE',  ( -13.35000000000000142, 1.634903476861716437E-15, 1.000000000000000000 ) ) ;
#2870 = CARTESIAN_POINT ( 'NONE',  ( 0.8040999898711530536, 4.076230426163278686, -7.799999999999998934 ) ) ;
#2871 = ORIENTED_EDGE ( 'NONE', *, *, #1474, .T. ) ;
#2872 = CARTESIAN_POINT ( 'NONE',  ( -1.876630484616845562, 6.751645749432434229, 1.999999999999999556 ) ) ;
#2873 =( GEOMETRIC_REPRESENTATION_CONTEXT ( 3 ) GLOBAL_UNCERTAINTY_ASSIGNED_CONTEXT ( ( #2095 ) ) GLOBAL_UNIT_ASSIGNED_CONTEXT ( ( #4076, #2161, #2182 ) ) REPRESENTATION_CONTEXT ( 'NONE', 'WORKASPACE' ) );
#2874 = CARTESIAN_POINT ( 'NONE',  ( -2.893671265561316375, 0.03650729277003124384, 2.000000000000000000 ) ) ;
#2875 = B_SPLINE_SURFACE_WITH_KNOTS ( 'NONE', 3, 1, ( 
 ( #684, #2314 ),
 ( #3869, #3888 ),
 ( #1338, #2628 ),
 ( #970, #1979 ),
 ( #661, #1667 ),
 ( #50, #1963 ),
 ( #993, #3261 ),
 ( #3912, #1998 ),
 ( #3281, #1689 ),
 ( #73, #3934 ),
 ( #3620, #776 ),
 ( #2071, #3357 ),
 ( #470, #1772 ),
 ( #2726, #3044 ),
 ( #152, #3540 ) ),
 .UNSPECIFIED., .F., .F., .F.,
 ( 4, 1, 1, 1, 1, 1, 1, 1, 1, 1, 1, 1, 4 ),
 ( 2, 2 ),
 ( 0.000000000000000000, 0.1381666428321284834, 0.2618084338870914074, 0.3709908410301944737, 0.4669257882714013541, 0.5472437745748077731, 0.6146019942490126287, 0.6669264355466500982, 0.7067917575319536683, 0.7710360877517145051, 0.8372617862306159786, 0.9112299409179617227, 1.000000000000000000 ),
 ( 0.000000000000000000, 1.000000000000000000 ),
 .UNSPECIFIED. ) ;
#2876 = CARTESIAN_POINT ( 'NONE',  ( -2.196162619279625972, 3.199739747341194374, -7.800000000000000711 ) ) ;
#2877 = CIRCLE ( 'NONE', #3017, 1.000000000000000888 ) ;
#2878 = CARTESIAN_POINT ( 'NONE',  ( -13.35000000000000142, -5.500000000000004441, 1.000000000000000000 ) ) ;
#2879 = CARTESIAN_POINT ( 'NONE',  ( -0.3924031872637115392, -1.152144999268597259, 1.999999999999999556 ) ) ;
#2880 = CIRCLE ( 'NONE', #655, 1.000000000000000000 ) ;
#2881 = EDGE_LOOP ( 'NONE', ( #3753, #3931, #3071, #1939 ) ) ;
#2882 = CARTESIAN_POINT ( 'NONE',  ( -2.784573743755916375, -1.302069880420811510, 1.400000000000000133 ) ) ;
#2883 = ORIENTED_EDGE ( 'NONE', *, *, #721, .F. ) ;
#2884 = CARTESIAN_POINT ( 'NONE',  ( -1.829550084360219486, 4.068255955714306538, -7.799999999999998934 ) ) ;
#2885 = EDGE_CURVE ( 'NONE', #2665, #807, #943, .T. ) ;
#2886 = CARTESIAN_POINT ( 'NONE',  ( -2.466344444837662575, 4.081664639335975231, -7.800000000000002487 ) ) ;
#2887 = CARTESIAN_POINT ( 'NONE',  ( -2.099484154036125982, 3.985339795120684592, -7.800000000000000711 ) ) ;
#2888 = CARTESIAN_POINT ( 'NONE',  ( -2.140072745910045704, 3.172378186571660486, -7.999999999999998224 ) ) ;
#2889 = ADVANCED_FACE ( 'NONE', ( #3631 ), #1980, .T. ) ;
#2890 = CARTESIAN_POINT ( 'NONE',  ( -0.03806802551544467145, 3.912855618357942600, -8.000000000000005329 ) ) ;
#2891 = CARTESIAN_POINT ( 'NONE',  ( -0.7596944853300131584, 4.162162576805539693, -7.800000000000000711 ) ) ;
#2892 = CARTESIAN_POINT ( 'NONE',  ( -1.573278201807870591, 3.202636280417517245, -7.799999999999997158 ) ) ;
#2893 = ORIENTED_EDGE ( 'NONE', *, *, #3773, .T. ) ;
#2894 = CARTESIAN_POINT ( 'NONE',  ( -2.893143595924983824, 3.767578466491318334, 2.000000000000000000 ) ) ;
#2895 = ORIENTED_EDGE ( 'NONE', *, *, #2153, .T. ) ;
#2896 = PLANE ( 'NONE',  #4157 ) ;
#2897 = CARTESIAN_POINT ( 'NONE',  ( 7.479025211957886832, 6.075481888756404381, 2.000000000000000444 ) ) ;
#2898 = CARTESIAN_POINT ( 'NONE',  ( 0.1377997663909319159, 1.850175344429763724, -8.000000000000000000 ) ) ;
#2899 = CARTESIAN_POINT ( 'NONE',  ( -0.3495535826197281315, -1.454925579910146149, 2.000000000000000000 ) ) ;
#2900 = AXIS2_PLACEMENT_3D ( 'NONE', #3375, #1133, #1769 ) ;
#2901 = CARTESIAN_POINT ( 'NONE',  ( 5.604805304638002639, 7.274034649613531300, 2.000000000000000444 ) ) ;
#2902 = CARTESIAN_POINT ( 'NONE',  ( -2.165491655957418438, 3.889573868481161600, -8.000000000000001776 ) ) ;
#2903 = DIRECTION ( 'NONE',  ( -0.000000000000000000, -0.000000000000000000, -1.000000000000000000 ) ) ;
#2904 = VERTEX_POINT ( 'NONE', #1107 ) ;
#2905 = CARTESIAN_POINT ( 'NONE',  ( -2.251271245976370849, 4.319157213996427380, -7.999999999999998224 ) ) ;
#2906 = B_SPLINE_CURVE_WITH_KNOTS ( 'NONE', 3,
 ( #3424, #1183, #1503, #1527, #1456, #3064, #4031, #1480, #2746, #260, #2479, #3153, #2808, #3758, #815, #881, #1858, #535, #4097 ),
 .UNSPECIFIED., .F., .F.,
 ( 4, 1, 1, 1, 1, 1, 1, 1, 1, 1, 1, 1, 1, 1, 1, 1, 4 ),
 ( 0.000000000000000000, 0.06506970706675940797, 0.1282269660845280213, 0.1896808071077963342, 0.2507770030400464090, 0.3116117728367081008, 0.3734387681968275863, 0.4361528532939896730, 0.5008904915876536412, 0.5652211915233503747, 0.6279352766205125169, 0.6897622719806321134, 0.7503374773177828860, 0.8110649756892599482, 0.8723742365957659617, 0.9355314956135345472, 1.000000000000000000 ),
 .UNSPECIFIED. ) ;
#2907 = CARTESIAN_POINT ( 'NONE',  ( 0.5299847302440039432, -0.6980113227675609489, 2.000000000000000888 ) ) ;
#2908 = CARTESIAN_POINT ( 'NONE',  ( -2.020222331022208273, 3.136683523785409822, -8.000000000000000000 ) ) ;
#2909 = VERTEX_POINT ( 'NONE', #2994 ) ;
#2910 = ADVANCED_FACE ( 'NONE', ( #2679 ), #752, .T. ) ;
#2911 = CARTESIAN_POINT ( 'NONE',  ( -0.06627069935308231574, 3.911703745499586216, -7.800000000000002487 ) ) ;
#2912 = CARTESIAN_POINT ( 'NONE',  ( 7.612433490651777213, 5.130739372407906451, 1.399999999999999689 ) ) ;
#2913 = CARTESIAN_POINT ( 'NONE',  ( -2.181884368916364725, 3.717474323832916205, -8.000000000000000000 ) ) ;
#2914 = VERTEX_POINT ( 'NONE', #2047 ) ;
#2915 = CARTESIAN_POINT ( 'NONE',  ( 0.9281912479186392728, 1.565976706526395423, -7.800000000000000711 ) ) ;
#2916 = ORIENTED_EDGE ( 'NONE', *, *, #1029, .F. ) ;
#2917 = EDGE_LOOP ( 'NONE', ( #3063, #2343, #3568, #3508 ) ) ;
#2918 = CARTESIAN_POINT ( 'NONE',  ( 5.467426347322346558, 3.383023862379105573, 2.000000000000000444 ) ) ;
#2919 = EDGE_CURVE ( 'NONE', #1043, #181, #3331, .T. ) ;
#2920 = CARTESIAN_POINT ( 'NONE',  ( -2.250130960626980592, 3.232412046505646064, -8.000000000000000000 ) ) ;
#2921 = CARTESIAN_POINT ( 'NONE',  ( 0.4710356418562245961, 5.469267312821011195, 2.000000000000000444 ) ) ;
#2922 = CARTESIAN_POINT ( 'NONE',  ( -0.4090295326390854802, -0.8408031107847822039, 1.999999999999998668 ) ) ;
#2923 = VERTEX_POINT ( 'NONE', #1767 ) ;
#2924 = DIRECTION ( 'NONE',  ( 0.000000000000000000, -0.000000000000000000, -1.000000000000000000 ) ) ;
#2925 = CARTESIAN_POINT ( 'NONE',  ( -2.714952196508892968, 5.553854587767534490, 1.400000000000000577 ) ) ;
#2926 = ORIENTED_EDGE ( 'NONE', *, *, #2384, .T. ) ;
#2927 = DIRECTION ( 'NONE',  ( -0.000000000000000000, 0.000000000000000000, 1.000000000000000000 ) ) ;
#2928 = CARTESIAN_POINT ( 'NONE',  ( -1.003969726562499387, 3.218330167882581971, -8.000000000000000000 ) ) ;
#2929 = CARTESIAN_POINT ( 'NONE',  ( -13.35000000000000142, -5.500000000000004441, 2.000000000000000000 ) ) ;
#2930 = PLANE ( 'NONE',  #349 ) ;
#2931 = B_SPLINE_CURVE_WITH_KNOTS ( 'NONE', 3,
 ( #3361, #3738, #2119, #156, #2730, #3717, #199, #475, #2420, #801, #4035 ),
 .UNSPECIFIED., .F., .F.,
 ( 4, 1, 1, 1, 1, 1, 1, 1, 4 ),
 ( 0.000000000000000000, 0.1343120777165494328, 0.2616614819415030158, 0.3886951314945071845, 0.5207593789909770177, 0.6496901161094488231, 0.7700304936788229249, 0.8858566824686867625, 1.000000000000000000 ),
 .UNSPECIFIED. ) ;
#2932 = CARTESIAN_POINT ( 'NONE',  ( -0.02276156855564445344, 3.913480775122548216, -7.800000000000000711 ) ) ;
#2933 = CARTESIAN_POINT ( 'NONE',  ( -1.003853533912439921, 3.249294708737344273, -7.999999999999996447 ) ) ;
#2934 = CARTESIAN_POINT ( 'NONE',  ( 0.6772257775567053217, 4.211070955560577644, -7.799999999999998934 ) ) ;
#2935 = ORIENTED_EDGE ( 'NONE', *, *, #31, .F. ) ;
#2936 = DIRECTION ( 'NONE',  ( -0.000000000000000000, -0.000000000000000000, -1.000000000000000000 ) ) ;
#2937 = EDGE_CURVE ( 'NONE', #93, #71, #1860, .T. ) ;
#2938 = VERTEX_POINT ( 'NONE', #3706 ) ;
#2939 = CARTESIAN_POINT ( 'NONE',  ( 4.026946561029145499, 4.275774339403455748, 2.000000000000000444 ) ) ;
#2940 = CARTESIAN_POINT ( 'NONE',  ( -0.007663799463477770704, 3.912874877359370451, -7.800000000000000711 ) ) ;
#2941 = CARTESIAN_POINT ( 'NONE',  ( -0.02276156855564445344, 3.913480775122548216, -7.800000000000000711 ) ) ;
#2942 = CARTESIAN_POINT ( 'NONE',  ( 6.011154682189807197, 4.500044161263774711, 2.000000000000000000 ) ) ;
#2943 = DIRECTION ( 'NONE',  ( 1.836970198721029934E-16, -1.000000000000000000, 0.000000000000000000 ) ) ;
#2944 = EDGE_CURVE ( 'NONE', #2914, #2731, #2452, .T. ) ;
#2945 = VECTOR ( 'NONE', #3132, 1000.000000000000000 ) ;
#2946 = CARTESIAN_POINT ( 'NONE',  ( -0.9441252652336493689, 3.862466594401269937, -7.999999999999998224 ) ) ;
#2947 = CARTESIAN_POINT ( 'NONE',  ( 0.3125653470523125921, 5.695280394114732303, 1.399999999999999689 ) ) ;
#2948 = VERTEX_POINT ( 'NONE', #2515 ) ;
#2949 = CARTESIAN_POINT ( 'NONE',  ( 6.903564946682009484, 3.814447679546570047, 1.400000000000000577 ) ) ;
#2950 = B_SPLINE_SURFACE_WITH_KNOTS ( 'NONE', 3, 1, ( 
 ( #318, #3173 ),
 ( #1611, #2521 ),
 ( #2884, #899 ),
 ( #4172, #959 ),
 ( #3857, #2201 ),
 ( #2264, #650 ),
 ( #1952, #3488 ),
 ( #1896, #3270 ),
 ( #1655, #381 ),
 ( #1676, #2596 ),
 ( #339, #3226 ) ),
 .UNSPECIFIED., .F., .F., .F.,
 ( 4, 1, 1, 1, 1, 1, 1, 1, 4 ),
 ( 2, 2 ),
 ( 0.000000000000000000, 0.1343120777165494328, 0.2616614819415030158, 0.3886951314945071845, 0.5207593789909770177, 0.6496901161094488231, 0.7700304936788229249, 0.8858566824686867625, 1.000000000000000000 ),
 ( 0.000000000000000000, 1.000000000000000000 ),
 .UNSPECIFIED. ) ;
#2951 = VECTOR ( 'NONE', #2212, 1000.000000000000000 ) ;
#2952 = CARTESIAN_POINT ( 'NONE',  ( -5.255711179279164647, 1.000000000000000222, -7.500000000000000000 ) ) ;
#2953 = CARTESIAN_POINT ( 'NONE',  ( -0.004306242699716154865, 4.425308478860293881, -8.000000000000003553 ) ) ;
#2954 = CARTESIAN_POINT ( 'NONE',  ( 6.545653106749093730, 5.152422971498749504, 1.400000000000000577 ) ) ;
#2955 = CARTESIAN_POINT ( 'NONE',  ( 4.787191449777886021, 5.403002230646652748, 2.000000000000000444 ) ) ;
#2956 = CARTESIAN_POINT ( 'NONE',  ( 12.34999999999999964, -6.500000000000004441, 2.000000000000000000 ) ) ;
#2957 = CARTESIAN_POINT ( 'NONE',  ( -0.9897235272415987328, 3.614394954217974298, -7.999999999999992895 ) ) ;
#2958 = CARTESIAN_POINT ( 'NONE',  ( 0.9204985030076876518, 3.782334163600982180, -7.999999999999989342 ) ) ;
#2959 = ORIENTED_EDGE ( 'NONE', *, *, #4024, .T. ) ;
#2960 = CARTESIAN_POINT ( 'NONE',  ( -0.1649816345070097556, 1.584810824220216352, -7.800000000000002487 ) ) ;
#2961 = CARTESIAN_POINT ( 'NONE',  ( 3.722482038588205366, 5.220524680100828263, 2.000000000000000444 ) ) ;
#2962 = FACE_BOUND ( 'NONE', #1818, .T. ) ;
#2963 = CARTESIAN_POINT ( 'NONE',  ( 0.6100964785552493996, 1.078491091261512214, -7.999999999999998224 ) ) ;
#2964 = CARTESIAN_POINT ( 'NONE',  ( 6.496474967872253536, 4.985364446946220163, 2.000000000000000000 ) ) ;
#2965 = CARTESIAN_POINT ( 'NONE',  ( -1.594540153952206163, 3.783678316602519409, -7.999999999999998224 ) ) ;
#2966 = ORIENTED_EDGE ( 'NONE', *, *, #2937, .F. ) ;
#2967 = ORIENTED_EDGE ( 'NONE', *, *, #502, .T. ) ;
#2968 = CARTESIAN_POINT ( 'NONE',  ( -0.1754363914897843491, 3.627224538846642865, -8.000000000000003553 ) ) ;
#2969 = EDGE_CURVE ( 'NONE', #3690, #2152, #3155, .T. ) ;
#2970 = CARTESIAN_POINT ( 'NONE',  ( 0.1142040765463363250, 5.738566855073826467, 1.399999999999999689 ) ) ;
#2971 = CARTESIAN_POINT ( 'NONE',  ( 5.746899139959460001, 1.093457943925235654, -7.500000000000000000 ) ) ;
#2972 = VECTOR ( 'NONE', #3073, 1000.000000000000000 ) ;
#2973 = CARTESIAN_POINT ( 'NONE',  ( -0.07273757393865537546, -1.696723322005215584, 2.000000000000000444 ) ) ;
#2974 = PRODUCT_DEFINITION_FORMATION_WITH_SPECIFIED_SOURCE ( 'ANY', '', #2315, .NOT_KNOWN. ) ;
#2975 = EDGE_CURVE ( 'NONE', #1223, #3446, #3848, .T. ) ;
#2976 = CARTESIAN_POINT ( 'NONE',  ( 0.1006680390289866334, -1.698933432595022497, 2.000000000000000000 ) ) ;
#2977 = DIRECTION ( 'NONE',  ( 4.177883703891340684E-16, 1.783318263602066326E-14, 1.000000000000000000 ) ) ;
#2978 = EDGE_LOOP ( 'NONE', ( #3441, #3939, #1597, #2614 ) ) ;
#2979 = CARTESIAN_POINT ( 'NONE',  ( -1.251492913812374930, 3.897395078908703514, -7.999999999999996447 ) ) ;
#2980 = CARTESIAN_POINT ( 'NONE',  ( 0.05536597756778575963, -1.700745059742647003, 1.400000000000000133 ) ) ;
#2981 = CARTESIAN_POINT ( 'NONE',  ( 0.9639609940995637061, 3.328476676768805209, -7.800000000000000711 ) ) ;
#2982 = EDGE_LOOP ( 'NONE', ( #2647, #253, #4068, #859 ) ) ;
#2983 = DIRECTION ( 'NONE',  ( 0.000000000000000000, 1.000000000000000000, 0.000000000000000000 ) ) ;
#2984 = ORIENTED_EDGE ( 'NONE', *, *, #184, .F. ) ;
#2985 = ORIENTED_EDGE ( 'NONE', *, *, #4003, .F. ) ;
#2986 = LINE ( 'NONE', #413, #3425 ) ;
#2987 = CARTESIAN_POINT ( 'NONE',  ( 0.3230891746116538732, 0.9583091236195770968, -7.800000000000000711 ) ) ;
#2988 = FACE_OUTER_BOUND ( 'NONE', #624, .T. ) ;
#2989 = DIRECTION ( 'NONE',  ( 0.000000000000000000, 0.000000000000000000, 1.000000000000000000 ) ) ;
#2990 = ADVANCED_BREP_SHAPE_REPRESENTATION ( 'Bladder_Cutting_Tool_0deg', ( #272, #1707 ), #3378 ) ;
#2991 = ORIENTED_EDGE ( 'NONE', *, *, #1830, .T. ) ;
#2992 = CARTESIAN_POINT ( 'NONE',  ( -1.594540153952206163, 3.783678316602519409, -8.000000000000000000 ) ) ;
#2993 = FACE_OUTER_BOUND ( 'NONE', #3049, .T. ) ;
#2994 = CARTESIAN_POINT ( 'NONE',  ( -1.889825367647059107, 4.070966222426470438, -7.800000000000000711 ) ) ;
#2995 = EDGE_CURVE ( 'NONE', #834, #796, #3953, .T. ) ;
#2996 = CARTESIAN_POINT ( 'NONE',  ( -0.4133992991727929445, -0.4494739667107077175, 2.000000000000000000 ) ) ;
#2997 = LINE ( 'NONE', #1791, #3241 ) ;
#2998 = CARTESIAN_POINT ( 'NONE',  ( 0.6100964785552493996, 1.078491091261512214, -8.000000000000000000 ) ) ;
#2999 = ADVANCED_FACE ( 'NONE', ( #1873 ), #252, .T. ) ;
#3000 = ORIENTED_EDGE ( 'NONE', *, *, #747, .T. ) ;
#3001 = CARTESIAN_POINT ( 'NONE',  ( 0.1993175192440267418, -3.236228170955882444, 1.400000000000000133 ) ) ;
#3002 = CARTESIAN_POINT ( 'NONE',  ( 0.3882655123060327340, -1.584516009282511240, 1.999999999999999112 ) ) ;
#3003 = CARTESIAN_POINT ( 'NONE',  ( 0.9455813172133540334, 3.622868196517415651, -7.999999999999991118 ) ) ;
#3004 = LINE ( 'NONE', #2017, #1491 ) ;
#3005 = CARTESIAN_POINT ( 'NONE',  ( 2.980793567883950779, -0.7097493042951709130, 1.399999999999999689 ) ) ;
#3006 = CARTESIAN_POINT ( 'NONE',  ( 0.8876297240965237423, 1.438476432921801829, -8.000000000000000000 ) ) ;
#3007 = CARTESIAN_POINT ( 'NONE',  ( -2.184024917503015306, 3.795268340451070976, -7.999999999999998224 ) ) ;
#3008 = CARTESIAN_POINT ( 'NONE',  ( -1.726138954152871108, 3.527359723887625087, -8.000000000000000000 ) ) ;
#3009 = ORIENTED_EDGE ( 'NONE', *, *, #3468, .T. ) ;
#3010 = VERTEX_POINT ( 'NONE', #2197 ) ;
#3011 = CARTESIAN_POINT ( 'NONE',  ( -0.1771711282169113333, 1.824953065759994830, -8.000000000000000000 ) ) ;
#3012 = FACE_OUTER_BOUND ( 'NONE', #1432, .T. ) ;
#3013 = LINE ( 'NONE', #3589, #1203 ) ;
#3014 = CARTESIAN_POINT ( 'NONE',  ( 0.5218088847678984399, 5.036816362453477858, 1.400000000000000133 ) ) ;
#3015 = VECTOR ( 'NONE', #481, 1000.000000000000000 ) ;
#3016 = CARTESIAN_POINT ( 'NONE',  ( 4.844474763792445238, 4.990137878269478300, 1.400000000000000133 ) ) ;
#3017 = AXIS2_PLACEMENT_3D ( 'NONE', #1556, #1594, #3140 ) ;
#3018 = ADVANCED_FACE ( 'NONE', ( #3485 ), #1329, .T. ) ;
#3019 = CARTESIAN_POINT ( 'NONE',  ( 5.331399777452616284, 4.500689544611732096, 1.999999999999999556 ) ) ;
#3020 = CARTESIAN_POINT ( 'NONE',  ( 0.8876297240965237423, 1.438476432921801829, -8.000000000000001776 ) ) ;
#3021 = CARTESIAN_POINT ( 'NONE',  ( -1.481945408166822631, 4.281582907839474927, -7.999999999999996447 ) ) ;
#3022 = EDGE_CURVE ( 'NONE', #1159, #1043, #1585, .T. ) ;
#3023 = CARTESIAN_POINT ( 'NONE',  ( 0.5272022387056137793, -0.8598988445754360832, 1.999999999999999112 ) ) ;
#3024 = CARTESIAN_POINT ( 'NONE',  ( -2.185110581341912273, 3.775681008731617272, -7.999999999999998224 ) ) ;
#3025 = EDGE_LOOP ( 'NONE', ( #659, #214, #907, #1010 ) ) ;
#3026 = CARTESIAN_POINT ( 'NONE',  ( -5.255711179279164647, 1.000000000000000222, -7.500000000000000000 ) ) ;
#3027 = ORIENTED_EDGE ( 'NONE', *, *, #1190, .F. ) ;
#3028 = CARTESIAN_POINT ( 'NONE',  ( -2.137650052900031739, 3.610769137614278979, -7.800000000000000711 ) ) ;
#3029 = FACE_OUTER_BOUND ( 'NONE', #2142, .T. ) ;
#3030 = CARTESIAN_POINT ( 'NONE',  ( 5.728238098099536657, 4.444444376626986326, 2.000000000000000000 ) ) ;
#3031 = EDGE_LOOP ( 'NONE', ( #3043, #259, #1343, #1848 ) ) ;
#3032 = CARTESIAN_POINT ( 'NONE',  ( -0.1673866558941047578, 3.763711979635712801, -7.800000000000000711 ) ) ;
#3033 = CARTESIAN_POINT ( 'NONE',  ( 0.9645983647365202751, 2.040880378274356755, -7.800000000000002487 ) ) ;
#3034 = CARTESIAN_POINT ( 'NONE',  ( 6.907727074789020705, 6.839521918195965000, 1.999999999999999556 ) ) ;
#3035 = CARTESIAN_POINT ( 'NONE',  ( 0.5218088847678984399, 5.036816362453477858, 1.400000000000000133 ) ) ;
#3036 = CARTESIAN_POINT ( 'NONE',  ( -0.9734862583013677018, 1.583132881423860105, -7.800000000000000711 ) ) ;
#3037 = VERTEX_POINT ( 'NONE', #1318 ) ;
#3038 = CARTESIAN_POINT ( 'NONE',  ( -0.1771711282169113333, 1.824953065759994830, -8.000000000000000000 ) ) ;
#3039 = CARTESIAN_POINT ( 'NONE',  ( -1.003853533912439921, 3.249294708737344273, -7.800000000000000711 ) ) ;
#3040 = VECTOR ( 'NONE', #2089, 1000.000000000000000 ) ;
#3041 = CARTESIAN_POINT ( 'NONE',  ( 0.8642605743771548665, 3.971647969164745717, -8.000000000000001776 ) ) ;
#3042 = VECTOR ( 'NONE', #2179, 1000.000000000000000 ) ;
#3043 = ORIENTED_EDGE ( 'NONE', *, *, #2995, .F. ) ;
#3044 = CARTESIAN_POINT ( 'NONE',  ( -0.003383906657769497617, 1.433558138672202054, -7.999999999999996447 ) ) ;
#3045 = CARTESIAN_POINT ( 'NONE',  ( -1.533736072408998119, 4.320088119809827099, -7.800000000000004263 ) ) ;
#3046 = CARTESIAN_POINT ( 'NONE',  ( 0.05870465470771742827, 3.897814702794125452, -7.799999999999997158 ) ) ;
#3047 = CARTESIAN_POINT ( 'NONE',  ( -2.003718227396603435, 3.500014720421257941, -8.000000000000000000 ) ) ;
#3048 = CARTESIAN_POINT ( 'NONE',  ( 1.431813577346742861, -3.043195122661538132, 1.999999999999999556 ) ) ;
#3049 = EDGE_LOOP ( 'NONE', ( #1021, #3076, #3299, #1584 ) ) ;
#3050 = EDGE_CURVE ( 'NONE', #3139, #1347, #3893, .T. ) ;
#3051 = DIRECTION ( 'NONE',  ( -0.000000000000000000, 0.000000000000000000, 1.000000000000000000 ) ) ;
#3052 = CARTESIAN_POINT ( 'NONE',  ( 1.150300049544685788, 7.119151285416070785, 2.000000000000000000 ) ) ;
#3053 = CARTESIAN_POINT ( 'NONE',  ( -0.9734862583013677018, 1.583132881423860105, -8.000000000000000000 ) ) ;
#3054 = CARTESIAN_POINT ( 'NONE',  ( -1.595513362638982802, 3.762636114786984454, -7.999999999999998224 ) ) ;
#3055 = CARTESIAN_POINT ( 'NONE',  ( -0.2191934999273190965, -3.229392320434773644, 1.399999999999999689 ) ) ;
#3056 = CARTESIAN_POINT ( 'NONE',  ( -1.250978091713558005, 3.643870433566915867, -7.999999999999998224 ) ) ;
#3057 = CARTESIAN_POINT ( 'NONE',  ( 5.255711179279164647, 0.5000000000000022204, -8.000000000000000000 ) ) ;
#3058 = CARTESIAN_POINT ( 'NONE',  ( 0.5021599676823165215, 5.291135938907136627, 1.999999999999998224 ) ) ;
#3059 = VECTOR ( 'NONE', #2260, 1000.000000000000000 ) ;
#3060 = CARTESIAN_POINT ( 'NONE',  ( 12.34999999999999964, 2.801379553049570458E-15, 1.000000000000000000 ) ) ;
#3061 = CARTESIAN_POINT ( 'NONE',  ( -2.185110581341912273, 3.775681008731617272, -8.000000000000000000 ) ) ;
#3062 = DIRECTION ( 'NONE',  ( -1.000000000000000000, 0.000000000000000000, 0.000000000000000000 ) ) ;
#3063 = ORIENTED_EDGE ( 'NONE', *, *, #3471, .F. ) ;
#3064 = CARTESIAN_POINT ( 'NONE',  ( 6.422092946019089865, 7.138170604745351255, 1.400000000000000133 ) ) ;
#3065 = CARTESIAN_POINT ( 'NONE',  ( -2.893432401685515298, -0.1296437848890909239, 2.000000000000000444 ) ) ;
#3066 = CARTESIAN_POINT ( 'NONE',  ( 3.005630094032006205, 4.185348301074226285, 1.999999999999999112 ) ) ;
#3067 = CARTESIAN_POINT ( 'NONE',  ( -2.433863452053054210, 4.135883374304918370, -7.800000000000000711 ) ) ;
#3068 = CARTESIAN_POINT ( 'NONE',  ( 1.700314538021465927, -2.927189060080103822, 1.400000000000000577 ) ) ;
#3069 = VERTEX_POINT ( 'NONE', #1263 ) ;
#3070 = ORIENTED_EDGE ( 'NONE', *, *, #136, .T. ) ;
#3071 = ORIENTED_EDGE ( 'NONE', *, *, #1197, .F. ) ;
#3072 = CARTESIAN_POINT ( 'NONE',  ( 2.948438969160367851, 5.023342510549720252, 2.000000000000000000 ) ) ;
#3073 = DIRECTION ( 'NONE',  ( -1.000000000000000000, -1.836970198721029934E-16, -0.000000000000000000 ) ) ;
#3074 = EDGE_CURVE ( 'NONE', #1742, #807, #2278, .T. ) ;
#3075 = CYLINDRICAL_SURFACE ( 'NONE', #2116, 1.000000000000000000 ) ;
#3076 = ORIENTED_EDGE ( 'NONE', *, *, #2638, .F. ) ;
#3077 = CARTESIAN_POINT ( 'NONE',  ( -1.290422121899442054, -3.036820295802619807, 1.400000000000000133 ) ) ;
#3078 = CARTESIAN_POINT ( 'NONE',  ( -1.868258810543131476, 3.126602027282635365, -7.799999999999998934 ) ) ;
#3079 = CARTESIAN_POINT ( 'NONE',  ( -0.9991065407757270256, 1.836570405993806387, -7.800000000000002487 ) ) ;
#3080 = EDGE_CURVE ( 'NONE', #1159, #5, #1371, .T. ) ;
#3081 = CARTESIAN_POINT ( 'NONE',  ( -0.1033804419104787653, 0.9221193941738248245, -7.800000000000002487 ) ) ;
#3082 = EDGE_LOOP ( 'NONE', ( #2166, #228, #1196, #2432 ) ) ;
#3083 = CARTESIAN_POINT ( 'NONE',  ( -2.350531182553786902, 4.235345646850147361, -7.999999999999998224 ) ) ;
#3084 = CARTESIAN_POINT ( 'NONE',  ( -12.34999999999999964, -5.500000000000004441, 1.000000000000000000 ) ) ;
#3085 = CARTESIAN_POINT ( 'NONE',  ( 0.000000000000000000, 0.000000000000000000, -8.000000000000000000 ) ) ;
#3086 = LINE ( 'NONE', #195, #2945 ) ;
#3087 = MECHANICAL_DESIGN_GEOMETRIC_PRESENTATION_REPRESENTATION (  '', ( #1751 ), #2873 ) ;
#3088 = CARTESIAN_POINT ( 'NONE',  ( -2.893795094209557828, 3.654990503647748135, 2.000000000000000000 ) ) ;
#3089 = CARTESIAN_POINT ( 'NONE',  ( 2.928036501605859598, 5.184486202761918072, 2.000000000000000444 ) ) ;
#3090 = CARTESIAN_POINT ( 'NONE',  ( -2.054737238764397844, 3.527856323478645528, -8.000000000000000000 ) ) ;
#3091 = DIRECTION ( 'NONE',  ( -0.000000000000000000, 0.000000000000000000, 1.000000000000000000 ) ) ;
#3092 = VECTOR ( 'NONE', #3713, 1000.000000000000000 ) ;
#3093 = VERTEX_POINT ( 'NONE', #664 ) ;
#3094 = DIRECTION ( 'NONE',  ( -0.000000000000000000, 0.000000000000000000, 1.000000000000000000 ) ) ;
#3095 = CARTESIAN_POINT ( 'NONE',  ( 2.928036501605859598, 5.184486202761918072, 2.000000000000000444 ) ) ;
#3096 = CARTESIAN_POINT ( 'NONE',  ( -0.4087974622062652830, 4.872492623885394281, 1.399999999999999245 ) ) ;
#3097 = CARTESIAN_POINT ( 'NONE',  ( 3.933745513624815171, 4.434618642479819073, 1.399999999999999689 ) ) ;
#3098 = CARTESIAN_POINT ( 'NONE',  ( -0.2191934999273190965, -3.229392320434773644, 1.999999999999999556 ) ) ;
#3099 = CARTESIAN_POINT ( 'NONE',  ( -1.891670900232652164, 3.126053538602940662, -8.000000000000000000 ) ) ;
#3100 = B_SPLINE_CURVE_WITH_KNOTS ( 'NONE', 3,
 ( #3694, #2441, #841, #2098, #515, #2139, #2482, #4079, #3450, #4034, #1164, #819, #198, #1459, #538, #1841, #1506, #2793, #1186, #864, #3762, #2164, #559, #134, #2503, #2246, #242 ),
 .UNSPECIFIED., .F., .F.,
 ( 4, 1, 1, 1, 1, 1, 1, 1, 1, 1, 1, 1, 1, 1, 1, 1, 1, 1, 1, 1, 1, 1, 1, 1, 4 ),
 ( 0.000000000000000000, 0.06259121840097633949, 0.1211105918018105521, 0.1759386597790407458, 0.2264413399160008222, 0.2733600636876824530, 0.3161561963645263540, 0.3554796912097711870, 0.3911863842332320984, 0.4249742912012084428, 0.4584736302176755096, 0.4916818938248517235, 0.5255476034192441137, 0.5596679459944023938, 0.5945460646276249372, 0.6306631554487311941, 0.6680423085997024835, 0.7064478528708645344, 0.7450281240886547085, 0.7846213773287379345, 0.8251172150715183617, 0.8667046114550418512, 0.9095581024743909504, 0.9541505019105006591, 1.000000000000000000 ),
 .UNSPECIFIED. ) ;
#3101 = CARTESIAN_POINT ( 'NONE',  ( -0.8515505182176099641, 1.282166281731333957, -7.800000000000000711 ) ) ;
#3102 = CARTESIAN_POINT ( 'NONE',  ( -0.06643917308134131283, 0.9212572763480387783, -7.800000000000000711 ) ) ;
#3103 = EDGE_CURVE ( 'NONE', #1085, #528, #3126, .T. ) ;
#3104 = CARTESIAN_POINT ( 'NONE',  ( -1.594540153952206163, 3.783678316602519409, -7.800000000000000711 ) ) ;
#3105 = CARTESIAN_POINT ( 'NONE',  ( -0.1771711282169113333, 3.506848428763595038, -7.800000000000000711 ) ) ;
#3106 = ORIENTED_EDGE ( 'NONE', *, *, #391, .T. ) ;
#3107 = CARTESIAN_POINT ( 'NONE',  ( 3.754478741437122569, 5.692185236726109210, 1.400000000000000577 ) ) ;
#3108 = EDGE_CURVE ( 'NONE', #807, #2498, #2850, .T. ) ;
#3109 = DIRECTION ( 'NONE',  ( 1.000000000000000000, 0.000000000000000000, 0.000000000000000000 ) ) ;
#3110 = CARTESIAN_POINT ( 'NONE',  ( -0.4715101946159254709, 7.253298125713701694, 2.000000000000000444 ) ) ;
#3111 = DIRECTION ( 'NONE',  ( 0.000000000000000000, 0.000000000000000000, -1.000000000000000000 ) ) ;
#3112 = FACE_OUTER_BOUND ( 'NONE', #2155, .T. ) ;
#3113 = CARTESIAN_POINT ( 'NONE',  ( 1.946611222967728150, -2.775686655184651741, 2.000000000000000888 ) ) ;
#3114 = AXIS2_PLACEMENT_3D ( 'NONE', #1776, #3382, #3091 ) ;
#3115 = ORIENTED_EDGE ( 'NONE', *, *, #751, .T. ) ;
#3116 = CARTESIAN_POINT ( 'NONE',  ( 5.611306032212727501, 4.444396047297630936, 2.000000000000000000 ) ) ;
#3117 = CARTESIAN_POINT ( 'NONE',  ( 2.928036501605859598, 5.184486202761918072, 1.400000000000000577 ) ) ;
#3118 = CARTESIAN_POINT ( 'NONE',  ( -0.3444917875761198678, 5.454990086332309751, 1.400000000000000133 ) ) ;
#3119 = CARTESIAN_POINT ( 'NONE',  ( -0.3786457167755975517, 5.275234506063882556, 2.000000000000000000 ) ) ;
#3120 = ORIENTED_EDGE ( 'NONE', *, *, #1221, .F. ) ;
#3121 = CARTESIAN_POINT ( 'NONE',  ( 4.763909878660289365, 7.056351672633958572, 1.399999999999999689 ) ) ;
#3122 = CARTESIAN_POINT ( 'NONE',  ( 5.735970430922379570, 7.273951563610323134, 2.000000000000000000 ) ) ;
#3123 = CARTESIAN_POINT ( 'NONE',  ( 0.1204427175565574021, 3.791185082280701835, -8.000000000000001776 ) ) ;
#3124 = CARTESIAN_POINT ( 'NONE',  ( 6.298452462108373950, 5.956019385362048446, 1.399999999999999689 ) ) ;
#3125 = CARTESIAN_POINT ( 'NONE',  ( -0.1607800175094121209, 1.553024738364621848, -7.999999999999998224 ) ) ;
#3126 = CIRCLE ( 'NONE', #2389, 1.000000000000000000 ) ;
#3127 = DIRECTION ( 'NONE',  ( -0.000000000000000000, -0.000000000000000000, 1.000000000000000000 ) ) ;
#3128 = ORIENTED_EDGE ( 'NONE', *, *, #978, .F. ) ;
#3129 = CARTESIAN_POINT ( 'NONE',  ( 3.720593692555146603, 5.279059178969437660, 1.400000000000000133 ) ) ;
#3130 = ADVANCED_FACE ( 'NONE', ( #630 ), #4168, .T. ) ;
#3131 = CIRCLE ( 'NONE', #2392, 1.000000000000000000 ) ;
#3132 = DIRECTION ( 'NONE',  ( -1.000000000000000000, 0.000000000000000000, 0.000000000000000000 ) ) ;
#3133 = CARTESIAN_POINT ( 'NONE',  ( -2.173374600754069519, 6.507643760289450796, 1.400000000000000133 ) ) ;
#3134 = CARTESIAN_POINT ( 'NONE',  ( -5.746899139959460889, 1.093457943925233877, -7.500000000000000000 ) ) ;
#3135 = CARTESIAN_POINT ( 'NONE',  ( 7.612433490651777213, 5.130739372407906451, 1.399999999999999689 ) ) ;
#3136 = CARTESIAN_POINT ( 'NONE',  ( -2.537477830217260255, 3.710246457469303483, -7.800000000000002487 ) ) ;
#3137 = EDGE_CURVE ( 'NONE', #469, #3510, #1648, .T. ) ;
#3138 = ORIENTED_EDGE ( 'NONE', *, *, #4107, .T. ) ;
#3139 = VERTEX_POINT ( 'NONE', #1603 ) ;
#3140 = DIRECTION ( 'NONE',  ( 1.000000000000000000, 0.000000000000000000, 0.000000000000000000 ) ) ;
#3141 = LINE ( 'NONE', #3807, #4162 ) ;
#3142 = CARTESIAN_POINT ( 'NONE',  ( -0.06643917308134131283, 0.9212572763480387783, -8.000000000000000000 ) ) ;
#3143 = CARTESIAN_POINT ( 'NONE',  ( 3.722482038588205366, 5.220524680100828263, 1.400000000000000577 ) ) ;
#3144 = ORIENTED_EDGE ( 'NONE', *, *, #450, .T. ) ;
#3145 = ORIENTED_EDGE ( 'NONE', *, *, #3080, .F. ) ;
#3146 = CARTESIAN_POINT ( 'NONE',  ( 3.797824877182896408, 5.886855675790508613, 1.400000000000000133 ) ) ;
#3147 = CARTESIAN_POINT ( 'NONE',  ( -1.342315520343048796, 3.425258113134483917, -7.999999999999996447 ) ) ;
#3148 = CARTESIAN_POINT ( 'NONE',  ( 7.399033334512979287, 6.244993918007918587, 1.399999999999999689 ) ) ;
#3149 = CARTESIAN_POINT ( 'NONE',  ( 9.850000000000001421, -4.271756559592888259E-15, -38.27029455835942429 ) ) ;
#3150 = CARTESIAN_POINT ( 'NONE',  ( 0.05590249007058017972, -3.233885667038419509, 1.399999999999999689 ) ) ;
#3151 = CYLINDRICAL_SURFACE ( 'NONE', #285, 1.000000000000000000 ) ;
#3152 = ORIENTED_EDGE ( 'NONE', *, *, #3647, .F. ) ;
#3153 = CARTESIAN_POINT ( 'NONE',  ( 7.301590356159167072, 6.407650122914760438, 1.400000000000000577 ) ) ;
#3154 = CARTESIAN_POINT ( 'NONE',  ( -2.714952196508892968, 5.553854587767534490, 2.000000000000000444 ) ) ;
#3155 = B_SPLINE_CURVE_WITH_KNOTS ( 'NONE', 3,
 ( #853, #1520, #3418, #1222, #1472, #3124, #2763, #4047, #1497, #3727, #1893 ),
 .UNSPECIFIED., .F., .F.,
 ( 4, 1, 1, 1, 1, 1, 1, 1, 4 ),
 ( 0.000000000000000000, 0.1266042765279085103, 0.2496192610236181719, 0.3719166998245287958, 0.5000000000000001110, 0.6280833001754708711, 0.7503807389763818003, 0.8733957234720913787, 1.000000000000000000 ),
 .UNSPECIFIED. ) ;
#3156 = CARTESIAN_POINT ( 'NONE',  ( 5.266038594285790353, 3.412060649626812658, 1.399999999999999689 ) ) ;
#3157 = CARTESIAN_POINT ( 'NONE',  ( 6.903564946682009484, 3.814447679546570047, 2.000000000000000000 ) ) ;
#3158 = CARTESIAN_POINT ( 'NONE',  ( -2.513145308454868054, 3.585078304390528992, -8.000000000000000000 ) ) ;
#3159 = B_SPLINE_SURFACE_WITH_KNOTS ( 'NONE', 3, 1, ( 
 ( #395, #3957 ),
 ( #1041, #3007 ),
 ( #2713, #3977 ),
 ( #2340, #3624 ),
 ( #2366, #725 ),
 ( #1718, #2021 ),
 ( #3308, #98 ),
 ( #2674, #1066 ),
 ( #3645, #118 ),
 ( #1405, #2694 ),
 ( #1082, #459 ) ),
 .UNSPECIFIED., .F., .F., .F.,
 ( 4, 1, 1, 1, 1, 1, 1, 1, 4 ),
 ( 2, 2 ),
 ( 0.000000000000000000, 0.1266042765279081217, 0.2496192610236172282, 0.3719166998245300726, 0.5000000000000004441, 0.6280833001754708711, 0.7503807389763819113, 0.8733957234720912677, 0.9999999999999998890 ),
 ( 0.000000000000000000, 1.000000000000000000 ),
 .UNSPECIFIED. ) ;
#3160 = ORIENTED_EDGE ( 'NONE', *, *, #1168, .F. ) ;
#3161 = ADVANCED_FACE ( 'NONE', ( #3544 ), #1966, .F. ) ;
#3162 = FACE_OUTER_BOUND ( 'NONE', #3637, .T. ) ;
#3163 = CARTESIAN_POINT ( 'NONE',  ( -0.4133992991727929445, 4.520545286290785114, 1.400000000000000133 ) ) ;
#3164 = CARTESIAN_POINT ( 'NONE',  ( -2.184024917503014862, 3.756093677012163567, -8.000000000000000000 ) ) ;
#3165 = AXIS2_PLACEMENT_3D ( 'NONE', #3766, #908, #1533 ) ;
#3166 = CARTESIAN_POINT ( 'NONE',  ( 0.9584707422705255331, 1.802518945496942360, -7.800000000000002487 ) ) ;
#3167 = CARTESIAN_POINT ( 'NONE',  ( 4.931197304753565547, 7.139435130650740646, 2.000000000000000444 ) ) ;
#3168 = CARTESIAN_POINT ( 'NONE',  ( -1.573278201807870591, 3.202636280417517245, -7.999999999999996447 ) ) ;
#3169 = CARTESIAN_POINT ( 'NONE',  ( -0.1758321409677657821, 0.9238102375921888321, -7.800000000000000711 ) ) ;
#3170 = CARTESIAN_POINT ( 'NONE',  ( -1.597406971884312465, 3.721693500483004513, -7.800000000000000711 ) ) ;
#3171 = EDGE_LOOP ( 'NONE', ( #4037, #476, #1178, #938 ) ) ;
#3172 = CARTESIAN_POINT ( 'NONE',  ( 0.5315133846507361648, -0.5251408027200140660, 1.400000000000000133 ) ) ;
#3173 = CARTESIAN_POINT ( 'NONE',  ( -1.889825367647059107, 4.070966222426470438, -7.999999999999998224 ) ) ;
#3174 = CARTESIAN_POINT ( 'NONE',  ( -2.196848794988070619, 4.351359397897606840, -8.000000000000003553 ) ) ;
#3175 = CARTESIAN_POINT ( 'NONE',  ( 3.010888771829057120, 3.926922168905172317, 1.400000000000000577 ) ) ;
#3176 = CARTESIAN_POINT ( 'NONE',  ( 6.750392881880939555, 3.697236139516939524, 2.000000000000000000 ) ) ;
#3177 = CARTESIAN_POINT ( 'NONE',  ( 7.616370024265384231, 5.261161815314411960, 2.000000000000000000 ) ) ;
#3178 = CARTESIAN_POINT ( 'NONE',  ( -1.891670900232652164, 3.126053538602940662, -7.800000000000000711 ) ) ;
#3179 = CARTESIAN_POINT ( 'NONE',  ( -0.4087974622062652830, 4.872492623885394281, 1.999999999999999556 ) ) ;
#3180 = CARTESIAN_POINT ( 'NONE',  ( -2.099484154036126426, 3.566022222342549952, -8.000000000000000000 ) ) ;
#3181 = CARTESIAN_POINT ( 'NONE',  ( -2.805254982491176552, 5.118969875575263728, 2.000000000000000444 ) ) ;
#3182 = VECTOR ( 'NONE', #1728, 1000.000000000000000 ) ;
#3183 = EDGE_CURVE ( 'NONE', #3010, #192, #1627, .T. ) ;
#3184 = CARTESIAN_POINT ( 'NONE',  ( 3.797824877182896408, 5.886855675790508613, 2.000000000000000000 ) ) ;
#3185 = CARTESIAN_POINT ( 'NONE',  ( 7.612647562175398619, 5.523404567216694261, 1.999999999999999112 ) ) ;
#3186 = CARTESIAN_POINT ( 'NONE',  ( -2.893795094209557828, 0.1226411348230695281, 1.400000000000000133 ) ) ;
#3187 = CARTESIAN_POINT ( 'NONE',  ( -0.1850133592779721337, -1.660838435118596079, 2.000000000000000000 ) ) ;
#3188 = ADVANCED_FACE ( 'NONE', ( #1984, #2220 ), #3509, .F. ) ;
#3189 = ORIENTED_EDGE ( 'NONE', *, *, #2307, .F. ) ;
#3190 = VERTEX_POINT ( 'NONE', #1406 ) ;
#3191 = CARTESIAN_POINT ( 'NONE',  ( 0.5309857341558607002, -0.5848110689690368957, 1.400000000000000577 ) ) ;
#3192 = DIRECTION ( 'NONE',  ( -0.000000000000000000, -0.000000000000000000, 1.000000000000000000 ) ) ;
#3193 = CARTESIAN_POINT ( 'NONE',  ( -2.537549187391801020, 3.841134855738898235, -7.999999999999998224 ) ) ;
#3194 = CARTESIAN_POINT ( 'NONE',  ( 4.026946561029145499, 4.275774339403455748, 2.000000000000000444 ) ) ;
#3195 = CARTESIAN_POINT ( 'NONE',  ( -1.241835198358159920, 3.829697209475906750, -7.800000000000002487 ) ) ;
#3196 = CARTESIAN_POINT ( 'NONE',  ( -1.956726026715141620, 3.127877794346486606, -8.000000000000000000 ) ) ;
#3197 = VERTEX_POINT ( 'NONE', #2022 ) ;
#3198 = CARTESIAN_POINT ( 'NONE',  ( 5.669476102941175988, 4.441187385110293206, 2.000000000000000000 ) ) ;
#3199 = CARTESIAN_POINT ( 'NONE',  ( -0.4129011427144578250, 4.583294722359126716, 2.000000000000000444 ) ) ;
#3200 = CARTESIAN_POINT ( 'NONE',  ( -1.240827346196068603, 3.740174893366941422, -7.800000000000000711 ) ) ;
#3201 = DIRECTION ( 'NONE',  ( 0.000000000000000000, -1.000000000000000000, 0.000000000000000000 ) ) ;
#3202 = CARTESIAN_POINT ( 'NONE',  ( -2.893671265561316375, 0.03650729277003124384, 1.400000000000000133 ) ) ;
#3203 = CARTESIAN_POINT ( 'NONE',  ( -2.349449027879152663, 3.315621008171582673, -7.800000000000000711 ) ) ;
#3204 = CARTESIAN_POINT ( 'NONE',  ( -0.1033804419104787653, 0.9221193941738248245, -7.800000000000002487 ) ) ;
#3205 = DIRECTION ( 'NONE',  ( 0.000000000000000000, 0.000000000000000000, 1.000000000000000000 ) ) ;
#3206 = CARTESIAN_POINT ( 'NONE',  ( 4.044602018558975054, 6.412170921873864060, 2.000000000000000000 ) ) ;
#3207 = EDGE_CURVE ( 'NONE', #3010, #2904, #748, .T. ) ;
#3208 = CARTESIAN_POINT ( 'NONE',  ( 5.107959583884817967, 7.199043964504385329, 1.399999999999999689 ) ) ;
#3209 = EDGE_LOOP ( 'NONE', ( #3439, #79, #2643, #2815 ) ) ;
#3210 = CARTESIAN_POINT ( 'NONE',  ( 0.1308010624212381234, 1.615951666910467210, -7.800000000000002487 ) ) ;
#3211 = CARTESIAN_POINT ( 'NONE',  ( -9.184850993605171857E-17, 0.5000000000000012212, -7.500000000000000000 ) ) ;
#3212 = CARTESIAN_POINT ( 'NONE',  ( -1.348200672852992721, 4.137390307291287428, -7.800000000000000711 ) ) ;
#3213 = CARTESIAN_POINT ( 'NONE',  ( -2.196162619279625972, 3.199739747341194374, -7.800000000000000711 ) ) ;
#3214 = CARTESIAN_POINT ( 'NONE',  ( -5.255711179279164647, 1.000000000000000222, 0.000000000000000000 ) ) ;
#3215 = CARTESIAN_POINT ( 'NONE',  ( -0.6846247557637608061, 4.224332211455093855, -7.800000000000000711 ) ) ;
#3216 = CARTESIAN_POINT ( 'NONE',  ( -0.01845532585592786490, 1.433084980085783888, -7.800000000000000711 ) ) ;
#3217 = ORIENTED_EDGE ( 'NONE', *, *, #2180, .F. ) ;
#3218 = CARTESIAN_POINT ( 'NONE',  ( -2.659104527990647782, 5.741597438532329178, 2.000000000000000000 ) ) ;
#3219 = CARTESIAN_POINT ( 'NONE',  ( 3.933745513624815171, 4.434618642479819073, 1.999999999999999556 ) ) ;
#3220 = CARTESIAN_POINT ( 'NONE',  ( -2.465909128160151287, 3.469459202926988617, -7.800000000000002487 ) ) ;
#3221 = CARTESIAN_POINT ( 'NONE',  ( 7.479025211957886832, 6.075481888756404381, 2.000000000000000444 ) ) ;
#3222 = CARTESIAN_POINT ( 'NONE',  ( 0.01015171997331079483, -1.699325583983394283, 1.400000000000000577 ) ) ;
#3223 = CARTESIAN_POINT ( 'NONE',  ( 5.107959583884817967, 7.199043964504385329, 1.999999999999999556 ) ) ;
#3224 = CARTESIAN_POINT ( 'NONE',  ( -1.706894240840223009, 6.860293258081660461, 2.000000000000000444 ) ) ;
#3225 = VERTEX_POINT ( 'NONE', #480 ) ;
#3226 = CARTESIAN_POINT ( 'NONE',  ( -1.594540153952206163, 3.783678316602519409, -7.999999999999998224 ) ) ;
#3227 = EDGE_CURVE ( 'NONE', #2152, #2948, #3347, .T. ) ;
#3228 = CARTESIAN_POINT ( 'NONE',  ( -2.514151374198680511, 3.966524107432846336, -8.000000000000001776 ) ) ;
#3229 = CARTESIAN_POINT ( 'NONE',  ( -2.165491655957418438, 3.889573868481161600, -7.800000000000002487 ) ) ;
#3230 = CARTESIAN_POINT ( 'NONE',  ( 2.980793567883950779, -0.7097493042951709130, 1.999999999999999556 ) ) ;
#3231 = ADVANCED_FACE ( 'NONE', ( #3646 ), #2520, .T. ) ;
#3232 = ORIENTED_EDGE ( 'NONE', *, *, #2023, .T. ) ;
#3233 = FACE_OUTER_BOUND ( 'NONE', #3279, .T. ) ;
#3234 = LINE ( 'NONE', #1356, #4026 ) ;
#3235 = CARTESIAN_POINT ( 'NONE',  ( -0.004306242699716154865, 4.425308478860293881, -7.800000000000000711 ) ) ;
#3236 = ORIENTED_EDGE ( 'NONE', *, *, #1427, .T. ) ;
#3237 = CARTESIAN_POINT ( 'NONE',  ( -2.412299969613455719, 6.228691278489837835, 1.999999999999999556 ) ) ;
#3238 = DIRECTION ( 'NONE',  ( -0.000000000000000000, 0.000000000000000000, -1.000000000000000000 ) ) ;
#3239 = CARTESIAN_POINT ( 'NONE',  ( -2.539452837775736160, 3.775681008731617716, -8.000000000000001776 ) ) ;
#3240 = CARTESIAN_POINT ( 'NONE',  ( 0.9374285672546912584, 1.616253074629018682, -7.999999999999998224 ) ) ;
#3241 = VECTOR ( 'NONE', #2067, 1000.000000000000000 ) ;
#3242 = CARTESIAN_POINT ( 'NONE',  ( -2.893795094209557828, 3.654990503647748135, 1.400000000000000133 ) ) ;
#3243 = VECTOR ( 'NONE', #2936, 1000.000000000000000 ) ;
#3244 = CARTESIAN_POINT ( 'NONE',  ( -0.7596944853300131584, 4.162162576805539693, -8.000000000000000000 ) ) ;
#3245 = CARTESIAN_POINT ( 'NONE',  ( 6.555331744025734153, 5.327043026194852260, 1.400000000000000133 ) ) ;
#3246 = ORIENTED_EDGE ( 'NONE', *, *, #1474, .F. ) ;
#3247 = APPLICATION_PROTOCOL_DEFINITION ( 'draft international standard', 'automotive_design', 1998, #321 ) ;
#3248 = CARTESIAN_POINT ( 'NONE',  ( -0.4133992991727929445, -0.4494739667107077175, 1.400000000000000133 ) ) ;
#3249 = DIRECTION ( 'NONE',  ( 1.000000000000000000, 0.000000000000000000, -0.000000000000000000 ) ) ;
#3250 = CARTESIAN_POINT ( 'NONE',  ( 13.35000000000000142, 0.000000000000000000, 2.000000000000000000 ) ) ;
#3251 = B_SPLINE_SURFACE_WITH_KNOTS ( 'NONE', 3, 1, ( 
 ( #3302, #3930 ),
 ( #679, #433 ),
 ( #2981, #69 ),
 ( #388, #1686 ),
 ( #1977, #1662 ),
 ( #1995, #3003 ),
 ( #3951, #2379 ),
 ( #1733, #2958 ),
 ( #1357, #1310 ),
 ( #718, #3321 ),
 ( #3598, #2015 ),
 ( #111, #2358 ),
 ( #410, #92 ),
 ( #1058, #1033 ),
 ( #2602, #2333 ),
 ( #2934, #739 ),
 ( #2290, #3640 ),
 ( #46, #1380 ),
 ( #2646, #761 ),
 ( #1399, #1334 ),
 ( #2689, #2624 ),
 ( #2034, #3907 ),
 ( #3971, #2668 ),
 ( #1076, #3657 ),
 ( #2055, #3883 ),
 ( #3575, #988 ),
 ( #699, #1007 ) ),
 .UNSPECIFIED., .F., .F., .F.,
 ( 4, 1, 1, 1, 1, 1, 1, 1, 1, 1, 1, 1, 1, 1, 1, 1, 1, 1, 1, 1, 1, 1, 1, 1, 4 ),
 ( 2, 2 ),
 ( 0.000000000000000000, 0.06259121840097647826, 0.1211105918018106631, 0.1759386597790405793, 0.2264413399160007945, 0.2733600636876824530, 0.3161561963645265760, 0.3554796912097710759, 0.3911863842332319874, 0.4249742912012086649, 0.4584736302176755651, 0.4916818938248519455, 0.5255476034192438917, 0.5596679459944021717, 0.5945460646276249372, 0.6306631554487310831, 0.6680423085997023724, 0.7064478528708643124, 0.7450281240886544865, 0.7846213773287379345, 0.8251172150715183617, 0.8667046114550418512, 0.9095581024743908394, 0.9541505019105005481, 1.000000000000000000 ),
 ( 0.000000000000000000, 1.000000000000000000 ),
 .UNSPECIFIED. ) ;
#3252 = DIRECTION ( 'NONE',  ( -0.000000000000000000, -0.000000000000000000, -1.000000000000000000 ) ) ;
#3253 = AXIS2_PLACEMENT_3D ( 'NONE', #3149, #2130, #1852 ) ;
#3254 = EDGE_CURVE ( 'NONE', #2396, #1730, #3899, .T. ) ;
#3255 = CARTESIAN_POINT ( 'NONE',  ( 7.182719912619404568, 4.090691903377114969, 1.400000000000000133 ) ) ;
#3256 = CARTESIAN_POINT ( 'NONE',  ( -12.34999999999999964, -6.500000000000004441, -4.999999999999997335 ) ) ;
#3257 = EDGE_LOOP ( 'NONE', ( #1957, #115, #2517, #95 ) ) ;
#3258 = DIRECTION ( 'NONE',  ( -0.000000000000000000, 0.000000000000000000, 1.000000000000000000 ) ) ;
#3259 = ORIENTED_EDGE ( 'NONE', *, *, #1079, .F. ) ;
#3260 = ORIENTED_EDGE ( 'NONE', *, *, #3867, .T. ) ;
#3261 = CARTESIAN_POINT ( 'NONE',  ( 0.1272571841676057025, 1.574889035317861730, -7.999999999999994671 ) ) ;
#3262 = CARTESIAN_POINT ( 'NONE',  ( 0.1339308389924615261, 3.674850270083637849, -7.800000000000000711 ) ) ;
#3263 = CARTESIAN_POINT ( 'NONE',  ( 0.5315133846507361648, 4.520545286290785114, 2.000000000000000444 ) ) ;
#3264 = CARTESIAN_POINT ( 'NONE',  ( 5.844096157637280520, 4.450866022386936294, 1.400000000000000133 ) ) ;
#3265 = CARTESIAN_POINT ( 'NONE',  ( -0.2726317168719988304, -1.602509703765511162, 1.399999999999999689 ) ) ;
#3266 = ORIENTED_EDGE ( 'NONE', *, *, #2411, .T. ) ;
#3267 = CARTESIAN_POINT ( 'NONE',  ( -0.8702688365298465456, 4.020718025970621667, -7.999999999999998224 ) ) ;
#3268 = CARTESIAN_POINT ( 'NONE',  ( 0.5021599676823165215, 5.291135938907136627, 1.399999999999999689 ) ) ;
#3269 = ORIENTED_EDGE ( 'NONE', *, *, #1246, .T. ) ;
#3270 = CARTESIAN_POINT ( 'NONE',  ( -1.613935847190096418, 3.887256324918261008, -7.999999999999996447 ) ) ;
#3271 = CARTESIAN_POINT ( 'NONE',  ( -0.3817715525028148038, -1.275332894046412813, 2.000000000000000444 ) ) ;
#3272 = CARTESIAN_POINT ( 'NONE',  ( -2.054737238764397844, 4.023505693984590792, -7.800000000000000711 ) ) ;
#3273 = DIRECTION ( 'NONE',  ( -0.000000000000000000, -0.000000000000000000, 1.000000000000000000 ) ) ;
#3274 = CARTESIAN_POINT ( 'NONE',  ( -0.03806802551544467145, 3.912855618357942600, -7.800000000000000711 ) ) ;
#3275 = LINE ( 'NONE', #1685, #2421 ) ;
#3276 = CARTESIAN_POINT ( 'NONE',  ( -1.955668256048827880, 4.423353943764362306, -7.799999999999998934 ) ) ;
#3277 = ORIENTED_EDGE ( 'NONE', *, *, #1532, .F. ) ;
#3278 = CARTESIAN_POINT ( 'NONE',  ( 3.011606435190438358, 0.1853844879201612672, 1.399999999999999689 ) ) ;
#3279 = EDGE_LOOP ( 'NONE', ( #665, #1630, #188, #3675 ) ) ;
#3280 = EDGE_CURVE ( 'NONE', #194, #742, #2199, .T. ) ;
#3281 = CARTESIAN_POINT ( 'NONE',  ( 0.1165178608732435617, 1.515024806696617432, -7.800000000000000711 ) ) ;
#3282 = CARTESIAN_POINT ( 'NONE',  ( 0.1148305958587073627, 3.818330028777437324, -7.800000000000000711 ) ) ;
#3283 = CARTESIAN_POINT ( 'NONE',  ( 0.6856524369656664675, 1.137461998621413395, -7.999999999999996447 ) ) ;
#3284 = CARTESIAN_POINT ( 'NONE',  ( -6.238087100639758020, 1.186915887850467977, -7.500000000000000000 ) ) ;
#3285 = CARTESIAN_POINT ( 'NONE',  ( -1.680471804535894398, 3.564632959286756719, -8.000000000000000000 ) ) ;
#3286 = ADVANCED_FACE ( 'NONE', ( #204 ), #828, .T. ) ;
#3287 = VECTOR ( 'NONE', #1850, 1000.000000000000000 ) ;
#3288 = DIRECTION ( 'NONE',  ( -1.000000000000000000, 0.000000000000000000, 0.000000000000000000 ) ) ;
#3289 = CARTESIAN_POINT ( 'NONE',  ( -0.1649816345070097556, 1.584810824220216352, -8.000000000000001776 ) ) ;
#3290 = ORIENTED_EDGE ( 'NONE', *, *, #3668, .F. ) ;
#3291 = CARTESIAN_POINT ( 'NONE',  ( -1.825801222019281855, 4.423436598145578991, -7.799999999999998934 ) ) ;
#3292 = B_SPLINE_SURFACE_WITH_KNOTS ( 'NONE', 3, 1, ( 
 ( #4101, #2866 ),
 ( #3609, #2326 ),
 ( #3135, #3494 ),
 ( #1022, #1253 ),
 ( #2541, #4155 ),
 ( #2207, #2227 ),
 ( #2185, #3781 ),
 ( #264, #1675 ),
 ( #1553, #1530 ),
 ( #598, #1900 ),
 ( #2949, #3157 ),
 ( #3821, #3176 ),
 ( #2811, #1211 ),
 ( #884, #3921 ),
 ( #3475, #1881 ),
 ( #283, #636 ),
 ( #1592, #578 ),
 ( #1574, #2848 ),
 ( #2830, #4119 ) ),
 .UNSPECIFIED., .F., .F., .F.,
 ( 4, 1, 1, 1, 1, 1, 1, 1, 1, 1, 1, 1, 1, 1, 1, 1, 4 ),
 ( 2, 2 ),
 ( 0.000000000000000000, 0.06460481690650243802, 0.1278956159407065030, 0.1894793952650963009, 0.2501347227508792792, 0.3116416663880507421, 0.3730835201633208031, 0.4364116665323126698, 0.5012861864040591975, 0.5657529074853900886, 0.6285995955498889787, 0.6900414493251590953, 0.7510048484557222404, 0.8118607493458759317, 0.8732996428525997556, 0.9353951830934976730, 1.000000000000000000 ),
 ( 0.000000000000000000, 1.000000000000000000 ),
 .UNSPECIFIED. ) ;
#3293 = CIRCLE ( 'NONE', #2555, 1.000000000000000888 ) ;
#3294 = ORIENTED_EDGE ( 'NONE', *, *, #2390, .F. ) ;
#3295 = CARTESIAN_POINT ( 'NONE',  ( -1.680471804535894398, 3.564632959286756719, -8.000000000000001776 ) ) ;
#3296 = CARTESIAN_POINT ( 'NONE',  ( -0.3924031872637115392, -1.152144999268597259, 1.400000000000000133 ) ) ;
#3297 = CARTESIAN_POINT ( 'NONE',  ( -1.909412699366513033, 4.069880558587573027, -7.800000000000002487 ) ) ;
#3298 = CARTESIAN_POINT ( 'NONE',  ( 2.174961746337020774, -2.595601218070330951, 1.999999999999999556 ) ) ;
#3299 = ORIENTED_EDGE ( 'NONE', *, *, #3517, .T. ) ;
#3300 = DIRECTION ( 'NONE',  ( -0.000000000000000000, -0.000000000000000000, 1.000000000000000000 ) ) ;
#3301 = CARTESIAN_POINT ( 'NONE',  ( -1.001876698010667477, 3.395116100358075872, -7.999999999999996447 ) ) ;
#3302 = CARTESIAN_POINT ( 'NONE',  ( 0.9645983647365201641, 3.218330167882581971, -7.800000000000000711 ) ) ;
#3303 = DIRECTION ( 'NONE',  ( -0.000000000000000000, -0.000000000000000000, 1.000000000000000000 ) ) ;
#3304 = ORIENTED_EDGE ( 'NONE', *, *, #3108, .F. ) ;
#3305 = VERTEX_POINT ( 'NONE', #3480 ) ;
#3306 = DIRECTION ( 'NONE',  ( 1.032877461961911804E-13, -1.246075857348990131E-12, -1.000000000000000000 ) ) ;
#3307 = CARTESIAN_POINT ( 'NONE',  ( 0.6100964785552493996, 1.078491091261512214, -7.800000000000000711 ) ) ;
#3308 = CARTESIAN_POINT ( 'NONE',  ( -2.054737238764397844, 4.023505693984590792, -7.800000000000000711 ) ) ;
#3309 = ADVANCED_FACE ( 'NONE', ( #2105 ), #3075, .T. ) ;
#3310 = CARTESIAN_POINT ( 'NONE',  ( 4.783620461856617823, 5.351034949807558228, 1.400000000000000133 ) ) ;
#3311 = ORIENTED_EDGE ( 'NONE', *, *, #1808, .T. ) ;
#3312 = CARTESIAN_POINT ( 'NONE',  ( 5.844096157637280520, 6.203220030002768226, 2.000000000000000000 ) ) ;
#3313 = CARTESIAN_POINT ( 'NONE',  ( 6.164211716293192644, 6.070517081953770600, 1.400000000000000577 ) ) ;
#3314 = EDGE_CURVE ( 'NONE', #3305, #719, #584, .T. ) ;
#3315 = CARTESIAN_POINT ( 'NONE',  ( 0.4028039230822947347, 5.631099837855596313, 1.400000000000000133 ) ) ;
#3316 = CARTESIAN_POINT ( 'NONE',  ( -0.1850133592779721337, -1.660838435118596079, 1.400000000000000577 ) ) ;
#3317 = CARTESIAN_POINT ( 'NONE',  ( -0.01863416335685912431, 0.9220381109871931269, -8.000000000000000000 ) ) ;
#3318 = ORIENTED_EDGE ( 'NONE', *, *, #397, .F. ) ;
#3319 = CARTESIAN_POINT ( 'NONE',  ( -2.838999096368691966, -0.9827788533796945059, 2.000000000000000444 ) ) ;
#3320 = CARTESIAN_POINT ( 'NONE',  ( 0.2988566911173334839, -1.653991612885749252, 1.399999999999999689 ) ) ;
#3321 = CARTESIAN_POINT ( 'NONE',  ( 0.8863681759968831120, 3.913865812844108838, -7.999999999999991118 ) ) ;
#3322 = VERTEX_POINT ( 'NONE', #1466 ) ;
#3323 = CARTESIAN_POINT ( 'NONE',  ( -0.1771711282169113333, 1.824953065759994830, -7.800000000000000711 ) ) ;
#3324 = ORIENTED_EDGE ( 'NONE', *, *, #497, .F. ) ;
#3325 = CARTESIAN_POINT ( 'NONE',  ( 0.1148305958587073627, 3.818330028777437324, -7.999999999999996447 ) ) ;
#3326 = CARTESIAN_POINT ( 'NONE',  ( 0.4028039230822947347, 5.631099837855596313, 2.000000000000000000 ) ) ;
#3327 = CARTESIAN_POINT ( 'NONE',  ( -1.642231810938517222, 3.610437202004755708, -7.999999999999996447 ) ) ;
#3328 = EDGE_LOOP ( 'NONE', ( #2916, #1498, #379, #317 ) ) ;
#3329 = CARTESIAN_POINT ( 'NONE',  ( 6.496474967872256201, 5.668721605443485245, 2.000000000000000888 ) ) ;
#3330 = CARTESIAN_POINT ( 'NONE',  ( 0.4483862921433347526, 5.549392082112230007, 1.399999999999999689 ) ) ;
#3331 = LINE ( 'NONE', #445, #3847 ) ;
#3332 = EDGE_CURVE ( 'NONE', #80, #528, #846, .T. ) ;
#3333 = LINE ( 'NONE', #1001, #3886 ) ;
#3334 = CARTESIAN_POINT ( 'NONE',  ( -0.9953601073972397906, 3.547733486149756921, -7.800000000000002487 ) ) ;
#3335 = CARTESIAN_POINT ( 'NONE',  ( 0.3230891746116538732, 0.9583091236195770968, -8.000000000000000000 ) ) ;
#3336 = EDGE_LOOP ( 'NONE', ( #3277, #2052, #3805, #574 ) ) ;
#3337 = CARTESIAN_POINT ( 'NONE',  ( 0.1993175192440267418, -3.236228170955882444, 2.000000000000000000 ) ) ;
#3338 = CARTESIAN_POINT ( 'NONE',  ( 0.5119483479041339047, -1.134010188484711801, 1.999999999999999112 ) ) ;
#3339 = CARTESIAN_POINT ( 'NONE',  ( -1.889825367647059107, 4.425308478860293881, -7.800000000000000711 ) ) ;
#3340 = CARTESIAN_POINT ( 'NONE',  ( 2.942754466557570669, -1.089473323149252604, 1.399999999999999245 ) ) ;
#3341 = CARTESIAN_POINT ( 'NONE',  ( 3.011021070576788805, 0.006955954054646325095, 1.400000000000000133 ) ) ;
#3342 = CARTESIAN_POINT ( 'NONE',  ( 0.1465786073986812821, 7.272316286008129183, 1.400000000000000133 ) ) ;
#3343 = CARTESIAN_POINT ( 'NONE',  ( 6.412950158700096992, 4.832307412842838268, 1.400000000000000577 ) ) ;
#3344 = CARTESIAN_POINT ( 'NONE',  ( -0.1041884490174367628, 3.898426798038243657, -7.799999999999998934 ) ) ;
#3345 = CARTESIAN_POINT ( 'NONE',  ( 0.1993175192440267418, -3.236228170955882444, 2.000000000000000000 ) ) ;
#3346 = CARTESIAN_POINT ( 'NONE',  ( 6.590546384964206972, 7.054078193692814303, 1.999999999999999112 ) ) ;
#3347 = B_SPLINE_CURVE_WITH_KNOTS ( 'NONE', 3,
 ( #1784, #2632, #99, #1386, #2002, #2406, #2654, #1740, #1016, #2675, #3310 ),
 .UNSPECIFIED., .F., .F.,
 ( 4, 1, 1, 1, 1, 1, 1, 1, 4 ),
 ( 0.000000000000000000, 0.1343120777165491553, 0.2616614819415030713, 0.3886951314945071845, 0.5207593789909771287, 0.6496901161094489341, 0.7700304936788227028, 0.8858566824686864294, 1.000000000000000000 ),
 .UNSPECIFIED. ) ;
#3348 = CARTESIAN_POINT ( 'NONE',  ( 5.728238098099536657, 6.209641675762717306, 1.400000000000000133 ) ) ;
#3349 = CARTESIAN_POINT ( 'NONE',  ( -0.9935978559613163341, 1.763416898568275881, -7.799999999999998934 ) ) ;
#3350 = VECTOR ( 'NONE', #512, 1000.000000000000000 ) ;
#3351 = CARTESIAN_POINT ( 'NONE',  ( -2.140697648673030695, 4.379390201581783160, -8.000000000000000000 ) ) ;
#3352 = AXIS2_PLACEMENT_3D ( 'NONE', #1167, #825, #3387 ) ;
#3353 = CARTESIAN_POINT ( 'NONE',  ( -0.9897235272415987328, 3.614394954217974298, -7.799999999999997158 ) ) ;
#3354 = CARTESIAN_POINT ( 'NONE',  ( 0.9602021743198003723, 3.433911473131513237, -8.000000000000000000 ) ) ;
#3355 = ADVANCED_FACE ( 'NONE', ( #3412 ), #3434, .T. ) ;
#3356 = ORIENTED_EDGE ( 'NONE', *, *, #2791, .F. ) ;
#3357 = CARTESIAN_POINT ( 'NONE',  ( 0.06167111975932494661, 1.446387188293801529, -7.999999999999998224 ) ) ;
#3358 = LINE ( 'NONE', #3655, #2819 ) ;
#3359 = CARTESIAN_POINT ( 'NONE',  ( 0.4082382749681215950, 7.265250821457184927, 2.000000000000000000 ) ) ;
#3360 = CARTESIAN_POINT ( 'NONE',  ( -2.538813956175891562, 3.797647888178002695, -7.800000000000002487 ) ) ;
#3361 = CARTESIAN_POINT ( 'NONE',  ( -1.889825367647059107, 4.070966222426470438, -8.000000000000000000 ) ) ;
#3362 = EDGE_CURVE ( 'NONE', #2198, #3973, #890, .T. ) ;
#3363 = ORIENTED_EDGE ( 'NONE', *, *, #3492, .F. ) ;
#3364 = CARTESIAN_POINT ( 'NONE',  ( 2.376908241515368392, -2.383537578948698332, 1.400000000000000133 ) ) ;
#3365 = ORIENTED_EDGE ( 'NONE', *, *, #450, .F. ) ;
#3366 = CARTESIAN_POINT ( 'NONE',  ( 0.01291872809915063300, 7.275925436580882533, 2.000000000000000000 ) ) ;
#3367 = CARTESIAN_POINT ( 'NONE',  ( -0.3786457167755975517, 5.275234506063882556, 1.400000000000000133 ) ) ;
#3368 = CARTESIAN_POINT ( 'NONE',  ( 4.892461465805917342, 3.524465678520123380, 1.400000000000000577 ) ) ;
#3369 = ORIENTED_EDGE ( 'NONE', *, *, #1908, .F. ) ;
#3370 = CARTESIAN_POINT ( 'NONE',  ( -1.379929995675415633, 3.374022568615422379, -7.800000000000002487 ) ) ;
#3371 = CARTESIAN_POINT ( 'NONE',  ( -0.1766615767480005095, 1.767329559077480017, -7.800000000000004263 ) ) ;
#3372 = CARTESIAN_POINT ( 'NONE',  ( 0.5310794130420736225, 4.585142254828806330, 1.999999999999998668 ) ) ;
#3373 = ORIENTED_EDGE ( 'NONE', *, *, #2209, .T. ) ;
#3374 = CARTESIAN_POINT ( 'NONE',  ( 2.460991987995932107, 6.274492349226663102, 1.400000000000000133 ) ) ;
#3375 = CARTESIAN_POINT ( 'NONE',  ( 12.34999999999999964, -5.500000000000004441, 1.000000000000000000 ) ) ;
#3376 = AXIS2_PLACEMENT_3D ( 'NONE', #3964, #3650, #2086 ) ;
#3377 = CARTESIAN_POINT ( 'NONE',  ( 0.2337670670357063496, 4.406492797610552792, -8.000000000000000000 ) ) ;
#3378 =( GEOMETRIC_REPRESENTATION_CONTEXT ( 3 ) GLOBAL_UNCERTAINTY_ASSIGNED_CONTEXT ( ( #2398 ) ) GLOBAL_UNIT_ASSIGNED_CONTEXT ( ( #3590, #2618, #3943 ) ) REPRESENTATION_CONTEXT ( 'NONE', 'WORKASPACE' ) );
#3379 = CARTESIAN_POINT ( 'NONE',  ( -2.885140989112778165, -0.3701833356475309200, 2.000000000000000000 ) ) ;
#3380 = CARTESIAN_POINT ( 'NONE',  ( 0.1465786073986812821, 7.272316286008129183, 2.000000000000000000 ) ) ;
#3381 = CARTESIAN_POINT ( 'NONE',  ( -2.493008403985962129, 4.025160629585466943, -7.800000000000000711 ) ) ;
#3382 = DIRECTION ( 'NONE',  ( -1.000000000000000000, 0.000000000000000000, -0.000000000000000000 ) ) ;
#3383 = ORIENTED_EDGE ( 'NONE', *, *, #529, .T. ) ;
#3384 = ORIENTED_EDGE ( 'NONE', *, *, #1079, .T. ) ;
#3385 = EDGE_LOOP ( 'NONE', ( #23, #2510, #1526, #2568, #1741, #2895 ) ) ;
#3386 = EDGE_CURVE ( 'NONE', #366, #2938, #2737, .T. ) ;
#3387 = DIRECTION ( 'NONE',  ( -1.000000000000000000, 0.000000000000000000, 0.000000000000000000 ) ) ;
#3388 = CARTESIAN_POINT ( 'NONE',  ( 2.948438969160367851, 5.023342510549720252, 1.400000000000000133 ) ) ;
#3389 = LINE ( 'NONE', #2468, #2972 ) ;
#3390 = CARTESIAN_POINT ( 'NONE',  ( 3.752934275140671350, 4.931611300700750711, 1.399999999999999689 ) ) ;
#3391 = ORIENTED_EDGE ( 'NONE', *, *, #4112, .F. ) ;
#3392 = CARTESIAN_POINT ( 'NONE',  ( -0.9692675238349592881, -3.125072629141267377, 1.400000000000000133 ) ) ;
#3393 = CARTESIAN_POINT ( 'NONE',  ( -1.421656658044752719, 3.323913922306492630, -7.999999999999998224 ) ) ;
#3394 = CARTESIAN_POINT ( 'NONE',  ( -0.9604479933973095740, 1.520224846105752592, -7.999999999999998224 ) ) ;
#3395 = CARTESIAN_POINT ( 'NONE',  ( -0.4772711924489133062, 0.9856016257794870672, -7.800000000000002487 ) ) ;
#3396 = B_SPLINE_CURVE_WITH_KNOTS ( 'NONE', 3,
 ( #22, #579, #3840, #3535, #3495, #3230, #637, #1935, #1882, #3551, #343, #1636, #1307, #3782, #3298, #66, #1003, #2030, #1705, #406, #3903, #983, #1659 ),
 .UNSPECIFIED., .F., .F.,
 ( 4, 1, 1, 1, 1, 1, 1, 1, 1, 1, 1, 1, 1, 1, 1, 1, 1, 1, 1, 1, 4 ),
 ( 0.000000000000000000, 0.05306596574533162941, 0.1026044695708625692, 0.1486279545579540229, 0.1904680796534075626, 0.2291597128161247943, 0.2637365329991422924, 0.2948558119208011807, 0.3226775984792924490, 0.3744882062814257062, 0.4267509599738786852, 0.4808689489716026499, 0.5371220724062902852, 0.5936647819838971607, 0.6488033823229971686, 0.7038931618098391851, 0.7594973611526907309, 0.8164579598030899943, 0.8750165272701831976, 0.9362741229621038830, 1.000000000000000000 ),
 .UNSPECIFIED. ) ;
#3397 = AXIS2_PLACEMENT_3D ( 'NONE', #2148, #806, #1446 ) ;
#3398 = EDGE_LOOP ( 'NONE', ( #1656, #2325, #407, #2685 ) ) ;
#3399 = FACE_OUTER_BOUND ( 'NONE', #297, .T. ) ;
#3400 = LINE ( 'NONE', #1811, #4117 ) ;
#3401 = CARTESIAN_POINT ( 'NONE',  ( 0.9645983647365201641, 3.218330167882581971, -8.000000000000000000 ) ) ;
#3402 = ORIENTED_EDGE ( 'NONE', *, *, #1084, .T. ) ;
#3403 = SURFACE_SIDE_STYLE ('',( #556 ) ) ;
#3404 = CARTESIAN_POINT ( 'NONE',  ( -2.880606522959398674, 4.301734419394539266, 1.400000000000000133 ) ) ;
#3405 = CARTESIAN_POINT ( 'NONE',  ( -0.02276156855564445344, 3.913480775122548216, -7.800000000000000711 ) ) ;
#3406 = CARTESIAN_POINT ( 'NONE',  ( -1.948032052545760839, 3.483622007462312098, -7.999999999999998224 ) ) ;
#3407 = PLANE ( 'NONE',  #3114 ) ;
#3408 = ORIENTED_EDGE ( 'NONE', *, *, #3979, .F. ) ;
#3409 = CARTESIAN_POINT ( 'NONE',  ( 1.431813577346742861, -3.043195122661538132, 1.399999999999999689 ) ) ;
#3410 = CARTESIAN_POINT ( 'NONE',  ( 0.9617136630375936468, 1.876605554784155805, -7.799999999999997158 ) ) ;
#3411 = CARTESIAN_POINT ( 'NONE',  ( 0.9350849941637264795, 3.706323291858420355, -7.800000000000002487 ) ) ;
#3412 = FACE_OUTER_BOUND ( 'NONE', #977, .T. ) ;
#3413 = ADVANCED_FACE ( 'NONE', ( #870 ), #2736, .T. ) ;
#3414 = ORIENTED_EDGE ( 'NONE', *, *, #3668, .T. ) ;
#3415 = CARTESIAN_POINT ( 'NONE',  ( 0.000000000000000000, 0.000000000000000000, -8.000000000000000000 ) ) ;
#3416 = CARTESIAN_POINT ( 'NONE',  ( -1.342315520343048796, 3.425258113134483917, -7.799999999999997158 ) ) ;
#3417 = CARTESIAN_POINT ( 'NONE',  ( -1.003969726562499609, 2.092555290670955692, -7.800000000000002487 ) ) ;
#3418 = CARTESIAN_POINT ( 'NONE',  ( 6.545653106749091066, 5.501663080890956792, 1.399999999999999689 ) ) ;
#3419 = EDGE_CURVE ( 'NONE', #3037, #192, #1536, .T. ) ;
#3420 = DIRECTION ( 'NONE',  ( 0.000000000000000000, 1.000000000000000000, 0.000000000000000000 ) ) ;
#3421 = CARTESIAN_POINT ( 'NONE',  ( 5.255711179279164647, 1.000000000000001998, 0.000000000000000000 ) ) ;
#3422 = ORIENTED_EDGE ( 'NONE', *, *, #2975, .T. ) ;
#3423 = CARTESIAN_POINT ( 'NONE',  ( 6.555331744025734153, 5.327043026194852260, 1.400000000000000133 ) ) ;
#3424 = CARTESIAN_POINT ( 'NONE',  ( 5.669476102941175988, 7.275925436580881644, 1.400000000000000133 ) ) ;
#3425 = VECTOR ( 'NONE', #3935, 1000.000000000000000 ) ;
#3426 = CARTESIAN_POINT ( 'NONE',  ( -2.836743951640059880, 4.868604589552248285, 2.000000000000000000 ) ) ;
#3427 = LINE ( 'NONE', #1840, #3827 ) ;
#3428 = CARTESIAN_POINT ( 'NONE',  ( -2.302575691596340679, 4.279840639398656776, -7.800000000000004263 ) ) ;
#3429 = CARTESIAN_POINT ( 'NONE',  ( -2.538790008088461558, 3.753720605104804875, -7.800000000000000711 ) ) ;
#3430 = ORIENTED_EDGE ( 'NONE', *, *, #1350, .T. ) ;
#3431 = CARTESIAN_POINT ( 'NONE',  ( 1.946611222967728150, -2.775686655184651741, 1.400000000000001021 ) ) ;
#3432 = CARTESIAN_POINT ( 'NONE',  ( 3.011909179687500604, 3.654990503647748135, 1.400000000000000133 ) ) ;
#3433 = CARTESIAN_POINT ( 'NONE',  ( -1.001699080619617988, 1.916190038222541858, -7.999999999999998224 ) ) ;
#3434 = PLANE ( 'NONE',  #759 ) ;
#3435 = CARTESIAN_POINT ( 'NONE',  ( 5.289265291076692854, 7.244249723219122750, 1.399999999999999245 ) ) ;
#3436 = CARTESIAN_POINT ( 'NONE',  ( -1.240197897518382719, 3.759686392989812553, -7.800000000000000711 ) ) ;
#3437 = EDGE_CURVE ( 'NONE', #710, #1654, #1215, .T. ) ;
#3438 = CARTESIAN_POINT ( 'NONE',  ( -0.6488704076559084211, 1.074771114938449568, -7.999999999999998224 ) ) ;
#3439 = ORIENTED_EDGE ( 'NONE', *, *, #873, .F. ) ;
#3440 = CARTESIAN_POINT ( 'NONE',  ( 6.555331744025734153, 5.327043026194852260, 2.000000000000000000 ) ) ;
#3441 = ORIENTED_EDGE ( 'NONE', *, *, #2686, .F. ) ;
#3442 = FACE_BOUND ( 'NONE', #1030, .T. ) ;
#3443 = EDGE_CURVE ( 'NONE', #375, #1843, #3131, .T. ) ;
#3444 = CARTESIAN_POINT ( 'NONE',  ( -1.348200672852992721, 4.137390307291287428, -8.000000000000000000 ) ) ;
#3445 = CARTESIAN_POINT ( 'NONE',  ( 4.601208217226993469, 6.960264359429478631, 1.400000000000000577 ) ) ;
#3446 = VERTEX_POINT ( 'NONE', #1923 ) ;
#3447 = CARTESIAN_POINT ( 'NONE',  ( 13.35000000000000142, 0.000000000000000000, -4.999999999999997335 ) ) ;
#3448 = CARTESIAN_POINT ( 'NONE',  ( -1.132337389507325431, 7.114487136356401287, 2.000000000000000444 ) ) ;
#3449 = CARTESIAN_POINT ( 'NONE',  ( 0.7903515363998023791, 7.211852079832890894, 1.400000000000000577 ) ) ;
#3450 = CARTESIAN_POINT ( 'NONE',  ( -2.714952196508892968, 5.553854587767534490, 1.400000000000000577 ) ) ;
#3451 = CARTESIAN_POINT ( 'NONE',  ( 0.8451324589877197146, -3.191974170939399613, 2.000000000000000444 ) ) ;
#3452 = AXIS2_PLACEMENT_3D ( 'NONE', #3026, #3258, #94 ) ;
#3453 = CIRCLE ( 'NONE', #3985, 1.000000000000000000 ) ;
#3454 = B_SPLINE_CURVE_WITH_KNOTS ( 'NONE', 3,
 ( #1800, #4105, #2447, #2405, #543, #3678, #3411, #3721, #827, #521, #1822, #1846, #2870, #328, #1578, #3864, #1620, #2567, #658, #2232, #2507, #3479, #2190, #583, #605, #889, #3235 ),
 .UNSPECIFIED., .F., .F.,
 ( 4, 1, 1, 1, 1, 1, 1, 1, 1, 1, 1, 1, 1, 1, 1, 1, 1, 1, 1, 1, 1, 1, 1, 1, 4 ),
 ( 0.000000000000000000, 0.06259121840097647826, 0.1211105918018106631, 0.1759386597790405793, 0.2264413399160007945, 0.2733600636876824530, 0.3161561963645265760, 0.3554796912097710759, 0.3911863842332319874, 0.4249742912012086649, 0.4584736302176755651, 0.4916818938248519455, 0.5255476034192438917, 0.5596679459944021717, 0.5945460646276249372, 0.6306631554487310831, 0.6680423085997023724, 0.7064478528708643124, 0.7450281240886544865, 0.7846213773287379345, 0.8251172150715183617, 0.8667046114550418512, 0.9095581024743908394, 0.9541505019105005481, 1.000000000000000000 ),
 .UNSPECIFIED. ) ;
#3455 = ORIENTED_EDGE ( 'NONE', *, *, #2465, .T. ) ;
#3456 = CARTESIAN_POINT ( 'NONE',  ( 12.34999999999999964, -5.500000000000004441, -5.000000000000000000 ) ) ;
#3457 = CARTESIAN_POINT ( 'NONE',  ( -0.3444917875761198678, 5.454990086332309751, 1.400000000000000133 ) ) ;
#3458 = CARTESIAN_POINT ( 'NONE',  ( -0.9378748870757195322, 1.446981028110133627, -8.000000000000003553 ) ) ;
#3459 = CARTESIAN_POINT ( 'NONE',  ( 5.255711179279164647, 1.000000000000001998, -8.000000000000000000 ) ) ;
#3460 = ORIENTED_EDGE ( 'NONE', *, *, #3867, .F. ) ;
#3461 = ORIENTED_EDGE ( 'NONE', *, *, #136, .F. ) ;
#3462 = CARTESIAN_POINT ( 'NONE',  ( 3.720593692555146603, 5.279059178969437660, 1.400000000000000133 ) ) ;
#3463 = B_SPLINE_SURFACE_WITH_KNOTS ( 'NONE', 3, 1, ( 
 ( #2524, #863 ),
 ( #4100, #263 ),
 ( #558, #1917 ),
 ( #3156, #2792 ),
 ( #241, #3780 ),
 ( #2540, #2847 ),
 ( #2184, #3474 ),
 ( #1880, #3802 ),
 ( #4136, #1231 ),
 ( #3532, #1552 ),
 ( #3820, #2226 ),
 ( #2829, #3194 ),
 ( #219, #635 ),
 ( #904, #302 ),
 ( #2206, #1591 ),
 ( #4154, #1269 ),
 ( #2245, #3593 ),
 ( #3550, #962 ),
 ( #3571, #653 ) ),
 .UNSPECIFIED., .F., .F., .F.,
 ( 4, 1, 1, 1, 1, 1, 1, 1, 1, 1, 1, 1, 1, 1, 1, 1, 4 ),
 ( 2, 2 ),
 ( 0.000000000000000000, 0.06963001001115806665, 0.1361645183060283537, 0.2014334164317536369, 0.2651404725783292893, 0.3276349053953567791, 0.3912834878663289384, 0.4551335782029530819, 0.5211512185189391966, 0.5865455023486725317, 0.6490399351656999105, 0.7100510743664287805, 0.7690012252589376596, 0.8272875842010324332, 0.8845622076186949734, 0.9419504873817100554, 1.000000000000000000 ),
 ( 0.000000000000000000, 1.000000000000000000 ),
 .UNSPECIFIED. ) ;
#3464 = CARTESIAN_POINT ( 'NONE',  ( 7.183858072917701065, 6.561073872234130633, 1.999999999999999556 ) ) ;
#3465 = CARTESIAN_POINT ( 'NONE',  ( -0.9006689049055440766, 1.362919390388692920, -7.799999999999998934 ) ) ;
#3466 = CARTESIAN_POINT ( 'NONE',  ( -1.889825367647059107, 3.480395795036764106, -7.799999999999999822 ) ) ;
#3467 = VERTEX_POINT ( 'NONE', #3539 ) ;
#3468 = EDGE_CURVE ( 'NONE', #3467, #2362, #3809, .T. ) ;
#3469 = CARTESIAN_POINT ( 'NONE',  ( -2.493008403985962129, 4.025160629585466943, -8.000000000000000000 ) ) ;
#3470 = CARTESIAN_POINT ( 'NONE',  ( 5.669476102941175988, 7.275925436580881644, 1.400000000000000133 ) ) ;
#3471 = EDGE_CURVE ( 'NONE', #1347, #1750, #2499, .T. ) ;
#3472 = CARTESIAN_POINT ( 'NONE',  ( 5.255711179279164647, 0.5000000000000022204, -7.500000000000000000 ) ) ;
#3473 = CARTESIAN_POINT ( 'NONE',  ( -0.06953862883239432524, 7.274185181849912141, 2.000000000000000000 ) ) ;
#3474 = CARTESIAN_POINT ( 'NONE',  ( 4.719834605423610441, 3.607908841252555288, 1.999999999999999556 ) ) ;
#3475 = CARTESIAN_POINT ( 'NONE',  ( 6.243798941026309279, 3.454154028951262667, 1.399999999999999689 ) ) ;
#3476 = CARTESIAN_POINT ( 'NONE',  ( 6.243798941026309279, 3.454154028951262667, 1.999999999999999556 ) ) ;
#3477 = CARTESIAN_POINT ( 'NONE',  ( 12.34999999999999964, -5.500000000000004441, 1.000000000000000000 ) ) ;
#3478 = CARTESIAN_POINT ( 'NONE',  ( -0.1761139641231494191, 5.693444108382381685, 1.399999999999999689 ) ) ;
#3479 = CARTESIAN_POINT ( 'NONE',  ( 0.3071509156790616091, 4.391214987781756562, -7.799999999999998934 ) ) ;
#3480 = CARTESIAN_POINT ( 'NONE',  ( -9.850000000000001421, -4.000000000000000000, -4.999999999999997335 ) ) ;
#3481 = ORIENTED_EDGE ( 'NONE', *, *, #3103, .F. ) ;
#3482 = CARTESIAN_POINT ( 'NONE',  ( -2.812285701764071000, -1.151240776112943731, 1.400000000000000133 ) ) ;
#3483 = CARTESIAN_POINT ( 'NONE',  ( 5.255711179279164647, 1.000000000000001998, -8.000000000000000000 ) ) ;
#3484 = CARTESIAN_POINT ( 'NONE',  ( 6.243560912196486790, 7.196525692285600684, 1.400000000000000577 ) ) ;
#3485 = FACE_OUTER_BOUND ( 'NONE', #1473, .T. ) ;
#3486 = EDGE_LOOP ( 'NONE', ( #3128, #523, #1034, #3236 ) ) ;
#3487 = CARTESIAN_POINT ( 'NONE',  ( 0.4823400525282393048, -1.340925784906134233, 1.400000000000000133 ) ) ;
#3488 = CARTESIAN_POINT ( 'NONE',  ( -1.641490786274075298, 3.935658654871171169, -7.999999999999998224 ) ) ;
#3489 = VERTEX_POINT ( 'NONE', #911 ) ;
#3490 = CARTESIAN_POINT ( 'NONE',  ( 0.1372995241155100798, 1.782503041084707140, -7.800000000000000711 ) ) ;
#3491 = CARTESIAN_POINT ( 'NONE',  ( -2.761495509023059736, 5.347002490802948316, 1.399999999999999689 ) ) ;
#3492 = EDGE_CURVE ( 'NONE', #71, #108, #171, .T. ) ;
#3493 = CARTESIAN_POINT ( 'NONE',  ( 3.005630094032006205, 4.185348301074226285, 1.399999999999999245 ) ) ;
#3494 = CARTESIAN_POINT ( 'NONE',  ( 7.612433490651777213, 5.130739372407906451, 1.999999999999999112 ) ) ;
#3495 = CARTESIAN_POINT ( 'NONE',  ( 2.997319622327183630, -0.4902887820185801715, 2.000000000000000888 ) ) ;
#3496 = VECTOR ( 'NONE', #2297, 1000.000000000000000 ) ;
#3497 = ORIENTED_EDGE ( 'NONE', *, *, #362, .F. ) ;
#3498 = CARTESIAN_POINT ( 'NONE',  ( 4.844474763792445238, 4.990137878269478300, 1.400000000000000133 ) ) ;
#3499 = CARTESIAN_POINT ( 'NONE',  ( -0.3444917875761198678, 5.454990086332309751, 2.000000000000000444 ) ) ;
#3500 = CARTESIAN_POINT ( 'NONE',  ( -1.240197897518382719, 3.759686392989812553, -7.800000000000000711 ) ) ;
#3501 = B_SPLINE_CURVE_WITH_KNOTS ( 'NONE', 3,
 ( #1052, #3317, #756, #427, #3335, #1748, #1729, #2998, #106, #2684, #3967, #3880, #3020, #2376, #2287, #2051, #3572, #3670, #1812, #1092, #1455, #775, #2395 ),
 .UNSPECIFIED., .F., .F.,
 ( 4, 1, 1, 1, 1, 1, 1, 1, 1, 1, 1, 1, 1, 1, 1, 1, 1, 1, 1, 1, 4 ),
 ( 0.000000000000000000, 0.08082635244481470305, 0.1550395768970233845, 0.2227733609102187096, 0.2847851602526776382, 0.3424250354995676537, 0.3973115550189068035, 0.4508676706832183134, 0.5038629975024276897, 0.5562249935823341263, 0.6065927579124832381, 0.6562198855780718709, 0.7044775129805357361, 0.7299621496015679112, 0.7589308403050066820, 0.7908552038020890684, 0.8260828059527682843, 0.8643514105921419333, 0.9063582302864707785, 0.9514554734419488069, 1.000000000000000000 ),
 .UNSPECIFIED. ) ;
#3502 = VECTOR ( 'NONE', #74, 1000.000000000000000 ) ;
#3503 = CARTESIAN_POINT ( 'NONE',  ( 0.4301407072998147396, 0.9877265680657929536, -7.800000000000000711 ) ) ;
#3504 = VERTEX_POINT ( 'NONE', #1258 ) ;
#3505 = CARTESIAN_POINT ( 'NONE',  ( -2.838999096368691966, -0.9827788533796945059, 1.400000000000000577 ) ) ;
#3506 = DIRECTION ( 'NONE',  ( -0.000000000000000000, 0.000000000000000000, -1.000000000000000000 ) ) ;
#3507 = CARTESIAN_POINT ( 'NONE',  ( 7.586853780418409521, 5.715202707332268872, 1.400000000000001021 ) ) ;
#3508 = ORIENTED_EDGE ( 'NONE', *, *, #1451, .T. ) ;
#3509 = PLANE ( 'NONE',  #2187 ) ;
#3510 = VERTEX_POINT ( 'NONE', #3828 ) ;
#3511 = CARTESIAN_POINT ( 'NONE',  ( 0.1993175192440267418, -3.236228170955882444, 1.400000000000000133 ) ) ;
#3512 = CARTESIAN_POINT ( 'NONE',  ( 5.477403666057846898, 7.270309794436741413, 1.400000000000001465 ) ) ;
#3513 = CARTESIAN_POINT ( 'NONE',  ( -2.528951260139469692, 3.905067569110754366, -8.000000000000000000 ) ) ;
#3514 = CARTESIAN_POINT ( 'NONE',  ( 13.35000000000000142, -5.500000000000004441, 1.000000000000000000 ) ) ;
#3515 = CARTESIAN_POINT ( 'NONE',  ( 0.000000000000000000, 0.000000000000000000, -8.000000000000000000 ) ) ;
#3516 = CARTESIAN_POINT ( 'NONE',  ( 12.34999999999999964, -6.500000000000004441, -4.999999999999997335 ) ) ;
#3517 = EDGE_CURVE ( 'NONE', #2705, #3552, #2839, .T. ) ;
#3518 = CARTESIAN_POINT ( 'NONE',  ( 5.041415413607677642, 4.693898877860265273, 1.399999999999999689 ) ) ;
#3519 = CARTESIAN_POINT ( 'NONE',  ( -0.2634505121332663680, 4.403950693277629114, -7.800000000000004263 ) ) ;
#3520 = CARTESIAN_POINT ( 'NONE',  ( -1.250978091713558005, 3.643870433566915867, -7.799999999999998934 ) ) ;
#3521 = DIRECTION ( 'NONE',  ( 0.000000000000000000, 0.000000000000000000, 1.000000000000000000 ) ) ;
#3522 = CIRCLE ( 'NONE', #1420, 0.5000000000000004441 ) ;
#3523 = ADVANCED_FACE ( 'NONE', ( #1664 ), #1009, .T. ) ;
#3524 = EDGE_LOOP ( 'NONE', ( #2254, #3027, #3814, #2274 ) ) ;
#3525 = CARTESIAN_POINT ( 'NONE',  ( 4.161847766804415372, 6.569419445881130137, 1.400000000000000133 ) ) ;
#3526 = CARTESIAN_POINT ( 'NONE',  ( -2.538790008088461558, 3.753720605104804875, -7.800000000000000711 ) ) ;
#3527 = CARTESIAN_POINT ( 'NONE',  ( 7.616441868527673797, 5.392943664534009862, 2.000000000000000444 ) ) ;
#3528 = CARTESIAN_POINT ( 'NONE',  ( -0.1850133592779721337, -1.660838435118596079, 1.400000000000000577 ) ) ;
#3529 = CARTESIAN_POINT ( 'NONE',  ( -2.885140989112778165, -0.3701833356475309200, 1.400000000000000133 ) ) ;
#3530 = CARTESIAN_POINT ( 'NONE',  ( 3.011909179687500604, 3.654990503647748135, 2.000000000000000000 ) ) ;
#3531 = CARTESIAN_POINT ( 'NONE',  ( -0.01845532585592786490, 1.433084980085783888, -7.800000000000000711 ) ) ;
#3532 = CARTESIAN_POINT ( 'NONE',  ( 4.264969974134260156, 3.971741766919486327, 1.400000000000000577 ) ) ;
#3533 = DIRECTION ( 'NONE',  ( 1.000000000000000000, 0.000000000000000000, 0.000000000000000000 ) ) ;
#3534 = VECTOR ( 'NONE', #2778, 1000.000000000000000 ) ;
#3535 = CARTESIAN_POINT ( 'NONE',  ( 3.005097241858857515, -0.2514298853323743144, 2.000000000000000000 ) ) ;
#3536 = CARTESIAN_POINT ( 'NONE',  ( -0.1770264710140237729, 3.528380751609601518, -8.000000000000003553 ) ) ;
#3537 = CARTESIAN_POINT ( 'NONE',  ( -0.5954219234902867752, 4.280029905885081476, -7.800000000000000711 ) ) ;
#3538 = CARTESIAN_POINT ( 'NONE',  ( -1.755346198095263821, 3.137353549875604664, -7.800000000000000711 ) ) ;
#3539 = CARTESIAN_POINT ( 'NONE',  ( 5.255711179279164647, 2.131934557129932611E-15, -7.500000000000000000 ) ) ;
#3540 = CARTESIAN_POINT ( 'NONE',  ( -0.01845532585592786490, 1.433084980085783888, -7.999999999999996447 ) ) ;
#3541 = CARTESIAN_POINT ( 'NONE',  ( -1.913640376782441699, 3.126669599871984673, -7.800000000000000711 ) ) ;
#3542 = CARTESIAN_POINT ( 'NONE',  ( 6.907727074789020705, 6.839521918195965000, 1.399999999999999689 ) ) ;
#3543 = EDGE_CURVE ( 'NONE', #3069, #1181, #435, .T. ) ;
#3544 = FACE_OUTER_BOUND ( 'NONE', #4087, .T. ) ;
#3545 = CARTESIAN_POINT ( 'NONE',  ( 4.763909878660289365, 7.056351672633958572, 1.999999999999999556 ) ) ;
#3546 = ORIENTED_EDGE ( 'NONE', *, *, #3595, .T. ) ;
#3547 = ADVANCED_FACE ( 'NONE', ( #3908 ), #2312, .T. ) ;
#3548 = FACE_OUTER_BOUND ( 'NONE', #1988, .T. ) ;
#3549 = DIRECTION ( 'NONE',  ( -0.000000000000000000, -0.000000000000000000, 1.000000000000000000 ) ) ;
#3550 = CARTESIAN_POINT ( 'NONE',  ( 3.722482038588205366, 5.220524680100828263, 1.400000000000000577 ) ) ;
#3551 = CARTESIAN_POINT ( 'NONE',  ( 2.881343980191932275, -1.439325461682739782, 1.999999999999999556 ) ) ;
#3552 = VERTEX_POINT ( 'NONE', #3674 ) ;
#3553 = FACE_OUTER_BOUND ( 'NONE', #3257, .T. ) ;
#3554 = CARTESIAN_POINT ( 'NONE',  ( 5.740921130347322432, 3.380008799615956239, 1.400000000000000133 ) ) ;
#3555 = CARTESIAN_POINT ( 'NONE',  ( -1.948032052545760839, 3.483622007462312098, -8.000000000000000000 ) ) ;
#3556 = VERTEX_POINT ( 'NONE', #2380 ) ;
#3557 = CARTESIAN_POINT ( 'NONE',  ( -2.862842578180626596, 4.595971571286026958, 1.999999999999999556 ) ) ;
#3558 = VECTOR ( 'NONE', #4055, 1000.000000000000000 ) ;
#3559 = FACE_OUTER_BOUND ( 'NONE', #518, .T. ) ;
#3560 = CARTESIAN_POINT ( 'NONE',  ( 5.755711179279164647, 1.000000000000001998, -7.500000000000000000 ) ) ;
#3561 = AXIS2_PLACEMENT_3D ( 'NONE', #1744, #1724, #1322 ) ;
#3562 = CARTESIAN_POINT ( 'NONE',  ( 6.753813737929112548, 6.957471641989286582, 2.000000000000000444 ) ) ;
#3563 = CARTESIAN_POINT ( 'NONE',  ( -0.3251977961022117225, -1.530859723663879679, 1.999999999999999556 ) ) ;
#3564 = ADVANCED_FACE ( 'NONE', ( #1077 ), #81, .T. ) ;
#3565 = CARTESIAN_POINT ( 'NONE',  ( -0.5954219234902867752, 4.280029905885081476, -8.000000000000000000 ) ) ;
#3566 = CARTESIAN_POINT ( 'NONE',  ( -1.876630484616845562, 6.751645749432434229, 1.999999999999999556 ) ) ;
#3567 = CARTESIAN_POINT ( 'NONE',  ( -1.003969726562499387, 3.218330167882581971, -7.800000000000000711 ) ) ;
#3568 = ORIENTED_EDGE ( 'NONE', *, *, #2814, .T. ) ;
#3569 = EDGE_CURVE ( 'NONE', #93, #3510, #720, .T. ) ;
#3570 = CARTESIAN_POINT ( 'NONE',  ( -0.003383906657769497617, 1.433558138672202054, -7.800000000000000711 ) ) ;
#3571 = CARTESIAN_POINT ( 'NONE',  ( 3.720593692555146603, 5.279059178969437660, 1.400000000000000133 ) ) ;
#3572 = CARTESIAN_POINT ( 'NONE',  ( 0.9463330321228982100, 1.672407048873434832, -8.000000000000000000 ) ) ;
#3573 = CARTESIAN_POINT ( 'NONE',  ( -1.314977296235323889, 4.082165017215587000, -7.999999999999996447 ) ) ;
#3574 = CARTESIAN_POINT ( 'NONE',  ( 7.048347083637458432, 3.946863024514748020, 1.400000000000000577 ) ) ;
#3575 = CARTESIAN_POINT ( 'NONE',  ( 0.02317954294413223509, 4.424728393949970418, -7.800000000000000711 ) ) ;
#3576 = EDGE_LOOP ( 'NONE', ( #3391, #601, #3422, #4073 ) ) ;
#3577 = CARTESIAN_POINT ( 'NONE',  ( 0.9526317946976062823, 1.734454023579438342, -7.800000000000002487 ) ) ;
#3578 = EDGE_LOOP ( 'NONE', ( #368, #2464, #507, #1544 ) ) ;
#3579 = ORIENTED_EDGE ( 'NONE', *, *, #3443, .T. ) ;
#3580 = CARTESIAN_POINT ( 'NONE',  ( 5.675012700697954493, 3.378160615808822431, 1.999999999999999556 ) ) ;
#3581 = CARTESIAN_POINT ( 'NONE',  ( -2.185110581341912273, 3.775681008731617272, -7.800000000000000711 ) ) ;
#3582 = CARTESIAN_POINT ( 'NONE',  ( 0.5302568632117208303, 4.707579355440102198, 2.000000000000000000 ) ) ;
#3583 = DIRECTION ( 'NONE',  ( 1.000000000000000000, 0.000000000000000000, 0.000000000000000000 ) ) ;
#3584 = AXIS2_PLACEMENT_3D ( 'NONE', #2585, #2547, #1922 ) ;
#3585 = DIRECTION ( 'NONE',  ( -0.000000000000000000, -0.000000000000000000, -1.000000000000000000 ) ) ;
#3586 = ORIENTED_EDGE ( 'NONE', *, *, #3614, .F. ) ;
#3587 = AXIS2_PLACEMENT_3D ( 'NONE', #1589, #940, #592 ) ;
#3588 = CARTESIAN_POINT ( 'NONE',  ( 3.720593692555146603, 5.279059178969437660, 1.400000000000000133 ) ) ;
#3589 = CARTESIAN_POINT ( 'NONE',  ( -2.142781789478129016E-31, 1.166476076187853824E-15, 0.000000000000000000 ) ) ;
#3590 =( LENGTH_UNIT ( ) NAMED_UNIT ( * ) SI_UNIT ( .MILLI., .METRE. ) );
#3591 = EDGE_LOOP ( 'NONE', ( #950, #1757, #2967, #2100 ) ) ;
#3592 = CARTESIAN_POINT ( 'NONE',  ( -0.4118985723465276583, -0.6524908767458763581, 2.000000000000000444 ) ) ;
#3593 = CARTESIAN_POINT ( 'NONE',  ( 3.726237220802078642, 5.104122439620869756, 2.000000000000000888 ) ) ;
#3594 = DIRECTION ( 'NONE',  ( 1.000000000000000000, 0.000000000000000000, -0.000000000000000000 ) ) ;
#3595 = EDGE_CURVE ( 'NONE', #2948, #3829, #701, .T. ) ;
#3596 = CARTESIAN_POINT ( 'NONE',  ( -0.1673866558941047578, 3.763711979635712801, -7.800000000000000711 ) ) ;
#3597 = CARTESIAN_POINT ( 'NONE',  ( -0.9760121672019519412, 3.728162067587304840, -7.999999999999996447 ) ) ;
#3598 = CARTESIAN_POINT ( 'NONE',  ( 0.8642605743771548665, 3.971647969164745717, -7.800000000000002487 ) ) ;
#3599 = CARTESIAN_POINT ( 'NONE',  ( -5.255711179279164647, 1.000000000000000222, -8.000000000000000000 ) ) ;
#3600 = VERTEX_POINT ( 'NONE', #2359 ) ;
#3601 = CARTESIAN_POINT ( 'NONE',  ( 3.720593692555146603, 5.279059178969437660, 2.000000000000000000 ) ) ;
#3602 = CARTESIAN_POINT ( 'NONE',  ( -2.081266313675437907, 3.151384676317088296, -8.000000000000003553 ) ) ;
#3603 = FACE_OUTER_BOUND ( 'NONE', #338, .T. ) ;
#3604 = CARTESIAN_POINT ( 'NONE',  ( 6.552074752509041922, 5.268281031036491591, 1.400000000000000133 ) ) ;
#3605 = CARTESIAN_POINT ( 'NONE',  ( -1.680471804535894398, 3.564632959286756719, -7.800000000000002487 ) ) ;
#3606 = ORIENTED_EDGE ( 'NONE', *, *, #4003, .T. ) ;
#3607 = CARTESIAN_POINT ( 'NONE',  ( -0.1041884490174367628, 3.898426798038243657, -7.999999999999998224 ) ) ;
#3608 = CARTESIAN_POINT ( 'NONE',  ( 5.728238098099536657, 6.209641675762717306, 2.000000000000000000 ) ) ;
#3609 = CARTESIAN_POINT ( 'NONE',  ( 7.616370024265384231, 5.261161815314411960, 1.400000000000000133 ) ) ;
#3610 = CARTESIAN_POINT ( 'NONE',  ( -1.889825367647059107, 4.425308478860293881, -8.000000000000000000 ) ) ;
#3611 = CARTESIAN_POINT ( 'NONE',  ( -2.184024917503015306, 3.795268340451070976, -7.800000000000000711 ) ) ;
#3612 = CARTESIAN_POINT ( 'NONE',  ( 5.608140958189085090, 6.210140744096929843, 1.999999999999999556 ) ) ;
#3613 = ORIENTED_EDGE ( 'NONE', *, *, #1502, .F. ) ;
#3614 = EDGE_CURVE ( 'NONE', #3552, #2396, #3004, .T. ) ;
#3615 = CARTESIAN_POINT ( 'NONE',  ( -13.35000000000000142, 1.634905937098808139E-15, -4.999999999999997335 ) ) ;
#3616 = CARTESIAN_POINT ( 'NONE',  ( -0.9897235272415987328, 3.614394954217974298, -7.799999999999997158 ) ) ;
#3617 = DIRECTION ( 'NONE',  ( 0.000000000000000000, -1.000000000000000000, 0.000000000000000000 ) ) ;
#3618 = ORIENTED_EDGE ( 'NONE', *, *, #2237, .T. ) ;
#3619 = CARTESIAN_POINT ( 'NONE',  ( -0.09961889703911035177, 1.448669462371416028, -7.799999999999998934 ) ) ;
#3620 = CARTESIAN_POINT ( 'NONE',  ( 0.09087723895733368362, 1.465830098744828947, -7.799999999999998934 ) ) ;
#3621 = ADVANCED_FACE ( 'NONE', ( #762 ), #51, .T. ) ;
#3622 = CARTESIAN_POINT ( 'NONE',  ( -1.436933671747921526, 3.309242050696285187, -7.800000000000000711 ) ) ;
#3623 = CARTESIAN_POINT ( 'NONE',  ( 0.06828470566693553567, 5.740442325367648202, 2.000000000000000888 ) ) ;
#3624 = CARTESIAN_POINT ( 'NONE',  ( -2.165491655957418438, 3.889573868481161600, -8.000000000000000000 ) ) ;
#3625 = CARTESIAN_POINT ( 'NONE',  ( -1.832203407260645678, 3.483574223447402751, -7.800000000000000711 ) ) ;
#3626 = ORIENTED_EDGE ( 'NONE', *, *, #747, .F. ) ;
#3627 = VECTOR ( 'NONE', #2110, 1000.000000000000000 ) ;
#3628 = ORIENTED_EDGE ( 'NONE', *, *, #3647, .T. ) ;
#3629 = CARTESIAN_POINT ( 'NONE',  ( -0.02276156855564445344, 3.913480775122548216, -8.000000000000005329 ) ) ;
#3630 = CARTESIAN_POINT ( 'NONE',  ( 0.1988120980592496811, 5.735111236498759091, 1.400000000000000133 ) ) ;
#3631 = FACE_OUTER_BOUND ( 'NONE', #1599, .T. ) ;
#3632 = CIRCLE ( 'NONE', #2353, 0.4999999999999995559 ) ;
#3633 = DIRECTION ( 'NONE',  ( 1.000000000000000000, 0.000000000000000000, 0.000000000000000000 ) ) ;
#3634 = CARTESIAN_POINT ( 'NONE',  ( -0.3683445395827049107, -1.376114843198787518, 1.399999999999999689 ) ) ;
#3635 = DIRECTION ( 'NONE',  ( 1.000000000000000000, 0.000000000000000000, 0.000000000000000000 ) ) ;
#3636 = CARTESIAN_POINT ( 'NONE',  ( 3.720593692555146603, 5.279059178969437660, 1.400000000000000133 ) ) ;
#3637 = EDGE_LOOP ( 'NONE', ( #1642, #2985, #544, #886 ) ) ;
#3638 = CARTESIAN_POINT ( 'NONE',  ( -2.891882982298689342, 3.985430030306416960, 2.000000000000000444 ) ) ;
#3639 = CARTESIAN_POINT ( 'NONE',  ( 6.060666993066623931, 3.410050571356232574, 1.400000000000000133 ) ) ;
#3640 = CARTESIAN_POINT ( 'NONE',  ( 0.6255434948722830013, 4.250548583144144743, -7.999999999999996447 ) ) ;
#3641 = CARTESIAN_POINT ( 'NONE',  ( 2.966570848835663909, -0.9094740654179277461, 2.000000000000000000 ) ) ;
#3642 = EDGE_CURVE ( 'NONE', #376, #1093, #1117, .T. ) ;
#3643 = CARTESIAN_POINT ( 'NONE',  ( 0.08877790262541632171, 3.874091375037045815, -7.800000000000004263 ) ) ;
#3644 = CARTESIAN_POINT ( 'NONE',  ( 0.4871273209369177404, 5.389588529691526020, 2.000000000000000444 ) ) ;
#3645 = CARTESIAN_POINT ( 'NONE',  ( -1.948032052545761283, 4.067740010000924222, -7.800000000000000711 ) ) ;
#3646 = FACE_OUTER_BOUND ( 'NONE', #3576, .T. ) ;
#3647 = EDGE_CURVE ( 'NONE', #4094, #740, #2931, .T. ) ;
#3648 = CARTESIAN_POINT ( 'NONE',  ( 6.555331744025734153, 5.327043026194852260, 2.000000000000000000 ) ) ;
#3649 = CARTESIAN_POINT ( 'NONE',  ( 0.5310794130420736225, 4.585142254828806330, 1.400000000000000133 ) ) ;
#3650 = DIRECTION ( 'NONE',  ( -1.000000000000000000, 0.000000000000000000, -0.000000000000000000 ) ) ;
#3651 = AXIS2_PLACEMENT_3D ( 'NONE', #3085, #193, #2068 ) ;
#3652 = CARTESIAN_POINT ( 'NONE',  ( -0.3817715525028148038, -1.275332894046412813, 1.400000000000000577 ) ) ;
#3653 = CARTESIAN_POINT ( 'NONE',  ( -0.9760121672019519412, 3.728162067587304840, -7.800000000000000711 ) ) ;
#3654 = CARTESIAN_POINT ( 'NONE',  ( 4.794386074457576363, 5.507702971591401209, 1.400000000000000133 ) ) ;
#3655 = CARTESIAN_POINT ( 'NONE',  ( 5.255711179279164647, 2.131934557129932611E-15, -7.500000000000000000 ) ) ;
#3656 = CARTESIAN_POINT ( 'NONE',  ( 0.5187853830514310705, -1.005002373543649519, 2.000000000000000000 ) ) ;
#3657 = CARTESIAN_POINT ( 'NONE',  ( 0.1571700648719759341, 4.417766041904566343, -7.999999999999994671 ) ) ;
#3658 = CARTESIAN_POINT ( 'NONE',  ( -2.184024917503014862, 3.756093677012163567, -7.800000000000000711 ) ) ;
#3659 = CARTESIAN_POINT ( 'NONE',  ( 0.9122345066759582899, 1.507319794585516792, -7.800000000000000711 ) ) ;
#3660 = CARTESIAN_POINT ( 'NONE',  ( 6.555331744025734153, 5.327043026194852260, 1.400000000000000133 ) ) ;
#3661 = DIRECTION ( 'NONE',  ( 1.000000000000000000, 0.000000000000000000, -0.000000000000000000 ) ) ;
#3662 = PLANE ( 'NONE',  #1395 ) ;
#3663 = CARTESIAN_POINT ( 'NONE',  ( -1.242079073600692807, 3.701374146540290511, -8.000000000000001776 ) ) ;
#3664 = ADVANCED_FACE ( 'NONE', ( #2099 ), #3407, .T. ) ;
#3665 = CARTESIAN_POINT ( 'NONE',  ( -0.09961889703911035177, 1.448669462371416028, -7.799999999999998934 ) ) ;
#3666 = CARTESIAN_POINT ( 'NONE',  ( 0.4871273209369177404, 5.389588529691526020, 1.400000000000000577 ) ) ;
#3667 = CARTESIAN_POINT ( 'NONE',  ( -2.081186970732161967, 4.398841897428533265, -7.999999999999996447 ) ) ;
#3668 = EDGE_CURVE ( 'NONE', #1742, #3764, #1570, .T. ) ;
#3669 = CARTESIAN_POINT ( 'NONE',  ( 4.792220915652936064, 5.165080501449014427, 2.000000000000000000 ) ) ;
#3670 = CARTESIAN_POINT ( 'NONE',  ( 0.9526317946976062823, 1.734454023579438342, -8.000000000000001776 ) ) ;
#3671 = CARTESIAN_POINT ( 'NONE',  ( -1.432734239607713178, 4.237766656497261586, -7.800000000000002487 ) ) ;
#3672 = CARTESIAN_POINT ( 'NONE',  ( 2.832375795700949883, 5.587399783203815140, 2.000000000000000444 ) ) ;
#3673 = CARTESIAN_POINT ( 'NONE',  ( -2.251271245976370849, 4.319157213996427380, -7.799999999999998934 ) ) ;
#3674 = CARTESIAN_POINT ( 'NONE',  ( -0.1771711282169113333, 1.824953065759994830, -7.800000000000000711 ) ) ;
#3675 = ORIENTED_EDGE ( 'NONE', *, *, #1666, .T. ) ;
#3676 = CARTESIAN_POINT ( 'NONE',  ( 2.997319622327183630, -0.4902887820185801715, 1.400000000000001021 ) ) ;
#3677 = CARTESIAN_POINT ( 'NONE',  ( 0.9644774672285054695, 1.956785405036968850, -7.800000000000000711 ) ) ;
#3678 = CARTESIAN_POINT ( 'NONE',  ( 0.9455813172133540334, 3.622868196517415651, -7.799999999999998934 ) ) ;
#3679 = CARTESIAN_POINT ( 'NONE',  ( -1.614824921264149671, 3.663379292756493655, -7.800000000000002487 ) ) ;
#3680 = CARTESIAN_POINT ( 'NONE',  ( -0.06643917308134131283, 0.9212572763480387783, -7.800000000000000711 ) ) ;
#3681 = LINE ( 'NONE', #463, #3287 ) ;
#3682 = CARTESIAN_POINT ( 'NONE',  ( -1.003868811730145749, 2.061794829306720089, -7.800000000000000711 ) ) ;
#3683 = CARTESIAN_POINT ( 'NONE',  ( 0.4483862921433347526, 5.549392082112230007, 1.399999999999999689 ) ) ;
#3684 = TOROIDAL_SURFACE ( 'NONE', #2416, 5.849999999999999645, 0.5000000000000000000 ) ;
#3685 = CARTESIAN_POINT ( 'NONE',  ( -1.598128691485859676, 3.835900990530466181, -7.800000000000000711 ) ) ;
#3686 = VECTOR ( 'NONE', #244, 1000.000000000000000 ) ;
#3687 = DIRECTION ( 'NONE',  ( 0.000000000000000000, 0.000000000000000000, -1.000000000000000000 ) ) ;
#3688 = CARTESIAN_POINT ( 'NONE',  ( 0.1571700648719759341, 4.417766041904566343, -8.000000000000001776 ) ) ;
#3689 = EDGE_CURVE ( 'NONE', #2716, #517, #1797, .T. ) ;
#3690 = VERTEX_POINT ( 'NONE', #1165 ) ;
#3691 = LINE ( 'NONE', #2114, #3350 ) ;
#3692 = CARTESIAN_POINT ( 'NONE',  ( -1.290422121899442054, -3.036820295802619807, 2.000000000000000000 ) ) ;
#3693 = CARTESIAN_POINT ( 'NONE',  ( 1.484401331418255809, 6.992374253174050480, 2.000000000000000000 ) ) ;
#3694 = CARTESIAN_POINT ( 'NONE',  ( -2.893795094209557828, 3.654990503647748135, 1.400000000000000133 ) ) ;
#3695 = CARTESIAN_POINT ( 'NONE',  ( 0.5274964229032996776, -3.228569287223432838, 1.400000000000000577 ) ) ;
#3696 = ORIENTED_EDGE ( 'NONE', *, *, #61, .F. ) ;
#3697 = EDGE_LOOP ( 'NONE', ( #3741, #562, #3723, #1295 ) ) ;
#3698 = CARTESIAN_POINT ( 'NONE',  ( -2.054737238764397844, 3.527856323478645528, -7.800000000000002487 ) ) ;
#3699 = CARTESIAN_POINT ( 'NONE',  ( 2.610806509589542301, 6.062154077911867667, 1.399999999999999245 ) ) ;
#3700 = CARTESIAN_POINT ( 'NONE',  ( -0.8515505182176099641, 1.282166281731333957, -8.000000000000000000 ) ) ;
#3701 = CARTESIAN_POINT ( 'NONE',  ( 4.404848524530566856, 3.832621167850784882, 1.400000000000000133 ) ) ;
#3702 = CARTESIAN_POINT ( 'NONE',  ( 0.1993175192440267418, -3.236228170955882444, 1.400000000000000133 ) ) ;
#3703 = CARTESIAN_POINT ( 'NONE',  ( -1.519443653518315340, 3.237213869575690683, -8.000000000000001776 ) ) ;
#3704 = B_SPLINE_CURVE_WITH_KNOTS ( 'NONE', 3,
 ( #477, #1142, #1080, #1099, #3698, #3975, #3028, #2403, #1462, #3658, #3718 ),
 .UNSPECIFIED., .F., .F.,
 ( 4, 1, 1, 1, 1, 1, 1, 1, 4 ),
 ( 0.000000000000000000, 0.1266042765279085103, 0.2496192610236175613, 0.3719166998245294620, 0.4999999999999997780, 0.6280833001754707601, 0.7503807389763819113, 0.8733957234720909346, 1.000000000000000000 ),
 .UNSPECIFIED. ) ;
#3705 = CARTESIAN_POINT ( 'NONE',  ( -0.1757340795685372326, 1.713367051808187158, -8.000000000000000000 ) ) ;
#3706 = CARTESIAN_POINT ( 'NONE',  ( -0.4133992991727929445, 4.520545286290785114, 2.000000000000000000 ) ) ;
#3707 = CARTESIAN_POINT ( 'NONE',  ( -1.721157398081947010, 4.021343731239312547, -7.799999999999998934 ) ) ;
#3708 = CARTESIAN_POINT ( 'NONE',  ( -0.2634505121332663680, 4.403950693277629114, -7.800000000000004263 ) ) ;
#3709 = AXIS2_PLACEMENT_3D ( 'NONE', #1101, #869, #1513 ) ;
#3710 = FACE_OUTER_BOUND ( 'NONE', #1521, .T. ) ;
#3711 = VECTOR ( 'NONE', #2827, 1000.000000000000000 ) ;
#3712 = PLANE ( 'NONE',  #257 ) ;
#3713 = DIRECTION ( 'NONE',  ( 0.000000000000000000, 0.000000000000000000, 1.000000000000000000 ) ) ;
#3714 = EDGE_CURVE ( 'NONE', #1604, #375, #1633, .T. ) ;
#3715 = CARTESIAN_POINT ( 'NONE',  ( 1.786265770470863545, 6.840089717655249757, 2.000000000000000000 ) ) ;
#3716 = CARTESIAN_POINT ( 'NONE',  ( -1.909412699366512811, 3.481481458875660628, -7.799999999999998934 ) ) ;
#3717 = CARTESIAN_POINT ( 'NONE',  ( -1.677270755068825281, 3.981368548467305146, -8.000000000000000000 ) ) ;
#3718 = CARTESIAN_POINT ( 'NONE',  ( -2.185110581341912273, 3.775681008731617272, -7.800000000000000711 ) ) ;
#3719 = ADVANCED_FACE ( 'NONE', ( #2483 ), #590, .T. ) ;
#3720 = CARTESIAN_POINT ( 'NONE',  ( 0.1465786073986812821, 7.272316286008129183, 2.000000000000000000 ) ) ;
#3721 = CARTESIAN_POINT ( 'NONE',  ( 0.9204985030076876518, 3.782334163600982180, -7.799999999999997158 ) ) ;
#3722 = CARTESIAN_POINT ( 'NONE',  ( 4.264969974134260156, 3.971741766919486327, 1.400000000000000577 ) ) ;
#3723 = ORIENTED_EDGE ( 'NONE', *, *, #2919, .T. ) ;
#3724 = CARTESIAN_POINT ( 'NONE',  ( 5.163472194245839475, 6.064031193717939416, 2.000000000000000444 ) ) ;
#3725 = CARTESIAN_POINT ( 'NONE',  ( -1.630820488601973262, 3.174821892840042015, -8.000000000000003553 ) ) ;
#3726 = CARTESIAN_POINT ( 'NONE',  ( -0.9006689049055440766, 1.362919390388692920, -7.999999999999996447 ) ) ;
#3727 = CARTESIAN_POINT ( 'NONE',  ( 5.728238098099536657, 6.209641675762717306, 1.400000000000000133 ) ) ;
#3728 = VECTOR ( 'NONE', #2759, 1000.000000000000000 ) ;
#3729 = ORIENTED_EDGE ( 'NONE', *, *, #3471, .T. ) ;
#3730 = CARTESIAN_POINT ( 'NONE',  ( -2.537549187391801020, 3.841134855738898235, -7.999999999999998224 ) ) ;
#3731 = DIRECTION ( 'NONE',  ( -0.000000000000000000, -0.000000000000000000, 1.000000000000000000 ) ) ;
#3732 = VERTEX_POINT ( 'NONE', #3516 ) ;
#3733 = CARTESIAN_POINT ( 'NONE',  ( 0.6255434948722830013, 4.250548583144144743, -8.000000000000003553 ) ) ;
#3734 = CARTESIAN_POINT ( 'NONE',  ( -1.955668256048827880, 4.423353943764362306, -7.799999999999998934 ) ) ;
#3735 = CARTESIAN_POINT ( 'NONE',  ( -2.299176517560878708, 6.371661651599353604, 1.400000000000000133 ) ) ;
#3736 = CARTESIAN_POINT ( 'NONE',  ( -0.4133992991727929445, -0.4494739667107077175, 1.400000000000000133 ) ) ;
#3737 = CARTESIAN_POINT ( 'NONE',  ( -1.948032052545760839, 3.483622007462312098, -7.800000000000000711 ) ) ;
#3738 = CARTESIAN_POINT ( 'NONE',  ( -1.869380319396362067, 4.070046914698977503, -8.000000000000000000 ) ) ;
#3739 = ORIENTED_EDGE ( 'NONE', *, *, #4024, .F. ) ;
#3740 = EDGE_CURVE ( 'NONE', #436, #736, #771, .T. ) ;
#3741 = ORIENTED_EDGE ( 'NONE', *, *, #344, .T. ) ;
#3742 = CARTESIAN_POINT ( 'NONE',  ( 13.35000000000000142, -6.500000000000004441, 2.000000000000000000 ) ) ;
#3743 = CARTESIAN_POINT ( 'NONE',  ( 3.011560601737322873, 3.747884126212034595, 2.000000000000000000 ) ) ;
#3744 = CARTESIAN_POINT ( 'NONE',  ( 0.000000000000000000, 1.166476076187853824E-15, 1.000000000000000000 ) ) ;
#3745 = CARTESIAN_POINT ( 'NONE',  ( -0.3157598911468103564, 5.537764900186234129, 2.000000000000000000 ) ) ;
#3746 = EDGE_CURVE ( 'NONE', #992, #229, #3396, .T. ) ;
#3747 = CARTESIAN_POINT ( 'NONE',  ( 4.783620461856617823, 5.351034949807558228, 2.000000000000000444 ) ) ;
#3748 = CARTESIAN_POINT ( 'NONE',  ( -1.250978091713558005, 3.643870433566915867, -7.799999999999998934 ) ) ;
#3749 = CARTESIAN_POINT ( 'NONE',  ( -0.6488704076559084211, 1.074771114938449568, -7.800000000000000711 ) ) ;
#3750 = CARTESIAN_POINT ( 'NONE',  ( -0.3820718308487511816, 0.9572348179768747078, -7.799999999999998934 ) ) ;
#3751 = B_SPLINE_CURVE_WITH_KNOTS ( 'NONE', 3,
 ( #3405, #4010, #1115, #3046, #1774, #4057, #514, #1138, #840, #2418, #3970, #2771, #760, #2378, #2054 ),
 .UNSPECIFIED., .F., .F.,
 ( 4, 1, 1, 1, 1, 1, 1, 1, 1, 1, 1, 1, 4 ),
 ( 0.000000000000000000, 0.09120244535704478961, 0.1695125275593716008, 0.2429296697385943116, 0.3188632777225064996, 0.3637035003515410314, 0.4198192760793775236, 0.4866759867146996377, 0.5655077154004709561, 0.6565998642578251276, 0.7586999324825447477, 0.8731422143676408343, 1.000000000000000000 ),
 .UNSPECIFIED. ) ;
#3752 = B_SPLINE_CURVE_WITH_KNOTS ( 'NONE', 3,
 ( #1918, #3803, #3195, #303, #3839, #905, #945, #3212, #1934, #380, #62, #1348, #1089, #102, #2410, #2659, #3291, #1788, #125 ),
 .UNSPECIFIED., .F., .F.,
 ( 4, 1, 1, 1, 1, 1, 1, 1, 1, 1, 1, 1, 1, 1, 1, 1, 4 ),
 ( 0.000000000000000000, 0.06833157958967923939, 0.1342348527815865056, 0.1975946106969344584, 0.2604882456957057779, 0.3220997330919143642, 0.3844051038514996188, 0.4467359209551155508, 0.5109931118931115845, 0.5753270344068194264, 0.6373034949318282516, 0.6974710224329669916, 0.7574743337423026635, 0.8171744251021129113, 0.8770689894131800113, 0.9375985530526442790, 1.000000000000000000 ),
 .UNSPECIFIED. ) ;
#3753 = ORIENTED_EDGE ( 'NONE', *, *, #1084, .F. ) ;
#3754 = CARTESIAN_POINT ( 'NONE',  ( -0.03355601300966146866, 1.433688855801658946, -8.000000000000000000 ) ) ;
#3755 = CARTESIAN_POINT ( 'NONE',  ( -1.240750206957492496, 3.783303088129557068, -8.000000000000000000 ) ) ;
#3756 = AXIS2_PLACEMENT_3D ( 'NONE', #3415, #2386, #4019 ) ;
#3757 = CARTESIAN_POINT ( 'NONE',  ( 4.445836224500466116, 6.844748723518424782, 1.399999999999999689 ) ) ;
#3758 = CARTESIAN_POINT ( 'NONE',  ( 7.479025211957886832, 6.075481888756404381, 1.400000000000000577 ) ) ;
#3759 = CIRCLE ( 'NONE', #1951, 1.000000000000000888 ) ;
#3760 = CARTESIAN_POINT ( 'NONE',  ( -1.876630484616845562, 6.751645749432434229, 1.399999999999999689 ) ) ;
#3761 = DIRECTION ( 'NONE',  ( 0.1869158878504679488, 0.9823759213605917084, 0.000000000000000000 ) ) ;
#3762 = CARTESIAN_POINT ( 'NONE',  ( -1.132337389507325431, 7.114487136356401287, 1.400000000000000577 ) ) ;
#3763 = DIRECTION ( 'NONE',  ( -0.000000000000000000, -0.000000000000000000, -1.000000000000000000 ) ) ;
#3764 = VERTEX_POINT ( 'NONE', #361 ) ;
#3765 = EDGE_LOOP ( 'NONE', ( #2926, #4144, #3579, #989 ) ) ;
#3766 = CARTESIAN_POINT ( 'NONE',  ( -5.255711179279164647, 1.000000000000000222, -7.500000000000000000 ) ) ;
#3767 = CARTESIAN_POINT ( 'NONE',  ( -0.8210861088693969245, 4.093930577862482600, -7.999999999999998224 ) ) ;
#3768 = CARTESIAN_POINT ( 'NONE',  ( -0.9991065407757270256, 1.836570405993806387, -8.000000000000001776 ) ) ;
#3769 = CARTESIAN_POINT ( 'NONE',  ( -0.4133992991727929445, 4.520545286290785114, 2.000000000000000000 ) ) ;
#3770 = CARTESIAN_POINT ( 'NONE',  ( -2.857895384092816293, -0.7966379292616853069, 1.400000000000000133 ) ) ;
#3771 = CARTESIAN_POINT ( 'NONE',  ( -1.240827346196068603, 3.740174893366941422, -8.000000000000000000 ) ) ;
#3772 = CARTESIAN_POINT ( 'NONE',  ( -0.4772711924489133062, 0.9856016257794870672, -8.000000000000000000 ) ) ;
#3773 = EDGE_CURVE ( 'NONE', #742, #428, #1374, .T. ) ;
#3774 = CARTESIAN_POINT ( 'NONE',  ( -1.870435344070909611, 3.481465349099210460, -7.800000000000002487 ) ) ;
#3775 = CARTESIAN_POINT ( 'NONE',  ( -1.641490786274075298, 3.935658654871171169, -7.800000000000000711 ) ) ;
#3776 = DIRECTION ( 'NONE',  ( 1.000000000000000000, 0.000000000000000000, 0.000000000000000000 ) ) ;
#3777 = LINE ( 'NONE', #3797, #2102 ) ;
#3778 = CARTESIAN_POINT ( 'NONE',  ( -2.805254982491176552, 5.118969875575263728, 1.400000000000000577 ) ) ;
#3779 = AXIS2_PLACEMENT_3D ( 'NONE', #1180, #2497, #3776 ) ;
#3780 = CARTESIAN_POINT ( 'NONE',  ( 5.073664579015853882, 3.456706664035845034, 2.000000000000000000 ) ) ;
#3781 = CARTESIAN_POINT ( 'NONE',  ( 7.397727384480455193, 4.408377608780962298, 2.000000000000000000 ) ) ;
#3782 = CARTESIAN_POINT ( 'NONE',  ( 2.376908241515368392, -2.383537578948698332, 2.000000000000000000 ) ) ;
#3783 = VECTOR ( 'NONE', #2335, 1000.000000000000000 ) ;
#3784 = CARTESIAN_POINT ( 'NONE',  ( 5.496610221781936367, 4.450722670342210030, 2.000000000000000888 ) ) ;
#3785 = CARTESIAN_POINT ( 'NONE',  ( -0.8702688365298465456, 4.020718025970621667, -7.799999999999998934 ) ) ;
#3786 = DIRECTION ( 'NONE',  ( -0.000000000000000000, -0.000000000000000000, -1.000000000000000000 ) ) ;
#3787 = CARTESIAN_POINT ( 'NONE',  ( 0.1377997663909319159, 3.506848428763595038, -8.000000000000000000 ) ) ;
#3788 = EDGE_LOOP ( 'NONE', ( #511, #2871, #3009, #2855 ) ) ;
#3789 = CARTESIAN_POINT ( 'NONE',  ( -2.875412226811572936, -0.5924431635091723658, 1.400000000000000133 ) ) ;
#3790 = B_SPLINE_SURFACE_WITH_KNOTS ( 'NONE', 3, 1, ( 
 ( #704, #1669 ),
 ( #2020, #3976 ),
 ( #415, #54 ),
 ( #2608, #1340 ),
 ( #2987, #2339 ),
 ( #2630, #35 ),
 ( #2000, #3936 ),
 ( #3307, #2963 ),
 ( #1081, #3283 ),
 ( #97, #2365 ),
 ( #394, #1040 ),
 ( #1738, #724 ),
 ( #1691, #3006 ),
 ( #3659, #1384 ),
 ( #1404, #2693 ),
 ( #1965, #3240 ),
 ( #1100, #2712 ),
 ( #1121, #2404 ),
 ( #826, #2797 ),
 ( #3410, #2080 ),
 ( #3677, #2425 ),
 ( #2059, #2144 ),
 ( #1760, #138 ) ),
 .UNSPECIFIED., .F., .F., .F.,
 ( 4, 1, 1, 1, 1, 1, 1, 1, 1, 1, 1, 1, 1, 1, 1, 1, 1, 1, 1, 1, 4 ),
 ( 2, 2 ),
 ( 0.000000000000000000, 0.08082635244481470305, 0.1550395768970233845, 0.2227733609102187096, 0.2847851602526776382, 0.3424250354995676537, 0.3973115550189068035, 0.4508676706832183134, 0.5038629975024276897, 0.5562249935823341263, 0.6065927579124832381, 0.6562198855780718709, 0.7044775129805357361, 0.7299621496015679112, 0.7589308403050066820, 0.7908552038020890684, 0.8260828059527682843, 0.8643514105921419333, 0.9063582302864707785, 0.9514554734419488069, 1.000000000000000000 ),
 ( 0.000000000000000000, 1.000000000000000000 ),
 .UNSPECIFIED. ) ;
#3791 = CARTESIAN_POINT ( 'NONE',  ( -2.394239970873135004, 3.363563967792370768, -7.800000000000000711 ) ) ;
#3792 = CARTESIAN_POINT ( 'NONE',  ( -0.3820718308487511816, 0.9572348179768747078, -7.999999999999996447 ) ) ;
#3793 = CARTESIAN_POINT ( 'NONE',  ( 5.669476102941175988, 4.441187385110293206, 2.000000000000000000 ) ) ;
#3794 = ADVANCED_FACE ( 'NONE', ( #2352 ), #2930, .T. ) ;
#3795 = CARTESIAN_POINT ( 'NONE',  ( -2.812285701764071000, -1.151240776112943731, 1.400000000000000133 ) ) ;
#3796 = B_SPLINE_CURVE_WITH_KNOTS ( 'NONE', 3,
 ( #979, #1631, #1390, #2637, #1369, #3295, #63, #753, #2372, #2284, #3877 ),
 .UNSPECIFIED., .F., .F.,
 ( 4, 1, 1, 1, 1, 1, 1, 1, 4 ),
 ( 0.000000000000000000, 0.1336866531456424034, 0.2601192178135678934, 0.3839224498267568841, 0.5109669566590842038, 0.6371836277826591344, 0.7569133104181032801, 0.8767141548325702027, 1.000000000000000000 ),
 .UNSPECIFIED. ) ;
#3797 = CARTESIAN_POINT ( 'NONE',  ( -12.34999999999999964, -6.500000000000004441, 2.000000000000000000 ) ) ;
#3798 = ADVANCED_FACE ( 'NONE', ( #1028, #674 ), #43, .T. ) ;
#3799 = EDGE_LOOP ( 'NONE', ( #4070, #340, #4161, #2570 ) ) ;
#3800 = CARTESIAN_POINT ( 'NONE',  ( -2.081186970732161967, 4.398841897428533265, -7.799999999999997158 ) ) ;
#3801 = CARTESIAN_POINT ( 'NONE',  ( -1.706894240840223009, 6.860293258081660461, 1.400000000000000577 ) ) ;
#3802 = CARTESIAN_POINT ( 'NONE',  ( 4.558330960554942024, 3.711641608727071162, 2.000000000000000000 ) ) ;
#3803 = CARTESIAN_POINT ( 'NONE',  ( -1.240750206957492496, 3.783303088129557068, -7.800000000000000711 ) ) ;
#3804 = CARTESIAN_POINT ( 'NONE',  ( -2.301188315560670716, 3.271482559848855942, -7.799999999999998934 ) ) ;
#3805 = ORIENTED_EDGE ( 'NONE', *, *, #2121, .T. ) ;
#3806 = CARTESIAN_POINT ( 'NONE',  ( 0.06828470566693553567, 5.740442325367648202, 1.400000000000000577 ) ) ;
#3807 = CARTESIAN_POINT ( 'NONE',  ( 0.1377997663909319159, 3.506848428763595038, -7.800000000000000711 ) ) ;
#3808 = CARTESIAN_POINT ( 'NONE',  ( -9.850000000000001421, 1.206274178563630046E-15, 0.000000000000000000 ) ) ;
#3809 = LINE ( 'NONE', #2835, #2720 ) ;
#3810 = CARTESIAN_POINT ( 'NONE',  ( -2.838999096368691966, -0.9827788533796945059, 2.000000000000000444 ) ) ;
#3811 = CARTESIAN_POINT ( 'NONE',  ( -1.630820488601973262, 3.174821892840042015, -8.000000000000003553 ) ) ;
#3812 = CARTESIAN_POINT ( 'NONE',  ( 5.867004768146482974, 7.270061831293085142, 1.399999999999999689 ) ) ;
#3813 = CARTESIAN_POINT ( 'NONE',  ( -0.3251977961022117225, -1.530859723663879679, 1.400000000000000133 ) ) ;
#3814 = ORIENTED_EDGE ( 'NONE', *, *, #2560, .T. ) ;
#3815 = ORIENTED_EDGE ( 'NONE', *, *, #56, .T. ) ;
#3816 = CARTESIAN_POINT ( 'NONE',  ( -1.290422121899442054, -3.036820295802619807, 1.400000000000000133 ) ) ;
#3817 = DIRECTION ( 'NONE',  ( 0.000000000000000000, -1.000000000000000000, 0.000000000000000000 ) ) ;
#3818 = ADVANCED_FACE ( 'NONE', ( #1328 ), #4127, .T. ) ;
#3819 = CARTESIAN_POINT ( 'NONE',  ( -9.850000000000001421, 0.000000000000000000, -38.27029455835942429 ) ) ;
#3820 = CARTESIAN_POINT ( 'NONE',  ( 4.139789987026245122, 4.122067705846266250, 1.400000000000000577 ) ) ;
#3821 = CARTESIAN_POINT ( 'NONE',  ( 6.750392881880939555, 3.697236139516939524, 1.400000000000000577 ) ) ;
#3822 = CARTESIAN_POINT ( 'NONE',  ( -2.513145308454868054, 3.585078304390528992, -7.800000000000000711 ) ) ;
#3823 = EDGE_CURVE ( 'NONE', #3504, #2262, #3501, .T. ) ;
#3824 = PLANE ( 'NONE',  #922 ) ;
#3825 = CARTESIAN_POINT ( 'NONE',  ( 0.06828470566693553567, 5.740442325367647314, 2.000000000000000444 ) ) ;
#3826 = CARTESIAN_POINT ( 'NONE',  ( -1.311248504541605797, 3.478206214159940579, -7.800000000000004263 ) ) ;
#3827 = VECTOR ( 'NONE', #3111, 1000.000000000000000 ) ;
#3828 = CARTESIAN_POINT ( 'NONE',  ( -1.003969726562499387, 2.092555290670955692, -8.000000000000000000 ) ) ;
#3829 = VERTEX_POINT ( 'NONE', #2159 ) ;
#3830 = AXIS2_PLACEMENT_3D ( 'NONE', #1614, #3249, #1990 ) ;
#3831 = CARTESIAN_POINT ( 'NONE',  ( 5.604805304638002639, 7.274034649613531300, 1.400000000000000577 ) ) ;
#3832 = CARTESIAN_POINT ( 'NONE',  ( -1.240197897518382719, 3.759686392989812553, -8.000000000000000000 ) ) ;
#3833 = CARTESIAN_POINT ( 'NONE',  ( 6.590546384964206972, 7.054078193692814303, 1.999999999999999112 ) ) ;
#3834 = CARTESIAN_POINT ( 'NONE',  ( 6.238087100639758020, 1.186915887850469975, -8.000000000000000000 ) ) ;
#3835 = CARTESIAN_POINT ( 'NONE',  ( 3.944931888705970557, 6.246495051646762775, 2.000000000000000888 ) ) ;
#3836 = PLANE ( 'NONE',  #3587 ) ;
#3837 = CARTESIAN_POINT ( 'NONE',  ( -2.019962635378349969, 4.415105552187357674, -7.800000000000004263 ) ) ;
#3838 = DIRECTION ( 'NONE',  ( 0.000000000000000000, 0.000000000000000000, -1.000000000000000000 ) ) ;
#3839 = CARTESIAN_POINT ( 'NONE',  ( -1.265941625727632580, 3.962285225263502575, -7.799999999999998934 ) ) ;
#3840 = CARTESIAN_POINT ( 'NONE',  ( 3.011021070576788805, 0.006955954054646325095, 2.000000000000000000 ) ) ;
#3841 = ADVANCED_FACE ( 'NONE', ( #3710 ), #510, .T. ) ;
#3842 = FACE_OUTER_BOUND ( 'NONE', #2271, .T. ) ;
#3843 = CARTESIAN_POINT ( 'NONE',  ( 0.02299139839043560021, 5.738624632078113130, 2.000000000000000888 ) ) ;
#3844 = CARTESIAN_POINT ( 'NONE',  ( -1.868258810543131476, 3.126602027282635365, -7.799999999999998934 ) ) ;
#3845 = VECTOR ( 'NONE', #3303, 1000.000000000000000 ) ;
#3846 = DIRECTION ( 'NONE',  ( 0.000000000000000000, -1.000000000000000000, 0.000000000000000000 ) ) ;
#3847 = VECTOR ( 'NONE', #791, 1000.000000000000000 ) ;
#3848 = B_SPLINE_CURVE_WITH_KNOTS ( 'NONE', 3,
 ( #277, #4111, #3170, #2803, #1202, #2494, #1152, #234, #2783, #3774, #3466 ),
 .UNSPECIFIED., .F., .F.,
 ( 4, 1, 1, 1, 1, 1, 1, 1, 4 ),
 ( 0.000000000000000000, 0.1336866531456424034, 0.2601192178135678934, 0.3839224498267568841, 0.5109669566590842038, 0.6371836277826591344, 0.7569133104181032801, 0.8767141548325702027, 1.000000000000000000 ),
 .UNSPECIFIED. ) ;
#3849 = CARTESIAN_POINT ( 'NONE',  ( 3.725505595074478649, 5.489091628427719805, 1.400000000000000133 ) ) ;
#3850 = ADVANCED_FACE ( 'NONE', ( #554 ), #837, .T. ) ;
#3851 = CARTESIAN_POINT ( 'NONE',  ( -1.250978091713558005, 3.643870433566915867, -7.999999999999998224 ) ) ;
#3852 = CARTESIAN_POINT ( 'NONE',  ( -0.2817108196625722205, 0.9360086096868671657, -8.000000000000000000 ) ) ;
#3853 = CARTESIAN_POINT ( 'NONE',  ( 0.01015171997331079483, -1.699325583983394283, 2.000000000000000000 ) ) ;
#3854 = CARTESIAN_POINT ( 'NONE',  ( 4.601208217226993469, 6.960264359429478631, 2.000000000000000444 ) ) ;
#3855 = EDGE_LOOP ( 'NONE', ( #2935, #411, #1720, #3546 ) ) ;
#3856 = B_SPLINE_SURFACE_WITH_KNOTS ( 'NONE', 3, 1, ( 
 ( #286, #2832 ),
 ( #947, #928 ),
 ( #4122, #2249 ),
 ( #3498, #603 ),
 ( #2230, #224 ),
 ( #3518, #2816 ),
 ( #1576, #620 ),
 ( #267, #305 ),
 ( #1920, #3784 ),
 ( #564, #3116 ),
 ( #1213, #3198 ) ),
 .UNSPECIFIED., .F., .F., .F.,
 ( 4, 1, 1, 1, 1, 1, 1, 1, 4 ),
 ( 2, 2 ),
 ( 0.000000000000000000, 0.1336866531456423757, 0.2601192178135678934, 0.3839224498267572727, 0.5109669566590844259, 0.6371836277826595785, 0.7569133104181035021, 0.8767141548325693146, 1.000000000000000000 ),
 ( 0.000000000000000000, 1.000000000000000000 ),
 .UNSPECIFIED. ) ;
#3857 = CARTESIAN_POINT ( 'NONE',  ( -1.721157398081947010, 4.021343731239312547, -7.799999999999998934 ) ) ;
#3858 = CARTESIAN_POINT ( 'NONE',  ( -2.302575691596340679, 4.279840639398656776, -7.800000000000004263 ) ) ;
#3859 = CARTESIAN_POINT ( 'NONE',  ( 5.844096157637280520, 4.450866022386936294, 1.400000000000000133 ) ) ;
#3860 = CARTESIAN_POINT ( 'NONE',  ( 7.618358513327205372, 5.327043026194852260, 2.000000000000000000 ) ) ;
#3861 = ORIENTED_EDGE ( 'NONE', *, *, #1927, .T. ) ;
#3862 = CARTESIAN_POINT ( 'NONE',  ( -2.893795094209557828, 3.654990503647748135, 2.000000000000000000 ) ) ;
#3863 = CARTESIAN_POINT ( 'NONE',  ( 7.479596101933990049, 4.577332785644127711, 1.400000000000000133 ) ) ;
#3864 = CARTESIAN_POINT ( 'NONE',  ( 0.6772257775567053217, 4.211070955560577644, -7.799999999999998934 ) ) ;
#3865 = ORIENTED_EDGE ( 'NONE', *, *, #344, .F. ) ;
#3866 = CARTESIAN_POINT ( 'NONE',  ( 0.6100964785552493996, 1.078491091261512214, -7.800000000000000711 ) ) ;
#3867 = EDGE_CURVE ( 'NONE', #3910, #441, #1902, .T. ) ;
#3868 = ORIENTED_EDGE ( 'NONE', *, *, #1109, .T. ) ;
#3869 = CARTESIAN_POINT ( 'NONE',  ( 0.1376269636344084890, 1.826798750461466003, -7.800000000000000711 ) ) ;
#3870 = CARTESIAN_POINT ( 'NONE',  ( 0.08877790262541632171, 3.874091375037045815, -8.000000000000000000 ) ) ;
#3871 = CARTESIAN_POINT ( 'NONE',  ( 0.1377997663909319159, 1.850175344429763724, -8.000000000000000000 ) ) ;
#3872 = DIRECTION ( 'NONE',  ( 0.000000000000000000, -0.000000000000000000, -1.000000000000000000 ) ) ;
#3873 = EDGE_CURVE ( 'NONE', #4139, #181, #2435, .T. ) ;
#3874 = CARTESIAN_POINT ( 'NONE',  ( -0.2191934999273190965, -3.229392320434773644, 1.399999999999999689 ) ) ;
#3875 = CARTESIAN_POINT ( 'NONE',  ( -1.909412699366513033, 4.069880558587573027, -8.000000000000001776 ) ) ;
#3876 = ORIENTED_EDGE ( 'NONE', *, *, #2691, .T. ) ;
#3877 = CARTESIAN_POINT ( 'NONE',  ( -1.889825367647059107, 3.480395795036764106, -8.000000000000000000 ) ) ;
#3878 = CARTESIAN_POINT ( 'NONE',  ( 0.1376269636344084890, 1.826798750461466003, -7.800000000000000711 ) ) ;
#3879 = LINE ( 'NONE', #2929, #126 ) ;
#3880 = CARTESIAN_POINT ( 'NONE',  ( 0.8491386561532839883, 1.359556776552570012, -8.000000000000000000 ) ) ;
#3881 = CARTESIAN_POINT ( 'NONE',  ( -1.265941625727632580, 3.962285225263502575, -7.999999999999994671 ) ) ;
#3882 = CARTESIAN_POINT ( 'NONE',  ( -0.9760121672019519412, 3.728162067587304840, -7.800000000000000711 ) ) ;
#3883 = CARTESIAN_POINT ( 'NONE',  ( 0.07739751069067807299, 4.423584128860891695, -7.999999999999991118 ) ) ;
#3884 = EDGE_LOOP ( 'NONE', ( #2626, #1771, #3294, #2202 ) ) ;
#3885 = CARTESIAN_POINT ( 'NONE',  ( -0.2321925320720315544, 7.270752386582676863, 1.999999999999999556 ) ) ;
#3886 = VECTOR ( 'NONE', #2349, 1000.000000000000000 ) ;
#3887 = ORIENTED_EDGE ( 'NONE', *, *, #1857, .F. ) ;
#3888 = CARTESIAN_POINT ( 'NONE',  ( 0.1376269636344084890, 1.826798750461466003, -7.999999999999996447 ) ) ;
#3889 = B_SPLINE_SURFACE_WITH_KNOTS ( 'NONE', 3, 1, ( 
 ( #2980, #91 ),
 ( #1379, #2667 ),
 ( #3950, #2033 ),
 ( #3320, #432 ),
 ( #1732, #3002 ),
 ( #110, #2584 ),
 ( #965, #2269 ),
 ( #2097, #1795 ),
 ( #1438, #537 ),
 ( #2749, #3338 ),
 ( #453, #3656 ),
 ( #4033, #3023 ),
 ( #2074, #2688 ),
 ( #2728, #173 ),
 ( #2138, #1815 ) ),
 .UNSPECIFIED., .F., .F., .F.,
 ( 4, 1, 1, 1, 1, 1, 1, 1, 1, 1, 1, 1, 4 ),
 ( 2, 2 ),
 ( 0.000000000000000000, 0.09410424431777156262, 0.1749059276417518904, 0.2488550885376898947, 0.3254404506555110821, 0.3717073599365787739, 0.4271088909568260816, 0.4946210280067476761, 0.5722951843917792880, 0.6623489608684836050, 0.7638526647736270103, 0.8755217069386230788, 0.9999999999999998890 ),
 ( 0.000000000000000000, 1.000000000000000000 ),
 .UNSPECIFIED. ) ;
#3890 = CARTESIAN_POINT ( 'NONE',  ( 0.1339308389924615261, 3.674850270083637849, -7.999999999999996447 ) ) ;
#3891 = AXIS2_PLACEMENT_3D ( 'NONE', #2195, #292, #1581 ) ;
#3892 = CARTESIAN_POINT ( 'NONE',  ( 0.4483862921433347526, 5.549392082112230007, 1.999999999999999556 ) ) ;
#3893 = LINE ( 'NONE', #3242, #757 ) ;
#3894 = EDGE_LOOP ( 'NONE', ( #2656, #3365, #3868, #3266 ) ) ;
#3895 = CARTESIAN_POINT ( 'NONE',  ( -0.2634505121332663680, 4.403950693277629114, -8.000000000000003553 ) ) ;
#3896 = EDGE_CURVE ( 'NONE', #3690, #796, #1111, .T. ) ;
#3897 = CARTESIAN_POINT ( 'NONE',  ( -0.1607800175094121209, 1.553024738364621848, -7.799999999999998934 ) ) ;
#3898 = ORIENTED_EDGE ( 'NONE', *, *, #3183, .F. ) ;
#3899 = B_SPLINE_CURVE_WITH_KNOTS ( 'NONE', 3,
 ( #1342, #3978, #786, #2385, #1083, #726, #3032, #78, #1364, #2082, #2061, #3344, #460, #140, #417 ),
 .UNSPECIFIED., .F., .F.,
 ( 4, 1, 1, 1, 1, 1, 1, 1, 1, 1, 1, 1, 4 ),
 ( 0.000000000000000000, 0.1306292414286468195, 0.2475946772357134340, 0.3521599546299944428, 0.4444281939258821756, 0.5243953345425123036, 0.5910758922891262701, 0.6457283963663841275, 0.6886249437115146144, 0.7594583156019716341, 0.8296221387732897190, 0.9075307038338639165, 1.000000000000000000 ),
 .UNSPECIFIED. ) ;
#3900 = ORIENTED_EDGE ( 'NONE', *, *, #3280, .F. ) ;
#3901 = CARTESIAN_POINT ( 'NONE',  ( 7.618358513327205372, 5.327043026194852260, 2.000000000000000000 ) ) ;
#3902 = FACE_OUTER_BOUND ( 'NONE', #491, .T. ) ;
#3903 = CARTESIAN_POINT ( 'NONE',  ( 0.5274964229032996776, -3.228569287223432838, 2.000000000000000444 ) ) ;
#3904 = B_SPLINE_CURVE_WITH_KNOTS ( 'NONE', 3,
 ( #3263, #2382, #3582, #2317, #2040, #1647, #1065, #3644, #2921, #3892, #3326, #2652, #1982, #353, #3623 ),
 .UNSPECIFIED., .F., .F.,
 ( 4, 1, 1, 1, 1, 1, 1, 1, 1, 1, 1, 1, 4 ),
 ( 0.000000000000000000, 0.1306292414286476244, 0.2475946772357132952, 0.3521599546299945538, 0.4444281939258822312, 0.5243953345425123036, 0.5910758922891259370, 0.6457283963663843496, 0.6886249437115145033, 0.7594583156019717451, 0.8296221387732893859, 0.9075307038338638055, 1.000000000000000000 ),
 .UNSPECIFIED. ) ;
#3905 = LINE ( 'NONE', #1308, #1061 ) ;
#3906 = CARTESIAN_POINT ( 'NONE',  ( -0.9828129897201223208, 3.674447503516573565, -8.000000000000000000 ) ) ;
#3907 = CARTESIAN_POINT ( 'NONE',  ( 0.3071509156790616091, 4.391214987781756562, -7.999999999999991118 ) ) ;
#3908 = FACE_OUTER_BOUND ( 'NONE', #1415, .T. ) ;
#3909 = B_SPLINE_CURVE_WITH_KNOTS ( 'NONE', 3,
 ( #1475, #1833, #2433, #2412, #3707, #2765, #3775, #812, #3685, #2476, #3104 ),
 .UNSPECIFIED., .F., .F.,
 ( 4, 1, 1, 1, 1, 1, 1, 1, 4 ),
 ( 0.000000000000000000, 0.1343120777165494328, 0.2616614819415030158, 0.3886951314945071845, 0.5207593789909770177, 0.6496901161094488231, 0.7700304936788229249, 0.8858566824686867625, 1.000000000000000000 ),
 .UNSPECIFIED. ) ;
#3910 = VERTEX_POINT ( 'NONE', #3401 ) ;
#3911 = EDGE_LOOP ( 'NONE', ( #3613, #2721, #496, #1365 ) ) ;
#3912 = CARTESIAN_POINT ( 'NONE',  ( 0.1227815131942356502, 1.541295052267070753, -7.800000000000004263 ) ) ;
#3913 = CARTESIAN_POINT ( 'NONE',  ( 0.1204427175565574021, 3.791185082280701835, -7.800000000000002487 ) ) ;
#3914 = CARTESIAN_POINT ( 'NONE',  ( 0.1308010624212381234, 1.615951666910467210, -8.000000000000001776 ) ) ;
#3915 = CARTESIAN_POINT ( 'NONE',  ( 6.412950158700096992, 4.832307412842838268, 2.000000000000000444 ) ) ;
#3916 = VECTOR ( 'NONE', #2834, 1000.000000000000000 ) ;
#3917 = CARTESIAN_POINT ( 'NONE',  ( -1.870435344070909611, 3.481465349099210460, -7.800000000000002487 ) ) ;
#3918 = CARTESIAN_POINT ( 'NONE',  ( 6.545653106749091066, 5.501663080890956792, 1.999999999999999556 ) ) ;
#3919 = CARTESIAN_POINT ( 'NONE',  ( -0.1294218374353432177, 1.471827996905829217, -8.000000000000000000 ) ) ;
#3920 = ORIENTED_EDGE ( 'NONE', *, *, #2638, .T. ) ;
#3921 = CARTESIAN_POINT ( 'NONE',  ( 6.420218237730138888, 3.517134559714983677, 2.000000000000000000 ) ) ;
#3922 = LINE ( 'NONE', #2660, #1008 ) ;
#3923 = EDGE_CURVE ( 'NONE', #742, #2914, #2640, .T. ) ;
#3924 = CARTESIAN_POINT ( 'NONE',  ( -0.2726317168719988304, -1.602509703765511162, 1.399999999999999689 ) ) ;
#3925 = CARTESIAN_POINT ( 'NONE',  ( 5.669476102941175988, 4.441187385110293206, 1.400000000000000577 ) ) ;
#3926 = DIRECTION ( 'NONE',  ( -0.000000000000000000, 0.000000000000000000, -1.000000000000000000 ) ) ;
#3927 = ADVANCED_FACE ( 'NONE', ( #2243 ), #2304, .T. ) ;
#3928 = CARTESIAN_POINT ( 'NONE',  ( -0.1739362949226315735, 3.678938787484490991, -8.000000000000001776 ) ) ;
#3929 = CARTESIAN_POINT ( 'NONE',  ( 6.243798941026309279, 3.454154028951262667, 1.399999999999999689 ) ) ;
#3930 = CARTESIAN_POINT ( 'NONE',  ( 0.9645983647365201641, 3.218330167882581971, -7.999999999999992895 ) ) ;
#3931 = ORIENTED_EDGE ( 'NONE', *, *, #1397, .F. ) ;
#3932 = CARTESIAN_POINT ( 'NONE',  ( 2.997319622327183630, -0.4902887820185801715, 2.000000000000000888 ) ) ;
#3933 = VERTEX_POINT ( 'NONE', #2500 ) ;
#3934 = CARTESIAN_POINT ( 'NONE',  ( 0.1083992653674047818, 1.489713425445372996, -7.999999999999996447 ) ) ;
#3935 = DIRECTION ( 'NONE',  ( 0.000000000000000000, 1.000000000000000000, 0.000000000000000000 ) ) ;
#3936 = CARTESIAN_POINT ( 'NONE',  ( 0.5255965194190470591, 1.027940605993719725, -8.000000000000000000 ) ) ;
#3937 = CARTESIAN_POINT ( 'NONE',  ( 5.669476102941175988, 4.441187385110293206, 1.400000000000000133 ) ) ;
#3938 = DIRECTION ( 'NONE',  ( 0.000000000000000000, -1.000000000000000000, 0.000000000000000000 ) ) ;
#3939 = ORIENTED_EDGE ( 'NONE', *, *, #879, .T. ) ;
#3940 = DIRECTION ( 'NONE',  ( 1.000000000000000000, -0.000000000000000000, 0.000000000000000000 ) ) ;
#3941 = CARTESIAN_POINT ( 'NONE',  ( -0.1757340795685372326, 1.713367051808187158, -7.800000000000000711 ) ) ;
#3942 = CARTESIAN_POINT ( 'NONE',  ( 0.5021599676823165215, 5.291135938907136627, 1.399999999999999689 ) ) ;
#3943 =( NAMED_UNIT ( * ) SI_UNIT ( $, .STERADIAN. ) SOLID_ANGLE_UNIT ( ) );
#3944 = CARTESIAN_POINT ( 'NONE',  ( -0.3495535826197281315, -1.454925579910146149, 1.400000000000000577 ) ) ;
#3945 = CARTESIAN_POINT ( 'NONE',  ( 3.011909179687500604, 3.654990503647748135, 1.400000000000000133 ) ) ;
#3946 = CARTESIAN_POINT ( 'NONE',  ( 4.783620461856618711, 5.351034949807559116, 1.400000000000000577 ) ) ;
#3947 = VERTEX_POINT ( 'NONE', #1571 ) ;
#3948 = LINE ( 'NONE', #2600, #1330 ) ;
#3949 = EDGE_CURVE ( 'NONE', #375, #80, #3777, .T. ) ;
#3950 = CARTESIAN_POINT ( 'NONE',  ( 0.1848682697560785626, -1.695566269624919853, 1.400000000000000133 ) ) ;
#3951 = CARTESIAN_POINT ( 'NONE',  ( 0.9350849941637264795, 3.706323291858420355, -7.800000000000002487 ) ) ;
#3952 = CARTESIAN_POINT ( 'NONE',  ( 2.966570848835663909, -0.9094740654179277461, 1.400000000000000133 ) ) ;
#3953 = B_SPLINE_CURVE_WITH_KNOTS ( 'NONE', 3,
 ( #3793, #896, #4069, #875, #2175, #2154, #1565, #1542, #571, #811, #3440 ),
 .UNSPECIFIED., .F., .F.,
 ( 4, 1, 1, 1, 1, 1, 1, 1, 4 ),
 ( 0.000000000000000000, 0.1266042765279084825, 0.2496192610236181164, 0.3719166998245290179, 0.4999999999999998890, 0.6280833001754712042, 0.7503807389763818003, 0.8733957234720914897, 1.000000000000000000 ),
 .UNSPECIFIED. ) ;
#3954 = VERTEX_POINT ( 'NONE', #1267 ) ;
#3955 = CARTESIAN_POINT ( 'NONE',  ( -2.465909128160151287, 3.469459202926988617, -8.000000000000001776 ) ) ;
#3956 = CARTESIAN_POINT ( 'NONE',  ( 0.09087723895733368362, 1.465830098744828947, -7.999999999999998224 ) ) ;
#3957 = CARTESIAN_POINT ( 'NONE',  ( -2.185110581341912273, 3.775681008731617272, -7.999999999999998224 ) ) ;
#3958 = CIRCLE ( 'NONE', #3891, 0.5000000000000004441 ) ;
#3959 = CARTESIAN_POINT ( 'NONE',  ( -1.594540153952206163, 3.783678316602519409, -7.800000000000000711 ) ) ;
#3960 = ORIENTED_EDGE ( 'NONE', *, *, #3207, .T. ) ;
#3961 = AXIS2_PLACEMENT_3D ( 'NONE', #3622, #3306, #703 ) ;
#3962 = CARTESIAN_POINT ( 'NONE',  ( -0.1623757736456383494, 3.796529509897174304, -8.000000000000000000 ) ) ;
#3963 = CARTESIAN_POINT ( 'NONE',  ( 6.011154682189808085, 6.154041891125928920, 2.000000000000000000 ) ) ;
#3964 = CARTESIAN_POINT ( 'NONE',  ( -0.4133992991727929445, 4.520545286290785114, 1.400000000000000133 ) ) ;
#3965 = CARTESIAN_POINT ( 'NONE',  ( 0.05536597756778575963, -1.700745059742647003, 1.400000000000000133 ) ) ;
#3966 = CARTESIAN_POINT ( 'NONE',  ( -0.8210861088693969245, 4.093930577862482600, -7.800000000000002487 ) ) ;
#3967 = CARTESIAN_POINT ( 'NONE',  ( 0.8033890474237666002, 1.281811103338956315, -8.000000000000001776 ) ) ;
#3968 = ORIENTED_EDGE ( 'NONE', *, *, #2885, .T. ) ;
#3969 = CARTESIAN_POINT ( 'NONE',  ( -2.893671265561316375, 0.03650729277003124384, 2.000000000000000000 ) ) ;
#3970 = CARTESIAN_POINT ( 'NONE',  ( 0.1339308389924615261, 3.674850270083637849, -7.800000000000000711 ) ) ;
#3971 = CARTESIAN_POINT ( 'NONE',  ( 0.2337670670357063496, 4.406492797610552792, -7.800000000000000711 ) ) ;
#3972 = DIRECTION ( 'NONE',  ( 1.000000000000000000, 0.000000000000000000, 0.000000000000000000 ) ) ;
#3973 = VERTEX_POINT ( 'NONE', #3530 ) ;
#3974 = ADVANCED_FACE ( 'NONE', ( #3548, #238, #613 ), #4134, .F. ) ;
#3975 = CARTESIAN_POINT ( 'NONE',  ( -2.099484154036126426, 3.566022222342549952, -7.800000000000000711 ) ) ;
#3976 = CARTESIAN_POINT ( 'NONE',  ( -0.01863416335685912431, 0.9220381109871931269, -7.999999999999998224 ) ) ;
#3977 = CARTESIAN_POINT ( 'NONE',  ( -2.181884368916364281, 3.833887693630317450, -7.999999999999994671 ) ) ;
#3978 = CARTESIAN_POINT ( 'NONE',  ( -0.1770264710140237729, 3.528380751609601518, -7.799999999999998934 ) ) ;
#3979 = EDGE_CURVE ( 'NONE', #1125, #3197, #1525, .T. ) ;
#3980 = DIRECTION ( 'NONE',  ( 0.000000000000000000, -0.000000000000000000, -1.000000000000000000 ) ) ;
#3981 = CARTESIAN_POINT ( 'NONE',  ( -0.3834333498482278557, 4.373050428472024187, -8.000000000000000000 ) ) ;
#3982 = CARTESIAN_POINT ( 'NONE',  ( 6.545653106749091066, 5.501663080890956792, 1.999999999999999556 ) ) ;
#3983 = CARTESIAN_POINT ( 'NONE',  ( -1.001699080619617988, 1.916190038222541858, -7.799999999999998934 ) ) ;
#3984 = AXIS2_PLACEMENT_3D ( 'NONE', #3599, #1735, #3972 ) ;
#3985 = AXIS2_PLACEMENT_3D ( 'NONE', #3421, #836, #1500 ) ;
#3986 = CARTESIAN_POINT ( 'NONE',  ( 0.05536597756778575963, -1.700745059742647003, 2.000000000000000000 ) ) ;
#3987 = CARTESIAN_POINT ( 'NONE',  ( -1.001876698010667477, 3.395116100358075872, -7.800000000000000711 ) ) ;
#3988 = CARTESIAN_POINT ( 'NONE',  ( 0.07739751069067807299, 4.423584128860891695, -7.999999999999998224 ) ) ;
#3989 = ORIENTED_EDGE ( 'NONE', *, *, #3823, .F. ) ;
#3990 = CARTESIAN_POINT ( 'NONE',  ( -2.893795094209557828, 3.654990503647748135, 1.400000000000000133 ) ) ;
#3991 = CARTESIAN_POINT ( 'NONE',  ( 2.610806509589542301, 6.062154077911867667, 1.999999999999999112 ) ) ;
#3992 = CARTESIAN_POINT ( 'NONE',  ( -2.054737238764397844, 3.527856323478645528, -7.800000000000002487 ) ) ;
#3993 = CARTESIAN_POINT ( 'NONE',  ( 2.881343980191932275, -1.439325461682739782, 1.399999999999999689 ) ) ;
#3994 = ORIENTED_EDGE ( 'NONE', *, *, #3949, .T. ) ;
#3995 = FACE_OUTER_BOUND ( 'NONE', #3385, .T. ) ;
#3996 = CARTESIAN_POINT ( 'NONE',  ( 2.279083455990043472, 6.486487730416621744, 1.400000000000000133 ) ) ;
#3997 = CYLINDRICAL_SURFACE ( 'NONE', #3709, 1.000000000000000888 ) ;
#3998 = CARTESIAN_POINT ( 'NONE',  ( 5.266038594285790353, 3.412060649626812658, 1.399999999999999689 ) ) ;
#3999 = CARTESIAN_POINT ( 'NONE',  ( 4.794386074457576363, 5.507702971591401209, 2.000000000000000000 ) ) ;
#4000 = DIRECTION ( 'NONE',  ( 0.000000000000000000, 1.000000000000000000, 0.000000000000000000 ) ) ;
#4001 = CARTESIAN_POINT ( 'NONE',  ( 0.1262152389252002016, 3.758411502021294481, -8.000000000000000000 ) ) ;
#4002 = ORIENTED_EDGE ( 'NONE', *, *, #1272, .F. ) ;
#4003 = EDGE_CURVE ( 'NONE', #2402, #1435, #1284, .T. ) ;
#4004 = CARTESIAN_POINT ( 'NONE',  ( 0.5118977653856281451, 5.173343035493037867, 1.999999999999998668 ) ) ;
#4005 = CARTESIAN_POINT ( 'NONE',  ( -2.394619357639233836, 4.187024624078043544, -8.000000000000000000 ) ) ;
#4006 = CARTESIAN_POINT ( 'NONE',  ( -0.004306242699716154865, 4.425308478860293881, -7.800000000000000711 ) ) ;
#4007 = CARTESIAN_POINT ( 'NONE',  ( 0.5689647469467418173, 4.286764419360554079, -8.000000000000000000 ) ) ;
#4008 = CARTESIAN_POINT ( 'NONE',  ( 5.266038594285790353, 3.412060649626812658, 1.999999999999999556 ) ) ;
#4009 = CARTESIAN_POINT ( 'NONE',  ( -1.763088430358897840, 4.414749907739706103, -7.799999999999998934 ) ) ;
#4010 = CARTESIAN_POINT ( 'NONE',  ( -0.007663799463477770704, 3.912874877359370451, -7.800000000000000711 ) ) ;
#4011 = CARTESIAN_POINT ( 'NONE',  ( -2.184024917503014862, 3.756093677012163567, -7.999999999999998224 ) ) ;
#4012 = CARTESIAN_POINT ( 'NONE',  ( 0.5274964229032996776, -3.228569287223432838, 2.000000000000000444 ) ) ;
#4013 = ORIENTED_EDGE ( 'NONE', *, *, #2670, .T. ) ;
#4014 = EDGE_LOOP ( 'NONE', ( #3369, #2470, #1353, #205 ) ) ;
#4015 = CARTESIAN_POINT ( 'NONE',  ( -2.893795094209558272, 0.1226411348230695558, 1.400000000000000577 ) ) ;
#4016 = CARTESIAN_POINT ( 'NONE',  ( 0.01291872809915063300, 7.275925436580882533, 1.400000000000000133 ) ) ;
#4017 = CARTESIAN_POINT ( 'NONE',  ( -0.7923027471717888348, 1.205487473683767075, -8.000000000000000000 ) ) ;
#4018 = CARTESIAN_POINT ( 'NONE',  ( 4.139789987026245122, 4.122067705846266250, 1.400000000000000577 ) ) ;
#4019 = DIRECTION ( 'NONE',  ( 1.000000000000000000, 0.000000000000000000, 0.000000000000000000 ) ) ;
#4020 = CARTESIAN_POINT ( 'NONE',  ( -1.822475449107449297, 3.127674620793034599, -8.000000000000000000 ) ) ;
#4021 = CARTESIAN_POINT ( 'NONE',  ( -0.9935978559613163341, 1.763416898568275881, -7.799999999999998934 ) ) ;
#4022 = CARTESIAN_POINT ( 'NONE',  ( -0.9888569496118871927, 1.696841978194023604, -7.800000000000000711 ) ) ;
#4023 = CLOSED_SHELL ( 'NONE', ( #1135, #3927, #3413, #3974, #923, #162, #3130, #3841, #319, #3161, #2999, #2841, #3188, #3850, #1162, #3794, #772, #2069, #131, #1722, #2821, #3798, #3818, #1560, #2495, #1297, #1802, #3664, #3621, #114, #4060, #1508, #580, #1289, #1930, #3018, #2910, #1879, #2889, #7, #1105, #847, #1445, #315, #3719, #1055, #4082, #2519, #2796, #3231, #1884, #2096, #1639, #1779, #3355, #2768, #602, #3286, #1612, #190, #1421, #1062, #1345, #2860, #245, #3309, #3547, #2538, #2281, #2045, #1953, #3523, #2715, #2543, #4029, #3564, #631, #2147, #2490 ) ) ;
#4024 = EDGE_CURVE ( 'NONE', #49, #93, #2862, .T. ) ;
#4025 = CARTESIAN_POINT ( 'NONE',  ( 12.34999999999999964, -5.500000000000004441, 2.000000000000000000 ) ) ;
#4026 = VECTOR ( 'NONE', #1976, 1000.000000000000000 ) ;
#4027 = LINE ( 'NONE', #2766, #3182 ) ;
#4028 = CARTESIAN_POINT ( 'NONE',  ( 3.863050838912442497, 6.070747031765756141, 1.399999999999999689 ) ) ;
#4029 = ADVANCED_FACE ( 'NONE', ( #2537 ), #3151, .T. ) ;
#4030 = ORIENTED_EDGE ( 'NONE', *, *, #1903, .F. ) ;
#4031 = CARTESIAN_POINT ( 'NONE',  ( 6.590546384964206972, 7.054078193692814303, 1.399999999999999245 ) ) ;
#4032 = CARTESIAN_POINT ( 'NONE',  ( -1.587969959553431343, 4.352117224211320412, -7.800000000000000711 ) ) ;
#4033 = CARTESIAN_POINT ( 'NONE',  ( 0.5272022387056137793, -0.8598988445754360832, 1.399999999999999689 ) ) ;
#4034 = CARTESIAN_POINT ( 'NONE',  ( -2.659104527990647782, 5.741597438532329178, 1.400000000000000133 ) ) ;
#4035 = CARTESIAN_POINT ( 'NONE',  ( -1.594540153952206163, 3.783678316602519409, -8.000000000000000000 ) ) ;
#4036 = ORIENTED_EDGE ( 'NONE', *, *, #3254, .F. ) ;
#4037 = ORIENTED_EDGE ( 'NONE', *, *, #1478, .F. ) ;
#4038 = CARTESIAN_POINT ( 'NONE',  ( 0.1377997663909319159, 3.506848428763595038, -7.800000000000000711 ) ) ;
#4039 = CARTESIAN_POINT ( 'NONE',  ( 2.610806509589542301, 6.062154077911867667, 1.999999999999999112 ) ) ;
#4040 = CARTESIAN_POINT ( 'NONE',  ( -1.003969726562499387, 2.092555290670955692, -8.000000000000000000 ) ) ;
#4041 = VERTEX_POINT ( 'NONE', #299 ) ;
#4042 = CARTESIAN_POINT ( 'NONE',  ( 0.9645983647365201641, 2.040880378274356310, -7.800000000000000711 ) ) ;
#4043 = B_SPLINE_CURVE_WITH_KNOTS ( 'NONE', 3,
 ( #2266, #2976, #2581, #3, #1680, #714, #2286, #1955, #2620, #342, #1635, #673, #2907, #88, #42 ),
 .UNSPECIFIED., .F., .F.,
 ( 4, 1, 1, 1, 1, 1, 1, 1, 1, 1, 1, 1, 4 ),
 ( 0.000000000000000000, 0.09410424431777156262, 0.1749059276417518904, 0.2488550885376898947, 0.3254404506555110821, 0.3717073599365787739, 0.4271088909568260816, 0.4946210280067476761, 0.5722951843917792880, 0.6623489608684836050, 0.7638526647736270103, 0.8755217069386230788, 0.9999999999999998890 ),
 .UNSPECIFIED. ) ;
#4044 = CARTESIAN_POINT ( 'NONE',  ( -1.576789558257138069, -2.916178182018840381, 2.000000000000000000 ) ) ;
#4045 = CARTESIAN_POINT ( 'NONE',  ( 0.9645983647365201641, 2.040880378274356310, -8.000000000000000000 ) ) ;
#4046 = CARTESIAN_POINT ( 'NONE',  ( -0.9378748870757195322, 1.446981028110133627, -8.000000000000001776 ) ) ;
#4047 = CARTESIAN_POINT ( 'NONE',  ( 6.011154682189808085, 6.154041891125928920, 1.400000000000000133 ) ) ;
#4048 = ORIENTED_EDGE ( 'NONE', *, *, #1370, .F. ) ;
#4049 = CARTESIAN_POINT ( 'NONE',  ( -9.850000000000001421, 0.000000000000000000, -4.999999999999997335 ) ) ;
#4050 = LINE ( 'NONE', #1413, #876 ) ;
#4051 = AXIS2_PLACEMENT_3D ( 'NONE', #4137, #2636, #3533 ) ;
#4052 = B_SPLINE_CURVE_WITH_KNOTS ( 'NONE', 3,
 ( #1464, #203, #566, #2145, #1194, #2081, #3118, #4085, #3367, #1444, #2487, #3096, #2426, #784, #4063 ),
 .UNSPECIFIED., .F., .F.,
 ( 4, 1, 1, 1, 1, 1, 1, 1, 1, 1, 1, 1, 4 ),
 ( 0.000000000000000000, 0.09120244535704456756, 0.1695125275593714342, 0.2429296697385942005, 0.3188632777225068882, 0.3637035003515412535, 0.4198192760793774680, 0.4866759867146992491, 0.5655077154004706230, 0.6565998642578245725, 0.7586999324825440816, 0.8731422143676402792, 1.000000000000000000 ),
 .UNSPECIFIED. ) ;
#4053 = CARTESIAN_POINT ( 'NONE',  ( 0.9639609940995637061, 3.328476676768805209, -8.000000000000000000 ) ) ;
#4054 = EDGE_CURVE ( 'NONE', #528, #1604, #4114, .T. ) ;
#4055 = DIRECTION ( 'NONE',  ( -0.000000000000000000, -0.000000000000000000, 1.000000000000000000 ) ) ;
#4056 = FACE_OUTER_BOUND ( 'NONE', #2917, .T. ) ;
#4057 = CARTESIAN_POINT ( 'NONE',  ( 0.1052532970489378911, 3.845921633395410932, -7.799999999999998934 ) ) ;
#4058 = CARTESIAN_POINT ( 'NONE',  ( -2.185110581341912273, 3.775681008731617272, -7.800000000000000711 ) ) ;
#4059 = CARTESIAN_POINT ( 'NONE',  ( 0.000000000000000000, 0.000000000000000000, 0.000000000000000000 ) ) ;
#4060 = ADVANCED_FACE ( 'NONE', ( #1931 ), #3836, .T. ) ;
#4061 = PLANE ( 'NONE',  #723 ) ;
#4062 = CARTESIAN_POINT ( 'NONE',  ( 0.4082382749681215950, 7.265250821457184927, 1.400000000000000133 ) ) ;
#4063 = CARTESIAN_POINT ( 'NONE',  ( -0.4133992991727929445, 4.520545286290785114, 1.400000000000000133 ) ) ;
#4064 = CARTESIAN_POINT ( 'NONE',  ( -0.06119256145741001907, 5.735246194333044834, 2.000000000000000444 ) ) ;
#4065 = CARTESIAN_POINT ( 'NONE',  ( 4.924472358822225893, 5.806975964613513952, 2.000000000000000000 ) ) ;
#4066 = CARTESIAN_POINT ( 'NONE',  ( -1.691221526338618331, 3.152235554678613827, -7.999999999999998224 ) ) ;
#4067 = CARTESIAN_POINT ( 'NONE',  ( -0.1769952447186194655, 1.805062977010320813, -8.000000000000001776 ) ) ;
#4068 = ORIENTED_EDGE ( 'NONE', *, *, #3254, .T. ) ;
#4069 = CARTESIAN_POINT ( 'NONE',  ( 5.844096157637280520, 4.450866022386936294, 2.000000000000000000 ) ) ;
#4070 = ORIENTED_EDGE ( 'NONE', *, *, #3103, .T. ) ;
#4071 = CARTESIAN_POINT ( 'NONE',  ( -2.539452837775736160, 3.775681008731617716, -8.000000000000001776 ) ) ;
#4072 = DIRECTION ( 'NONE',  ( 0.000000000000000000, 0.000000000000000000, -1.000000000000000000 ) ) ;
#4073 = ORIENTED_EDGE ( 'NONE', *, *, #1903, .T. ) ;
#4074 = CARTESIAN_POINT ( 'NONE',  ( 4.044602018558975054, 6.412170921873864060, 1.400000000000000133 ) ) ;
#4075 = ORIENTED_EDGE ( 'NONE', *, *, #497, .T. ) ;
#4076 =( LENGTH_UNIT ( ) NAMED_UNIT ( * ) SI_UNIT ( .MILLI., .METRE. ) );
#4077 = CARTESIAN_POINT ( 'NONE',  ( -2.031677332670113856, 6.633212866681734710, 1.400000000000000577 ) ) ;
#4078 = CARTESIAN_POINT ( 'NONE',  ( 2.463258326608192217, 6.281791733587445137, 1.400000000000001021 ) ) ;
#4079 = CARTESIAN_POINT ( 'NONE',  ( -2.761495509023059736, 5.347002490802948316, 1.399999999999999689 ) ) ;
#4080 = CARTESIAN_POINT ( 'NONE',  ( 0.3101413257314387661, -3.233641817478525304, 2.000000000000000000 ) ) ;
#4081 = ORIENTED_EDGE ( 'NONE', *, *, #3332, .T. ) ;
#4082 = ADVANCED_FACE ( 'NONE', ( #1227 ), #2950, .T. ) ;
#4083 = DIRECTION ( 'NONE',  ( 0.000000000000000000, 0.000000000000000000, -1.000000000000000000 ) ) ;
#4084 = CARTESIAN_POINT ( 'NONE',  ( 2.890415431689860259, 5.371169062544915995, 1.399999999999999689 ) ) ;
#4085 = CARTESIAN_POINT ( 'NONE',  ( -0.3613281526696695556, 5.373555246842107280, 1.400000000000000133 ) ) ;
#4086 = CARTESIAN_POINT ( 'NONE',  ( 3.011909179687500604, 3.654990503647748135, 1.400000000000000133 ) ) ;
#4087 = EDGE_LOOP ( 'NONE', ( #2158, #3070, #1112, #3815 ) ) ;
#4088 = CARTESIAN_POINT ( 'NONE',  ( -2.410167142271297358, -2.154566689983130168, 1.400000000000000577 ) ) ;
#4089 = CARTESIAN_POINT ( 'NONE',  ( 6.753813737929112548, 6.957471641989286582, 2.000000000000000444 ) ) ;
#4090 = CARTESIAN_POINT ( 'NONE',  ( -0.9809181555191894830, 1.636842225616915281, -7.999999999999996447 ) ) ;
#4091 = CARTESIAN_POINT ( 'NONE',  ( -0.5667715126738208653, 1.024270313306631541, -7.800000000000000711 ) ) ;
#4092 = CARTESIAN_POINT ( 'NONE',  ( -0.1757340795685372326, 1.713367051808187158, -8.000000000000000000 ) ) ;
#4093 = CARTESIAN_POINT ( 'NONE',  ( -1.240197897518382719, 3.759686392989812553, -8.000000000000000000 ) ) ;
#4094 = VERTEX_POINT ( 'NONE', #103 ) ;
#4095 = PRESENTATION_LAYER_ASSIGNMENT (  '', '', ( #1751 ) ) ;
#4096 = DIRECTION ( 'NONE',  ( -0.000000000000000000, 0.000000000000000000, 1.000000000000000000 ) ) ;
#4097 = CARTESIAN_POINT ( 'NONE',  ( 7.618358513327205372, 5.327043026194852260, 1.400000000000000133 ) ) ;
#4098 = VECTOR ( 'NONE', #1872, 1000.000000000000000 ) ;
#4099 = CARTESIAN_POINT ( 'NONE',  ( -2.659104527990647782, 5.741597438532329178, 1.400000000000000133 ) ) ;
#4100 = CARTESIAN_POINT ( 'NONE',  ( 5.604776431629393763, 3.379806081847907429, 1.400000000000000133 ) ) ;
#4101 = CARTESIAN_POINT ( 'NONE',  ( 7.618358513327205372, 5.327043026194852260, 1.400000000000000133 ) ) ;
#4102 = CARTESIAN_POINT ( 'NONE',  ( -2.529220224367675574, 3.646171014693662116, -7.999999999999998224 ) ) ;
#4103 = DIRECTION ( 'NONE',  ( 1.000000000000000000, -0.000000000000000000, 0.000000000000000000 ) ) ;
#4104 = CARTESIAN_POINT ( 'NONE',  ( -0.4119535841043864832, 4.702652340691308552, 2.000000000000000888 ) ) ;
#4105 = CARTESIAN_POINT ( 'NONE',  ( 0.9643811986416621629, 3.255859488830439297, -7.800000000000002487 ) ) ;
#4106 = DIRECTION ( 'NONE',  ( 0.000000000000000000, 1.000000000000000000, -0.000000000000000000 ) ) ;
#4107 = EDGE_CURVE ( 'NONE', #2498, #1606, #1781, .T. ) ;
#4108 = CARTESIAN_POINT ( 'NONE',  ( 4.044602018558975054, 6.412170921873864060, 2.000000000000000000 ) ) ;
#4109 = CARTESIAN_POINT ( 'NONE',  ( -1.242079073600692807, 3.701374146540290511, -8.000000000000001776 ) ) ;
#4110 = CARTESIAN_POINT ( 'NONE',  ( 7.301590356159167072, 6.407650122914760438, 2.000000000000000444 ) ) ;
#4111 = CARTESIAN_POINT ( 'NONE',  ( -1.595513362638982802, 3.762636114786984454, -7.800000000000000711 ) ) ;
#4112 = EDGE_CURVE ( 'NONE', #740, #4169, #3796, .T. ) ;
#4113 = LINE ( 'NONE', #296, #1054 ) ;
#4114 = LINE ( 'NONE', #258, #3711 ) ;
#4115 = CARTESIAN_POINT ( 'NONE',  ( -0.4118985723465276583, -0.6524908767458763581, 1.400000000000000577 ) ) ;
#4116 = CARTESIAN_POINT ( 'NONE',  ( -2.185110581341912273, 3.775681008731617272, -8.000000000000000000 ) ) ;
#4117 = VECTOR ( 'NONE', #1476, 1000.000000000000000 ) ;
#4118 = CARTESIAN_POINT ( 'NONE',  ( 2.948438969160367851, 5.023342510549720252, 1.400000000000000133 ) ) ;
#4119 = CARTESIAN_POINT ( 'NONE',  ( 5.675012700697954493, 3.378160615808822431, 1.999999999999999556 ) ) ;
#4120 = CARTESIAN_POINT ( 'NONE',  ( -2.349449027879152663, 3.315621008171582673, -7.800000000000000711 ) ) ;
#4121 = AXIS2_PLACEMENT_3D ( 'NONE', #2952, #2927, #3633 ) ;
#4122 = CARTESIAN_POINT ( 'NONE',  ( 4.792220915652936064, 5.165080501449014427, 1.400000000000000133 ) ) ;
#4123 = DIRECTION ( 'NONE',  ( -1.000000000000000000, 0.000000000000000000, 0.000000000000000000 ) ) ;
#4124 = CARTESIAN_POINT ( 'NONE',  ( -2.137650052900031739, 3.610769137614278979, -8.000000000000000000 ) ) ;
#4125 = CARTESIAN_POINT ( 'NONE',  ( -0.9214527470371829398, 7.173644963345278569, 2.000000000000000000 ) ) ;
#4126 = CARTESIAN_POINT ( 'NONE',  ( 3.863050838912442497, 6.070747031765756141, 1.399999999999999689 ) ) ;
#4127 = B_SPLINE_SURFACE_WITH_KNOTS ( 'NONE', 3, 1, ( 
 ( #2642, #130 ),
 ( #2329, #3612 ),
 ( #1973, #1681 ),
 ( #2599, #715 ),
 ( #1073, #2621 ),
 ( #89, #2306 ),
 ( #695, #2010 ),
 ( #1991, #385 ),
 ( #3654, #2663 ),
 ( #449, #2955 ),
 ( #3946, #735 ) ),
 .UNSPECIFIED., .F., .F., .F.,
 ( 4, 1, 1, 1, 1, 1, 1, 1, 4 ),
 ( 2, 2 ),
 ( 0.000000000000000000, 0.1343120777165491553, 0.2616614819415030713, 0.3886951314945071845, 0.5207593789909771287, 0.6496901161094489341, 0.7700304936788227028, 0.8858566824686864294, 1.000000000000000000 ),
 ( 0.000000000000000000, 1.000000000000000000 ),
 .UNSPECIFIED. ) ;
#4128 = CARTESIAN_POINT ( 'NONE',  ( 7.051593547661359374, 6.706036940550442083, 2.000000000000000000 ) ) ;
#4129 = CARTESIAN_POINT ( 'NONE',  ( 7.183858072917701065, 6.561073872234130633, 1.399999999999999689 ) ) ;
#4130 = CARTESIAN_POINT ( 'NONE',  ( -0.4133992991727930000, -0.4494739667107077730, 1.400000000000000577 ) ) ;
#4131 = ORIENTED_EDGE ( 'NONE', *, *, #86, .F. ) ;
#4132 = CARTESIAN_POINT ( 'NONE',  ( -2.838999096368691966, -0.9827788533796945059, 1.400000000000000577 ) ) ;
#4133 = EDGE_CURVE ( 'NONE', #49, #469, #1049, .T. ) ;
#4134 = PLANE ( 'NONE',  #744 ) ;
#4135 = CARTESIAN_POINT ( 'NONE',  ( -2.140697648673030695, 4.379390201581783160, -8.000000000000000000 ) ) ;
#4136 = CARTESIAN_POINT ( 'NONE',  ( 4.404848524530566856, 3.832621167850784882, 1.400000000000000133 ) ) ;
#4137 = CARTESIAN_POINT ( 'NONE',  ( 0.000000000000000000, 1.166476076187853824E-15, -38.27029455835942429 ) ) ;
#4138 = CARTESIAN_POINT ( 'NONE',  ( -1.913640376782441699, 3.126669599871984673, -8.000000000000000000 ) ) ;
#4139 = VERTEX_POINT ( 'NONE', #19 ) ;
#4140 = DIRECTION ( 'NONE',  ( 1.000000000000000000, 0.000000000000000000, 0.000000000000000000 ) ) ;
#4141 = CARTESIAN_POINT ( 'NONE',  ( -0.04885953579955967796, 4.424105428669376394, -7.999999999999994671 ) ) ;
#4142 = FACE_OUTER_BOUND ( 'NONE', #2215, .T. ) ;
#4143 = CARTESIAN_POINT ( 'NONE',  ( 0.9645570885204397538, 2.012169097590010391, -7.800000000000002487 ) ) ;
#4144 = ORIENTED_EDGE ( 'NONE', *, *, #3949, .F. ) ;
#4145 = CARTESIAN_POINT ( 'NONE',  ( -2.736703520027871761, -1.478040616243448735, 1.400000000000000133 ) ) ;
#4146 = CARTESIAN_POINT ( 'NONE',  ( -1.822475449107449297, 3.127674620793034599, -8.000000000000000000 ) ) ;
#4147 = CARTESIAN_POINT ( 'NONE',  ( 6.907727074789020705, 6.839521918195965000, 1.999999999999999556 ) ) ;
#4148 = CARTESIAN_POINT ( 'NONE',  ( -0.3817715525028148038, -1.275332894046412813, 2.000000000000000000 ) ) ;
#4149 = CARTESIAN_POINT ( 'NONE',  ( 3.725505595074478649, 5.489091628427719805, 2.000000000000000000 ) ) ;
#4150 = ORIENTED_EDGE ( 'NONE', *, *, #2331, .F. ) ;
#4151 = DIRECTION ( 'NONE',  ( 0.000000000000000000, -1.000000000000000000, 0.000000000000000000 ) ) ;
#4152 = EDGE_CURVE ( 'NONE', #2402, #1037, #3922, .T. ) ;
#4153 = DIRECTION ( 'NONE',  ( 0.000000000000000000, 0.000000000000000000, -1.000000000000000000 ) ) ;
#4154 = CARTESIAN_POINT ( 'NONE',  ( 3.752934275140671350, 4.931611300700750711, 1.399999999999999689 ) ) ;
#4155 = CARTESIAN_POINT ( 'NONE',  ( 7.539435925364600166, 4.755234913171587863, 1.999999999999999112 ) ) ;
#4156 = CARTESIAN_POINT ( 'NONE',  ( 6.060666993066623931, 3.410050571356232574, 2.000000000000000000 ) ) ;
#4157 = AXIS2_PLACEMENT_3D ( 'NONE', #12, #3238, #1645 ) ;
#4158 = FACE_OUTER_BOUND ( 'NONE', #2982, .T. ) ;
#4159 = CARTESIAN_POINT ( 'NONE',  ( 0.02299139839043560021, 5.738624632078113130, 1.400000000000000577 ) ) ;
#4160 = CARTESIAN_POINT ( 'NONE',  ( -2.054737238764397844, 3.527856323478645528, -8.000000000000001776 ) ) ;
#4161 = ORIENTED_EDGE ( 'NONE', *, *, #795, .F. ) ;
#4162 = VECTOR ( 'NONE', #2528, 1000.000000000000000 ) ;
#4163 = CARTESIAN_POINT ( 'NONE',  ( -0.4715101946159254709, 7.253298125713701694, 2.000000000000000444 ) ) ;
#4164 = EDGE_LOOP ( 'NONE', ( #1734, #237, #1173, #3144 ) ) ;
#4165 = CARTESIAN_POINT ( 'NONE',  ( 4.161847766804415372, 6.569419445881130137, 2.000000000000000000 ) ) ;
#4166 = CARTESIAN_POINT ( 'NONE',  ( 0.9645983647365201641, 3.218330167882581971, -7.800000000000000711 ) ) ;
#4167 = CARTESIAN_POINT ( 'NONE',  ( 5.755711179279164647, 1.000000000000001998, -8.000000000000000000 ) ) ;
#4168 = PLANE ( 'NONE',  #1172 ) ;
#4169 = VERTEX_POINT ( 'NONE', #1324 ) ;
#4170 = CARTESIAN_POINT ( 'NONE',  ( 0.1006680390289866334, -1.698933432595022497, 1.400000000000000133 ) ) ;
#4171 = ORIENTED_EDGE ( 'NONE', *, *, #900, .F. ) ;
#4172 = CARTESIAN_POINT ( 'NONE',  ( -1.772821517870876162, 4.049929566991771424, -7.800000000000002487 ) ) ;
ENDSEC;
END-ISO-10303-21;
