ISO-10303-21;
HEADER;
FILE_DESCRIPTION (( 'STEP AP214' ),
    '1' );
FILE_NAME ('Connector_Clamp_Back.STEP',
    '2025-10-13T16:01:14',
    ( '' ),
    ( '' ),
    'SwSTEP 2.0',
    'SolidWorks 2025',
    '' );
FILE_SCHEMA (( 'AUTOMOTIVE_DESIGN' ));
ENDSEC;

DATA;
#1 = DIRECTION ( 'NONE',  ( -0.000000000000000000, 1.000000000000000000, 0.000000000000000000 ) ) ;
#2 = CARTESIAN_POINT ( 'NONE',  ( -0.4962645888288618190, 5.591947045141259842, 1.686796904875793590 ) ) ;
#3 = CARTESIAN_POINT ( 'NONE',  ( 2.030322753243412492, 4.208244728560416981, 7.057831252909840813 ) ) ;
#4 = EDGE_CURVE ( 'NONE', #376, #6934, #2894, .T. ) ;
#5 = CARTESIAN_POINT ( 'NONE',  ( 0.2206351657784238751, 1.360392379492845194, 0.4797255910556902370 ) ) ;
#6 = ORIENTED_EDGE ( 'NONE', *, *, #936, .T. ) ;
#7 = ORIENTED_EDGE ( 'NONE', *, *, #1480, .T. ) ;
#8 = CARTESIAN_POINT ( 'NONE',  ( -2.579629788281249780, 4.568517644207729766, 0.6656250010839415143 ) ) ;
#9 = VECTOR ( 'NONE', #6142, 1000.000000000000000 ) ;
#10 = CARTESIAN_POINT ( 'NONE',  ( -13.00000000000000000, -3.700000000000000178, 0.5000000000000000000 ) ) ;
#11 = CARTESIAN_POINT ( 'NONE',  ( -1.194710969063827566, 5.456858094873414444, 8.000000000000005329 ) ) ;
#12 = CARTESIAN_POINT ( 'NONE',  ( -0.8905591591021551068, 1.350000000000000533, 7.759765627167880986 ) ) ;
#13 = CIRCLE ( 'NONE', #5213, 1.000000000000000000 ) ;
#14 = CARTESIAN_POINT ( 'NONE',  ( 2.148780615813434380, 3.573885823803578887, 4.638519075175217665 ) ) ;
#15 = CARTESIAN_POINT ( 'NONE',  ( 2.149535265125624317, 3.454821704281397121, 6.219348000541217836 ) ) ;
#16 = CARTESIAN_POINT ( 'NONE',  ( 1.824073716244489773, 5.324073716244490662, 4.485546876083941648 ) ) ;
#17 = EDGE_CURVE ( 'NONE', #5526, #2234, #2230, .T. ) ;
#18 = AXIS2_PLACEMENT_3D ( 'NONE', #1896, #5110, #5751 ) ;
#19 = CARTESIAN_POINT ( 'NONE',  ( 0.8905591591021542186, 5.650000000000000355, 5.576953125000000178 ) ) ;
#20 = VERTEX_POINT ( 'NONE', #2995 ) ;
#21 = VERTEX_POINT ( 'NONE', #762 ) ;
#22 = CARTESIAN_POINT ( 'NONE',  ( 1.351778588067005016, 1.828026703853096624, 1.347186323827235244 ) ) ;
#23 = VERTEX_POINT ( 'NONE', #2460 ) ;
#24 =( GEOMETRIC_REPRESENTATION_CONTEXT ( 3 ) GLOBAL_UNCERTAINTY_ASSIGNED_CONTEXT ( ( #6841 ) ) GLOBAL_UNIT_ASSIGNED_CONTEXT ( ( #2559, #354, #2124 ) ) REPRESENTATION_CONTEXT ( 'NONE', 'WORKASPACE' ) );
#25 = EDGE_CURVE ( 'NONE', #2513, #4752, #4659, .T. ) ;
#26 = CARTESIAN_POINT ( 'NONE',  ( -1.720709547880010959, 4.789275845653103936, 0.1870109685403511524 ) ) ;
#27 = DIRECTION ( 'NONE',  ( 1.000000000000000000, 0.000000000000000000, 0.000000000000000000 ) ) ;
#28 = CARTESIAN_POINT ( 'NONE',  ( 2.066968044320380837, 2.906640916161201904, 6.980657073401716595 ) ) ;
#29 = CYLINDRICAL_SURFACE ( 'NONE', #3940, 2.149999999999999911 ) ;
#30 = CARTESIAN_POINT ( 'NONE',  ( -2.579629788281240010, 4.568517644207725326, 3.146093751083947510 ) ) ;
#31 = CARTESIAN_POINT ( 'NONE',  ( -11.59945504087193591, 10.30822920078321481, 0.5000000000000000000 ) ) ;
#32 = CARTESIAN_POINT ( 'NONE',  ( 1.576324921369683052, 2.037835531089712049, 2.158437373445416085 ) ) ;
#33 = AXIS2_PLACEMENT_3D ( 'NONE', #5123, #2383, #4579 ) ;
#34 = VERTEX_POINT ( 'NONE', #1373 ) ;
#35 = CARTESIAN_POINT ( 'NONE',  ( -0.8983643868911638242, 5.454596440122303491, 3.299967755642616130 ) ) ;
#36 = CARTESIAN_POINT ( 'NONE',  ( 1.196968687461139602, 5.287266471764739073, 0.7890215416987992336 ) ) ;
#37 = CARTESIAN_POINT ( 'NONE',  ( 1.068517644207731099, 0.9203702117187504417, 3.344531251083941115 ) ) ;
#38 = CARTESIAN_POINT ( 'NONE',  ( 0.2112439167765549353, 1.359569079408645242, 4.448083835151547483 ) ) ;
#39 = CARTESIAN_POINT ( 'NONE',  ( -0.4561577109056024204, 5.601190790140196718, 1.684350748718152602 ) ) ;
#40 = DIRECTION ( 'NONE',  ( -1.000000000000000000, 0.000000000000000000, 0.000000000000000000 ) ) ;
#41 = CARTESIAN_POINT ( 'NONE',  ( -2.103892811583946365, 3.036995430055051681, 0.2957166711508524837 ) ) ;
#42 = CARTESIAN_POINT ( 'NONE',  ( -1.824073716244489329, 1.675926283755509782, 8.057421876083941115 ) ) ;
#43 = ORIENTED_EDGE ( 'NONE', *, *, #2240, .T. ) ;
#44 = CARTESIAN_POINT ( 'NONE',  ( 1.068517644207731321, 0.9203702117187504417, 6.519531251083940049 ) ) ;
#45 = CARTESIAN_POINT ( 'NONE',  ( 2.063009365728897038, 2.868797315424382433, 7.772065961855531668 ) ) ;
#46 = CARTESIAN_POINT ( 'NONE',  ( -2.103140580602130605, 2.006249839225950016, -1.392877994297092818E-15 ) ) ;
#47 = CARTESIAN_POINT ( 'NONE',  ( 3.000000000000000000, 15.27371993328518762, 0.000000000000000000 ) ) ;
#48 = CARTESIAN_POINT ( 'NONE',  ( 2.149999999999999911, 4.390559159102155995, 4.088671877167881163 ) ) ;
#49 = DIRECTION ( 'NONE',  ( -1.000000000000000000, 0.000000000000000000, 0.000000000000000000 ) ) ;
#50 = CARTESIAN_POINT ( 'NONE',  ( -2.149999589457370242, 3.570741282812474271, 6.614809252724001887 ) ) ;
#51 = CARTESIAN_POINT ( 'NONE',  ( 2.074434479427051059, 2.934271234183358334, 6.188615772791638214 ) ) ;
#52 = CARTESIAN_POINT ( 'NONE',  ( -2.579629788281250224, 3.500000000000000000, 3.989453126083942536 ) ) ;
#53 = CARTESIAN_POINT ( 'NONE',  ( 1.327922786581778425, 1.807610777306016825, 2.932977355339030368 ) ) ;
#54 = CARTESIAN_POINT ( 'NONE',  ( 3.949485927250213853E-16, 1.350000000000000089, 4.435937500000001421 ) ) ;
#55 = VERTEX_POINT ( 'NONE', #6895 ) ;
#56 = ORIENTED_EDGE ( 'NONE', *, *, #4036, .T. ) ;
#57 = CARTESIAN_POINT ( 'NONE',  ( 2.150000000532274580, 3.594819074158162486, 2.258527230958441656 ) ) ;
#58 = EDGE_CURVE ( 'NONE', #5715, #1182, #3309, .T. ) ;
#59 = ORIENTED_EDGE ( 'NONE', *, *, #3513, .T. ) ;
#60 = CARTESIAN_POINT ( 'NONE',  ( -1.828964510359721185, 4.631230762154691760, 0.1986484640600515994 ) ) ;
#61 = CARTESIAN_POINT ( 'NONE',  ( -2.999999999999998224, 15.27371993328518762, 2.000000000000000000 ) ) ;
#62 = CARTESIAN_POINT ( 'NONE',  ( 2.149999999999999911, 3.500000000000000444, 4.832812502167881163 ) ) ;
#63 = CARTESIAN_POINT ( 'NONE',  ( 1.824073716244482668, 5.324073716244483556, 4.485546876083947865 ) ) ;
#64 = CARTESIAN_POINT ( 'NONE',  ( -12.00000000000000000, -4.033333333333333215, 0.02859547920896858900 ) ) ;
#65 = DIRECTION ( 'NONE',  ( 0.000000000000000000, 0.000000000000000000, 1.000000000000000000 ) ) ;
#66 = ORIENTED_EDGE ( 'NONE', *, *, #4030, .F. ) ;
#67 = CARTESIAN_POINT ( 'NONE',  ( -1.146546949781400038, 5.318793090984291538, 3.316824483981581917 ) ) ;
#68 = DIRECTION ( 'NONE',  ( -1.000000000000000000, 0.000000000000000000, 0.000000000000000000 ) ) ;
#69 = DIRECTION ( 'NONE',  ( -0.000000000000000000, 0.000000000000000000, 1.000000000000000000 ) ) ;
#70 = CARTESIAN_POINT ( 'NONE',  ( -5.408326913195983465, -6.505213034913026604E-16, 6.000000000000000000 ) ) ;
#71 = CARTESIAN_POINT ( 'NONE',  ( -0.5946342588909283577, 5.567195595289261334, 1.692838479258483853 ) ) ;
#72 = DIRECTION ( 'NONE',  ( 0.000000000000000000, 0.000000000000000000, 1.000000000000000000 ) ) ;
#73 = EDGE_CURVE ( 'NONE', #4970, #5789, #382, .T. ) ;
#74 = AXIS2_PLACEMENT_3D ( 'NONE', #6153, #4565, #4031 ) ;
#75 = CARTESIAN_POINT ( 'NONE',  ( -0.5386338547339213356, 1.418280185758824308, 0.4356105874791275645 ) ) ;
#76 = CARTESIAN_POINT ( 'NONE',  ( -1.068517644207730211, 0.9203702117187504417, 3.344531251083942003 ) ) ;
#77 = ORIENTED_EDGE ( 'NONE', *, *, #3513, .F. ) ;
#78 = CARTESIAN_POINT ( 'NONE',  ( -1.579567681601898742E-16, 6.079629788281250669, 6.073046876083940226 ) ) ;
#79 = LINE ( 'NONE', #2293, #2117 ) ;
#80 = CARTESIAN_POINT ( 'NONE',  ( 1.743665085804290360, 2.193143856221778876, 3.865815173156755431E-14 ) ) ;
#81 = CARTESIAN_POINT ( 'NONE',  ( 1.520279579551077065, 5.020279579551076843, 5.725781252167881696 ) ) ;
#82 = AXIS2_PLACEMENT_3D ( 'NONE', #4239, #2967, #5743 ) ;
#83 = CYLINDRICAL_SURFACE ( 'NONE', #6001, 2.149999999999999911 ) ;
#84 = CARTESIAN_POINT ( 'NONE',  ( -1.246973795627408288, 5.251467075139176544, 6.499005152308559907 ) ) ;
#85 = CIRCLE ( 'NONE', #2291, 0.5000000000000000000 ) ;
#86 = CARTESIAN_POINT ( 'NONE',  ( 2.058556619107223984, 2.878974966818536263, 6.185172372255627771 ) ) ;
#87 = CARTESIAN_POINT ( 'NONE',  ( 4.738703044805694992E-16, 0.9203702117187499976, 4.187890626083942358 ) ) ;
#88 = CARTESIAN_POINT ( 'NONE',  ( 0.4489829413177345852, 1.397402248119623325, 2.874542138999566010 ) ) ;
#89 = CARTESIAN_POINT ( 'NONE',  ( 2.149999999999999911, 4.390559159102155995, 3.890234375000001243 ) ) ;
#90 = ORIENTED_EDGE ( 'NONE', *, *, #6394, .T. ) ;
#91 = ORIENTED_EDGE ( 'NONE', *, *, #3828, .F. ) ;
#92 = FACE_OUTER_BOUND ( 'NONE', #4388, .T. ) ;
#93 = ORIENTED_EDGE ( 'NONE', *, *, #1480, .F. ) ;
#94 = CARTESIAN_POINT ( 'NONE',  ( -1.028269580589101562, 5.388895489570486141, 0.1336119738652400968 ) ) ;
#95 = CARTESIAN_POINT ( 'NONE',  ( 1.457496997334927435, 1.918763989806146819, 6.911373860899847621 ) ) ;
#96 = CARTESIAN_POINT ( 'NONE',  ( -5.408326913195983465, -0.5171572875253820367, 6.200000000000000178 ) ) ;
#97 = CARTESIAN_POINT ( 'NONE',  ( 2.579629788281240010, 3.500000000000000444, 4.386328126083948398 ) ) ;
#98 = CARTESIAN_POINT ( 'NONE',  ( 1.824073716244489773, 5.324073716244490662, 5.973828126083940759 ) ) ;
#99 = DIRECTION ( 'NONE',  ( -0.000000000000000000, -0.000000000000000000, -1.000000000000000000 ) ) ;
#100 = CARTESIAN_POINT ( 'NONE',  ( 0.2924127308384212309, 1.365244178108716788, 2.071670255967438035 ) ) ;
#101 = VERTEX_POINT ( 'NONE', #1801 ) ;
#102 = CIRCLE ( 'NONE', #5645, 0.5000000000000000000 ) ;
#103 = CARTESIAN_POINT ( 'NONE',  ( 0.5381772870879866222, 5.586347430899238908, 3.213869404250213169 ) ) ;
#104 = CARTESIAN_POINT ( 'NONE',  ( 0.8905591591021542186, 5.650000000000000355, 0.2191406271678814632 ) ) ;
#105 = LINE ( 'NONE', #5709, #573 ) ;
#106 = CARTESIAN_POINT ( 'NONE',  ( 1.437153146914758262, 1.900815321257177004, 4.528622118858834256 ) ) ;
#107 = CARTESIAN_POINT ( 'NONE',  ( -1.635628445103107342, 4.903668835035066564, 1.766485422100894542 ) ) ;
#108 = CIRCLE ( 'NONE', #3159, 1.000000000000002220 ) ;
#109 = DIRECTION ( 'NONE',  ( 0.000000000000000000, 0.000000000000000000, -1.000000000000000000 ) ) ;
#110 = CARTESIAN_POINT ( 'NONE',  ( -1.426941653677847421, 1.891790464290083573, 0.3751981186674023805 ) ) ;
#111 = CARTESIAN_POINT ( 'NONE',  ( 1.824073716244489773, 5.324073716244490662, 3.691796876083942358 ) ) ;
#112 = EDGE_CURVE ( 'NONE', #5417, #5519, #4082, .T. ) ;
#113 = ORIENTED_EDGE ( 'NONE', *, *, #6065, .T. ) ;
#114 = CARTESIAN_POINT ( 'NONE',  ( 1.068517644207731321, 0.9203702117187504417, 8.107031251083942180 ) ) ;
#115 = CARTESIAN_POINT ( 'NONE',  ( 2.084703423404050682, 4.027414836295913680, 6.252904818125739617 ) ) ;
#116 = CARTESIAN_POINT ( 'NONE',  ( 1.195528161284902469, 1.712915199549965184, 7.685943142750881307 ) ) ;
#117 = CARTESIAN_POINT ( 'NONE',  ( 0.1383985218572991449, 5.645540922272917150, 8.000000000252846633 ) ) ;
#118 = DIRECTION ( 'NONE',  ( -0.000000000000000000, -0.000000000000000000, 1.000000000000000000 ) ) ;
#119 = CARTESIAN_POINT ( 'NONE',  ( 0.8905591591021542186, 5.650000000000000355, 4.981640627167879920 ) ) ;
#120 = CARTESIAN_POINT ( 'NONE',  ( -2.579629788281249780, 2.431482355792268013, 7.114843751083942180 ) ) ;
#121 = CARTESIAN_POINT ( 'NONE',  ( -0.7990703175193863972, 5.496007694724038828, 6.468378674895063796 ) ) ;
#122 = CARTESIAN_POINT ( 'NONE',  ( 1.553131896769053277, 4.986715099640316673, 3.937215066606082559 ) ) ;
#123 = CARTESIAN_POINT ( 'NONE',  ( 1.068517644207729544, 6.079629788281250669, 3.741406251083941648 ) ) ;
#124 = CARTESIAN_POINT ( 'NONE',  ( -6.925484200721367500, 1.000000000000000000, 6.200000000000000178 ) ) ;
#125 = CARTESIAN_POINT ( 'NONE',  ( -1.316495309083404618E-16, 5.650000000000000355, 4.832812500000001066 ) ) ;
#126 = ORIENTED_EDGE ( 'NONE', *, *, #2380, .T. ) ;
#127 = VERTEX_POINT ( 'NONE', #3537 ) ;
#128 = AXIS2_PLACEMENT_3D ( 'NONE', #1692, #2815, #6755 ) ;
#129 = DIRECTION ( 'NONE',  ( -0.000000000000000000, 0.000000000000000000, 1.000000000000000000 ) ) ;
#130 = ORIENTED_EDGE ( 'NONE', *, *, #5813, .T. ) ;
#131 = CARTESIAN_POINT ( 'NONE',  ( 0.5625360515813371265, 5.579638554390721872, 0.03697367264860073471 ) ) ;
#132 = CARTESIAN_POINT ( 'NONE',  ( 1.638794063108491850, 2.105267185462656343, 6.926128122798424158 ) ) ;
#133 = CARTESIAN_POINT ( 'NONE',  ( -5.408326913195983465, 1.000000000000000000, 2.000000000000000000 ) ) ;
#134 = CARTESIAN_POINT ( 'NONE',  ( -1.579567681601892579E-16, 6.079629788281240010, 2.203515626083947687 ) ) ;
#135 = CARTESIAN_POINT ( 'NONE',  ( 1.068517644207731321, 0.9203702117187504417, 4.138281251083940404 ) ) ;
#136 = CARTESIAN_POINT ( 'NONE',  ( -5.408326913195983465, 0.000000000000000000, 2.000000000000000000 ) ) ;
#137 = CARTESIAN_POINT ( 'NONE',  ( 1.586686346932289160, 2.049079966171487133, 2.159303453468251810 ) ) ;
#138 = CARTESIAN_POINT ( 'NONE',  ( -1.770762083409862964, 4.719439538052605521, 2.573319470101846917 ) ) ;
#139 = AXIS2_PLACEMENT_3D ( 'NONE', #3708, #344, #958 ) ;
#140 = CARTESIAN_POINT ( 'NONE',  ( -1.955324982408072509, 4.400685041730579172, 3.389064825924657409 ) ) ;
#141 = CYLINDRICAL_SURFACE ( 'NONE', #6285, 2.149999999999999911 ) ;
#142 = CARTESIAN_POINT ( 'NONE',  ( 1.824073716244489773, 5.324073716244490662, 0.4175781260839401821 ) ) ;
#143 = AXIS2_PLACEMENT_3D ( 'NONE', #784, #3926, #1177 ) ;
#144 = DIRECTION ( 'NONE',  ( 0.000000000000000000, -0.000000000000000000, 1.000000000000000000 ) ) ;
#145 = CARTESIAN_POINT ( 'NONE',  ( -2.579629788281249780, 4.568517644207729766, 8.702343751083942536 ) ) ;
#146 = AXIS2_PLACEMENT_3D ( 'NONE', #5083, #129, #2920 ) ;
#147 = CARTESIAN_POINT ( 'NONE',  ( -0.8905591591021546627, 5.650000000000000355, 2.699609377167881519 ) ) ;
#148 = CARTESIAN_POINT ( 'NONE',  ( -1.924863994840938508, 2.541718711717201096, 0.3273108387308773515 ) ) ;
#149 = CARTESIAN_POINT ( 'NONE',  ( 1.068517644207731321, 0.9203702117187504417, 3.443750001083942358 ) ) ;
#150 = EDGE_LOOP ( 'NONE', ( #2584, #2111, #5310, #3146 ) ) ;
#151 = AXIS2_PLACEMENT_3D ( 'NONE', #4592, #3517, #6833 ) ;
#152 = CARTESIAN_POINT ( 'NONE',  ( 2.101879191206766251, 2.004475439800482928, -1.248544138074623611 ) ) ;
#153 = CARTESIAN_POINT ( 'NONE',  ( 2.104407233572749725, 3.940549115407006475, 6.247419750639791935 ) ) ;
#154 = CARTESIAN_POINT ( 'NONE',  ( 1.980201944976454298, 2.661372826210743447, 7.758705655553049141 ) ) ;
#155 = CARTESIAN_POINT ( 'NONE',  ( 12.79860920485519493, -3.767130265048286297, 0.2441299763526851019 ) ) ;
#156 = DIRECTION ( 'NONE',  ( 0.000000000000000000, 0.000000000000000000, -1.000000000000000000 ) ) ;
#157 = CARTESIAN_POINT ( 'NONE',  ( 2.150000000000000355, 2.609440840897845781, 3.989453127167882140 ) ) ;
#158 = B_SPLINE_CURVE_WITH_KNOTS ( 'NONE', 3,
 ( #3933, #4977, #3465, #3427, #6132, #5013, #1185, #3393, #2924, #171, #5587, #4049, #1764, #28, #2887, #5521, #643, #4008, #576, #3896, #2850, #5086, #1149, #2776, #4436, #6642, #6097, #132, #5554, #5048, #95, #610, #4503, #6714, #6171, #1217, #6754, #4544, #1805, #3612, #1332, #903, #1367, #826, #5232, #3103, #2528, #6278, #245, #6821, #4726, #1983, #6350, #5701, #6391, #757, #3575, #6930, #4614, #6313, #5194, #360, #1441, #4190, #867, #1946, #2454, #285, #3540, #3652, #5305, #2955, #5803, #322, #3067, #5844, #3503, #5268, #2566, #5730, #4763, #2025, #2989, #6969, #4227, #1296, #1908, #792, #5161, #6889, #2489, #1404, #212, #2419, #1877, #4086, #4653, #6855, #3026, #4152, #4116, #4687, #5766, #4296 ),
 .UNSPECIFIED., .F., .F.,
 ( 4, 2, 2, 2, 2, 2, 2, 2, 2, 2, 2, 2, 2, 1, 1, 2, 1, 2, 2, 2, 2, 2, 2, 2, 1, 2, 2, 1, 2, 2, 2, 2, 2, 2, 1, 1, 2, 2, 1, 2, 2, 2, 2, 2, 1, 2, 2, 2, 2, 2, 2, 2, 2, 1, 1, 1, 2, 4 ),
 ( 0.1230187402746825559, 0.1245687946215370961, 0.1249563082082507243, 0.1251500650016075522, 0.1253438217949643663, 0.1261188489683916225, 0.1276689033152461628, 0.1284439304886734190, 0.1288314440753870471, 0.1292189576621007030, 0.1323190663558097557, 0.1327065799425233839, 0.1329003367358801979, 0.1330940935292370120, 0.1338691207026642960, 0.1354191750495188362, 0.1361942022229461202, 0.1365817158096597483, 0.1367754726030165624, 0.1369692293963734042, 0.1385192837432279445, 0.1400693380900825125, 0.1404568516767961406, 0.1406506084701529546, 0.1408443652635097965, 0.1416193924369370527, 0.1478196098243553247, 0.1482071234110689528, 0.1484008802044257669, 0.1485946369977825809, 0.1493696641712098927, 0.1509197185180644607, 0.1540198272117735689, 0.1555698815586281369, 0.1559573951453417928, 0.1561511519386986069, 0.1562480303353770139, 0.1562964695337162313, 0.1563449087320554209, 0.1571199359054827049, 0.1586699902523373007, 0.1594450174257645847, 0.1602200445991918687, 0.1633201532929010602, 0.1637076668796146883, 0.1639014236729715024, 0.1640951804663283164, 0.1648702076397556004, 0.1664202619866101684, 0.1695203706803192489, 0.1710704250271738169, 0.1718454522006010732, 0.1719423305972795357, 0.1720392089939579705, 0.1722329657873148956, 0.1724267225806718207, 0.1725236009773502832, 0.1726204793740287458 ),
 .UNSPECIFIED. ) ;
#159 = ADVANCED_FACE ( 'NONE', ( #92 ), #1363, .T. ) ;
#160 = CARTESIAN_POINT ( 'NONE',  ( -2.579629788281249780, 4.568517644207729766, 6.221875001083940759 ) ) ;
#161 = CARTESIAN_POINT ( 'NONE',  ( -2.077379911953426639, 4.085395416809212144, 6.584319405342488274 ) ) ;
#162 = CARTESIAN_POINT ( 'NONE',  ( 2.050218213592965633, 2.852026763723643832, 6.183484901186275806 ) ) ;
#163 = CARTESIAN_POINT ( 'NONE',  ( -2.579629788281249336, 2.431482355792268013, 2.451562501083942358 ) ) ;
#164 = FACE_OUTER_BOUND ( 'NONE', #486, .T. ) ;
#165 = CARTESIAN_POINT ( 'NONE',  ( 1.520279579551077065, 5.020279579551076843, 2.352343750000001066 ) ) ;
#166 = AXIS2_PLACEMENT_3D ( 'NONE', #4203, #2538, #946 ) ;
#167 = ORIENTED_EDGE ( 'NONE', *, *, #720, .T. ) ;
#168 = CARTESIAN_POINT ( 'NONE',  ( -1.815884279726767581, 2.348217589012763007, 1.134365681866509989 ) ) ;
#169 = ORIENTED_EDGE ( 'NONE', *, *, #4616, .F. ) ;
#170 = CARTESIAN_POINT ( 'NONE',  ( -1.541123159581932578, 4.999221224230202765, 4.933658494682522822 ) ) ;
#171 = CARTESIAN_POINT ( 'NONE',  ( 2.128782808979786001, 3.198263409782899469, 6.998373709576616086 ) ) ;
#172 =( BOUNDED_SURFACE ( )  B_SPLINE_SURFACE ( 1, 2, ( 
 ( #5100, #145, #6219, #2362, #4022, #1270, #3476, #5675, #733, #2935, #5138, #184, #2396, #4591, #6797, #1854, #6253, #1308, #3516, #4906, #6563, #3281, #3214, #2097, #2732, #1044, #6534, #2701, #6059, #500, #2162, #533, #6465, #5926, #4335, #3247, #1079, #1622, #4938, #976, #5960, #4395, #4297, #7108, #1516, #1588, #6499, #1010, #3856, #3315, #1555, #2061, #4365, #3180, #5481, #6598, #1653, #3821, #3788, #5512, #6025, #1110, #4263, #3757, #7143, #2603, #4805, #7004, #2192, #3724, #5380, #430, #2634, #4841, #7042, #5994, #5414, #5447, #463, #2132, #2669, #4875, #7078, #2877, #5545, #1287, #16, #1683, #3348, #5078, #3495, #1717, #87, #6779, #5579, #4460, #52, #2915, #4000, #3457, #599, #123, #2804, #2378, #5653, #5615, #6161, #2768, #1833, #567, #6634, #3889, #1753, #1209, #3419, #5004, #711, #2301, #2265, #4968, #5119, #3925, #6671, #6125, #635, #2340, #1176, #163, #1249, #3384, #6197, #4428, #6090, #4573, #6235, #1139, #2231, #2840, #4536, #6744, #4041, #5039, #4495, #6706, #670, #3965, #1795, #3646, #4681, #6343, #316, #203, #4607, #3568, #278, #3060, #3607, #4720, #6815, #240, #1977, #5725, #6883, #2413, #5759, #783, #2447, #1435, #5836, #2982, #2951, #1938, #4078, #5262, #4183, #6383, #1397, #3019, #898, #4145, #5695, #1870, #5187, #2519, #751, #5154, #6272, #1326, #3534, #820, #4644, #6850, #5224, #2483, #1902, #5795, #4110, #861, #6307, #1359, #6922, #773, #152 ),
 ( #2904, #2941, #1822, #1276, #5716, #4067, #4996, #1316, #6225, #6187, #5105, #114, #3912, #4597, #5066, #4520, #1784, #6803, #3482, #2832, #3951, #3374, #5682, #740, #2368, #2256, #5144, #4451, #2329, #191, #1165, #2869, #1742, #6734, #6260, #2402, #1860, #4563, #5643, #6152, #3991, #5029, #3522, #44, #6660, #6770, #1236, #4029, #1708, #6115, #5571, #625, #78, #2292, #3447, #699, #4486, #6696, #1201, #3408, #5605, #660, #928, #6879, #1900, #6379, #6456, #387, #4180, #5185, #5336, #313, #817, #5917, #2480, #1394, #6421, #1508, #4795, #4252, #238, #1935, #6848, #3133, #5297, #6340, #4678, #3603, #4142, #2593, #6995, #3057, #3714, #3643, #4108, #353, #967, #5793, #5875, #2052, #5757, #858, #3566, #3016, #5833, #1471, #2445, #1432, #4642, #6305, #3094, #1357, #2017, #3680, #5221, #275, #5259, #2516, #4717, #895, #2558, #6919, #1974, #4755, #6959, #4219, #7103, #2760, #4389, #1000, #2123, #1546, #6588, #3849, #1071, #423, #1104, #2626, #3240, #1647, #6489, #1035, #7067, #2695, #2221, #3310, #6050, #2726, #3814, #4326, #2156, #3205, #5505, #4962, #4831, #527, #2185, #4930, #560, #5371, #7135, #8, #5405, #6626, #4422, #1676, #5474, #3883, #6084, #3779, #2659, #3171, #1614, #454, #6527, #7031, #2088, #4288, #3748, #5951, #1578, #4865, #5985, #3273, #5439, #487, #4900, #4358, #6556, #6019, #6154, #6807, #6736, #2796, #3449, #4069, #627, #1825, #743, #1710, #5030, #6662, #3915 ) ),
 .UNSPECIFIED., .F., .F., .F. ) 
 B_SPLINE_SURFACE_WITH_KNOTS ( ( 2, 2 ),
 ( 3, 2, 2, 2, 2, 2, 2, 2, 2, 2, 2, 2, 2, 2, 2, 2, 2, 2, 2, 2, 2, 2, 2, 2, 2, 2, 2, 2, 2, 2, 2, 2, 2, 2, 2, 2, 2, 2, 2, 2, 2, 2, 2, 2, 2, 2, 2, 2, 2, 2, 2, 2, 2, 2, 2, 2, 2, 2, 2, 2, 2, 2, 2, 2, 2, 2, 2, 2, 2, 2, 2, 2, 2, 2, 2, 2, 2, 2, 2, 2, 2, 2, 2, 2, 2, 2, 2, 2, 2, 2, 2, 2, 2, 2, 2, 2, 2, 2, 2, 2, 2, 3 ),
 ( 0.000000000000000000, 1.000000000000000000 ),
 ( 0.000000000000000000, 0.009615384615384615918, 0.01923076923076923184, 0.02884615384615384776, 0.03846153846153846367, 0.04807692307692307959, 0.05769230769230769551, 0.06730769230769230449, 0.07692307692307692735, 0.08653846153846153633, 0.09615384615384615918, 0.1057692307692307682, 0.1153846153846153910, 0.1250000000000000000, 0.1346153846153846090, 0.1442307692307692180, 0.1538461538461538547, 0.1634615384615384637, 0.1730769230769230727, 0.1826923076923076816, 0.1923076923076923184, 0.2019230769230769273, 0.2115384615384615363, 0.2211538461538461453, 0.2307692307692307820, 0.2403846153846153910, 0.2500000000000000000, 0.2596153846153846367, 0.2692307692307692180, 0.2788461538461538547, 0.2884615384615384359, 0.2980769230769230727, 0.3076923076923077094, 0.3173076923076922906, 0.3269230769230769273, 0.3365384615384615641, 0.3461538461538461453, 0.3557692307692307820, 0.3653846153846153633, 0.3750000000000000000, 0.3846153846153846367, 0.3942307692307692180, 0.4038461538461538547, 0.4134615384615384359, 0.4230769230769230727, 0.4326923076923077094, 0.4423076923076922906, 0.4519230769230769273, 0.4615384615384615641, 0.4711538461538461453, 0.4807692307692307820, 0.4903846153846153633, 0.5000000000000000000, 0.5096153846153845812, 0.5192307692307692735, 0.5288461538461538547, 0.5384615384615384359, 0.5480769230769231282, 0.5576923076923077094, 0.5673076923076922906, 0.5769230769230768718, 0.5865384615384615641, 0.5961538461538461453, 0.6057692307692307265, 0.6153846153846154188, 0.6250000000000000000, 0.6346153846153845812, 0.6442307692307692735, 0.6538461538461538547, 0.6634615384615384359, 0.6730769230769231282, 0.6826923076923077094, 0.6923076923076922906, 0.7019230769230768718, 0.7115384615384615641, 0.7211538461538461453, 0.7307692307692307265, 0.7403846153846154188, 0.7500000000000000000, 0.7596153846153845812, 0.7692307692307692735, 0.7788461538461538547, 0.7884615384615384359, 0.7980769230769231282, 0.8076923076923077094, 0.8173076923076922906, 0.8269230769230768718, 0.8365384615384615641, 0.8461538461538461453, 0.8557692307692307265, 0.8653846153846154188, 0.8750000000000000000, 0.8846153846153845812, 0.8942307692307692735, 0.9038461538461538547, 0.9134615384615384359, 0.9230769230769231282, 0.9326923076923077094, 0.9423076923076922906, 0.9519230769230768718, 0.9615384615384615641, 0.9690855515607958992 ),
 .UNSPECIFIED. ) 
 GEOMETRIC_REPRESENTATION_ITEM ( )  RATIONAL_B_SPLINE_SURFACE ( (
 ( 1.000000000000000000, 0.9238795325112867385, 1.000000000000000000, 0.9238795325112867385, 1.000000000000000000, 0.9238795325112867385, 1.000000000000000000, 0.9238795325112867385, 1.000000000000000000, 0.9238795325112867385, 1.000000000000000000, 0.9238795325112867385, 1.000000000000000000, 0.9238795325112867385, 1.000000000000000000, 0.9238795325112867385, 1.000000000000000000, 0.9238795325112867385, 1.000000000000000000, 0.9238795325112867385, 1.000000000000000000, 0.9238795325112867385, 1.000000000000000000, 0.9238795325112867385, 1.000000000000000000, 0.9238795325112867385, 1.000000000000000000, 0.9238795325112867385, 1.000000000000000000, 0.9238795325112867385, 1.000000000000000000, 0.9238795325112867385, 1.000000000000000000, 0.9238795325112867385, 1.000000000000000000, 0.9238795325112867385, 1.000000000000000000, 0.9238795325112867385, 1.000000000000000000, 0.9238795325112867385, 1.000000000000000000, 0.9238795325112867385, 1.000000000000000000, 0.9238795325112867385, 1.000000000000000000, 0.9238795325112867385, 1.000000000000000000, 0.9238795325112867385, 1.000000000000000000, 0.9238795325112867385, 1.000000000000000000, 0.9238795325112867385, 1.000000000000000000, 0.9238795325112867385, 1.000000000000000000, 0.9238795325112867385, 1.000000000000000000, 0.9238795325112867385, 1.000000000000000000, 0.9238795325112867385, 1.000000000000000000, 0.9238795325112867385, 1.000000000000000000, 0.9238795325112867385, 1.000000000000000000, 0.9238795325112867385, 1.000000000000000000, 0.9238795325112867385, 1.000000000000000000, 0.9238795325112867385, 1.000000000000000000, 0.9238795325112867385, 1.000000000000000000, 0.9238795325112867385, 1.000000000000000000, 0.9238795325112867385, 1.000000000000000000, 0.9238795325112867385, 1.000000000000000000, 0.9238795325112867385, 1.000000000000000000, 0.9238795325112867385, 1.000000000000000000, 0.9238795325112867385, 1.000000000000000000, 0.9238795325112867385, 1.000000000000000000, 0.9238795325112867385, 1.000000000000000000, 0.9238795325112867385, 1.000000000000000000, 0.9238795325112867385, 1.000000000000000000, 0.9238795325112867385, 1.000000000000000000, 0.9238795325112867385, 1.000000000000000000, 0.9238795325112867385, 1.000000000000000000, 0.9238795325112867385, 1.000000000000000000, 0.9238795325112867385, 1.000000000000000000, 0.9238795325112867385, 1.000000000000000000, 0.9238795325112867385, 1.000000000000000000, 0.9238795325112867385, 1.000000000000000000, 0.9238795325112867385, 1.000000000000000000, 0.9238795325112867385, 1.000000000000000000, 0.9238795325112867385, 1.000000000000000000, 0.9238795325112867385, 1.000000000000000000, 0.9238795325112867385, 1.000000000000000000, 0.9238795325112867385, 1.000000000000000000, 0.9238795325112867385, 1.000000000000000000, 0.9238795325112867385, 1.000000000000000000, 0.9238795325112867385, 1.000000000000000000, 0.9238795325112867385, 1.000000000000000000, 0.9238795325112867385, 1.000000000000000000, 0.9238795325112867385, 1.000000000000000000, 0.9238795325112867385, 1.000000000000000000, 0.9238795325112867385, 1.000000000000000000, 0.9238795325112867385, 1.000000000000000000, 0.9238795325112867385, 1.000000000000000000, 0.9238795325112867385, 1.000000000000000000, 0.9238795325112867385, 1.000000000000000000, 0.9238795325112867385, 1.000000000000000000, 0.9238795325112867385, 1.000000000000000000, 0.9238795325112867385, 1.000000000000000000, 0.9238795325112867385, 1.000000000000000000, 0.9238795325112867385, 1.000000000000000000, 0.9238795325112867385, 1.000000000000000000, 0.9238795325112867385, 1.000000000000000000, 0.9238795325112867385, 1.000000000000000000, 0.9238795325112867385, 1.000000000000000000, 0.9238795325112867385, 1.000000000000000000, 0.9238795325112867385, 1.000000000000000000, 0.9238795325112867385, 1.000000000000000000, 0.9238795325112867385, 1.000000000000000000, 0.9238795325112867385, 1.000000000000000000, 0.9238795325112867385, 1.000000000000000000, 0.9238795325112867385, 1.000000000000000000, 0.9238795325112867385, 1.000000000000000000, 0.9238795325112867385, 1.000000000000000000, 0.9238795325112867385, 1.000000000000000000, 0.9238795325112867385, 1.000000000000000000, 0.9238795325112867385, 1.000000000000000000, 0.9238795325112867385, 1.000000000000000000, 0.9238795325112867385, 1.000000000000000000, 0.9238795325112867385, 1.000000000000000000, 0.9238795325112867385, 1.000000000000000000, 0.9238795325112867385, 1.000000000000000000, 0.9238795325112867385, 1.000000000000000000, 0.9238795325112867385, 1.000000000000000000, 0.9402532458493325640, 0.9742966311790773881),
 ( 1.000000000000000000, 0.9238795325112867385, 1.000000000000000000, 0.9238795325112867385, 1.000000000000000000, 0.9238795325112867385, 1.000000000000000000, 0.9238795325112867385, 1.000000000000000000, 0.9238795325112867385, 1.000000000000000000, 0.9238795325112867385, 1.000000000000000000, 0.9238795325112867385, 1.000000000000000000, 0.9238795325112867385, 1.000000000000000000, 0.9238795325112867385, 1.000000000000000000, 0.9238795325112867385, 1.000000000000000000, 0.9238795325112867385, 1.000000000000000000, 0.9238795325112867385, 1.000000000000000000, 0.9238795325112867385, 1.000000000000000000, 0.9238795325112867385, 1.000000000000000000, 0.9238795325112867385, 1.000000000000000000, 0.9238795325112867385, 1.000000000000000000, 0.9238795325112867385, 1.000000000000000000, 0.9238795325112867385, 1.000000000000000000, 0.9238795325112867385, 1.000000000000000000, 0.9238795325112867385, 1.000000000000000000, 0.9238795325112867385, 1.000000000000000000, 0.9238795325112867385, 1.000000000000000000, 0.9238795325112867385, 1.000000000000000000, 0.9238795325112867385, 1.000000000000000000, 0.9238795325112867385, 1.000000000000000000, 0.9238795325112867385, 1.000000000000000000, 0.9238795325112867385, 1.000000000000000000, 0.9238795325112867385, 1.000000000000000000, 0.9238795325112867385, 1.000000000000000000, 0.9238795325112867385, 1.000000000000000000, 0.9238795325112867385, 1.000000000000000000, 0.9238795325112867385, 1.000000000000000000, 0.9238795325112867385, 1.000000000000000000, 0.9238795325112867385, 1.000000000000000000, 0.9238795325112867385, 1.000000000000000000, 0.9238795325112867385, 1.000000000000000000, 0.9238795325112867385, 1.000000000000000000, 0.9238795325112867385, 1.000000000000000000, 0.9238795325112867385, 1.000000000000000000, 0.9238795325112867385, 1.000000000000000000, 0.9238795325112867385, 1.000000000000000000, 0.9238795325112867385, 1.000000000000000000, 0.9238795325112867385, 1.000000000000000000, 0.9238795325112867385, 1.000000000000000000, 0.9238795325112867385, 1.000000000000000000, 0.9238795325112867385, 1.000000000000000000, 0.9238795325112867385, 1.000000000000000000, 0.9238795325112867385, 1.000000000000000000, 0.9238795325112867385, 1.000000000000000000, 0.9238795325112867385, 1.000000000000000000, 0.9238795325112867385, 1.000000000000000000, 0.9238795325112867385, 1.000000000000000000, 0.9238795325112867385, 1.000000000000000000, 0.9238795325112867385, 1.000000000000000000, 0.9238795325112867385, 1.000000000000000000, 0.9238795325112867385, 1.000000000000000000, 0.9238795325112867385, 1.000000000000000000, 0.9238795325112867385, 1.000000000000000000, 0.9238795325112867385, 1.000000000000000000, 0.9238795325112867385, 1.000000000000000000, 0.9238795325112867385, 1.000000000000000000, 0.9238795325112867385, 1.000000000000000000, 0.9238795325112867385, 1.000000000000000000, 0.9238795325112867385, 1.000000000000000000, 0.9238795325112867385, 1.000000000000000000, 0.9238795325112867385, 1.000000000000000000, 0.9238795325112867385, 1.000000000000000000, 0.9238795325112867385, 1.000000000000000000, 0.9238795325112867385, 1.000000000000000000, 0.9238795325112867385, 1.000000000000000000, 0.9238795325112867385, 1.000000000000000000, 0.9238795325112867385, 1.000000000000000000, 0.9238795325112867385, 1.000000000000000000, 0.9238795325112867385, 1.000000000000000000, 0.9238795325112867385, 1.000000000000000000, 0.9238795325112867385, 1.000000000000000000, 0.9238795325112867385, 1.000000000000000000, 0.9238795325112867385, 1.000000000000000000, 0.9238795325112867385, 1.000000000000000000, 0.9238795325112867385, 1.000000000000000000, 0.9238795325112867385, 1.000000000000000000, 0.9238795325112867385, 1.000000000000000000, 0.9238795325112867385, 1.000000000000000000, 0.9238795325112867385, 1.000000000000000000, 0.9238795325112867385, 1.000000000000000000, 0.9238795325112867385, 1.000000000000000000, 0.9238795325112867385, 1.000000000000000000, 0.9238795325112867385, 1.000000000000000000, 0.9238795325112867385, 1.000000000000000000, 0.9238795325112867385, 1.000000000000000000, 0.9238795325112867385, 1.000000000000000000, 0.9238795325112867385, 1.000000000000000000, 0.9238795325112867385, 1.000000000000000000, 0.9238795325112867385, 1.000000000000000000, 0.9238795325112867385, 1.000000000000000000, 0.9238795325112867385, 1.000000000000000000, 0.9238795325112867385, 1.000000000000000000, 0.9238795325112867385, 1.000000000000000000, 0.9238795325112867385, 1.000000000000000000, 0.9238795325112867385, 1.000000000000000000, 0.9402532458493325640, 0.9742966311790773881) ) ) 
 REPRESENTATION_ITEM ( '' )  SURFACE ( )  );
#173 = CARTESIAN_POINT ( 'NONE',  ( 2.579629788281240010, 3.500000000000000444, 3.592578126083947332 ) ) ;
#174 = ADVANCED_FACE ( 'NONE', ( #2307 ), #6166, .F. ) ;
#175 = CARTESIAN_POINT ( 'NONE',  ( 1.824073716244490218, 1.675926283755510227, 4.187890626083940582 ) ) ;
#176 = CARTESIAN_POINT ( 'NONE',  ( -1.984948394361897073, 2.672539253137688142, 3.493666513164276122 ) ) ;
#177 = LINE ( 'NONE', #3397, #656 ) ;
#178 = CARTESIAN_POINT ( 'NONE',  ( -1.335565934248426512, 5.184888542497169794, 2.536733067562505273 ) ) ;
#179 = EDGE_CURVE ( 'NONE', #3169, #4542, #4046, .T. ) ;
#180 = CARTESIAN_POINT ( 'NONE',  ( 0.1020344369459733613, 5.648036759363090020, 3.239573213249632655 ) ) ;
#181 = CARTESIAN_POINT ( 'NONE',  ( -12.00000000000000000, -4.200000000000000178, 0.000000000000000000 ) ) ;
#182 = DIRECTION ( 'NONE',  ( -0.9886859966642596032, -0.1499999999999997169, 8.575484043915090766E-16 ) ) ;
#183 = CARTESIAN_POINT ( 'NONE',  ( -2.137119384110341969, 3.264907403439808231, 4.250893804263096598 ) ) ;
#184 = CARTESIAN_POINT ( 'NONE',  ( 1.068517644207731321, 0.9203702117187504417, 8.206250001083942536 ) ) ;
#185 = CARTESIAN_POINT ( 'NONE',  ( -0.8905591591021549958, 1.350000000000000533, 2.997265627167882585 ) ) ;
#186 = CARTESIAN_POINT ( 'NONE',  ( -2.149999999999994138, 3.499999842442264697, 1.062499871044174649 ) ) ;
#187 = CARTESIAN_POINT ( 'NONE',  ( -1.773842084871148250, 4.714924646505290973, 5.748642700374285042 ) ) ;
#188 = CARTESIAN_POINT ( 'NONE',  ( -1.068517644207730211, 0.9203702117187504417, 5.725781251083941648 ) ) ;
#189 = EDGE_CURVE ( 'NONE', #3145, #717, #3164, .T. ) ;
#190 = ORIENTED_EDGE ( 'NONE', *, *, #2015, .T. ) ;
#191 = CARTESIAN_POINT ( 'NONE',  ( -1.068517644207730211, 0.9203702117187504417, 7.214062501083941648 ) ) ;
#192 = EDGE_CURVE ( 'NONE', #3445, #4960, #1551, .T. ) ;
#193 = CARTESIAN_POINT ( 'NONE',  ( 0.8106511015147245258, 5.491381227534764875, 6.371501530482965414 ) ) ;
#194 = DIRECTION ( 'NONE',  ( 0.000000000000000000, 0.000000000000000000, -1.000000000000000000 ) ) ;
#195 = CARTESIAN_POINT ( 'NONE',  ( 12.99999999998806111, -3.700000000000000622, 0.4466508605399162612 ) ) ;
#196 = ORIENTED_EDGE ( 'NONE', *, *, #1749, .T. ) ;
#197 = DIRECTION ( 'NONE',  ( 0.000000000000000000, 0.000000000000000000, -1.000000000000000000 ) ) ;
#198 = CARTESIAN_POINT ( 'NONE',  ( -1.316495309083404618E-16, 5.650000000000000355, 4.237500002167881696 ) ) ;
#199 = EDGE_CURVE ( 'NONE', #7056, #2491, #1310, .T. ) ;
#200 = CARTESIAN_POINT ( 'NONE',  ( 2.579629788281250669, 2.431482355792271122, 6.618750001083940404 ) ) ;
#201 = CARTESIAN_POINT ( 'NONE',  ( -3.499999999999998224, 14.54651426760056765, 0.000000000000000000 ) ) ;
#202 = CARTESIAN_POINT ( 'NONE',  ( -0.3974898694519479747, 1.387062801067699302, 6.000444441910761206 ) ) ;
#203 = CARTESIAN_POINT ( 'NONE',  ( 2.579629788281249780, 4.568517644207729766, 1.260937501083941648 ) ) ;
#204 = CARTESIAN_POINT ( 'NONE',  ( 2.045162444152555992, 2.836150391451726094, 3.007437617908957250 ) ) ;
#205 = CARTESIAN_POINT ( 'NONE',  ( -1.316495309083404618E-16, 5.650000000000000355, 1.657812500000001243 ) ) ;
#206 = EDGE_CURVE ( 'NONE', #7110, #5583, #5690, .T. ) ;
#207 = ADVANCED_FACE ( 'NONE', ( #5377 ), #3065, .F. ) ;
#208 = CARTESIAN_POINT ( 'NONE',  ( -1.180084705827896485, 1.702802271212100926, 1.187050219374540472 ) ) ;
#209 = EDGE_LOOP ( 'NONE', ( #5081, #311, #6479, #2735 ) ) ;
#210 = TOROIDAL_SURFACE ( 'NONE', #4256, 0.5000000000000000000, 0.5000000000000000000 ) ;
#211 = CARTESIAN_POINT ( 'NONE',  ( -1.584177372509412374, 4.953575908125470662, 4.937221660374562227 ) ) ;
#212 = CARTESIAN_POINT ( 'NONE',  ( -2.147004912075540783, 3.385967632041205544, 6.625181836832081395 ) ) ;
#213 = CARTESIAN_POINT ( 'NONE',  ( 1.068517644207727102, 0.9203702117187605447, 1.062500001083948042 ) ) ;
#214 = CARTESIAN_POINT ( 'NONE',  ( 1.824073716244490218, 1.675926283755510227, 4.981640626083940759 ) ) ;
#215 = CARTESIAN_POINT ( 'NONE',  ( -0.06444551468080360335, 1.349829283269798452, 3.638182385843583777 ) ) ;
#216 = CARTESIAN_POINT ( 'NONE',  ( -1.684124686115651803, 2.163301053137659746, 1.941362771466629056 ) ) ;
#217 = CARTESIAN_POINT ( 'NONE',  ( -2.127971719415268748, 3.815830264133475147, 2.631879667802859757 ) ) ;
#218 =( BOUNDED_CURVE ( )  B_SPLINE_CURVE ( 2, ( #746, #3487, #6664, #777, #1827, #1712, #3956, #2976, #5181, #5070, #6230 ),
 .UNSPECIFIED., .F., .T. ) 
 B_SPLINE_CURVE_WITH_KNOTS ( ( 3, 2, 2, 2, 2, 3 ),
 ( 0.3968848406376375704, 0.4068069827248415593, 0.4167291042547155988, 0.4266512257845896383, 0.4365733473144637333, 0.4365734539052833485 ),
 .UNSPECIFIED. ) 
 CURVE ( )  GEOMETRIC_REPRESENTATION_ITEM ( )  RATIONAL_B_SPLINE_CURVE ( ( 1.000000000000000000, 0.9238795325112867385, 1.000000000000000000, 0.9238795325112867385, 1.000000000000000000, 0.9238795325112867385, 1.000000000000000000, 0.9238795325112867385, 1.000000000000000000, 0.9999991822572426026, 0.9999983645320547065 ) ) 
 REPRESENTATION_ITEM ( '' )  );
#219 = CARTESIAN_POINT ( 'NONE',  ( 1.871624253633298096, 4.558077986903587231, 3.112239402700291535 ) ) ;
#220 = CARTESIAN_POINT ( 'NONE',  ( 2.149999999999865352, 3.500000534127608809, 6.221884753880802421 ) ) ;
#221 = CARTESIAN_POINT ( 'NONE',  ( 2.145540919542318292, 3.361601435811266914, 7.999999999999611866 ) ) ;
#222 = CARTESIAN_POINT ( 'NONE',  ( -2.149320158826267591, 3.441501853637064734, 4.240774480920068257 ) ) ;
#223 = DIRECTION ( 'NONE',  ( 0.000000000000000000, 0.000000000000000000, -1.000000000000000000 ) ) ;
#224 = DIRECTION ( 'NONE',  ( -0.9833321660356336702, -0.1818181818181808240, 0.000000000000000000 ) ) ;
#225 = CARTESIAN_POINT ( 'NONE',  ( 2.149999999999999911, 3.500000000000000444, 8.000000000000000000 ) ) ;
#226 = CARTESIAN_POINT ( 'NONE',  ( 4.738703044805694992E-16, 0.9203702117187499976, 5.775390626083941825 ) ) ;
#227 = TOROIDAL_SURFACE ( 'NONE', #2990, 0.5000000000000000000, 0.5000000000000000000 ) ;
#228 = VERTEX_POINT ( 'NONE', #358 ) ;
#229 = CARTESIAN_POINT ( 'NONE',  ( 2.149999999999999911, 3.500000001735972699, 7.214062537278850051 ) ) ;
#230 = CARTESIAN_POINT ( 'NONE',  ( -4.631449631449629400, 13.09249548304467758, 0.000000000000000000 ) ) ;
#231 = TOROIDAL_SURFACE ( 'NONE', #7041, 3.500000000000000000, 0.5000000000000000000 ) ;
#232 = CARTESIAN_POINT ( 'NONE',  ( -1.968666758516491422, 2.634059588921306538, 7.464922679637326475 ) ) ;
#233 = DIRECTION ( 'NONE',  ( 0.000000000000000000, -1.000000000000000000, 0.000000000000000000 ) ) ;
#234 = CARTESIAN_POINT ( 'NONE',  ( -0.000000000000000000, -4.200000000000000178, 0.000000000000000000 ) ) ;
#235 = CARTESIAN_POINT ( 'NONE',  ( -1.520279579551077287, 5.020279579551076843, 2.749218752167881252 ) ) ;
#236 = CARTESIAN_POINT ( 'NONE',  ( 1.824073716244490218, 1.675926283755510227, 4.981640626083940759 ) ) ;
#237 = ADVANCED_FACE ( 'NONE', ( #1942 ), #393, .T. ) ;
#238 = CARTESIAN_POINT ( 'NONE',  ( -2.579629788281250224, 3.500000000000000000, 4.683984376083940582 ) ) ;
#239 = CARTESIAN_POINT ( 'NONE',  ( 0.6278387521214260358, 1.443638550989094771, 6.060572599338850175 ) ) ;
#240 = CARTESIAN_POINT ( 'NONE',  ( -2.579629788281249336, 2.431482355792268013, 0.8640625010839422249 ) ) ;
#241 = CARTESIAN_POINT ( 'NONE',  ( 1.824073716244490218, 1.675926283755510227, 1.012890626083940537 ) ) ;
#242 = CARTESIAN_POINT ( 'NONE',  ( 3.949485927250213853E-16, 1.350000000000000089, -0.3265624999999987566 ) ) ;
#243 = CARTESIAN_POINT ( 'NONE',  ( -1.732903002826158279, 2.225261780199648598, 1.143124455755883950 ) ) ;
#244 = ORIENTED_EDGE ( 'NONE', *, *, #5087, .T. ) ;
#245 = CARTESIAN_POINT ( 'NONE',  ( 0.2165282026160122442, 1.348396852217161657, 6.829580828628637690 ) ) ;
#246 = EDGE_CURVE ( 'NONE', #2318, #5681, #1401, .T. ) ;
#247 = CIRCLE ( 'NONE', #369, 1.749999999999999778 ) ;
#248 = PLANE ( 'NONE',  #5975 ) ;
#249 = CARTESIAN_POINT ( 'NONE',  ( -1.068517644207730211, 0.9203702117187504417, 5.626562501083940404 ) ) ;
#250 = CARTESIAN_POINT ( 'NONE',  ( 1.194406897469164175, 1.712195561454346038, 3.717081365660888093 ) ) ;
#251 = CARTESIAN_POINT ( 'NONE',  ( -2.149839960399305028, 3.471637191250674270, 1.857833761277955409 ) ) ;
#252 = B_SPLINE_CURVE_WITH_KNOTS ( 'NONE', 3,
 ( #2727, #80, #2761, #6590, #6051, #1105, #2222, #2294, #4423, #6627, #4999, #1677, #3340, #3884, #6085, #1134, #2797, #46 ),
 .UNSPECIFIED., .F., .F.,
 ( 4, 2, 2, 2, 2, 2, 2, 2, 4 ),
 ( 0.000000000000000000, 0.0005828730373354510568, 0.001165746074670901463, 0.001748619112006351978, 0.002331492149341802492, 0.002914365186677253007, 0.003497238224012703522, 0.004080111261348154036, 0.004662984298683604117 ),
 .UNSPECIFIED. ) ;
#253 = CARTESIAN_POINT ( 'NONE',  ( -0.7630597188929738595, 5.510258568534369239, 2.497294763570509613 ) ) ;
#254 = AXIS2_PLACEMENT_3D ( 'NONE', #1321, #3529, #4034 ) ;
#255 = CARTESIAN_POINT ( 'NONE',  ( 1.761792156877191706, 2.265468274769192547, 5.350331851941151129 ) ) ;
#256 = DIRECTION ( 'NONE',  ( -0.000000000000000000, 0.000000000000000000, 1.000000000000000000 ) ) ;
#257 = DIRECTION ( 'NONE',  ( -1.000000000000000000, 0.000000000000000000, 0.000000000000000000 ) ) ;
#258 = CARTESIAN_POINT ( 'NONE',  ( -1.567293749090501009, 2.026571209288896558, 4.332583265872771427 ) ) ;
#259 = DIRECTION ( 'NONE',  ( 0.000000000000000000, 0.000000000000000000, -1.000000000000000000 ) ) ;
#260 = CARTESIAN_POINT ( 'NONE',  ( -1.628523068716141387, 4.906884205873375926, 5.734793893246636465 ) ) ;
#261 = CARTESIAN_POINT ( 'NONE',  ( 1.824073716244489773, 5.324073716244490662, 0.5167968760839414255 ) ) ;
#262 = VECTOR ( 'NONE', #233, 1000.000000000000000 ) ;
#263 = ORIENTED_EDGE ( 'NONE', *, *, #1172, .F. ) ;
#264 =( BOUNDED_CURVE ( )  B_SPLINE_CURVE ( 2, ( #379, #4171, #4823, #3123, #1461, #7021, #2080, #1422, #5397, #5251, #6448 ),
 .UNSPECIFIED., .F., .F. ) 
 B_SPLINE_CURVE_WITH_KNOTS ( ( 3, 2, 2, 2, 2, 3 ),
 ( 0.7143927117488076961, 0.7243148716808156529, 0.7342369932106898034, 0.7441591147405639539, 0.7540812362704379934, 0.7540813071324099504 ),
 .UNSPECIFIED. ) 
 CURVE ( )  GEOMETRIC_REPRESENTATION_ITEM ( )  RATIONAL_B_SPLINE_CURVE ( ( 1.000000000000000000, 0.9238795325112867385, 1.000000000000000000, 0.9238795325112867385, 1.000000000000000000, 0.9238795325112867385, 1.000000000000000000, 0.9238795325112867385, 1.000000000000000000, 0.9999994563615838272, 0.9999989127309327763 ) ) 
 REPRESENTATION_ITEM ( '' )  );
#265 = CARTESIAN_POINT ( 'NONE',  ( -0.7199234170283679290, 1.470755753226060003, 2.805552968045644135 ) ) ;
#266 = CARTESIAN_POINT ( 'NONE',  ( 0.2261928398490873626, 5.638086130017121889, 6.407408288074496916 ) ) ;
#267 = CARTESIAN_POINT ( 'NONE',  ( 0.3423100383531585411, 1.377180207807340739, 7.630640983275146283 ) ) ;
#268 = CARTESIAN_POINT ( 'NONE',  ( 1.520279579551077065, 5.020279579551076843, 5.725781252167881696 ) ) ;
#269 = CARTESIAN_POINT ( 'NONE',  ( 11.50000000000000000, -3.700000000000000178, 0.000000000000000000 ) ) ;
#270 = CARTESIAN_POINT ( 'NONE',  ( -1.520279579551076843, 1.979720420448922491, 2.153906252167881785 ) ) ;
#271 = ORIENTED_EDGE ( 'NONE', *, *, #3345, .F. ) ;
#272 = ADVANCED_FACE ( 'NONE', ( #3610 ), #2367, .T. ) ;
#273 = CIRCLE ( 'NONE', #4318, 21.00000000000000000 ) ;
#274 = CARTESIAN_POINT ( 'NONE',  ( 2.579629788281250669, 2.431482355792271122, 5.031250001083940937 ) ) ;
#275 = CARTESIAN_POINT ( 'NONE',  ( -1.068517644207729766, 6.079629788281250669, 2.947656251083941026 ) ) ;
#276 = CARTESIAN_POINT ( 'NONE',  ( -1.526299823234405828, 1.981031151432592452, 5.923757557487439485 ) ) ;
#277 = DIRECTION ( 'NONE',  ( 1.000000000000000000, 0.000000000000000000, 0.000000000000000000 ) ) ;
#278 = CARTESIAN_POINT ( 'NONE',  ( 1.824073716244490218, 1.675926283755510227, 1.112109376083941781 ) ) ;
#279 = CARTESIAN_POINT ( 'NONE',  ( 2.579629788281250669, 2.431482355792271122, 0.2687500010839400932 ) ) ;
#280 = CARTESIAN_POINT ( 'NONE',  ( -2.149999999999999911, 4.390559159102155995, 0.2191406250000010048 ) ) ;
#281 = EDGE_CURVE ( 'NONE', #4485, #326, #3203, .T. ) ;
#282 = DIRECTION ( 'NONE',  ( -1.000000000000000000, -0.000000000000000000, -0.000000000000000000 ) ) ;
#283 = ORIENTED_EDGE ( 'NONE', *, *, #3871, .T. ) ;
#284 = CARTESIAN_POINT ( 'NONE',  ( -1.316495309083404618E-16, 5.650000000000000355, 6.618750002167881341 ) ) ;
#285 = CARTESIAN_POINT ( 'NONE',  ( -1.101856476790508577, 1.653809711730416909, 6.748797484246908951 ) ) ;
#286 = CARTESIAN_POINT ( 'NONE',  ( 2.579629788281240010, 4.568517644207725326, 1.260937501083947643 ) ) ;
#287 = ORIENTED_EDGE ( 'NONE', *, *, #4561, .T. ) ;
#288 = ORIENTED_EDGE ( 'NONE', *, *, #6189, .T. ) ;
#289 = CARTESIAN_POINT ( 'NONE',  ( -0.2864286857476963100, 1.369160330025988692, 3.625793554068740043 ) ) ;
#290 = EDGE_CURVE ( 'NONE', #649, #6674, #4529, .T. ) ;
#291 = CARTESIAN_POINT ( 'NONE',  ( -0.8372682271952274213, 1.519444266002003996, 2.004134547702772995 ) ) ;
#292 = DIRECTION ( 'NONE',  ( 0.000000000000000000, 0.000000000000000000, -1.000000000000000000 ) ) ;
#293 = VECTOR ( 'NONE', #1340, 1000.000000000000000 ) ;
#294 = DIRECTION ( 'NONE',  ( -1.000000000000000000, 0.000000000000000000, 0.000000000000000000 ) ) ;
#295 = CARTESIAN_POINT ( 'NONE',  ( -1.818025198658619113, 1.662029694556679704, 7.999999999999996447 ) ) ;
#296 = PLANE ( 'NONE',  #3459 ) ;
#297 = CARTESIAN_POINT ( 'NONE',  ( -0.1703086112894711401, 1.352781196592250046, 4.426211897695263353 ) ) ;
#298 = CARTESIAN_POINT ( 'NONE',  ( -2.149999999999895994, 3.500000670185275276, 2.848437429475958016 ) ) ;
#299 = CYLINDRICAL_SURFACE ( 'NONE', #1365, 0.5000000000000004441 ) ;
#300 = CARTESIAN_POINT ( 'NONE',  ( -1.432016537198954165, 5.103708288882119248, 5.718939194759623312 ) ) ;
#301 = CARTESIAN_POINT ( 'NONE',  ( 2.579629788281250224, 3.500000000000000444, 2.005078126083942536 ) ) ;
#302 = ORIENTED_EDGE ( 'NONE', *, *, #763, .T. ) ;
#303 = CARTESIAN_POINT ( 'NONE',  ( -1.082657630810765381, 1.632691264944684972, 2.781844852049786709 ) ) ;
#304 = CARTESIAN_POINT ( 'NONE',  ( -1.621753073491904784, 4.911609930335922414, 0.9716774355258671614 ) ) ;
#305 = EDGE_CURVE ( 'NONE', #1485, #4265, #5892, .T. ) ;
#306 = CARTESIAN_POINT ( 'NONE',  ( 0.6210830737862471640, 1.441286597243380374, 7.647648117528605738 ) ) ;
#307 = CARTESIAN_POINT ( 'NONE',  ( -12.00000000000000000, -2.700000000000000178, 0.5000000000000000000 ) ) ;
#308 = DIRECTION ( 'NONE',  ( -1.000000000000000000, 0.000000000000000000, 0.000000000000000000 ) ) ;
#309 = CARTESIAN_POINT ( 'NONE',  ( -0.8905591591021551068, 1.350000000000000533, 0.6160156271678810525 ) ) ;
#310 = ORIENTED_EDGE ( 'NONE', *, *, #626, .T. ) ;
#311 = ORIENTED_EDGE ( 'NONE', *, *, #4186, .T. ) ;
#312 = CARTESIAN_POINT ( 'NONE',  ( -1.824073716244489995, 5.324073716244490662, 4.584765626083941115 ) ) ;
#313 = CARTESIAN_POINT ( 'NONE',  ( 2.579629788281249780, 4.568517644207729766, 5.130468751083942180 ) ) ;
#314 = CARTESIAN_POINT ( 'NONE',  ( 0.6899387251362677498, 1.463557231564419414, 6.064489234308179988 ) ) ;
#315 = CARTESIAN_POINT ( 'NONE',  ( -12.00000000035819703, -3.699999999641260473, 0.5556420094981675550 ) ) ;
#316 = CARTESIAN_POINT ( 'NONE',  ( 1.824073716244489773, 5.324073716244490662, 1.310546876083941603 ) ) ;
#317 = CARTESIAN_POINT ( 'NONE',  ( -1.824073716244489995, 5.324073716244490662, -0.1777343739160583969 ) ) ;
#318 = CARTESIAN_POINT ( 'NONE',  ( 0.8905591591021542186, 5.650000000000000355, 1.608203125000001510 ) ) ;
#319 = CARTESIAN_POINT ( 'NONE',  ( -1.068517644207730211, 0.9203702117187504417, 8.007812501083940049 ) ) ;
#320 = ORIENTED_EDGE ( 'NONE', *, *, #1526, .F. ) ;
#321 = CARTESIAN_POINT ( 'NONE',  ( -2.149444811063330629, 3.552900886820892890, 5.028289221418812183 ) ) ;
#322 = CARTESIAN_POINT ( 'NONE',  ( -1.405792440611469685, 1.872921878654914218, 6.726816275374651433 ) ) ;
#323 = EDGE_CURVE ( 'NONE', #1655, #34, #5174, .T. ) ;
#324 = CARTESIAN_POINT ( 'NONE',  ( 2.037180558831479971, 4.187532869813479941, 1.500277546880588231 ) ) ;
#325 = CARTESIAN_POINT ( 'NONE',  ( 4.738703044805676257E-16, 0.9203702117187601006, 1.012890626083948087 ) ) ;
#326 = VERTEX_POINT ( 'NONE', #6868 ) ;
#327 = VERTEX_POINT ( 'NONE', #1417 ) ;
#328 = CARTESIAN_POINT ( 'NONE',  ( -1.259344124139885057, 1.757419788153595563, 3.562634013517221199 ) ) ;
#329 = CARTESIAN_POINT ( 'NONE',  ( -0.8964932474092203174, 1.545820084281275708, 2.000229157215305253 ) ) ;
#330 = CARTESIAN_POINT ( 'NONE',  ( 1.257357550133857194, 5.244156038185897373, 2.372201223525003400 ) ) ;
#331 = AXIS2_PLACEMENT_3D ( 'NONE', #1345, #1998, #224 ) ;
#332 = CARTESIAN_POINT ( 'NONE',  ( 1.877950237951881984, 2.452589945339068489, 5.363566653679909813 ) ) ;
#333 = LINE ( 'NONE', #4435, #3063 ) ;
#334 = DIRECTION ( 'NONE',  ( -0.000000000000000000, 0.000000000000000000, 1.000000000000000000 ) ) ;
#335 = CARTESIAN_POINT ( 'NONE',  ( 0.04487897771571059541, 1.350403458621543651, 4.438449537334403949 ) ) ;
#336 = CARTESIAN_POINT ( 'NONE',  ( 2.149999999998930100, 3.499998520391076617, 3.245285119891112124 ) ) ;
#337 = CARTESIAN_POINT ( 'NONE',  ( -5.408326913195983465, 1.000000000000000000, 6.200000000000000178 ) ) ;
#338 = DIRECTION ( 'NONE',  ( 0.000000000000000000, 0.000000000000000000, -1.000000000000000000 ) ) ;
#339 = CARTESIAN_POINT ( 'NONE',  ( 1.824073716244490218, 1.675926283755510227, 1.905859376083941958 ) ) ;
#340 = EDGE_LOOP ( 'NONE', ( #5284, #1384, #2271, #3770 ) ) ;
#341 = CARTESIAN_POINT ( 'NONE',  ( -1.912828799307773497, 2.517455648086004416, 2.710183373195000467 ) ) ;
#342 = PLANE ( 'NONE',  #754 ) ;
#343 = CARTESIAN_POINT ( 'NONE',  ( 0.7236989210803531636, 1.475421746911762089, 7.654146008151751168 ) ) ;
#344 = DIRECTION ( 'NONE',  ( 0.000000000000000000, 0.000000000000000000, -1.000000000000000000 ) ) ;
#345 = EDGE_CURVE ( 'NONE', #714, #101, #3630, .T. ) ;
#346 = CARTESIAN_POINT ( 'NONE',  ( 5.000000000000000000, 14.54651426760056765, 0.5000000000000000000 ) ) ;
#347 = CARTESIAN_POINT ( 'NONE',  ( 1.520279579551077065, 5.020279579551076843, 1.757031252167881252 ) ) ;
#348 = ORIENTED_EDGE ( 'NONE', *, *, #3130, .T. ) ;
#349 = ORIENTED_EDGE ( 'NONE', *, *, #4987, .F. ) ;
#350 = VECTOR ( 'NONE', #2237, 1000.000000000000114 ) ;
#351 = CARTESIAN_POINT ( 'NONE',  ( -2.579629788281249780, 2.431482355792268013, 3.146093751083940848 ) ) ;
#352 = ADVANCED_FACE ( 'NONE', ( #4629 ), #6256, .T. ) ;
#353 = CARTESIAN_POINT ( 'NONE',  ( -2.579629788281249336, 2.431482355792268013, 3.939843751083941026 ) ) ;
#354 =( NAMED_UNIT ( * ) PLANE_ANGLE_UNIT ( ) SI_UNIT ( $, .RADIAN. ) );
#355 = CARTESIAN_POINT ( 'NONE',  ( 0.000000000000000000, -1.000000000000000888, 6.000000000000000000 ) ) ;
#356 = CARTESIAN_POINT ( 'NONE',  ( 2.579629788281250669, 2.431482355792271122, 1.062500001083941159 ) ) ;
#357 = CARTESIAN_POINT ( 'NONE',  ( 2.579629788281250224, 3.500000000000000444, 6.767578126083941825 ) ) ;
#358 = CARTESIAN_POINT ( 'NONE',  ( -11.50000000000000000, -3.700000000000000178, 0.000000000000000000 ) ) ;
#359 = CARTESIAN_POINT ( 'NONE',  ( 1.467194116788810287, 5.073106541352641941, 4.737674548561286336 ) ) ;
#360 = CARTESIAN_POINT ( 'NONE',  ( -0.8530380365048017000, 1.523026721224106428, 6.765571456453108645 ) ) ;
#361 = DIRECTION ( 'NONE',  ( 0.000000000000000000, 0.000000000000000000, -1.000000000000000000 ) ) ;
#362 = FACE_BOUND ( 'NONE', #5473, .T. ) ;
#363 = ORIENTED_EDGE ( 'NONE', *, *, #5588, .F. ) ;
#364 = EDGE_LOOP ( 'NONE', ( #2305, #6516, #2771, #3297 ) ) ;
#365 = CARTESIAN_POINT ( 'NONE',  ( 1.630581391746525943, 4.901354552812954957, 2.343173460512733453 ) ) ;
#366 = B_SPLINE_CURVE_WITH_KNOTS ( 'NONE', 3,
 ( #5540, #1678, #2762, #4932, #1548, #594, #2260, #456, #2662, #2187, #11, #6086, #1580, #2798, #6020, #3781 ),
 .UNSPECIFIED., .F., .F.,
 ( 4, 2, 2, 2, 2, 2, 2, 4 ),
 ( 0.000000000000000000, 0.0005810451691048334122, 0.001162090338209666824, 0.002324180676419333649, 0.002905225845524167169, 0.003486271014629000256, 0.004067316183733834210, 0.004648361352838667297 ),
 .UNSPECIFIED. ) ;
#367 = CARTESIAN_POINT ( 'NONE',  ( 2.149999999994934630, 3.499996750999292416, 3.046814484998594530 ) ) ;
#368 = CARTESIAN_POINT ( 'NONE',  ( 1.793502606820386092, 2.071524558298227348, 8.000000000000019540 ) ) ;
#369 = AXIS2_PLACEMENT_3D ( 'NONE', #6511, #3154, #3797 ) ;
#370 = CARTESIAN_POINT ( 'NONE',  ( -17.49999999999999645, -9.000000000000000000, 0.5000000000000000000 ) ) ;
#371 = CYLINDRICAL_SURFACE ( 'NONE', #1524, 2.149999999999999911 ) ;
#372 = DIRECTION ( 'NONE',  ( -1.000000000000000000, 0.000000000000000000, 0.000000000000000000 ) ) ;
#373 = DIRECTION ( 'NONE',  ( 0.000000000000000000, -0.000000000000000000, 1.000000000000000000 ) ) ;
#374 = FACE_BOUND ( 'NONE', #2452, .T. ) ;
#375 = CARTESIAN_POINT ( 'NONE',  ( -1.579567681601898742E-16, 6.079629788281250669, 1.409765626083941958 ) ) ;
#376 = VERTEX_POINT ( 'NONE', #6835 ) ;
#377 = AXIS2_PLACEMENT_3D ( 'NONE', #704, #6700, #2909 ) ;
#378 = CARTESIAN_POINT ( 'NONE',  ( -2.057836480222721143, 2.849383050576045129, 2.688372574409867433 ) ) ;
#379 = CARTESIAN_POINT ( 'NONE',  ( -2.149999999990567012, 3.499993631178768716, 1.260937856948742830 ) ) ;
#380 = CARTESIAN_POINT ( 'NONE',  ( -0.3182205125714350213, 1.373635374710456158, 7.592701123183405620 ) ) ;
#381 = DIRECTION ( 'NONE',  ( -1.000000000000000000, 0.000000000000000000, 0.000000000000000000 ) ) ;
#382 = B_SPLINE_CURVE_WITH_KNOTS ( 'NONE', 3,
 ( #2773, #5584, #3826, #6000, #3319, #3389, #6569, #2167, #2738, #1050, #2810, #6638, #5517, #4432, #5486, #3353, #640, #1723, #6602, #571, #4973, #3860, #5009, #3252, #3930, #3794, #4911, #2270, #4943, #4466, #6064, #5452, #606, #3893, #22, #6677, #1084, #7147, #506, #6130, #3287, #1114, #1628, #6539, #2137, #1181, #6030, #2845, #538, #2197, #4400, #1657, #5550, #2235, #5044, #1688, #6094, #1144, #4340, #2706, #7114, #4370, #5158, #5698, #2986, #6818, #6201, #755, #3424, #1293, #2953, #208, #2345, #5191, #6783, #4541, #6750, #823, #6239, #1253, #2416, #5620, #1329, #787, #4611, #4500, #243, #6711, #168, #1874, #3462, #3499, #4648, #1837, #6310, #2451, #6853, #5764, #1759, #3571, #1906, #4113 ),
 .UNSPECIFIED., .F., .F.,
 ( 4, 2, 1, 2, 2, 2, 2, 2, 1, 2, 2, 1, 2, 2, 2, 2, 2, 1, 1, 2, 2, 2, 1, 2, 2, 2, 2, 2, 1, 2, 2, 2, 2, 2, 1, 2, 2, 2, 1, 1, 2, 2, 2, 2, 2, 2, 2, 2, 2, 2, 1, 2, 2, 1, 2, 2, 4 ),
 ( 0.8176501632395660746, 0.8192001867771674384, 0.8199751985459680093, 0.8201689514881682630, 0.8203627044303684057, 0.8207502103147686912, 0.8223002338523697219, 0.8238502573899708636, 0.8240440103321710064, 0.8241408868032710222, 0.8242377632743711491, 0.8246252691587714345, 0.8254002809275718944, 0.8269503044651730361, 0.8277253162339736070, 0.8281128221183737814, 0.8283065750605739241, 0.8285003280027740669, 0.8300503515403752086, 0.8316003750779762393, 0.8319878809623765248, 0.8321816339045766675, 0.8323753868467768102, 0.8331503986155772701, 0.8347004221531783008, 0.8354754339219788717, 0.8358629398063791571, 0.8359598162774791730, 0.8360566927485792998, 0.8362504456907794426, 0.8424505398411836765, 0.8432255516099842474, 0.8436130574943845328, 0.8438068104365846755, 0.8440005633787847072, 0.8455505869163858490, 0.8486506339915880215, 0.8502006575291890522, 0.8509756692979896231, 0.8513631751823897975, 0.8515569281245899402, 0.8516538045956900671, 0.8517506810667900830, 0.8548507281419921444, 0.8552382340263924299, 0.8554319869685924616, 0.8556257399107926043, 0.8564007516795931751, 0.8579507752171940949, 0.8587257869859945547, 0.8591132928703948402, 0.8593070458125949829, 0.8594039222836949987, 0.8595007987547950146, 0.8610508222923959343, 0.8641508693675978847, 0.8672509164427997241 ),
 .UNSPECIFIED. ) ;
#383 = CARTESIAN_POINT ( 'NONE',  ( -1.520279579551077287, 5.020279579551076843, 1.161718752167881785 ) ) ;
#384 = ORIENTED_EDGE ( 'NONE', *, *, #5959, .T. ) ;
#385 = AXIS2_PLACEMENT_3D ( 'NONE', #1711, #1168, #3377 ) ;
#386 = CARTESIAN_POINT ( 'NONE',  ( 2.579629788281249780, 4.568517644207729766, 1.161718751083940626 ) ) ;
#387 = CARTESIAN_POINT ( 'NONE',  ( -1.068517644207729766, 6.079629788281250669, 5.328906251083940226 ) ) ;
#388 = FILL_AREA_STYLE ('',( #3780 ) ) ;
#389 = CARTESIAN_POINT ( 'NONE',  ( -11.95782278122247178, -2.826531656332551989, 0.2920481369179854791 ) ) ;
#390 = CARTESIAN_POINT ( 'NONE',  ( 2.579629788281250224, 3.500000000000000444, 1.112109376083940893 ) ) ;
#391 = CARTESIAN_POINT ( 'NONE',  ( 2.579629788281249780, 4.568517644207729766, 6.817187501083942003 ) ) ;
#392 = VECTOR ( 'NONE', #4666, 1000.000000000000000 ) ;
#393 = CYLINDRICAL_SURFACE ( 'NONE', #6505, 4.000000000000000000 ) ;
#394 = EDGE_LOOP ( 'NONE', ( #5902, #1636, #2023, #5603 ) ) ;
#395 = CARTESIAN_POINT ( 'NONE',  ( -0.4915229395507257348, 5.594227618291049531, 4.861514692245697766 ) ) ;
#396 = CARTESIAN_POINT ( 'NONE',  ( -0.3673479969798114086, 5.618431011279166221, 4.060255164232719594 ) ) ;
#397 = CARTESIAN_POINT ( 'NONE',  ( 1.378669033909305286, 5.150607604397921868, 1.569625874642783359 ) ) ;
#398 = CARTESIAN_POINT ( 'NONE',  ( 2.149999999999999911, 3.500000000000000444, 6.221875000000001599 ) ) ;
#399 = EDGE_LOOP ( 'NONE', ( #476, #6555, #4155, #2417 ) ) ;
#400 = ORIENTED_EDGE ( 'NONE', *, *, #5444, .F. ) ;
#401 = CARTESIAN_POINT ( 'NONE',  ( -0.8956471006496850018, 5.688533018087616355, 2.373945491783117991E-17 ) ) ;
#402 = CARTESIAN_POINT ( 'NONE',  ( 0.5894274067268374662, 5.568113112879431448, 2.416840706601136812 ) ) ;
#403 = EDGE_LOOP ( 'NONE', ( #3712, #244, #1724, #3183, #2384 ) ) ;
#404 = CARTESIAN_POINT ( 'NONE',  ( -1.581460011082066908, 2.043425375399791744, 5.125508653612442345 ) ) ;
#405 = CARTESIAN_POINT ( 'NONE',  ( 2.145540919542318292, 3.361601435811266914, 7.999999999999611866 ) ) ;
#406 = DIRECTION ( 'NONE',  ( 0.000000000000000000, 0.000000000000000000, -1.000000000000000000 ) ) ;
#407 = DIRECTION ( 'NONE',  ( 0.000000000000000000, 0.000000000000000000, -1.000000000000000000 ) ) ;
#408 = DIRECTION ( 'NONE',  ( 0.000000000000000000, 0.000000000000000000, -1.000000000000000000 ) ) ;
#409 = CARTESIAN_POINT ( 'NONE',  ( 2.579629788281240010, 4.568517644207725326, 5.229687501083948753 ) ) ;
#410 = EDGE_CURVE ( 'NONE', #1838, #589, #5282, .T. ) ;
#411 = CARTESIAN_POINT ( 'NONE',  ( -0.9445186452249894060, 5.431706889791792392, 5.684218731436493144 ) ) ;
#412 = CARTESIAN_POINT ( 'NONE',  ( 1.068517644207731321, 0.9203702117187504417, 2.650000001083941292 ) ) ;
#413 = ORIENTED_EDGE ( 'NONE', *, *, #5334, .T. ) ;
#414 = DIRECTION ( 'NONE',  ( -0.2457002457002465112, -0.9693458563705931175, 0.000000000000000000 ) ) ;
#415 = CARTESIAN_POINT ( 'NONE',  ( -1.948169671536572611, 4.409839242799865389, 1.007138950980035030 ) ) ;
#416 = LINE ( 'NONE', #5137, #4872 ) ;
#417 = CARTESIAN_POINT ( 'NONE',  ( 1.420323703863695552, 5.114544096291073316, 7.916372577251019393 ) ) ;
#418 = CARTESIAN_POINT ( 'NONE',  ( 2.051900297287498010, 4.142071106145686521, 7.053655436664813649 ) ) ;
#419 = EDGE_CURVE ( 'NONE', #3373, #3791, #4129, .T. ) ;
#420 = DIRECTION ( 'NONE',  ( -1.000000000000000000, 0.000000000000000000, 0.000000000000000000 ) ) ;
#421 = ORIENTED_EDGE ( 'NONE', *, *, #1452, .F. ) ;
#422 = CARTESIAN_POINT ( 'NONE',  ( -2.579629788281249780, 4.568517644207729766, 0.6656250010839415143 ) ) ;
#423 = CARTESIAN_POINT ( 'NONE',  ( 2.579629788281249780, 4.568517644207729766, 1.955468751083941026 ) ) ;
#424 = CARTESIAN_POINT ( 'NONE',  ( -2.999999999999998224, 15.27371993328518762, 0.5000000000000000000 ) ) ;
#425 = CARTESIAN_POINT ( 'NONE',  ( 2.149999999999999911, 3.500000000000000444, 8.007812502167881874 ) ) ;
#426 = CARTESIAN_POINT ( 'NONE',  ( 1.068517644207729544, 6.079629788281250669, 6.122656251083942180 ) ) ;
#427 = CARTESIAN_POINT ( 'NONE',  ( 0.000000000000000000, 3.500000000000000000, 8.000000000000000000 ) ) ;
#428 = CARTESIAN_POINT ( 'NONE',  ( 1.402687839653371960, 5.131349209985700988, 4.742690989333683937 ) ) ;
#429 = CARTESIAN_POINT ( 'NONE',  ( -0.07350736090159708247, 5.649859663642513574, 4.043128490166738587 ) ) ;
#430 = CARTESIAN_POINT ( 'NONE',  ( 2.579629788281249780, 4.568517644207729766, 5.229687501083943424 ) ) ;
#431 = EDGE_CURVE ( 'NONE', #433, #2844, #5230, .T. ) ;
#432 = CARTESIAN_POINT ( 'NONE',  ( 0.8905591591021556619, 1.350000000000000533, 6.866796875000000355 ) ) ;
#433 = VERTEX_POINT ( 'NONE', #5860 ) ;
#434 = ORIENTED_EDGE ( 'NONE', *, *, #4775, .T. ) ;
#435 = CARTESIAN_POINT ( 'NONE',  ( 0.8047056656033754196, 5.546064048230862298, 1.132710672166378542E-16 ) ) ;
#436 = CARTESIAN_POINT ( 'NONE',  ( 0.2421331372620286193, 5.636338475703973394, 2.437783080189790397 ) ) ;
#437 = EDGE_LOOP ( 'NONE', ( #5881, #3656 ) ) ;
#438 = CARTESIAN_POINT ( 'NONE',  ( -2.149999999999975930, 3.499999676497305590, 5.031250018022010551 ) ) ;
#439 = LINE ( 'NONE', #2611, #1965 ) ;
#440 = CARTESIAN_POINT ( 'NONE',  ( 0.000000000000000000, 3.500000000000000000, 8.000000000000000000 ) ) ;
#441 = FACE_OUTER_BOUND ( 'NONE', #6947, .T. ) ;
#442 = CARTESIAN_POINT ( 'NONE',  ( -1.068517644207725992, 0.9203702117187605447, 5.725781251083947865 ) ) ;
#443 = CARTESIAN_POINT ( 'NONE',  ( -0.1747205192489617864, 5.646905765887463069, 5.636546763651453240 ) ) ;
#444 = CARTESIAN_POINT ( 'NONE',  ( -1.068517644207729766, 6.079629788281250669, -0.9218749989160571756 ) ) ;
#445 = ORIENTED_EDGE ( 'NONE', *, *, #4168, .T. ) ;
#446 = CARTESIAN_POINT ( 'NONE',  ( -2.149999999999836930, 3.499999163337204067, 3.642187548774254324 ) ) ;
#447 = CARTESIAN_POINT ( 'NONE',  ( -1.807439280483337685, 4.666617771428484218, 0.9896159703936141527 ) ) ;
#448 = CIRCLE ( 'NONE', #2521, 1.000000000000000000 ) ;
#449 = CYLINDRICAL_SURFACE ( 'NONE', #5911, 1.000000000000000000 ) ;
#450 = DIRECTION ( 'NONE',  ( 1.000000000000000000, -8.068481283613056781E-16, 0.000000000000000000 ) ) ;
#451 = CARTESIAN_POINT ( 'NONE',  ( -0.5889167143060864973, 5.567783220364631802, 7.248765731136388446 ) ) ;
#452 = CARTESIAN_POINT ( 'NONE',  ( -0.8905591591021551068, 1.350000000000000533, -0.1777343728321182370 ) ) ;
#453 = ORIENTED_EDGE ( 'NONE', *, *, #2556, .T. ) ;
#454 = CARTESIAN_POINT ( 'NONE',  ( -1.068517644207730211, 0.9203702117187504417, 0.07031250108394114517 ) ) ;
#455 = CARTESIAN_POINT ( 'NONE',  ( -1.897099145107813412, 2.487047463245477541, 5.887259844332324299 ) ) ;
#456 = CARTESIAN_POINT ( 'NONE',  ( -1.826425383116731860, 5.000652416027403291, 8.000000000000007105 ) ) ;
#457 = CARTESIAN_POINT ( 'NONE',  ( 1.824073716244490218, 1.675926283755510227, -0.5746093739160598179 ) ) ;
#458 = CARTESIAN_POINT ( 'NONE',  ( 2.579629788281250224, 3.500000000000000444, 8.355078126083942180 ) ) ;
#459 = AXIS2_PLACEMENT_3D ( 'NONE', #3232, #7058, #2209 ) ;
#460 = CARTESIAN_POINT ( 'NONE',  ( -1.824073716244489995, 5.324073716244490662, 6.172265626083940582 ) ) ;
#461 = CARTESIAN_POINT ( 'NONE',  ( 1.006153114172673613, 5.400442205540867846, 4.771015568889408698 ) ) ;
#462 = CARTESIAN_POINT ( 'NONE',  ( -2.111040273331949546, 3.927473004271813561, 4.212593121595006984 ) ) ;
#463 = CARTESIAN_POINT ( 'NONE',  ( -1.824073716244489329, 1.675926283755509782, 4.882421876083942180 ) ) ;
#464 = CARTESIAN_POINT ( 'NONE',  ( -2.149999999999999467, 2.609440840897844893, 6.668359375000000533 ) ) ;
#465 = ORIENTED_EDGE ( 'NONE', *, *, #6578, .T. ) ;
#466 = ORIENTED_EDGE ( 'NONE', *, *, #3344, .F. ) ;
#467 = CARTESIAN_POINT ( 'NONE',  ( 0.4445271124152578857, 5.692976419555291656, 1.132710672166370900E-16 ) ) ;
#468 = CARTESIAN_POINT ( 'NONE',  ( -0.2531518952025593183, 5.635114124786103851, 2.466006652869546567 ) ) ;
#469 = CARTESIAN_POINT ( 'NONE',  ( -0.3936783283772291586, 1.385350518352479465, 5.206993811488179524 ) ) ;
#470 = DIRECTION ( 'NONE',  ( 0.000000000000000000, 0.000000000000000000, 1.000000000000000000 ) ) ;
#471 = CARTESIAN_POINT ( 'NONE',  ( 5.408326913195983465, -1.000000000000001776, 6.000000000000000000 ) ) ;
#472 = CARTESIAN_POINT ( 'NONE',  ( -5.408326913195983465, 1.000000000000000000, 8.000000000000000000 ) ) ;
#473 = CARTESIAN_POINT ( 'NONE',  ( -2.579629788281239122, 2.431482355792272454, 5.626562501083948398 ) ) ;
#474 = CARTESIAN_POINT ( 'NONE',  ( 0.2075304237672658259, 5.640775562237040575, 5.614634439952045142 ) ) ;
#475 = CARTESIAN_POINT ( 'NONE',  ( 5.408326913195983465, 1.000000000000000000, 8.000000000000000000 ) ) ;
#476 = ORIENTED_EDGE ( 'NONE', *, *, #936, .F. ) ;
#477 = EDGE_CURVE ( 'NONE', #1275, #5789, #1346, .T. ) ;
#478 = EDGE_CURVE ( 'NONE', #3791, #101, #5386, .T. ) ;
#479 = CARTESIAN_POINT ( 'NONE',  ( 12.00000000000000355, -4.200000000000000178, 0.000000000000000000 ) ) ;
#480 = CARTESIAN_POINT ( 'NONE',  ( 2.116941221117033756, 3.875579447577274905, 0.6873098501836443219 ) ) ;
#481 = CARTESIAN_POINT ( 'NONE',  ( 12.00000000000000000, -1.665334536937734811E-15, 2.000000000000000000 ) ) ;
#482 = CARTESIAN_POINT ( 'NONE',  ( 13.00000000000000355, -3.700000000000000178, 0.2807247365645380022 ) ) ;
#483 = CARTESIAN_POINT ( 'NONE',  ( -5.408326913195983465, 1.000000000000000000, 8.000000000000000000 ) ) ;
#484 = CARTESIAN_POINT ( 'NONE',  ( 2.149999999082867763, 3.471046943290140518, 0.6640734160997264768 ) ) ;
#485 = AXIS2_PLACEMENT_3D ( 'NONE', #5015, #6098, #1220 ) ;
#486 = EDGE_LOOP ( 'NONE', ( #815, #5248, #5622, #3858 ) ) ;
#487 = CARTESIAN_POINT ( 'NONE',  ( 2.579629788281250669, 2.431482355792271122, -0.5249999989160591962 ) ) ;
#488 = CARTESIAN_POINT ( 'NONE',  ( 11.00000000000000178, 9.507820771309093644, 2.000000000000000000 ) ) ;
#489 = CARTESIAN_POINT ( 'NONE',  ( -5.408326913195983465, -1.000000000000000888, 6.000000000000000000 ) ) ;
#490 = ADVANCED_FACE ( 'NONE', ( #374, #951, #3157, #5358, #3433, #2854, #4549, #5629, #1694 ), #4980, .F. ) ;
#491 = ADVANCED_FACE ( 'NONE', ( #3899 ), #6175, .T. ) ;
#492 = CARTESIAN_POINT ( 'NONE',  ( -1.068517644207730211, 0.9203702117187504417, -0.7234374989160599068 ) ) ;
#493 = CARTESIAN_POINT ( 'NONE',  ( 2.579629788281250669, 2.431482355792271122, 7.511718751083942713 ) ) ;
#494 =( BOUNDED_CURVE ( )  B_SPLINE_CURVE ( 2, ( #2577, #1632, #4776, #6440, #1493, #3765, #5969, #1019, #2612 ),
 .UNSPECIFIED., .F., .F. ) 
 B_SPLINE_CURVE_WITH_KNOTS ( ( 3, 2, 2, 2, 3 ),
 ( 0.1984424781302075169, 0.2083645521273578827, 0.2182866736572320887, 0.2282087951871063225, 0.2381308830291213041 ),
 .UNSPECIFIED. ) 
 CURVE ( )  GEOMETRIC_REPRESENTATION_ITEM ( )  RATIONAL_B_SPLINE_CURVE ( ( 1.000000000000000000, 0.9238795325112867385, 1.000000000000000000, 0.9238795325112867385, 1.000000000000000000, 0.9238795325112867385, 1.000000000000000000, 0.9238795325112867385, 1.000000000000000000 ) ) 
 REPRESENTATION_ITEM ( '' )  );
#495 = CIRCLE ( 'NONE', #4527, 0.1999999999999996503 ) ;
#496 = CARTESIAN_POINT ( 'NONE',  ( 2.053351019473303563, 4.138795742099111941, 4.672196723244386618 ) ) ;
#497 = CARTESIAN_POINT ( 'NONE',  ( -1.826878276500164544, 4.635735181582827380, 4.166799586015149437 ) ) ;
#498 = CIRCLE ( 'NONE', #846, 3.300000000000000266 ) ;
#499 = AXIS2_PLACEMENT_3D ( 'NONE', #2205, #99, #4507 ) ;
#500 = CARTESIAN_POINT ( 'NONE',  ( -1.068517644207730211, 0.9203702117187504417, 7.313281251083942891 ) ) ;
#501 = CARTESIAN_POINT ( 'NONE',  ( 0.8905591591021542186, 5.650000000000000355, 6.370703125000002132 ) ) ;
#502 = EDGE_CURVE ( 'NONE', #1420, #4828, #4201, .T. ) ;
#503 = ORIENTED_EDGE ( 'NONE', *, *, #5075, .T. ) ;
#504 = ORIENTED_EDGE ( 'NONE', *, *, #179, .F. ) ;
#505 = DIRECTION ( 'NONE',  ( -1.000000000000000000, -1.387778780781445676E-16, 0.000000000000000000 ) ) ;
#506 = CARTESIAN_POINT ( 'NONE',  ( 1.311159410934402691, 1.796071175793105823, 1.344289791846004389 ) ) ;
#507 = CIRCLE ( 'NONE', #6043, 3.300000000000000266 ) ;
#508 = ADVANCED_FACE ( 'NONE', ( #647 ), #6611, .F. ) ;
#509 = CARTESIAN_POINT ( 'NONE',  ( -1.539772184760387130, 1.999389519213809363, 5.128953461794485413 ) ) ;
#510 = FACE_OUTER_BOUND ( 'NONE', #4197, .T. ) ;
#511 = PLANE ( 'NONE',  #2996 ) ;
#512 = DIRECTION ( 'NONE',  ( -1.000000000000000000, 0.000000000000000000, 0.000000000000000000 ) ) ;
#513 = CARTESIAN_POINT ( 'NONE',  ( 2.579629788281240454, 2.431482355792275563, 5.924218751083946799 ) ) ;
#514 = CARTESIAN_POINT ( 'NONE',  ( 1.515301926137392341, 5.025373431670450586, 5.527720677993266385 ) ) ;
#515 = CARTESIAN_POINT ( 'NONE',  ( -1.824073716244489995, 5.324073716244490662, -0.8722656239160582192 ) ) ;
#516 = EDGE_LOOP ( 'NONE', ( #4768, #1047 ) ) ;
#517 = DIRECTION ( 'NONE',  ( 0.000000000000000000, 0.000000000000000000, -1.000000000000000000 ) ) ;
#518 = CARTESIAN_POINT ( 'NONE',  ( 2.149999999996270006, 3.500002797559089274, 0.6656767581768167075 ) ) ;
#519 = CARTESIAN_POINT ( 'NONE',  ( -2.149831744953805135, 3.468708907072267866, 7.414247188967736157 ) ) ;
#520 = CARTESIAN_POINT ( 'NONE',  ( -0.9225361404915309871, 5.444324163541037542, 1.713690091986369346 ) ) ;
#521 = CARTESIAN_POINT ( 'NONE',  ( 2.045557694522831760, 4.162222074112918335, 7.054923111253907919 ) ) ;
#522 = EDGE_CURVE ( 'NONE', #23, #2471, #273, .T. ) ;
#523 = CARTESIAN_POINT ( 'NONE',  ( -0.8905591591021546627, 5.650000000000000355, -0.4753906228321183591 ) ) ;
#524 = EDGE_CURVE ( 'NONE', #871, #4323, #4949, .T. ) ;
#525 = VERTEX_POINT ( 'NONE', #2817 ) ;
#526 = VERTEX_POINT ( 'NONE', #64 ) ;
#527 = CARTESIAN_POINT ( 'NONE',  ( 1.068517644207731321, 0.9203702117187504417, 0.9632812510839408038 ) ) ;
#528 = LINE ( 'NONE', #561, #3497 ) ;
#529 = CYLINDRICAL_SURFACE ( 'NONE', #1292, 1.749999999999999778 ) ;
#530 = CARTESIAN_POINT ( 'NONE',  ( 2.150000000000000355, 2.609440840897845781, 7.958203127167880808 ) ) ;
#531 = CARTESIAN_POINT ( 'NONE',  ( 2.125147220803660364, 3.834445184617601310, 4.653587193191345506 ) ) ;
#532 = CARTESIAN_POINT ( 'NONE',  ( -1.915980246120335462, 4.475468479072234551, 4.177760857012621898 ) ) ;
#533 = CARTESIAN_POINT ( 'NONE',  ( -2.579629788281249336, 2.431482355792268013, 7.214062501083942536 ) ) ;
#534 = CARTESIAN_POINT ( 'NONE',  ( 2.150000000000000355, 2.609440840897845781, 3.791015625000001776 ) ) ;
#535 = ORIENTED_EDGE ( 'NONE', *, *, #4385, .F. ) ;
#536 = ORIENTED_EDGE ( 'NONE', *, *, #3510, .F. ) ;
#537 = DIRECTION ( 'NONE',  ( -0.5994550408719325763, 0.8004084294741213856, 0.000000000000000000 ) ) ;
#538 = CARTESIAN_POINT ( 'NONE',  ( 0.8621454850465124498, 1.530427545673839873, 1.313127242319916288 ) ) ;
#539 = ORIENTED_EDGE ( 'NONE', *, *, #419, .F. ) ;
#540 = EDGE_CURVE ( 'NONE', #2099, #2514, #2128, .T. ) ;
#541 = CARTESIAN_POINT ( 'NONE',  ( -0.6391950832887990375, 1.446873353766070958, 5.191845847794291480 ) ) ;
#542 = CARTESIAN_POINT ( 'NONE',  ( -4.750000000000002665, -8.150000000000000355, 2.000000000000000000 ) ) ;
#543 = DIRECTION ( 'NONE',  ( -1.000000000000000000, 0.000000000000000000, 0.000000000000000000 ) ) ;
#544 = CYLINDRICAL_SURFACE ( 'NONE', #5330, 2.149999999999999911 ) ;
#545 = CARTESIAN_POINT ( 'NONE',  ( 4.738703044805676257E-16, 0.9203702117187601006, 7.362890626083947510 ) ) ;
#546 = CARTESIAN_POINT ( 'NONE',  ( 1.407191398943937966, 1.874475158922451756, 3.732685440000935717 ) ) ;
#547 = CARTESIAN_POINT ( 'NONE',  ( 2.579629788281250224, 2.675934042723117301, -1.208181791588821108 ) ) ;
#548 = ORIENTED_EDGE ( 'NONE', *, *, #5839, .T. ) ;
#549 = CYLINDRICAL_SURFACE ( 'NONE', #2003, 1.650000000000000577 ) ;
#550 = CARTESIAN_POINT ( 'NONE',  ( 1.810720571856063055, 4.661122575082025321, 0.7381575723994661109 ) ) ;
#551 = CARTESIAN_POINT ( 'NONE',  ( -1.068517644207730211, 0.9203702117187504417, 3.245312501083941203 ) ) ;
#552 = DIRECTION ( 'NONE',  ( 0.000000000000000000, 0.000000000000000000, 1.000000000000000000 ) ) ;
#553 = CARTESIAN_POINT ( 'NONE',  ( -0.5143362524203645147, 5.587589138956296608, 1.687904032053131331 ) ) ;
#554 = CARTESIAN_POINT ( 'NONE',  ( 1.557124204272613222, 4.982818197605884514, 7.111946419928953489 ) ) ;
#555 = CARTESIAN_POINT ( 'NONE',  ( 2.146460163213871564, 3.375513573347426632, 0.6586096649796696623 ) ) ;
#556 = ORIENTED_EDGE ( 'NONE', *, *, #1469, .F. ) ;
#557 = VECTOR ( 'NONE', #4862, 1000.000000000000000 ) ;
#558 = VERTEX_POINT ( 'NONE', #31 ) ;
#559 = EDGE_CURVE ( 'NONE', #7010, #4519, #2243, .T. ) ;
#560 = CARTESIAN_POINT ( 'NONE',  ( -1.824073716244489329, 1.675926283755509782, 0.8144531260839416031 ) ) ;
#561 = CARTESIAN_POINT ( 'NONE',  ( -21.50000000000000000, -9.000000000000000000, 2.000000000000000000 ) ) ;
#562 = DIRECTION ( 'NONE',  ( 0.000000000000000000, 0.000000000000000000, -1.000000000000000000 ) ) ;
#563 = CARTESIAN_POINT ( 'NONE',  ( 2.579629788281249780, 4.568517644207729766, -0.4257812489160597291 ) ) ;
#564 = EDGE_CURVE ( 'NONE', #526, #1016, #2793, .T. ) ;
#565 = FACE_OUTER_BOUND ( 'NONE', #6684, .T. ) ;
#566 = CARTESIAN_POINT ( 'NONE',  ( 1.036961886301304814, 5.391948696787848938, 3.975506233685642155 ) ) ;
#567 = CARTESIAN_POINT ( 'NONE',  ( -1.068517644207730211, 0.9203702117187504417, 3.344531251083942003 ) ) ;
#568 = CARTESIAN_POINT ( 'NONE',  ( 2.149999999999999911, 4.390559159102155995, 4.683984375000000533 ) ) ;
#569 = EDGE_LOOP ( 'NONE', ( #4368, #1291, #4791, #4216 ) ) ;
#570 = ORIENTED_EDGE ( 'NONE', *, *, #2602, .F. ) ;
#571 = CARTESIAN_POINT ( 'NONE',  ( 1.955058851537562647, 2.605152089093024426, 1.405028710023339178 ) ) ;
#572 = ORIENTED_EDGE ( 'NONE', *, *, #5863, .F. ) ;
#573 = VECTOR ( 'NONE', #5597, 1000.000000000000000 ) ;
#574 = CARTESIAN_POINT ( 'NONE',  ( 0.8905591591021542186, 5.650000000000000355, 7.362890627167882229 ) ) ;
#575 =( NAMED_UNIT ( * ) SI_UNIT ( $, .STERADIAN. ) SOLID_ANGLE_UNIT ( ) );
#576 = CARTESIAN_POINT ( 'NONE',  ( 1.988903398058405880, 2.683103459270248070, 6.966402458764207495 ) ) ;
#577 = CARTESIAN_POINT ( 'NONE',  ( 6.391659079231618357, 1.181818181818181879, 8.000000000000000000 ) ) ;
#578 = CARTESIAN_POINT ( 'NONE',  ( -1.068517644207725992, 0.9203702117187605447, 1.757031251083947643 ) ) ;
#579 = CARTESIAN_POINT ( 'NONE',  ( 2.149999999999849809, 3.499999435734401310, 3.840614664948878154 ) ) ;
#580 = CARTESIAN_POINT ( 'NONE',  ( -2.579629788281249780, 4.568517644207729766, -0.8226562489160575975 ) ) ;
#581 = VERTEX_POINT ( 'NONE', #5091 ) ;
#582 = CARTESIAN_POINT ( 'NONE',  ( -1.862179496680792745, 4.574861378458859207, 3.377233240268307402 ) ) ;
#583 = CARTESIAN_POINT ( 'NONE',  ( 1.507558689758819126, 5.034488712203256000, 0.7658063736447789926 ) ) ;
#584 = CARTESIAN_POINT ( 'NONE',  ( 4.738703044805694992E-16, 0.9203702117187499976, 3.294921876083940937 ) ) ;
#585 = DIRECTION ( 'NONE',  ( 0.000000000000000000, -0.000000000000000000, 1.000000000000000000 ) ) ;
#586 = CARTESIAN_POINT ( 'NONE',  ( 2.105372279806718261, 3.968877345235184873, 7.836826141287986047 ) ) ;
#587 = DIRECTION ( 'NONE',  ( -0.000000000000000000, -0.000000000000000000, 1.000000000000000000 ) ) ;
#588 = CARTESIAN_POINT ( 'NONE',  ( -2.145293340475247668, 3.303901357125913041, 0.2798602442547958313 ) ) ;
#589 = VERTEX_POINT ( 'NONE', #136 ) ;
#590 = ADVANCED_BREP_SHAPE_REPRESENTATION ( 'Connector_Clamp_Back', ( #3151, #4552 ), #3980 ) ;
#591 = CARTESIAN_POINT ( 'NONE',  ( 5.000000000000000000, 14.54651426760056765, 0.000000000000000000 ) ) ;
#592 = AXIS2_PLACEMENT_3D ( 'NONE', #3234, #1572, #2652 ) ;
#593 = DIRECTION ( 'NONE',  ( 0.000000000000000000, 0.000000000000000000, -1.000000000000000000 ) ) ;
#594 = CARTESIAN_POINT ( 'NONE',  ( -2.377393162545543781, 4.194097120642967802, 7.999999999999994671 ) ) ;
#595 = CARTESIAN_POINT ( 'NONE',  ( 0.8905591591021556619, 1.350000000000000533, 3.890234377167881341 ) ) ;
#596 = VECTOR ( 'NONE', #4964, 1000.000000000000000 ) ;
#597 = DIRECTION ( 'NONE',  ( -0.000000000000000000, 0.000000000000000000, 1.000000000000000000 ) ) ;
#598 = CARTESIAN_POINT ( 'NONE',  ( 2.101799134308535599, 3.045744134605587572, 6.195453951192697595 ) ) ;
#599 = CARTESIAN_POINT ( 'NONE',  ( -1.579567681601898742E-16, 6.079629788281250669, 3.791015626083941825 ) ) ;
#600 = CYLINDRICAL_SURFACE ( 'NONE', #5350, 1.650000000000002132 ) ;
#601 = CIRCLE ( 'NONE', #6837, 1.000000000000001554 ) ;
#602 = CARTESIAN_POINT ( 'NONE',  ( -0.8905591591021546627, 5.650000000000000355, 2.501171875000001155 ) ) ;
#603 = CIRCLE ( 'NONE', #4312, 21.00000000000000000 ) ;
#604 = VERTEX_POINT ( 'NONE', #3326 ) ;
#605 = EDGE_LOOP ( 'NONE', ( #4441, #6546, #5347, #3030 ) ) ;
#606 = CARTESIAN_POINT ( 'NONE',  ( 1.521488940281398916, 1.976190152948103851, 1.359885031331238725 ) ) ;
#607 = ORIENTED_EDGE ( 'NONE', *, *, #6667, .F. ) ;
#608 = CIRCLE ( 'NONE', #3380, 0.9999999999999991118 ) ;
#609 = CARTESIAN_POINT ( 'NONE',  ( 0.1193468657826316920, 5.646684970892326128, 0.06358770830549177744 ) ) ;
#610 = CARTESIAN_POINT ( 'NONE',  ( 1.418545410674880047, 1.884286680561949812, 6.908474914219328689 ) ) ;
#611 = CARTESIAN_POINT ( 'NONE',  ( 2.149999999999999911, 3.499994229881212338, 4.832812180738378594 ) ) ;
#612 = CARTESIAN_POINT ( 'NONE',  ( -1.068517644207725548, 6.079629788281240010, 3.840625001083948220 ) ) ;
#613 = CARTESIAN_POINT ( 'NONE',  ( -11.73201864112479065, -3.851089137172023502, 0.04338023004213097805 ) ) ;
#614 = CARTESIAN_POINT ( 'NONE',  ( 0.5707943779771923465, 1.422289384364429088, 2.088578273245886407 ) ) ;
#615 = ORIENTED_EDGE ( 'NONE', *, *, #3671, .T. ) ;
#616 = CARTESIAN_POINT ( 'NONE',  ( 1.564005077443850311, 4.975337510477440439, 3.142596553429600981 ) ) ;
#617 = CARTESIAN_POINT ( 'NONE',  ( 11.92260141062488010, -4.009298770933826361, 0.03709298023674000022 ) ) ;
#618 = CARTESIAN_POINT ( 'NONE',  ( -6.900196474955064829, 1.275846779550069199, 6.000000000000000000 ) ) ;
#619 = CARTESIAN_POINT ( 'NONE',  ( 1.710920634131509965, 2.190246049472877488, 4.551304155814835717 ) ) ;
#620 = CARTESIAN_POINT ( 'NONE',  ( -1.438449144954698555, 5.097954476113583766, 1.750679994279916052 ) ) ;
#621 = CARTESIAN_POINT ( 'NONE',  ( -1.316495309083404618E-16, 5.650000000000000355, 3.443750002167881075 ) ) ;
#622 = CARTESIAN_POINT ( 'NONE',  ( -0.1792671886798979375, 1.352775061208087770, 0.4570501115080954913 ) ) ;
#623 = CARTESIAN_POINT ( 'NONE',  ( 2.579629788281249780, 4.568517644207729766, 3.642187501083941292 ) ) ;
#624 = ORIENTED_EDGE ( 'NONE', *, *, #2880, .F. ) ;
#625 = CARTESIAN_POINT ( 'NONE',  ( -1.068517644207729766, 6.079629788281250669, 6.122656251083942180 ) ) ;
#626 = EDGE_CURVE ( 'NONE', #34, #6819, #3752, .T. ) ;
#627 = CARTESIAN_POINT ( 'NONE',  ( -1.579567681601898742E-16, 6.079629788281250669, -1.070703123916058930 ) ) ;
#628 = CARTESIAN_POINT ( 'NONE',  ( 0.000000000000000000, 3.500000000000000000, 8.000000000000000000 ) ) ;
#629 = LINE ( 'NONE', #2835, #1131 ) ;
#630 = CARTESIAN_POINT ( 'NONE',  ( -1.520279579551077287, 5.020279579551076843, 5.924218752167881519 ) ) ;
#631 = AXIS2_PLACEMENT_3D ( 'NONE', #3942, #6762, #1850 ) ;
#632 = CARTESIAN_POINT ( 'NONE',  ( 2.149651473957342684, 3.539995794019847875, 4.636609964572747877 ) ) ;
#633 = CARTESIAN_POINT ( 'NONE',  ( -1.993672217211677200, 4.306227036017974186, 6.570188315909812893 ) ) ;
#634 = CARTESIAN_POINT ( 'NONE',  ( 2.093327551110625517, 3.007998808267368318, 6.193157949375796001 ) ) ;
#635 = CARTESIAN_POINT ( 'NONE',  ( 4.738703044805694992E-16, 0.9203702117187499976, 2.600390626083942003 ) ) ;
#636 = CARTESIAN_POINT ( 'NONE',  ( 1.914968330763092252, 2.496922883931230519, 2.985601753470126685 ) ) ;
#637 = CARTESIAN_POINT ( 'NONE',  ( 0.8905591591021542186, 5.650000000000000355, 4.783203125000000888 ) ) ;
#638 = ORIENTED_EDGE ( 'NONE', *, *, #4341, .F. ) ;
#639 = VERTEX_POINT ( 'NONE', #4339 ) ;
#640 = CARTESIAN_POINT ( 'NONE',  ( 1.976305961189171567, 2.653373831495488222, 1.408204747985703387 ) ) ;
#641 = ORIENTED_EDGE ( 'NONE', *, *, #1248, .T. ) ;
#642 = CARTESIAN_POINT ( 'NONE',  ( -1.380241379266421653, 5.148484076158835521, 0.1587683339105106783 ) ) ;
#643 = CARTESIAN_POINT ( 'NONE',  ( 2.018211257516537405, 2.758272324274328557, 6.971265236986186942 ) ) ;
#644 = ADVANCED_FACE ( 'NONE', ( #5418 ), #5999, .T. ) ;
#645 = DIRECTION ( 'NONE',  ( 0.000000000000000000, 0.000000000000000000, -1.000000000000000000 ) ) ;
#646 = CARTESIAN_POINT ( 'NONE',  ( 1.824073716244482668, 5.324073716244483556, 2.898046876083947510 ) ) ;
#647 = FACE_OUTER_BOUND ( 'NONE', #4431, .T. ) ;
#648 = CARTESIAN_POINT ( 'NONE',  ( -0.1855338597740503470, 1.357880888840518274, 2.044225073068691501 ) ) ;
#649 = VERTEX_POINT ( 'NONE', #6434 ) ;
#650 = CARTESIAN_POINT ( 'NONE',  ( -1.544475542529162748, 4.995844499657605908, 3.346445765245378290 ) ) ;
#651 = CARTESIAN_POINT ( 'NONE',  ( -2.149999999998878586, 3.500002196190579618, 3.443749877765378997 ) ) ;
#652 = LINE ( 'NONE', #4589, #5420 ) ;
#653 = CARTESIAN_POINT ( 'NONE',  ( 1.622868142799585689, 2.082943023908947922, 4.543025308123358919 ) ) ;
#654 = CARTESIAN_POINT ( 'NONE',  ( 2.126782777708946526, 3.831595367776479133, 7.828642710178190356 ) ) ;
#655 = CARTESIAN_POINT ( 'NONE',  ( 5.408326913195983465, 1.000000000000000000, 7.000000000000000000 ) ) ;
#656 = VECTOR ( 'NONE', #3508, 1000.000000000000000 ) ;
#657 = CARTESIAN_POINT ( 'NONE',  ( 0.4512307437680789235, 1.397262329081401244, 0.4934171624211066143 ) ) ;
#658 = CARTESIAN_POINT ( 'NONE',  ( 4.738703044805694992E-16, 0.9203702117187499976, 4.187890626083942358 ) ) ;
#659 = VERTEX_POINT ( 'NONE', #3761 ) ;
#660 = CARTESIAN_POINT ( 'NONE',  ( -1.068517644207730211, 0.9203702117187504417, 5.626562501083940404 ) ) ;
#661 = CARTESIAN_POINT ( 'NONE',  ( 0.3236356810407896023, 5.625701681188273184, 6.401779321212383245 ) ) ;
#662 = CARTESIAN_POINT ( 'NONE',  ( 1.221448423326280119, 1.730660037021230613, 7.687764454581075491 ) ) ;
#663 = CARTESIAN_POINT ( 'NONE',  ( -13.00000000000000000, -3.700000000000000178, 0.2807247365645377246 ) ) ;
#664 = LINE ( 'NONE', #2334, #2112 ) ;
#665 = CARTESIAN_POINT ( 'NONE',  ( 0.8905591591021556619, 1.350000000000000533, 4.683984377167880631 ) ) ;
#666 = VECTOR ( 'NONE', #5173, 1000.000000000000000 ) ;
#667 = FACE_OUTER_BOUND ( 'NONE', #3217, .T. ) ;
#668 = CARTESIAN_POINT ( 'NONE',  ( -0.7778346492281508207, 5.504396444977795788, 6.467002383097908869 ) ) ;
#669 = CARTESIAN_POINT ( 'NONE',  ( 1.651625059964642261, 2.122379205711232508, 6.133775001378626968 ) ) ;
#670 = CARTESIAN_POINT ( 'NONE',  ( -2.579629788281250224, 3.500000000000000000, 1.608203126083941781 ) ) ;
#671 = CARTESIAN_POINT ( 'NONE',  ( 0.5528310865111417671, 1.421757421484861172, 2.881111797234260585 ) ) ;
#672 = CARTESIAN_POINT ( 'NONE',  ( 1.520279579551077065, 5.020279579551076843, 5.527343750000000888 ) ) ;
#673 = VERTEX_POINT ( 'NONE', #4769 ) ;
#674 = ORIENTED_EDGE ( 'NONE', *, *, #1538, .F. ) ;
#675 = CARTESIAN_POINT ( 'NONE',  ( 2.149999999999999911, 3.500000000000000444, 8.000000000000000000 ) ) ;
#676 = VERTEX_POINT ( 'NONE', #1486 ) ;
#677 = CARTESIAN_POINT ( 'NONE',  ( -0.8905591591021546627, 5.650000000000000355, 7.462109377167880808 ) ) ;
#678 = DIRECTION ( 'NONE',  ( -1.000000000000000000, 0.000000000000000000, 0.000000000000000000 ) ) ;
#679 =( BOUNDED_CURVE ( )  B_SPLINE_CURVE ( 3, ( #6359, #6864, #3585, #1492 ),
 .UNSPECIFIED., .F., .T. ) 
 B_SPLINE_CURVE_WITH_KNOTS ( ( 4, 4 ),
 ( 5.052225889838811490, 6.283185307179586232 ),
 .UNSPECIFIED. ) 
 CURVE ( )  GEOMETRIC_REPRESENTATION_ITEM ( )  RATIONAL_B_SPLINE_CURVE ( ( 1.000000000000000000, 0.8776643872851506156, 0.8776643872851506156, 1.000000000000000000 ) ) 
 REPRESENTATION_ITEM ( '' )  );
#680 = CARTESIAN_POINT ( 'NONE',  ( 5.408326913195983465, -9.184850993605147944E-16, 7.000000000000000000 ) ) ;
#681 = CARTESIAN_POINT ( 'NONE',  ( 1.068517644207725326, 6.079629788281240010, 2.947656251083947687 ) ) ;
#682 = CARTESIAN_POINT ( 'NONE',  ( -1.068517644207730211, 0.9203702117187504417, 3.245312501083941203 ) ) ;
#683 = DIRECTION ( 'NONE',  ( -1.000000000000000000, 0.000000000000000000, 0.000000000000000000 ) ) ;
#684 = CARTESIAN_POINT ( 'NONE',  ( 1.808921522730879472, 2.337355420113643945, 2.180492135871346271 ) ) ;
#685 = CARTESIAN_POINT ( 'NONE',  ( -2.007928526956749504, 4.269147495639670886, 2.603899780150855214 ) ) ;
#686 = VECTOR ( 'NONE', #5842, 1000.000000000000000 ) ;
#687 = CARTESIAN_POINT ( 'NONE',  ( -1.288190993277068541, 5.224998130222330950, 3.326846734714497877 ) ) ;
#688 = DIRECTION ( 'NONE',  ( 0.000000000000000000, 0.000000000000000000, -1.000000000000000000 ) ) ;
#689 = DIRECTION ( 'NONE',  ( 0.000000000000000000, 0.000000000000000000, -1.000000000000000000 ) ) ;
#690 = CARTESIAN_POINT ( 'NONE',  ( 0.000000000000000000, -5.179673909541009813, 0.5000000000000000000 ) ) ;
#691 = CARTESIAN_POINT ( 'NONE',  ( 2.029795465158464651, 4.209159464521698091, 1.501652575712727034 ) ) ;
#692 = VECTOR ( 'NONE', #3625, 1000.000000000000000 ) ;
#693 = CYLINDRICAL_SURFACE ( 'NONE', #1940, 1.650000000000000577 ) ;
#694 = CARTESIAN_POINT ( 'NONE',  ( -1.883529622854857033, 2.461523296236220570, 0.3326875561358988986 ) ) ;
#695 = CARTESIAN_POINT ( 'NONE',  ( -2.579629788281249336, 2.431482355792268013, 5.626562501083941292 ) ) ;
#696 = ORIENTED_EDGE ( 'NONE', *, *, #763, .F. ) ;
#697 = EDGE_CURVE ( 'NONE', #1505, #1506, #6054, .T. ) ;
#698 = EDGE_CURVE ( 'NONE', #6647, #4260, #5933, .T. ) ;
#699 = CARTESIAN_POINT ( 'NONE',  ( 2.579629788281249780, 4.568517644207729766, 5.924218751083939694 ) ) ;
#700 = CARTESIAN_POINT ( 'NONE',  ( -12.00000000000000000, -3.700000000000000178, 0.000000000000000000 ) ) ;
#701 = UNCERTAINTY_MEASURE_WITH_UNIT (LENGTH_MEASURE( 1.000000000000000082E-05 ), #2709, 'distance_accuracy_value', 'NONE');
#702 = FACE_OUTER_BOUND ( 'NONE', #872, .T. ) ;
#703 = CARTESIAN_POINT ( 'NONE',  ( -21.50000000000000000, -0.000000000000000000, 0.5000000000000000000 ) ) ;
#704 = CARTESIAN_POINT ( 'NONE',  ( -11.50000000000000178, 9.507820771309093644, 0.5000000000000000000 ) ) ;
#705 = CARTESIAN_POINT ( 'NONE',  ( -1.520279579551076843, 1.979720420448922491, 4.535156252167881874 ) ) ;
#706 = CIRCLE ( 'NONE', #3014, 19.35000000000000142 ) ;
#707 = CARTESIAN_POINT ( 'NONE',  ( 1.824073716244489773, 5.324073716244490662, 6.767578126083940937 ) ) ;
#708 = EDGE_CURVE ( 'NONE', #4398, #5848, #4267, .T. ) ;
#709 = DIRECTION ( 'NONE',  ( -1.000000000000000000, 0.000000000000000000, 0.000000000000000000 ) ) ;
#710 = CARTESIAN_POINT ( 'NONE',  ( 2.149888428496983472, 3.474475840745232080, 6.220455154078737614 ) ) ;
#711 = CARTESIAN_POINT ( 'NONE',  ( -1.579567681601898742E-16, 6.079629788281250669, 2.997265626083942536 ) ) ;
#712 = CARTESIAN_POINT ( 'NONE',  ( 12.00000000000000000, -2.700000000000001066, 0.5000000000000000000 ) ) ;
#713 = CARTESIAN_POINT ( 'NONE',  ( 2.150000000000000355, 2.609440840897845781, 1.409765625000001688 ) ) ;
#714 = VERTEX_POINT ( 'NONE', #1520 ) ;
#715 = CIRCLE ( 'NONE', #1637, 1.000000000000000000 ) ;
#716 = DIRECTION ( 'NONE',  ( 0.000000000000000000, 0.000000000000000000, -1.000000000000000000 ) ) ;
#717 = VERTEX_POINT ( 'NONE', #6976 ) ;
#718 = CARTESIAN_POINT ( 'NONE',  ( -0.6063600203331430682, 5.564940458203174067, 0.1062047525176126050 ) ) ;
#719 = CYLINDRICAL_SURFACE ( 'NONE', #963, 2.149999999999999911 ) ;
#720 = EDGE_CURVE ( 'NONE', #1970, #3145, #3251, .T. ) ;
#721 = CARTESIAN_POINT ( 'NONE',  ( -2.579629788281240010, 3.500000000000000000, 3.195703126083948131 ) ) ;
#722 = CARTESIAN_POINT ( 'NONE',  ( 1.824073716244489773, 5.324073716244490662, 3.592578126083941115 ) ) ;
#723 = CARTESIAN_POINT ( 'NONE',  ( -1.965750937073762916, 2.627723627546072915, 3.496594352846049691 ) ) ;
#724 = CARTESIAN_POINT ( 'NONE',  ( -0.3816231142711052349, 1.384136758890524010, 2.032641190154009792 ) ) ;
#725 = CARTESIAN_POINT ( 'NONE',  ( 17.49999999999999645, -13.00000000000000000, 2.000000000000000000 ) ) ;
#726 = EDGE_CURVE ( 'NONE', #2843, #7006, #4771, .T. ) ;
#727 = CIRCLE ( 'NONE', #842, 1.650000000000002132 ) ;
#728 =( BOUNDED_CURVE ( )  B_SPLINE_CURVE ( 2, ( #4554, #5634, #4588, #1885, #4624, #104, #3982, #1734, #6830 ),
 .UNSPECIFIED., .F., .F. ) 
 B_SPLINE_CURVE_WITH_KNOTS ( ( 3, 2, 2, 2, 3 ),
 ( 0.7937697519003330537, 0.8036918439198091901, 0.8136139654496834517, 0.8235360869795577132, 0.8334581484206969870 ),
 .UNSPECIFIED. ) 
 CURVE ( )  GEOMETRIC_REPRESENTATION_ITEM ( )  RATIONAL_B_SPLINE_CURVE ( ( 1.000000000000000000, 0.9238795325112867385, 1.000000000000000000, 0.9238795325112867385, 1.000000000000000000, 0.9238795325112867385, 1.000000000000000000, 0.9238795325112867385, 1.000000000000000000 ) ) 
 REPRESENTATION_ITEM ( '' )  );
#729 = CARTESIAN_POINT ( 'NONE',  ( 1.195299497186301352, 5.287196493308446321, 3.170484987060691484 ) ) ;
#730 = CARTESIAN_POINT ( 'NONE',  ( 11.69070122906638076, -3.777398589375049909, 0.03709298023681438516 ) ) ;
#731 = CARTESIAN_POINT ( 'NONE',  ( 2.579629788281250224, 3.500000000000000444, 0.3183593760839407150 ) ) ;
#732 = CARTESIAN_POINT ( 'NONE',  ( 1.475571201619669370, 1.935905103070215239, 4.531443801675009375 ) ) ;
#733 = CARTESIAN_POINT ( 'NONE',  ( 2.579629788281250224, 3.500000000000000444, 8.355078126083942180 ) ) ;
#734 = FACE_OUTER_BOUND ( 'NONE', #5929, .T. ) ;
#735 = VECTOR ( 'NONE', #2705, 1000.000000000000000 ) ;
#736 = CARTESIAN_POINT ( 'NONE',  ( 2.149999999999999911, 4.390559159102155107, 2.501171877167882585 ) ) ;
#737 = CARTESIAN_POINT ( 'NONE',  ( 1.346742220115981548, 1.823017938745345567, 0.5529419645856821219 ) ) ;
#738 = CARTESIAN_POINT ( 'NONE',  ( -1.824073716244489329, 1.675926283755509782, 3.294921876083941825 ) ) ;
#739 = ORIENTED_EDGE ( 'NONE', *, *, #1469, .T. ) ;
#740 = CARTESIAN_POINT ( 'NONE',  ( 2.579629788281249780, 4.568517644207729766, 7.511718751083940049 ) ) ;
#741 = CARTESIAN_POINT ( 'NONE',  ( 0.2554491316186099370, 5.634795251692963802, 6.405761174187399654 ) ) ;
#742 = EDGE_CURVE ( 'NONE', #1200, #2828, #1447, .T. ) ;
#743 = CARTESIAN_POINT ( 'NONE',  ( 1.824073716244489773, 5.324073716244490662, -1.169921873916058397 ) ) ;
#744 = DIRECTION ( 'NONE',  ( 1.000000000000000000, 0.000000000000000000, 0.000000000000000000 ) ) ;
#745 = EDGE_CURVE ( 'NONE', #6928, #5583, #7028, .T. ) ;
#746 = CARTESIAN_POINT ( 'NONE',  ( -2.149999999997296740, 3.499996590659818274, 4.435937692089797935 ) ) ;
#747 = CARTESIAN_POINT ( 'NONE',  ( 3.949485927250213853E-16, 1.350000000000000089, 5.428125002167881519 ) ) ;
#748 = CARTESIAN_POINT ( 'NONE',  ( 4.738703044805694992E-16, 0.9203702117187499976, 6.469921876083940759 ) ) ;
#749 = CARTESIAN_POINT ( 'NONE',  ( -0.8205354168991335628, 5.487279336078545455, 6.469775574756978287 ) ) ;
#750 = CARTESIAN_POINT ( 'NONE',  ( -1.111584047440252743, 1.657935654917762180, 5.954422950229006695 ) ) ;
#751 = CARTESIAN_POINT ( 'NONE',  ( 2.579629788281250224, 3.500000000000000444, -0.3761718739160573866 ) ) ;
#752 = DIRECTION ( 'NONE',  ( 0.000000000000000000, 1.000000000000000000, 0.000000000000000000 ) ) ;
#753 = CARTESIAN_POINT ( 'NONE',  ( 0.8905591591021542186, 5.650000000000000355, 2.401953125000002132 ) ) ;
#754 = AXIS2_PLACEMENT_3D ( 'NONE', #5325, #3163, #3706 ) ;
#755 = CARTESIAN_POINT ( 'NONE',  ( -1.047782422143287873, 1.622260478563923414, 1.196567764856111271 ) ) ;
#756 = CARTESIAN_POINT ( 'NONE',  ( -1.583577268805329785, 4.954229605084290888, 4.937171215099485977 ) ) ;
#757 = CARTESIAN_POINT ( 'NONE',  ( -0.1082880396497563902, 1.352681965298277111, 6.811076513105116526 ) ) ;
#758 = CARTESIAN_POINT ( 'NONE',  ( 1.824073716244483112, 1.675926283755517554, 1.112109376083947554 ) ) ;
#759 = CARTESIAN_POINT ( 'NONE',  ( -1.824073716244489995, 5.324073716244490662, 3.791015626083940937 ) ) ;
#760 = CARTESIAN_POINT ( 'NONE',  ( -1.001783612640156917, 1.588209351343855102, 3.580892614978487209 ) ) ;
#761 = CARTESIAN_POINT ( 'NONE',  ( -2.123201423028475698, 3.161545039125372991, 1.875722793516195752 ) ) ;
#762 = CARTESIAN_POINT ( 'NONE',  ( 19.15000000000000213, -7.500000000000000000, 0.000000000000000000 ) ) ;
#763 = EDGE_CURVE ( 'NONE', #581, #558, #7077, .T. ) ;
#764 = CARTESIAN_POINT ( 'NONE',  ( 2.149999999999999911, 3.499999991013369005, 5.428124837326433472 ) ) ;
#765 = DIRECTION ( 'NONE',  ( 0.000000000000000000, 0.000000000000000000, 1.000000000000000000 ) ) ;
#766 = LINE ( 'NONE', #5058, #4609 ) ;
#767 = CARTESIAN_POINT ( 'NONE',  ( -2.149999999936321515, 3.500016547483261853, 4.237499078202636937 ) ) ;
#768 = FACE_OUTER_BOUND ( 'NONE', #854, .T. ) ;
#769 = LINE ( 'NONE', #1379, #2861 ) ;
#770 = CARTESIAN_POINT ( 'NONE',  ( -1.760223765162742149, 4.734588954137022299, 5.747247488217505307 ) ) ;
#771 = CARTESIAN_POINT ( 'NONE',  ( 1.824073716244490218, 1.675926283755510227, 5.080859376083942003 ) ) ;
#772 = ORIENTED_EDGE ( 'NONE', *, *, #564, .T. ) ;
#773 = CARTESIAN_POINT ( 'NONE',  ( 2.579629788281250224, 2.675928163013199690, -1.208182064573301684 ) ) ;
#774 = CARTESIAN_POINT ( 'NONE',  ( 0.2444051009185810031, 5.636065990754064003, 6.406386802518845514 ) ) ;
#775 = CARTESIAN_POINT ( 'NONE',  ( -0.7898285767792839751, 1.500278157632576326, 7.563471771792598553 ) ) ;
#776 = CARTESIAN_POINT ( 'NONE',  ( -1.316495309083404618E-16, 5.650000000000000355, 5.825000002167881163 ) ) ;
#777 = CARTESIAN_POINT ( 'NONE',  ( -0.8905591591021546627, 5.650000000000000355, 4.287109377167881874 ) ) ;
#778 = CARTESIAN_POINT ( 'NONE',  ( -2.149999999999999911, 4.390559159102155995, 0.4175781271678821183 ) ) ;
#779 = EDGE_CURVE ( 'NONE', #7134, #659, #3825, .T. ) ;
#780 = CARTESIAN_POINT ( 'NONE',  ( -1.068517644207729766, 6.079629788281250669, 5.328906251083940226 ) ) ;
#781 = FACE_OUTER_BOUND ( 'NONE', #4809, .T. ) ;
#782 = CARTESIAN_POINT ( 'NONE',  ( 0.7808441949914474156, 1.496229196690856744, 6.070282998318009327 ) ) ;
#783 = CARTESIAN_POINT ( 'NONE',  ( 1.068517644207729544, 6.079629788281250669, 0.5664062510839420472 ) ) ;
#784 = CARTESIAN_POINT ( 'NONE',  ( 3.000000000000000000, 15.27371993328518762, 0.5000000000000000000 ) ) ;
#785 = ADVANCED_FACE ( 'NONE', ( #5485 ), #4942, .F. ) ;
#786 = CARTESIAN_POINT ( 'NONE',  ( 1.520279579551077509, 1.979720420448922935, -0.2273437499999992339 ) ) ;
#787 = CARTESIAN_POINT ( 'NONE',  ( -1.609519919722540715, 2.074232692085772101, 1.154393938383634799 ) ) ;
#788 = ADVANCED_FACE ( 'NONE', ( #4369 ), #2431, .F. ) ;
#789 = ORIENTED_EDGE ( 'NONE', *, *, #1782, .F. ) ;
#790 = AXIS2_PLACEMENT_3D ( 'NONE', #5534, #2788, #40 ) ;
#791 = CARTESIAN_POINT ( 'NONE',  ( -1.520279579551077287, 5.020279579551076843, 6.717968752167881696 ) ) ;
#792 = CARTESIAN_POINT ( 'NONE',  ( -2.022723921643404754, 2.765142656708735824, 6.662855009696671438 ) ) ;
#793 = CARTESIAN_POINT ( 'NONE',  ( -2.579629788281240010, 4.568517644207725326, 1.558593751083948042 ) ) ;
#794 = CARTESIAN_POINT ( 'NONE',  ( 2.579629788281249780, 4.568517644207729766, 5.924218751083939694 ) ) ;
#795 = CARTESIAN_POINT ( 'NONE',  ( -0.2892643878724366902, 1.369547519635710975, 3.625634665455961247 ) ) ;
#796 = CARTESIAN_POINT ( 'NONE',  ( -0.8902048673606371976, 1.542941590546542674, 2.000645887875967421 ) ) ;
#797 = CARTESIAN_POINT ( 'NONE',  ( -0.7949741177504022760, 5.497661157330474779, 2.499362369261801664 ) ) ;
#798 = CARTESIAN_POINT ( 'NONE',  ( 2.037329329877225259, 2.809457548780656566, 5.387064910885615454 ) ) ;
#799 = CARTESIAN_POINT ( 'NONE',  ( 2.045364771487701017, 2.596148742555559608, 7.999999999999994671 ) ) ;
#800 = CARTESIAN_POINT ( 'NONE',  ( -2.571776442631838577, 3.763330220294193396, -4.321225737613357723E-16 ) ) ;
#801 = CARTESIAN_POINT ( 'NONE',  ( 0.09719190443598575702, 1.352094289369222047, 4.441443265233583126 ) ) ;
#802 = EDGE_CURVE ( 'NONE', #2198, #3670, #1344, .T. ) ;
#803 = DIRECTION ( 'NONE',  ( 0.000000000000000000, 1.000000000000000000, 0.000000000000000000 ) ) ;
#804 = LINE ( 'NONE', #6983, #4134 ) ;
#805 = CARTESIAN_POINT ( 'NONE',  ( -2.039562468778478799, 4.180412790790136945, 5.784552261940709705 ) ) ;
#806 = CARTESIAN_POINT ( 'NONE',  ( 1.068517644207729544, 6.079629788281250669, 0.5664062510839420472 ) ) ;
#807 = ORIENTED_EDGE ( 'NONE', *, *, #5159, .F. ) ;
#808 = DIRECTION ( 'NONE',  ( -1.000000000000000000, 0.000000000000000000, 0.000000000000000000 ) ) ;
#809 = CARTESIAN_POINT ( 'NONE',  ( -5.408326913195983465, -0.6585786437626920398, 6.341421356237309404 ) ) ;
#810 = AXIS2_PLACEMENT_3D ( 'NONE', #2576, #6940, #879 ) ;
#811 = CARTESIAN_POINT ( 'NONE',  ( 0.2293858984369292198, 1.362254302436245679, 7.623998570082279436 ) ) ;
#812 = FACE_OUTER_BOUND ( 'NONE', #5234, .T. ) ;
#813 = CARTESIAN_POINT ( 'NONE',  ( -1.878774116404826833, 4.561418378816788355, 7.347306525596604132 ) ) ;
#814 = CARTESIAN_POINT ( 'NONE',  ( 1.520279579551077509, 1.979720420448922935, 0.7648437521678812523 ) ) ;
#815 = ORIENTED_EDGE ( 'NONE', *, *, #3853, .T. ) ;
#816 = CARTESIAN_POINT ( 'NONE',  ( -1.068517644207730211, 0.9203702117187504417, 4.039062501083940049 ) ) ;
#817 = CARTESIAN_POINT ( 'NONE',  ( 2.579629788281250224, 3.500000000000000444, 5.080859376083940226 ) ) ;
#818 = CARTESIAN_POINT ( 'NONE',  ( -0.07764880676723567854, 1.350271369425468659, 6.018672256730164705 ) ) ;
#819 = CARTESIAN_POINT ( 'NONE',  ( -11.59945504087193768, 10.30822920078321481, 2.000000000000000000 ) ) ;
#820 = CARTESIAN_POINT ( 'NONE',  ( -1.068517644207730211, 0.9203702117187504417, -0.6242187489160586633 ) ) ;
#821 = CARTESIAN_POINT ( 'NONE',  ( 1.824073716244489773, 5.324073716244490662, 1.211328126083940360 ) ) ;
#822 = CARTESIAN_POINT ( 'NONE',  ( -0.8905591591021546627, 5.650000000000000355, 1.707421875000000977 ) ) ;
#823 = CARTESIAN_POINT ( 'NONE',  ( -1.505302684848817796, 1.964682746163203930, 1.162960124909463655 ) ) ;
#824 = ORIENTED_EDGE ( 'NONE', *, *, #4, .T. ) ;
#825 = CARTESIAN_POINT ( 'NONE',  ( -1.739673550522339518, 4.767142212212319485, 4.951497524109529813 ) ) ;
#826 = CARTESIAN_POINT ( 'NONE',  ( 0.9522258840718873518, 1.572338593785302496, 6.875362213835692238 ) ) ;
#827 = AXIS2_PLACEMENT_3D ( 'NONE', #5491, #2350, #5590 ) ;
#828 = CARTESIAN_POINT ( 'NONE',  ( -1.520279579551077287, 5.020279579551076843, 8.900781250000001421 ) ) ;
#829 = ORIENTED_EDGE ( 'NONE', *, *, #477, .T. ) ;
#830 = ORIENTED_EDGE ( 'NONE', *, *, #4484, .F. ) ;
#831 = CARTESIAN_POINT ( 'NONE',  ( -0.7218079036139967153, 1.474575355385123077, 3.599103044577148136 ) ) ;
#832 = CARTESIAN_POINT ( 'NONE',  ( -2.150000008157032294, 3.497261340765224436, 1.856402560425016057 ) ) ;
#833 = CARTESIAN_POINT ( 'NONE',  ( -1.953320094781456628, 4.399614239227658707, 2.595413460281887907 ) ) ;
#834 = EDGE_CURVE ( 'NONE', #5450, #5642, #1378, .T. ) ;
#835 = CARTESIAN_POINT ( 'NONE',  ( 2.063071341933425451, 2.894563902793913179, 5.392392757414600446 ) ) ;
#836 = CARTESIAN_POINT ( 'NONE',  ( -0.3762650293462741491, 1.008804345157209958, 7.999999999999998224 ) ) ;
#837 = CARTESIAN_POINT ( 'NONE',  ( -0.9741148432454057593, 1.583293429626057458, 4.376289483472783459 ) ) ;
#838 = FACE_OUTER_BOUND ( 'NONE', #5084, .T. ) ;
#839 = CARTESIAN_POINT ( 'NONE',  ( -2.579629788281239122, 3.067277267734095592, 7.978293673406560593 ) ) ;
#840 = CARTESIAN_POINT ( 'NONE',  ( -1.494688460835940758, 5.046473771942000752, 5.723769948579262135 ) ) ;
#841 = CARTESIAN_POINT ( 'NONE',  ( -1.068517644207729766, 6.079629788281250669, -0.1281249989160578029 ) ) ;
#842 = AXIS2_PLACEMENT_3D ( 'NONE', #889, #1502, #7061 ) ;
#843 = ORIENTED_EDGE ( 'NONE', *, *, #2602, .T. ) ;
#844 = CARTESIAN_POINT ( 'NONE',  ( -1.449276788868865351, 1.911734682360334947, 2.754792026121257287 ) ) ;
#845 = CARTESIAN_POINT ( 'NONE',  ( -0.2450464907008902404, 5.637128088918446522, 0.8781279725948613057 ) ) ;
#846 = AXIS2_PLACEMENT_3D ( 'NONE', #1579, #1547, #5406 ) ;
#847 = VECTOR ( 'NONE', #1083, 1000.000000000000000 ) ;
#848 = CARTESIAN_POINT ( 'NONE',  ( -1.640867525805838278, 2.110628860437823384, 7.501593535220002273 ) ) ;
#849 = CARTESIAN_POINT ( 'NONE',  ( 12.60742969729210650, -3.830856767569282617, 0.1585634020948459844 ) ) ;
#850 = CARTESIAN_POINT ( 'NONE',  ( -1.974471525910165948, 4.352103876050422038, 7.361053087392525285 ) ) ;
#851 = B_SPLINE_CURVE_WITH_KNOTS ( 'NONE', 3,
 ( #5241, #1954, #4124, #1375, #295, #4698, #6980, #3662, #5854, #5277 ),
 .UNSPECIFIED., .F., .F.,
 ( 4, 2, 2, 2, 4 ),
 ( 0.000000000000000000, 0.0005095077058813172370, 0.001019015411762634474, 0.001528523117643951820, 0.002038030823525268948 ),
 .UNSPECIFIED. ) ;
#852 = CARTESIAN_POINT ( 'NONE',  ( -1.316495309083404618E-16, 5.650000000000000355, 1.062500002167881430 ) ) ;
#853 = ORIENTED_EDGE ( 'NONE', *, *, #3669, .T. ) ;
#854 = EDGE_LOOP ( 'NONE', ( #4668, #6388, #2063, #4387 ) ) ;
#855 = VECTOR ( 'NONE', #5280, 1000.000000000000000 ) ;
#856 = ADVANCED_FACE ( 'NONE', ( #4701 ), #1416, .T. ) ;
#857 = CARTESIAN_POINT ( 'NONE',  ( -1.824073716244489329, 1.675926283755509782, 6.370703126083940404 ) ) ;
#858 = CARTESIAN_POINT ( 'NONE',  ( 1.068517644207729544, 6.079629788281250669, 3.642187501083940404 ) ) ;
#859 = CARTESIAN_POINT ( 'NONE',  ( -0.5832765244784489100, 1.429620056353128277, 5.989092790001695477 ) ) ;
#860 = CARTESIAN_POINT ( 'NONE',  ( -12.11614845820876241, -3.583851541791321704, 0.5557559707599456500 ) ) ;
#861 = CARTESIAN_POINT ( 'NONE',  ( 1.068517644207729544, 6.079629788281250669, -1.021093748916058308 ) ) ;
#862 = CARTESIAN_POINT ( 'NONE',  ( 2.579629788281249780, 4.568517644207729766, 1.161718751083940626 ) ) ;
#863 = CARTESIAN_POINT ( 'NONE',  ( -2.149999999999999467, 2.609440840897844893, 1.905859375000001688 ) ) ;
#864 = CARTESIAN_POINT ( 'NONE',  ( 2.579629788281250669, 2.431482355792271122, 6.618750001083940404 ) ) ;
#865 = EDGE_LOOP ( 'NONE', ( #1758, #5294, #7, #1686 ) ) ;
#866 = CARTESIAN_POINT ( 'NONE',  ( -2.150000000932426492, 3.506196745111100466, 5.030904802649438956 ) ) ;
#867 = CARTESIAN_POINT ( 'NONE',  ( -1.070290653381767987, 1.635219670783796930, 6.750983597596813546 ) ) ;
#868 = CIRCLE ( 'NONE', #990, 0.5000000000000000000 ) ;
#869 = CARTESIAN_POINT ( 'NONE',  ( 1.454735079614441595, 5.083146673781082647, 1.563702571365301441 ) ) ;
#870 = DIRECTION ( 'NONE',  ( 1.000000000000000000, 0.000000000000000000, 0.000000000000000000 ) ) ;
#871 = VERTEX_POINT ( 'NONE', #1309 ) ;
#872 = EDGE_LOOP ( 'NONE', ( #4047, #113, #7131, #5841 ) ) ;
#873 = CARTESIAN_POINT ( 'NONE',  ( -0.4491678285360046763, 1.395702601638251217, 3.616140923140870989 ) ) ;
#874 = CARTESIAN_POINT ( 'NONE',  ( -1.304986533747778843, 1.785573375413757713, 1.972052303903518933 ) ) ;
#875 = CARTESIAN_POINT ( 'NONE',  ( -0.01198855103049059970, 5.653298034002371963, 2.452068222914987494 ) ) ;
#876 = EDGE_CURVE ( 'NONE', #925, #3692, #3565, .T. ) ;
#877 = CARTESIAN_POINT ( 'NONE',  ( 2.143170316078857773, 3.671397525197283240, 3.056590195835786172 ) ) ;
#878 = CARTESIAN_POINT ( 'NONE',  ( -11.50000000000000000, -3.700000000000000178, 0.5000000000000000000 ) ) ;
#879 = DIRECTION ( 'NONE',  ( -1.000000000000000000, 0.000000000000000000, 0.000000000000000000 ) ) ;
#880 = CARTESIAN_POINT ( 'NONE',  ( -1.997752387342029312, 2.705192915429289968, 4.285285253425899832 ) ) ;
#881 = CARTESIAN_POINT ( 'NONE',  ( -11.66666666666666607, -3.700000000000000178, 0.02859547920896793674 ) ) ;
#882 = CARTESIAN_POINT ( 'NONE',  ( -12.00000000000000000, -2.700000000000000178, 2.000000000000000000 ) ) ;
#883 = CARTESIAN_POINT ( 'NONE',  ( -2.127852902525365408, 3.816700038182221810, 5.806828218664505492 ) ) ;
#884 = CARTESIAN_POINT ( 'NONE',  ( -1.068517644207730211, 0.9203702117187504417, 0.9632812510839415809 ) ) ;
#885 = VERTEX_POINT ( 'NONE', #3002 ) ;
#886 = CARTESIAN_POINT ( 'NONE',  ( -0.002221507894679223237, 1.349707531571830543, 2.848342713683074567 ) ) ;
#887 = CARTESIAN_POINT ( 'NONE',  ( -1.898824343936856618, 4.508662852853021263, 1.000515749964579371 ) ) ;
#888 = CARTESIAN_POINT ( 'NONE',  ( -1.317189631954720941, 1.800380902602232824, 7.527169398186955185 ) ) ;
#889 = CARTESIAN_POINT ( 'NONE',  ( 17.50000000000000000, -7.500000000000000000, 0.000000000000000000 ) ) ;
#890 = CARTESIAN_POINT ( 'NONE',  ( -2.149999999990567012, 3.499993631178768716, 1.260937856948742830 ) ) ;
#891 = CARTESIAN_POINT ( 'NONE',  ( 1.520279579551077065, 5.020279579551076843, 0.9632812521678810747 ) ) ;
#892 = ORIENTED_EDGE ( 'NONE', *, *, #720, .F. ) ;
#893 = ORIENTED_EDGE ( 'NONE', *, *, #3641, .F. ) ;
#894 = CARTESIAN_POINT ( 'NONE',  ( 1.824073716244489773, 5.324073716244490662, 2.798828126083940937 ) ) ;
#895 = CARTESIAN_POINT ( 'NONE',  ( 2.579629788281249780, 4.568517644207729766, 2.749218751083940759 ) ) ;
#896 = CARTESIAN_POINT ( 'NONE',  ( -0.9147960705583229046, 1.554257275334771871, 5.967765055382365347 ) ) ;
#897 = DIRECTION ( 'NONE',  ( -0.000000000000000000, -0.000000000000000000, 1.000000000000000000 ) ) ;
#898 = CARTESIAN_POINT ( 'NONE',  ( -1.824073716244489995, 5.324073716244490662, -0.07851562391605719504 ) ) ;
#899 = CARTESIAN_POINT ( 'NONE',  ( -1.824073716244489329, 1.675926283755509782, 2.401953126083941292 ) ) ;
#900 = CARTESIAN_POINT ( 'NONE',  ( -1.824073716244489995, 5.324073716244490662, 8.652734376083941470 ) ) ;
#901 = CARTESIAN_POINT ( 'NONE',  ( 2.579629788281250224, 3.500000000000000444, 7.462109376083940759 ) ) ;
#902 = CARTESIAN_POINT ( 'NONE',  ( -1.578989056634113819, 4.959214434445004649, 4.936787469817941698 ) ) ;
#903 = CARTESIAN_POINT ( 'NONE',  ( 1.001070853856379950, 1.597094074824400467, 6.878654777416515209 ) ) ;
#904 = CARTESIAN_POINT ( 'NONE',  ( 0.8836149735896371427, 5.462301103338147890, 1.604433903196338385 ) ) ;
#905 = CARTESIAN_POINT ( 'NONE',  ( 1.824073716244482668, 5.324073716244483556, 0.5167968760839474207 ) ) ;
#906 = ORIENTED_EDGE ( 'NONE', *, *, #5611, .F. ) ;
#907 = EDGE_LOOP ( 'NONE', ( #535, #3182, #4499, #5889 ) ) ;
#908 = CARTESIAN_POINT ( 'NONE',  ( -1.716282306598561958, 2.205050452833960506, 1.938402120764095349 ) ) ;
#909 = CARTESIAN_POINT ( 'NONE',  ( -0.5208748376361921339, 5.587379943897185619, 2.482041689097030268 ) ) ;
#910 = CIRCLE ( 'NONE', #3778, 0.9999999999999991118 ) ;
#911 = CYLINDRICAL_SURFACE ( 'NONE', #1382, 0.9999999999999991118 ) ;
#912 = CARTESIAN_POINT ( 'NONE',  ( 2.149999999991658584, 3.499995816807531579, 7.015547590692133184 ) ) ;
#913 = DIRECTION ( 'NONE',  ( 1.000000000000000000, -0.000000000000000000, -0.000000000000000000 ) ) ;
#914 = CARTESIAN_POINT ( 'NONE',  ( -2.132024023970320759, 3.222148720553636991, 4.253395979888961342 ) ) ;
#915 = DIRECTION ( 'NONE',  ( 0.000000000000000000, 0.000000000000000000, -1.000000000000000000 ) ) ;
#916 = LINE ( 'NONE', #5205, #3212 ) ;
#917 = CARTESIAN_POINT ( 'NONE',  ( -1.777767176213707501, 4.709151553079559349, 5.749053796037398634 ) ) ;
#918 = CARTESIAN_POINT ( 'NONE',  ( -1.824073716244489329, 1.675926283755509782, 2.501171876083942536 ) ) ;
#919 = EDGE_LOOP ( 'NONE', ( #998, #1213, #287, #892, #641 ) ) ;
#920 = CARTESIAN_POINT ( 'NONE',  ( -0.5909817502774475928, 1.432806000015825809, 2.813605636325189341 ) ) ;
#921 = CARTESIAN_POINT ( 'NONE',  ( -0.2788380572618058273, 1.368153857032362364, 7.594951487184272487 ) ) ;
#922 = CYLINDRICAL_SURFACE ( 'NONE', #139, 2.149999999999999911 ) ;
#923 = CARTESIAN_POINT ( 'NONE',  ( -2.002236330954818566, 4.286047356325989099, 7.365336760387782178 ) ) ;
#924 = CARTESIAN_POINT ( 'NONE',  ( -0.8905591591021546627, 5.650000000000000355, 1.905859377167881341 ) ) ;
#925 = VERTEX_POINT ( 'NONE', #5742 ) ;
#926 = AXIS2_PLACEMENT_3D ( 'NONE', #6820, #5729, #6349 ) ;
#927 = CARTESIAN_POINT ( 'NONE',  ( 1.824073716244490218, 1.675926283755510227, 2.600390626083941115 ) ) ;
#928 = CARTESIAN_POINT ( 'NONE',  ( -1.824073716244489329, 1.675926283755509782, 5.576953126083941115 ) ) ;
#929 = CARTESIAN_POINT ( 'NONE',  ( -2.149999983656874836, 3.406347955751101608, 5.830217250276236385 ) ) ;
#930 = CARTESIAN_POINT ( 'NONE',  ( -12.99999999998806111, -3.700000000000000622, 0.4466508605399162612 ) ) ;
#931 = CARTESIAN_POINT ( 'NONE',  ( -2.579629788281249336, 2.431482355792268013, 1.558593751083941159 ) ) ;
#932 = CARTESIAN_POINT ( 'NONE',  ( 2.579629788281250224, 3.500000000000000444, 7.561328126083942003 ) ) ;
#933 = CARTESIAN_POINT ( 'NONE',  ( 1.068517644207731321, 0.9203702117187504417, 8.107031251083942180 ) ) ;
#934 = ORIENTED_EDGE ( 'NONE', *, *, #2091, .F. ) ;
#935 = CARTESIAN_POINT ( 'NONE',  ( 1.267175537454567902, 5.237089002542909100, 4.752698774686705541 ) ) ;
#936 = EDGE_CURVE ( 'NONE', #3968, #5516, #4893, .T. ) ;
#937 = CARTESIAN_POINT ( 'NONE',  ( -1.944710456476450355, 4.417191808688810895, 4.181664759805711284 ) ) ;
#938 = CARTESIAN_POINT ( 'NONE',  ( 1.410216593583653699, 5.123196250132070695, 1.567176126388284185 ) ) ;
#939 = CARTESIAN_POINT ( 'NONE',  ( -1.520279579551076843, 1.979720420448922491, 6.717968750000000711 ) ) ;
#940 = ORIENTED_EDGE ( 'NONE', *, *, #5621, .T. ) ;
#941 = EDGE_LOOP ( 'NONE', ( #1330, #3071 ) ) ;
#942 = CARTESIAN_POINT ( 'NONE',  ( -2.425078890313497215, 4.299874845064256768, 2.509557341779193912E-16 ) ) ;
#943 = CARTESIAN_POINT ( 'NONE',  ( 1.622385031377502562, 4.910811424219104993, 2.343889654117711885 ) ) ;
#944 = EDGE_CURVE ( 'NONE', #1757, #3480, #1315, .T. ) ;
#945 = CARTESIAN_POINT ( 'NONE',  ( -0.1908064945072499019, 1.358482843949107677, 5.218885007132565867 ) ) ;
#946 = DIRECTION ( 'NONE',  ( -1.000000000000000000, 0.000000000000000000, 0.000000000000000000 ) ) ;
#947 = LINE ( 'NONE', #1453, #2885 ) ;
#948 = CARTESIAN_POINT ( 'NONE',  ( 5.000000000000000000, 14.54651426760056765, 0.5000000000000000000 ) ) ;
#949 = CARTESIAN_POINT ( 'NONE',  ( -1.520279579551076843, 1.979720420448922491, 5.328906252167882052 ) ) ;
#950 = CARTESIAN_POINT ( 'NONE',  ( 1.068517644207725326, 6.079629788281240010, 5.328906251083947332 ) ) ;
#951 = FACE_BOUND ( 'NONE', #4498, .T. ) ;
#952 = CARTESIAN_POINT ( 'NONE',  ( 4.738703044805694992E-16, 0.9203702117187499976, 1.806640626083941603 ) ) ;
#953 = ORIENTED_EDGE ( 'NONE', *, *, #2279, .F. ) ;
#954 = CIRCLE ( 'NONE', #1644, 1.517157287525382703 ) ;
#955 = DIRECTION ( 'NONE',  ( 0.000000000000000000, 0.000000000000000000, -1.000000000000000000 ) ) ;
#956 = CARTESIAN_POINT ( 'NONE',  ( -1.542164519351827190, 4.998946193089996548, 0.9649628526820994701 ) ) ;
#957 = PLANE ( 'NONE',  #6377 ) ;
#958 = DIRECTION ( 'NONE',  ( -1.000000000000000000, 0.000000000000000000, 0.000000000000000000 ) ) ;
#959 = CIRCLE ( 'NONE', #2582, 1.649999999999998579 ) ;
#960 = DIRECTION ( 'NONE',  ( 0.000000000000000000, 1.000000000000000000, 0.000000000000000000 ) ) ;
#961 = CARTESIAN_POINT ( 'NONE',  ( 2.150000000000000355, 2.813174915100723705, -1.555447688463953204 ) ) ;
#962 = ORIENTED_EDGE ( 'NONE', *, *, #2583, .F. ) ;
#963 = AXIS2_PLACEMENT_3D ( 'NONE', #2273, #6242, #678 ) ;
#964 = ADVANCED_FACE ( 'NONE', ( #768 ), #2397, .T. ) ;
#965 =( BOUNDED_CURVE ( )  B_SPLINE_CURVE ( 2, ( #1790, #3995, #6192, #1280, #1240, #3127, #3051, #1931, #2589 ),
 .UNSPECIFIED., .F., .F. ) 
 B_SPLINE_CURVE_WITH_KNOTS ( ( 3, 2, 2, 2, 3 ),
 ( 0.6350157945276080351, 0.6449378994418222266, 0.6548600209716963771, 0.6647821425015706387, 0.6747042629154194060 ),
 .UNSPECIFIED. ) 
 CURVE ( )  GEOMETRIC_REPRESENTATION_ITEM ( )  RATIONAL_B_SPLINE_CURVE ( ( 1.000000000000000000, 0.9238795325112867385, 1.000000000000000000, 0.9238795325112867385, 1.000000000000000000, 0.9238795325112867385, 1.000000000000000000, 0.9238795325112867385, 1.000000000000000000 ) ) 
 REPRESENTATION_ITEM ( '' )  );
#966 = CARTESIAN_POINT ( 'NONE',  ( -1.824073716244489995, 5.324073716244490662, 1.409765626083941070 ) ) ;
#967 = CARTESIAN_POINT ( 'NONE',  ( -2.579629788281250224, 3.500000000000000000, 3.890234376083941292 ) ) ;
#968 = DIRECTION ( 'NONE',  ( 0.000000000000000000, -1.000000000000000000, 0.000000000000000000 ) ) ;
#969 = CARTESIAN_POINT ( 'NONE',  ( -13.00000000000000000, -3.700000000000000622, 0.5000000000000000000 ) ) ;
#970 = CARTESIAN_POINT ( 'NONE',  ( -1.520279579551077287, 5.020279579551076843, 6.717968752167881696 ) ) ;
#971 = CARTESIAN_POINT ( 'NONE',  ( -1.579567681601898742E-16, 6.079629788281250669, 6.966015626083941648 ) ) ;
#972 = VECTOR ( 'NONE', #4063, 1000.000000000000000 ) ;
#973 = CARTESIAN_POINT ( 'NONE',  ( 1.068517644207729544, 6.079629788281250669, 8.404687501083941470 ) ) ;
#974 = CARTESIAN_POINT ( 'NONE',  ( 1.786886534230432755, 4.695639080550414235, 4.709373872683031870 ) ) ;
#975 = CARTESIAN_POINT ( 'NONE',  ( -1.271653962457170106, 5.233613352784827200, 4.119509853566503566 ) ) ;
#976 = CARTESIAN_POINT ( 'NONE',  ( 2.579629788281249780, 4.568517644207729766, 6.817187501083942003 ) ) ;
#977 = CARTESIAN_POINT ( 'NONE',  ( -0.8905591591021551068, 1.350000000000000533, 5.973828125000000711 ) ) ;
#978 = ORIENTED_EDGE ( 'NONE', *, *, #4099, .T. ) ;
#979 = ORIENTED_EDGE ( 'NONE', *, *, #5014, .T. ) ;
#980 = CARTESIAN_POINT ( 'NONE',  ( -2.147211302292080237, 3.387339705516981603, 3.450128629770395250 ) ) ;
#981 = CARTESIAN_POINT ( 'NONE',  ( 1.218202778275163434, 5.271583183917012860, 2.374969897926529683 ) ) ;
#982 = EDGE_LOOP ( 'NONE', ( #2154, #5266 ) ) ;
#983 = CARTESIAN_POINT ( 'NONE',  ( -1.707272228096868183, 2.191542212919161958, 5.114306378108613771 ) ) ;
#984 = CYLINDRICAL_SURFACE ( 'NONE', #3919, 1.000000000000000000 ) ;
#985 = LINE ( 'NONE', #3191, #6486 ) ;
#986 = FACE_OUTER_BOUND ( 'NONE', #605, .T. ) ;
#987 = CARTESIAN_POINT ( 'NONE',  ( -1.068517644207725992, 0.9203702117187605447, 6.519531251083948042 ) ) ;
#988 = CARTESIAN_POINT ( 'NONE',  ( 1.861927071432858849, 4.577399220939058822, 5.494798069348510339 ) ) ;
#989 = CARTESIAN_POINT ( 'NONE',  ( 2.150000000000000355, 2.609440840897845781, 2.401953127167881341 ) ) ;
#990 = AXIS2_PLACEMENT_3D ( 'NONE', #1193, #3512, #765 ) ;
#991 = EDGE_LOOP ( 'NONE', ( #4027, #3632, #4577, #2624 ) ) ;
#992 = CARTESIAN_POINT ( 'NONE',  ( 0.000000000000000000, -4.500000000000000000, 2.000000000000000000 ) ) ;
#993 = CARTESIAN_POINT ( 'NONE',  ( -2.543385834414213065, 3.930904098250507239, 2.077144524579118290E-15 ) ) ;
#994 = CARTESIAN_POINT ( 'NONE',  ( 0.000000000000000000, -4.500000000000000000, 0.000000000000000000 ) ) ;
#995 = CARTESIAN_POINT ( 'NONE',  ( 1.544900840925006902, 4.995265986975304884, 7.906632852804110989 ) ) ;
#996 = LINE ( 'NONE', #5401, #557 ) ;
#997 = CARTESIAN_POINT ( 'NONE',  ( 3.949485927250213853E-16, 1.350000000000000089, -0.1281249978321193084 ) ) ;
#998 = ORIENTED_EDGE ( 'NONE', *, *, #3104, .T. ) ;
#999 = CIRCLE ( 'NONE', #1803, 1.749999999999999778 ) ;
#1000 = CARTESIAN_POINT ( 'NONE',  ( -2.579629788281249780, 4.568517644207729766, 2.253125001083941203 ) ) ;
#1001 = CARTESIAN_POINT ( 'NONE',  ( 3.150000000000000355, 16.26240592994945189, 2.000000000000000000 ) ) ;
#1002 = CARTESIAN_POINT ( 'NONE',  ( 2.149995132108755147, 2.609435973006600573, 0.8144527436754074312 ) ) ;
#1003 = CARTESIAN_POINT ( 'NONE',  ( -2.579629788281249780, 4.568517644207729766, -0.9218749989160587299 ) ) ;
#1004 = CARTESIAN_POINT ( 'NONE',  ( 2.579629788281250669, 2.431482355792271122, 8.305468751083941115 ) ) ;
#1005 = EDGE_CURVE ( 'NONE', #2844, #3461, #5817, .T. ) ;
#1006 = CARTESIAN_POINT ( 'NONE',  ( -1.068517644207729766, 6.079629788281250669, 6.916406251083939694 ) ) ;
#1007 = CARTESIAN_POINT ( 'NONE',  ( 0.5913190782376014365, 5.568415686718700464, 4.797983560494722077 ) ) ;
#1008 = CARTESIAN_POINT ( 'NONE',  ( 0.6266590343286034814, 5.556802214113202076, 4.002003376240757859 ) ) ;
#1009 = VECTOR ( 'NONE', #1317, 1000.000000000000000 ) ;
#1010 = CARTESIAN_POINT ( 'NONE',  ( -2.579629788281249336, 2.431482355792268013, 6.420312501083942358 ) ) ;
#1011 = CARTESIAN_POINT ( 'NONE',  ( -1.520279579551077287, 5.020279579551076843, 5.725781250000000711 ) ) ;
#1012 = ORIENTED_EDGE ( 'NONE', *, *, #4987, .T. ) ;
#1013 = ORIENTED_EDGE ( 'NONE', *, *, #5150, .F. ) ;
#1014 = CARTESIAN_POINT ( 'NONE',  ( 1.520279579551077509, 1.979720420448922935, 7.114843752167881341 ) ) ;
#1015 = CARTESIAN_POINT ( 'NONE',  ( 0.3874680678068500583, 5.615530673148402485, 2.429229716963535068 ) ) ;
#1016 = VERTEX_POINT ( 'NONE', #881 ) ;
#1017 = CARTESIAN_POINT ( 'NONE',  ( -2.014927754166896179, 2.749613533953585431, 5.076167948169099553 ) ) ;
#1018 = DIRECTION ( 'NONE',  ( -1.000000000000000000, 0.000000000000000000, 0.000000000000000000 ) ) ;
#1019 = CARTESIAN_POINT ( 'NONE',  ( -2.149999999999999467, 2.609440840897844449, 6.073046877167881163 ) ) ;
#1020 = CARTESIAN_POINT ( 'NONE',  ( 2.149999999999955946, 3.500000303323715034, 5.626568056860509870 ) ) ;
#1021 = CARTESIAN_POINT ( 'NONE',  ( 1.824073716244483112, 1.675926283755517554, 6.668359376083947687 ) ) ;
#1022 = CARTESIAN_POINT ( 'NONE',  ( 2.122549420356001360, 3.849509400838571960, 5.448153221906674837 ) ) ;
#1023 = AXIS2_PLACEMENT_3D ( 'NONE', #2039, #6442, #3518 ) ;
#1024 = CARTESIAN_POINT ( 'NONE',  ( -2.149999999998234212, 3.500002755632074081, 2.054687348663101432 ) ) ;
#1025 = VERTEX_POINT ( 'NONE', #3079 ) ;
#1026 = CARTESIAN_POINT ( 'NONE',  ( -1.520279579551076843, 1.979720420448922491, 3.741406252167881252 ) ) ;
#1027 = CARTESIAN_POINT ( 'NONE',  ( 0.5927196574097346460, 5.577101682106643921, 0.8292792868868702483 ) ) ;
#1028 = AXIS2_PLACEMENT_3D ( 'NONE', #6008, #4819, #7018 ) ;
#1029 = CARTESIAN_POINT ( 'NONE',  ( -4.999999999999998224, 14.54651426760056765, 2.000000000000000000 ) ) ;
#1030 = CYLINDRICAL_SURFACE ( 'NONE', #6258, 1.000000000000000888 ) ;
#1031 = CARTESIAN_POINT ( 'NONE',  ( 1.369757125375608897, 5.174199354073703461, 7.127345639911816022 ) ) ;
#1032 = CARTESIAN_POINT ( 'NONE',  ( 2.149416967094267328, 3.440427708361544656, 0.6623235081239682298 ) ) ;
#1033 = VERTEX_POINT ( 'NONE', #1919 ) ;
#1034 = EDGE_CURVE ( 'NONE', #3640, #5800, #507, .T. ) ;
#1035 = CARTESIAN_POINT ( 'NONE',  ( -1.068517644207730211, 0.9203702117187504417, 1.657812501083940626 ) ) ;
#1036 = LINE ( 'NONE', #1001, #3738 ) ;
#1037 = CARTESIAN_POINT ( 'NONE',  ( -2.149999999994451461, 3.500004884549234419, 0.4671870568910552191 ) ) ;
#1038 = CARTESIAN_POINT ( 'NONE',  ( -1.824073716244489329, 1.675926283755509782, -0.7730468739160587521 ) ) ;
#1039 = CARTESIAN_POINT ( 'NONE',  ( -1.068517644207729766, 6.079629788281250669, 7.809375001083941115 ) ) ;
#1040 = CIRCLE ( 'NONE', #2654, 19.35000000000000142 ) ;
#1041 = CARTESIAN_POINT ( 'NONE',  ( 0.8058872106175820615, 5.493303785031329767, 4.784303089816058119 ) ) ;
#1042 = CARTESIAN_POINT ( 'NONE',  ( 0.08237783974587224722, 5.648910043689545191, 4.034342902026745392 ) ) ;
#1043 = AXIS2_PLACEMENT_3D ( 'NONE', #3224, #1563, #3764 ) ;
#1044 = CARTESIAN_POINT ( 'NONE',  ( 2.579629788281250669, 2.431482355792271122, 7.511718751083942713 ) ) ;
#1045 = AXIS2_PLACEMENT_3D ( 'NONE', #4608, #1754, #6745 ) ;
#1046 = CARTESIAN_POINT ( 'NONE',  ( 2.150000000000000355, 2.609440840897845781, 8.553515625000001066 ) ) ;
#1047 = ORIENTED_EDGE ( 'NONE', *, *, #4847, .T. ) ;
#1048 = ORIENTED_EDGE ( 'NONE', *, *, #419, .T. ) ;
#1049 = CARTESIAN_POINT ( 'NONE',  ( -2.149379376420843091, 3.447055677587639533, 3.446724675021803908 ) ) ;
#1050 = CARTESIAN_POINT ( 'NONE',  ( 2.118029166613319525, 3.130542438437115660, 1.438076275101599855 ) ) ;
#1051 = CARTESIAN_POINT ( 'NONE',  ( 0.9523827154943219631, 1.571138558327416446, 5.287945580909890531 ) ) ;
#1052 = DIRECTION ( 'NONE',  ( 1.000000000000000000, 0.000000000000000000, 0.000000000000000000 ) ) ;
#1053 = DIRECTION ( 'NONE',  ( 0.000000000000000000, 0.000000000000000000, 1.000000000000000000 ) ) ;
#1054 = DIRECTION ( 'NONE',  ( 0.000000000000000000, 0.000000000000000000, -1.000000000000000000 ) ) ;
#1055 = FACE_OUTER_BOUND ( 'NONE', #2555, .T. ) ;
#1056 = CARTESIAN_POINT ( 'NONE',  ( 2.579629788281240010, 3.500000000000000444, 5.180078126083947687 ) ) ;
#1057 = CARTESIAN_POINT ( 'NONE',  ( 1.078377735839705087, 5.360146491489350851, 5.559802641338339235 ) ) ;
#1058 = B_SPLINE_CURVE_WITH_KNOTS ( 'NONE', 3,
 ( #2283, #2898, #5531, #6688, #3367, #5598, #1269, #2361, #5099, #3984, #2860, #619, #653, #5674, #732, #106, #2823, #2323, #1126, #6181, #2934, #6076, #3333, #2213, #3875, #4415, #6619, #2786, #4988, #38, #1700, #801, #6832, #335, #5776, #4126, #297, #3664, #5243, #6901, #1918, #3040, #6404, #837, #5203, #1853, #6324, #2500, #1996, #5816, #3515, #258, #4095, #6865, #1454, #2540, #3078, #1956, #4700, #6289, #1377, #4163, #6361, #1415, #3626, #3586, #880, #5170, #5279, #4059, #1307, #4739, #6252, #5857, #6941, #4205, #914, #3115, #183, #3001, #1887, #4626, #2395, #222, #4590, #1342, #6796, #5710, #767 ),
 .UNSPECIFIED., .F., .F.,
 ( 4, 2, 2, 1, 1, 2, 2, 2, 2, 2, 2, 2, 2, 2, 2, 2, 2, 2, 2, 2, 2, 2, 1, 2, 2, 1, 2, 2, 2, 1, 1, 1, 2, 2, 2, 2, 2, 2, 2, 2, 2, 2, 1, 2, 2, 1, 1, 1, 2, 4 ),
 ( 0.4206409968181784031, 0.4237459040172780744, 0.4241340174171655542, 0.4245221308170530339, 0.4252983576168279378, 0.4268508112163778012, 0.4299557184154775280, 0.4330606256145772548, 0.4338368524143521587, 0.4342249658142396385, 0.4346130792141270627, 0.4361655328136769261, 0.4369417596134518855, 0.4377179864132267895, 0.4392704400127766529, 0.4423753472118763796, 0.4439278008114262430, 0.4447040276112012025, 0.4454802544109761619, 0.4485851616100758887, 0.4516900688091756155, 0.4524662956089505195, 0.4528544090088379992, 0.4530484657087817668, 0.4531454940587535951, 0.4532425224087254789, 0.4547949760082753978, 0.4578998832073752356, 0.4594523368069251545, 0.4602285636067001140, 0.4606166770065875937, 0.4608107337065313058, 0.4609077620565031896, 0.4610047904064750734, 0.4625572440060250479, 0.4641096976055750223, 0.4644978110054625020, 0.4646918677054062696, 0.4648859244053500372, 0.4656621512051249967, 0.4672146048046749711, 0.4679908316044499861, 0.4683789450043374658, 0.4685730017042811779, 0.4687670584042249455, 0.4695432852039999605, 0.4699313986038874402, 0.4701254553038311523, 0.4702224836538030361, 0.4703195120037749200 ),
 .UNSPECIFIED. ) ;
#1059 = CARTESIAN_POINT ( 'NONE',  ( -2.149999999999949285, 3.500000466213071260, 7.412499974030132499 ) ) ;
#1060 = ORIENTED_EDGE ( 'NONE', *, *, #4792, .T. ) ;
#1061 = EDGE_CURVE ( 'NONE', #5781, #6238, #2014, .T. ) ;
#1062 = CARTESIAN_POINT ( 'NONE',  ( -20.99999999999999645, -4.200000000000000178, 0.000000000000000000 ) ) ;
#1063 = CARTESIAN_POINT ( 'NONE',  ( 2.117083058140960539, 3.874779306756300112, 0.6872631102006772075 ) ) ;
#1064 = CARTESIAN_POINT ( 'NONE',  ( 0.000000000000000000, 1.166476076187853824E-15, 2.000000000000000000 ) ) ;
#1065 = CARTESIAN_POINT ( 'NONE',  ( -1.412014985302623815, 5.121444123176302377, 1.748612500511836920 ) ) ;
#1066 = CARTESIAN_POINT ( 'NONE',  ( 1.582063963915079308, 4.956240476338876988, 7.109857579715192166 ) ) ;
#1067 = CARTESIAN_POINT ( 'NONE',  ( 2.147348819585895185, 3.392048223201250767, 0.6595559613651422737 ) ) ;
#1068 = VECTOR ( 'NONE', #2466, 1000.000000000000000 ) ;
#1069 = ORIENTED_EDGE ( 'NONE', *, *, #305, .T. ) ;
#1070 = ORIENTED_EDGE ( 'NONE', *, *, #1623, .T. ) ;
#1071 = CARTESIAN_POINT ( 'NONE',  ( 1.824073716244489773, 5.324073716244490662, 2.005078126083940759 ) ) ;
#1072 = CARTESIAN_POINT ( 'NONE',  ( -1.983563612096157058, 2.670475422364569251, 5.875049641113500698 ) ) ;
#1073 = DIRECTION ( 'NONE',  ( 1.000000000000000000, 0.000000000000000000, 0.000000000000000000 ) ) ;
#1074 = CARTESIAN_POINT ( 'NONE',  ( -2.149999999999999911, 3.500000000000000000, 8.404687502167881519 ) ) ;
#1075 = AXIS2_PLACEMENT_3D ( 'NONE', #591, #2258, #6117 ) ;
#1076 = ADVANCED_FACE ( 'NONE', ( #838 ), #3852, .T. ) ;
#1077 = CARTESIAN_POINT ( 'NONE',  ( -1.824073716244489995, 5.324073716244490662, 6.966015626083940759 ) ) ;
#1078 = CARTESIAN_POINT ( 'NONE',  ( -2.149999999936321515, 3.500016547483261853, 4.237499078202636937 ) ) ;
#1079 = CARTESIAN_POINT ( 'NONE',  ( -1.579567681601898742E-16, 6.079629788281250669, 6.966015626083941648 ) ) ;
#1080 = CARTESIAN_POINT ( 'NONE',  ( 2.149999999999999911, 3.500000000000000444, 8.603125000000002132 ) ) ;
#1081 = ORIENTED_EDGE ( 'NONE', *, *, #4010, .T. ) ;
#1082 = EDGE_LOOP ( 'NONE', ( #3083, #1060, #1802, #1370 ) ) ;
#1083 = DIRECTION ( 'NONE',  ( 0.000000000000000000, 0.000000000000000000, -1.000000000000000000 ) ) ;
#1084 = CARTESIAN_POINT ( 'NONE',  ( 1.317797538458507001, 1.801181392502748890, 1.344763189765053824 ) ) ;
#1085 = VECTOR ( 'NONE', #3041, 1000.000000000000000 ) ;
#1086 = CARTESIAN_POINT ( 'NONE',  ( -1.998660770341497361, 2.707302814414223935, 5.078899663691301747 ) ) ;
#1087 = CARTESIAN_POINT ( 'NONE',  ( -4.999999999999998224, 14.54651426760056765, 0.5000000000000000000 ) ) ;
#1088 = DIRECTION ( 'NONE',  ( -1.000000000000000000, 0.000000000000000000, 0.000000000000000000 ) ) ;
#1089 = CARTESIAN_POINT ( 'NONE',  ( 2.579629788281240010, 4.568517644207725326, 6.817187501083948220 ) ) ;
#1090 = CARTESIAN_POINT ( 'NONE',  ( 2.092241412926150179, 3.004682060026291790, 3.811701145561463555 ) ) ;
#1091 = DIRECTION ( 'NONE',  ( 0.000000000000000000, -0.000000000000000000, -1.000000000000000000 ) ) ;
#1092 = VERTEX_POINT ( 'NONE', #3477 ) ;
#1093 = ADVANCED_FACE ( 'NONE', ( #734 ), #2936, .F. ) ;
#1094 = CARTESIAN_POINT ( 'NONE',  ( 0.8867816470836407117, 5.459580424980636337, 0.8102611761708005123 ) ) ;
#1095 = CARTESIAN_POINT ( 'NONE',  ( 1.068517644207729322, 6.079629788281250669, 0.4671875010839408038 ) ) ;
#1096 = DIRECTION ( 'NONE',  ( -1.000000000000000000, 1.387778780781445676E-16, 0.000000000000000000 ) ) ;
#1097 = CARTESIAN_POINT ( 'NONE',  ( 1.995747129852187163, 4.306412212731370204, 7.857960951506386849 ) ) ;
#1098 = ADVANCED_FACE ( 'NONE', ( #1888 ), #6733, .T. ) ;
#1099 = CARTESIAN_POINT ( 'NONE',  ( 2.149999999999999911, 3.500000000000000444, 8.000000000000000000 ) ) ;
#1100 = TOROIDAL_SURFACE ( 'NONE', #3524, 1.517157287525383813, 0.2000000000000000111 ) ;
#1101 = CARTESIAN_POINT ( 'NONE',  ( 0.8905591591021556619, 1.350000000000000533, -0.8722656228321180594 ) ) ;
#1102 = ORIENTED_EDGE ( 'NONE', *, *, #3722, .F. ) ;
#1103 = EDGE_LOOP ( 'NONE', ( #2693, #893, #6200, #3354 ) ) ;
#1104 = CARTESIAN_POINT ( 'NONE',  ( 2.579629788281250224, 3.500000000000000444, 1.905859376083941070 ) ) ;
#1105 = CARTESIAN_POINT ( 'NONE',  ( 0.9031080837810392392, 1.393906897467865891, -1.586530118130527592E-15 ) ) ;
#1106 = CARTESIAN_POINT ( 'NONE',  ( -2.149999999999999911, 3.500000000000000000, 8.000000000000000000 ) ) ;
#1107 = CARTESIAN_POINT ( 'NONE',  ( 1.520279579551077509, 1.979720420448922935, 7.114843752167881341 ) ) ;
#1108 = DIRECTION ( 'NONE',  ( 1.000000000000000000, 0.000000000000000000, 0.000000000000000000 ) ) ;
#1109 = CARTESIAN_POINT ( 'NONE',  ( 2.076539838480420119, 4.057232396291477805, 3.873361281426581648 ) ) ;
#1110 = CARTESIAN_POINT ( 'NONE',  ( -1.068517644207730211, 0.9203702117187504417, 5.725781251083941648 ) ) ;
#1111 = CARTESIAN_POINT ( 'NONE',  ( -0.8905591591021546627, 5.650000000000000355, 4.088671875000001954 ) ) ;
#1112 = ORIENTED_EDGE ( 'NONE', *, *, #2312, .F. ) ;
#1113 = EDGE_LOOP ( 'NONE', ( #1706, #1130, #953, #7146 ) ) ;
#1114 = CARTESIAN_POINT ( 'NONE',  ( 1.212825343913686460, 1.724002966136551462, 1.337174381188212191 ) ) ;
#1115 = ORIENTED_EDGE ( 'NONE', *, *, #3104, .F. ) ;
#1116 = CARTESIAN_POINT ( 'NONE',  ( -1.316495309083404618E-16, 5.650000000000000355, 7.412500002167881519 ) ) ;
#1117 = CARTESIAN_POINT ( 'NONE',  ( 0.000000000000000000, 0.000000000000000000, 8.000000000000000000 ) ) ;
#1118 = CARTESIAN_POINT ( 'NONE',  ( 0.000000000000000000, 3.500000000000000000, 8.000000000000000000 ) ) ;
#1119 = CARTESIAN_POINT ( 'NONE',  ( -1.824073716244482890, 5.324073716244483556, 4.683984376083948575 ) ) ;
#1120 = DIRECTION ( 'NONE',  ( -0.000000000000000000, 1.000000000000000000, 0.000000000000000000 ) ) ;
#1121 = CARTESIAN_POINT ( 'NONE',  ( 1.068517644207729544, 6.079629788281250669, -1.021093748916058308 ) ) ;
#1122 = EDGE_LOOP ( 'NONE', ( #1254, #271, #6487, #4210 ) ) ;
#1123 = CARTESIAN_POINT ( 'NONE',  ( 0.1531760888375742480, 5.644816588730772189, 3.236650422051445819 ) ) ;
#1124 = CARTESIAN_POINT ( 'NONE',  ( 0.2283928563237911380, 5.638094665131518468, 0.8511108020070489166 ) ) ;
#1125 = CARTESIAN_POINT ( 'NONE',  ( 1.824073716244489773, 5.324073716244490662, 3.592578126083941115 ) ) ;
#1126 = CARTESIAN_POINT ( 'NONE',  ( 1.403908971395090077, 1.871616521392772459, 4.526228633125650269 ) ) ;
#1127 = CARTESIAN_POINT ( 'NONE',  ( 0.03490668825248586377, 5.649973465713402199, 1.655859457782501432 ) ) ;
#1128 = CARTESIAN_POINT ( 'NONE',  ( 2.095708402892850764, 3.985169272993168921, 7.043920387706210207 ) ) ;
#1129 = CARTESIAN_POINT ( 'NONE',  ( 0.5177105027278349203, 1.413097001513550666, 0.4974833275337149363 ) ) ;
#1130 = ORIENTED_EDGE ( 'NONE', *, *, #5680, .T. ) ;
#1131 = VECTOR ( 'NONE', #156, 1000.000000000000000 ) ;
#1132 = ORIENTED_EDGE ( 'NONE', *, *, #3604, .T. ) ;
#1133 = CARTESIAN_POINT ( 'NONE',  ( 1.861421384799134326, 2.421116685040194838, 7.742620372922464966 ) ) ;
#1134 = CARTESIAN_POINT ( 'NONE',  ( -1.835259945774162293, 1.722735868999138775, 3.456938055018235069E-14 ) ) ;
#1135 = CARTESIAN_POINT ( 'NONE',  ( 17.50000000000000000, -7.500000000000000000, 2.000000000000000000 ) ) ;
#1136 = CARTESIAN_POINT ( 'NONE',  ( -0.8905591591021546627, 5.650000000000000355, 5.874609377167880453 ) ) ;
#1137 = CARTESIAN_POINT ( 'NONE',  ( 2.134658531410207338, 3.764686857181886115, 4.649481738311897594 ) ) ;
#1138 = CARTESIAN_POINT ( 'NONE',  ( 1.385200198026603546, 5.149707737751040071, 3.950553607509302179 ) ) ;
#1139 = CARTESIAN_POINT ( 'NONE',  ( 2.579629788281249780, 4.568517644207729766, 2.054687501083942269 ) ) ;
#1140 = VECTOR ( 'NONE', #1194, 1000.000000000000000 ) ;
#1141 = CARTESIAN_POINT ( 'NONE',  ( -2.149999999999999911, 3.500000000000000000, 2.650000000000001243 ) ) ;
#1142 = ORIENTED_EDGE ( 'NONE', *, *, #6630, .F. ) ;
#1143 = ORIENTED_EDGE ( 'NONE', *, *, #6376, .T. ) ;
#1144 = CARTESIAN_POINT ( 'NONE',  ( -0.1292859709847045402, 1.353778058650300986, 1.253656193834951527 ) ) ;
#1145 = ADVANCED_FACE ( 'NONE', ( #6290 ), #5970, .T. ) ;
#1146 = ORIENTED_EDGE ( 'NONE', *, *, #1498, .F. ) ;
#1147 = CIRCLE ( 'NONE', #2086, 6.500000000000001776 ) ;
#1148 = CARTESIAN_POINT ( 'NONE',  ( 0.1165985474191608140, 5.646837903970203243, 0.06374430815945968110 ) ) ;
#1149 = CARTESIAN_POINT ( 'NONE',  ( 1.757735490858002958, 2.261860156790038712, 6.937602785158126117 ) ) ;
#1150 = CARTESIAN_POINT ( 'NONE',  ( -1.520279579551077287, 5.020279579551076843, 5.130468752167881341 ) ) ;
#1151 = CARTESIAN_POINT ( 'NONE',  ( 1.824073716244483112, 1.675926283755517554, 3.493359376083948309 ) ) ;
#1152 = CARTESIAN_POINT ( 'NONE',  ( -11.84914357413950725, -3.968144921374875622, 0.04336711393253802477 ) ) ;
#1153 = CARTESIAN_POINT ( 'NONE',  ( 1.097011486035332162, 1.646303223609989930, 2.122652238768354849 ) ) ;
#1154 = ORIENTED_EDGE ( 'NONE', *, *, #2753, .T. ) ;
#1155 = EDGE_CURVE ( 'NONE', #714, #5998, #4308, .T. ) ;
#1156 = CARTESIAN_POINT ( 'NONE',  ( -0.2792556101952460290, 5.632059378254355764, 3.261208218752177146 ) ) ;
#1157 = CARTESIAN_POINT ( 'NONE',  ( 2.117023186238878640, 3.875117160409806250, 0.6872828183570186544 ) ) ;
#1158 = LINE ( 'NONE', #3366, #6917 ) ;
#1159 = DIRECTION ( 'NONE',  ( 1.000000000000000000, -0.000000000000000000, -0.000000000000000000 ) ) ;
#1160 = CARTESIAN_POINT ( 'NONE',  ( 0.1258779024674861469, 5.646541296900126738, 1.650716952550575600 ) ) ;
#1161 = CARTESIAN_POINT ( 'NONE',  ( -2.149999999999999911, 4.390559159102155107, 3.592578127167881163 ) ) ;
#1162 = CARTESIAN_POINT ( 'NONE',  ( 0.03430401581059589616, 1.350199092562686554, 0.4691056105748457328 ) ) ;
#1163 = CARTESIAN_POINT ( 'NONE',  ( -2.579629788281249780, 4.568517644207729766, 3.939843751083941914 ) ) ;
#1164 = ORIENTED_EDGE ( 'NONE', *, *, #5444, .T. ) ;
#1165 = CARTESIAN_POINT ( 'NONE',  ( -1.824073716244489329, 1.675926283755509782, 7.164453126083940582 ) ) ;
#1166 = CARTESIAN_POINT ( 'NONE',  ( 1.961854023768113686, 2.619165833786226472, 7.755949456177392065 ) ) ;
#1167 = CIRCLE ( 'NONE', #5209, 1.650000000000002132 ) ;
#1168 = DIRECTION ( 'NONE',  ( 0.000000000000000000, 0.000000000000000000, 1.000000000000000000 ) ) ;
#1169 = CYLINDRICAL_SURFACE ( 'NONE', #6896, 0.5000000000000000000 ) ;
#1170 = CARTESIAN_POINT ( 'NONE',  ( 1.520279579551077509, 1.979720420448922935, 3.146093752167881785 ) ) ;
#1171 = CIRCLE ( 'NONE', #5669, 1.749999999999999778 ) ;
#1172 = EDGE_CURVE ( 'NONE', #5235, #1025, #6512, .T. ) ;
#1173 = CYLINDRICAL_SURFACE ( 'NONE', #2189, 6.500000000000000000 ) ;
#1174 = CARTESIAN_POINT ( 'NONE',  ( -1.304105248137103823, 5.209740243394777259, 6.502999974854660081 ) ) ;
#1175 = CARTESIAN_POINT ( 'NONE',  ( 2.149999999999849809, 3.499999435734401310, 3.840614664948878154 ) ) ;
#1176 = CARTESIAN_POINT ( 'NONE',  ( -1.824073716244489329, 1.675926283755509782, 2.501171876083942536 ) ) ;
#1177 = DIRECTION ( 'NONE',  ( 1.000000000000000000, 0.000000000000000000, 0.000000000000000000 ) ) ;
#1178 = CARTESIAN_POINT ( 'NONE',  ( -2.149999999999999911, 4.390559159102155995, 4.981640625000000711 ) ) ;
#1179 = ORIENTED_EDGE ( 'NONE', *, *, #2437, .F. ) ;
#1180 = ORIENTED_EDGE ( 'NONE', *, *, #1782, .T. ) ;
#1181 = CARTESIAN_POINT ( 'NONE',  ( 0.9278405262327171776, 1.560331384995347292, 1.317476052953860055 ) ) ;
#1182 = VERTEX_POINT ( 'NONE', #5391 ) ;
#1183 = AXIS2_PLACEMENT_3D ( 'NONE', #5069, #6699, #3311 ) ;
#1184 = CARTESIAN_POINT ( 'NONE',  ( 1.520279579551077065, 5.020279579551076843, 7.313281252167882052 ) ) ;
#1185 = CARTESIAN_POINT ( 'NONE',  ( 2.132838955659240643, 3.228872775754154212, 7.000134772480954837 ) ) ;
#1186 = CARTESIAN_POINT ( 'NONE',  ( 17.49999999999999645, -13.00000000000000000, 2.000000000000000000 ) ) ;
#1187 = CARTESIAN_POINT ( 'NONE',  ( 4.738703044805676257E-16, 0.9203702117187601006, 2.600390626083947776 ) ) ;
#1188 = DIRECTION ( 'NONE',  ( 0.000000000000000000, -0.000000000000000000, 1.000000000000000000 ) ) ;
#1189 = CARTESIAN_POINT ( 'NONE',  ( -0.1094256137994436967, 1.352769025635625955, 2.048475559306233151 ) ) ;
#1190 = AXIS2_PLACEMENT_3D ( 'NONE', #5367, #1643, #420 ) ;
#1191 = ORIENTED_EDGE ( 'NONE', *, *, #3747, .F. ) ;
#1192 = CARTESIAN_POINT ( 'NONE',  ( -2.149999941416442351, 3.557352364348449481, 3.440555132012117934 ) ) ;
#1193 = CARTESIAN_POINT ( 'NONE',  ( -3.499999999999998224, 14.54651426760056765, 0.5000000000000000000 ) ) ;
#1194 = DIRECTION ( 'NONE',  ( -0.000000000000000000, -0.000000000000000000, 1.000000000000000000 ) ) ;
#1195 = CARTESIAN_POINT ( 'NONE',  ( -5.408326913195983465, 0.000000000000000000, 6.000000000000000000 ) ) ;
#1196 = CARTESIAN_POINT ( 'NONE',  ( 2.149663962302216902, 3.538385863906522655, 7.811520991942749070 ) ) ;
#1197 = DIRECTION ( 'NONE',  ( -0.000000000000000000, 0.000000000000000000, 1.000000000000000000 ) ) ;
#1198 = CARTESIAN_POINT ( 'NONE',  ( 0.5611763591824421304, 1.424522644074485589, 0.5001678572016048374 ) ) ;
#1199 = CARTESIAN_POINT ( 'NONE',  ( -1.824073716244489995, 5.324073716244490662, 4.683984376083942358 ) ) ;
#1200 = VERTEX_POINT ( 'NONE', #4852 ) ;
#1201 = CARTESIAN_POINT ( 'NONE',  ( 1.824073716244490218, 1.675926283755510227, 5.775390626083940937 ) ) ;
#1202 = CARTESIAN_POINT ( 'NONE',  ( 1.873887770994449031, 4.563585514623134110, 6.287745772968415636 ) ) ;
#1203 = CARTESIAN_POINT ( 'NONE',  ( 1.240457985994799062, 1.743836493167996604, 7.689059971428010343 ) ) ;
#1204 = CARTESIAN_POINT ( 'NONE',  ( -12.00000000000000000, -4.033333333333333215, 0.02859547920896858900 ) ) ;
#1205 = CARTESIAN_POINT ( 'NONE',  ( 2.149999999999999911, 3.500000000000000444, 4.039062502167881874 ) ) ;
#1206 = CARTESIAN_POINT ( 'NONE',  ( 5.408326913195983465, 1.000000000000000000, 6.341421356237309404 ) ) ;
#1207 = CARTESIAN_POINT ( 'NONE',  ( -0.9395439385538283394, 5.437649314279140000, 6.477547099275964726 ) ) ;
#1208 = CARTESIAN_POINT ( 'NONE',  ( 2.148276528841186028, 3.587410434748482313, 3.845534578406947013 ) ) ;
#1209 = CARTESIAN_POINT ( 'NONE',  ( -2.579629788281249780, 4.568517644207729766, 3.146093751083941736 ) ) ;
#1210 = CARTESIAN_POINT ( 'NONE',  ( 9.999999999999998224, -8.150000000000000355, 0.000000000000000000 ) ) ;
#1211 = CARTESIAN_POINT ( 'NONE',  ( 1.520279579551077509, 1.979720420448922935, 4.535156250000000888 ) ) ;
#1212 = ORIENTED_EDGE ( 'NONE', *, *, #3939, .T. ) ;
#1213 = ORIENTED_EDGE ( 'NONE', *, *, #4114, .T. ) ;
#1214 = DIRECTION ( 'NONE',  ( -1.000000000000000000, 0.000000000000000000, 0.000000000000000000 ) ) ;
#1215 = ORIENTED_EDGE ( 'NONE', *, *, #6394, .F. ) ;
#1216 = CARTESIAN_POINT ( 'NONE',  ( 0.1197393334190429426, 5.646663115316302495, 0.06356525402122151225 ) ) ;
#1217 = CARTESIAN_POINT ( 'NONE',  ( 1.382099727366287611, 1.853087096240747300, 6.905807325613015912 ) ) ;
#1218 = ADVANCED_FACE ( 'NONE', ( #441 ), #5425, .T. ) ;
#1219 = ADVANCED_FACE ( 'NONE', ( #4206 ), #6942, .F. ) ;
#1220 = DIRECTION ( 'NONE',  ( -1.000000000000000000, 0.000000000000000000, 0.000000000000000000 ) ) ;
#1221 = CARTESIAN_POINT ( 'NONE',  ( 2.579629788281240010, 3.500000000000000444, 2.005078126083947865 ) ) ;
#1222 = CARTESIAN_POINT ( 'NONE',  ( -1.824073716244489995, 5.324073716244490662, 4.584765626083941115 ) ) ;
#1223 = CARTESIAN_POINT ( 'NONE',  ( 2.149999999999999911, 3.500000000000000444, 8.000000000000000000 ) ) ;
#1224 = CARTESIAN_POINT ( 'NONE',  ( 2.124260807854781330, 3.150677517933120342, 2.232798947669323741 ) ) ;
#1225 = CARTESIAN_POINT ( 'NONE',  ( -1.782925185019282432, 4.701539229091798333, 2.574597278318913940 ) ) ;
#1226 = CARTESIAN_POINT ( 'NONE',  ( -1.093896571880663027, 5.351359787140435920, 3.313147023324969354 ) ) ;
#1227 = CARTESIAN_POINT ( 'NONE',  ( 0.000000000000000000, 3.500000000000000000, 8.000000000000000000 ) ) ;
#1228 = DIRECTION ( 'NONE',  ( -1.000000000000000000, 0.000000000000000000, 0.000000000000000000 ) ) ;
#1229 = FACE_OUTER_BOUND ( 'NONE', #919, .T. ) ;
#1230 = CARTESIAN_POINT ( 'NONE',  ( -20.99999999999999645, -9.000000000000000000, 0.000000000000000000 ) ) ;
#1231 = CYLINDRICAL_SURFACE ( 'NONE', #1601, 1.749999999999999778 ) ;
#1232 = CARTESIAN_POINT ( 'NONE',  ( 0.8096700906651790319, 1.505905050321023397, 0.5157876297563107615 ) ) ;
#1233 = CARTESIAN_POINT ( 'NONE',  ( 1.068517644207729544, 6.079629788281250669, 2.947656251083942358 ) ) ;
#1234 = ORIENTED_EDGE ( 'NONE', *, *, #5542, .F. ) ;
#1235 = EDGE_CURVE ( 'NONE', #1943, #20, #3628, .T. ) ;
#1236 = CARTESIAN_POINT ( 'NONE',  ( -1.824073716244489329, 1.675926283755509782, 6.370703126083940404 ) ) ;
#1237 = CARTESIAN_POINT ( 'NONE',  ( -19.15000000000000213, -7.500000000000000000, 2.000000000000000000 ) ) ;
#1238 = DIRECTION ( 'NONE',  ( 0.000000000000000000, -0.7071067811865475727, 0.7071067811865475727 ) ) ;
#1239 = DIRECTION ( 'NONE',  ( 0.000000000000000000, 0.000000000000000000, -1.000000000000000000 ) ) ;
#1240 = CARTESIAN_POINT ( 'NONE',  ( -1.316495309083404618E-16, 5.650000000000000355, 1.856250002167881608 ) ) ;
#1241 = CARTESIAN_POINT ( 'NONE',  ( -1.520279579551076843, 1.979720420448922491, 6.122656252167881341 ) ) ;
#1242 = AXIS2_PLACEMENT_3D ( 'NONE', #483, #7097, #4516 ) ;
#1243 = EDGE_CURVE ( 'NONE', #1674, #1613, #5033, .T. ) ;
#1244 = CARTESIAN_POINT ( 'NONE',  ( -1.824073716244489995, 5.324073716244490662, 3.791015626083940937 ) ) ;
#1245 = CARTESIAN_POINT ( 'NONE',  ( -1.910172008463578708, 4.486823046542316895, 6.558244371754897273 ) ) ;
#1246 = AXIS2_PLACEMENT_3D ( 'NONE', #5037, #2980, #6668 ) ;
#1247 = CARTESIAN_POINT ( 'NONE',  ( -11.00000000000000178, 9.507820771309093644, 2.000000000000000000 ) ) ;
#1248 = EDGE_CURVE ( 'NONE', #1970, #2064, #7015, .T. ) ;
#1249 = CARTESIAN_POINT ( 'NONE',  ( -2.579629788281250224, 3.500000000000000000, 2.401953126083942180 ) ) ;
#1250 = CARTESIAN_POINT ( 'NONE',  ( 2.150000007919484091, 3.332354955150489406, 3.037131490439114234 ) ) ;
#1251 = CARTESIAN_POINT ( 'NONE',  ( 3.949485927250213853E-16, 1.350000000000000089, 5.229687500000001599 ) ) ;
#1252 = ORIENTED_EDGE ( 'NONE', *, *, #5156, .T. ) ;
#1253 = CARTESIAN_POINT ( 'NONE',  ( -1.552712300145792090, 2.012796856243272092, 1.159134143443007137 ) ) ;
#1254 = ORIENTED_EDGE ( 'NONE', *, *, #502, .F. ) ;
#1255 = CARTESIAN_POINT ( 'NONE',  ( -1.656476683881704437, 4.871846340407060438, 0.1808980399107220638 ) ) ;
#1256 = DIRECTION ( 'NONE',  ( 0.000000000000000000, 0.000000000000000000, 1.000000000000000000 ) ) ;
#1257 = CYLINDRICAL_SURFACE ( 'NONE', #3725, 6.500000000000000000 ) ;
#1258 = CARTESIAN_POINT ( 'NONE',  ( 4.738703044805676257E-16, 0.9203702117187601006, 3.394140626083947954 ) ) ;
#1259 = CARTESIAN_POINT ( 'NONE',  ( -1.824073716244489329, 1.675926283755509782, 3.195703126083940582 ) ) ;
#1260 = CARTESIAN_POINT ( 'NONE',  ( -1.920826643096039010, 2.533768794705309801, 3.502862641472372474 ) ) ;
#1261 = CARTESIAN_POINT ( 'NONE',  ( 1.313741346676106980, 1.793040828453764224, 2.138059702193457312 ) ) ;
#1262 = CARTESIAN_POINT ( 'NONE',  ( -1.778072933394397648, 4.708708144240287830, 2.574085964140213179 ) ) ;
#1263 = AXIS2_PLACEMENT_3D ( 'NONE', #4686, #1945, #5802 ) ;
#1264 = EDGE_CURVE ( 'NONE', #1859, #2571, #2355, .T. ) ;
#1265 = ADVANCED_FACE ( 'NONE', ( #1055 ), #7052, .T. ) ;
#1266 = CARTESIAN_POINT ( 'NONE',  ( -1.736137853738807246, 4.770344188613375280, 3.363445184093628804 ) ) ;
#1267 = DIRECTION ( 'NONE',  ( 1.387778780781445676E-16, -1.000000000000000000, -0.000000000000000000 ) ) ;
#1268 = CARTESIAN_POINT ( 'NONE',  ( -1.977499139418841700, 1.829351706929861709, 0.01062930147384643850 ) ) ;
#1269 = CARTESIAN_POINT ( 'NONE',  ( 2.084448159081939256, 2.971051649706122788, 4.603403579342883134 ) ) ;
#1270 = CARTESIAN_POINT ( 'NONE',  ( 1.068517644207729544, 6.079629788281250669, 8.503906251083941825 ) ) ;
#1271 = DIRECTION ( 'NONE',  ( -1.000000000000000000, 0.000000000000000000, 0.000000000000000000 ) ) ;
#1272 = CARTESIAN_POINT ( 'NONE',  ( -1.520279579551077287, 5.020279579551076843, 2.749218752167881252 ) ) ;
#1273 = CARTESIAN_POINT ( 'NONE',  ( -1.961550830050468264, 2.619734133931882258, 0.3221343902124979564 ) ) ;
#1274 = CARTESIAN_POINT ( 'NONE',  ( 1.824073716244490218, 1.675926283755510227, 5.874609376083942180 ) ) ;
#1275 = VERTEX_POINT ( 'NONE', #4816 ) ;
#1276 = CARTESIAN_POINT ( 'NONE',  ( -1.068517644207729766, 6.079629788281250669, 8.503906251083940049 ) ) ;
#1277 = CARTESIAN_POINT ( 'NONE',  ( 1.546407565891111613, 4.994181065309104106, 6.319098197120903926 ) ) ;
#1278 = CARTESIAN_POINT ( 'NONE',  ( -2.149999999999966160, 3.499999617144290642, 5.825000159272341271 ) ) ;
#1279 = CARTESIAN_POINT ( 'NONE',  ( 2.149999999999999911, 4.390559159102155107, 5.676171877167880631 ) ) ;
#1280 = CARTESIAN_POINT ( 'NONE',  ( -0.8905591591021546627, 5.650000000000000355, 1.905859377167881341 ) ) ;
#1281 = CARTESIAN_POINT ( 'NONE',  ( -0.8905591591021551068, 1.350000000000000533, 5.378515627167882229 ) ) ;
#1282 = VERTEX_POINT ( 'NONE', #6441 ) ;
#1283 = VECTOR ( 'NONE', #2560, 1000.000000000000000 ) ;
#1284 = CARTESIAN_POINT ( 'NONE',  ( -1.579567681601898742E-16, 6.079629788281250669, 3.691796876083940582 ) ) ;
#1285 = CARTESIAN_POINT ( 'NONE',  ( -1.163124940739661772, 5.309923497831544381, 6.492973911536794596 ) ) ;
#1286 = CARTESIAN_POINT ( 'NONE',  ( 0.4764489600213513976, 1.402296753400379181, 6.051199416779888374 ) ) ;
#1287 = CARTESIAN_POINT ( 'NONE',  ( 1.068517644207729544, 6.079629788281250669, 4.535156251083942713 ) ) ;
#1288 = CARTESIAN_POINT ( 'NONE',  ( 2.008541065056189456, 2.732500142838825585, 3.000854607575122124 ) ) ;
#1289 = CARTESIAN_POINT ( 'NONE',  ( -2.149999999999999467, 2.609440840897844893, 0.3183593750000022760 ) ) ;
#1290 = ADVANCED_FACE ( 'NONE', ( #986 ), #4649, .T. ) ;
#1291 = ORIENTED_EDGE ( 'NONE', *, *, #6828, .T. ) ;
#1292 = AXIS2_PLACEMENT_3D ( 'NONE', #3850, #1616, #5407 ) ;
#1293 = CARTESIAN_POINT ( 'NONE',  ( -1.146652786615035113, 1.681144336976732268, 1.189507276669550251 ) ) ;
#1294 = ORIENTED_EDGE ( 'NONE', *, *, #5995, .T. ) ;
#1295 = CARTESIAN_POINT ( 'NONE',  ( -1.955373575468353442, 4.398858461909590289, 4.976897510785208034 ) ) ;
#1296 = CARTESIAN_POINT ( 'NONE',  ( -1.907268569193630192, 2.505855137275549538, 6.679761351175639739 ) ) ;
#1297 = AXIS2_PLACEMENT_3D ( 'NONE', #3486, #5687, #744 ) ;
#1298 = CARTESIAN_POINT ( 'NONE',  ( -1.068517644207725548, 6.079629788281240010, 1.459375001083947465 ) ) ;
#1299 = CARTESIAN_POINT ( 'NONE',  ( -2.579629788281250224, 3.500000000000000000, 3.096484376083941115 ) ) ;
#1300 = CARTESIAN_POINT ( 'NONE',  ( 1.161336411739086527, 1.690630622523823456, 3.714740541610406233 ) ) ;
#1301 = CARTESIAN_POINT ( 'NONE',  ( 1.975472845408349443, 2.644130686570254074, 2.201351789639907519 ) ) ;
#1302 = CARTESIAN_POINT ( 'NONE',  ( -0.8164344567136724296, 5.488986859004003627, 2.500757889704947168 ) ) ;
#1303 = AXIS2_PLACEMENT_3D ( 'NONE', #2333, #4524, #3994 ) ;
#1304 = CARTESIAN_POINT ( 'NONE',  ( 1.941809272921121821, 4.431208496356866533, 3.103558303898409587 ) ) ;
#1305 = DIRECTION ( 'NONE',  ( -1.000000000000000000, 0.000000000000000000, 0.000000000000000000 ) ) ;
#1306 = DIRECTION ( 'NONE',  ( -1.000000000000000000, 0.000000000000000000, 0.000000000000000000 ) ) ;
#1307 = CARTESIAN_POINT ( 'NONE',  ( -2.039614839994233986, 2.818545741448676534, 4.278008383173008689 ) ) ;
#1308 = CARTESIAN_POINT ( 'NONE',  ( -2.579629788281249780, 4.568517644207729766, 7.908593751083941470 ) ) ;
#1309 = CARTESIAN_POINT ( 'NONE',  ( 21.50000000000000000, -3.700000000000000178, 2.000000000000000000 ) ) ;
#1310 = CIRCLE ( 'NONE', #3501, 0.1999999999999996503 ) ;
#1311 = DIRECTION ( 'NONE',  ( 0.000000000000000000, 0.000000000000000000, -1.000000000000000000 ) ) ;
#1312 = CARTESIAN_POINT ( 'NONE',  ( 2.579629788281250669, 2.431482355792271122, 5.130468751083942180 ) ) ;
#1313 = ADVANCED_FACE ( 'NONE', ( #3735 ), #600, .F. ) ;
#1314 = VERTEX_POINT ( 'NONE', #6405 ) ;
#1315 = CIRCLE ( 'NONE', #5694, 1.000000000000000000 ) ;
#1316 = CARTESIAN_POINT ( 'NONE',  ( 2.579629788281249780, 4.568517644207729766, 8.305468751083939338 ) ) ;
#1317 = DIRECTION ( 'NONE',  ( 0.000000000000000000, 0.000000000000000000, -1.000000000000000000 ) ) ;
#1318 = EDGE_CURVE ( 'NONE', #20, #5526, #495, .T. ) ;
#1319 = CARTESIAN_POINT ( 'NONE',  ( -0.3011276732646236964, 1.371189522224152579, 7.593686403429661169 ) ) ;
#1320 = CARTESIAN_POINT ( 'NONE',  ( 12.00000000035819703, -3.699999999641404802, 0.5556420094981706637 ) ) ;
#1321 = CARTESIAN_POINT ( 'NONE',  ( 17.49999999999999645, -9.000000000000000000, 2.000000000000000000 ) ) ;
#1322 = CARTESIAN_POINT ( 'NONE',  ( -1.520279579551076843, 1.979720420448922491, 0.5664062521678823181 ) ) ;
#1323 = CARTESIAN_POINT ( 'NONE',  ( -1.579567681601898742E-16, 6.079629788281250669, 6.073046876083940226 ) ) ;
#1324 = CARTESIAN_POINT ( 'NONE',  ( -2.149999999963787545, 3.500012478491843382, 6.618749304871252015 ) ) ;
#1325 = CARTESIAN_POINT ( 'NONE',  ( -0.1473675154084307104, 1.353923268448055994, 6.014690706272062926 ) ) ;
#1326 = CARTESIAN_POINT ( 'NONE',  ( 1.068517644207731321, 0.9203702117187504417, -0.5249999989160574199 ) ) ;
#1327 = CARTESIAN_POINT ( 'NONE',  ( 0.000000000000000000, 3.500000000000000000, 8.000000000000000000 ) ) ;
#1328 = CARTESIAN_POINT ( 'NONE',  ( 2.149999999999999911, 3.500000000000000444, 2.253125000000001599 ) ) ;
#1329 = CARTESIAN_POINT ( 'NONE',  ( -1.584742421602314710, 2.047021806274154976, 1.156482208624650454 ) ) ;
#1330 = ORIENTED_EDGE ( 'NONE', *, *, #2649, .F. ) ;
#1331 = CARTESIAN_POINT ( 'NONE',  ( -2.149999999999999911, 4.390559159102155107, 6.767578127167880986 ) ) ;
#1332 = CARTESIAN_POINT ( 'NONE',  ( 1.023468746378496386, 1.609071775257949977, 6.880179411732974870 ) ) ;
#1333 = FACE_BOUND ( 'NONE', #5361, .T. ) ;
#1334 = CARTESIAN_POINT ( 'NONE',  ( -1.579567681601898742E-16, 6.079629788281250669, 2.898046876083941292 ) ) ;
#1335 = CARTESIAN_POINT ( 'NONE',  ( -1.275266692849453820, 1.769026237152419467, 3.561479002466861665 ) ) ;
#1336 = CARTESIAN_POINT ( 'NONE',  ( -1.809383821439248807, 2.335743399155995714, 1.928986625740412908 ) ) ;
#1337 = CARTESIAN_POINT ( 'NONE',  ( -1.358365856603228394, 5.166541608852647016, 2.538386151819985503 ) ) ;
#1338 = PRODUCT_DEFINITION_SHAPE ( 'NONE', 'NONE',  #6506 ) ;
#1339 = CARTESIAN_POINT ( 'NONE',  ( 1.605322039062373918, 4.930190395215861443, 3.139112971724987045 ) ) ;
#1340 = DIRECTION ( 'NONE',  ( 0.6953208427626524912, 0.1285648693066447079, -0.7071067811865475727 ) ) ;
#1341 = DIRECTION ( 'NONE',  ( -1.000000000000000000, 0.000000000000000000, 0.000000000000000000 ) ) ;
#1342 = CARTESIAN_POINT ( 'NONE',  ( -2.149940241740081248, 3.483439927986198725, 4.238423887555737402 ) ) ;
#1343 = B_SPLINE_CURVE_WITH_KNOTS ( 'NONE', 3,
 ( #4151, #866, #2988, #4085, #321, #3574, #5193, #6277, #2527, #5765, #1907, #5231, #3651, #6888, #1403, #1982, #4048, #1295, #6854, #825, #3611, #4115, #4189, #4652, #211, #756, #1366, #902, #6241, #5125, #170, #2385, #6786, #5700, #2954, #5378, #5882, #3819, #395, #6462, #4332, #2699, #2160, #3102, #7002, #4762, #5992, #3211, #4261, #2600, #6023, #6496, #6968, #1007, #4802, #1041, #4226, #2130, #3245, #4904, #1585, #2059, #461, #5412, #4873, #2667, #935, #5304, #2565, #2024, #428, #359, #6428, #7074, #5924, #1514, #1479, #3721, #974, #5445, #6532, #4295, #3785, #2632, #3687, #7106, #3177, #4839, #7039, #4362, #496, #3140, #2095, #5342, #6561, #1619, #1553, #3755, #5957, #531, #1137, #3346, #6122, #5543, #14, #6088, #632, #2228, #4426, #1792 ),
 .UNSPECIFIED., .F., .F.,
 ( 4, 2, 1, 1, 2, 2, 2, 2, 1, 2, 2, 2, 2, 2, 2, 2, 1, 2, 2, 2, 2, 2, 2, 2, 1, 2, 2, 1, 2, 2, 2, 2, 2, 1, 1, 2, 2, 2, 2, 1, 2, 2, 2, 1, 1, 1, 2, 2, 2, 2, 2, 2, 2, 2, 1, 1, 2, 2, 2, 2, 2, 4 ),
 ( 0.3710861172371217043, 0.3712796909854851335, 0.3714732647338486182, 0.3718604122305754767, 0.3726347072240293046, 0.3741832972109368494, 0.3749575922043906218, 0.3751511659527541065, 0.3753447397011175357, 0.3757318871978444497, 0.3772804771847520500, 0.3803776571585672506, 0.3819262471454748509, 0.3827005421389286233, 0.3827973290131103656, 0.3828941158872921635, 0.3830876896356557038, 0.3834748371323827287, 0.3896691970800154059, 0.3904434920734695114, 0.3912177870669235613, 0.3927663770538317722, 0.3958635570276480831, 0.3974121470145562940, 0.3981864420080103439, 0.3983800157563738842, 0.3984768026305556265, 0.3985735895047374244, 0.3989607370014644494, 0.4005093269883727158, 0.4020579169752809823, 0.4022514907236445225, 0.4023482775978263204, 0.4024450644720080628, 0.4028322119687351432, 0.4036065069621893597, 0.4051550969490976817, 0.4059293919425518982, 0.4063165394392789787, 0.4067036869360060591, 0.4082522769229144366, 0.4113494568967311360, 0.4113978503338220349, 0.4114462437709129339, 0.4115430306450946762, 0.4117366043934582165, 0.4121237518901852415, 0.4128980468836393469, 0.4136723418770933969, 0.4140594893738204219, 0.4144466368705475023, 0.4159952268574556022, 0.4163823743541826272, 0.4164791612283643696, 0.4165759481025461120, 0.4167695218509095412, 0.4175438168443633136, 0.4190924068312708584, 0.4198667018247246308, 0.4202538493214515447, 0.4204474230698149739, 0.4206409968181784031 ),
 .UNSPECIFIED. ) ;
#1344 = LINE ( 'NONE', #5139, #1085 ) ;
#1345 = CARTESIAN_POINT ( 'NONE',  ( 6.900196474955064829, 1.275846779550068977, 6.200000000000000178 ) ) ;
#1346 = LINE ( 'NONE', #5744, #4995 ) ;
#1347 = CARTESIAN_POINT ( 'NONE',  ( -1.579567681601898742E-16, 6.079629788281250669, 2.203515626083942358 ) ) ;
#1348 = VERTEX_POINT ( 'NONE', #6273 ) ;
#1349 = CARTESIAN_POINT ( 'NONE',  ( 2.149999999996270006, 3.500002797559089274, 0.6656767581768167075 ) ) ;
#1350 = CARTESIAN_POINT ( 'NONE',  ( 0.7270479902060045241, 5.523351020325312000, 6.376889227213038858 ) ) ;
#1351 = CARTESIAN_POINT ( 'NONE',  ( -0.2574307517702316139, 1.365375712143628517, 7.596164632680943996 ) ) ;
#1352 = CARTESIAN_POINT ( 'NONE',  ( 11.92967439954871622, -4.056775200150428695, 0.02095234401152746076 ) ) ;
#1353 = CARTESIAN_POINT ( 'NONE',  ( -1.792828797308553934, 4.693729853696464005, 7.338012790362300031 ) ) ;
#1354 = CARTESIAN_POINT ( 'NONE',  ( 2.150000000000000355, 2.609440840897845781, 2.401953127167880897 ) ) ;
#1355 = EDGE_LOOP ( 'NONE', ( #3390, #1799, #6353, #2525 ) ) ;
#1356 = CARTESIAN_POINT ( 'NONE',  ( -1.068517644207729766, 6.079629788281250669, 6.122656251083942180 ) ) ;
#1357 = CARTESIAN_POINT ( 'NONE',  ( -2.579629788281249336, 2.431482355792268013, 3.146093751083940848 ) ) ;
#1358 = CARTESIAN_POINT ( 'NONE',  ( -1.357539259401752574, 1.832777088360424855, 5.936674886610974866 ) ) ;
#1359 = CARTESIAN_POINT ( 'NONE',  ( 2.579629788281249780, 4.568517644207729766, -1.120312498916057553 ) ) ;
#1360 = CARTESIAN_POINT ( 'NONE',  ( -1.824073716244489995, 5.324073716244490662, 1.409765626083941070 ) ) ;
#1361 = CARTESIAN_POINT ( 'NONE',  ( -2.149999999999999911, 3.500000000000000000, 1.062500000000000888 ) ) ;
#1362 = ADVANCED_FACE ( 'NONE', ( #164 ), #5120, .T. ) ;
#1363 = CYLINDRICAL_SURFACE ( 'NONE', #6267, 1.000000000000000000 ) ;
#1364 = ORIENTED_EDGE ( 'NONE', *, *, #7126, .T. ) ;
#1365 = AXIS2_PLACEMENT_3D ( 'NONE', #2502, #4128, #6867 ) ;
#1366 = CARTESIAN_POINT ( 'NONE',  ( -1.582436450469840716, 4.955470917196549863, 4.937075654979634187 ) ) ;
#1367 = CARTESIAN_POINT ( 'NONE',  ( 0.9658810600254632561, 1.579128522906497301, 6.876279686732141627 ) ) ;
#1368 = CARTESIAN_POINT ( 'NONE',  ( 1.068517644207727102, 0.9203702117187605447, 0.2687500010839477538 ) ) ;
#1369 = CARTESIAN_POINT ( 'NONE',  ( -1.824073716244489995, 5.324073716244490662, 5.378515626083940404 ) ) ;
#1370 = ORIENTED_EDGE ( 'NONE', *, *, #2880, .T. ) ;
#1371 = CARTESIAN_POINT ( 'NONE',  ( -1.613710069174960404, 2.079175931061354010, 3.535176796419126966 ) ) ;
#1372 = CARTESIAN_POINT ( 'NONE',  ( -2.149352337601214469, 3.442893671535762312, 1.859446413269793208 ) ) ;
#1373 = CARTESIAN_POINT ( 'NONE',  ( 2.149999999999849809, 3.499999435734401310, 3.840614664948878154 ) ) ;
#1374 = CARTESIAN_POINT ( 'NONE',  ( 1.928374123111989524, 2.546620266302329849, 5.369983954862481923 ) ) ;
#1375 = CARTESIAN_POINT ( 'NONE',  ( -1.694465052321947329, 1.547693126121554963, 8.000000000000012434 ) ) ;
#1376 = DIRECTION ( 'NONE',  ( 1.000000000000000000, 0.000000000000000000, 0.000000000000000000 ) ) ;
#1377 = CARTESIAN_POINT ( 'NONE',  ( -1.786542322062896204, 2.303799061014797811, 4.312550590530404016 ) ) ;
#1378 = LINE ( 'NONE', #1957, #855 ) ;
#1379 = CARTESIAN_POINT ( 'NONE',  ( 0.000000000000000000, -0.6585786437626914847, 6.341421356237309404 ) ) ;
#1380 = CARTESIAN_POINT ( 'NONE',  ( -2.149823722672397075, 3.528448477998597621, 5.823410821006869575 ) ) ;
#1381 = CARTESIAN_POINT ( 'NONE',  ( 1.068517644207731321, 0.9203702117187504417, 1.856250001083942447 ) ) ;
#1382 = AXIS2_PLACEMENT_3D ( 'NONE', #4772, #3623, #294 ) ;
#1383 = ADVANCED_FACE ( 'NONE', ( #4496 ), #6381, .T. ) ;
#1384 = ORIENTED_EDGE ( 'NONE', *, *, #5611, .T. ) ;
#1385 = CARTESIAN_POINT ( 'NONE',  ( 0.000000000000000000, 13.50000000000000000, 2.000000000000000000 ) ) ;
#1386 = CARTESIAN_POINT ( 'NONE',  ( -1.936846326258383710, 4.433730043730368386, 1.005555138315509245 ) ) ;
#1387 = TOROIDAL_SURFACE ( 'NONE', #6110, 0.5000000000000000000, 0.5000000000000000000 ) ;
#1388 = CARTESIAN_POINT ( 'NONE',  ( -1.282634227337263289, 1.774478618203775060, 7.529692785238446540 ) ) ;
#1389 = CARTESIAN_POINT ( 'NONE',  ( 12.00000000000000000, -2.700000000000000622, 0.5000000000000000000 ) ) ;
#1390 = DIRECTION ( 'NONE',  ( -1.000000000000000000, 0.000000000000000000, 0.000000000000000000 ) ) ;
#1391 = CARTESIAN_POINT ( 'NONE',  ( 1.520279579551077509, 1.979720420448922935, -0.02890624783211809268 ) ) ;
#1392 = EDGE_LOOP ( 'NONE', ( #5569, #4761, #5331, #5504 ) ) ;
#1393 = CARTESIAN_POINT ( 'NONE',  ( 2.579629788281250224, 3.500000000000000444, 5.080859376083940226 ) ) ;
#1394 = CARTESIAN_POINT ( 'NONE',  ( 1.068517644207731321, 0.9203702117187504417, 4.932031251083938805 ) ) ;
#1395 = CARTESIAN_POINT ( 'NONE',  ( -0.9218143392155712101, 1.557611033006706780, 5.967296687885276896 ) ) ;
#1396 = DIRECTION ( 'NONE',  ( 0.000000000000000000, 0.000000000000000000, -1.000000000000000000 ) ) ;
#1397 = CARTESIAN_POINT ( 'NONE',  ( -2.579629788281250224, 3.500000000000000000, 0.02070312608394228593 ) ) ;
#1398 = CARTESIAN_POINT ( 'NONE',  ( -1.068517644207730211, 0.9203702117187504417, 0.07031250108394114517 ) ) ;
#1399 = CARTESIAN_POINT ( 'NONE',  ( -2.149999999999999911, 4.390559159102155995, 1.806640625000001332 ) ) ;
#1400 = ADVANCED_FACE ( 'NONE', ( #4537 ), #2379, .F. ) ;
#1401 = LINE ( 'NONE', #2598, #5798 ) ;
#1402 = ORIENTED_EDGE ( 'NONE', *, *, #5108, .F. ) ;
#1403 = CARTESIAN_POINT ( 'NONE',  ( -2.059061269979118425, 4.120024523141210260, 4.994629042706929312 ) ) ;
#1404 = CARTESIAN_POINT ( 'NONE',  ( -2.144980722095489067, 3.351367582560587088, 6.627205952416971080 ) ) ;
#1405 = TOROIDAL_SURFACE ( 'NONE', #128, 0.5000000000000000000, 0.5000000000000000000 ) ;
#1406 = CARTESIAN_POINT ( 'NONE',  ( 1.824073716244482668, 5.324073716244483556, 1.310546876083947376 ) ) ;
#1407 = ORIENTED_EDGE ( 'NONE', *, *, #2462, .T. ) ;
#1408 = EDGE_LOOP ( 'NONE', ( #2882, #4878, #3053, #3760 ) ) ;
#1409 = CARTESIAN_POINT ( 'NONE',  ( -0.3014681106350128315, 1.371209846356239437, 3.624946213793843075 ) ) ;
#1410 = CARTESIAN_POINT ( 'NONE',  ( -1.964686166312862525, 2.626335927390268221, 1.909193714444371803 ) ) ;
#1411 = CARTESIAN_POINT ( 'NONE',  ( 0.2528021019616504272, 5.635107578482387858, 2.437172161158915440 ) ) ;
#1412 = DIRECTION ( 'NONE',  ( 0.000000000000000000, 0.000000000000000000, -1.000000000000000000 ) ) ;
#1413 = FACE_OUTER_BOUND ( 'NONE', #2435, .T. ) ;
#1414 = CARTESIAN_POINT ( 'NONE',  ( -3.149999999999998579, 16.26240592994945189, 0.5000000000000000000 ) ) ;
#1415 = CARTESIAN_POINT ( 'NONE',  ( -1.912284253821567637, 2.511201193897241168, 4.298042645080520252 ) ) ;
#1416 = PLANE ( 'NONE',  #3964 ) ;
#1417 = CARTESIAN_POINT ( 'NONE',  ( -2.149999999963787545, 3.500012478491843382, 6.618749304871252015 ) ) ;
#1418 = CARTESIAN_POINT ( 'NONE',  ( -2.579629788281249780, 4.568517644207729766, 0.7648437510839427578 ) ) ;
#1419 = AXIS2_PLACEMENT_3D ( 'NONE', #5499, #1, #552 ) ;
#1420 = VERTEX_POINT ( 'NONE', #3535 ) ;
#1421 = CARTESIAN_POINT ( 'NONE',  ( -0.5432454473165406750, 1.419590731733721301, 2.816568931708668178 ) ) ;
#1422 = CARTESIAN_POINT ( 'NONE',  ( 2.149999999999999911, 4.390559159102155107, 0.9136718771678813411 ) ) ;
#1423 = AXIS2_PLACEMENT_3D ( 'NONE', #4879, #505, #6538 ) ;
#1424 = CARTESIAN_POINT ( 'NONE',  ( -0.2359825757827109793, 1.362920110210330993, 7.597380043169881247 ) ) ;
#1425 = CARTESIAN_POINT ( 'NONE',  ( 1.122086641554239206, 5.333983238470067612, 7.938079959876272795 ) ) ;
#1426 = CARTESIAN_POINT ( 'NONE',  ( -1.404167740925104990, 5.128702476080888140, 7.304205891807113105 ) ) ;
#1427 = CARTESIAN_POINT ( 'NONE',  ( 0.8905591591021542186, 5.650000000000000355, 1.012890627167881696 ) ) ;
#1428 = ORIENTED_EDGE ( 'NONE', *, *, #7037, .F. ) ;
#1429 = ORIENTED_EDGE ( 'NONE', *, *, #5959, .F. ) ;
#1430 = AXIS2_PLACEMENT_3D ( 'NONE', #3155, #2613, #5356 ) ;
#1431 = CARTESIAN_POINT ( 'NONE',  ( 2.579629788281250669, 2.431482355792271122, 1.856250001083940449 ) ) ;
#1432 = CARTESIAN_POINT ( 'NONE',  ( 1.068517644207731321, 0.9203702117187504417, 3.344531251083941115 ) ) ;
#1433 = CARTESIAN_POINT ( 'NONE',  ( 1.538681142098059729, 1.998338300263255318, 6.124117236055404589 ) ) ;
#1434 = DIRECTION ( 'NONE',  ( -1.000000000000000000, 0.000000000000000000, 0.000000000000000000 ) ) ;
#1435 = CARTESIAN_POINT ( 'NONE',  ( 2.579629788281249780, 4.568517644207729766, 0.4671875010839425801 ) ) ;
#1436 = CARTESIAN_POINT ( 'NONE',  ( -1.579567681601898742E-16, 6.079629788281250669, -0.2769531239160596403 ) ) ;
#1437 = CARTESIAN_POINT ( 'NONE',  ( 0.8905591591021556619, 1.350000000000000533, 1.310546875000001332 ) ) ;
#1438 = CARTESIAN_POINT ( 'NONE',  ( -17.49999999999999645, -9.000000000000000000, 2.000000000000000000 ) ) ;
#1439 = ORIENTED_EDGE ( 'NONE', *, *, #6053, .T. ) ;
#1440 = CARTESIAN_POINT ( 'NONE',  ( -17.49999999999999645, -13.00000000000000000, 0.5000000000000000000 ) ) ;
#1441 = CARTESIAN_POINT ( 'NONE',  ( -0.9835462545999297257, 1.587936561628428889, 6.756877872140623964 ) ) ;
#1442 = AXIS2_PLACEMENT_3D ( 'NONE', #6215, #6179, #4512 ) ;
#1443 = CARTESIAN_POINT ( 'NONE',  ( 0.7871115251928449963, 5.504062598843812992, 1.610686162080225303 ) ) ;
#1444 = DIRECTION ( 'NONE',  ( 0.000000000000000000, -0.000000000000000000, -1.000000000000000000 ) ) ;
#1445 = ORIENTED_EDGE ( 'NONE', *, *, #5604, .F. ) ;
#1446 = ORIENTED_EDGE ( 'NONE', *, *, #6965, .F. ) ;
#1447 = LINE ( 'NONE', #5311, #6145 ) ;
#1448 = CARTESIAN_POINT ( 'NONE',  ( -0.3941803007459045438, 1.386441848238837871, 2.031888285409067407 ) ) ;
#1449 = CARTESIAN_POINT ( 'NONE',  ( 0.2331134928539801698, 5.637325701707042391, 2.438291180441668704 ) ) ;
#1450 = CARTESIAN_POINT ( 'NONE',  ( 2.144812496569059146, 3.649363030987532230, 3.055315215712208321 ) ) ;
#1452 = EDGE_CURVE ( 'NONE', #6637, #5963, #4160, .T. ) ;
#1451 = CARTESIAN_POINT ( 'NONE',  ( 0.2053007138800614362, 1.038095880888559641, 8.000000000000000000 ) ) ;
#1453 = CARTESIAN_POINT ( 'NONE',  ( -0.000000000000000000, -3.700000000000000178, 2.000000000000000000 ) ) ;
#1454 = CARTESIAN_POINT ( 'NONE',  ( -1.713682307000696126, 2.200793254886503014, 4.319647475501838585 ) ) ;
#1455 = DIRECTION ( 'NONE',  ( -0.000000000000000000, 0.000000000000000000, 1.000000000000000000 ) ) ;
#1456 = CARTESIAN_POINT ( 'NONE',  ( 1.520279579551077509, 1.979720420448922935, 4.733593752167881696 ) ) ;
#1457 = CARTESIAN_POINT ( 'NONE',  ( -2.055455100557629144, 4.130645590708621917, 5.787687848890947784 ) ) ;
#1458 = CARTESIAN_POINT ( 'NONE',  ( -2.579629788281250224, 3.500000000000000000, 0.02070312608394228593 ) ) ;
#1459 = ORIENTED_EDGE ( 'NONE', *, *, #3261, .T. ) ;
#1460 = CARTESIAN_POINT ( 'NONE',  ( -2.149999979572460251, 3.406299391250261710, 2.655219705717490886 ) ) ;
#1461 = CARTESIAN_POINT ( 'NONE',  ( -1.316495309083404618E-16, 5.650000000000000355, 1.062500002167881430 ) ) ;
#1462 = CARTESIAN_POINT ( 'NONE',  ( 0.2122078276826792620, 1.360480802674522094, 7.623000148980230151 ) ) ;
#1463 = DIRECTION ( 'NONE',  ( 0.000000000000000000, 0.000000000000000000, -1.000000000000000000 ) ) ;
#1464 = CARTESIAN_POINT ( 'NONE',  ( -10.00000000000000000, -8.150000000000000355, 0.000000000000000000 ) ) ;
#1465 = CARTESIAN_POINT ( 'NONE',  ( 2.149999999999999911, 4.390559159102155995, 1.707421877167881297 ) ) ;
#1466 = EDGE_CURVE ( 'NONE', #2571, #3968, #6524, .T. ) ;
#1467 = VERTEX_POINT ( 'NONE', #5079 ) ;
#1468 = VERTEX_POINT ( 'NONE', #5726 ) ;
#1469 = EDGE_CURVE ( 'NONE', #5848, #1467, #5893, .T. ) ;
#1470 = CARTESIAN_POINT ( 'NONE',  ( -1.579567681601898742E-16, 6.079629788281250669, 1.310546876083940715 ) ) ;
#1471 = CARTESIAN_POINT ( 'NONE',  ( 2.579629788281250669, 2.431482355792271122, 3.443750001083941026 ) ) ;
#1472 = DIRECTION ( 'NONE',  ( 0.000000000000000000, -1.000000000000000000, 0.000000000000000000 ) ) ;
#1473 = CARTESIAN_POINT ( 'NONE',  ( -12.87346834366737625, -3.742177218777529291, 0.2920481369179800391 ) ) ;
#1474 = CARTESIAN_POINT ( 'NONE',  ( 4.738703044805694992E-16, 0.9203702117187499976, 1.707421876083940360 ) ) ;
#1475 = CARTESIAN_POINT ( 'NONE',  ( 2.579629788281249780, 4.568517644207729766, 7.610937501083941292 ) ) ;
#1476 = EDGE_CURVE ( 'NONE', #6675, #5715, #4837, .T. ) ;
#1477 = CARTESIAN_POINT ( 'NONE',  ( -2.579629788281250224, 3.500000000000000000, 7.065234376083940226 ) ) ;
#1478 = VERTEX_POINT ( 'NONE', #3672 ) ;
#1479 = CARTESIAN_POINT ( 'NONE',  ( 1.783000411811331620, 4.701419946964362495, 4.709774399132211187 ) ) ;
#1480 = EDGE_CURVE ( 'NONE', #5235, #1943, #1499, .T. ) ;
#1481 = CARTESIAN_POINT ( 'NONE',  ( -0.8346357115695962614, 5.481419511933373734, 4.089446388719652603 ) ) ;
#1482 = CARTESIAN_POINT ( 'NONE',  ( 2.136290037131615804, 3.779917423496007345, 1.475323586950835653 ) ) ;
#1483 = CARTESIAN_POINT ( 'NONE',  ( 3.949485927250213853E-16, 1.350000000000000089, 6.817187500000001066 ) ) ;
#1484 = ORIENTED_EDGE ( 'NONE', *, *, #4671, .T. ) ;
#1485 = VERTEX_POINT ( 'NONE', #1349 ) ;
#1486 = CARTESIAN_POINT ( 'NONE',  ( -3.999999999999998224, 14.54651426760056765, 2.000000000000000000 ) ) ;
#1487 = EDGE_CURVE ( 'NONE', #885, #6586, #2888, .T. ) ;
#1488 = CARTESIAN_POINT ( 'NONE',  ( 1.900045914269125724, 4.506362066455230853, 2.314952571157349759 ) ) ;
#1489 = CIRCLE ( 'NONE', #5287, 0.1999999999999996503 ) ;
#1490 = CARTESIAN_POINT ( 'NONE',  ( 1.139908550499503903, 1.675757244647382516, 5.300704905108442055 ) ) ;
#1491 = CARTESIAN_POINT ( 'NONE',  ( -5.408326913195983465, 1.000000000000000000, 6.200000000000000178 ) ) ;
#1492 = CARTESIAN_POINT ( 'NONE',  ( -12.00000000000000000, -2.700000000000000178, 0.5000000000000000000 ) ) ;
#1493 = CARTESIAN_POINT ( 'NONE',  ( 3.949485927250213853E-16, 1.350000000000000089, 6.221875002167881696 ) ) ;
#1494 = CARTESIAN_POINT ( 'NONE',  ( -2.579629788281240010, 3.500000000000000000, 5.576953126083948220 ) ) ;
#1495 = CARTESIAN_POINT ( 'NONE',  ( 1.427930582745102317, 5.107613171604238111, 5.534504914802804265 ) ) ;
#1496 = CARTESIAN_POINT ( 'NONE',  ( 1.068517644207729544, 6.079629788281250669, 2.153906251083942180 ) ) ;
#1497 = ORIENTED_EDGE ( 'NONE', *, *, #559, .T. ) ;
#1498 = EDGE_CURVE ( 'NONE', #4940, #3231, #4615, .T. ) ;
#1499 = LINE ( 'NONE', #5865, #6694 ) ;
#1500 = CARTESIAN_POINT ( 'NONE',  ( -2.114169191374999368, 3.911091753383389769, 1.038527622931040062 ) ) ;
#1501 = DIRECTION ( 'NONE',  ( 1.387778780781445676E-16, 1.000000000000000000, 0.000000000000000000 ) ) ;
#1502 = DIRECTION ( 'NONE',  ( 0.000000000000000000, 0.000000000000000000, -1.000000000000000000 ) ) ;
#1503 = LINE ( 'NONE', #5909, #2067 ) ;
#1504 = CARTESIAN_POINT ( 'NONE',  ( 1.520279579551077065, 5.020279579551076843, -0.6242187478321183924 ) ) ;
#1505 = VERTEX_POINT ( 'NONE', #229 ) ;
#1506 = VERTEX_POINT ( 'NONE', #4633 ) ;
#1507 = CARTESIAN_POINT ( 'NONE',  ( -1.068517644207730211, 0.9203702117187504417, 1.657812501083940626 ) ) ;
#1508 = CARTESIAN_POINT ( 'NONE',  ( -1.068517644207730211, 0.9203702117187504417, 4.832812501083940226 ) ) ;
#1509 = CARTESIAN_POINT ( 'NONE',  ( 2.149999999984500310, 3.499994401539954225, 4.832708287501836786 ) ) ;
#1510 = CARTESIAN_POINT ( 'NONE',  ( -12.22890634453505854, -3.957031218488301860, 0.05975932978921538741 ) ) ;
#1511 = CARTESIAN_POINT ( 'NONE',  ( -2.579629788281249780, 4.568517644207729766, 0.6656250010839415143 ) ) ;
#1512 = CARTESIAN_POINT ( 'NONE',  ( -1.824073716244489995, 5.324073716244490662, 6.271484376083941825 ) ) ;
#1513 = CARTESIAN_POINT ( 'NONE',  ( -2.579629788281249780, 4.568517644207729766, 7.015625001083940937 ) ) ;
#1514 = CARTESIAN_POINT ( 'NONE',  ( 1.782331924173970128, 4.702411439380689728, 4.709842496526166045 ) ) ;
#1515 = CARTESIAN_POINT ( 'NONE',  ( -0.3448080408089649884, 5.622174866646049374, 4.058912374689587210 ) ) ;
#1516 = CARTESIAN_POINT ( 'NONE',  ( 4.738703044805694992E-16, 0.9203702117187499976, 6.569140626083942003 ) ) ;
#1517 = CARTESIAN_POINT ( 'NONE',  ( 2.149999999999999911, 3.500000000000000444, 7.015625000000000888 ) ) ;
#1518 = VERTEX_POINT ( 'NONE', #2472 ) ;
#1519 = ORIENTED_EDGE ( 'NONE', *, *, #6134, .T. ) ;
#1520 = CARTESIAN_POINT ( 'NONE',  ( 2.149999999999955946, 3.500000303323715034, 5.626568056860509870 ) ) ;
#1521 = CARTESIAN_POINT ( 'NONE',  ( 1.616363992611984823, 4.917703667802290290, 2.344412562341650297 ) ) ;
#1522 = CARTESIAN_POINT ( 'NONE',  ( -0.1861328159438208341, 1.358071676298122421, 5.219140203692901103 ) ) ;
#1523 = DIRECTION ( 'NONE',  ( -1.000000000000000000, 0.000000000000000000, 0.000000000000000000 ) ) ;
#1524 = AXIS2_PLACEMENT_3D ( 'NONE', #4374, #2680, #1088 ) ;
#1525 = CARTESIAN_POINT ( 'NONE',  ( 0.000000000000000000, 1.166476076187853824E-15, 6.200000000000000178 ) ) ;
#1526 = EDGE_CURVE ( 'NONE', #7134, #3870, #999, .T. ) ;
#1527 = DIRECTION ( 'NONE',  ( 0.000000000000000000, 0.000000000000000000, -1.000000000000000000 ) ) ;
#1528 = DIRECTION ( 'NONE',  ( 1.000000000000000000, 0.000000000000000000, 0.000000000000000000 ) ) ;
#1529 = CARTESIAN_POINT ( 'NONE',  ( -2.579629788281239122, 2.431482355792272454, 6.420312501083948575 ) ) ;
#1530 = CARTESIAN_POINT ( 'NONE',  ( 0.8022245756541102057, 5.496956086941256814, 5.578241266271875887 ) ) ;
#1531 = CARTESIAN_POINT ( 'NONE',  ( -12.00000000000000000, -4.200000000000000178, 0.5000000000000000000 ) ) ;
#1532 = ORIENTED_EDGE ( 'NONE', *, *, #742, .F. ) ;
#1533 = AXIS2_PLACEMENT_3D ( 'NONE', #47, #6491, #3750 ) ;
#1534 = CARTESIAN_POINT ( 'NONE',  ( 2.149999999963657427, 3.499991271794706371, 4.038902854954204535 ) ) ;
#1535 = CARTESIAN_POINT ( 'NONE',  ( -1.411598031982884249, 5.124120604740065588, 0.9546692211367930891 ) ) ;
#1536 = DIRECTION ( 'NONE',  ( 0.000000000000000000, 1.000000000000000000, 0.000000000000000000 ) ) ;
#1537 = CARTESIAN_POINT ( 'NONE',  ( 1.452287726779014854, 5.086024941151504386, 7.913944741151264672 ) ) ;
#1538 = EDGE_CURVE ( 'NONE', #2487, #4265, #4669, .T. ) ;
#1539 = CIRCLE ( 'NONE', #1297, 0.5000000000000004441 ) ;
#1540 = DIRECTION ( 'NONE',  ( 0.000000000000000000, 0.000000000000000000, 1.000000000000000000 ) ) ;
#1541 = CARTESIAN_POINT ( 'NONE',  ( -2.149999999999999911, 4.390559159102155995, -0.3761718728321188365 ) ) ;
#1542 = ORIENTED_EDGE ( 'NONE', *, *, #5843, .F. ) ;
#1543 = AXIS2_PLACEMENT_3D ( 'NONE', #4832, #593, #2186 ) ;
#1544 = CARTESIAN_POINT ( 'NONE',  ( -2.579629788281250224, 3.500000000000000000, 0.7152343760839403597 ) ) ;
#1545 = EDGE_CURVE ( 'NONE', #3870, #1282, #5783, .T. ) ;
#1546 = CARTESIAN_POINT ( 'NONE',  ( -1.068517644207729766, 6.079629788281250669, 2.153906251083940848 ) ) ;
#1547 = DIRECTION ( 'NONE',  ( 0.000000000000000000, 0.000000000000000000, -1.000000000000000000 ) ) ;
#1548 = CARTESIAN_POINT ( 'NONE',  ( -2.501210135777959476, 3.626623760879279512, 7.999999999999994671 ) ) ;
#1549 = CARTESIAN_POINT ( 'NONE',  ( 2.579629788281250224, 3.500000000000000444, -1.269140623916059640 ) ) ;
#1550 = CARTESIAN_POINT ( 'NONE',  ( 1.258403145724530381, 1.560077502221588919, -1.050512895242064371 ) ) ;
#1551 = CIRCLE ( 'NONE', #33, 1.000000000000000888 ) ;
#1552 = DIRECTION ( 'NONE',  ( 1.000000000000000000, 0.000000000000000000, 0.000000000000000000 ) ) ;
#1553 = CARTESIAN_POINT ( 'NONE',  ( 2.079806212200161930, 4.045053991157853801, 4.666357511578424599 ) ) ;
#1554 = CARTESIAN_POINT ( 'NONE',  ( 0.2236284301578194134, 5.638748404633334488, 4.026416829194782387 ) ) ;
#1555 = CARTESIAN_POINT ( 'NONE',  ( -1.824073716244489995, 5.324073716244490662, 6.271484376083941825 ) ) ;
#1556 = CARTESIAN_POINT ( 'NONE',  ( 0.8905591591021556619, 1.350000000000000533, 8.454296875000000711 ) ) ;
#1557 = ORIENTED_EDGE ( 'NONE', *, *, #1466, .T. ) ;
#1558 = ORIENTED_EDGE ( 'NONE', *, *, #3359, .F. ) ;
#1559 = CARTESIAN_POINT ( 'NONE',  ( 2.150000000000000355, 2.609440840897845781, 7.164453127167882407 ) ) ;
#1560 = CARTESIAN_POINT ( 'NONE',  ( 2.100172497604513744, 3.979982796352008467, 2.281250511626380373 ) ) ;
#1561 = ADVANCED_FACE ( 'NONE', ( #1570 ), #549, .F. ) ;
#1562 = CARTESIAN_POINT ( 'NONE',  ( -2.090865898617271679, 2.992478057557295568, 5.060924574115082564 ) ) ;
#1563 = DIRECTION ( 'NONE',  ( 0.000000000000000000, -0.000000000000000000, -1.000000000000000000 ) ) ;
#1564 = FACE_OUTER_BOUND ( 'NONE', #3759, .T. ) ;
#1565 = CARTESIAN_POINT ( 'NONE',  ( 2.150000000000000355, 2.609440840897845781, 5.576953127167881163 ) ) ;
#1566 = CARTESIAN_POINT ( 'NONE',  ( 4.738703044805676257E-16, 0.9203702117187601006, 6.569140626083948220 ) ) ;
#1567 = CARTESIAN_POINT ( 'NONE',  ( 2.078946162609574877, 4.052760665734109757, 5.460520262549261261 ) ) ;
#1568 = FACE_OUTER_BOUND ( 'NONE', #6083, .T. ) ;
#1569 = ORIENTED_EDGE ( 'NONE', *, *, #3528, .T. ) ;
#1570 = FACE_OUTER_BOUND ( 'NONE', #4540, .T. ) ;
#1571 = CARTESIAN_POINT ( 'NONE',  ( 0.4656348178065733978, 5.599514840143131167, 0.8369383331399323778 ) ) ;
#1572 = DIRECTION ( 'NONE',  ( -0.000000000000000000, 0.000000000000000000, 1.000000000000000000 ) ) ;
#1573 = CARTESIAN_POINT ( 'NONE',  ( 17.50000000000000000, -7.500000000000000000, 0.000000000000000000 ) ) ;
#1574 = CARTESIAN_POINT ( 'NONE',  ( 21.50000000000000000, -3.700000000000000178, 0.5000000000000000000 ) ) ;
#1575 = CARTESIAN_POINT ( 'NONE',  ( 1.467077673057988862, 1.928296565196287338, 0.5622501517321675246 ) ) ;
#1576 = VERTEX_POINT ( 'NONE', #479 ) ;
#1577 = EDGE_CURVE ( 'NONE', #5471, #6709, #603, .T. ) ;
#1578 = CARTESIAN_POINT ( 'NONE',  ( -1.579567681601898742E-16, 6.079629788281250669, -0.2769531239160596403 ) ) ;
#1579 = CARTESIAN_POINT ( 'NONE',  ( 2.999999999999998668, -8.150000000000000355, 0.000000000000000000 ) ) ;
#1580 = CARTESIAN_POINT ( 'NONE',  ( -0.6418196570846804727, 5.641180100837500433, 8.000000000000005329 ) ) ;
#1581 = CARTESIAN_POINT ( 'NONE',  ( -1.316495309083404618E-16, 5.650000000000000355, 6.618750002167881341 ) ) ;
#1582 = CARTESIAN_POINT ( 'NONE',  ( 1.751822521905789687, 2.253557922828485438, -1.000496741529849354 ) ) ;
#1583 = CARTESIAN_POINT ( 'NONE',  ( -2.579629788281249336, 2.431482355792268013, 6.321093751083941115 ) ) ;
#1584 =( BOUNDED_CURVE ( )  B_SPLINE_CURVE ( 2, ( #1534, #4858, #5976, #2618, #7093, #5464, #1026, #3197, #446 ),
 .UNSPECIFIED., .F., .T. ) 
 B_SPLINE_CURVE_WITH_KNOTS ( ( 3, 2, 2, 2, 3 ),
 ( 0.4365734539052833485, 0.4464954688443380504, 0.4564175903742123119, 0.4663397119040866845, 0.4762618283891273396 ),
 .UNSPECIFIED. ) 
 CURVE ( )  GEOMETRIC_REPRESENTATION_ITEM ( )  RATIONAL_B_SPLINE_CURVE ( ( 0.9999983645320547065, 0.9238803502540441359, 1.000000000000000000, 0.9238795325112867385, 1.000000000000000000, 0.9238795325112867385, 1.000000000000000000, 0.9238795325112867385, 1.000000000000000000 ) ) 
 REPRESENTATION_ITEM ( '' )  );
#1585 = CARTESIAN_POINT ( 'NONE',  ( 0.8862148851589907173, 5.459030018575969478, 4.779038990079590654 ) ) ;
#1586 = CARTESIAN_POINT ( 'NONE',  ( 0.000000000000000000, -0.6585786437626915957, 6.341421356237309404 ) ) ;
#1587 = ADVANCED_FACE ( 'NONE', ( #2148 ), #4316, .F. ) ;
#1588 = CARTESIAN_POINT ( 'NONE',  ( -1.068517644207730211, 0.9203702117187504417, 6.519531251083941825 ) ) ;
#1589 = CARTESIAN_POINT ( 'NONE',  ( -1.316495309083404618E-16, 5.650000000000000355, 6.420312500000000533 ) ) ;
#1590 = VERTEX_POINT ( 'NONE', #6011 ) ;
#1591 = EDGE_LOOP ( 'NONE', ( #3029, #4399, #3046, #1102 ) ) ;
#1592 = CARTESIAN_POINT ( 'NONE',  ( -1.520279579551076843, 1.979720420448922491, 6.916406252167881519 ) ) ;
#1593 = CARTESIAN_POINT ( 'NONE',  ( 2.149999999999798739, 3.500000651747092295, 2.253136989732748674 ) ) ;
#1594 = CARTESIAN_POINT ( 'NONE',  ( -0.7078554256145005441, 1.469813925397949417, 5.187491163036288988 ) ) ;
#1595 = DIRECTION ( 'NONE',  ( -1.000000000000000000, 0.000000000000000000, 0.000000000000000000 ) ) ;
#1596 = PLANE ( 'NONE',  #6464 ) ;
#1597 = DIRECTION ( 'NONE',  ( -0.000000000000000000, -0.000000000000000000, -1.000000000000000000 ) ) ;
#1598 = DIRECTION ( 'NONE',  ( 0.000000000000000000, 0.000000000000000000, -1.000000000000000000 ) ) ;
#1599 = CARTESIAN_POINT ( 'NONE',  ( -2.579629788281240010, 4.568517644207725326, 7.908593751083946799 ) ) ;
#1600 = CARTESIAN_POINT ( 'NONE',  ( -1.276353693213059470, 5.231652737974128442, 5.707305317359607777 ) ) ;
#1601 = AXIS2_PLACEMENT_3D ( 'NONE', #6691, #2363, #5638 ) ;
#1602 = CYLINDRICAL_SURFACE ( 'NONE', #2178, 1.000000000000000000 ) ;
#1603 = EDGE_LOOP ( 'NONE', ( #1798, #1625, #2547, #2734 ) ) ;
#1604 = FACE_OUTER_BOUND ( 'NONE', #5028, .T. ) ;
#1605 = CARTESIAN_POINT ( 'NONE',  ( 1.926186908209761572, 4.456477070556673858, 0.7240695999638373515 ) ) ;
#1606 = AXIS2_PLACEMENT_3D ( 'NONE', #2376, #4076, #4571 ) ;
#1607 = DIRECTION ( 'NONE',  ( 0.000000000000000000, -0.000000000000000000, -1.000000000000000000 ) ) ;
#1608 = CARTESIAN_POINT ( 'NONE',  ( -1.917613452430529497, 4.472788493415005284, 1.796719964028103966 ) ) ;
#1609 = CARTESIAN_POINT ( 'NONE',  ( 1.616024311352030063, 4.918090075178434439, 7.106941741374073196 ) ) ;
#1610 = ADVANCED_FACE ( 'NONE', ( #6547 ), #6040, .F. ) ;
#1611 = CARTESIAN_POINT ( 'NONE',  ( 3.949485927250213853E-16, 1.350000000000000089, -0.9218749978321185701 ) ) ;
#1612 = EDGE_LOOP ( 'NONE', ( #2672, #1497, #2606, #4231, #2012 ) ) ;
#1613 = VERTEX_POINT ( 'NONE', #6615 ) ;
#1614 = CARTESIAN_POINT ( 'NONE',  ( 4.738703044805694992E-16, 0.9203702117187499976, 0.1199218760839400322 ) ) ;
#1615 = CARTESIAN_POINT ( 'NONE',  ( -1.977389850016559647, 2.655821038452008676, 5.876008466038019407 ) ) ;
#1616 = DIRECTION ( 'NONE',  ( 0.000000000000000000, 0.000000000000000000, -1.000000000000000000 ) ) ;
#1617 = CARTESIAN_POINT ( 'NONE',  ( 2.150000000000000355, 2.609440840897845781, 6.370703127167882229 ) ) ;
#1618 = AXIS2_PLACEMENT_3D ( 'NONE', #5098, #3039, #6900 ) ;
#1619 = CARTESIAN_POINT ( 'NONE',  ( 2.075878499229466989, 4.059691124585223854, 4.667263390225824260 ) ) ;
#1620 = CARTESIAN_POINT ( 'NONE',  ( -0.8903219108750407562, 5.457045204847403852, 4.093109962307643457 ) ) ;
#1621 = CIRCLE ( 'NONE', #1043, 4.000000000000000000 ) ;
#1622 = CARTESIAN_POINT ( 'NONE',  ( 1.068517644207729544, 6.079629788281250669, 6.916406251083941470 ) ) ;
#1623 = EDGE_CURVE ( 'NONE', #1655, #1314, #1584, .T. ) ;
#1624 = CARTESIAN_POINT ( 'NONE',  ( 1.520279579551077065, 5.020279579551076843, 7.908593750000001421 ) ) ;
#1625 = ORIENTED_EDGE ( 'NONE', *, *, #2298, .T. ) ;
#1626 = ORIENTED_EDGE ( 'NONE', *, *, #4099, .F. ) ;
#1627 = DIRECTION ( 'NONE',  ( -1.000000000000000000, 0.000000000000000000, 0.000000000000000000 ) ) ;
#1628 = CARTESIAN_POINT ( 'NONE',  ( 1.155460706143144334, 1.684758216928368357, 1.333046486280235809 ) ) ;
#1629 = CARTESIAN_POINT ( 'NONE',  ( -1.570696493075420364, 2.031792249750187018, 5.126406009393613239 ) ) ;
#1630 = DIRECTION ( 'NONE',  ( 1.000000000000000000, 0.000000000000000000, 0.000000000000000000 ) ) ;
#1631 = EDGE_CURVE ( 'NONE', #1314, #6819, #2716, .T. ) ;
#1632 = CARTESIAN_POINT ( 'NONE',  ( 2.150000000000000355, 2.609440840897845781, 6.370703127167882229 ) ) ;
#1633 = CARTESIAN_POINT ( 'NONE',  ( -1.824073716244482890, 5.324073716244483556, 6.271484376083948042 ) ) ;
#1634 = CARTESIAN_POINT ( 'NONE',  ( 2.147013067846605061, 3.622526994162432956, 5.435006169952763422 ) ) ;
#1635 = CARTESIAN_POINT ( 'NONE',  ( -2.579629788281249336, 2.431482355792268013, -0.7234374989160581304 ) ) ;
#1636 = ORIENTED_EDGE ( 'NONE', *, *, #6608, .T. ) ;
#1637 = AXIS2_PLACEMENT_3D ( 'NONE', #2777, #2743, #3394 ) ;
#1638 = DIRECTION ( 'NONE',  ( -1.000000000000000000, 0.000000000000000000, 0.000000000000000000 ) ) ;
#1639 = CARTESIAN_POINT ( 'NONE',  ( 6.391659079231618357, 1.181818181818181879, 7.000000000000001776 ) ) ;
#1640 = DIRECTION ( 'NONE',  ( 0.000000000000000000, 0.000000000000000000, 1.000000000000000000 ) ) ;
#1641 = CARTESIAN_POINT ( 'NONE',  ( -2.063753486128337755, 4.131350089399696834, 1.819055432212946855 ) ) ;
#1642 = DIRECTION ( 'NONE',  ( 0.000000000000000000, 0.000000000000000000, -1.000000000000000000 ) ) ;
#1643 = DIRECTION ( 'NONE',  ( 0.000000000000000000, 0.000000000000000000, -1.000000000000000000 ) ) ;
#1644 = AXIS2_PLACEMENT_3D ( 'NONE', #5953, #5441, #4867 ) ;
#1645 = ORIENTED_EDGE ( 'NONE', *, *, #2543, .T. ) ;
#1646 = ORIENTED_EDGE ( 'NONE', *, *, #1476, .T. ) ;
#1647 = CARTESIAN_POINT ( 'NONE',  ( 1.068517644207731321, 0.9203702117187504417, 1.757031251083941203 ) ) ;
#1648 = FACE_OUTER_BOUND ( 'NONE', #3581, .T. ) ;
#1649 = DIRECTION ( 'NONE',  ( 0.000000000000000000, 0.000000000000000000, -1.000000000000000000 ) ) ;
#1650 = CARTESIAN_POINT ( 'NONE',  ( 0.8905591591021542186, 5.650000000000000355, 7.362890627167882229 ) ) ;
#1651 = CYLINDRICAL_SURFACE ( 'NONE', #3914, 2.149999999999999911 ) ;
#1652 = CARTESIAN_POINT ( 'NONE',  ( 0.000000000000000000, -5.179673909541009813, 2.000000000000000000 ) ) ;
#1653 = CARTESIAN_POINT ( 'NONE',  ( 2.579629788281250224, 3.500000000000000444, 5.973828126083942536 ) ) ;
#1654 = CARTESIAN_POINT ( 'NONE',  ( 1.520279579551077065, 5.020279579551076843, 3.146093750000001243 ) ) ;
#1655 = VERTEX_POINT ( 'NONE', #4412 ) ;
#1656 = EDGE_LOOP ( 'NONE', ( #3969, #1402, #1142, #4714 ) ) ;
#1657 = CARTESIAN_POINT ( 'NONE',  ( 0.8381526115103792307, 1.520089796955914174, 1.311554154678880924 ) ) ;
#1658 = AXIS2_PLACEMENT_3D ( 'NONE', #2142, #1598, #2038 ) ;
#1659 = ORIENTED_EDGE ( 'NONE', *, *, #179, .T. ) ;
#1660 = CARTESIAN_POINT ( 'NONE',  ( 0.2111078660946247298, 5.640001783961325899, 0.05815330153929008233 ) ) ;
#1661 = FACE_OUTER_BOUND ( 'NONE', #399, .T. ) ;
#1662 = CARTESIAN_POINT ( 'NONE',  ( -0.8905591591021546627, 5.650000000000000355, 5.080859377167881163 ) ) ;
#1663 = CARTESIAN_POINT ( 'NONE',  ( 2.579629788281240454, 2.431482355792275563, 1.955468751083947687 ) ) ;
#1664 = CARTESIAN_POINT ( 'NONE',  ( 1.462180045995050026, 1.923098620186147079, 3.736630843615611930 ) ) ;
#1665 = DIRECTION ( 'NONE',  ( 1.000000000000000000, 0.000000000000000000, 0.000000000000000000 ) ) ;
#1666 = ORIENTED_EDGE ( 'NONE', *, *, #1631, .T. ) ;
#1667 = CARTESIAN_POINT ( 'NONE',  ( -1.250000000000002887, -8.150000000000000355, 2.000000000000000000 ) ) ;
#1668 = CARTESIAN_POINT ( 'NONE',  ( 0.4081772139299066904, 5.610898658161736385, 0.8404222949330399928 ) ) ;
#1669 = CARTESIAN_POINT ( 'NONE',  ( -2.579629788281249780, 2.431482355792268013, 2.352343751083940671 ) ) ;
#1670 = CARTESIAN_POINT ( 'NONE',  ( 0.000000000000000000, -9.184850993605147944E-16, 7.000000000000000000 ) ) ;
#1671 = CARTESIAN_POINT ( 'NONE',  ( 2.149355310802712804, 3.552743480915067753, 7.812329199124278922 ) ) ;
#1672 = CARTESIAN_POINT ( 'NONE',  ( 0.1175025522673213557, 5.649932299671026392, 7.207512103902423029 ) ) ;
#1673 = CARTESIAN_POINT ( 'NONE',  ( -0.5710614276949271817, 1.426968574674336576, 0.4336141828159378320 ) ) ;
#1674 = VERTEX_POINT ( 'NONE', #1062 ) ;
#1675 = ORIENTED_EDGE ( 'NONE', *, *, #5680, .F. ) ;
#1676 = CARTESIAN_POINT ( 'NONE',  ( 1.068517644207729544, 6.079629788281250669, 0.4671875010839408038 ) ) ;
#1677 = CARTESIAN_POINT ( 'NONE',  ( -0.8072376895658991414, 1.183771371348967483, 2.405757397501791250E-16 ) ) ;
#1678 = CARTESIAN_POINT ( 'NONE',  ( -2.486222506335861393, 2.848808848696804397, 7.999999999999998224 ) ) ;
#1679 = CARTESIAN_POINT ( 'NONE',  ( 2.149999999999999911, 4.390559159102155995, 7.263671877167882762 ) ) ;
#1680 = ADVANCED_FACE ( 'NONE', ( #3872 ), #2650, .F. ) ;
#1681 = DIRECTION ( 'NONE',  ( -0.000000000000000000, -0.000000000000000000, -1.000000000000000000 ) ) ;
#1682 = CARTESIAN_POINT ( 'NONE',  ( 2.123655803560226651, 3.156171558904283803, 6.202105026040976021 ) ) ;
#1683 = CARTESIAN_POINT ( 'NONE',  ( 2.579629788281249780, 4.568517644207729766, 4.435937501083941470 ) ) ;
#1684 = CARTESIAN_POINT ( 'NONE',  ( -1.520279579551076843, 1.979720420448922491, 2.749218750000001599 ) ) ;
#1685 = ADVANCED_FACE ( 'NONE', ( #1604 ), #4351, .F. ) ;
#1686 = ORIENTED_EDGE ( 'NONE', *, *, #1235, .T. ) ;
#1687 = ORIENTED_EDGE ( 'NONE', *, *, #4622, .T. ) ;
#1688 = CARTESIAN_POINT ( 'NONE',  ( -0.04301567794252503935, 1.349999076418236132, 1.258621477087591645 ) ) ;
#1689 = ORIENTED_EDGE ( 'NONE', *, *, #4463, .F. ) ;
#1690 = CARTESIAN_POINT ( 'NONE',  ( -0.8793336723302884739, 5.462108834255523071, 0.1236336628327822651 ) ) ;
#1691 = CARTESIAN_POINT ( 'NONE',  ( 0.000000000000000000, -13.00000000000000000, 2.000000000000000000 ) ) ;
#1692 = CARTESIAN_POINT ( 'NONE',  ( -12.00000000000000000, -3.700000000000000178, 0.5000000000000000000 ) ) ;
#1693 = CARTESIAN_POINT ( 'NONE',  ( -2.579629788281239122, 2.431482355792272454, 4.039062501083948042 ) ) ;
#1694 = FACE_BOUND ( 'NONE', #982, .T. ) ;
#1695 = CARTESIAN_POINT ( 'NONE',  ( 1.835007901644763573, 2.378668553423025855, 2.183392875615582263 ) ) ;
#1696 = ORIENTED_EDGE ( 'NONE', *, *, #305, .F. ) ;
#1697 = CARTESIAN_POINT ( 'NONE',  ( -2.148419686005750062, 3.647357206937626994, 3.435371350403334745 ) ) ;
#1698 = CARTESIAN_POINT ( 'NONE',  ( 1.350917842645658062, 5.174039961699251400, 0.7778365379335383523 ) ) ;
#1699 = CARTESIAN_POINT ( 'NONE',  ( -1.068517644207730211, 0.9203702117187504417, 0.07031250108394117293 ) ) ;
#1700 = CARTESIAN_POINT ( 'NONE',  ( 0.1603959360481519714, 1.355576073652401847, 4.445106326951411724 ) ) ;
#1701 = CARTESIAN_POINT ( 'NONE',  ( -1.984720407703817857, 4.327003393230147488, 1.806364774373176552 ) ) ;
#1702 = CARTESIAN_POINT ( 'NONE',  ( 8.249999999999998224, -8.150000000000000355, 0.000000000000000000 ) ) ;
#1703 = CARTESIAN_POINT ( 'NONE',  ( 0.09393093829803760009, 1.351845368610722131, 0.4724638111486722525 ) ) ;
#1704 = CARTESIAN_POINT ( 'NONE',  ( -2.579629788281250224, 3.500000000000000000, 5.576953126083942003 ) ) ;
#1705 = EDGE_CURVE ( 'NONE', #2774, #5042, #4487, .T. ) ;
#1706 = ORIENTED_EDGE ( 'NONE', *, *, #5431, .T. ) ;
#1707 = CIRCLE ( 'NONE', #331, 0.2000000000000004274 ) ;
#1708 = CARTESIAN_POINT ( 'NONE',  ( -2.579629788281250224, 3.500000000000000000, 6.271484376083940937 ) ) ;
#1709 = EDGE_LOOP ( 'NONE', ( #2165, #4676, #5104, #4177 ) ) ;
#1710 = CARTESIAN_POINT ( 'NONE',  ( 2.579629788281249780, 4.568517644207729766, -1.219531248916059019 ) ) ;
#1711 = CARTESIAN_POINT ( 'NONE',  ( -5.408326913195983465, 1.000000000000000000, 7.000000000000000000 ) ) ;
#1712 = CARTESIAN_POINT ( 'NONE',  ( 0.8905591591021542186, 5.650000000000000355, 4.187890627167881519 ) ) ;
#1713 = CARTESIAN_POINT ( 'NONE',  ( -1.316495309083404618E-16, 5.650000000000000355, 5.825000002167881163 ) ) ;
#1714 = CARTESIAN_POINT ( 'NONE',  ( 0.000000000000000000, 3.500000000000000000, 8.000000000000000000 ) ) ;
#1715 = CARTESIAN_POINT ( 'NONE',  ( -2.110877212767846345, 3.928431154878722964, 6.593783072038245763 ) ) ;
#1716 = CARTESIAN_POINT ( 'NONE',  ( 2.133489672298289008, 3.226027831811427049, 6.206223168469920282 ) ) ;
#1717 = CARTESIAN_POINT ( 'NONE',  ( 1.068517644207731321, 0.9203702117187504417, 4.237500001083943424 ) ) ;
#1718 = CARTESIAN_POINT ( 'NONE',  ( 2.130541191804811607, 3.181275389416935884, 3.028360883838635331 ) ) ;
#1719 = AXIS2_PLACEMENT_3D ( 'NONE', #4935, #597, #2837 ) ;
#1720 = CARTESIAN_POINT ( 'NONE',  ( 2.149999999999999911, 3.500000000000000444, 3.840625000000001066 ) ) ;
#1721 = ORIENTED_EDGE ( 'NONE', *, *, #5589, .T. ) ;
#1722 = ORIENTED_EDGE ( 'NONE', *, *, #6946, .F. ) ;
#1723 = CARTESIAN_POINT ( 'NONE',  ( 1.970096626151271124, 2.639023574622473944, 1.407262402286614700 ) ) ;
#1724 = ORIENTED_EDGE ( 'NONE', *, *, #6061, .F. ) ;
#1725 = AXIS2_PLACEMENT_3D ( 'NONE', #1087, #2169, #6003 ) ;
#1726 = CARTESIAN_POINT ( 'NONE',  ( -1.411290768976325438, 5.122286841350354614, 0.1610882340594119722 ) ) ;
#1727 = FACE_OUTER_BOUND ( 'NONE', #2175, .T. ) ;
#1728 = DIRECTION ( 'NONE',  ( -1.000000000000000000, 0.000000000000000000, 0.000000000000000000 ) ) ;
#1729 = CARTESIAN_POINT ( 'NONE',  ( 2.579629788281240010, 3.500000000000000444, 2.798828126083947598 ) ) ;
#1730 = CARTESIAN_POINT ( 'NONE',  ( 1.881785058821517032, 2.422147112132616353, 3.774830099864801003 ) ) ;
#1731 = CARTESIAN_POINT ( 'NONE',  ( 1.860481182700854275, 2.422403755407496195, 2.186416205307671667 ) ) ;
#1732 = VERTEX_POINT ( 'NONE', #5496 ) ;
#1733 = CARTESIAN_POINT ( 'NONE',  ( 0.005284483868156200116, 5.650098888163559430, 3.245016519755036910 ) ) ;
#1734 = CARTESIAN_POINT ( 'NONE',  ( 2.149999999999999911, 4.390559159102155107, 0.1199218771678819961 ) ) ;
#1735 = DIRECTION ( 'NONE',  ( -1.000000000000000000, 0.000000000000000000, 0.000000000000000000 ) ) ;
#1736 = CARTESIAN_POINT ( 'NONE',  ( -4.754299754299752934, 13.57716841122997664, 2.000000000000000000 ) ) ;
#1737 = CARTESIAN_POINT ( 'NONE',  ( 2.143273855120262805, 3.677601519786500628, 7.819546195512693032 ) ) ;
#1738 = CARTESIAN_POINT ( 'NONE',  ( -0.3000000000000016542, -8.150000000000000355, 2.000000000000000000 ) ) ;
#1739 = CARTESIAN_POINT ( 'NONE',  ( -1.400139211032134678, 1.867999054029971351, 0.3773222872712562737 ) ) ;
#1740 = CARTESIAN_POINT ( 'NONE',  ( -2.579629788281250224, 3.500000000000000000, 3.989453126083942536 ) ) ;
#1741 = ORIENTED_EDGE ( 'NONE', *, *, #5685, .T. ) ;
#1742 = CARTESIAN_POINT ( 'NONE',  ( -2.579629788281250224, 3.500000000000000000, 7.065234376083940226 ) ) ;
#1743 = FACE_OUTER_BOUND ( 'NONE', #4139, .T. ) ;
#1744 = CARTESIAN_POINT ( 'NONE',  ( 1.326192107482394578, 1.807389939824546099, 7.695065418799915236 ) ) ;
#1745 = TOROIDAL_SURFACE ( 'NONE', #2104, 1.500000000000000000, 0.5000000000000000000 ) ;
#1746 = FACE_OUTER_BOUND ( 'NONE', #6915, .T. ) ;
#1747 = DIRECTION ( 'NONE',  ( 0.000000000000000000, 0.000000000000000000, -1.000000000000000000 ) ) ;
#1748 = CARTESIAN_POINT ( 'NONE',  ( -2.149999999999999911, 4.390559159102155995, 5.973828127167880808 ) ) ;
#1749 = EDGE_CURVE ( 'NONE', #5963, #558, #1040, .T. ) ;
#1750 = CARTESIAN_POINT ( 'NONE',  ( 4.738703044805694992E-16, 0.9203702117187499976, 7.263671876083940937 ) ) ;
#1751 = CARTESIAN_POINT ( 'NONE',  ( -2.147093179343791736, 3.671308905397946631, 6.609027995729004346 ) ) ;
#1752 = CARTESIAN_POINT ( 'NONE',  ( 2.055117598637507204, 4.132276608636676229, 3.878030940219406197 ) ) ;
#1753 = CARTESIAN_POINT ( 'NONE',  ( -2.579629788281250224, 3.500000000000000000, 3.195703126083942358 ) ) ;
#1754 = DIRECTION ( 'NONE',  ( 0.9693458563705934505, 0.2457002457002457341, 0.000000000000000000 ) ) ;
#1755 = CIRCLE ( 'NONE', #5218, 0.5000000000000000000 ) ;
#1756 = CARTESIAN_POINT ( 'NONE',  ( 1.520279579551077065, 5.020279579551076843, 4.733593750000000711 ) ) ;
#1757 = VERTEX_POINT ( 'NONE', #7020 ) ;
#1758 = ORIENTED_EDGE ( 'NONE', *, *, #5094, .F. ) ;
#1759 = CARTESIAN_POINT ( 'NONE',  ( -2.116924340088556900, 3.104529687164792051, 1.085558409620746234 ) ) ;
#1760 = AXIS2_PLACEMENT_3D ( 'NONE', #5898, #5546, #4310 ) ;
#1761 = VERTEX_POINT ( 'NONE', #3838 ) ;
#1762 = MECHANICAL_DESIGN_GEOMETRIC_PRESENTATION_REPRESENTATION (  '', ( #4528 ), #24 ) ;
#1763 = CARTESIAN_POINT ( 'NONE',  ( 20.99999999999999645, 0.000000000000000000, 0.5000000000000000000 ) ) ;
#1764 = CARTESIAN_POINT ( 'NONE',  ( 2.100753237266272944, 3.034099334001518766, 6.988554785092720323 ) ) ;
#1765 = CARTESIAN_POINT ( 'NONE',  ( 1.520279579551077065, 5.020279579551076843, 4.932031252167881519 ) ) ;
#1766 = CARTESIAN_POINT ( 'NONE',  ( 1.824073716244482668, 5.324073716244483556, 3.691796876083948131 ) ) ;
#1767 = ADVANCED_FACE ( 'NONE', ( #2079 ), #4280, .F. ) ;
#1768 = EDGE_CURVE ( 'NONE', #2844, #1092, #6480, .T. ) ;
#1769 = CARTESIAN_POINT ( 'NONE',  ( 2.579629788281250224, 3.500000000000000444, 4.287109376083940937 ) ) ;
#1770 = DIRECTION ( 'NONE',  ( 0.000000000000000000, 1.000000000000000000, 0.000000000000000000 ) ) ;
#1771 = CARTESIAN_POINT ( 'NONE',  ( 2.100232573186520568, 3.004033600670631188, 2.224047546967712119 ) ) ;
#1772 = AXIS2_PLACEMENT_3D ( 'NONE', #5204, #259, #4664 ) ;
#1773 = ORIENTED_EDGE ( 'NONE', *, *, #3338, .F. ) ;
#1774 = CARTESIAN_POINT ( 'NONE',  ( -1.183404008674919128, 5.295062984308311904, 3.319422775981278217 ) ) ;
#1775 = CARTESIAN_POINT ( 'NONE',  ( 11.73185507862512544, -3.850856425860493815, 0.04336711393253753211 ) ) ;
#1776 = CARTESIAN_POINT ( 'NONE',  ( 21.29289321881345387, -3.907106781186548083, 1.622238286853294316E-16 ) ) ;
#1777 = DIRECTION ( 'NONE',  ( 1.000000000000000000, 0.000000000000000000, 0.000000000000000000 ) ) ;
#1778 = CARTESIAN_POINT ( 'NONE',  ( -2.999999999999998224, 15.27371993328518762, 2.000000000000000000 ) ) ;
#1779 = FACE_OUTER_BOUND ( 'NONE', #1392, .T. ) ;
#1780 = CARTESIAN_POINT ( 'NONE',  ( -1.658534401537220093, 2.122950010046182889, 0.3564562861227462132 ) ) ;
#1781 = CARTESIAN_POINT ( 'NONE',  ( 2.579629788281250669, 2.431482355792271122, 3.542968751083942713 ) ) ;
#1782 = EDGE_CURVE ( 'NONE', #6819, #6675, #5127, .T. ) ;
#1783 = ORIENTED_EDGE ( 'NONE', *, *, #4934, .T. ) ;
#1784 = CARTESIAN_POINT ( 'NONE',  ( -2.579629788281250224, 3.500000000000000000, 7.858984376083941292 ) ) ;
#1785 = ADVANCED_FACE ( 'NONE', ( #4660 ), #911, .T. ) ;
#1786 = CARTESIAN_POINT ( 'NONE',  ( 1.061024101379780316, 5.387287659077236057, 6.355239647526953028 ) ) ;
#1787 = VECTOR ( 'NONE', #6358, 1000.000000000000000 ) ;
#1788 = CARTESIAN_POINT ( 'NONE',  ( 1.215440920346815057, 1.726525852608608025, 7.687346836514556081 ) ) ;
#1789 = CARTESIAN_POINT ( 'NONE',  ( -1.650000000000000577, 13.50000000000000000, 2.000000000000000000 ) ) ;
#1790 = CARTESIAN_POINT ( 'NONE',  ( -2.149999999998234212, 3.500002755632074081, 2.054687348663101432 ) ) ;
#1791 = CARTESIAN_POINT ( 'NONE',  ( 1.520279579551077065, 5.020279579551076843, 4.932031252167881519 ) ) ;
#1792 = CARTESIAN_POINT ( 'NONE',  ( 2.149999999999828937, 3.499999398153894603, 4.634363979980803627 ) ) ;
#1793 = CARTESIAN_POINT ( 'NONE',  ( -0.3223981033184903366, 5.625843921332696951, 6.438830556867946697 ) ) ;
#1794 = CARTESIAN_POINT ( 'NONE',  ( 2.148828980608544104, 3.572453591676307827, 3.844688199685880381 ) ) ;
#1795 = CARTESIAN_POINT ( 'NONE',  ( -1.824073716244489995, 5.324073716244490662, 1.508984376083942314 ) ) ;
#1796 = CARTESIAN_POINT ( 'NONE',  ( 1.409644697774644850, 1.876218340388925210, 2.939102670649059057 ) ) ;
#1797 = CARTESIAN_POINT ( 'NONE',  ( -1.520279579551076843, 1.979720420448922491, 4.336718750000001066 ) ) ;
#1798 = ORIENTED_EDGE ( 'NONE', *, *, #834, .F. ) ;
#1799 = ORIENTED_EDGE ( 'NONE', *, *, #7113, .F. ) ;
#1800 = EDGE_CURVE ( 'NONE', #3640, #6128, #5167, .T. ) ;
#1801 = CARTESIAN_POINT ( 'NONE',  ( 2.149999999999999911, 3.499999991013369005, 5.428124837326433472 ) ) ;
#1802 = ORIENTED_EDGE ( 'NONE', *, *, #4010, .F. ) ;
#1803 = AXIS2_PLACEMENT_3D ( 'NONE', #3555, #5748, #808 ) ;
#1804 = CARTESIAN_POINT ( 'NONE',  ( -1.241420552754518347, 5.257226123138234009, 0.1485199039040590308 ) ) ;
#1805 = CARTESIAN_POINT ( 'NONE',  ( 1.199322705890981666, 1.714309679675400488, 6.892432133752973478 ) ) ;
#1806 = CARTESIAN_POINT ( 'NONE',  ( -2.149999999979426146, 3.500009405804979323, 5.229687080669355836 ) ) ;
#1807 = CARTESIAN_POINT ( 'NONE',  ( -2.579629788281239122, 2.431482355792272454, 1.657812501083948398 ) ) ;
#1808 = CARTESIAN_POINT ( 'NONE',  ( 1.068517644207729544, 6.079629788281250669, 3.642187501083940404 ) ) ;
#1809 = CARTESIAN_POINT ( 'NONE',  ( 2.150000000576596015, 3.343691093503647682, 3.831775992693639665 ) ) ;
#1810 = CARTESIAN_POINT ( 'NONE',  ( -0.1266994790249793834, 1.353719015543406901, 2.047552303781932093 ) ) ;
#1811 = CARTESIAN_POINT ( 'NONE',  ( -1.425065526086520151, 5.111360995724955281, 2.543199434287690686 ) ) ;
#1812 = CARTESIAN_POINT ( 'NONE',  ( 0.6744696710131070638, 5.546355555037429497, 3.205479365242547285 ) ) ;
#1813 = CARTESIAN_POINT ( 'NONE',  ( 2.149999999988438049, 3.500004806722674111, 0.07040249399494158400 ) ) ;
#1814 = CARTESIAN_POINT ( 'NONE',  ( -2.999999999999998224, 15.27371993328518762, 0.5000000000000000000 ) ) ;
#1815 = DIRECTION ( 'NONE',  ( 1.000000000000000000, 0.000000000000000000, 0.000000000000000000 ) ) ;
#1816 = CARTESIAN_POINT ( 'NONE',  ( 2.149999999980091836, 3.499993560177024232, 1.459255014377407900 ) ) ;
#1817 = CARTESIAN_POINT ( 'NONE',  ( 5.408326913195983465, 1.000000000000000000, 7.000000000000000000 ) ) ;
#1818 = CARTESIAN_POINT ( 'NONE',  ( -2.149999999999999911, 3.500000000000000000, 8.000000000000000000 ) ) ;
#1819 = CARTESIAN_POINT ( 'NONE',  ( 0.1248364230744897219, 1.353388477390108813, 0.4742228030204564404 ) ) ;
#1820 = CARTESIAN_POINT ( 'NONE',  ( -2.579629788281250224, 3.500000000000000000, 3.195703126083942358 ) ) ;
#1821 = ORIENTED_EDGE ( 'NONE', *, *, #7126, .F. ) ;
#1822 = CARTESIAN_POINT ( 'NONE',  ( -1.824073716244489995, 5.324073716244490662, 8.553515626083941115 ) ) ;
#1823 = CARTESIAN_POINT ( 'NONE',  ( 0.2991603333056988556, 5.629181998951996668, 6.403223474819579764 ) ) ;
#1824 = EDGE_CURVE ( 'NONE', #101, #1468, #6426, .T. ) ;
#1825 = CARTESIAN_POINT ( 'NONE',  ( 1.068517644207729544, 6.079629788281250669, -1.120312498916059551 ) ) ;
#1826 = DIRECTION ( 'NONE',  ( 0.000000000000000000, 0.000000000000000000, -1.000000000000000000 ) ) ;
#1827 = CARTESIAN_POINT ( 'NONE',  ( -1.316495309083404618E-16, 5.650000000000000355, 4.237500002167881696 ) ) ;
#1828 = CARTESIAN_POINT ( 'NONE',  ( 0.8905591591021542186, 5.650000000000000355, 5.775390627167881874 ) ) ;
#1829 = VECTOR ( 'NONE', #3775, 1000.000000000000000 ) ;
#1830 = CARTESIAN_POINT ( 'NONE',  ( -1.068517644207729766, 6.079629788281250669, 3.741406251083941203 ) ) ;
#1831 = CARTESIAN_POINT ( 'NONE',  ( -1.913863736984049435, 4.479693657290886755, 6.558726934061696490 ) ) ;
#1832 = CARTESIAN_POINT ( 'NONE',  ( -1.619093537996488585, 2.083732178830326465, 5.915904052977754901 ) ) ;
#1833 = CARTESIAN_POINT ( 'NONE',  ( 4.738703044805694992E-16, 0.9203702117187499976, 3.394140626083942180 ) ) ;
#1834 = CARTESIAN_POINT ( 'NONE',  ( 2.087989958703737159, 2.982920973936803222, 3.016483334826571827 ) ) ;
#1835 = CARTESIAN_POINT ( 'NONE',  ( -0.8905591591021551068, 1.350000000000000533, 1.211328125000001199 ) ) ;
#1836 = ORIENTED_EDGE ( 'NONE', *, *, #944, .F. ) ;
#1837 = CARTESIAN_POINT ( 'NONE',  ( -1.886507929480553125, 2.468672596779523332, 1.126030756037778024 ) ) ;
#1838 = VERTEX_POINT ( 'NONE', #4234 ) ;
#1839 = CARTESIAN_POINT ( 'NONE',  ( -5.408326913195983465, -0.6585786437626914847, 6.341421356237309404 ) ) ;
#1840 = CARTESIAN_POINT ( 'NONE',  ( 0.000000000000000000, 3.500000000000000000, 8.000000000000000000 ) ) ;
#1841 = EDGE_CURVE ( 'NONE', #4265, #4260, #3489, .T. ) ;
#1842 = FACE_BOUND ( 'NONE', #941, .T. ) ;
#1843 = CARTESIAN_POINT ( 'NONE',  ( 4.738703044805694992E-16, 0.9203702117187499976, 5.676171876083940582 ) ) ;
#1844 = CARTESIAN_POINT ( 'NONE',  ( -1.244886049448577614, 1.746998329617605039, 3.563680852030080004 ) ) ;
#1845 = DIRECTION ( 'NONE',  ( -0.9833321660356334482, 0.1818181818181816567, 0.000000000000000000 ) ) ;
#1846 = CARTESIAN_POINT ( 'NONE',  ( -1.313719417634624298, 5.202052981896335027, 2.535133361623966852 ) ) ;
#1847 = VECTOR ( 'NONE', #5562, 1000.000000000000000 ) ;
#1848 = ADVANCED_FACE ( 'NONE', ( #5011 ), #2272, .T. ) ;
#1849 = CARTESIAN_POINT ( 'NONE',  ( -1.632456473284255916, 4.899507293630181337, 3.353851140044468604 ) ) ;
#1850 = DIRECTION ( 'NONE',  ( 0.000000000000000000, 0.000000000000000000, -1.000000000000000000 ) ) ;
#1851 = EDGE_CURVE ( 'NONE', #5416, #1505, #2320, .T. ) ;
#1852 = DIRECTION ( 'NONE',  ( 1.000000000000000000, -0.000000000000000000, -0.000000000000000000 ) ) ;
#1853 = CARTESIAN_POINT ( 'NONE',  ( -0.9975476455396543596, 1.595421872514652950, 4.374705331986456613 ) ) ;
#1854 = CARTESIAN_POINT ( 'NONE',  ( -2.579629788281249336, 2.431482355792268013, 8.007812501083940049 ) ) ;
#1855 = CARTESIAN_POINT ( 'NONE',  ( 11.50000000000000000, -3.700000000000000178, 0.5000000000000000000 ) ) ;
#1856 = CARTESIAN_POINT ( 'NONE',  ( -2.149999999999948841, 3.499999531280277409, 2.650000026111216211 ) ) ;
#1857 = CARTESIAN_POINT ( 'NONE',  ( -1.975324720718604654, 4.350879898672262769, 5.773618287000574334 ) ) ;
#1858 = CARTESIAN_POINT ( 'NONE',  ( -2.579629788281249780, 4.568517644207729766, 5.527343751083941825 ) ) ;
#1859 = VERTEX_POINT ( 'NONE', #4975 ) ;
#1860 = CARTESIAN_POINT ( 'NONE',  ( -1.579567681601898742E-16, 6.079629788281250669, 6.866796876083940404 ) ) ;
#1861 = CARTESIAN_POINT ( 'NONE',  ( 1.940185359335720783, 4.437203444614492120, 6.279315157575563688 ) ) ;
#1862 = CARTESIAN_POINT ( 'NONE',  ( 2.144177619383131450, 3.291368160314894986, 7.797399647768687103 ) ) ;
#1863 = DIRECTION ( 'NONE',  ( 0.000000000000000000, 1.000000000000000000, 0.000000000000000000 ) ) ;
#1864 = CYLINDRICAL_SURFACE ( 'NONE', #254, 4.000000000000000000 ) ;
#1865 = CARTESIAN_POINT ( 'NONE',  ( 2.149999999999999911, 4.390559159102155995, 3.294921877167880986 ) ) ;
#1866 = VECTOR ( 'NONE', #1159, 1000.000000000000000 ) ;
#1867 = CARTESIAN_POINT ( 'NONE',  ( 2.579629788281249780, 4.568517644207729766, 5.130468751083942180 ) ) ;
#1868 = CYLINDRICAL_SURFACE ( 'NONE', #4715, 2.149999999999999911 ) ;
#1869 = CARTESIAN_POINT ( 'NONE',  ( 0.8241221738758519599, 1.513705946465216723, 6.073076251426797967 ) ) ;
#1870 = CARTESIAN_POINT ( 'NONE',  ( 1.068517644207729544, 6.079629788281250669, -0.2273437489160572700 ) ) ;
#1871 = DIRECTION ( 'NONE',  ( -1.000000000000000000, 0.000000000000000000, 0.000000000000000000 ) ) ;
#1872 = CARTESIAN_POINT ( 'NONE',  ( -0.8905591591021551068, 1.350000000000000533, 0.4175781250000016875 ) ) ;
#1873 = AXIS2_PLACEMENT_3D ( 'NONE', #2697, #6528, #4902 ) ;
#1874 = CARTESIAN_POINT ( 'NONE',  ( -1.846485913036059578, 2.398467257470762615, 1.130863129200590844 ) ) ;
#1875 = ORIENTED_EDGE ( 'NONE', *, *, #3037, .F. ) ;
#1876 = LINE ( 'NONE', #1839, #1961 ) ;
#1877 = CARTESIAN_POINT ( 'NONE',  ( -2.147712011651093267, 3.400835460681178368, 6.624326794218955428 ) ) ;
#1878 = CIRCLE ( 'NONE', #1419, 0.5000000000000000000 ) ;
#1879 = CARTESIAN_POINT ( 'NONE',  ( 6.299999999999998934, -8.150000000000000355, 0.000000000000000000 ) ) ;
#1880 = CARTESIAN_POINT ( 'NONE',  ( 1.068517644207731321, 0.9203702117187504417, 4.932031251083938805 ) ) ;
#1881 = CARTESIAN_POINT ( 'NONE',  ( -2.106518559429740201, 3.049496733557254480, 3.469997904285744728 ) ) ;
#1882 = CARTESIAN_POINT ( 'NONE',  ( -1.929646284573780290, 2.551518572910187910, 1.914168046571188997 ) ) ;
#1883 = CARTESIAN_POINT ( 'NONE',  ( -1.190762515244123687, 5.293187181083341741, 2.526154184989413132 ) ) ;
#1884 = CARTESIAN_POINT ( 'NONE',  ( 1.620673942927187694, 2.086747559856205303, 5.337166995650825640 ) ) ;
#1885 = CARTESIAN_POINT ( 'NONE',  ( -0.8905591591021546627, 5.650000000000000355, 0.3183593771678809303 ) ) ;
#1886 = CARTESIAN_POINT ( 'NONE',  ( -2.285970455797332601, 2.292915488229931853, -3.644744307994084934E-16 ) ) ;
#1887 = CARTESIAN_POINT ( 'NONE',  ( -2.139112505529819241, 3.283714590162487568, 4.249799587604880635 ) ) ;
#1888 = FACE_OUTER_BOUND ( 'NONE', #2921, .T. ) ;
#1889 = LINE ( 'NONE', #3550, #5409 ) ;
#1890 = DIRECTION ( 'NONE',  ( 0.000000000000000000, 0.000000000000000000, -1.000000000000000000 ) ) ;
#1891 = CARTESIAN_POINT ( 'NONE',  ( -1.824073716244489995, 5.324073716244490662, 2.302734376083941825 ) ) ;
#1892 = ORIENTED_EDGE ( 'NONE', *, *, #1243, .T. ) ;
#1893 = CARTESIAN_POINT ( 'NONE',  ( -0.06394089916596999712, 1.350939777924251350, 2.844854201640923730 ) ) ;
#1894 = CARTESIAN_POINT ( 'NONE',  ( 2.099580042598946150, 3.962890900124824700, 6.248814211159635867 ) ) ;
#1895 = CARTESIAN_POINT ( 'NONE',  ( 0.7417271365494026991, 1.481993955310214606, 7.655301714061857332 ) ) ;
#1896 = CARTESIAN_POINT ( 'NONE',  ( -5.408326913195983465, 1.000000000000000000, 7.000000000000000000 ) ) ;
#1897 = CARTESIAN_POINT ( 'NONE',  ( -2.149999975703030142, 3.612048743260185546, 7.406258181969880283 ) ) ;
#1898 = CARTESIAN_POINT ( 'NONE',  ( 1.520279579551077509, 1.979720420448922935, 1.558593752167881430 ) ) ;
#1899 = CARTESIAN_POINT ( 'NONE',  ( -2.579629788281250224, 3.500000000000000000, 3.890234376083941292 ) ) ;
#1900 = CARTESIAN_POINT ( 'NONE',  ( -2.579629788281250224, 3.500000000000000000, 5.477734376083940759 ) ) ;
#1901 = CARTESIAN_POINT ( 'NONE',  ( -0.2514323329157799325, 1.364467885387552926, 6.008760552858974258 ) ) ;
#1902 = CARTESIAN_POINT ( 'NONE',  ( -1.824073716244489995, 5.324073716244490662, -0.8722656239160582192 ) ) ;
#1903 = CARTESIAN_POINT ( 'NONE',  ( 1.068517644207729544, 6.079629788281250669, 1.260937501083941203 ) ) ;
#1904 = CARTESIAN_POINT ( 'NONE',  ( -2.149999999999999911, 3.500000000000000000, -0.5249999999999976907 ) ) ;
#1905 = AXIS2_PLACEMENT_3D ( 'NONE', #2321, #2821, #2359 ) ;
#1906 = CARTESIAN_POINT ( 'NONE',  ( -2.149999995475406767, 3.441116812950463455, 1.065779867320212793 ) ) ;
#1907 = CARTESIAN_POINT ( 'NONE',  ( -2.096388424162229924, 3.978804854827731941, 5.003340511043141703 ) ) ;
#1908 = CARTESIAN_POINT ( 'NONE',  ( -1.984916835867529539, 2.665377470259179038, 6.669190194219705603 ) ) ;
#1909 = EDGE_CURVE ( 'NONE', #6167, #3013, #5085, .T. ) ;
#1910 = DIRECTION ( 'NONE',  ( 1.000000000000000000, 0.000000000000000000, 0.000000000000000000 ) ) ;
#1911 = CARTESIAN_POINT ( 'NONE',  ( -2.579629788281249336, 2.431482355792268013, 5.527343751083940049 ) ) ;
#1912 = CARTESIAN_POINT ( 'NONE',  ( 1.164080337460792203, 1.692385387587051593, 3.714933793795577532 ) ) ;
#1913 = CARTESIAN_POINT ( 'NONE',  ( -0.9403084277346361874, 1.566162360129820019, 1.997320249591799435 ) ) ;
#1914 = CARTESIAN_POINT ( 'NONE',  ( -2.040001629482654177, 4.179099308171611682, 2.609635764195253671 ) ) ;
#1915 = CARTESIAN_POINT ( 'NONE',  ( 1.822737264506440580, 2.359657287947619864, 5.357059152381891565 ) ) ;
#1916 = LINE ( 'NONE', #4235, #1787 ) ;
#1917 = CARTESIAN_POINT ( 'NONE',  ( 12.00000000000000000, -2.700000000000001066, 0.5000000000000000000 ) ) ;
#1918 = CARTESIAN_POINT ( 'NONE',  ( -0.8397724130168161549, 1.520186543035569882, 4.385188763380904575 ) ) ;
#1919 = CARTESIAN_POINT ( 'NONE',  ( -5.408326913195983465, -0.5171572875253820367, 6.000000000000000000 ) ) ;
#1920 = DIRECTION ( 'NONE',  ( -1.000000000000000000, 0.000000000000000000, 0.000000000000000000 ) ) ;
#1921 = CARTESIAN_POINT ( 'NONE',  ( -2.147936123033633571, 3.602310871120339542, 5.819247347680568616 ) ) ;
#1922 = CARTESIAN_POINT ( 'NONE',  ( -2.579629788281249780, 4.568517644207729766, -0.02890624891605832192 ) ) ;
#1923 = EDGE_LOOP ( 'NONE', ( #6782, #2032, #2308, #1721 ) ) ;
#1924 = CARTESIAN_POINT ( 'NONE',  ( -1.399767395971547979, 1.867483244478226112, 2.758633580138517338 ) ) ;
#1925 = CARTESIAN_POINT ( 'NONE',  ( -0.6669146874132814151, 5.548955176713534776, 0.9039238368839156434 ) ) ;
#1926 = CARTESIAN_POINT ( 'NONE',  ( -1.266744117257781355, 1.762791351813603580, 7.530847851648519331 ) ) ;
#1927 = AXIS2_PLACEMENT_3D ( 'NONE', #2145, #4349, #6545 ) ;
#1928 = DIRECTION ( 'NONE',  ( 0.000000000000000000, 0.000000000000000000, -1.000000000000000000 ) ) ;
#1929 = EDGE_CURVE ( 'NONE', #1506, #6891, #3955, .T. ) ;
#1930 =( BOUNDED_CURVE ( )  B_SPLINE_CURVE ( 2, ( #1806, #3865, #1150, #1662, #6068, #4504, #1765, #6207, #62, #611, #6172 ),
 .UNSPECIFIED., .F., .T. ) 
 B_SPLINE_CURVE_WITH_KNOTS ( ( 3, 2, 2, 2, 2, 3 ),
 ( 0.3175079456359166108, 0.3274300104858480220, 0.3373521320157221726, 0.3472742535455963786, 0.3571963750754704736, 0.3571964446597193921 ),
 .UNSPECIFIED. ) 
 CURVE ( )  GEOMETRIC_REPRESENTATION_ITEM ( )  RATIONAL_B_SPLINE_CURVE ( ( 1.000000000000000000, 0.9238795325112867385, 1.000000000000000000, 0.9238795325112867385, 1.000000000000000000, 0.9238795325112867385, 1.000000000000000000, 0.9238795325112867385, 1.000000000000000000, 0.9999994661640113636, 0.9999989323355104043 ) ) 
 REPRESENTATION_ITEM ( '' )  );
#1931 = CARTESIAN_POINT ( 'NONE',  ( 2.149999999999999911, 4.390559159102155107, 1.707421877167881519 ) ) ;
#1932 = CARTESIAN_POINT ( 'NONE',  ( -2.149999999999999467, 2.609440840897844893, 2.104296877167881163 ) ) ;
#1933 = ORIENTED_EDGE ( 'NONE', *, *, #6751, .F. ) ;
#1934 = CARTESIAN_POINT ( 'NONE',  ( 2.579629788281249780, 4.568517644207729766, 6.717968751083940759 ) ) ;
#1935 = CARTESIAN_POINT ( 'NONE',  ( -2.579629788281249780, 4.568517644207729766, 4.634375001083940404 ) ) ;
#1936 = CARTESIAN_POINT ( 'NONE',  ( -1.424046605026702883, 1.887743912161734761, 5.931694897400706878 ) ) ;
#1937 = CARTESIAN_POINT ( 'NONE',  ( -12.00000000000000000, -3.700000000000000622, 0.5000000000000000000 ) ) ;
#1938 = CARTESIAN_POINT ( 'NONE',  ( 1.068517644207731321, 0.9203702117187504417, 0.2687500010839418696 ) ) ;
#1939 = CARTESIAN_POINT ( 'NONE',  ( -2.579629788281250224, 3.500000000000000000, 1.508984376083940537 ) ) ;
#1940 = AXIS2_PLACEMENT_3D ( 'NONE', #3369, #6255, #4991 ) ;
#1941 = CARTESIAN_POINT ( 'NONE',  ( -2.149999999999999911, 3.500000000000000000, 1.856250000000001066 ) ) ;
#1942 = FACE_OUTER_BOUND ( 'NONE', #1122, .T. ) ;
#1943 = VERTEX_POINT ( 'NONE', #4725 ) ;
#1944 = VECTOR ( 'NONE', #2390, 1000.000000000000000 ) ;
#1945 = DIRECTION ( 'NONE',  ( 0.000000000000000000, -1.000000000000000000, -0.000000000000000000 ) ) ;
#1946 = CARTESIAN_POINT ( 'NONE',  ( -1.090603678093686302, 1.647124966808202196, 6.749578556280928510 ) ) ;
#1947 = CARTESIAN_POINT ( 'NONE',  ( -1.824073716244482224, 1.675926283755517110, 0.9136718760839487308 ) ) ;
#1948 = EDGE_LOOP ( 'NONE', ( #4465, #4844, #5462, #3616 ) ) ;
#1949 = ORIENTED_EDGE ( 'NONE', *, *, #4997, .F. ) ;
#1950 = CARTESIAN_POINT ( 'NONE',  ( -1.884926433589787287, 2.465528856465661445, 3.507494211590838962 ) ) ;
#1951 = CARTESIAN_POINT ( 'NONE',  ( -2.059291825198882986, 2.853478293020756063, 1.894361597905033889 ) ) ;
#1952 = CARTESIAN_POINT ( 'NONE',  ( -1.800508602981296447, 4.676094652641842764, 2.576449746155838660 ) ) ;
#1953 = CARTESIAN_POINT ( 'NONE',  ( 1.721301370586536317, 4.790263300598147644, 3.128635734275474700 ) ) ;
#1954 = CARTESIAN_POINT ( 'NONE',  ( -1.281834289521522452, 1.254943713399790273, 7.999999999999998224 ) ) ;
#1955 = CARTESIAN_POINT ( 'NONE',  ( 3.500000000000000000, 15.27371993328518762, 0.000000000000000000 ) ) ;
#1956 = CARTESIAN_POINT ( 'NONE',  ( -1.774665934334748840, 2.286294940964193945, 4.313745607818041172 ) ) ;
#1957 = CARTESIAN_POINT ( 'NONE',  ( 21.50000000000000000, -3.700000000000000178, 0.5000000000000000000 ) ) ;
#1958 = FACE_OUTER_BOUND ( 'NONE', #3913, .T. ) ;
#1959 = CARTESIAN_POINT ( 'NONE',  ( -1.429933247299159937, 5.105554047937183704, 5.718780791571378863 ) ) ;
#1960 = CARTESIAN_POINT ( 'NONE',  ( 2.579629788281250669, 2.431482355792271122, 2.749218751083941648 ) ) ;
#1961 = VECTOR ( 'NONE', #6312, 1000.000000000000000 ) ;
#1962 = VERTEX_POINT ( 'NONE', #1440 ) ;
#1963 = CARTESIAN_POINT ( 'NONE',  ( -1.359498058421943156, 1.833258031075415850, 2.761717619872841034 ) ) ;
#1964 = CARTESIAN_POINT ( 'NONE',  ( -0.9326719265043346141, 5.442450924471310181, 0.9209623378227033141 ) ) ;
#1965 = VECTOR ( 'NONE', #7086, 1000.000000000000000 ) ;
#1966 = CARTESIAN_POINT ( 'NONE',  ( -0.7495282780783981691, 1.484530021315974446, 7.566079256196906577 ) ) ;
#1967 = CARTESIAN_POINT ( 'NONE',  ( -0.8905591591021546627, 5.650000000000000355, 5.874609377167880453 ) ) ;
#1968 = CARTESIAN_POINT ( 'NONE',  ( -0.000000000000000000, -3.700000000000000178, 0.5000000000000000000 ) ) ;
#1969 = CARTESIAN_POINT ( 'NONE',  ( 3.949485927250213853E-16, 1.350000000000000089, 3.046875002167881430 ) ) ;
#1970 = VERTEX_POINT ( 'NONE', #2418 ) ;
#1971 = VERTEX_POINT ( 'NONE', #4613 ) ;
#1972 =( BOUNDED_CURVE ( )  B_SPLINE_CURVE ( 2, ( #5778, #839, #3043, #1599, #5492, #3156, #6006, #3736, #7153, #5426, #2204, #2744, #2074, #7119, #545, #6574, #5971, #2171, #4886, #5939, #7089, #4375, #4948, #3767, #3193, #1089, #2143, #3257, #1021, #2108, #1566, #987, #6035, #1529, #4408, #4311, #1633, #3700, #4853, #5392, #3799, #4347, #3834, #513, #3294, #6543, #5458, #442, #3228, #473, #1494, #5357, #2681, #7053, #5899, #950, #2645, #409, #1056, #4274, #2614, #6513, #2712, #4817, #7016, #6476, #4917, #3358, #1119, #6208, #3395, #5591, #63, #6099, #97, #3898, #5664, #2351, #6756, #2778, #2275, #1693, #2852, #5556, #6716, #612, #3935, #6610, #1766, #4438, #173, #6069, #1151, #3325, #1258, #4471, #6681, #2816, #721, #30, #5016, #2387, #2925, #681, #646, #4505, #1729, #5523, #3467, #6133, #1187, #5050, #5128, #2890, #6644, #2314, #4979, #5089, #134, #3975, #3867, #6173, #1221, #1663, #2242, #3431, #4546, #578, #5627, #1807, #4012, #793, #5702, #1298, #3069, #4154, #1406, #286, #6351, #5805, #758, #213, #325, #6788, #1947, #2530, #4617, #3028, #3505, #2956, #5270, #6244, #905, #1986, #4194, #5162, #3654, #1368, #2490, #4087, #4729, #6395, #6822, #5846, #5195 ),
 .UNSPECIFIED., .F., .T. ) 
 B_SPLINE_CURVE_WITH_KNOTS ( ( 3, 2, 2, 2, 2, 2, 2, 2, 2, 2, 2, 2, 2, 2, 2, 2, 2, 2, 2, 2, 2, 2, 2, 2, 2, 2, 2, 2, 2, 2, 2, 2, 2, 2, 2, 2, 2, 2, 2, 2, 2, 2, 2, 2, 2, 2, 2, 2, 2, 2, 2, 2, 2, 2, 2, 2, 2, 2, 2, 2, 2, 2, 2, 2, 2, 2, 2, 2, 2, 2, 2, 2, 2, 2, 2, 2, 2, 2, 2, 2, 2, 2, 3 ),
 ( 0.07516813323384752277, 0.07937697638577467796, 0.08929909843399162772, 0.09922122048220857748, 0.1091433425304255134, 0.1190654645786424631, 0.1289875866268594129, 0.1389097086750763488, 0.1488318307232932847, 0.1587539527715102483, 0.1686760748197271842, 0.1785981968679441478, 0.1885203189161610560, 0.1984424409643780196, 0.2083645630125949555, 0.2182866850608118914, 0.2282088071090288550, 0.2381309291572457909, 0.2480530512054627268, 0.2579751732536796904, 0.2678972953018966541, 0.2778194173501135622, 0.2877415393983305814, 0.2976636614465474340, 0.3075857834947643976, 0.3175079055429813613, 0.3274300275911982694, 0.3373521496394152330, 0.3472742716876321967, 0.3571963937358491048, 0.3671185157840660684, 0.3770406378322829766, 0.3869627598804999957, 0.3968848819287169039, 0.4068070039769338675, 0.4167291260251508311, 0.4266512480733677393, 0.4365733701215847029, 0.4464954921698016110, 0.4564176142180185747, 0.4663397362662355383, 0.4762618583144524465, 0.4861839803626694101, 0.4961061024108863737, 0.5060282244591032264, 0.5159503465073203010, 0.5258724685555371536, 0.5357945906037542283, 0.5457167126519710809, 0.5556388347001879335, 0.5655609567484050082, 0.5754830787966218608, 0.5854052008448388245, 0.5953273228930557881, 0.6052494449412727517, 0.6151715669894896044, 0.6250936890377065680, 0.6350158110859237537, 0.6449379331341406063, 0.6548600551823575699, 0.6647821772305744226, 0.6747042992787913862, 0.6846264213270082388, 0.6945485433752253135, 0.7044706654234422771, 0.7143927874716591297, 0.7243149095198760934, 0.7342370315680929460, 0.7441591536163099097, 0.7540812756645268733, 0.7640033977127439480, 0.7739255197609609116, 0.7838476418091776532, 0.7937697638573946168, 0.8036918859056115805, 0.8136140079538285441, 0.8235361300020456188, 0.8334582520502625824, 0.8433803740984795461, 0.8533024961466962877, 0.8632246181949132513, 0.8731467402431302149, 0.8752916739215157449 ),
 .UNSPECIFIED. ) 
 CURVE ( )  GEOMETRIC_REPRESENTATION_ITEM ( )  RATIONAL_B_SPLINE_CURVE ( ( 0.9628147693892203929, 0.9677106261387967701, 1.000000000000000000, 0.9238795325112867385, 1.000000000000000000, 0.9238795325112867385, 1.000000000000000000, 0.9238795325112867385, 1.000000000000000000, 0.9238795325112867385, 1.000000000000000000, 0.9238795325112867385, 1.000000000000000000, 0.9238795325112867385, 1.000000000000000000, 0.9238795325112867385, 1.000000000000000000, 0.9238795325112867385, 1.000000000000000000, 0.9238795325112867385, 1.000000000000000000, 0.9238795325112867385, 1.000000000000000000, 0.9238795325112867385, 1.000000000000000000, 0.9238795325112867385, 1.000000000000000000, 0.9238795325112867385, 1.000000000000000000, 0.9238795325112867385, 1.000000000000000000, 0.9238795325112867385, 1.000000000000000000, 0.9238795325112867385, 1.000000000000000000, 0.9238795325112867385, 1.000000000000000000, 0.9238795325112867385, 1.000000000000000000, 0.9238795325112867385, 1.000000000000000000, 0.9238795325112867385, 1.000000000000000000, 0.9238795325112867385, 1.000000000000000000, 0.9238795325112867385, 1.000000000000000000, 0.9238795325112867385, 1.000000000000000000, 0.9238795325112867385, 1.000000000000000000, 0.9238795325112867385, 1.000000000000000000, 0.9238795325112867385, 1.000000000000000000, 0.9238795325112867385, 1.000000000000000000, 0.9238795325112867385, 1.000000000000000000, 0.9238795325112867385, 1.000000000000000000, 0.9238795325112867385, 1.000000000000000000, 0.9238795325112867385, 1.000000000000000000, 0.9238795325112867385, 1.000000000000000000, 0.9238795325112867385, 1.000000000000000000, 0.9238795325112867385, 1.000000000000000000, 0.9238795325112867385, 1.000000000000000000, 0.9238795325112867385, 1.000000000000000000, 0.9238795325112867385, 1.000000000000000000, 0.9238795325112867385, 1.000000000000000000, 0.9238795325112867385, 1.000000000000000000, 0.9238795325112867385, 1.000000000000000000, 0.9238795325112867385, 1.000000000000000000, 0.9238795325112867385, 1.000000000000000000, 0.9238795325112867385, 1.000000000000000000, 0.9238795325112867385, 1.000000000000000000, 0.9238795325112867385, 1.000000000000000000, 0.9238795325112867385, 1.000000000000000000, 0.9238795325112867385, 1.000000000000000000, 0.9238795325112867385, 1.000000000000000000, 0.9238795325112867385, 1.000000000000000000, 0.9238795325112867385, 1.000000000000000000, 0.9238795325112867385, 1.000000000000000000, 0.9238795325112867385, 1.000000000000000000, 0.9238795325112867385, 1.000000000000000000, 0.9238795325112867385, 1.000000000000000000, 0.9238795325112867385, 1.000000000000000000, 0.9238795325112867385, 1.000000000000000000, 0.9238795325112867385, 1.000000000000000000, 0.9238795325112867385, 1.000000000000000000, 0.9238795325112867385, 1.000000000000000000, 0.9238795325112867385, 1.000000000000000000, 0.9238795325112867385, 1.000000000000000000, 0.9238795325112867385, 1.000000000000000000, 0.9238795325112867385, 1.000000000000000000, 0.9238795325112867385, 1.000000000000000000, 0.9238795325112867385, 1.000000000000000000, 0.9238795325112867385, 1.000000000000000000, 0.9238795325112867385, 1.000000000000000000, 0.9238795325112867385, 1.000000000000000000, 0.9238795325112867385, 1.000000000000000000, 0.9238795325112867385, 1.000000000000000000, 0.9238795325112867385, 1.000000000000000000, 0.9238795325112867385, 1.000000000000000000, 0.9238795325112867385, 1.000000000000000000, 0.9238795325112867385, 1.000000000000000000, 0.9238795325112867385, 1.000000000000000000, 0.9238795325112867385, 1.000000000000000000, 0.9238795325112867385, 1.000000000000000000, 0.9238795325112867385, 1.000000000000000000, 0.9238795325112867385, 1.000000000000000000, 0.9238795325112867385, 1.000000000000000000, 0.9835445126014816797, 0.9742036180176474325 ) ) 
 REPRESENTATION_ITEM ( '' )  );
#1973 = CARTESIAN_POINT ( 'NONE',  ( 2.579629788281250669, 2.431482355792271122, 5.825000001083940226 ) ) ;
#1974 = CARTESIAN_POINT ( 'NONE',  ( 1.824073716244490218, 1.675926283755510227, 2.600390626083941115 ) ) ;
#1975 = CARTESIAN_POINT ( 'NONE',  ( 1.543319421174079276, 2.003111549480034004, 6.124490828670471565 ) ) ;
#1976 = CARTESIAN_POINT ( 'NONE',  ( -11.96041791037889901, -3.739582089620928862, 0.1763935700933876860 ) ) ;
#1977 = CARTESIAN_POINT ( 'NONE',  ( -2.579629788281250224, 3.500000000000000000, 0.8144531260839416031 ) ) ;
#1978 = CARTESIAN_POINT ( 'NONE',  ( -2.579629788281250224, 3.500000000000000000, 0.7152343760839403597 ) ) ;
#1979 = CARTESIAN_POINT ( 'NONE',  ( 0.8905591591021542186, 5.650000000000000355, 0.8144531250000013323 ) ) ;
#1980 = CARTESIAN_POINT ( 'NONE',  ( 1.068517644207731321, 0.9203702117187504417, 7.313281251083941115 ) ) ;
#1981 = ADVANCED_FACE ( 'NONE', ( #2453 ), #5533, .T. ) ;
#1982 = CARTESIAN_POINT ( 'NONE',  ( -2.045443448457607616, 4.162963339843763322, 4.991943668709345694 ) ) ;
#1983 = CARTESIAN_POINT ( 'NONE',  ( -0.07238056380784467503, 1.351207387124558679, 6.813128188590941825 ) ) ;
#1984 = CARTESIAN_POINT ( 'NONE',  ( 2.048099276257659085, 4.154290020516707926, 1.498174771967628827 ) ) ;
#1985 = VECTOR ( 'NONE', #5636, 1000.000000000000000 ) ;
#1986 = CARTESIAN_POINT ( 'NONE',  ( 2.579629788281240010, 4.568517644207725326, 0.4671875010839485198 ) ) ;
#1987 = ORIENTED_EDGE ( 'NONE', *, *, #1768, .T. ) ;
#1988 = ORIENTED_EDGE ( 'NONE', *, *, #1705, .F. ) ;
#1989 = CARTESIAN_POINT ( 'NONE',  ( -1.705716304500179303, 2.189588866801478240, 3.527064147854949816 ) ) ;
#1990 = CARTESIAN_POINT ( 'NONE',  ( -1.941319380707507536, 2.575576013963520428, 1.912559153684251001 ) ) ;
#1991 = CARTESIAN_POINT ( 'NONE',  ( 1.571521831967299221, 4.967540966444495609, 2.348238753891455310 ) ) ;
#1992 = CARTESIAN_POINT ( 'NONE',  ( 1.596586069156526788, 4.939958928141389372, 3.139858885610401273 ) ) ;
#1993 = CARTESIAN_POINT ( 'NONE',  ( -2.149999999936321515, 3.500016547483261853, 4.237499078202636937 ) ) ;
#1994 = CARTESIAN_POINT ( 'NONE',  ( -2.423221608127831050, 2.599605097062508197, -3.644744307994084441E-16 ) ) ;
#1995 = EDGE_CURVE ( 'NONE', #5416, #6276, #2488, .T. ) ;
#1996 = CARTESIAN_POINT ( 'NONE',  ( -1.134917472797639215, 1.672607205013400211, 4.365282808325046560 ) ) ;
#1997 = CARTESIAN_POINT ( 'NONE',  ( 17.50000000000000000, -7.500000000000000000, 2.000000000000000000 ) ) ;
#1998 = DIRECTION ( 'NONE',  ( -0.1818181818181816845, 0.9833321660356336702, 0.000000000000000000 ) ) ;
#1999 = CARTESIAN_POINT ( 'NONE',  ( -2.007755524996848617, 4.269590046977131514, 5.778870310972198610 ) ) ;
#2000 = CARTESIAN_POINT ( 'NONE',  ( -2.579629788281249780, 4.568517644207729766, 1.558593751083942269 ) ) ;
#2001 = AXIS2_PLACEMENT_3D ( 'NONE', #3339, #5646, #6228 ) ;
#2002 = ORIENTED_EDGE ( 'NONE', *, *, #6105, .F. ) ;
#2003 = AXIS2_PLACEMENT_3D ( 'NONE', #5943, #3298, #1638 ) ;
#2004 = CARTESIAN_POINT ( 'NONE',  ( -1.950175690769416104, 2.593842070016851853, 2.705083544978310162 ) ) ;
#2005 = CARTESIAN_POINT ( 'NONE',  ( 0.1153878362303523419, 5.646905679801152544, 0.8575900651485388604 ) ) ;
#2006 = AXIS2_PLACEMENT_3D ( 'NONE', #2745, #4014, #683 ) ;
#2007 = CARTESIAN_POINT ( 'NONE',  ( -0.01196833538243444704, 1.346701590690019712, 7.610085544032068938 ) ) ;
#2008 = CARTESIAN_POINT ( 'NONE',  ( 11.50000000000000000, -3.700000000000000178, 0.000000000000000000 ) ) ;
#2009 = CARTESIAN_POINT ( 'NONE',  ( 0.000000000000000000, 3.500000000000000000, 8.000000000000000000 ) ) ;
#2010 = ADVANCED_FACE ( 'NONE', ( #4580 ), #6390, .F. ) ;
#2011 = CARTESIAN_POINT ( 'NONE',  ( 0.8905591591021556619, 1.350000000000000533, 3.096484377167881163 ) ) ;
#2012 = ORIENTED_EDGE ( 'NONE', *, *, #2597, .F. ) ;
#2013 = EDGE_LOOP ( 'NONE', ( #288, #772, #6114, #6049 ) ) ;
#2014 = CIRCLE ( 'NONE', #5801, 1.650000000000000577 ) ;
#2015 = EDGE_CURVE ( 'NONE', #6601, #3013, #1876, .T. ) ;
#2016 = CARTESIAN_POINT ( 'NONE',  ( 4.738703044805694992E-16, 0.9203702117187499976, 2.501171876083940759 ) ) ;
#2017 = CARTESIAN_POINT ( 'NONE',  ( -2.579629788281250224, 3.500000000000000000, 3.096484376083941115 ) ) ;
#2018 = EDGE_CURVE ( 'NONE', #1468, #4542, #1343, .T. ) ;
#2019 = CARTESIAN_POINT ( 'NONE',  ( -12.08303577005200857, -4.005654743315570698, 0.03623624553335726833 ) ) ;
#2020 = CARTESIAN_POINT ( 'NONE',  ( -1.824073716244489329, 1.675926283755509782, 0.02070312608394055121 ) ) ;
#2021 = CARTESIAN_POINT ( 'NONE',  ( -1.824073716244489329, 1.675926283755509782, 6.469921876083941648 ) ) ;
#2022 = CARTESIAN_POINT ( 'NONE',  ( -2.579629788281249336, 2.431482355792268013, 7.114843751083942180 ) ) ;
#2023 = ORIENTED_EDGE ( 'NONE', *, *, #6419, .T. ) ;
#2024 = CARTESIAN_POINT ( 'NONE',  ( 1.334848815762506025, 5.185520709449003007, 4.747735151957589217 ) ) ;
#2025 = CARTESIAN_POINT ( 'NONE',  ( -1.822589187516516995, 2.359490985931075979, 6.689837262651654903 ) ) ;
#2026 = CIRCLE ( 'NONE', #2486, 4.000000000000000000 ) ;
#2027 = EDGE_CURVE ( 'NONE', #4485, #1970, #5306, .T. ) ;
#2028 = CARTESIAN_POINT ( 'NONE',  ( 0.4785705589443272068, 5.596441052293970486, 1.629916601320934300 ) ) ;
#2029 = EDGE_CURVE ( 'NONE', #2748, #2554, #7036, .T. ) ;
#2030 = CARTESIAN_POINT ( 'NONE',  ( 1.520279579551077509, 1.979720420448922935, 6.916406250000001421 ) ) ;
#2031 = ORIENTED_EDGE ( 'NONE', *, *, #4792, .F. ) ;
#2032 = ORIENTED_EDGE ( 'NONE', *, *, #1318, .T. ) ;
#2033 = CARTESIAN_POINT ( 'NONE',  ( 1.829448299022523816, 2.370566991272349266, 0.000000000000000000 ) ) ;
#2034 = CARTESIAN_POINT ( 'NONE',  ( -0.4539853174050594298, 5.602370242195084948, 2.477965872432213779 ) ) ;
#2035 = CARTESIAN_POINT ( 'NONE',  ( -2.037956472108794159, 2.812508499207968526, 5.072137840713982548 ) ) ;
#2036 = CARTESIAN_POINT ( 'NONE',  ( -2.583418192938089941, 3.593152066884865992, 5.084234971829039402E-14 ) ) ;
#2037 = CARTESIAN_POINT ( 'NONE',  ( 2.149999999999828937, 3.499999398153894603, 4.634363979980803627 ) ) ;
#2038 = DIRECTION ( 'NONE',  ( -1.000000000000000000, 0.000000000000000000, 0.000000000000000000 ) ) ;
#2039 = CARTESIAN_POINT ( 'NONE',  ( 0.000000000000000000, 3.500000000000000000, 8.000000000000000000 ) ) ;
#2040 = CARTESIAN_POINT ( 'NONE',  ( -1.091543082415910471, 5.354153467148417889, 5.694192436432263804 ) ) ;
#2041 = CARTESIAN_POINT ( 'NONE',  ( -1.824073716244489329, 1.675926283755509782, 1.707421876083942136 ) ) ;
#2042 = ORIENTED_EDGE ( 'NONE', *, *, #6376, .F. ) ;
#2043 = CARTESIAN_POINT ( 'NONE',  ( -1.834452644863170834, 2.375838951851426462, 2.719838905194433831 ) ) ;
#2044 = CARTESIAN_POINT ( 'NONE',  ( -1.064196529900002242, 5.373805022314560809, 0.9297223983000636460 ) ) ;
#2045 = CARTESIAN_POINT ( 'NONE',  ( 0.4375830620479619903, 1.394013011973332494, 7.636343093316822817 ) ) ;
#2046 = CARTESIAN_POINT ( 'NONE',  ( 1.189910761925579319, 5.290820562785984116, 7.933161479659852411 ) ) ;
#2047 = CARTESIAN_POINT ( 'NONE',  ( 1.520279579551077509, 1.979720420448922935, 1.558593752167881430 ) ) ;
#2048 = CARTESIAN_POINT ( 'NONE',  ( 1.785291091806341823, 2.294973820759152794, 0.5903382983780363080 ) ) ;
#2049 = ORIENTED_EDGE ( 'NONE', *, *, #3275, .F. ) ;
#2050 = ADVANCED_FACE ( 'NONE', ( #565 ), #1651, .F. ) ;
#2051 = CARTESIAN_POINT ( 'NONE',  ( -1.068517644207730211, 0.9203702117187504417, 0.8640625010839404485 ) ) ;
#2052 = CARTESIAN_POINT ( 'NONE',  ( -1.068517644207729766, 6.079629788281250669, 3.741406251083940759 ) ) ;
#2053 = CARTESIAN_POINT ( 'NONE',  ( -1.960090781895090561, 2.616407416051232282, 5.878602182892902484 ) ) ;
#2054 = CARTESIAN_POINT ( 'NONE',  ( -11.93286973495173342, -2.901390795144846990, 0.2441299763527104150 ) ) ;
#2055 = CARTESIAN_POINT ( 'NONE',  ( -2.579629788281249336, 2.431482355792268013, 2.352343751083941559 ) ) ;
#2056 = CARTESIAN_POINT ( 'NONE',  ( 1.068517644207729544, 6.079629788281250669, 7.710156251083942536 ) ) ;
#2057 = CARTESIAN_POINT ( 'NONE',  ( -1.824073716244489995, 5.324073716244490662, 6.966015626083940759 ) ) ;
#2058 = ORIENTED_EDGE ( 'NONE', *, *, #3037, .T. ) ;
#2059 = CARTESIAN_POINT ( 'NONE',  ( 0.9514164209328428434, 5.428887783430372593, 4.774715404501397309 ) ) ;
#2060 = CARTESIAN_POINT ( 'NONE',  ( -1.164690795372963494, 5.308994668799989824, 4.111837719433063754 ) ) ;
#2061 = CARTESIAN_POINT ( 'NONE',  ( -1.068517644207729766, 6.079629788281250669, 6.221875001083943424 ) ) ;
#2062 = CARTESIAN_POINT ( 'NONE',  ( -1.520279579551076843, 1.979720420448922491, 7.511718750000000888 ) ) ;
#2063 = ORIENTED_EDGE ( 'NONE', *, *, #3132, .T. ) ;
#2064 = VERTEX_POINT ( 'NONE', #7141 ) ;
#2065 = CARTESIAN_POINT ( 'NONE',  ( -0.3223873829129579871, 5.786901689587612196, 2.898621045331888025E-14 ) ) ;
#2066 = CARTESIAN_POINT ( 'NONE',  ( 0.7125893428341852909, 5.528652328292202434, 2.409066904974588308 ) ) ;
#2067 = VECTOR ( 'NONE', #960, 1000.000000000000000 ) ;
#2068 = ADVANCED_FACE ( 'NONE', ( #2801 ), #1173, .T. ) ;
#2069 = CARTESIAN_POINT ( 'NONE',  ( -2.145081092076533302, 3.657789847993383248, 0.2598456600703136776 ) ) ;
#2070 = FACE_OUTER_BOUND ( 'NONE', #4176, .T. ) ;
#2071 = DIRECTION ( 'NONE',  ( -1.000000000000000000, 0.000000000000000000, 0.000000000000000000 ) ) ;
#2072 = DIRECTION ( 'NONE',  ( 1.000000000000000000, 0.000000000000000000, 0.000000000000000000 ) ) ;
#2073 = CARTESIAN_POINT ( 'NONE',  ( -0.8905591591021549958, 1.350000000000000533, 5.378515627167882229 ) ) ;
#2074 = CARTESIAN_POINT ( 'NONE',  ( 1.824073716244483112, 1.675926283755517554, 7.462109376083947865 ) ) ;
#2075 = CARTESIAN_POINT ( 'NONE',  ( 1.134424826331675629, 5.327108567278637352, 5.555920366159083024 ) ) ;
#2076 = CARTESIAN_POINT ( 'NONE',  ( 2.579629788281250669, 2.431482355792271122, -0.4257812489160579528 ) ) ;
#2077 = ADVANCED_FACE ( 'NONE', ( #667 ), #83, .F. ) ;
#2078 = ORIENTED_EDGE ( 'NONE', *, *, #1995, .T. ) ;
#2079 = FACE_OUTER_BOUND ( 'NONE', #3615, .T. ) ;
#2080 = CARTESIAN_POINT ( 'NONE',  ( 1.520279579551077065, 5.020279579551076843, 0.9632812521678810747 ) ) ;
#2081 = CARTESIAN_POINT ( 'NONE',  ( -2.141868380750152845, 3.303740736307647641, 7.423623471114683348 ) ) ;
#2082 = CARTESIAN_POINT ( 'NONE',  ( 0.000000000000000000, 3.500000000000000000, 0.000000000000000000 ) ) ;
#2083 = CARTESIAN_POINT ( 'NONE',  ( 1.615063256602787156, 4.919197139530828267, 7.107025593043827527 ) ) ;
#2084 = CARTESIAN_POINT ( 'NONE',  ( -1.316495309083404618E-16, 5.650000000000000355, -0.5249999978321189253 ) ) ;
#2085 = ORIENTED_EDGE ( 'NONE', *, *, #6392, .T. ) ;
#2086 = AXIS2_PLACEMENT_3D ( 'NONE', #6541, #1053, #3831 ) ;
#2087 = CARTESIAN_POINT ( 'NONE',  ( 4.738703044805694992E-16, 0.9203702117187499976, 1.707421876083940360 ) ) ;
#2088 = CARTESIAN_POINT ( 'NONE',  ( -2.579629788281250224, 3.500000000000000000, -0.07851562391605892977 ) ) ;
#2089 = CARTESIAN_POINT ( 'NONE',  ( 12.00000000000000000, -1.665334536937734811E-15, 2.000000000000000000 ) ) ;
#2090 = DIRECTION ( 'NONE',  ( -1.000000000000000000, 0.000000000000000000, 0.000000000000000000 ) ) ;
#2091 = EDGE_CURVE ( 'NONE', #2491, #5019, #6103, .T. ) ;
#2092 = CARTESIAN_POINT ( 'NONE',  ( 1.520279579551077065, 5.020279579551076843, 7.313281252167882052 ) ) ;
#2093 = CARTESIAN_POINT ( 'NONE',  ( 0.7649837695432714080, 0.8665970816146929545, -1.100529048954279387 ) ) ;
#2094 = DIRECTION ( 'NONE',  ( 1.000000000000000000, 0.000000000000000000, 0.000000000000000000 ) ) ;
#2095 = CARTESIAN_POINT ( 'NONE',  ( 2.070555886604768414, 4.079094903260600979, 4.668467413249673292 ) ) ;
#2096 = CARTESIAN_POINT ( 'NONE',  ( 0.1716872650891021201, 5.643139350795841835, 4.029364626114015913 ) ) ;
#2097 = CARTESIAN_POINT ( 'NONE',  ( 2.579629788281249780, 4.568517644207729766, 7.610937501083941292 ) ) ;
#2098 = CARTESIAN_POINT ( 'NONE',  ( -2.149999999999999911, 3.500000000000000000, 5.825000000000001066 ) ) ;
#2099 = VERTEX_POINT ( 'NONE', #4457 ) ;
#2100 = ORIENTED_EDGE ( 'NONE', *, *, #5075, .F. ) ;
#2101 = CARTESIAN_POINT ( 'NONE',  ( 2.149999999999999911, 3.500000001735972699, 7.214062537278850051 ) ) ;
#2102 = CARTESIAN_POINT ( 'NONE',  ( 1.243427142486113857, 5.253999066184401379, 2.373181401112603339 ) ) ;
#2103 = CARTESIAN_POINT ( 'NONE',  ( -2.118906575723375596, 3.877650889797344291, 0.2469955538299965780 ) ) ;
#2104 = AXIS2_PLACEMENT_3D ( 'NONE', #948, #7014, #2072 ) ;
#2105 = FACE_OUTER_BOUND ( 'NONE', #6640, .T. ) ;
#2106 = CARTESIAN_POINT ( 'NONE',  ( 2.145540919542318292, 3.361601435811266914, 7.999999999999611866 ) ) ;
#2107 = CARTESIAN_POINT ( 'NONE',  ( -5.408326913195983465, 0.000000000000000000, 8.000000000000000000 ) ) ;
#2108 = CARTESIAN_POINT ( 'NONE',  ( 1.068517644207727102, 0.9203702117187605447, 6.618750001083946621 ) ) ;
#2109 = CARTESIAN_POINT ( 'NONE',  ( 1.009166357977638206, 5.398493908387297147, 5.564539372841998954 ) ) ;
#2110 = CARTESIAN_POINT ( 'NONE',  ( -0.8905591591021549958, 1.350000000000000533, 2.203515627167881519 ) ) ;
#2111 = ORIENTED_EDGE ( 'NONE', *, *, #2015, .F. ) ;
#2112 = VECTOR ( 'NONE', #2873, 1000.000000000000000 ) ;
#2113 = DIRECTION ( 'NONE',  ( -0.000000000000000000, 0.000000000000000000, 1.000000000000000000 ) ) ;
#2114 = CARTESIAN_POINT ( 'NONE',  ( 2.115804360362514736, 3.881964106300693107, 0.6876917292917530400 ) ) ;
#2115 = CARTESIAN_POINT ( 'NONE',  ( 0.000000000000000000, -0.5171572875253820367, 6.000000000000000000 ) ) ;
#2116 = DIRECTION ( 'NONE',  ( 0.000000000000000000, -0.000000000000000000, -1.000000000000000000 ) ) ;
#2117 = VECTOR ( 'NONE', #194, 1000.000000000000000 ) ;
#2118 = CARTESIAN_POINT ( 'NONE',  ( 1.868963987723179621, 4.579489742271960928, 7.082075347430019541 ) ) ;
#2119 = DIRECTION ( 'NONE',  ( -0.000000000000000000, -0.000000000000000000, -1.000000000000000000 ) ) ;
#2120 = EDGE_LOOP ( 'NONE', ( #2344, #2740, #6536, #7019 ) ) ;
#2121 = AXIS2_PLACEMENT_3D ( 'NONE', #5337, #968, #3172 ) ;
#2122 = EDGE_CURVE ( 'NONE', #3599, #3812, #3910, .T. ) ;
#2123 = CARTESIAN_POINT ( 'NONE',  ( -1.824073716244489995, 5.324073716244490662, 2.203515626083940582 ) ) ;
#2124 =( NAMED_UNIT ( * ) SI_UNIT ( $, .STERADIAN. ) SOLID_ANGLE_UNIT ( ) );
#2125 = DIRECTION ( 'NONE',  ( 0.000000000000000000, 0.000000000000000000, -1.000000000000000000 ) ) ;
#2126 = CARTESIAN_POINT ( 'NONE',  ( -1.520279579551076843, 1.979720420448922491, 6.916406252167881519 ) ) ;
#2127 = CARTESIAN_POINT ( 'NONE',  ( -1.579567681601898742E-16, 6.079629788281250669, 7.759765626083941825 ) ) ;
#2128 = CIRCLE ( 'NONE', #6964, 0.5000000000000000000 ) ;
#2129 = CARTESIAN_POINT ( 'NONE',  ( -1.068517644207730211, 0.9203702117187504417, 6.420312501083940582 ) ) ;
#2130 = CARTESIAN_POINT ( 'NONE',  ( 0.8409093983630072655, 5.478744537692004535, 4.782017258318257191 ) ) ;
#2131 = CARTESIAN_POINT ( 'NONE',  ( 0.1342538912671369933, 5.645874154458104144, 4.031452225804130762 ) ) ;
#2132 = CARTESIAN_POINT ( 'NONE',  ( -2.579629788281249336, 2.431482355792268013, 4.832812501083942003 ) ) ;
#2133 = CARTESIAN_POINT ( 'NONE',  ( 1.520279579551077065, 5.020279579551076843, 8.702343750000000711 ) ) ;
#2134 = ORIENTED_EDGE ( 'NONE', *, *, #1318, .F. ) ;
#2135 = ORIENTED_EDGE ( 'NONE', *, *, #1768, .F. ) ;
#2136 = CARTESIAN_POINT ( 'NONE',  ( -2.246074311934048495, 4.641655096601334130, 2.509557341779178135E-16 ) ) ;
#2137 = CARTESIAN_POINT ( 'NONE',  ( 0.9991359176447796031, 1.595521874452841660, 1.322259463066617569 ) ) ;
#2138 = EDGE_CURVE ( 'NONE', #5642, #6010, #6908, .T. ) ;
#2139 = CARTESIAN_POINT ( 'NONE',  ( -0.6004485511625966554, 1.435387544908954149, 5.194271695607348249 ) ) ;
#2140 = CARTESIAN_POINT ( 'NONE',  ( 5.000000000000000000, 14.54651426760056765, 2.000000000000000000 ) ) ;
#2141 = DIRECTION ( 'NONE',  ( -0.000000000000000000, 0.000000000000000000, -1.000000000000000000 ) ) ;
#2142 = CARTESIAN_POINT ( 'NONE',  ( 3.000000000000000000, 15.27371993328518762, 2.000000000000000000 ) ) ;
#2143 = CARTESIAN_POINT ( 'NONE',  ( 2.579629788281240010, 3.500000000000000444, 6.767578126083948042 ) ) ;
#2144 = CARTESIAN_POINT ( 'NONE',  ( 0.3833678778867767867, 5.618840392489711455, 5.604214965158847761 ) ) ;
#2145 = CARTESIAN_POINT ( 'NONE',  ( -0.000000000000000000, -4.200000000000000178, 0.5000000000000000000 ) ) ;
#2146 = AXIS2_PLACEMENT_3D ( 'NONE', #2963, #5168, #5021 ) ;
#2147 = ORIENTED_EDGE ( 'NONE', *, *, #1476, .F. ) ;
#2148 = FACE_OUTER_BOUND ( 'NONE', #6062, .T. ) ;
#2149 = CARTESIAN_POINT ( 'NONE',  ( 1.615212478360931625, 4.919763378138208409, 0.7569013463709188816 ) ) ;
#2150 = CARTESIAN_POINT ( 'NONE',  ( -2.113342270074132667, 3.104642934094322904, 7.435369602219737750 ) ) ;
#2151 = CARTESIAN_POINT ( 'NONE',  ( 1.048904792519160134, 5.378022243058624419, 7.943349850518399258 ) ) ;
#2152 = CARTESIAN_POINT ( 'NONE',  ( 1.145835475659088720, 5.346433352215059998, 7.143590780829952358 ) ) ;
#2153 = CARTESIAN_POINT ( 'NONE',  ( -1.520279579551076843, 1.979720420448922491, -0.2273437478321188032 ) ) ;
#2154 = ORIENTED_EDGE ( 'NONE', *, *, #4997, .T. ) ;
#2155 = EDGE_CURVE ( 'NONE', #6010, #2554, #5672, .T. ) ;
#2156 = CARTESIAN_POINT ( 'NONE',  ( 1.824073716244489773, 5.324073716244490662, 1.211328126083940360 ) ) ;
#2157 = CARTESIAN_POINT ( 'NONE',  ( -1.812723920244654563, 2.341016779293775052, 5.897363495232315067 ) ) ;
#2158 = FACE_OUTER_BOUND ( 'NONE', #5257, .T. ) ;
#2159 = CARTESIAN_POINT ( 'NONE',  ( -2.149999999999999467, 2.609440840897844893, 7.660546877167880631 ) ) ;
#2160 = CARTESIAN_POINT ( 'NONE',  ( 0.1333211259672485993, 5.647000138494385979, 4.824982166809056672 ) ) ;
#2161 = CARTESIAN_POINT ( 'NONE',  ( -1.270933194520970533, 5.234136824068256644, 4.119460048793419205 ) ) ;
#2162 = CARTESIAN_POINT ( 'NONE',  ( -1.824073716244489329, 1.675926283755509782, 7.263671876083941825 ) ) ;
#2163 = CARTESIAN_POINT ( 'NONE',  ( 0.8905591591021542186, 5.650000000000000355, 7.958203125000000711 ) ) ;
#2164 = ORIENTED_EDGE ( 'NONE', *, *, #5360, .F. ) ;
#2165 = ORIENTED_EDGE ( 'NONE', *, *, #6056, .F. ) ;
#2166 = CARTESIAN_POINT ( 'NONE',  ( -13.00000000000000178, -2.700000000000000178, 2.000000000000000000 ) ) ;
#2167 = CARTESIAN_POINT ( 'NONE',  ( 2.119956404036886344, 3.141825623099988363, 1.438728441664030466 ) ) ;
#2168 = CARTESIAN_POINT ( 'NONE',  ( -0.2652127077136882116, 1.365430423684158789, 5.214652710018341075 ) ) ;
#2169 = DIRECTION ( 'NONE',  ( -0.000000000000000000, 0.000000000000000000, 1.000000000000000000 ) ) ;
#2170 = CARTESIAN_POINT ( 'NONE',  ( 6.391659079231616580, 1.181818181818181435, 2.000000000000000000 ) ) ;
#2171 = CARTESIAN_POINT ( 'NONE',  ( -2.579629788281239122, 2.431482355792272454, 7.214062501083947865 ) ) ;
#2172 = CARTESIAN_POINT ( 'NONE',  ( 2.037856312663635983, 4.188987045994959857, 5.469159185271544210 ) ) ;
#2173 = CIRCLE ( 'NONE', #7133, 3.499999999999999556 ) ;
#2174 = CARTESIAN_POINT ( 'NONE',  ( -2.579629788281250224, 3.500000000000000000, -0.7730468739160569758 ) ) ;
#2175 = EDGE_LOOP ( 'NONE', ( #1689, #5790, #6523, #539 ) ) ;
#2176 = DIRECTION ( 'NONE',  ( -1.000000000000000000, 0.000000000000000000, 0.000000000000000000 ) ) ;
#2177 = CARTESIAN_POINT ( 'NONE',  ( 1.951628132628923762, 4.403445168643936647, 0.7205279135504172316 ) ) ;
#2178 = AXIS2_PLACEMENT_3D ( 'NONE', #475, #4314, #4950 ) ;
#2179 = CARTESIAN_POINT ( 'NONE',  ( -2.111566910247860474, 3.095268059587659160, 7.435932760525441942 ) ) ;
#2180 = CARTESIAN_POINT ( 'NONE',  ( 1.906008851882520672, 4.496395736030651236, 7.870515001615091322 ) ) ;
#2181 = CARTESIAN_POINT ( 'NONE',  ( 2.149999999991658584, 3.499995816807531579, 7.015547590692133184 ) ) ;
#2182 = CARTESIAN_POINT ( 'NONE',  ( 2.149999999996270006, 3.500002797559089274, 0.6656767581768167075 ) ) ;
#2183 = VERTEX_POINT ( 'NONE', #2933 ) ;
#2184 = ORIENTED_EDGE ( 'NONE', *, *, #6134, .F. ) ;
#2185 = CARTESIAN_POINT ( 'NONE',  ( 4.738703044805694992E-16, 0.9203702117187499976, 0.9136718760839410702 ) ) ;
#2186 = DIRECTION ( 'NONE',  ( -1.000000000000000000, 0.000000000000000000, 0.000000000000000000 ) ) ;
#2187 = CARTESIAN_POINT ( 'NONE',  ( -1.368099980116080694, 5.362972999559204368, 8.000000000000000000 ) ) ;
#2188 = CARTESIAN_POINT ( 'NONE',  ( -2.149999999999999911, 4.390559159102155995, 6.767578127167880986 ) ) ;
#2189 = AXIS2_PLACEMENT_3D ( 'NONE', #5002, #1681, #49 ) ;
#2190 = CARTESIAN_POINT ( 'NONE',  ( -1.579567681601898742E-16, 6.079629788281250669, 7.660546876083940582 ) ) ;
#2191 = CARTESIAN_POINT ( 'NONE',  ( -1.912003196977221764, 4.483240983653406175, 4.177236193331776093 ) ) ;
#2192 = CARTESIAN_POINT ( 'NONE',  ( -1.579567681601898742E-16, 6.079629788281250669, 5.378515626083942180 ) ) ;
#2193 = AXIS2_PLACEMENT_3D ( 'NONE', #1327, #4574, #6780 ) ;
#2194 = CARTESIAN_POINT ( 'NONE',  ( 3.949485927250213853E-16, 1.350000000000000089, 3.642187500000001243 ) ) ;
#2195 = ORIENTED_EDGE ( 'NONE', *, *, #1623, .F. ) ;
#2196 = ORIENTED_EDGE ( 'NONE', *, *, #2220, .F. ) ;
#2197 = CARTESIAN_POINT ( 'NONE',  ( 0.8562074708408774493, 1.527838937332264946, 1.312736829443559294 ) ) ;
#2198 = VERTEX_POINT ( 'NONE', #3514 ) ;
#2199 = CARTESIAN_POINT ( 'NONE',  ( 0.9716339525098229846, 5.426867535291447275, 0.01103819586191340935 ) ) ;
#2200 = CARTESIAN_POINT ( 'NONE',  ( 3.500000000000000000, 14.54651426760056765, 0.000000000000000000 ) ) ;
#2201 = DIRECTION ( 'NONE',  ( -0.000000000000000000, 0.000000000000000000, 1.000000000000000000 ) ) ;
#2202 =( BOUNDED_CURVE ( )  B_SPLINE_CURVE ( 2, ( #5245, #6327, #1456, #4702, #4165, #4207, #2542, #5859, #6904 ),
 .UNSPECIFIED., .F., .F. ) 
 B_SPLINE_CURVE_WITH_KNOTS ( ( 3, 2, 2, 2, 3 ),
 ( 0.3571964446597193921, 0.3671184966053447907, 0.3770406181352189967, 0.3869627396650932583, 0.3968848406376375704 ),
 .UNSPECIFIED. ) 
 CURVE ( )  GEOMETRIC_REPRESENTATION_ITEM ( )  RATIONAL_B_SPLINE_CURVE ( ( 0.9999989323355104043, 0.9238800663472753749, 1.000000000000000000, 0.9238795325112867385, 1.000000000000000000, 0.9238795325112867385, 1.000000000000000000, 0.9238795325112867385, 1.000000000000000000 ) ) 
 REPRESENTATION_ITEM ( '' )  );
#2203 = CARTESIAN_POINT ( 'NONE',  ( -3.499999999999998224, 15.27371993328518762, 0.5000000000000000000 ) ) ;
#2204 = CARTESIAN_POINT ( 'NONE',  ( 2.579629788281240010, 3.500000000000000444, 7.561328126083948220 ) ) ;
#2205 = CARTESIAN_POINT ( 'NONE',  ( -5.408326913195983465, 1.000000000000000000, 8.000000000000000000 ) ) ;
#2206 = CARTESIAN_POINT ( 'NONE',  ( -11.50000000000000178, 10.00000000000000000, 0.000000000000000000 ) ) ;
#2207 = ORIENTED_EDGE ( 'NONE', *, *, #3344, .T. ) ;
#2208 = CIRCLE ( 'NONE', #6243, 1.000000000000000000 ) ;
#2209 = DIRECTION ( 'NONE',  ( -1.000000000000000000, 0.000000000000000000, 0.000000000000000000 ) ) ;
#2210 = CARTESIAN_POINT ( 'NONE',  ( 0.2696234068012585694, 5.633602473811727407, 0.8486896014320353121 ) ) ;
#2211 = CARTESIAN_POINT ( 'NONE',  ( -2.579629788281249780, 4.568517644207729766, 3.046875001083940493 ) ) ;
#2212 = ADVANCED_FACE ( 'NONE', ( #2360 ), #227, .T. ) ;
#2213 = CARTESIAN_POINT ( 'NONE',  ( 1.104027422852388085, 1.654435507054583310, 4.504463761244078768 ) ) ;
#2214 = CARTESIAN_POINT ( 'NONE',  ( -0.4828871697875322111, 5.595090429661081721, 1.685979431253959326 ) ) ;
#2215 = CARTESIAN_POINT ( 'NONE',  ( -0.5512412901521919206, 5.578262082478691042, 7.246425869670365394 ) ) ;
#2216 = CARTESIAN_POINT ( 'NONE',  ( -1.746191125140133416, 2.238715101073122327, 0.3480810040537797856 ) ) ;
#2217 = VECTOR ( 'NONE', #1747, 1000.000000000000000 ) ;
#2218 = ORIENTED_EDGE ( 'NONE', *, *, #5159, .T. ) ;
#2219 = TOROIDAL_SURFACE ( 'NONE', #6957, 0.5000000000000000000, 0.5000000000000000000 ) ;
#2220 = EDGE_CURVE ( 'NONE', #1838, #4951, #5136, .T. ) ;
#2221 = CARTESIAN_POINT ( 'NONE',  ( -2.579629788281250224, 3.500000000000000000, 1.508984376083940537 ) ) ;
#2222 = CARTESIAN_POINT ( 'NONE',  ( 0.7248158389551836445, 1.305794535717581528, 3.517917944572062734E-16 ) ) ;
#2223 = CARTESIAN_POINT ( 'NONE',  ( -2.149999999999999467, 2.609440840897844449, 0.5167968771678816964 ) ) ;
#2224 = CARTESIAN_POINT ( 'NONE',  ( -1.579567681601898742E-16, 6.079629788281250669, -1.070703123916058930 ) ) ;
#2225 = CIRCLE ( 'NONE', #2694, 2.149999999999999911 ) ;
#2226 = B_SPLINE_CURVE_WITH_KNOTS ( 'NONE', 3,
 ( #6844, #1897, #3676, #4105, #3596, #6301, #5871, #4711, #923, #850, #813, #1353, #3559, #5752, #6371, #6913, #5215, #4674, #1426, #3637, #6551, #4321, #7062, #2756, #3844, #3303, #451, #2720, #2655, #2215, #5501, #5469, #6015, #2622, #1672, #3335, #6484, #7129, #2152, #1031, #554, #1066, #5436, #2083, #1609, #4925, #4418, #3808, #2691, #4958, #2118, #4284, #3267, #3878, #3, #521, #418, #6621, #4896, #3201, #1128, #6078, #4826, #2181 ),
 .UNSPECIFIED., .F., .F.,
 ( 4, 2, 2, 2, 1, 2, 2, 2, 2, 2, 2, 2, 2, 2, 2, 1, 1, 2, 2, 2, 2, 2, 1, 2, 2, 2, 2, 2, 2, 1, 1, 2, 2, 2, 4 ),
 ( 0.07338715029835085613, 0.07648912467187149455, 0.07804011185863181377, 0.07842785865532188316, 0.07881560545201196644, 0.07959109904539211910, 0.08269307341891274366, 0.08579504779243338208, 0.08657054138581353475, 0.08734603497919370130, 0.08889702216595404827, 0.09199899653947474221, 0.09354998372623508918, 0.09374385712458013775, 0.09384079382375265510, 0.09393773052292517245, 0.09432547731961526960, 0.09510097091299546390, 0.09820294528651624111, 0.1013049196600370183, 0.1044068940335578094, 0.1106108427805993499, 0.1113863363739795442, 0.1115802097723245928, 0.1117740831706696414, 0.1121618299673597663, 0.1137128171541201826, 0.1168147915276410570, 0.1175902851210212791, 0.1179780319177113901, 0.1181719053160564387, 0.1182688420152289699, 0.1183657787144014872, 0.1199167659011618481, 0.1230187402746825559 ),
 .UNSPECIFIED. ) ;
#2227 = EDGE_CURVE ( 'NONE', #2471, #5387, #3576, .T. ) ;
#2228 = CARTESIAN_POINT ( 'NONE',  ( 2.149931552344436447, 3.519885755205541145, 4.635475960042786170 ) ) ;
#2229 = CARTESIAN_POINT ( 'NONE',  ( 2.148605106182089663, 3.420754154171401495, 6.217428204206647990 ) ) ;
#2230 = CIRCLE ( 'NONE', #6386, 1.517157287525383591 ) ;
#2231 = CARTESIAN_POINT ( 'NONE',  ( 2.579629788281250224, 3.500000000000000444, 2.005078126083942536 ) ) ;
#2232 = CARTESIAN_POINT ( 'NONE',  ( -2.149999999999999911, 3.500000000000000000, 4.237500000000001599 ) ) ;
#2233 = ORIENTED_EDGE ( 'NONE', *, *, #3563, .F. ) ;
#2234 = VERTEX_POINT ( 'NONE', #618 ) ;
#2235 = CARTESIAN_POINT ( 'NONE',  ( 0.3701738557400864327, 1.356573228730151293, 1.282459811234339719 ) ) ;
#2236 = ORIENTED_EDGE ( 'NONE', *, *, #410, .T. ) ;
#2237 = DIRECTION ( 'NONE',  ( 0.000000000000000000, -0.7071067811865474617, -0.7071067811865474617 ) ) ;
#2238 = EDGE_CURVE ( 'NONE', #2198, #376, #4269, .T. ) ;
#2239 = DIRECTION ( 'NONE',  ( 1.000000000000000000, 0.000000000000000000, 0.000000000000000000 ) ) ;
#2240 = EDGE_CURVE ( 'NONE', #4960, #1613, #105, .T. ) ;
#2241 = CARTESIAN_POINT ( 'NONE',  ( -3.499999999999998224, 15.27371993328518762, 0.000000000000000000 ) ) ;
#2242 = CARTESIAN_POINT ( 'NONE',  ( 1.824073716244483112, 1.675926283755517554, 1.905859376083947732 ) ) ;
#2243 = LINE ( 'NONE', #1223, #3847 ) ;
#2244 = CARTESIAN_POINT ( 'NONE',  ( 1.879148051577259615, 2.455244068663282153, 2.188675639435984088 ) ) ;
#2245 = ORIENTED_EDGE ( 'NONE', *, *, #5360, .T. ) ;
#2246 = CARTESIAN_POINT ( 'NONE',  ( -1.529831212475081692, 5.010807004062590053, 3.345261907954597991 ) ) ;
#2247 = CARTESIAN_POINT ( 'NONE',  ( 0.9705646431969038312, 5.418468186734402003, 0.8046536926372632736 ) ) ;
#2248 = CARTESIAN_POINT ( 'NONE',  ( 2.579629788281249780, 4.568517644207729766, 0.3679687510839413367 ) ) ;
#2249 = CARTESIAN_POINT ( 'NONE',  ( 0.000000000000000000, 0.000000000000000000, 8.000000000000000000 ) ) ;
#2250 = CARTESIAN_POINT ( 'NONE',  ( -0.2700441804384310363, 5.637857412806673629, 1.673156706326836440 ) ) ;
#2251 = FACE_OUTER_BOUND ( 'NONE', #5559, .T. ) ;
#2252 = AXIS2_PLACEMENT_3D ( 'NONE', #3624, #256, #4737 ) ;
#2253 = CARTESIAN_POINT ( 'NONE',  ( -1.434583931560312386, 1.898595779170202835, 0.3746140337023982636 ) ) ;
#2254 = CARTESIAN_POINT ( 'NONE',  ( -2.579629788281249780, 4.568517644207729766, 7.114843751083942180 ) ) ;
#2255 = EDGE_LOOP ( 'NONE', ( #196, #1783, #3538, #615 ) ) ;
#2256 = CARTESIAN_POINT ( 'NONE',  ( 2.579629788281250669, 2.431482355792271122, 7.412500001083940582 ) ) ;
#2257 = EDGE_LOOP ( 'NONE', ( #4927, #6802, #4188, #4286 ) ) ;
#2258 = DIRECTION ( 'NONE',  ( -0.000000000000000000, 0.000000000000000000, 1.000000000000000000 ) ) ;
#2259 = CYLINDRICAL_SURFACE ( 'NONE', #1183, 1.749999999999999778 ) ;
#2260 = CARTESIAN_POINT ( 'NONE',  ( -2.200964419824860130, 4.554233435938637164, 8.000000000000005329 ) ) ;
#2261 = CARTESIAN_POINT ( 'NONE',  ( -1.316495309083404618E-16, 5.650000000000000355, 5.031250002167881874 ) ) ;
#2262 = DIRECTION ( 'NONE',  ( 0.000000000000000000, 0.000000000000000000, 1.000000000000000000 ) ) ;
#2263 = CARTESIAN_POINT ( 'NONE',  ( -1.902062499499375336, 4.502364741550217708, 6.557192089906517474 ) ) ;
#2264 = CARTESIAN_POINT ( 'NONE',  ( 1.170520193202213122, 5.308368791456667068, 3.966221362025815544 ) ) ;
#2265 = CARTESIAN_POINT ( 'NONE',  ( 1.824073716244489773, 5.324073716244490662, 2.898046876083942180 ) ) ;
#2266 = CARTESIAN_POINT ( 'NONE',  ( 0.9694555011681602608, 1.575708737202035525, 2.908002736564131663 ) ) ;
#2267 = CARTESIAN_POINT ( 'NONE',  ( 2.150000000000000355, 2.609440840897845781, 4.584765625000001954 ) ) ;
#2268 = ORIENTED_EDGE ( 'NONE', *, *, #290, .F. ) ;
#2269 = ORIENTED_EDGE ( 'NONE', *, *, #5839, .F. ) ;
#2270 = CARTESIAN_POINT ( 'NONE',  ( 1.699121091451317955, 2.182558494862544940, 1.375582179992489218 ) ) ;
#2271 = ORIENTED_EDGE ( 'NONE', *, *, #3622, .T. ) ;
#2272 = CYLINDRICAL_SURFACE ( 'NONE', #3236, 0.5000000000000000000 ) ;
#2273 = CARTESIAN_POINT ( 'NONE',  ( 0.000000000000000000, 3.500000000000000000, 8.000000000000000000 ) ) ;
#2274 = FACE_OUTER_BOUND ( 'NONE', #5912, .T. ) ;
#2275 = CARTESIAN_POINT ( 'NONE',  ( -1.824073716244482224, 1.675926283755517110, 4.088671876083948220 ) ) ;
#2276 = CARTESIAN_POINT ( 'NONE',  ( -11.69070122906605569, -3.777398589375163152, 0.03709298023669905381 ) ) ;
#2277 = DIRECTION ( 'NONE',  ( 0.000000000000000000, -1.000000000000000000, 0.000000000000000000 ) ) ;
#2278 = ORIENTED_EDGE ( 'NONE', *, *, #3587, .F. ) ;
#2279 = EDGE_CURVE ( 'NONE', #871, #649, #1158, .T. ) ;
#2280 = CARTESIAN_POINT ( 'NONE',  ( -1.995029642472989861, 4.306904454790679182, 3.395137529291083034 ) ) ;
#2281 = CARTESIAN_POINT ( 'NONE',  ( -12.00000000000000000, -3.700000000000000178, 0.5000000000000000000 ) ) ;
#2282 = CARTESIAN_POINT ( 'NONE',  ( -0.000000000000000000, -13.00000000000000000, 2.000000000000000000 ) ) ;
#2283 = CARTESIAN_POINT ( 'NONE',  ( 2.149999999999828937, 3.499999398153894603, 4.634363979980803627 ) ) ;
#2284 = VECTOR ( 'NONE', #4665, 1000.000000000000000 ) ;
#2285 = CARTESIAN_POINT ( 'NONE',  ( 2.149554136198643217, 3.543880313625487943, 7.811829516728431955 ) ) ;
#2286 = CARTESIAN_POINT ( 'NONE',  ( 0.8905591591021542186, 5.650000000000000355, 2.600390627167881163 ) ) ;
#2287 = CARTESIAN_POINT ( 'NONE',  ( 1.429681500585846754, 1.894102193888119290, 0.5593286411370359534 ) ) ;
#2288 = CARTESIAN_POINT ( 'NONE',  ( -2.579629788281249336, 2.431482355792268013, 3.245312501083941648 ) ) ;
#2289 = EDGE_LOOP ( 'NONE', ( #6769, #2532, #4300, #1429 ) ) ;
#2290 = EDGE_CURVE ( 'NONE', #1962, #2513, #652, .T. ) ;
#2291 = AXIS2_PLACEMENT_3D ( 'NONE', #1531, #3195, #5460 ) ;
#2292 = CARTESIAN_POINT ( 'NONE',  ( 1.068517644207729544, 6.079629788281250669, 6.023437501083940937 ) ) ;
#2293 = CARTESIAN_POINT ( 'NONE',  ( -0.3000000000000016542, -8.150000000000000355, 2.000000000000000000 ) ) ;
#2294 = CARTESIAN_POINT ( 'NONE',  ( 0.3574659914603356969, 1.179744780562044904, 3.517917944572060269E-16 ) ) ;
#2295 = CARTESIAN_POINT ( 'NONE',  ( -6.391659079231621021, 1.181818181818181213, 7.000000000000000000 ) ) ;
#2296 = CARTESIAN_POINT ( 'NONE',  ( -2.149999999999999911, 4.390559159102155995, 4.386328127167882229 ) ) ;
#2297 = DIRECTION ( 'NONE',  ( 0.000000000000000000, 0.000000000000000000, -1.000000000000000000 ) ) ;
#2298 = EDGE_CURVE ( 'NONE', #5450, #2554, #102, .T. ) ;
#2299 = CARTESIAN_POINT ( 'NONE',  ( -1.468671782157941141, 5.071757020346965739, 6.515138057634838553 ) ) ;
#2300 = CARTESIAN_POINT ( 'NONE',  ( 2.149999999965364950, 3.487352207374582402, 6.221180952813783804 ) ) ;
#2301 = CARTESIAN_POINT ( 'NONE',  ( 1.068517644207729544, 6.079629788281250669, 2.947656251083942358 ) ) ;
#2302 = CARTESIAN_POINT ( 'NONE',  ( 0.2573947163461488552, 1.356424289225789392, 2.863067512408759896 ) ) ;
#2303 = AXIS2_PLACEMENT_3D ( 'NONE', #3771, #6517, #2176 ) ;
#2304 = CARTESIAN_POINT ( 'NONE',  ( -0.8905591591021551068, 1.350000000000000533, 3.592578125000001510 ) ) ;
#2305 = ORIENTED_EDGE ( 'NONE', *, *, #5864, .T. ) ;
#2306 = ORIENTED_EDGE ( 'NONE', *, *, #708, .T. ) ;
#2307 = FACE_OUTER_BOUND ( 'NONE', #3848, .T. ) ;
#2308 = ORIENTED_EDGE ( 'NONE', *, *, #6565, .F. ) ;
#2309 = AXIS2_PLACEMENT_3D ( 'NONE', #1691, #6680, #5126 ) ;
#2310 = CARTESIAN_POINT ( 'NONE',  ( 0.06789008255595782582, 5.649051253123630545, 0.06652231426679834636 ) ) ;
#2311 = DIRECTION ( 'NONE',  ( 0.000000000000000000, 0.000000000000000000, -1.000000000000000000 ) ) ;
#2312 = EDGE_CURVE ( 'NONE', #717, #6658, #766, .T. ) ;
#2313 = CYLINDRICAL_SURFACE ( 'NONE', #827, 1.000000000000000000 ) ;
#2314 = CARTESIAN_POINT ( 'NONE',  ( -2.579629788281240010, 4.568517644207725326, 2.352343751083948220 ) ) ;
#2315 = CARTESIAN_POINT ( 'NONE',  ( 2.579629788281250224, 3.500000000000000444, 5.874609376083941292 ) ) ;
#2316 = CARTESIAN_POINT ( 'NONE',  ( 0.000000000000000000, 0.000000000000000000, 8.000000000000000000 ) ) ;
#2317 = CARTESIAN_POINT ( 'NONE',  ( -0.3076398071356568620, 1.371959974584876285, 2.037052865421844494 ) ) ;
#2318 = VERTEX_POINT ( 'NONE', #3905 ) ;
#2319 = CARTESIAN_POINT ( 'NONE',  ( -1.612091169135718038, 4.922866821986428221, 3.352077930200797695 ) ) ;
#2320 =( BOUNDED_CURVE ( )  B_SPLINE_CURVE ( 2, ( #6679, #4403, #3426, #677, #1116, #574, #1184, #2886, #2775 ),
 .UNSPECIFIED., .F., .F. ) 
 B_SPLINE_CURVE_WITH_KNOTS ( ( 3, 2, 2, 2, 3 ),
 ( 0.07937698951905521050, 0.08929909376886767391, 0.09922121529874186607, 0.1091433368286160582, 0.1190654583362865115 ),
 .UNSPECIFIED. ) 
 CURVE ( )  GEOMETRIC_REPRESENTATION_ITEM ( )  RATIONAL_B_SPLINE_CURVE ( ( 1.000000000000000000, 0.9238795325112867385, 1.000000000000000000, 0.9238795325112867385, 1.000000000000000000, 0.9238795325112867385, 1.000000000000000000, 0.9238795325112867385, 1.000000000000000000 ) ) 
 REPRESENTATION_ITEM ( '' )  );
#2321 = CARTESIAN_POINT ( 'NONE',  ( -17.49999999999999645, -12.49999999999999822, 0.5000000000000000000 ) ) ;
#2322 = CARTESIAN_POINT ( 'NONE',  ( 20.99999999999999645, -4.200000000000000178, 0.000000000000000000 ) ) ;
#2323 = CARTESIAN_POINT ( 'NONE',  ( 1.410237922868740723, 1.877107674961230321, 4.526692117715033881 ) ) ;
#2324 = CARTESIAN_POINT ( 'NONE',  ( -1.437572008491551312, 5.098714545472655679, 1.750612363400263272 ) ) ;
#2325 = CARTESIAN_POINT ( 'NONE',  ( -21.50000000000000000, -9.000000000000000000, 0.5000000000000000000 ) ) ;
#2326 = CARTESIAN_POINT ( 'NONE',  ( -1.427528212401127927, 1.892311215624067344, 0.3751524552436742987 ) ) ;
#2327 = CARTESIAN_POINT ( 'NONE',  ( -2.579629788281249780, 4.568517644207729766, 4.733593751083941648 ) ) ;
#2328 = ORIENTED_EDGE ( 'NONE', *, *, #2240, .F. ) ;
#2329 = CARTESIAN_POINT ( 'NONE',  ( 4.738703044805694992E-16, 0.9203702117187499976, 7.263671876083940937 ) ) ;
#2330 = CARTESIAN_POINT ( 'NONE',  ( 2.149999999999865352, 3.500000534127608809, 6.221884753880802421 ) ) ;
#2331 = CARTESIAN_POINT ( 'NONE',  ( 0.000000000000000000, -9.184850993605147944E-16, 7.000000000000000000 ) ) ;
#2332 = VECTOR ( 'NONE', #7127, 1000.000000000000000 ) ;
#2333 = CARTESIAN_POINT ( 'NONE',  ( -2.999999999999998224, 15.27371993328518762, 0.000000000000000000 ) ) ;
#2334 = CARTESIAN_POINT ( 'NONE',  ( -12.00000000000000000, -1.665334536937734811E-15, 2.000000000000000000 ) ) ;
#2335 = CARTESIAN_POINT ( 'NONE',  ( 1.520279579551077065, 5.020279579551076843, 3.344531252167881608 ) ) ;
#2336 = EDGE_CURVE ( 'NONE', #376, #2198, #3120, .T. ) ;
#2337 = CARTESIAN_POINT ( 'NONE',  ( 2.579629788281250224, 3.500000000000000444, 7.462109376083940759 ) ) ;
#2338 = CARTESIAN_POINT ( 'NONE',  ( -0.7460601218156001080, 5.516625989961299048, 6.464951314827509066 ) ) ;
#2339 = CARTESIAN_POINT ( 'NONE',  ( 1.849080072979575107, 4.612878368866616619, 3.909281644067196027 ) ) ;
#2340 = CARTESIAN_POINT ( 'NONE',  ( -1.068517644207730211, 0.9203702117187504417, 2.550781251083942269 ) ) ;
#2341 = DIRECTION ( 'NONE',  ( 0.000000000000000000, 0.000000000000000000, -1.000000000000000000 ) ) ;
#2342 = CARTESIAN_POINT ( 'NONE',  ( 0.8905591591021542186, 5.650000000000000355, 3.989453125000001599 ) ) ;
#2343 = ORIENTED_EDGE ( 'NONE', *, *, #5685, .F. ) ;
#2344 = ORIENTED_EDGE ( 'NONE', *, *, #1800, .F. ) ;
#2345 = CARTESIAN_POINT ( 'NONE',  ( -1.179342945778912410, 1.702320147713389797, 1.187105170415410971 ) ) ;
#2346 = ORIENTED_EDGE ( 'NONE', *, *, #478, .F. ) ;
#2347 = VECTOR ( 'NONE', #292, 1000.000000000000000 ) ;
#2348 = CARTESIAN_POINT ( 'NONE',  ( -1.358156906994893776, 5.166732116214087789, 0.1571208253656786180 ) ) ;
#2349 = DIRECTION ( 'NONE',  ( -0.9833321660356334482, 0.1818181818181816567, 0.000000000000000000 ) ) ;
#2350 = DIRECTION ( 'NONE',  ( -0.000000000000000000, -0.000000000000000000, -1.000000000000000000 ) ) ;
#2351 = CARTESIAN_POINT ( 'NONE',  ( 1.068517644207727102, 0.9203702117187605447, 4.237500001083948753 ) ) ;
#2352 = CARTESIAN_POINT ( 'NONE',  ( 1.824073716244489773, 5.324073716244490662, 4.386328126083940404 ) ) ;
#2353 = CARTESIAN_POINT ( 'NONE',  ( 0.000000000000000000, 0.000000000000000000, 2.000000000000000000 ) ) ;
#2354 = CARTESIAN_POINT ( 'NONE',  ( 1.557023656405135847, 2.017344102973250397, 2.156850175212361442 ) ) ;
#2355 = CIRCLE ( 'NONE', #6389, 0.9999999999999991118 ) ;
#2356 = CARTESIAN_POINT ( 'NONE',  ( -1.718009083931570702, 4.793461853984512189, 2.567977396087895769 ) ) ;
#2357 = EDGE_CURVE ( 'NONE', #4752, #4828, #6180, .T. ) ;
#2358 = CARTESIAN_POINT ( 'NONE',  ( 0.05195829213112713313, 5.649435959422119069, 3.242398553157362695 ) ) ;
#2359 = DIRECTION ( 'NONE',  ( 0.000000000000000000, 0.000000000000000000, -1.000000000000000000 ) ) ;
#2360 = FACE_OUTER_BOUND ( 'NONE', #5830, .T. ) ;
#2361 = CARTESIAN_POINT ( 'NONE',  ( 2.051858727005062111, 2.850981746155207386, 4.596010103117350809 ) ) ;
#2362 = CARTESIAN_POINT ( 'NONE',  ( -1.068517644207729766, 6.079629788281250669, 8.603125001083942180 ) ) ;
#2363 = DIRECTION ( 'NONE',  ( 0.000000000000000000, 0.000000000000000000, -1.000000000000000000 ) ) ;
#2364 = CARTESIAN_POINT ( 'NONE',  ( -1.940953177683426567, 2.574655067572595879, 0.3251176619030932136 ) ) ;
#2365 = CARTESIAN_POINT ( 'NONE',  ( 1.068517644207731321, 0.9203702117187504417, 5.825000001083942003 ) ) ;
#2366 = ORIENTED_EDGE ( 'NONE', *, *, #5981, .T. ) ;
#2367 =( BOUNDED_SURFACE ( )  B_SPLINE_SURFACE ( 1, 2, ( 
 ( #2631, #4293, #4836, #3138, #3685, #973, #4800, #6387, #5880, #5799, #6427, #933, #5341, #319, #6495, #4760, #4723, #6927, #5956, #4224, #3649, #5840, #3100, #7000, #901, #5228, #3754, #1980, #3719, #5302, #2563, #2022, #1477, #1513, #2057, #1006, #4259, #4684, #6887, #4149, #6347, #864, #3784, #4871, #7073, #2129, #4331, #1583, #3210, #6531, #460, #5991, #5411, #2666, #98, #794, #2315, #2926, #2422, #6209, #1843, #249, #2388, #1911, #2992, #5732, #1369, #4506, #6315, #5196, #2891, #2457, #4655, #6717, #214, #1880, #4618, #6857, #6823, #4088, #6174, #5090, #1222, #4118, #3432, #3577, #2352, #5129, #1769, #4583, #175, #135, #5768, #4548, #6245, #6757, #2853, #6281, #759, #5051, #5628, #1808, #722, #3976, #4051, #5163, #5665, #4013, #3506, #682, #1259, #3468, #1299, #6789, #5703, #2957, #1334, #3542, #3097, #3569, #5878, #4798, #6998, #2561, #4184, #5837, #899, #2055, #5188, #4721, #3683, #4111, #4255, #2448, #5760, #3136, #5796, #5339, #6923, #6308, #1474, #4758, #5300, #931, #1939, #3608, #1360, #6458, #4146, #1903, #821, #862, #390, #356, #241, #2595, #4645, #3061, #6962, #6344, #1978, #1511, #2520, #3717, #5920, #2983, #6851, #3020, #5225, #279, #2484, #4682, #6884, #1398, #2020, #4222, #6423, #5263, #317, #6384, #1436, #3647, #4291, #563, #6492, #3313, #457, #3243, #4834, #492, #1038, #5408, #5508, #1003, #4361, #4869, #2224, #5477, #6021, #4424, #1549, #7070, #5988 ),
 ( #1074, #7034, #4903, #2663, #4965, #6592, #3208, #3276, #425, #530, #3751, #3851, #2763, #12, #2729, #2159, #3817, #4933, #6629, #3174, #2698, #1650, #2092, #1679, #2629, #5954, #1107, #3782, #3886, #7105, #2126, #6055, #7138, #2188, #970, #4329, #1581, #6529, #5374, #5442, #6559, #1617, #4392, #3453, #4035, #5541, #1241, #5575, #3996, #1748, #630, #1136, #1713, #1828, #81, #2911, #6157, #2874, #3379, #6231, #747, #1281, #6193, #4526, #3488, #5649, #5034, #6739, #2261, #119, #1791, #3918, #5689, #3957, #2947, #665, #4456, #4568, #705, #5113, #5149, #2296, #6701, #6665, #198, #4491, #5001, #48, #1205, #157, #2407, #595, #2373, #2836, #6775, #3415, #5610, #3342, #6120, #4603, #5071, #6810, #2335, #1865, #6087, #2799, #1170, #2011, #1969, #2512, #6954, #3638, #3012, #4712, #235, #5255, #6914, #4175, #6302, #4215, #3598, #1354, #3560, #4790, #3052, #5216, #270, #1932, #5828, #2477, #5292, #924, #5788, #6266, #347, #1465, #6373, #3677, #1898, #6416, #4750, #4106, #5872, #5753, #3128, #2553, #383, #5329, #852, #1427, #891, #3090, #2590, #4675, #814, #6992, #4073, #309, #1322, #3530, #5721, #778, #2977, #5182, #2442, #4639, #6845, #6876, #4138, #6336, #1391, #4285, #997, #452, #2153, #5910, #5982, #1541, #6047, #523, #2084, #4356, #1504, #6552, #2623, #4926, #3845, #1101, #1611, #3238, #4897, #7098, #3305, #4248, #3776, #2721, #3168, #5502, #3711, #6485, #3809, #961, #6016 ) ),
 .UNSPECIFIED., .F., .F., .T. ) 
 B_SPLINE_SURFACE_WITH_KNOTS ( ( 2, 2 ),
 ( 3, 2, 2, 2, 2, 2, 2, 2, 2, 2, 2, 2, 2, 2, 2, 2, 2, 2, 2, 2, 2, 2, 2, 2, 2, 2, 2, 2, 2, 2, 2, 2, 2, 2, 2, 2, 2, 2, 2, 2, 2, 2, 2, 2, 2, 2, 2, 2, 2, 2, 2, 2, 2, 2, 2, 2, 2, 2, 2, 2, 2, 2, 2, 2, 2, 2, 2, 2, 2, 2, 2, 2, 2, 2, 2, 2, 2, 2, 2, 2, 2, 2, 2, 2, 2, 2, 2, 2, 2, 2, 2, 2, 2, 2, 2, 2, 2, 2, 2, 2, 2, 3 ),
 ( 0.000000000000000000, 1.000000000000000000 ),
 ( 0.000000000000000000, 0.009615384615384615918, 0.01923076923076923184, 0.02884615384615384776, 0.03846153846153846367, 0.04807692307692307959, 0.05769230769230769551, 0.06730769230769230449, 0.07692307692307692735, 0.08653846153846153633, 0.09615384615384615918, 0.1057692307692307682, 0.1153846153846153910, 0.1250000000000000000, 0.1346153846153846090, 0.1442307692307692180, 0.1538461538461538547, 0.1634615384615384637, 0.1730769230769230727, 0.1826923076923076816, 0.1923076923076923184, 0.2019230769230769273, 0.2115384615384615363, 0.2211538461538461453, 0.2307692307692307820, 0.2403846153846153910, 0.2500000000000000000, 0.2596153846153846367, 0.2692307692307692180, 0.2788461538461538547, 0.2884615384615384359, 0.2980769230769230727, 0.3076923076923077094, 0.3173076923076922906, 0.3269230769230769273, 0.3365384615384615641, 0.3461538461538461453, 0.3557692307692307820, 0.3653846153846153633, 0.3750000000000000000, 0.3846153846153846367, 0.3942307692307692180, 0.4038461538461538547, 0.4134615384615384359, 0.4230769230769230727, 0.4326923076923077094, 0.4423076923076922906, 0.4519230769230769273, 0.4615384615384615641, 0.4711538461538461453, 0.4807692307692307820, 0.4903846153846153633, 0.5000000000000000000, 0.5096153846153845812, 0.5192307692307692735, 0.5288461538461538547, 0.5384615384615384359, 0.5480769230769231282, 0.5576923076923077094, 0.5673076923076922906, 0.5769230769230768718, 0.5865384615384615641, 0.5961538461538461453, 0.6057692307692307265, 0.6153846153846154188, 0.6250000000000000000, 0.6346153846153845812, 0.6442307692307692735, 0.6538461538461538547, 0.6634615384615384359, 0.6730769230769231282, 0.6826923076923077094, 0.6923076923076922906, 0.7019230769230768718, 0.7115384615384615641, 0.7211538461538461453, 0.7307692307692307265, 0.7403846153846154188, 0.7500000000000000000, 0.7596153846153845812, 0.7692307692307692735, 0.7788461538461538547, 0.7884615384615384359, 0.7980769230769231282, 0.8076923076923077094, 0.8173076923076922906, 0.8269230769230768718, 0.8365384615384615641, 0.8461538461538461453, 0.8557692307692307265, 0.8653846153846154188, 0.8750000000000000000, 0.8846153846153845812, 0.8942307692307692735, 0.9038461538461538547, 0.9134615384615384359, 0.9230769230769231282, 0.9326923076923077094, 0.9423076923076922906, 0.9519230769230768718, 0.9615384615384615641, 0.9690855515560832245 ),
 .UNSPECIFIED. ) 
 GEOMETRIC_REPRESENTATION_ITEM ( )  RATIONAL_B_SPLINE_SURFACE ( (
 ( 1.000000000000000000, 0.9238795325112867385, 1.000000000000000000, 0.9238795325112867385, 1.000000000000000000, 0.9238795325112867385, 1.000000000000000000, 0.9238795325112867385, 1.000000000000000000, 0.9238795325112867385, 1.000000000000000000, 0.9238795325112867385, 1.000000000000000000, 0.9238795325112867385, 1.000000000000000000, 0.9238795325112867385, 1.000000000000000000, 0.9238795325112867385, 1.000000000000000000, 0.9238795325112867385, 1.000000000000000000, 0.9238795325112867385, 1.000000000000000000, 0.9238795325112867385, 1.000000000000000000, 0.9238795325112867385, 1.000000000000000000, 0.9238795325112867385, 1.000000000000000000, 0.9238795325112867385, 1.000000000000000000, 0.9238795325112867385, 1.000000000000000000, 0.9238795325112867385, 1.000000000000000000, 0.9238795325112867385, 1.000000000000000000, 0.9238795325112867385, 1.000000000000000000, 0.9238795325112867385, 1.000000000000000000, 0.9238795325112867385, 1.000000000000000000, 0.9238795325112867385, 1.000000000000000000, 0.9238795325112867385, 1.000000000000000000, 0.9238795325112867385, 1.000000000000000000, 0.9238795325112867385, 1.000000000000000000, 0.9238795325112867385, 1.000000000000000000, 0.9238795325112867385, 1.000000000000000000, 0.9238795325112867385, 1.000000000000000000, 0.9238795325112867385, 1.000000000000000000, 0.9238795325112867385, 1.000000000000000000, 0.9238795325112867385, 1.000000000000000000, 0.9238795325112867385, 1.000000000000000000, 0.9238795325112867385, 1.000000000000000000, 0.9238795325112867385, 1.000000000000000000, 0.9238795325112867385, 1.000000000000000000, 0.9238795325112867385, 1.000000000000000000, 0.9238795325112867385, 1.000000000000000000, 0.9238795325112867385, 1.000000000000000000, 0.9238795325112867385, 1.000000000000000000, 0.9238795325112867385, 1.000000000000000000, 0.9238795325112867385, 1.000000000000000000, 0.9238795325112867385, 1.000000000000000000, 0.9238795325112867385, 1.000000000000000000, 0.9238795325112867385, 1.000000000000000000, 0.9238795325112867385, 1.000000000000000000, 0.9238795325112867385, 1.000000000000000000, 0.9238795325112867385, 1.000000000000000000, 0.9238795325112867385, 1.000000000000000000, 0.9238795325112867385, 1.000000000000000000, 0.9238795325112867385, 1.000000000000000000, 0.9238795325112867385, 1.000000000000000000, 0.9238795325112867385, 1.000000000000000000, 0.9238795325112867385, 1.000000000000000000, 0.9238795325112867385, 1.000000000000000000, 0.9238795325112867385, 1.000000000000000000, 0.9238795325112867385, 1.000000000000000000, 0.9238795325112867385, 1.000000000000000000, 0.9238795325112867385, 1.000000000000000000, 0.9238795325112867385, 1.000000000000000000, 0.9238795325112867385, 1.000000000000000000, 0.9238795325112867385, 1.000000000000000000, 0.9238795325112867385, 1.000000000000000000, 0.9238795325112867385, 1.000000000000000000, 0.9238795325112867385, 1.000000000000000000, 0.9238795325112867385, 1.000000000000000000, 0.9238795325112867385, 1.000000000000000000, 0.9238795325112867385, 1.000000000000000000, 0.9238795325112867385, 1.000000000000000000, 0.9238795325112867385, 1.000000000000000000, 0.9238795325112867385, 1.000000000000000000, 0.9238795325112867385, 1.000000000000000000, 0.9238795325112867385, 1.000000000000000000, 0.9238795325112867385, 1.000000000000000000, 0.9238795325112867385, 1.000000000000000000, 0.9238795325112867385, 1.000000000000000000, 0.9238795325112867385, 1.000000000000000000, 0.9238795325112867385, 1.000000000000000000, 0.9238795325112867385, 1.000000000000000000, 0.9238795325112867385, 1.000000000000000000, 0.9238795325112867385, 1.000000000000000000, 0.9238795325112867385, 1.000000000000000000, 0.9238795325112867385, 1.000000000000000000, 0.9238795325112867385, 1.000000000000000000, 0.9238795325112867385, 1.000000000000000000, 0.9238795325112867385, 1.000000000000000000, 0.9238795325112867385, 1.000000000000000000, 0.9238795325112867385, 1.000000000000000000, 0.9238795325112867385, 1.000000000000000000, 0.9238795325112867385, 1.000000000000000000, 0.9238795325112867385, 1.000000000000000000, 0.9238795325112867385, 1.000000000000000000, 0.9238795325112867385, 1.000000000000000000, 0.9238795325112867385, 1.000000000000000000, 0.9238795325112867385, 1.000000000000000000, 0.9238795325112867385, 1.000000000000000000, 0.9238795325112867385, 1.000000000000000000, 0.9238795325112867385, 1.000000000000000000, 0.9238795325112867385, 1.000000000000000000, 0.9238795325112867385, 1.000000000000000000, 0.9238795325112867385, 1.000000000000000000, 0.9402532458866404985, 0.9742966311365613974),
 ( 1.000000000000000000, 0.9238795325112867385, 1.000000000000000000, 0.9238795325112867385, 1.000000000000000000, 0.9238795325112867385, 1.000000000000000000, 0.9238795325112867385, 1.000000000000000000, 0.9238795325112867385, 1.000000000000000000, 0.9238795325112867385, 1.000000000000000000, 0.9238795325112867385, 1.000000000000000000, 0.9238795325112867385, 1.000000000000000000, 0.9238795325112867385, 1.000000000000000000, 0.9238795325112867385, 1.000000000000000000, 0.9238795325112867385, 1.000000000000000000, 0.9238795325112867385, 1.000000000000000000, 0.9238795325112867385, 1.000000000000000000, 0.9238795325112867385, 1.000000000000000000, 0.9238795325112867385, 1.000000000000000000, 0.9238795325112867385, 1.000000000000000000, 0.9238795325112867385, 1.000000000000000000, 0.9238795325112867385, 1.000000000000000000, 0.9238795325112867385, 1.000000000000000000, 0.9238795325112867385, 1.000000000000000000, 0.9238795325112867385, 1.000000000000000000, 0.9238795325112867385, 1.000000000000000000, 0.9238795325112867385, 1.000000000000000000, 0.9238795325112867385, 1.000000000000000000, 0.9238795325112867385, 1.000000000000000000, 0.9238795325112867385, 1.000000000000000000, 0.9238795325112867385, 1.000000000000000000, 0.9238795325112867385, 1.000000000000000000, 0.9238795325112867385, 1.000000000000000000, 0.9238795325112867385, 1.000000000000000000, 0.9238795325112867385, 1.000000000000000000, 0.9238795325112867385, 1.000000000000000000, 0.9238795325112867385, 1.000000000000000000, 0.9238795325112867385, 1.000000000000000000, 0.9238795325112867385, 1.000000000000000000, 0.9238795325112867385, 1.000000000000000000, 0.9238795325112867385, 1.000000000000000000, 0.9238795325112867385, 1.000000000000000000, 0.9238795325112867385, 1.000000000000000000, 0.9238795325112867385, 1.000000000000000000, 0.9238795325112867385, 1.000000000000000000, 0.9238795325112867385, 1.000000000000000000, 0.9238795325112867385, 1.000000000000000000, 0.9238795325112867385, 1.000000000000000000, 0.9238795325112867385, 1.000000000000000000, 0.9238795325112867385, 1.000000000000000000, 0.9238795325112867385, 1.000000000000000000, 0.9238795325112867385, 1.000000000000000000, 0.9238795325112867385, 1.000000000000000000, 0.9238795325112867385, 1.000000000000000000, 0.9238795325112867385, 1.000000000000000000, 0.9238795325112867385, 1.000000000000000000, 0.9238795325112867385, 1.000000000000000000, 0.9238795325112867385, 1.000000000000000000, 0.9238795325112867385, 1.000000000000000000, 0.9238795325112867385, 1.000000000000000000, 0.9238795325112867385, 1.000000000000000000, 0.9238795325112867385, 1.000000000000000000, 0.9238795325112867385, 1.000000000000000000, 0.9238795325112867385, 1.000000000000000000, 0.9238795325112867385, 1.000000000000000000, 0.9238795325112867385, 1.000000000000000000, 0.9238795325112867385, 1.000000000000000000, 0.9238795325112867385, 1.000000000000000000, 0.9238795325112867385, 1.000000000000000000, 0.9238795325112867385, 1.000000000000000000, 0.9238795325112867385, 1.000000000000000000, 0.9238795325112867385, 1.000000000000000000, 0.9238795325112867385, 1.000000000000000000, 0.9238795325112867385, 1.000000000000000000, 0.9238795325112867385, 1.000000000000000000, 0.9238795325112867385, 1.000000000000000000, 0.9238795325112867385, 1.000000000000000000, 0.9238795325112867385, 1.000000000000000000, 0.9238795325112867385, 1.000000000000000000, 0.9238795325112867385, 1.000000000000000000, 0.9238795325112867385, 1.000000000000000000, 0.9238795325112867385, 1.000000000000000000, 0.9238795325112867385, 1.000000000000000000, 0.9238795325112867385, 1.000000000000000000, 0.9238795325112867385, 1.000000000000000000, 0.9238795325112867385, 1.000000000000000000, 0.9238795325112867385, 1.000000000000000000, 0.9238795325112867385, 1.000000000000000000, 0.9238795325112867385, 1.000000000000000000, 0.9238795325112867385, 1.000000000000000000, 0.9238795325112867385, 1.000000000000000000, 0.9238795325112867385, 1.000000000000000000, 0.9238795325112867385, 1.000000000000000000, 0.9238795325112867385, 1.000000000000000000, 0.9238795325112867385, 1.000000000000000000, 0.9238795325112867385, 1.000000000000000000, 0.9238795325112867385, 1.000000000000000000, 0.9238795325112867385, 1.000000000000000000, 0.9238795325112867385, 1.000000000000000000, 0.9238795325112867385, 1.000000000000000000, 0.9238795325112867385, 1.000000000000000000, 0.9238795325112867385, 1.000000000000000000, 0.9238795325112867385, 1.000000000000000000, 0.9238795325112867385, 1.000000000000000000, 0.9402532458866404985, 0.9742966311365613974) ) ) 
 REPRESENTATION_ITEM ( '' )  SURFACE ( )  );
#2368 = CARTESIAN_POINT ( 'NONE',  ( 2.579629788281250224, 3.500000000000000444, 7.462109376083940759 ) ) ;
#2369 = DIRECTION ( 'NONE',  ( 1.000000000000000000, 0.000000000000000000, 0.000000000000000000 ) ) ;
#2370 = CARTESIAN_POINT ( 'NONE',  ( 1.914325614674963427, 2.521259311099759426, 7.749415370511919754 ) ) ;
#2371 = CARTESIAN_POINT ( 'NONE',  ( 4.000000000000000000, 0.000000000000000000, 0.5000000000000000000 ) ) ;
#2372 = DIRECTION ( 'NONE',  ( 0.000000000000000000, 0.000000000000000000, 1.000000000000000000 ) ) ;
#2373 = CARTESIAN_POINT ( 'NONE',  ( 3.949485927250213853E-16, 1.350000000000000089, 3.840625002167881608 ) ) ;
#2374 = ADVANCED_FACE ( 'NONE', ( #4478 ), #3438, .F. ) ;
#2375 = CARTESIAN_POINT ( 'NONE',  ( -1.068517644207730211, 0.9203702117187504417, 4.832812501083940226 ) ) ;
#2376 = CARTESIAN_POINT ( 'NONE',  ( 0.000000000000000000, -4.500000000000000000, 0.5000000000000000000 ) ) ;
#2377 = CARTESIAN_POINT ( 'NONE',  ( 1.531335158321581513, 1.990847870361422300, 6.123526612026478411 ) ) ;
#2378 = CARTESIAN_POINT ( 'NONE',  ( 2.579629788281249780, 4.568517644207729766, 3.642187501083941292 ) ) ;
#2379 = CYLINDRICAL_SURFACE ( 'NONE', #2193, 2.149999999999999911 ) ;
#2380 = EDGE_CURVE ( 'NONE', #4401, #4242, #4153, .T. ) ;
#2381 = CARTESIAN_POINT ( 'NONE',  ( 2.150000000000000355, 2.609440840897845781, 0.6160156250000007327 ) ) ;
#2382 = ORIENTED_EDGE ( 'NONE', *, *, #4616, .T. ) ;
#2383 = DIRECTION ( 'NONE',  ( 0.000000000000000000, 0.000000000000000000, -1.000000000000000000 ) ) ;
#2384 = ORIENTED_EDGE ( 'NONE', *, *, #7101, .T. ) ;
#2385 = CARTESIAN_POINT ( 'NONE',  ( -1.362093256799211671, 5.180704982559537264, 4.919117042397570749 ) ) ;
#2386 = FACE_OUTER_BOUND ( 'NONE', #1591, .T. ) ;
#2387 = CARTESIAN_POINT ( 'NONE',  ( -1.068517644207725548, 6.079629788281240010, 3.046875001083948487 ) ) ;
#2388 = CARTESIAN_POINT ( 'NONE',  ( -1.824073716244489329, 1.675926283755509782, 5.576953126083941115 ) ) ;
#2389 = CARTESIAN_POINT ( 'NONE',  ( 1.211301677178046488, 1.723649936270708949, 3.718289560129953042 ) ) ;
#2390 = DIRECTION ( 'NONE',  ( 1.387778780781445676E-16, 1.000000000000000000, -0.000000000000000000 ) ) ;
#2391 = DIRECTION ( 'NONE',  ( -0.000000000000000000, -0.000000000000000000, 1.000000000000000000 ) ) ;
#2392 = DIRECTION ( 'NONE',  ( 0.000000000000000000, 0.000000000000000000, -1.000000000000000000 ) ) ;
#2393 = LINE ( 'NONE', #6287, #293 ) ;
#2394 = DIRECTION ( 'NONE',  ( 0.1499999999999996891, -0.9886859966642593811, 0.000000000000000000 ) ) ;
#2395 = CARTESIAN_POINT ( 'NONE',  ( -2.147225015251063684, 3.381648512364220593, 4.244157112706047563 ) ) ;
#2396 = CARTESIAN_POINT ( 'NONE',  ( 4.738703044805694992E-16, 0.9203702117187499976, 8.156640626083941470 ) ) ;
#2397 = CYLINDRICAL_SURFACE ( 'NONE', #1772, 21.00000000000000000 ) ;
#2398 = DIRECTION ( 'NONE',  ( -1.000000000000000000, -0.000000000000000000, -0.000000000000000000 ) ) ;
#2399 = CARTESIAN_POINT ( 'NONE',  ( -1.676329151827376407, 4.847502280983531975, 5.739145917164258037 ) ) ;
#2400 = CARTESIAN_POINT ( 'NONE',  ( -1.068517644207730211, 0.9203702117187504417, 4.138281251083942180 ) ) ;
#2401 = ORIENTED_EDGE ( 'NONE', *, *, #73, .F. ) ;
#2402 = CARTESIAN_POINT ( 'NONE',  ( -1.068517644207729766, 6.079629788281250669, 6.916406251083939694 ) ) ;
#2403 = CARTESIAN_POINT ( 'NONE',  ( 1.714764255242577917, 4.798894118180782264, 6.304308100271574844 ) ) ;
#2404 = CARTESIAN_POINT ( 'NONE',  ( 2.150000000635845510, 3.406461745415406916, 7.804049263282988314 ) ) ;
#2405 = CARTESIAN_POINT ( 'NONE',  ( 12.08953124663764633, -3.610468753362281014, 0.5998464553396483101 ) ) ;
#2406 = LINE ( 'NONE', #4602, #2217 ) ;
#2407 = CARTESIAN_POINT ( 'NONE',  ( 1.520279579551077509, 1.979720420448922935, 3.939843752167881075 ) ) ;
#2408 = B_SPLINE_CURVE_WITH_KNOTS ( 'NONE', 3,
 ( #1078, #3280, #5993, #462, #7142, #6533, #5480, #937, #5925, #6562, #532, #2191, #2731, #2700, #497, #2601, #7107, #4937, #3141, #5343, #2668, #6429, #975, #2161, #6024, #7003, #3178, #4803, #2060, #7075, #4905, #3820, #4874, #1620, #4364, #4333, #1481, #3246, #3688, #5883, #396, #4262, #6463, #1515, #3723, #3787, #5379, #429, #2633, #1042, #2131, #4840, #7040, #2096, #6497, #1554, #5446, #3756, #5958, #1008, #3213, #5413, #4459, #2876, #566, #2264, #1138, #3924, #3456, #4534, #122, #3963, #5038, #3347, #3383, #4427, #2339, #6196, #3855, #1752, #3418, #6633, #5077, #1109, #5511, #6743, #2914, #3314, #5117, #6089, #6705, #1208, #1794, #5003, #3888, #3999, #2839, #1175 ),
 .UNSPECIFIED., .F., .F.,
 ( 4, 2, 2, 2, 2, 2, 1, 1, 2, 2, 2, 1, 2, 2, 1, 2, 2, 2, 2, 2, 2, 2, 1, 2, 2, 1, 1, 2, 1, 2, 2, 2, 2, 2, 2, 1, 2, 2, 2, 2, 1, 2, 2, 2, 2, 2, 2, 1, 1, 2, 2, 2, 2, 2, 4 ),
 ( 0.4703195120037749200, 0.4734172264353063153, 0.4765149408668377662, 0.4772893694747206150, 0.4776765837786620672, 0.4777733873546474164, 0.4778701909306327655, 0.4780637980826034639, 0.4796126552983691615, 0.4827103697299005014, 0.4842592269456661991, 0.4850336555535490479, 0.4851304591295343971, 0.4852272627055197463, 0.4854208698574904446, 0.4858080841614318968, 0.4873569413771976500, 0.4881313699850805543, 0.4885185842890220065, 0.4887121914409927048, 0.4889057985929634587, 0.4920035130244949650, 0.4923907273284364172, 0.4924875309044217664, 0.4925843344804071156, 0.4927779416323778694, 0.4935523702402607182, 0.4951012274560265269, 0.4958756560639093758, 0.4962628703678508280, 0.4964564775198215818, 0.4966500846717922801, 0.4981989418875580888, 0.4997477991033238420, 0.5001350134072652942, 0.5005222277112066909, 0.5012966563190895952, 0.5043943707506211016, 0.5074920851821527190, 0.5078792994860941157, 0.5082665137900356234, 0.5090409423979185277, 0.5105897996136843364, 0.5136875140452160649, 0.5152363712609818736, 0.5156235855649233812, 0.5157203891409086749, 0.5158171927168940796, 0.5160107998688647779, 0.5167852284767477933, 0.5183340856925138240, 0.5191085143003967284, 0.5194957286043382361, 0.5196893357563090454, 0.5198829429082797438 ),
 .UNSPECIFIED. ) ;
#2409 = VECTOR ( 'NONE', #4384, 1000.000000000000000 ) ;
#2410 = CARTESIAN_POINT ( 'NONE',  ( 1.068517644207731099, 0.9203702117187504417, 6.519531251083940049 ) ) ;
#2411 = FACE_OUTER_BOUND ( 'NONE', #3938, .T. ) ;
#2412 = CARTESIAN_POINT ( 'NONE',  ( -0.4577480858075180237, 1.398297998049572666, 5.996838620011697429 ) ) ;
#2413 = CARTESIAN_POINT ( 'NONE',  ( -1.068517644207729766, 6.079629788281250669, 0.6656250010839415143 ) ) ;
#2414 = CARTESIAN_POINT ( 'NONE',  ( 0.3836998100233621201, 1.383676278149633232, 2.870464059469576945 ) ) ;
#2415 = CARTESIAN_POINT ( 'NONE',  ( -0.8905591591021551068, 1.350000000000000533, 2.005078125000001155 ) ) ;
#2416 = CARTESIAN_POINT ( 'NONE',  ( -1.562379785030803436, 2.022950920535206087, 1.158340775998669692 ) ) ;
#2417 = ORIENTED_EDGE ( 'NONE', *, *, #3881, .T. ) ;
#2418 = CARTESIAN_POINT ( 'NONE',  ( -5.408326913195983465, 0.000000000000000000, 8.000000000000000000 ) ) ;
#2419 = CARTESIAN_POINT ( 'NONE',  ( -2.147419132456279467, 3.394536812690156058, 6.624685194999019089 ) ) ;
#2420 = AXIS2_PLACEMENT_3D ( 'NONE', #4380, #5362, #414 ) ;
#2421 = LINE ( 'NONE', #5233, #3440 ) ;
#2422 = CARTESIAN_POINT ( 'NONE',  ( 1.824073716244490218, 1.675926283755510227, 5.775390626083940937 ) ) ;
#2423 = CARTESIAN_POINT ( 'NONE',  ( -0.2734339788217782785, 1.367440452451065047, 3.626514195991497047 ) ) ;
#2424 = CARTESIAN_POINT ( 'NONE',  ( -1.710977936518094600, 2.198050006184149030, 1.938894977737034342 ) ) ;
#2425 = ORIENTED_EDGE ( 'NONE', *, *, #477, .F. ) ;
#2426 = AXIS2_PLACEMENT_3D ( 'NONE', #6057, #6632, #6595 ) ;
#2427 = CARTESIAN_POINT ( 'NONE',  ( 2.150000000001068834, 3.381581215766084725, 5.421513976433686821 ) ) ;
#2428 = DIRECTION ( 'NONE',  ( 0.000000000000000000, -0.7071067811865474617, -0.7071067811865474617 ) ) ;
#2429 = CARTESIAN_POINT ( 'NONE',  ( 3.949485927250213853E-16, 1.350000000000000089, 7.809375002167881163 ) ) ;
#2430 = CARTESIAN_POINT ( 'NONE',  ( -2.149999999999345324, 3.499998321682876501, 0.2687500934927269935 ) ) ;
#2431 = CYLINDRICAL_SURFACE ( 'NONE', #7084, 2.149999999999999911 ) ;
#2432 = DIRECTION ( 'NONE',  ( 1.000000000000000000, 0.000000000000000000, 0.000000000000000000 ) ) ;
#2433 = CARTESIAN_POINT ( 'NONE',  ( 2.149999999999999911, 3.500000000000000444, 8.000000000000000000 ) ) ;
#2434 = CARTESIAN_POINT ( 'NONE',  ( -1.579567681601898742E-16, 6.079629788281250669, 5.378515626083942180 ) ) ;
#2435 = EDGE_LOOP ( 'NONE', ( #2134, #3578, #6933, #5747 ) ) ;
#2436 = CARTESIAN_POINT ( 'NONE',  ( -1.893538661063672635, 2.480870478711274529, 2.712655555241354488 ) ) ;
#2437 = EDGE_CURVE ( 'NONE', #6128, #1590, #2546, .T. ) ;
#2438 = CARTESIAN_POINT ( 'NONE',  ( 2.098678981448182324, 3.966959177579562290, 6.249071323338130313 ) ) ;
#2439 = CARTESIAN_POINT ( 'NONE',  ( -1.988451299591925903, 2.680993423806888654, 7.461859310830267766 ) ) ;
#2440 = CARTESIAN_POINT ( 'NONE',  ( 12.87346834366737625, -3.742177218777529291, 0.2920481369179798725 ) ) ;
#2441 = DIRECTION ( 'NONE',  ( 0.000000000000000000, 0.000000000000000000, -1.000000000000000000 ) ) ;
#2442 = CARTESIAN_POINT ( 'NONE',  ( -1.316495309083404618E-16, 5.650000000000000355, 0.2687500021678820850 ) ) ;
#2443 = AXIS2_PLACEMENT_3D ( 'NONE', #2249, #4020, #144 ) ;
#2444 = CARTESIAN_POINT ( 'NONE',  ( -2.579629788281249780, 4.568517644207729766, 4.634375001083940404 ) ) ;
#2445 = CARTESIAN_POINT ( 'NONE',  ( 1.824073716244490218, 1.675926283755510227, 3.394140626083941292 ) ) ;
#2446 = CARTESIAN_POINT ( 'NONE',  ( -1.253937773040920911, 1.753225629967586574, 5.944290345120879948 ) ) ;
#2447 = CARTESIAN_POINT ( 'NONE',  ( 1.824073716244489773, 5.324073716244490662, 0.5167968760839414255 ) ) ;
#2448 = CARTESIAN_POINT ( 'NONE',  ( 1.068517644207729544, 6.079629788281250669, 2.054687501083941381 ) ) ;
#2449 = CARTESIAN_POINT ( 'NONE',  ( -0.8905591591021551068, 1.350000000000000533, -0.3761718749999993228 ) ) ;
#2450 = CIRCLE ( 'NONE', #1873, 18.85000000000000142 ) ;
#2451 = CARTESIAN_POINT ( 'NONE',  ( -1.948766018907517106, 2.584644197349440287, 1.118141643267551055 ) ) ;
#2452 = EDGE_LOOP ( 'NONE', ( #2236, #1484, #4705, #1081, #6072 ) ) ;
#2453 = FACE_OUTER_BOUND ( 'NONE', #865, .T. ) ;
#2454 = CARTESIAN_POINT ( 'NONE',  ( -1.100782506330579835, 1.653166644880807779, 6.748872150866483288 ) ) ;
#2455 = VECTOR ( 'NONE', #4354, 1000.000000000000000 ) ;
#2456 = CARTESIAN_POINT ( 'NONE',  ( 0.000000000000000000, 0.000000000000000000, 0.000000000000000000 ) ) ;
#2457 = CARTESIAN_POINT ( 'NONE',  ( 2.579629788281249780, 4.568517644207729766, 5.130468751083942180 ) ) ;
#2458 = CARTESIAN_POINT ( 'NONE',  ( -1.579142676127464062, 2.040233753616687462, 3.538086454570871453 ) ) ;
#2459 = CARTESIAN_POINT ( 'NONE',  ( -2.149943063251050557, 3.483836659853392970, 1.857151743016625112 ) ) ;
#2460 = CARTESIAN_POINT ( 'NONE',  ( 3.150000000000000355, 16.26240592994945189, 0.5000000000000000000 ) ) ;
#2461 = VECTOR ( 'NONE', #4359, 1000.000000000000000 ) ;
#2462 = EDGE_CURVE ( 'NONE', #1016, #3445, #679, .T. ) ;
#2463 = CARTESIAN_POINT ( 'NONE',  ( 1.544275084984233049, 2.003688071929681680, 5.330804748943974047 ) ) ;
#2464 = CARTESIAN_POINT ( 'NONE',  ( -1.129015157974140093, 1.180557261398204938, 7.999999999999996447 ) ) ;
#2465 = CARTESIAN_POINT ( 'NONE',  ( 0.000000000000000000, -6.505213034913026604E-16, 6.000000000000000000 ) ) ;
#2466 = DIRECTION ( 'NONE',  ( 0.000000000000000000, 0.000000000000000000, -1.000000000000000000 ) ) ;
#2467 = CARTESIAN_POINT ( 'NONE',  ( -2.149999999999999467, 2.609440840897844449, 2.898046877167881341 ) ) ;
#2468 = CARTESIAN_POINT ( 'NONE',  ( 0.000000000000000000, -6.505213034913026604E-16, 6.000000000000000000 ) ) ;
#2469 = CARTESIAN_POINT ( 'NONE',  ( -1.531347700981810611, 5.009868158885692146, 5.726719259482117685 ) ) ;
#2470 = CARTESIAN_POINT ( 'NONE',  ( 1.824073716244490218, 1.675926283755510227, 2.699609376083942358 ) ) ;
#2471 = VERTEX_POINT ( 'NONE', #1414 ) ;
#2472 = CARTESIAN_POINT ( 'NONE',  ( -17.49999999999999645, -12.49999999999999822, 0.000000000000000000 ) ) ;
#2473 = CARTESIAN_POINT ( 'NONE',  ( 3.075000000000000178, 15.76806293161731709, 0.5000000000000000000 ) ) ;
#2474 = CARTESIAN_POINT ( 'NONE',  ( -0.4054899814164146798, 1.388069747218397598, 7.587513745127510312 ) ) ;
#2475 = CARTESIAN_POINT ( 'NONE',  ( 11.86914323243069802, -3.092570302707855934, 0.1585634020948199219 ) ) ;
#2476 = CARTESIAN_POINT ( 'NONE',  ( 0.8905591591021556619, 1.350000000000000533, 1.508984377167881696 ) ) ;
#2477 = CARTESIAN_POINT ( 'NONE',  ( -2.149999999999999911, 4.390559159102155995, 2.005078127167881696 ) ) ;
#2478 = ORIENTED_EDGE ( 'NONE', *, *, #4806, .F. ) ;
#2479 = CARTESIAN_POINT ( 'NONE',  ( -1.068517644207729766, 6.079629788281250669, 4.535156251083940049 ) ) ;
#2480 = CARTESIAN_POINT ( 'NONE',  ( 1.824073716244490218, 1.675926283755510227, 4.981640626083940759 ) ) ;
#2481 = CARTESIAN_POINT ( 'NONE',  ( 1.165327745759025424, 1.688256980204609681, 6.095912665047380941 ) ) ;
#2482 = CARTESIAN_POINT ( 'NONE',  ( -12.60742969729210650, -3.830856767569282617, 0.1585634020948459844 ) ) ;
#2483 = CARTESIAN_POINT ( 'NONE',  ( -2.579629788281249780, 4.568517644207729766, -0.8226562489160575975 ) ) ;
#2484 = CARTESIAN_POINT ( 'NONE',  ( 1.824073716244490218, 1.675926283755510227, 0.2191406260839412479 ) ) ;
#2485 = CARTESIAN_POINT ( 'NONE',  ( 0.8905591591021556619, 1.350000000000000533, 0.5167968750000011546 ) ) ;
#2486 = AXIS2_PLACEMENT_3D ( 'NONE', #3188, #3829, #4306 ) ;
#2487 = VERTEX_POINT ( 'NONE', #5815 ) ;
#2488 = LINE ( 'NONE', #3502, #686 ) ;
#2489 = CARTESIAN_POINT ( 'NONE',  ( -2.142661971583109892, 3.316426596926274950, 6.629267616254484352 ) ) ;
#2490 = CARTESIAN_POINT ( 'NONE',  ( 4.738703044805676257E-16, 0.9203702117187601006, 0.2191406260839471598 ) ) ;
#2491 = VERTEX_POINT ( 'NONE', #5202 ) ;
#2492 = ORIENTED_EDGE ( 'NONE', *, *, #1851, .F. ) ;
#2493 = CARTESIAN_POINT ( 'NONE',  ( -0.8051129506568368566, 1.506378816136487719, 3.593729730239072939 ) ) ;
#2494 = CYLINDRICAL_SURFACE ( 'NONE', #6902, 1.649999999999998579 ) ;
#2495 = B_SPLINE_CURVE_WITH_KNOTS ( 'NONE', 3,
 ( #2689, #2551, #4748, #4895, #2151, #6952, #1425, #3125, #5946, #5400, #3636, #2046, #5327, #5826, #7024, #417, #1537, #3675, #6483, #995, #5870, #6990, #4246, #2621, #4825, #4283, #3200, #4861, #4416, #6582, #2180, #3334, #1097, #3265, #586, #654, #1737, #5532, #6550, #6689, #1671, #7128, #2285, #1196, #3403, #6109, #2787 ),
 .UNSPECIFIED., .F., .F.,
 ( 4, 2, 2, 2, 2, 2, 2, 2, 2, 1, 2, 2, 2, 2, 2, 2, 2, 2, 2, 2, 2, 2, 2, 4 ),
 ( 0.000000000000000000, 0.005985982096497702992, 0.007482477620622132210, 0.007669539561137683585, 0.007856601501653235828, 0.008230725382684359395, 0.008978973144746623877, 0.01047546866887115631, 0.01122371643093341559, 0.01159784031196454956, 0.01169137128222233132, 0.01178490225248011308, 0.01197196419299569048, 0.01496495524124488372, 0.01533907912227604024, 0.01571320300330719677, 0.01646145076536952370, 0.01795794628949416716, 0.02095093733774345754, 0.02244743286186810793, 0.02319568062393043834, 0.02338274256444603308, 0.02356980450496162782, 0.02394392838599281731 ),
 .UNSPECIFIED. ) ;
#2496 = CARTESIAN_POINT ( 'NONE',  ( -1.975245947256968559, 4.351095062555783599, 2.598605888739900838 ) ) ;
#2497 = CARTESIAN_POINT ( 'NONE',  ( 1.783000772948273749, 4.701955777880049148, 3.122294214062708573 ) ) ;
#2498 = CARTESIAN_POINT ( 'NONE',  ( 2.133228756917675994, 2.973761284908299274, 7.999999999999998224 ) ) ;
#2499 = CARTESIAN_POINT ( 'NONE',  ( -2.476804024922220737, 2.759194837505695830, 8.525015857617281910E-16 ) ) ;
#2500 = CARTESIAN_POINT ( 'NONE',  ( -1.071015188918629457, 1.634348674264254342, 4.369715455379037827 ) ) ;
#2501 = DIRECTION ( 'NONE',  ( -1.000000000000000000, 0.000000000000000000, 0.000000000000000000 ) ) ;
#2502 = CARTESIAN_POINT ( 'NONE',  ( -11.50000000000000000, -1.595945597898662330E-15, 0.5000000000000000000 ) ) ;
#2503 = CARTESIAN_POINT ( 'NONE',  ( -1.953543665730244294, 4.399120387670977017, 5.770444501112353741 ) ) ;
#2504 = CARTESIAN_POINT ( 'NONE',  ( -2.579629788281250224, 3.500000000000000000, 1.608203126083941781 ) ) ;
#2505 = ORIENTED_EDGE ( 'NONE', *, *, #1155, .F. ) ;
#2506 = CARTESIAN_POINT ( 'NONE',  ( -0.1126857567433703633, 1.352725102575583760, 2.842097041681455938 ) ) ;
#2507 = CARTESIAN_POINT ( 'NONE',  ( 0.09449823964555381650, 5.647939963459588597, 0.8587073689005307875 ) ) ;
#2508 = CARTESIAN_POINT ( 'NONE',  ( -1.782973172591240330, 2.296869362414404314, 7.488025864169131296 ) ) ;
#2509 = CARTESIAN_POINT ( 'NONE',  ( 11.99139083208657475, -2.725827503740309243, 0.3933195120613614537 ) ) ;
#2510 = CARTESIAN_POINT ( 'NONE',  ( 2.149999999999995914, 3.500000091924615031, 1.657814174355387582 ) ) ;
#2511 = ADVANCED_FACE ( 'NONE', ( #5316 ), #296, .F. ) ;
#2512 = CARTESIAN_POINT ( 'NONE',  ( -0.8905591591021551068, 1.350000000000000533, 2.997265627167882585 ) ) ;
#2513 = VERTEX_POINT ( 'NONE', #4738 ) ;
#2514 = VERTEX_POINT ( 'NONE', #1955 ) ;
#2515 = CARTESIAN_POINT ( 'NONE',  ( 1.068517644207731099, 0.9203702117187504417, 4.138281251083940404 ) ) ;
#2516 = CARTESIAN_POINT ( 'NONE',  ( 1.068517644207729544, 6.079629788281250669, 2.848437501083941115 ) ) ;
#2517 = CARTESIAN_POINT ( 'NONE',  ( -0.8277032485836568476, 1.515465265566636299, 5.973507651003997054 ) ) ;
#2518 = CARTESIAN_POINT ( 'NONE',  ( -11.74296878151176493, -3.471093655464853711, 0.05975932978926108696 ) ) ;
#2519 = CARTESIAN_POINT ( 'NONE',  ( 2.579629788281249780, 4.568517644207729766, -0.3265624989160585967 ) ) ;
#2520 = CARTESIAN_POINT ( 'NONE',  ( -1.824073716244489995, 5.324073716244490662, 0.6160156260839408926 ) ) ;
#2521 = AXIS2_PLACEMENT_3D ( 'NONE', #346, #4214, #4174 ) ;
#2522 = CARTESIAN_POINT ( 'NONE',  ( 0.8905591591021556619, 1.350000000000000533, -0.2769531249999981348 ) ) ;
#2523 = CARTESIAN_POINT ( 'NONE',  ( 0.000000000000000000, 3.500000000000000000, 0.000000000000000000 ) ) ;
#2524 = EDGE_CURVE ( 'NONE', #4828, #1962, #3697, .T. ) ;
#2525 = ORIENTED_EDGE ( 'NONE', *, *, #726, .T. ) ;
#2526 = AXIS2_PLACEMENT_3D ( 'NONE', #2913, #6704, #6269 ) ;
#2527 = CARTESIAN_POINT ( 'NONE',  ( -2.126037877108584162, 3.828963985024308680, 5.012365233309944657 ) ) ;
#2528 = CARTESIAN_POINT ( 'NONE',  ( 0.8380404755607970824, 1.519636622024453265, 6.867806379877984035 ) ) ;
#2529 = CARTESIAN_POINT ( 'NONE',  ( 0.6079712169414004386, 5.562637219671861644, 1.621935343623920556 ) ) ;
#2530 = CARTESIAN_POINT ( 'NONE',  ( -2.579629788281239122, 2.431482355792272454, 0.8640625010839481090 ) ) ;
#2531 = ORIENTED_EDGE ( 'NONE', *, *, #5398, .T. ) ;
#2532 = ORIENTED_EDGE ( 'NONE', *, *, #6946, .T. ) ;
#2533 = CARTESIAN_POINT ( 'NONE',  ( -1.469460539651093578, 1.929011369195059444, 3.546919237463300512 ) ) ;
#2534 = CARTESIAN_POINT ( 'NONE',  ( -0.4747461876444646900, 1.401563792143386777, 2.027046148662785541 ) ) ;
#2535 = CARTESIAN_POINT ( 'NONE',  ( 1.472559422521694250, 5.067242758229701494, 2.356258703586424641 ) ) ;
#2536 = ADVANCED_FACE ( 'NONE', ( #4094 ), #231, .T. ) ;
#2537 = CARTESIAN_POINT ( 'NONE',  ( 1.805678287730322351, 2.332833106376515531, 5.355146224772638242 ) ) ;
#2538 = DIRECTION ( 'NONE',  ( 0.000000000000000000, 0.000000000000000000, -1.000000000000000000 ) ) ;
#2539 = DIRECTION ( 'NONE',  ( 1.000000000000000000, 0.000000000000000000, 0.000000000000000000 ) ) ;
#2540 = CARTESIAN_POINT ( 'NONE',  ( -1.749695426616192817, 2.250359205518379646, 4.316200292885247869 ) ) ;
#2541 = CARTESIAN_POINT ( 'NONE',  ( 2.999999999999998668, -8.150000000000000355, 2.000000000000000000 ) ) ;
#2542 = CARTESIAN_POINT ( 'NONE',  ( -1.520279579551076843, 1.979720420448922491, 4.535156252167881874 ) ) ;
#2543 = EDGE_CURVE ( 'NONE', #3222, #3573, #947, .T. ) ;
#2544 = CARTESIAN_POINT ( 'NONE',  ( -2.149501290291336630, 3.550160132627475207, 5.822192832873286150 ) ) ;
#2545 = CARTESIAN_POINT ( 'NONE',  ( 1.824073716244490218, 1.675926283755510227, 1.112109376083941781 ) ) ;
#2546 = CIRCLE ( 'NONE', #6570, 3.300000000000000266 ) ;
#2547 = ORIENTED_EDGE ( 'NONE', *, *, #2155, .F. ) ;
#2548 = CARTESIAN_POINT ( 'NONE',  ( -1.463961722168073631, 1.925314252155840622, 2.753642259046207741 ) ) ;
#2549 = CARTESIAN_POINT ( 'NONE',  ( -0.1060238018890899553, 5.648516512499267783, 0.8698092172906626285 ) ) ;
#2550 = CARTESIAN_POINT ( 'NONE',  ( 0.1348584474427101387, 1.352965421444942251, 7.618510515609867362 ) ) ;
#2551 = CARTESIAN_POINT ( 'NONE',  ( 0.4111464145744356258, 5.627947267451443025, 7.984400382665814533 ) ) ;
#2552 = CARTESIAN_POINT ( 'NONE',  ( 21.50000000000000000, -9.000000000000000000, 0.5000000000000000000 ) ) ;
#2553 = CARTESIAN_POINT ( 'NONE',  ( -2.149999999999999911, 4.390559159102155995, 1.211328127167881519 ) ) ;
#2554 = VERTEX_POINT ( 'NONE', #5896 ) ;
#2555 = EDGE_LOOP ( 'NONE', ( #6164, #4045, #2184, #3317 ) ) ;
#2556 = EDGE_CURVE ( 'NONE', #1282, #659, #6009, .T. ) ;
#2557 = CARTESIAN_POINT ( 'NONE',  ( 2.579629788281249780, 4.568517644207729766, 2.749218751083941203 ) ) ;
#2558 = CARTESIAN_POINT ( 'NONE',  ( 2.579629788281250224, 3.500000000000000444, 2.699609376083940582 ) ) ;
#2559 =( LENGTH_UNIT ( ) NAMED_UNIT ( * ) SI_UNIT ( .MILLI., .METRE. ) );
#2560 = DIRECTION ( 'NONE',  ( 0.000000000000000000, 1.000000000000000000, 0.000000000000000000 ) ) ;
#2561 = CARTESIAN_POINT ( 'NONE',  ( 1.068517644207731321, 0.9203702117187504417, 2.550781251083940049 ) ) ;
#2562 = CARTESIAN_POINT ( 'NONE',  ( 1.824073716244490218, 1.675926283755510227, 6.668359376083942358 ) ) ;
#2563 = CARTESIAN_POINT ( 'NONE',  ( -1.824073716244489329, 1.675926283755509782, 7.164453126083940582 ) ) ;
#2564 = VECTOR ( 'NONE', #5023, 1000.000000000000000 ) ;
#2565 = CARTESIAN_POINT ( 'NONE',  ( 1.307454909512625774, 5.206857663226601041, 4.749755034755271943 ) ) ;
#2566 = CARTESIAN_POINT ( 'NONE',  ( -1.697916379773275253, 2.172669751765450297, 6.703106507560573135 ) ) ;
#2567 = CARTESIAN_POINT ( 'NONE',  ( 0.5638837707251004305, 5.574794565719650485, 1.624666133191176254 ) ) ;
#2568 = VECTOR ( 'NONE', #4182, 1000.000000000000000 ) ;
#2569 = CARTESIAN_POINT ( 'NONE',  ( 3.949485927250213853E-16, 1.350000000000000089, 8.404687500000001421 ) ) ;
#2570 = ORIENTED_EDGE ( 'NONE', *, *, #834, .T. ) ;
#2571 = VERTEX_POINT ( 'NONE', #1917 ) ;
#2572 = CARTESIAN_POINT ( 'NONE',  ( 2.149999999999999911, 2.889794567918265500, 0.03632047614941927294 ) ) ;
#2573 = CARTESIAN_POINT ( 'NONE',  ( 1.675486713350995860, 4.848749508146330989, 2.339204072610349350 ) ) ;
#2574 = CARTESIAN_POINT ( 'NONE',  ( 2.148645298859257480, 3.589415096289314544, 3.051881287985144020 ) ) ;
#2575 = CARTESIAN_POINT ( 'NONE',  ( -0.1792257604001974702, 1.003812588296667530, 8.000000000000001776 ) ) ;
#2576 = CARTESIAN_POINT ( 'NONE',  ( -3.000000000000002665, -8.150000000000000355, 0.000000000000000000 ) ) ;
#2577 = CARTESIAN_POINT ( 'NONE',  ( 2.149999999992771471, 3.499996140643243603, 6.420241311458933176 ) ) ;
#2578 = CARTESIAN_POINT ( 'NONE',  ( -2.149999999999999467, 2.609440840897844449, 5.279296877167881874 ) ) ;
#2579 = LINE ( 'NONE', #882, #2284 ) ;
#2580 = CARTESIAN_POINT ( 'NONE',  ( 1.642446725179206535, 4.896684249450045989, 5.517479992575671233 ) ) ;
#2581 = CARTESIAN_POINT ( 'NONE',  ( -1.068517644207730211, 0.9203702117187504417, 1.757031251083941648 ) ) ;
#2582 = AXIS2_PLACEMENT_3D ( 'NONE', #4320, #7096, #5289 ) ;
#2583 = EDGE_CURVE ( 'NONE', #3812, #6647, #5673, .T. ) ;
#2584 = ORIENTED_EDGE ( 'NONE', *, *, #3338, .T. ) ;
#2585 = CARTESIAN_POINT ( 'NONE',  ( -0.07233159253510650089, 1.351213946283898348, 2.844380201246006212 ) ) ;
#2586 = CARTESIAN_POINT ( 'NONE',  ( -2.149999999999994138, 3.499999842442264697, 1.062499871044174649 ) ) ;
#2587 = CARTESIAN_POINT ( 'NONE',  ( -1.236231114824630994, 1.740904453701593635, 7.533055682953722076 ) ) ;
#2588 = CARTESIAN_POINT ( 'NONE',  ( 12.00000000000000355, -4.033333333333332327, 0.02859547920896891166 ) ) ;
#2589 = CARTESIAN_POINT ( 'NONE',  ( 2.149999999999995914, 3.500000091924615031, 1.657814174355387582 ) ) ;
#2590 = CARTESIAN_POINT ( 'NONE',  ( 2.149999999999999911, 3.500000000000000444, 0.8640625021678816076 ) ) ;
#2591 = ORIENTED_EDGE ( 'NONE', *, *, #5885, .F. ) ;
#2592 = CARTESIAN_POINT ( 'NONE',  ( 2.579629788281250224, 3.500000000000000444, 1.112109376083940893 ) ) ;
#2593 = CARTESIAN_POINT ( 'NONE',  ( 2.579629788281250669, 2.431482355792271122, 4.237500001083942536 ) ) ;
#2594 = CARTESIAN_POINT ( 'NONE',  ( -5.408326913195983465, 0.000000000000000000, 8.000000000000000000 ) ) ;
#2595 = CARTESIAN_POINT ( 'NONE',  ( 1.068517644207731321, 0.9203702117187504417, 0.9632812510839408038 ) ) ;
#2596 = CARTESIAN_POINT ( 'NONE',  ( 2.579629788281250669, 2.431482355792271122, 6.717968751083941648 ) ) ;
#2597 = EDGE_CURVE ( 'NONE', #4367, #5416, #5903, .T. ) ;
#2598 = CARTESIAN_POINT ( 'NONE',  ( -12.00000000000000178, 9.507820771309093644, 2.000000000000000000 ) ) ;
#2599 = ORIENTED_EDGE ( 'NONE', *, *, #5588, .T. ) ;
#2600 = CARTESIAN_POINT ( 'NONE',  ( 0.3489046192752875419, 5.621508040766036274, 4.812737123084955826 ) ) ;
#2601 = CARTESIAN_POINT ( 'NONE',  ( -1.710526529737701251, 4.810005171896757581, 4.154425256268003963 ) ) ;
#2602 = EDGE_CURVE ( 'NONE', #5873, #4951, #6403, .T. ) ;
#2603 = CARTESIAN_POINT ( 'NONE',  ( -2.579629788281249780, 4.568517644207729766, 5.527343751083941825 ) ) ;
#2604 = CARTESIAN_POINT ( 'NONE',  ( 1.520279579551077509, 1.979720420448922935, 6.122656250000001243 ) ) ;
#2605 = ORIENTED_EDGE ( 'NONE', *, *, #6061, .T. ) ;
#2606 = ORIENTED_EDGE ( 'NONE', *, *, #3828, .T. ) ;
#2607 = CARTESIAN_POINT ( 'NONE',  ( -0.7046020709208320465, 5.737676656509969497, 2.898621045331888025E-14 ) ) ;
#2608 = CARTESIAN_POINT ( 'NONE',  ( 1.618889272103474442, 4.914814703086570091, 2.344193377927774602 ) ) ;
#2609 = CARTESIAN_POINT ( 'NONE',  ( -1.822636510557930523, 2.352020420044622195, 5.102675106032416252 ) ) ;
#2610 = CARTESIAN_POINT ( 'NONE',  ( 11.59945504087193591, 10.30822920078321125, 2.000000000000000000 ) ) ;
#2611 = CARTESIAN_POINT ( 'NONE',  ( -0.000000000000000000, -4.200000000000000178, 0.000000000000000000 ) ) ;
#2612 = CARTESIAN_POINT ( 'NONE',  ( -2.149999999992741273, 3.499994413020231843, 6.023437813396006035 ) ) ;
#2613 = DIRECTION ( 'NONE',  ( 0.000000000000000000, 0.000000000000000000, 1.000000000000000000 ) ) ;
#2614 = CARTESIAN_POINT ( 'NONE',  ( 1.824073716244483112, 1.675926283755517554, 5.080859376083948220 ) ) ;
#2615 = CARTESIAN_POINT ( 'NONE',  ( -1.388347751742441627, 5.141714504430608734, 5.715628001579094786 ) ) ;
#2616 = CARTESIAN_POINT ( 'NONE',  ( -1.824073716244489995, 5.324073716244490662, 1.508984376083942314 ) ) ;
#2617 = ORIENTED_EDGE ( 'NONE', *, *, #345, .F. ) ;
#2618 = CARTESIAN_POINT ( 'NONE',  ( 0.8905591591021556619, 1.350000000000000533, 3.890234377167881341 ) ) ;
#2619 = CARTESIAN_POINT ( 'NONE',  ( -1.601871427194767161, 4.934131638846460000, 0.9699629955509390111 ) ) ;
#2620 = CARTESIAN_POINT ( 'NONE',  ( -2.149128553122810370, 3.436737639468714800, 7.416044948377046531 ) ) ;
#2621 = CARTESIAN_POINT ( 'NONE',  ( 1.568078728091634400, 4.970945884954310223, 7.904742421459339141 ) ) ;
#2622 = CARTESIAN_POINT ( 'NONE',  ( -0.1150118638315603542, 5.650066978988345312, 7.220474168670065751 ) ) ;
#2623 = CARTESIAN_POINT ( 'NONE',  ( 2.149999999999999911, 3.500000000000000444, -0.7234374978321179706 ) ) ;
#2624 = ORIENTED_EDGE ( 'NONE', *, *, #246, .T. ) ;
#2625 = CARTESIAN_POINT ( 'NONE',  ( 2.579629788281250669, 2.431482355792271122, 1.062500001083941159 ) ) ;
#2626 = CARTESIAN_POINT ( 'NONE',  ( 2.579629788281250669, 2.431482355792271122, 1.856250001083940449 ) ) ;
#2627 = DIRECTION ( 'NONE',  ( -1.387778780781445676E-16, -1.000000000000000000, 0.000000000000000000 ) ) ;
#2628 = CARTESIAN_POINT ( 'NONE',  ( -11.92967439954871622, -4.056775200150428695, 0.02095234401152746076 ) ) ;
#2629 = CARTESIAN_POINT ( 'NONE',  ( 2.149999999999999911, 3.500000000000000444, 7.214062502167881696 ) ) ;
#2630 = CARTESIAN_POINT ( 'NONE',  ( -1.579567681601898742E-16, 6.079629788281250669, 6.172265626083941470 ) ) ;
#2631 = CARTESIAN_POINT ( 'NONE',  ( -2.579629788281250224, 3.500000000000000000, 8.652734376083939694 ) ) ;
#2632 = CARTESIAN_POINT ( 'NONE',  ( 1.881405393405505944, 4.541396285516294817, 4.698592204933786043 ) ) ;
#2633 = CARTESIAN_POINT ( 'NONE',  ( 0.03041446339747761254, 5.650063937835849259, 4.037259784281394204 ) ) ;
#2634 = CARTESIAN_POINT ( 'NONE',  ( 2.579629788281250224, 3.500000000000000444, 5.180078126083941470 ) ) ;
#2635 = CARTESIAN_POINT ( 'NONE',  ( -1.520279579551076843, 1.979720420448922491, 5.924218750000001421 ) ) ;
#2636 = ORIENTED_EDGE ( 'NONE', *, *, #5014, .F. ) ;
#2637 = ORIENTED_EDGE ( 'NONE', *, *, #281, .T. ) ;
#2638 = CARTESIAN_POINT ( 'NONE',  ( -2.149999999999999467, 2.609440840897844449, 6.866796877167881341 ) ) ;
#2639 = CARTESIAN_POINT ( 'NONE',  ( 0.2121787364124097519, 5.639522081164619394, 2.439463431357621559 ) ) ;
#2640 = TOROIDAL_SURFACE ( 'NONE', #5404, 1.517157287525383813, 0.2000000000000000111 ) ;
#2641 = CARTESIAN_POINT ( 'NONE',  ( -2.150000002846782277, 3.503646017069070862, 0.2685468942178541596 ) ) ;
#2642 = DIRECTION ( 'NONE',  ( -0.000000000000000000, -0.000000000000000000, -1.000000000000000000 ) ) ;
#2643 = DIRECTION ( 'NONE',  ( -0.000000000000000000, -0.000000000000000000, 1.000000000000000000 ) ) ;
#2644 = CARTESIAN_POINT ( 'NONE',  ( 13.00000000000000000, -2.700000000000000622, 0.5000000000000000000 ) ) ;
#2645 = CARTESIAN_POINT ( 'NONE',  ( 1.824073716244482668, 5.324073716244483556, 5.279296876083947154 ) ) ;
#2646 = CARTESIAN_POINT ( 'NONE',  ( 1.989999316598170198, 4.323172017158459113, 5.477763372482594484 ) ) ;
#2647 = DIRECTION ( 'NONE',  ( 0.000000000000000000, 0.000000000000000000, -1.000000000000000000 ) ) ;
#2648 = EDGE_LOOP ( 'NONE', ( #4982, #5888, #2135, #5928 ) ) ;
#2649 = EDGE_CURVE ( 'NONE', #6238, #5781, #5761, .T. ) ;
#2650 = CYLINDRICAL_SURFACE ( 'NONE', #459, 1.649999999999998579 ) ;
#2651 = CARTESIAN_POINT ( 'NONE',  ( 2.125005300217378768, 3.832843593400019344, 0.6848231828062204540 ) ) ;
#2652 = DIRECTION ( 'NONE',  ( 1.000000000000000000, 0.000000000000000000, 0.000000000000000000 ) ) ;
#2653 = CARTESIAN_POINT ( 'NONE',  ( 13.00000000000000178, -2.700000000000000178, 2.000000000000000000 ) ) ;
#2654 = AXIS2_PLACEMENT_3D ( 'NONE', #5432, #2113, #2750 ) ;
#2655 = CARTESIAN_POINT ( 'NONE',  ( -0.5757178943857891307, 5.571490977318634741, 7.247945065611411053 ) ) ;
#2656 = CARTESIAN_POINT ( 'NONE',  ( 1.866465808243738200, 2.419936048196934308, 0.5991019919426393558 ) ) ;
#2657 = ORIENTED_EDGE ( 'NONE', *, *, #58, .F. ) ;
#2658 = TOROIDAL_SURFACE ( 'NONE', #6690, 7.017157287525382259, 0.2000000000000000111 ) ;
#2659 = CARTESIAN_POINT ( 'NONE',  ( 1.824073716244490218, 1.675926283755510227, 0.2191406260839412479 ) ) ;
#2660 = CARTESIAN_POINT ( 'NONE',  ( -2.144217757213221276, 3.289219617584696831, 5.836938004889709930 ) ) ;
#2661 = B_SPLINE_CURVE_WITH_KNOTS ( 'NONE', 3,
 ( #6045, #3945, #2824, #4480, #1641, #1701, #3842, #5599, #6143, #4446, #4989, #1608, #2862, #3876, #4383, #107, #3302, #2755, #620, #5060, #2324, #6653, #3807, #1065, #5500, #6014, #5468, #520, #2719, #5024, #71, #4924, #553, #4956, #2, #2214, #39, #6620, #2250, #6077, #1127, #3907, #1160, #3368, #5564, #5269, #5845, #2028, #5804, #4765, #2567, #2529, #6971, #1443, #904, #5345, #3689, #397, #938, #3105, #869, #6931, #4557, #6430, #4228, #4728, #3068, #6727, #5886, #4515, #3441, #691, #324, #1984, #4192, #6765, #1482, #4060, #1816 ),
 .UNSPECIFIED., .F., .F.,
 ( 4, 2, 2, 2, 2, 1, 2, 2, 2, 2, 2, 1, 2, 2, 2, 2, 2, 2, 2, 1, 2, 2, 2, 2, 2, 2, 2, 1, 2, 2, 2, 2, 2, 2, 2, 2, 2, 2, 2, 1, 2, 4 ),
 ( 0.7680183212303313134, 0.7711203113559085276, 0.7742223014814857418, 0.7746100502471828797, 0.7748039246300314487, 0.7749977990128800176, 0.7757732965442742934, 0.7773242916070626229, 0.7804262817326396151, 0.7812017792640337799, 0.7813956536468823488, 0.7815895280297309178, 0.7819772767954280557, 0.7835282718582167183, 0.7866302619837939325, 0.7881812570465825951, 0.7889567545779768709, 0.7890536917694010999, 0.7891506289608254399, 0.7893445033436740088, 0.7897322521093711467, 0.7928342422349483609, 0.7936097397663427477, 0.7943852372977370235, 0.7959362323605256861, 0.7967117298919199619, 0.7969056042747685309, 0.7970994786576170998, 0.7974872274233142377, 0.7990382224861029004, 0.8021402126116800035, 0.8036912076744686662, 0.8044667052058629420, 0.8046605795887115109, 0.8048544539715600799, 0.8052422027372572177, 0.8114461829884117572, 0.8122216805198060330, 0.8126094292855031709, 0.8129971780512003088, 0.8145481731139888604, 0.8176501632395660746 ),
 .UNSPECIFIED. ) ;
#2662 = CARTESIAN_POINT ( 'NONE',  ( -1.681844983492875256, 5.136402594533911348, 8.000000000000000000 ) ) ;
#2663 = CARTESIAN_POINT ( 'NONE',  ( -0.8905591591021546627, 5.650000000000000355, 8.255859377167881874 ) ) ;
#2664 = CARTESIAN_POINT ( 'NONE',  ( -2.579629788281250224, 3.500000000000000000, 7.958203126083942536 ) ) ;
#2665 = ADVANCED_FACE ( 'NONE', ( #6831, #3547 ), #511, .T. ) ;
#2666 = CARTESIAN_POINT ( 'NONE',  ( 1.068517644207729544, 6.079629788281250669, 6.023437501083940937 ) ) ;
#2667 = CARTESIAN_POINT ( 'NONE',  ( 1.243867822183130301, 5.253921832843301942, 4.754388887867518676 ) ) ;
#2668 = CARTESIAN_POINT ( 'NONE',  ( -1.310245221070058141, 5.205036286164115289, 4.122197112111352979 ) ) ;
#2669 = CARTESIAN_POINT ( 'NONE',  ( -2.579629788281250224, 3.500000000000000000, 4.783203126083941825 ) ) ;
#2670 =( BOUNDED_SURFACE ( )  B_SPLINE_SURFACE ( 3, 2, ( 
 ( #969, #1937, #5261 ),
 ( #930, #315, #6422 ),
 ( #6997, #3059, #3135 ),
 ( #1473, #5338, #389 ),
 ( #4757, #860, #2054 ),
 ( #2482, #4254, #3018 ),
 ( #3173, #5373, #6457 ),
 ( #1510, #1976, #2518 ),
 ( #2019, #5299, #3716 ),
 ( #2628, #4833, #3096 ) ),
 .UNSPECIFIED., .F., .F., .F. ) 
 B_SPLINE_SURFACE_WITH_KNOTS ( ( 4, 2, 2, 2, 4 ),
 ( 3, 3 ),
 ( 6.283185307179586232, 6.603254616814369093, 6.923323926449151955, 7.243393236083935705, 7.563462545718718566 ),
 ( 0.000000000000000000, 1.000000000000000000 ),
 .UNSPECIFIED. ) 
 GEOMETRIC_REPRESENTATION_ITEM ( )  RATIONAL_B_SPLINE_SURFACE ( (
 ( 1.000000000000000000, 0.7071067811865475727, 1.000000000000000000),
 ( 1.000000000000000000, 0.7068930454265157648, 1.000000000000000000),
 ( 1.000000000000000000, 0.7197884586381451122, 1.000000000000000000),
 ( 1.000000000000000000, 0.7627725123231068327, 1.000000000000000000),
 ( 1.000000000000000000, 0.7926164078504024380, 1.000000000000000000),
 ( 1.000000000000000000, 0.8546693597991728009, 1.000000000000000000),
 ( 1.000000000000000000, 0.8867180362763651402, 1.000000000000000000),
 ( 1.000000000000000000, 0.9415435370391117553, 1.000000000000000000),
 ( 1.000000000000000000, 0.9643968808782839019, 1.000000000000000000),
 ( 1.000000000000000000, 0.9792718281540114811, 1.000000000000000000) ) ) 
 REPRESENTATION_ITEM ( '' )  SURFACE ( )  );
#2671 = CARTESIAN_POINT ( 'NONE',  ( -0.8905591591021546627, 5.650000000000000355, 6.469921875000000711 ) ) ;
#2672 = ORIENTED_EDGE ( 'NONE', *, *, #2970, .T. ) ;
#2673 = VERTEX_POINT ( 'NONE', #4883 ) ;
#2674 = CARTESIAN_POINT ( 'NONE',  ( -2.149742283251431019, 3.463830480823017144, 3.445775901200176961 ) ) ;
#2675 = CARTESIAN_POINT ( 'NONE',  ( 1.205645991837929865, 5.280153655139970148, 2.375868366674459331 ) ) ;
#2676 = CARTESIAN_POINT ( 'NONE',  ( -1.358454944037160050, 1.815948236291726969, 5.143673095124114525 ) ) ;
#2677 = APPLICATION_PROTOCOL_DEFINITION ( 'draft international standard', 'automotive_design', 1998, #6299 ) ;
#2678 = CIRCLE ( 'NONE', #2907, 1.000000000000000000 ) ;
#2679 = CARTESIAN_POINT ( 'NONE',  ( 4.000000000000000000, 14.54651426760056765, 2.000000000000000000 ) ) ;
#2680 = DIRECTION ( 'NONE',  ( 0.000000000000000000, 0.000000000000000000, -1.000000000000000000 ) ) ;
#2681 = CARTESIAN_POINT ( 'NONE',  ( -1.824073716244482890, 5.324073716244483556, 5.477734376083947865 ) ) ;
#2682 = CARTESIAN_POINT ( 'NONE',  ( 1.274552962865116212, 5.233067653216323833, 5.545951585481769364 ) ) ;
#2683 = FACE_OUTER_BOUND ( 'NONE', #3024, .T. ) ;
#2684 = ORIENTED_EDGE ( 'NONE', *, *, #6081, .F. ) ;
#2685 = ADVANCED_FACE ( 'NONE', ( #7050 ), #4915, .T. ) ;
#2686 = CARTESIAN_POINT ( 'NONE',  ( 2.999999999999998668, -8.150000000000000355, 2.000000000000000000 ) ) ;
#2687 = CARTESIAN_POINT ( 'NONE',  ( 0.8344487402134928011, 5.482143612187761583, 0.8136818460013616194 ) ) ;
#2688 = CARTESIAN_POINT ( 'NONE',  ( -2.115950509863577356, 3.118671895623729373, 7.434528023607101410 ) ) ;
#2689 = CARTESIAN_POINT ( 'NONE',  ( 0.1383985218572991449, 5.645540922272917150, 8.000000000252846633 ) ) ;
#2690 = AXIS2_PLACEMENT_3D ( 'NONE', #628, #5475, #4963 ) ;
#2691 = CARTESIAN_POINT ( 'NONE',  ( 1.685700667593057700, 4.835635061552717495, 7.100675391202718956 ) ) ;
#2692 = CARTESIAN_POINT ( 'NONE',  ( 2.116755942317785966, 3.116266200656303997, 0.6434699083844861445 ) ) ;
#2693 = ORIENTED_EDGE ( 'NONE', *, *, #6897, .T. ) ;
#2694 = AXIS2_PLACEMENT_3D ( 'NONE', #1840, #3323, #2239 ) ;
#2695 = CARTESIAN_POINT ( 'NONE',  ( -2.579629788281249336, 2.431482355792268013, 1.558593751083941159 ) ) ;
#2696 = SURFACE_SIDE_STYLE ('',( #4901 ) ) ;
#2697 = CARTESIAN_POINT ( 'NONE',  ( 0.000000000000000000, -5.179673909541009813, 0.000000000000000000 ) ) ;
#2698 = CARTESIAN_POINT ( 'NONE',  ( -1.316495309083404618E-16, 5.650000000000000355, 7.412500002167881519 ) ) ;
#2699 = CARTESIAN_POINT ( 'NONE',  ( 0.06342483801584351821, 5.650200317934256589, 4.828964380910627519 ) ) ;
#2700 = CARTESIAN_POINT ( 'NONE',  ( -1.867322989018527002, 4.568256141064685139, 4.171474317342934057 ) ) ;
#2701 = CARTESIAN_POINT ( 'NONE',  ( 1.068517644207731321, 0.9203702117187504417, 7.412500001083941470 ) ) ;
#2702 = CARTESIAN_POINT ( 'NONE',  ( -0.8905591591021551068, 1.350000000000000533, 8.355078125000002132 ) ) ;
#2703 = ORIENTED_EDGE ( 'NONE', *, *, #2985, .T. ) ;
#2704 = ORIENTED_EDGE ( 'NONE', *, *, #4561, .F. ) ;
#2705 = DIRECTION ( 'NONE',  ( 1.000000000000000000, 0.000000000000000000, 0.000000000000000000 ) ) ;
#2706 = CARTESIAN_POINT ( 'NONE',  ( -0.1734892301519686542, 1.356992803516833046, 1.251111604348558615 ) ) ;
#2707 = CARTESIAN_POINT ( 'NONE',  ( -2.138264376764107855, 3.729775483600241248, 0.2556790821315346185 ) ) ;
#2708 = AXIS2_PLACEMENT_3D ( 'NONE', #7116, #5489, #1052 ) ;
#2709 =( LENGTH_UNIT ( ) NAMED_UNIT ( * ) SI_UNIT ( .MILLI., .METRE. ) );
#2710 = DIRECTION ( 'NONE',  ( -1.000000000000000000, 0.000000000000000000, 0.000000000000000000 ) ) ;
#2711 = PLANE ( 'NONE',  #5095 ) ;
#2712 = CARTESIAN_POINT ( 'NONE',  ( 4.738703044805676257E-16, 0.9203702117187601006, 4.981640626083948753 ) ) ;
#2713 = CARTESIAN_POINT ( 'NONE',  ( -0.4346098217915780881, 5.609702806143497256, 5.651952664684398719 ) ) ;
#2714 = CARTESIAN_POINT ( 'NONE',  ( 2.579629788281250224, 3.500000000000000444, -0.3761718739160573866 ) ) ;
#2715 = ORIENTED_EDGE ( 'NONE', *, *, #7029, .T. ) ;
#2716 = LINE ( 'NONE', #7157, #5755 ) ;
#2717 = CARTESIAN_POINT ( 'NONE',  ( 1.048544128248180884, 5.377086462232255393, 0.7993566248197073731 ) ) ;
#2718 = FACE_OUTER_BOUND ( 'NONE', #7148, .T. ) ;
#2719 = CARTESIAN_POINT ( 'NONE',  ( -0.8247047623932912686, 5.489154321572749851, 1.707303481546289081 ) ) ;
#2720 = CARTESIAN_POINT ( 'NONE',  ( -0.5855300328458229453, 5.568738877592841696, 7.248555020547968297 ) ) ;
#2721 = CARTESIAN_POINT ( 'NONE',  ( -0.8905591591021546627, 5.650000000000000355, -1.269140622832117593 ) ) ;
#2722 = ORIENTED_EDGE ( 'NONE', *, *, #3504, .F. ) ;
#2723 = VECTOR ( 'NONE', #3592, 1000.000000000000000 ) ;
#2724 = ADVANCED_FACE ( 'NONE', ( #2105 ), #3811, .T. ) ;
#2725 = ADVANCED_FACE ( 'NONE', ( #4373 ), #984, .F. ) ;
#2726 = CARTESIAN_POINT ( 'NONE',  ( -1.068517644207729766, 6.079629788281250669, 1.360156251083940449 ) ) ;
#2727 = CARTESIAN_POINT ( 'NONE',  ( 1.829448299022523816, 2.370566991272349266, 0.000000000000000000 ) ) ;
#2728 = CARTESIAN_POINT ( 'NONE',  ( -0.8905591591021549958, 1.350000000000000533, 0.6160156271678810525 ) ) ;
#2729 = CARTESIAN_POINT ( 'NONE',  ( -1.520279579551076843, 1.979720420448922491, 7.710156252167881696 ) ) ;
#2730 = CARTESIAN_POINT ( 'NONE',  ( 1.068517644207731099, 0.9203702117187504417, 7.313281251083939338 ) ) ;
#2731 = CARTESIAN_POINT ( 'NONE',  ( -1.906002114698049033, 4.494881571442427060, 4.176449555702928862 ) ) ;
#2732 = CARTESIAN_POINT ( 'NONE',  ( 2.579629788281250224, 3.500000000000000444, 7.561328126083942003 ) ) ;
#2733 = CARTESIAN_POINT ( 'NONE',  ( -2.149999999999999911, 4.390559159102155995, 3.394140625000000799 ) ) ;
#2734 = ORIENTED_EDGE ( 'NONE', *, *, #2138, .F. ) ;
#2735 = ORIENTED_EDGE ( 'NONE', *, *, #4148, .T. ) ;
#2736 = DIRECTION ( 'NONE',  ( 0.8004084294741202754, 0.5994550408719343526, 0.000000000000000000 ) ) ;
#2737 = ADVANCED_FACE ( 'NONE', ( #4946 ), #3291, .T. ) ;
#2738 = CARTESIAN_POINT ( 'NONE',  ( 2.118946394647994502, 3.135881428999917730, 1.438388151928871483 ) ) ;
#2739 = EDGE_CURVE ( 'NONE', #1674, #6710, #439, .T. ) ;
#2740 = ORIENTED_EDGE ( 'NONE', *, *, #3494, .F. ) ;
#2741 = CARTESIAN_POINT ( 'NONE',  ( -2.057106840793799574, 2.873492914984426605, 5.068310130743431507 ) ) ;
#2742 = CARTESIAN_POINT ( 'NONE',  ( 12.00000000000000000, -3.700000000000000178, 0.5000000000000000000 ) ) ;
#2743 = DIRECTION ( 'NONE',  ( -0.000000000000000000, 0.000000000000000000, 1.000000000000000000 ) ) ;
#2744 = CARTESIAN_POINT ( 'NONE',  ( 2.579629788281240454, 2.431482355792275563, 7.511718751083948042 ) ) ;
#2745 = CARTESIAN_POINT ( 'NONE',  ( -17.49999999999999645, -9.000000000000000000, 2.000000000000000000 ) ) ;
#2746 = AXIS2_PLACEMENT_3D ( 'NONE', #1464, #2441, #1390 ) ;
#2747 = CARTESIAN_POINT ( 'NONE',  ( 1.824073716244490218, 1.675926283755510227, -0.4753906239160585745 ) ) ;
#2748 = VERTEX_POINT ( 'NONE', #5423 ) ;
#2749 = ADVANCED_FACE ( 'NONE', ( #4344 ), #7151, .F. ) ;
#2750 = DIRECTION ( 'NONE',  ( 1.000000000000000000, 0.000000000000000000, 0.000000000000000000 ) ) ;
#2751 = CARTESIAN_POINT ( 'NONE',  ( 2.117111020754617545, 3.874629274426225845, 0.6872529194028261790 ) ) ;
#2752 = CARTESIAN_POINT ( 'NONE',  ( -1.824073716244489329, 1.675926283755509782, 2.401953126083941292 ) ) ;
#2753 = EDGE_CURVE ( 'NONE', #2828, #6732, #1147, .T. ) ;
#2754 = CARTESIAN_POINT ( 'NONE',  ( 12.00000000000000000, -3.700000000000000178, 0.000000000000000000 ) ) ;
#2755 = CARTESIAN_POINT ( 'NONE',  ( -1.474417294206689544, 5.065281076414605010, 1.753441829255455220 ) ) ;
#2756 = CARTESIAN_POINT ( 'NONE',  ( -0.7425404884299471320, 5.520777447623235190, 7.258388002345871115 ) ) ;
#2757 = CARTESIAN_POINT ( 'NONE',  ( 2.063518186234496898, 2.895055825587563358, 0.6299290926514659050 ) ) ;
#2758 = ORIENTED_EDGE ( 'NONE', *, *, #345, .T. ) ;
#2759 = ORIENTED_EDGE ( 'NONE', *, *, #2556, .F. ) ;
#2760 = CARTESIAN_POINT ( 'NONE',  ( -2.579629788281249336, 2.431482355792268013, 2.352343751083941559 ) ) ;
#2761 = CARTESIAN_POINT ( 'NONE',  ( 1.635098254248782856, 2.031937326123474552, -1.200289796642946075E-15 ) ) ;
#2762 = CARTESIAN_POINT ( 'NONE',  ( -2.511639313840276166, 3.041104686615973662, 8.000000000000005329 ) ) ;
#2763 = CARTESIAN_POINT ( 'NONE',  ( 3.949485927250213853E-16, 1.350000000000000089, 7.809375002167881163 ) ) ;
#2764 = ADVANCED_FACE ( 'NONE', ( #1661 ), #1387, .T. ) ;
#2765 = EDGE_CURVE ( 'NONE', #5450, #2513, #1621, .T. ) ;
#2766 = CARTESIAN_POINT ( 'NONE',  ( -1.824073716244489995, 5.324073716244490662, 7.759765626083940937 ) ) ;
#2767 = DIRECTION ( 'NONE',  ( -0.000000000000000000, -0.000000000000000000, 1.000000000000000000 ) ) ;
#2768 = CARTESIAN_POINT ( 'NONE',  ( 1.068517644207731321, 0.9203702117187504417, 3.443750001083942358 ) ) ;
#2769 = AXIS2_PLACEMENT_3D ( 'NONE', #1210, #6236, #1871 ) ;
#2770 = CARTESIAN_POINT ( 'NONE',  ( -1.520279579551076843, 1.979720420448922491, 3.542968750000000888 ) ) ;
#2771 = ORIENTED_EDGE ( 'NONE', *, *, #6348, .F. ) ;
#2772 = ORIENTED_EDGE ( 'NONE', *, *, #1538, .T. ) ;
#2773 = CARTESIAN_POINT ( 'NONE',  ( 2.149999999980091836, 3.499993560177024232, 1.459255014377407900 ) ) ;
#2774 = VERTEX_POINT ( 'NONE', #6607 ) ;
#2775 = CARTESIAN_POINT ( 'NONE',  ( 2.149999999999999911, 3.500000001735972699, 7.214062537278850051 ) ) ;
#2776 = CARTESIAN_POINT ( 'NONE',  ( 1.748033080546121942, 2.248236671288104560, 6.936619362081158258 ) ) ;
#2777 = CARTESIAN_POINT ( 'NONE',  ( 3.000000000000000000, 15.27371993328518762, 0.5000000000000000000 ) ) ;
#2778 = CARTESIAN_POINT ( 'NONE',  ( -1.068517644207725992, 0.9203702117187605447, 4.138281251083947510 ) ) ;
#2779 = CARTESIAN_POINT ( 'NONE',  ( -12.00000000000000000, -4.033333333333333215, 0.02859547920896858900 ) ) ;
#2780 = CARTESIAN_POINT ( 'NONE',  ( 1.870614952507558604, 2.440092646973813117, 2.187635344380336910 ) ) ;
#2781 = EDGE_LOOP ( 'NONE', ( #4315, #1179 ) ) ;
#2782 = CIRCLE ( 'NONE', #4972, 1.000000000000000888 ) ;
#2783 = CARTESIAN_POINT ( 'NONE',  ( -1.582051868617423640, 4.955964926666471371, 3.349539447907092349 ) ) ;
#2784 = CARTESIAN_POINT ( 'NONE',  ( 1.705384667667559029, 4.809651564721072248, 0.7489006532444989483 ) ) ;
#2785 = CARTESIAN_POINT ( 'NONE',  ( 2.579629788281249780, 4.568517644207729766, 1.955468751083940804 ) ) ;
#2786 = CARTESIAN_POINT ( 'NONE',  ( 0.5419914089298487614, 1.410813046223343248, 4.467790579646518268 ) ) ;
#2787 = CARTESIAN_POINT ( 'NONE',  ( 2.149999999999824940, 3.499999394531280839, 7.809363800342123518 ) ) ;
#2788 = DIRECTION ( 'NONE',  ( 0.000000000000000000, 0.000000000000000000, -1.000000000000000000 ) ) ;
#2789 = CARTESIAN_POINT ( 'NONE',  ( 1.384672096749971715, 1.854773264364012908, 0.5558449054117450272 ) ) ;
#2790 = CIRCLE ( 'NONE', #377, 0.5000000000000000000 ) ;
#2791 = CARTESIAN_POINT ( 'NONE',  ( 1.068517644207731321, 0.9203702117187504417, 7.412500001083941470 ) ) ;
#2792 = ORIENTED_EDGE ( 'NONE', *, *, #6300, .T. ) ;
#2793 = B_SPLINE_CURVE_WITH_KNOTS ( 'NONE', 3,
 ( #2779, #7154, #1152, #613, #2276, #2892 ),
 .UNSPECIFIED., .F., .F.,
 ( 4, 2, 4 ),
 ( -6.596926675198485854E-06, 0.0002378685006017386308, 0.0004823339278786748733 ),
 .UNSPECIFIED. ) ;
#2794 = ORIENTED_EDGE ( 'NONE', *, *, #3359, .T. ) ;
#2795 = CIRCLE ( 'NONE', #6138, 20.50000000000000000 ) ;
#2796 = CARTESIAN_POINT ( 'NONE',  ( -2.579629788281249780, 4.568517644207729766, -0.9218749989160587299 ) ) ;
#2797 = CARTESIAN_POINT ( 'NONE',  ( -1.976152698647859696, 1.856161354396420382, -4.929849080939373984E-16 ) ) ;
#2798 = CARTESIAN_POINT ( 'NONE',  ( -0.2523239425194638286, 5.681978140742024230, 8.000000000000007105 ) ) ;
#2799 = CARTESIAN_POINT ( 'NONE',  ( 2.150000000000000355, 2.609440840897845781, 3.195703127167881519 ) ) ;
#2800 = AXIS2_PLACEMENT_3D ( 'NONE', #1652, #5652, #6058 ) ;
#2801 = FACE_OUTER_BOUND ( 'NONE', #1082, .T. ) ;
#2802 = CARTESIAN_POINT ( 'NONE',  ( 2.078588146822086813, 2.950120314871508498, 6.189595481349227768 ) ) ;
#2803 = AXIS2_PLACEMENT_3D ( 'NONE', #4166, #5819, #1311 ) ;
#2804 = CARTESIAN_POINT ( 'NONE',  ( 1.824073716244489773, 5.324073716244490662, 3.691796876083942358 ) ) ;
#2805 = DIRECTION ( 'NONE',  ( 1.000000000000000000, 0.000000000000000000, 0.000000000000000000 ) ) ;
#2806 = ADVANCED_FACE ( 'NONE', ( #5456 ), #1596, .T. ) ;
#2807 = CARTESIAN_POINT ( 'NONE',  ( 2.149999999999999911, 3.500000000000000444, 4.634375000000001243 ) ) ;
#2808 = ORIENTED_EDGE ( 'NONE', *, *, #5813, .F. ) ;
#2809 = ORIENTED_EDGE ( 'NONE', *, *, #726, .F. ) ;
#2810 = CARTESIAN_POINT ( 'NONE',  ( 2.112067598589760564, 3.096994409817270366, 1.436091805946076549 ) ) ;
#2811 = ORIENTED_EDGE ( 'NONE', *, *, #3345, .T. ) ;
#2812 = CARTESIAN_POINT ( 'NONE',  ( 0.1499258812095008719, 5.644863811938820142, 0.06178819589386723432 ) ) ;
#2813 = DIRECTION ( 'NONE',  ( -1.000000000000000000, 0.000000000000000000, 0.000000000000000000 ) ) ;
#2814 = EDGE_CURVE ( 'NONE', #1732, #1576, #3343, .T. ) ;
#2815 = DIRECTION ( 'NONE',  ( -0.000000000000000000, 0.000000000000000000, 1.000000000000000000 ) ) ;
#2816 = CARTESIAN_POINT ( 'NONE',  ( -2.579629788281239122, 2.431482355792272454, 3.245312501083947865 ) ) ;
#2817 = CARTESIAN_POINT ( 'NONE',  ( 2.149999999999995914, 3.500000091924615031, 1.657814174355387582 ) ) ;
#2818 = CARTESIAN_POINT ( 'NONE',  ( 12.00000000000000178, 10.00000000000000000, 0.5000000000000000000 ) ) ;
#2819 = ORIENTED_EDGE ( 'NONE', *, *, #802, .T. ) ;
#2820 = CARTESIAN_POINT ( 'NONE',  ( -1.874634594657770048, 4.552744553923918858, 3.378752257392845237 ) ) ;
#2821 = DIRECTION ( 'NONE',  ( 1.000000000000000000, 0.000000000000000000, 0.000000000000000000 ) ) ;
#2822 = DIRECTION ( 'NONE',  ( -1.000000000000000000, 0.000000000000000000, 0.000000000000000000 ) ) ;
#2823 = CARTESIAN_POINT ( 'NONE',  ( 1.420934958694918038, 1.886465265039034112, 4.527461809828380979 ) ) ;
#2824 = CARTESIAN_POINT ( 'NONE',  ( -2.145052262793361475, 3.700436054988088141, 1.844893556344761265 ) ) ;
#2825 = CARTESIAN_POINT ( 'NONE',  ( 2.149999999999999911, 4.390559159102155107, 3.294921877167880986 ) ) ;
#2826 = CIRCLE ( 'NONE', #6747, 1.649999999999998579 ) ;
#2827 = CARTESIAN_POINT ( 'NONE',  ( -0.01935233559932307557, 1.350013652523195606, 0.4660876696382556528 ) ) ;
#2828 = VERTEX_POINT ( 'NONE', #4814 ) ;
#2829 = CARTESIAN_POINT ( 'NONE',  ( 1.824073716244490218, 1.675926283755510227, 3.493359376083942536 ) ) ;
#2830 = ORIENTED_EDGE ( 'NONE', *, *, #5746, .T. ) ;
#2831 = ADVANCED_FACE ( 'NONE', ( #7013 ), #2658, .T. ) ;
#2832 = CARTESIAN_POINT ( 'NONE',  ( -1.068517644207729766, 6.079629788281250669, 7.710156251083939871 ) ) ;
#2833 = CARTESIAN_POINT ( 'NONE',  ( 2.100750876821139812, 3.022641998570130717, 7.781407997054960113 ) ) ;
#2834 = DIRECTION ( 'NONE',  ( 0.000000000000000000, 0.000000000000000000, 1.000000000000000000 ) ) ;
#2835 = CARTESIAN_POINT ( 'NONE',  ( 2.149999999999999911, 3.500000000000000444, 8.000000000000000000 ) ) ;
#2836 = CARTESIAN_POINT ( 'NONE',  ( -0.8905591591021551068, 1.350000000000000533, 3.791015627167880986 ) ) ;
#2837 = DIRECTION ( 'NONE',  ( 1.000000000000000000, 0.000000000000000000, 0.000000000000000000 ) ) ;
#2838 = CARTESIAN_POINT ( 'NONE',  ( -1.266148814963615754, 5.237633080410709852, 6.500364238375161641 ) ) ;
#2839 = CARTESIAN_POINT ( 'NONE',  ( 2.149999999964039343, 3.509748542791620629, 3.841154995008658091 ) ) ;
#2840 = CARTESIAN_POINT ( 'NONE',  ( 2.579629788281250669, 2.431482355792271122, 1.955468751083941692 ) ) ;
#2841 = CARTESIAN_POINT ( 'NONE',  ( 1.780639327094345470, 2.253281039870344227, 2.969589193882292033 ) ) ;
#2842 = CARTESIAN_POINT ( 'NONE',  ( -1.520279579551077287, 5.020279579551076843, 4.138281250000001243 ) ) ;
#2843 = VERTEX_POINT ( 'NONE', #6473 ) ;
#2844 = VERTEX_POINT ( 'NONE', #2679 ) ;
#2845 = CARTESIAN_POINT ( 'NONE',  ( 0.8699708188572766732, 1.533860996742604232, 1.313642403233409750 ) ) ;
#2846 = EDGE_CURVE ( 'NONE', #2234, #1200, #4159, .T. ) ;
#2847 = ORIENTED_EDGE ( 'NONE', *, *, #6897, .F. ) ;
#2848 = CARTESIAN_POINT ( 'NONE',  ( 0.4515653033294759755, 5.603931196550297145, 0.04370440203108348631 ) ) ;
#2849 = TOROIDAL_SURFACE ( 'NONE', #1606, 20.50000000000000000, 0.5000000000000000000 ) ;
#2850 = CARTESIAN_POINT ( 'NONE',  ( 1.828440771627214634, 2.364501427106798559, 6.944966843625984154 ) ) ;
#2851 = CYLINDRICAL_SURFACE ( 'NONE', #3720, 0.1999999999999996503 ) ;
#2852 = CARTESIAN_POINT ( 'NONE',  ( -2.579629788281240010, 3.500000000000000000, 3.989453126083948309 ) ) ;
#2853 = CARTESIAN_POINT ( 'NONE',  ( -2.579629788281250224, 3.500000000000000000, 3.890234376083941292 ) ) ;
#2854 = FACE_BOUND ( 'NONE', #5309, .T. ) ;
#2855 = CARTESIAN_POINT ( 'NONE',  ( -0.2193083445014294142, 1.360775404405966782, 2.042261836945818754 ) ) ;
#2856 = ORIENTED_EDGE ( 'NONE', *, *, #3853, .F. ) ;
#2857 = CARTESIAN_POINT ( 'NONE',  ( -0.3108986741828965172, 5.627611633689515003, 3.263073748479627945 ) ) ;
#2858 = CARTESIAN_POINT ( 'NONE',  ( -6.700000000000000178, -8.150000000000000355, 0.000000000000000000 ) ) ;
#2859 = DIRECTION ( 'NONE',  ( 0.000000000000000000, 0.000000000000000000, 1.000000000000000000 ) ) ;
#2860 = CARTESIAN_POINT ( 'NONE',  ( 1.868459677438333966, 2.426890843853521051, 4.568404029233050778 ) ) ;
#2861 = VECTOR ( 'NONE', #2432, 1000.000000000000000 ) ;
#2862 = CARTESIAN_POINT ( 'NONE',  ( -1.872137984794021381, 4.559166931764793596, 1.790905653865001890 ) ) ;
#2863 = CARTESIAN_POINT ( 'NONE',  ( 17.49999999999999645, -12.49999999999999822, 0.5000000000000000000 ) ) ;
#2864 = ADVANCED_FACE ( 'NONE', ( #6205 ), #5661, .T. ) ;
#2865 = CARTESIAN_POINT ( 'NONE',  ( -1.417163938618612784, 1.883141247319057188, 0.3759700880542762857 ) ) ;
#2866 = CARTESIAN_POINT ( 'NONE',  ( -1.824073716244489329, 1.675926283755509782, 4.088671876083942003 ) ) ;
#2867 = ORIENTED_EDGE ( 'NONE', *, *, #3038, .T. ) ;
#2868 = VECTOR ( 'NONE', #4410, 1000.000000000000000 ) ;
#2869 = CARTESIAN_POINT ( 'NONE',  ( -2.579629788281249336, 2.431482355792268013, 7.114843751083942180 ) ) ;
#2870 = CARTESIAN_POINT ( 'NONE',  ( 0.7556079589560494858, 5.512851692534974646, 6.375056099208202376 ) ) ;
#2871 = CARTESIAN_POINT ( 'NONE',  ( 1.220474935796928895, 1.729988261945317740, 7.687697656401272006 ) ) ;
#2872 = CARTESIAN_POINT ( 'NONE',  ( 21.50000000000000000, -9.000000000000000000, 2.000000000000000000 ) ) ;
#2873 = DIRECTION ( 'NONE',  ( -1.387778780781445676E-16, 1.000000000000000000, 0.000000000000000000 ) ) ;
#2874 = CARTESIAN_POINT ( 'NONE',  ( 2.150000000000000355, 2.609440840897845781, 5.576953127167881163 ) ) ;
#2875 = CARTESIAN_POINT ( 'NONE',  ( -1.824073716244489329, 1.675926283755509782, 7.958203126083940759 ) ) ;
#2876 = CARTESIAN_POINT ( 'NONE',  ( 0.8317819176003178328, 5.483092302594754663, 3.988926066262391767 ) ) ;
#2877 = CARTESIAN_POINT ( 'NONE',  ( -1.068517644207729766, 6.079629788281250669, 4.634375001083941292 ) ) ;
#2878 = CARTESIAN_POINT ( 'NONE',  ( 0.4663278633788063843, 1.401162848244364323, 2.875638050315953986 ) ) ;
#2879 = CARTESIAN_POINT ( 'NONE',  ( 2.150000000000000355, 2.609440840897845781, 5.378515625000002132 ) ) ;
#2880 = EDGE_CURVE ( 'NONE', #3480, #6732, #4581, .T. ) ;
#2881 = ORIENTED_EDGE ( 'NONE', *, *, #6578, .F. ) ;
#2882 = ORIENTED_EDGE ( 'NONE', *, *, #6828, .F. ) ;
#2883 = DIRECTION ( 'NONE',  ( 0.000000000000000000, 0.000000000000000000, -1.000000000000000000 ) ) ;
#2884 = ORIENTED_EDGE ( 'NONE', *, *, #4, .F. ) ;
#2885 = VECTOR ( 'NONE', #1341, 1000.000000000000000 ) ;
#2886 = CARTESIAN_POINT ( 'NONE',  ( 2.149999999999999911, 4.390559159102155107, 7.263671877167881874 ) ) ;
#2887 = CARTESIAN_POINT ( 'NONE',  ( 2.053227600479753612, 2.860009001321603961, 6.977739907652424023 ) ) ;
#2888 = CIRCLE ( 'NONE', #3709, 1.649999999999998579 ) ;
#2889 = DIRECTION ( 'NONE',  ( 0.000000000000000000, 1.000000000000000000, 0.000000000000000000 ) ) ;
#2890 = CARTESIAN_POINT ( 'NONE',  ( -2.579629788281239122, 2.431482355792272454, 2.451562501083947687 ) ) ;
#2891 = CARTESIAN_POINT ( 'NONE',  ( 1.824073716244489773, 5.324073716244490662, 5.180078126083940582 ) ) ;
#2892 = CARTESIAN_POINT ( 'NONE',  ( -11.66666666666666607, -3.700000000000000178, 0.02859547920896793674 ) ) ;
#2893 = CARTESIAN_POINT ( 'NONE',  ( 1.560902238959239741, 2.021439721086508712, 2.157167674998648810 ) ) ;
#2894 = LINE ( 'NONE', #2960, #2347 ) ;
#2895 = CARTESIAN_POINT ( 'NONE',  ( -0.9941681403786845062, 5.408638005575300056, 3.306306136566363740 ) ) ;
#2896 = CYLINDRICAL_SURFACE ( 'NONE', #631, 0.5000000000000000000 ) ;
#2897 = DIRECTION ( 'NONE',  ( -1.000000000000000000, 0.000000000000000000, 0.000000000000000000 ) ) ;
#2898 = CARTESIAN_POINT ( 'NONE',  ( 2.150000000611341111, 3.341122021327008973, 4.625376752789063239 ) ) ;
#2899 = CARTESIAN_POINT ( 'NONE',  ( 5.408326913195983465, -9.184850993605147944E-16, 7.000000000000000000 ) ) ;
#2900 = CARTESIAN_POINT ( 'NONE',  ( -1.217106166258601796, 1.718485276603569867, 0.3913197409224526968 ) ) ;
#2901 = CARTESIAN_POINT ( 'NONE',  ( -2.579629788281250224, 3.500000000000000000, 4.783203126083941825 ) ) ;
#2902 = ADVANCED_FACE ( 'NONE', ( #2386 ), #3973, .T. ) ;
#2903 = ORIENTED_EDGE ( 'NONE', *, *, #323, .T. ) ;
#2904 = CARTESIAN_POINT ( 'NONE',  ( -2.579629788281250224, 3.500000000000000000, 8.652734376083939694 ) ) ;
#2905 = CARTESIAN_POINT ( 'NONE',  ( -0.1296553642840297393, 5.647212494706835173, 6.427572732831578151 ) ) ;
#2906 = FACE_OUTER_BOUND ( 'NONE', #1612, .T. ) ;
#2907 = AXIS2_PLACEMENT_3D ( 'NONE', #133, #4437, #5555 ) ;
#2908 = CARTESIAN_POINT ( 'NONE',  ( 12.00000000000000000, -3.700000000000000622, 0.5000000000000000000 ) ) ;
#2909 = DIRECTION ( 'NONE',  ( 0.000000000000000000, 0.000000000000000000, -1.000000000000000000 ) ) ;
#2910 = EDGE_CURVE ( 'NONE', #5235, #326, #108, .T. ) ;
#2911 = CARTESIAN_POINT ( 'NONE',  ( 2.149999999999999911, 4.390559159102155995, 5.676171877167880631 ) ) ;
#2912 = CARTESIAN_POINT ( 'NONE',  ( -1.824073716244489329, 1.675926283755509782, 5.576953126083941115 ) ) ;
#2913 = CARTESIAN_POINT ( 'NONE',  ( -5.408326913195983465, 1.000000000000000000, 6.000000000000000000 ) ) ;
#2914 = CARTESIAN_POINT ( 'NONE',  ( 2.104333471327651583, 3.942353841623067456, 3.866325009390430445 ) ) ;
#2915 = CARTESIAN_POINT ( 'NONE',  ( -2.579629788281249780, 4.568517644207729766, 3.939843751083941914 ) ) ;
#2916 = DIRECTION ( 'NONE',  ( 0.000000000000000000, -1.000000000000000000, 0.000000000000000000 ) ) ;
#2917 = AXIS2_PLACEMENT_3D ( 'NONE', #7095, #5945, #1096 ) ;
#2918 = CARTESIAN_POINT ( 'NONE',  ( -0.8905591591021546627, 5.650000000000000355, -0.6738281249999977796 ) ) ;
#2919 = ORIENTED_EDGE ( 'NONE', *, *, #1841, .T. ) ;
#2920 = DIRECTION ( 'NONE',  ( 1.000000000000000000, 0.000000000000000000, 0.000000000000000000 ) ) ;
#2921 = EDGE_LOOP ( 'NONE', ( #4100, #302, #4083, #421 ) ) ;
#2922 = VECTOR ( 'NONE', #6275, 1000.000000000000000 ) ;
#2923 = CARTESIAN_POINT ( 'NONE',  ( 0.09085128667108433032, 5.648201876791326015, 0.06521189596108203923 ) ) ;
#2924 = CARTESIAN_POINT ( 'NONE',  ( 2.131467597001391212, 3.218287009461139991, 6.999529958889021408 ) ) ;
#2925 = CARTESIAN_POINT ( 'NONE',  ( -1.579567681601892579E-16, 6.079629788281240010, 2.997265626083948309 ) ) ;
#2926 = CARTESIAN_POINT ( 'NONE',  ( 2.579629788281250669, 2.431482355792271122, 5.825000001083940226 ) ) ;
#2927 = CARTESIAN_POINT ( 'NONE',  ( -1.310095220758550116, 1.794903110825677439, 3.558941162761423804 ) ) ;
#2928 = CARTESIAN_POINT ( 'NONE',  ( 2.142642946519523139, 3.314032938947670814, 2.242464078105354197 ) ) ;
#2929 = AXIS2_PLACEMENT_3D ( 'NONE', #2166, #6568, #1627 ) ;
#2930 = ORIENTED_EDGE ( 'NONE', *, *, #5431, .F. ) ;
#2931 = CARTESIAN_POINT ( 'NONE',  ( 1.262826886925779046, 5.240053052878585582, 3.165503109061516884 ) ) ;
#2932 = CARTESIAN_POINT ( 'NONE',  ( 12.00000000000000355, -4.033333333333332327, 0.02859547920896891166 ) ) ;
#2933 = CARTESIAN_POINT ( 'NONE',  ( -2.438427963305131563, 2.658240585226661512, 7.999999999999998224 ) ) ;
#2934 = CARTESIAN_POINT ( 'NONE',  ( 1.321841317351891920, 1.802493217216745824, 4.520091308503474181 ) ) ;
#2935 = CARTESIAN_POINT ( 'NONE',  ( 2.579629788281250669, 2.431482355792271122, 8.305468751083941115 ) ) ;
#2936 = CYLINDRICAL_SURFACE ( 'NONE', #151, 2.149999999999999911 ) ;
#2937 = CARTESIAN_POINT ( 'NONE',  ( 2.149999999993152056, 3.499996240440695239, 2.451493211739526945 ) ) ;
#2938 = CARTESIAN_POINT ( 'NONE',  ( -0.6652820201624225493, 1.454472778962967672, 0.4277757283590034043 ) ) ;
#2939 = CARTESIAN_POINT ( 'NONE',  ( 2.579629788281249780, 4.568517644207729766, 5.229687501083943424 ) ) ;
#2940 = ORIENTED_EDGE ( 'NONE', *, *, #698, .F. ) ;
#2941 = CARTESIAN_POINT ( 'NONE',  ( -2.579629788281249780, 4.568517644207729766, 8.603125001083942180 ) ) ;
#2942 = CARTESIAN_POINT ( 'NONE',  ( 0.7665949591358545145, 5.508704424185408399, 6.374348446597013940 ) ) ;
#2943 = PRODUCT_DEFINITION_CONTEXT ( 'detailed design', #5513, 'design' ) ;
#2944 = CARTESIAN_POINT ( 'NONE',  ( 1.936440142859940261, 2.565741162442326306, 7.752399034313870452 ) ) ;
#2945 = CARTESIAN_POINT ( 'NONE',  ( 12.08303577005189133, -4.005654743315610666, 0.03623624553334547221 ) ) ;
#2946 = FACE_OUTER_BOUND ( 'NONE', #4150, .T. ) ;
#2947 = CARTESIAN_POINT ( 'NONE',  ( 1.520279579551077509, 1.979720420448922935, 4.733593752167881696 ) ) ;
#2948 = CARTESIAN_POINT ( 'NONE',  ( -2.579629788281249780, 2.431482355792268013, 6.321093751083940226 ) ) ;
#2949 = CARTESIAN_POINT ( 'NONE',  ( -1.974820615552841385, 4.351573287894100694, 6.567247022720133387 ) ) ;
#2950 = CARTESIAN_POINT ( 'NONE',  ( -1.673864061145297066, 2.150563911689371555, 5.911021811222820332 ) ) ;
#2951 = CARTESIAN_POINT ( 'NONE',  ( 1.824073716244490218, 1.675926283755510227, 0.3183593760839424913 ) ) ;
#2952 = CARTESIAN_POINT ( 'NONE',  ( 1.520279579551077509, 1.979720420448922935, 2.153906250000001243 ) ) ;
#2953 = CARTESIAN_POINT ( 'NONE',  ( -1.168970644074985632, 1.695537201700158203, 1.187869713397234461 ) ) ;
#2954 = CARTESIAN_POINT ( 'NONE',  ( -0.7684229159220817840, 5.508409451275638524, 4.878879599207431639 ) ) ;
#2955 = CARTESIAN_POINT ( 'NONE',  ( -1.271343311227290718, 1.764510984859399167, 6.736808699811190237 ) ) ;
#2956 = CARTESIAN_POINT ( 'NONE',  ( -1.068517644207725548, 6.079629788281240010, 0.6656250010839473985 ) ) ;
#2957 = CARTESIAN_POINT ( 'NONE',  ( -1.068517644207729766, 6.079629788281250669, 2.947656251083941026 ) ) ;
#2958 = CARTESIAN_POINT ( 'NONE',  ( -1.268696563455969484, 1.764217050550580534, 3.561955894759790020 ) ) ;
#2959 = CARTESIAN_POINT ( 'NONE',  ( -2.125900720337997818, 3.178856252566830687, 1.874695653038868981 ) ) ;
#2960 = CARTESIAN_POINT ( 'NONE',  ( -6.700000000000001066, -8.150000000000000355, 2.000000000000000000 ) ) ;
#2961 = ADVANCED_FACE ( 'NONE', ( #1727 ), #719, .F. ) ;
#2962 = CARTESIAN_POINT ( 'NONE',  ( 1.865417729507146127, 4.569041532043061515, 3.112993254355257644 ) ) ;
#2963 = CARTESIAN_POINT ( 'NONE',  ( 0.000000000000000000, 1.166476076187853824E-15, 7.000000000000000000 ) ) ;
#2964 = DIRECTION ( 'NONE',  ( 1.000000000000000000, 0.000000000000000000, 0.000000000000000000 ) ) ;
#2965 = CARTESIAN_POINT ( 'NONE',  ( 1.129432977739463828, 5.329448318153472641, -1.917885626005578912E-13 ) ) ;
#2966 = CARTESIAN_POINT ( 'NONE',  ( 4.000000000000000000, 0.000000000000000000, 2.000000000000000000 ) ) ;
#2967 = DIRECTION ( 'NONE',  ( -0.000000000000000000, 0.000000000000000000, 1.000000000000000000 ) ) ;
#2968 = CARTESIAN_POINT ( 'NONE',  ( -1.783103832413232670, 4.701290348348117654, 5.749618083668482704 ) ) ;
#2969 = CARTESIAN_POINT ( 'NONE',  ( 1.068517644207729544, 6.079629788281250669, 4.535156251083942713 ) ) ;
#2970 = EDGE_CURVE ( 'NONE', #4367, #7010, #2225, .T. ) ;
#2971 = ORIENTED_EDGE ( 'NONE', *, *, #6751, .T. ) ;
#2972 = DIRECTION ( 'NONE',  ( 0.000000000000000000, 0.000000000000000000, -1.000000000000000000 ) ) ;
#2973 = CARTESIAN_POINT ( 'NONE',  ( 0.7336379972456625875, 5.520971386803087633, 6.376467256606441758 ) ) ;
#2974 = CARTESIAN_POINT ( 'NONE',  ( -1.897563062042787019, 2.488051536364638494, 7.474696241214231485 ) ) ;
#2975 = CARTESIAN_POINT ( 'NONE',  ( 12.22890634453523440, -3.957031218488312962, 0.05975932978920746319 ) ) ;
#2976 = CARTESIAN_POINT ( 'NONE',  ( 2.149999999999999911, 4.390559159102155107, 4.088671877167881163 ) ) ;
#2977 = CARTESIAN_POINT ( 'NONE',  ( -1.520279579551077287, 5.020279579551076843, 0.3679687521678815521 ) ) ;
#2978 = AXIS2_PLACEMENT_3D ( 'NONE', #2863, #2398, #3946 ) ;
#2979 = CARTESIAN_POINT ( 'NONE',  ( 4.738703044805694992E-16, 0.9203702117187499976, 4.882421876083941292 ) ) ;
#2980 = DIRECTION ( 'NONE',  ( 0.000000000000000000, 0.000000000000000000, -1.000000000000000000 ) ) ;
#2981 = CARTESIAN_POINT ( 'NONE',  ( -0.3592577080875337669, 1.380133779689900253, 6.002622406932745847 ) ) ;
#2982 = CARTESIAN_POINT ( 'NONE',  ( 2.579629788281250669, 2.431482355792271122, 0.3679687510839413367 ) ) ;
#2983 = CARTESIAN_POINT ( 'NONE',  ( 1.068517644207729544, 6.079629788281250669, 0.4671875010839408038 ) ) ;
#2984 = CARTESIAN_POINT ( 'NONE',  ( -0.8905591591021546627, 5.650000000000000355, 0.1199218750000015377 ) ) ;
#2985 = EDGE_CURVE ( 'NONE', #6975, #327, #158, .T. ) ;
#2986 = CARTESIAN_POINT ( 'NONE',  ( -0.6939330120869180440, 1.460143042516827361, 1.220100936672176450 ) ) ;
#2987 = ORIENTED_EDGE ( 'NONE', *, *, #1005, .T. ) ;
#2988 = CARTESIAN_POINT ( 'NONE',  ( -2.149961495235924946, 3.514922780079693609, 5.030417730988280489 ) ) ;
#2989 = CARTESIAN_POINT ( 'NONE',  ( -1.832701192378598964, 2.375812072170026212, 6.688695196086985817 ) ) ;
#2990 = AXIS2_PLACEMENT_3D ( 'NONE', #1814, #69, #2964 ) ;
#2991 = FACE_BOUND ( 'NONE', #5537, .T. ) ;
#2992 = CARTESIAN_POINT ( 'NONE',  ( -2.579629788281250224, 3.500000000000000000, 5.477734376083940759 ) ) ;
#2993 = CARTESIAN_POINT ( 'NONE',  ( 1.400676838260127344, 1.868856945506705447, 3.732215871403277596 ) ) ;
#2994 = CARTESIAN_POINT ( 'NONE',  ( -2.125058484237748679, 3.173407774342450249, 1.875018628217643979 ) ) ;
#2995 = CARTESIAN_POINT ( 'NONE',  ( -7.066905556958676726, 1.000000000000000000, 6.341421356237309404 ) ) ;
#2996 = AXIS2_PLACEMENT_3D ( 'NONE', #1117, #4850, #6033 ) ;
#2997 = CARTESIAN_POINT ( 'NONE',  ( 1.832851239010520938, 2.375957044697723841, 5.358214921803133635 ) ) ;
#2998 = CARTESIAN_POINT ( 'NONE',  ( 1.413783570224838249, 1.628292726563977499, 8.000000000000000000 ) ) ;
#2999 = CARTESIAN_POINT ( 'NONE',  ( 0.8905591591021556619, 1.350000000000000533, 7.858984377167881341 ) ) ;
#3000 = B_SPLINE_CURVE_WITH_KNOTS ( 'NONE', 3,
 ( #4488, #2404, #1862, #2833, #45, #154, #1166, #2944, #5146, #4600, #2370, #4523, #1133, #4566, #4453, #3376, #6698, #5572, #1744, #3954, #1203, #3412, #5607, #662, #2871, #5068, #1788, #116, #6772, #3993, #5750, #6951, #5869, #6842, #3009, #4635, #1895, #6911, #343, #3674, #306, #3635, #2045, #267, #5785, #5326, #4135, #5212, #811, #1462, #2550, #2007, #6297, #1424, #1351, #921, #4213, #4172, #4708, #1319, #380, #4104, #2474, #3557, #4747, #6413, #6369, #1966, #775, #5825, #6263, #4672, #3124, #2587, #6873, #1926, #6333, #1388, #888, #4786, #6989, #3594, #3087, #3526, #848, #3049, #5718, #5252, #2508, #5288, #2974, #5179, #232, #2439, #6549, #4282, #6044, #2179, #2150, #2688, #6450, #5467, #2081, #3199, #2620, #519, #4923, #4353 ),
 .UNSPECIFIED., .F., .F.,
 ( 4, 2, 2, 2, 2, 2, 1, 2, 2, 2, 1, 1, 2, 2, 1, 2, 2, 2, 2, 2, 2, 1, 1, 2, 2, 2, 2, 2, 1, 1, 2, 1, 2, 2, 2, 2, 2, 2, 1, 2, 2, 2, 1, 2, 2, 1, 2, 1, 2, 2, 2, 2, 2, 2, 2, 2, 1, 1, 1, 1, 1, 2, 4 ),
 ( 0.02394392838599281731, 0.02703412975551593503, 0.03012433112503905275, 0.03089688146741983304, 0.03109001905301502292, 0.03128315663861021279, 0.03166943180980059253, 0.03321453249456210455, 0.03630473386408512859, 0.03784983454884664755, 0.03862238489122740703, 0.03900866006241777983, 0.03905694445881657817, 0.03910522885521537650, 0.03920179764801294542, 0.03939493523360807631, 0.04094003591836910955, 0.04248513660313014972, 0.04287141177432040456, 0.04296798056711796654, 0.04301626496351675100, 0.04306454935991553545, 0.04325768694551066634, 0.04403023728789119684, 0.04557533797265224396, 0.04634788831503276751, 0.04673416348622302929, 0.04692730107181816018, 0.04712043865741329107, 0.04866553934217432431, 0.05021064002693537143, 0.05059691519812563321, 0.05069348399092320212, 0.05079005278372075716, 0.05098319036931588805, 0.05175574071169640467, 0.05330084139645742403, 0.05407339173883794065, 0.05445966691002819549, 0.05465280449562333331, 0.05484594208121845726, 0.05793614345074053068, 0.05832241862193079246, 0.05851555620752591641, 0.05870869379312105424, 0.05948124413550157086, 0.06102634482026262491, 0.06179889516264315541, 0.06218517033383341719, 0.06257144550502367897, 0.06411654618978472608, 0.06566164687454575932, 0.06643419721692628288, 0.06720674755930680644, 0.07029694892882891455, 0.07039351772162646959, 0.07049008651442403850, 0.07068322410001916245, 0.07106949927120941035, 0.07184204961358989228, 0.07261459995597037420, 0.07300087512716060822, 0.07338715029835085613 ),
 .UNSPECIFIED. ) ;
#3001 = CARTESIAN_POINT ( 'NONE',  ( -2.138587009055533450, 3.278655482117836861, 4.250093634964707157 ) ) ;
#3002 = CARTESIAN_POINT ( 'NONE',  ( -15.85000000000000675, -7.500000000000000000, 2.000000000000000000 ) ) ;
#3003 = DIRECTION ( 'NONE',  ( 0.000000000000000000, 0.000000000000000000, -1.000000000000000000 ) ) ;
#3004 = DIRECTION ( 'NONE',  ( -1.000000000000000000, 0.000000000000000000, 0.000000000000000000 ) ) ;
#3005 = CARTESIAN_POINT ( 'NONE',  ( -2.579629788281249336, 2.431482355792268013, 1.657812501083942403 ) ) ;
#3006 = ORIENTED_EDGE ( 'NONE', *, *, #4406, .F. ) ;
#3007 = CARTESIAN_POINT ( 'NONE',  ( -1.670105766717097318, 2.138606811846624822, 2.736818007333515990 ) ) ;
#3008 = CARTESIAN_POINT ( 'NONE',  ( 0.2375867946056743063, 5.636835109511297404, 6.406770000156552847 ) ) ;
#3009 = CARTESIAN_POINT ( 'NONE',  ( 0.7545918147694575806, 1.486754491529386879, 7.656128184214671784 ) ) ;
#3010 = CARTESIAN_POINT ( 'NONE',  ( 11.83038085855868360, -3.208857424323554142, 0.1209298682368548095 ) ) ;
#3011 = CARTESIAN_POINT ( 'NONE',  ( -3.999999999999998224, 15.27371993328518762, 0.5000000000000000000 ) ) ;
#3012 = CARTESIAN_POINT ( 'NONE',  ( -2.149999999999999911, 3.500000000000000000, 2.848437502167881608 ) ) ;
#3013 = VERTEX_POINT ( 'NONE', #1586 ) ;
#3014 = AXIS2_PLACEMENT_3D ( 'NONE', #690, #3906, #1777 ) ;
#3015 = CARTESIAN_POINT ( 'NONE',  ( -2.579629788281249780, 2.431482355792268013, 3.939843751083941026 ) ) ;
#3016 = CARTESIAN_POINT ( 'NONE',  ( 2.579629788281249780, 4.568517644207729766, 3.542968751083940049 ) ) ;
#3017 = CARTESIAN_POINT ( 'NONE',  ( -1.347100094260096137, 1.824331054785151673, 5.937451488011963541 ) ) ;
#3018 = CARTESIAN_POINT ( 'NONE',  ( -11.86914323243069802, -3.092570302707855934, 0.1585634020948199219 ) ) ;
#3019 = CARTESIAN_POINT ( 'NONE',  ( -2.579629788281249780, 4.568517644207729766, -0.02890624891605832192 ) ) ;
#3020 = CARTESIAN_POINT ( 'NONE',  ( 2.579629788281249780, 4.568517644207729766, 0.3679687510839413367 ) ) ;
#3021 = CARTESIAN_POINT ( 'NONE',  ( 1.520279579551077509, 1.979720420448922935, 0.5664062500000017764 ) ) ;
#3022 = CIRCLE ( 'NONE', #1533, 0.5000000000000000000 ) ;
#3023 = CARTESIAN_POINT ( 'NONE',  ( -5.408326913195983465, 1.000000000000000000, 8.000000000000000000 ) ) ;
#3024 = EDGE_LOOP ( 'NONE', ( #2328, #4006, #4801, #6974, #1892 ) ) ;
#3025 = CARTESIAN_POINT ( 'NONE',  ( 2.149999999992771471, 3.499996140643243603, 6.420241311458933176 ) ) ;
#3026 = CARTESIAN_POINT ( 'NONE',  ( -2.149445059383412016, 3.448928558866531713, 6.621607788632463354 ) ) ;
#3027 = AXIS2_PLACEMENT_3D ( 'NONE', #2331, #1238, #4998 ) ;
#3028 = CARTESIAN_POINT ( 'NONE',  ( -2.579629788281240010, 4.568517644207725326, 0.7648437510839485309 ) ) ;
#3029 = ORIENTED_EDGE ( 'NONE', *, *, #3132, .F. ) ;
#3030 = ORIENTED_EDGE ( 'NONE', *, *, #2029, .T. ) ;
#3031 = CARTESIAN_POINT ( 'NONE',  ( -0.7767685474977571447, 1.495165116104836045, 3.595567245214144947 ) ) ;
#3032 = CARTESIAN_POINT ( 'NONE',  ( -2.149999999990485300, 3.500006396255614050, 1.856249643688930195 ) ) ;
#3033 = CARTESIAN_POINT ( 'NONE',  ( -1.853536573056102865, 4.590610853478835907, 2.582482810335430479 ) ) ;
#3034 = CIRCLE ( 'NONE', #2121, 0.5000000000000000000 ) ;
#3035 = CARTESIAN_POINT ( 'NONE',  ( 1.860364384879832356, 2.421663654373559016, 5.361426558062894365 ) ) ;
#3037 = EDGE_CURVE ( 'NONE', #7081, #34, #2408, .T. ) ;
#3036 = CARTESIAN_POINT ( 'NONE',  ( 2.149999999999999911, 3.500000000000000444, 8.000000000000000000 ) ) ;
#3038 = EDGE_CURVE ( 'NONE', #3260, #2318, #4889, .T. ) ;
#3039 = DIRECTION ( 'NONE',  ( 0.000000000000000000, 0.000000000000000000, 1.000000000000000000 ) ) ;
#3040 = CARTESIAN_POINT ( 'NONE',  ( -0.9064614176540509716, 1.550276312957399538, 4.380805202635343676 ) ) ;
#3041 = DIRECTION ( 'NONE',  ( 0.000000000000000000, 0.000000000000000000, -1.000000000000000000 ) ) ;
#3042 = AXIS2_PLACEMENT_3D ( 'NONE', #472, #5858, #372 ) ;
#3043 = CARTESIAN_POINT ( 'NONE',  ( -2.579629788281240010, 3.500000000000000000, 7.958203126083947865 ) ) ;
#3044 = CARTESIAN_POINT ( 'NONE',  ( -1.447971490358588964, 5.089316887264480727, 5.720161986709535462 ) ) ;
#3045 = CARTESIAN_POINT ( 'NONE',  ( -1.068517644207730211, 0.9203702117187504417, 2.550781251083942269 ) ) ;
#3046 = ORIENTED_EDGE ( 'NONE', *, *, #112, .F. ) ;
#3047 = CARTESIAN_POINT ( 'NONE',  ( -0.07963836509779151362, 1.351472342573167396, 2.843967191803623340 ) ) ;
#3048 = CARTESIAN_POINT ( 'NONE',  ( 0.06836499912530441536, 5.648983537067266525, 0.8601065675776328190 ) ) ;
#3049 = CARTESIAN_POINT ( 'NONE',  ( -1.654569087677251638, 2.127060904004138386, 7.500406411090151160 ) ) ;
#3050 = CARTESIAN_POINT ( 'NONE',  ( 12.07700271483627930, -3.622997285163442882, 0.3312473582126074789 ) ) ;
#3051 = CARTESIAN_POINT ( 'NONE',  ( 1.520279579551077065, 5.020279579551076843, 1.757031252167881252 ) ) ;
#3052 = CARTESIAN_POINT ( 'NONE',  ( 3.949485927250213853E-16, 1.350000000000000089, 2.253125002167881252 ) ) ;
#3053 = ORIENTED_EDGE ( 'NONE', *, *, #3832, .F. ) ;
#3054 = ORIENTED_EDGE ( 'NONE', *, *, #708, .F. ) ;
#3055 = EDGE_CURVE ( 'NONE', #3260, #4119, #5226, .T. ) ;
#3056 = CARTESIAN_POINT ( 'NONE',  ( 1.068517644207729322, 6.079629788281250669, 6.023437501083940937 ) ) ;
#3057 = CARTESIAN_POINT ( 'NONE',  ( 1.068517644207731321, 0.9203702117187504417, 4.138281251083940404 ) ) ;
#3058 = CARTESIAN_POINT ( 'NONE',  ( -0.4176748413638170510, 1.390894070874377109, 5.999258525420343879 ) ) ;
#3059 = CARTESIAN_POINT ( 'NONE',  ( -12.02892904684878417, -3.671070953151286620, 0.6014689832108098821 ) ) ;
#3060 = CARTESIAN_POINT ( 'NONE',  ( 1.068517644207731321, 0.9203702117187504417, 1.062500001083942269 ) ) ;
#3061 = CARTESIAN_POINT ( 'NONE',  ( -1.068517644207730211, 0.9203702117187504417, 0.8640625010839405595 ) ) ;
#3062 = CARTESIAN_POINT ( 'NONE',  ( 2.149999999999999911, 3.500000000000000444, 0.6656250000000012434 ) ) ;
#3063 = VECTOR ( 'NONE', #7150, 1000.000000000000000 ) ;
#3064 = EDGE_CURVE ( 'NONE', #6661, #3791, #6624, .T. ) ;
#3065 = CYLINDRICAL_SURFACE ( 'NONE', #4084, 2.149999999999999911 ) ;
#3066 = CARTESIAN_POINT ( 'NONE',  ( 2.149999999999999911, 4.390559159102155107, 6.469921877167881696 ) ) ;
#3067 = CARTESIAN_POINT ( 'NONE',  ( -1.430325697720316702, 1.894488292655580386, 6.724950378673857365 ) ) ;
#3068 = CARTESIAN_POINT ( 'NONE',  ( 1.499964138944820835, 5.040387884179851063, 1.560174144417759479 ) ) ;
#3069 = CARTESIAN_POINT ( 'NONE',  ( -1.579567681601892579E-16, 6.079629788281240010, 1.409765626083947954 ) ) ;
#3070 = EDGE_LOOP ( 'NONE', ( #6028, #5383, #4612 ) ) ;
#3071 = ORIENTED_EDGE ( 'NONE', *, *, #1061, .F. ) ;
#3072 = CARTESIAN_POINT ( 'NONE',  ( -0.2867129583069419896, 1.369202652357468075, 3.625777709672271421 ) ) ;
#3073 = CARTESIAN_POINT ( 'NONE',  ( -0.8034799289467546846, 1.505640092066562241, 2.006331268713628102 ) ) ;
#3074 = CARTESIAN_POINT ( 'NONE',  ( 1.226410161251884512, 5.265906245203026970, 2.374382278234268728 ) ) ;
#3075 = CARTESIAN_POINT ( 'NONE',  ( 2.083758628014988901, 2.970062601883896036, 5.397074069235956451 ) ) ;
#3076 = CARTESIAN_POINT ( 'NONE',  ( -0.7593860808413896990, 1.062451456687852902, 7.999999999999996447 ) ) ;
#3077 = CARTESIAN_POINT ( 'NONE',  ( -2.201558014462086987, 2.144817656271297945, -2.486661088445494822E-16 ) ) ;
#3078 = CARTESIAN_POINT ( 'NONE',  ( -1.767244060299371311, 2.275466425450192620, 4.314481320499776729 ) ) ;
#3079 = CARTESIAN_POINT ( 'NONE',  ( -6.391659079231616580, 1.181818181818181435, 8.000000000000000000 ) ) ;
#3080 = DIRECTION ( 'NONE',  ( -1.000000000000000000, 0.000000000000000000, 0.000000000000000000 ) ) ;
#3081 = CARTESIAN_POINT ( 'NONE',  ( -2.023903949669771496, 4.226714144891634994, 5.781619159242834982 ) ) ;
#3082 = CARTESIAN_POINT ( 'NONE',  ( -1.068517644207729766, 6.079629788281250669, 0.6656250010839415143 ) ) ;
#3083 = ORIENTED_EDGE ( 'NONE', *, *, #2753, .F. ) ;
#3084 = EDGE_CURVE ( 'NONE', #1590, #6128, #498, .T. ) ;
#3085 = CARTESIAN_POINT ( 'NONE',  ( -1.213616306491794194, 1.721042297319090197, 2.772538750244250672 ) ) ;
#3086 = CARTESIAN_POINT ( 'NONE',  ( 0.05093437530411667330, 5.649467307288882800, 0.8610500712251949462 ) ) ;
#3087 = CARTESIAN_POINT ( 'NONE',  ( -1.584053328320017773, 2.045570772424743389, 7.506417855200135492 ) ) ;
#3088 = FACE_OUTER_BOUND ( 'NONE', #6240, .T. ) ;
#3089 = DIRECTION ( 'NONE',  ( 0.000000000000000000, 0.000000000000000000, -1.000000000000000000 ) ) ;
#3090 = CARTESIAN_POINT ( 'NONE',  ( 2.149999999999999911, 4.390559159102155995, 0.9136718771678815632 ) ) ;
#3091 = ORIENTED_EDGE ( 'NONE', *, *, #6419, .F. ) ;
#3092 = ORIENTED_EDGE ( 'NONE', *, *, #3660, .T. ) ;
#3093 = CARTESIAN_POINT ( 'NONE',  ( -1.824073716244489329, 1.675926283755509782, 1.608203126083940893 ) ) ;
#3094 = CARTESIAN_POINT ( 'NONE',  ( -1.824073716244489329, 1.675926283755509782, 3.195703126083940582 ) ) ;
#3095 = CARTESIAN_POINT ( 'NONE',  ( 1.620402021659121949, 2.086391530086722401, 6.130995704145411729 ) ) ;
#3096 = CARTESIAN_POINT ( 'NONE',  ( -11.64322479984957148, -3.770325600451283954, 0.02095234401152724218 ) ) ;
#3097 = CARTESIAN_POINT ( 'NONE',  ( 1.824073716244489773, 5.324073716244490662, 2.798828126083940937 ) ) ;
#3098 = VECTOR ( 'NONE', #6991, 1000.000000000000000 ) ;
#3099 = CARTESIAN_POINT ( 'NONE',  ( -1.579567681601898742E-16, 6.079629788281250669, 8.553515626083941115 ) ) ;
#3100 = CARTESIAN_POINT ( 'NONE',  ( 1.824073716244489773, 5.324073716244490662, 7.561328126083941115 ) ) ;
#3101 = CIRCLE ( 'NONE', #2526, 1.517157287525383591 ) ;
#3102 = CARTESIAN_POINT ( 'NONE',  ( 0.2376829807616209211, 5.637107351067631278, 4.819052133064358756 ) ) ;
#3103 = CARTESIAN_POINT ( 'NONE',  ( 0.8854899702105172299, 1.540218388617881295, 6.870907637960068648 ) ) ;
#3104 = EDGE_CURVE ( 'NONE', #2064, #6167, #3749, .T. ) ;
#3105 = CARTESIAN_POINT ( 'NONE',  ( 1.445157861312019731, 5.091936865175075155, 1.564452131663879531 ) ) ;
#3106 = FACE_BOUND ( 'NONE', #3824, .T. ) ;
#3107 = ORIENTED_EDGE ( 'NONE', *, *, #2597, .T. ) ;
#3108 = ORIENTED_EDGE ( 'NONE', *, *, #6606, .F. ) ;
#3109 = CARTESIAN_POINT ( 'NONE',  ( 2.149999999988438049, 3.500004806722674111, 0.07040249399494158400 ) ) ;
#3110 = CARTESIAN_POINT ( 'NONE',  ( -1.734501830836497005, 2.229372666287370741, 1.936659307047528200 ) ) ;
#3111 = CARTESIAN_POINT ( 'NONE',  ( 1.592392632619019643, 4.944930955993500632, 2.346482868341755790 ) ) ;
#3112 = CARTESIAN_POINT ( 'NONE',  ( 2.144859394316022794, 3.648593411271978226, 3.055271191680719589 ) ) ;
#3113 = CARTESIAN_POINT ( 'NONE',  ( -10.00000000000000000, -8.150000000000000355, 2.000000000000000000 ) ) ;
#3114 = DIRECTION ( 'NONE',  ( 0.000000000000000000, 0.000000000000000000, -1.000000000000000000 ) ) ;
#3115 = CARTESIAN_POINT ( 'NONE',  ( -2.134784870955702019, 3.243981229135613376, 4.252114391756820488 ) ) ;
#3116 = DIRECTION ( 'NONE',  ( -1.000000000000000000, 0.000000000000000000, 0.000000000000000000 ) ) ;
#3117 = CARTESIAN_POINT ( 'NONE',  ( 20.99999999999999645, -4.200000000000000178, 0.000000000000000000 ) ) ;
#3118 = CARTESIAN_POINT ( 'NONE',  ( 2.149999999999866684, 3.514806239547364264, 5.428951230299659869 ) ) ;
#3119 = CARTESIAN_POINT ( 'NONE',  ( 1.068517644207731321, 0.9203702117187504417, 1.062500001083942269 ) ) ;
#3120 = CIRCLE ( 'NONE', #6338, 3.299999999999998934 ) ;
#3121 = ORIENTED_EDGE ( 'NONE', *, *, #5621, .F. ) ;
#3122 = CARTESIAN_POINT ( 'NONE',  ( -1.587630988851571834, 2.046440771982126261, 2.743908381287190501 ) ) ;
#3123 = CARTESIAN_POINT ( 'NONE',  ( -0.8905591591021546627, 5.650000000000000355, 1.112109377167881163 ) ) ;
#3124 = CARTESIAN_POINT ( 'NONE',  ( -1.135767128118883473, 1.671245864584101071, 7.540273827691875930 ) ) ;
#3125 = CARTESIAN_POINT ( 'NONE',  ( 1.136622351820175902, 5.325010295720655762, 7.937024107791729399 ) ) ;
#3126 = EDGE_CURVE ( 'NONE', #6709, #23, #1036, .T. ) ;
#3127 = CARTESIAN_POINT ( 'NONE',  ( 0.8905591591021542186, 5.650000000000000355, 1.806640627167881874 ) ) ;
#3128 = CARTESIAN_POINT ( 'NONE',  ( -2.149999999999999911, 3.500000000000000000, 1.260937502167881252 ) ) ;
#3129 = ORIENTED_EDGE ( 'NONE', *, *, #199, .F. ) ;
#3130 = EDGE_CURVE ( 'NONE', #604, #7027, #608, .T. ) ;
#3131 = CARTESIAN_POINT ( 'NONE',  ( -2.579629788281250224, 3.500000000000000000, 2.302734376083940937 ) ) ;
#3132 = EDGE_CURVE ( 'NONE', #2471, #5471, #5440, .T. ) ;
#3133 = CARTESIAN_POINT ( 'NONE',  ( -1.068517644207729766, 6.079629788281250669, 4.535156251083940937 ) ) ;
#3134 = CARTESIAN_POINT ( 'NONE',  ( 1.650000000000000577, 13.50000000000000000, 2.000000000000000000 ) ) ;
#3135 = CARTESIAN_POINT ( 'NONE',  ( -11.99139083208657475, -2.725827503740309243, 0.3933195120613613427 ) ) ;
#3136 = CARTESIAN_POINT ( 'NONE',  ( 2.579629788281249780, 4.568517644207729766, 1.955468751083941026 ) ) ;
#3137 = CARTESIAN_POINT ( 'NONE',  ( -1.068517644207730211, 0.9203702117187504417, 7.313281251083942891 ) ) ;
#3138 = CARTESIAN_POINT ( 'NONE',  ( -1.068517644207729766, 6.079629788281250669, 8.503906251083940049 ) ) ;
#3139 = AXIS2_PLACEMENT_3D ( 'NONE', #2203, #2889, #3357 ) ;
#3140 = CARTESIAN_POINT ( 'NONE',  ( 2.068142338783891088, 4.087707765058874898, 4.669003792276676279 ) ) ;
#3141 = CARTESIAN_POINT ( 'NONE',  ( -1.421985123855354471, 5.114105618407336351, 4.130317939995696186 ) ) ;
#3142 = CARTESIAN_POINT ( 'NONE',  ( -2.149999999999895994, 3.500000670185275276, 2.848437429475958016 ) ) ;
#3143 = AXIS2_PLACEMENT_3D ( 'NONE', #4391, #6052, #1073 ) ;
#3144 = CARTESIAN_POINT ( 'NONE',  ( 1.520279579551077065, 5.020279579551076843, 6.321093750000001066 ) ) ;
#3145 = VERTEX_POINT ( 'NONE', #6557 ) ;
#3146 = ORIENTED_EDGE ( 'NONE', *, *, #4186, .F. ) ;
#3147 = CARTESIAN_POINT ( 'NONE',  ( -1.882868297789976220, 5.096113504956327311, 1.172471406608000464E-14 ) ) ;
#3148 = CARTESIAN_POINT ( 'NONE',  ( -0.3386774136294979365, 5.623310117810802922, 2.471046637827116310 ) ) ;
#3149 = CIRCLE ( 'NONE', #2001, 1.749999999999999778 ) ;
#3150 = CARTESIAN_POINT ( 'NONE',  ( -0.7645699700933231702, 1.490125124483230534, 5.183867474606503656 ) ) ;
#3151 = MANIFOLD_SOLID_BREP ( 'Fillet11', #4651 ) ;
#3152 = DIRECTION ( 'NONE',  ( 0.000000000000000000, 0.000000000000000000, -1.000000000000000000 ) ) ;
#3153 = CARTESIAN_POINT ( 'NONE',  ( -2.103140580602130605, 2.006249839225950016, -1.392877994297092818E-15 ) ) ;
#3154 = DIRECTION ( 'NONE',  ( 0.000000000000000000, 0.000000000000000000, -1.000000000000000000 ) ) ;
#3155 = CARTESIAN_POINT ( 'NONE',  ( -5.408326913195983465, 1.000000000000000000, 6.341421356237309404 ) ) ;
#3156 = CARTESIAN_POINT ( 'NONE',  ( -1.068517644207725548, 6.079629788281240010, 7.809375001083947332 ) ) ;
#3157 = FACE_OUTER_BOUND ( 'NONE', #3320, .T. ) ;
#3158 = CARTESIAN_POINT ( 'NONE',  ( -2.579629788281249336, 2.431482355792268013, 2.451562501083942358 ) ) ;
#3159 = AXIS2_PLACEMENT_3D ( 'NONE', #5625, #1256, #2349 ) ;
#3160 = EDGE_LOOP ( 'NONE', ( #4562, #56, #5807, #843 ) ) ;
#3161 = AXIS2_PLACEMENT_3D ( 'NONE', #4273, #6475, #1528 ) ;
#3162 = CARTESIAN_POINT ( 'NONE',  ( 9.999999999999998224, -8.150000000000000355, 2.000000000000000000 ) ) ;
#3163 = DIRECTION ( 'NONE',  ( -1.000000000000000000, 0.000000000000000000, 0.000000000000000000 ) ) ;
#3164 = CIRCLE ( 'NONE', #146, 1.000000000000000000 ) ;
#3165 = DIRECTION ( 'NONE',  ( 0.000000000000000000, 0.000000000000000000, -1.000000000000000000 ) ) ;
#3166 = CARTESIAN_POINT ( 'NONE',  ( 12.62020410288672956, -3.826598632371090325, 0.1016872336874565380 ) ) ;
#3167 = CARTESIAN_POINT ( 'NONE',  ( -6.925484200721367500, 1.000000000000000000, 6.000000000000000000 ) ) ;
#3168 = CARTESIAN_POINT ( 'NONE',  ( -1.316495309083404618E-16, 5.650000000000000355, -1.318749997832118215 ) ) ;
#3169 = VERTEX_POINT ( 'NONE', #1509 ) ;
#3170 = CARTESIAN_POINT ( 'NONE',  ( -2.579629788281249780, 2.431482355792268013, 0.7648437510839408704 ) ) ;
#3171 = CARTESIAN_POINT ( 'NONE',  ( 1.068517644207731321, 0.9203702117187504417, 0.1695312510839406261 ) ) ;
#3172 = DIRECTION ( 'NONE',  ( 0.000000000000000000, 0.000000000000000000, -1.000000000000000000 ) ) ;
#3173 = CARTESIAN_POINT ( 'NONE',  ( -12.49114257567653752, -3.869619141441167365, 0.1209298682369599615 ) ) ;
#3174 = CARTESIAN_POINT ( 'NONE',  ( -0.8905591591021546627, 5.650000000000000355, 7.462109377167880808 ) ) ;
#3175 = CARTESIAN_POINT ( 'NONE',  ( 1.824073716244489773, 5.324073716244490662, 6.866796876083942180 ) ) ;
#3176 = DIRECTION ( 'NONE',  ( 0.000000000000000000, -0.000000000000000000, -1.000000000000000000 ) ) ;
#3177 = CARTESIAN_POINT ( 'NONE',  ( 1.956310874453095705, 4.392248617577394043, 4.688547366722690235 ) ) ;
#3178 = CARTESIAN_POINT ( 'NONE',  ( -1.250952716672486753, 5.248629044993229797, 4.118044315546282697 ) ) ;
#3179 = CIRCLE ( 'NONE', #5012, 0.5000000000000000000 ) ;
#3180 = CARTESIAN_POINT ( 'NONE',  ( 1.068517644207729544, 6.079629788281250669, 6.122656251083942180 ) ) ;
#3181 = CARTESIAN_POINT ( 'NONE',  ( -0.8905591591021551068, 1.350000000000000533, 7.561328125000000178 ) ) ;
#3182 = ORIENTED_EDGE ( 'NONE', *, *, #5916, .F. ) ;
#3183 = ORIENTED_EDGE ( 'NONE', *, *, #2970, .F. ) ;
#3184 = CARTESIAN_POINT ( 'NONE',  ( -2.149999999999319122, 3.500001710975822355, 6.817187406857118326 ) ) ;
#3185 = CARTESIAN_POINT ( 'NONE',  ( 1.312858003905568394, 5.203237223423917257, 2.368248053357475680 ) ) ;
#3186 = ORIENTED_EDGE ( 'NONE', *, *, #6608, .F. ) ;
#3187 = CARTESIAN_POINT ( 'NONE',  ( -0.03444762769948233466, 1.349996330646845877, 5.227428401869532948 ) ) ;
#3188 = CARTESIAN_POINT ( 'NONE',  ( 17.49999999999999645, -9.000000000000000000, 2.000000000000000000 ) ) ;
#3189 = ORIENTED_EDGE ( 'NONE', *, *, #742, .T. ) ;
#3190 = CARTESIAN_POINT ( 'NONE',  ( 4.000000000000000000, 0.000000000000000000, 2.000000000000000000 ) ) ;
#3191 = CARTESIAN_POINT ( 'NONE',  ( 5.408326913195983465, 0.000000000000000000, 8.000000000000000000 ) ) ;
#3192 = CARTESIAN_POINT ( 'NONE',  ( 0.8905591591021556619, 1.350000000000000533, 5.477734377167881696 ) ) ;
#3193 = CARTESIAN_POINT ( 'NONE',  ( 1.824073716244482668, 5.324073716244483556, 6.866796876083948398 ) ) ;
#3194 = CARTESIAN_POINT ( 'NONE',  ( 1.929079038105733446, 4.451953552099936928, 5.486298088671168749 ) ) ;
#3195 = DIRECTION ( 'NONE',  ( 1.000000000000000000, -0.000000000000000000, 0.000000000000000000 ) ) ;
#3196 = ORIENTED_EDGE ( 'NONE', *, *, #2437, .T. ) ;
#3197 = CARTESIAN_POINT ( 'NONE',  ( -2.149999999999999467, 2.609440840897844449, 3.691796877167881519 ) ) ;
#3198 = CARTESIAN_POINT ( 'NONE',  ( -1.508389485092195947, 5.032719917963845546, 0.9622498133359593808 ) ) ;
#3199 = CARTESIAN_POINT ( 'NONE',  ( -2.147523613713349544, 3.388105447434754058, 7.418792129025838733 ) ) ;
#3200 = CARTESIAN_POINT ( 'NONE',  ( 1.826499905298634374, 4.634349646112651655, 7.880027452301881397 ) ) ;
#3201 = CARTESIAN_POINT ( 'NONE',  ( 2.078823059561750064, 4.053062040321150583, 7.048077330563634391 ) ) ;
#3202 = ADVANCED_FACE ( 'NONE', ( #4327 ), #5918, .T. ) ;
#3203 = LINE ( 'NONE', #6522, #5114 ) ;
#3204 = ORIENTED_EDGE ( 'NONE', *, *, #199, .T. ) ;
#3205 = CARTESIAN_POINT ( 'NONE',  ( 2.579629788281249780, 4.568517644207729766, 1.161718751083940626 ) ) ;
#3206 = DIRECTION ( 'NONE',  ( -0.000000000000000000, -0.000000000000000000, 1.000000000000000000 ) ) ;
#3207 = CARTESIAN_POINT ( 'NONE',  ( -6.408326913195986130, 1.000000000000000000, 7.000000000000000000 ) ) ;
#3208 = CARTESIAN_POINT ( 'NONE',  ( 1.520279579551077065, 5.020279579551076843, 8.107031252167880453 ) ) ;
#3209 = CARTESIAN_POINT ( 'NONE',  ( -1.068517644207730211, 0.9203702117187504417, 8.107031251083942180 ) ) ;
#3210 = CARTESIAN_POINT ( 'NONE',  ( -2.579629788281250224, 3.500000000000000000, 6.271484376083940937 ) ) ;
#3211 = CARTESIAN_POINT ( 'NONE',  ( 0.3407767768082176074, 5.622821809431098217, 4.813202779371240858 ) ) ;
#3212 = VECTOR ( 'NONE', #5281, 1000.000000000000000 ) ;
#3213 = CARTESIAN_POINT ( 'NONE',  ( 0.6519753441624154267, 5.548910441192340670, 4.000410101312101396 ) ) ;
#3214 = CARTESIAN_POINT ( 'NONE',  ( 1.824073716244489773, 5.324073716244490662, 7.660546876083942358 ) ) ;
#3215 = EDGE_CURVE ( 'NONE', #604, #6674, #3681, .T. ) ;
#3216 = CARTESIAN_POINT ( 'NONE',  ( 2.149999999999999911, 4.390559159102155995, 8.652734375000003197 ) ) ;
#3217 = EDGE_LOOP ( 'NONE', ( #1445, #572, #1666, #1180 ) ) ;
#3218 = ORIENTED_EDGE ( 'NONE', *, *, #2279, .T. ) ;
#3219 = CARTESIAN_POINT ( 'NONE',  ( 8.249999999999998224, -8.150000000000000355, 2.000000000000000000 ) ) ;
#3220 = CARTESIAN_POINT ( 'NONE',  ( 0.7400623726460325846, 5.518779108955849111, 2.407308434280863718 ) ) ;
#3221 = AXIS2_PLACEMENT_3D ( 'NONE', #6612, #1665, #2647 ) ;
#3222 = VERTEX_POINT ( 'NONE', #5876 ) ;
#3223 = CARTESIAN_POINT ( 'NONE',  ( -1.906871451768999748, 2.489216820769964755, 5.093141290199524995 ) ) ;
#3224 = CARTESIAN_POINT ( 'NONE',  ( 17.49999999999999645, -9.000000000000000000, 0.5000000000000000000 ) ) ;
#3225 =( BOUNDED_CURVE ( )  B_SPLINE_CURVE ( 2, ( #6843, #6264, #5180, #1967, #776, #3450, #268, #1279, #4173 ),
 .UNSPECIFIED., .F., .T. ) 
 B_SPLINE_CURVE_WITH_KNOTS ( ( 3, 2, 2, 2, 3 ),
 ( 0.2381308830291213041, 0.2480530382468547346, 0.2579751597767289129, 0.2678972813066031189, 0.2778193991278000707 ),
 .UNSPECIFIED. ) 
 CURVE ( )  GEOMETRIC_REPRESENTATION_ITEM ( )  RATIONAL_B_SPLINE_CURVE ( ( 1.000000000000000000, 0.9238795325112867385, 1.000000000000000000, 0.9238795325112867385, 1.000000000000000000, 0.9238795325112867385, 1.000000000000000000, 0.9238795325112867385, 1.000000000000000000 ) ) 
 REPRESENTATION_ITEM ( '' )  );
#3226 = CARTESIAN_POINT ( 'NONE',  ( -2.149999999990485300, 3.500006396255614050, 1.856249643688930195 ) ) ;
#3227 = DIRECTION ( 'NONE',  ( 0.000000000000000000, 0.000000000000000000, 1.000000000000000000 ) ) ;
#3228 = CARTESIAN_POINT ( 'NONE',  ( -1.824073716244482224, 1.675926283755517110, 5.676171876083948575 ) ) ;
#3229 = CARTESIAN_POINT ( 'NONE',  ( 2.132830122939989970, 3.780136022955618014, 5.444070257452848338 ) ) ;
#3230 = CARTESIAN_POINT ( 'NONE',  ( 0.9178487997513957719, 0.3403699475285966725, -1.348575922870338450 ) ) ;
#3231 = VERTEX_POINT ( 'NONE', #3134 ) ;
#3232 = CARTESIAN_POINT ( 'NONE',  ( -17.50000000000000355, -7.500000000000000000, 2.000000000000000000 ) ) ;
#3233 = CARTESIAN_POINT ( 'NONE',  ( 0.4119599978924939343, 5.610165443908547545, 0.8401940090010346918 ) ) ;
#3234 = CARTESIAN_POINT ( 'NONE',  ( -5.408326913195983465, 1.000000000000000000, 8.000000000000000000 ) ) ;
#3235 = CARTESIAN_POINT ( 'NONE',  ( 6.299999999999998934, -8.150000000000000355, 2.000000000000000000 ) ) ;
#3236 = AXIS2_PLACEMENT_3D ( 'NONE', #1763, #4468, #3972 ) ;
#3237 = CYLINDRICAL_SURFACE ( 'NONE', #1242, 1.000000000000000000 ) ;
#3238 = CARTESIAN_POINT ( 'NONE',  ( -0.8905591591021551068, 1.350000000000000533, -0.9714843728321191918 ) ) ;
#3239 = ORIENTED_EDGE ( 'NONE', *, *, #1034, .F. ) ;
#3240 = CARTESIAN_POINT ( 'NONE',  ( 1.824073716244490218, 1.675926283755510227, 1.806640626083940715 ) ) ;
#3241 = CARTESIAN_POINT ( 'NONE',  ( -2.149999999999966160, 3.499999617144290642, 5.825000159272341271 ) ) ;
#3242 = DIRECTION ( 'NONE',  ( -0.7071067811865477948, 0.000000000000000000, -0.7071067811865473507 ) ) ;
#3243 = CARTESIAN_POINT ( 'NONE',  ( 1.068517644207731321, 0.9203702117187504417, -0.6242187489160586633 ) ) ;
#3244 = CARTESIAN_POINT ( 'NONE',  ( 1.824073716244489773, 5.324073716244490662, 7.660546876083942358 ) ) ;
#3245 = CARTESIAN_POINT ( 'NONE',  ( 0.8496828312386329740, 5.474986526809114906, 4.781441888226051873 ) ) ;
#3246 = CARTESIAN_POINT ( 'NONE',  ( -0.6488012710756715373, 5.558497159295459511, 4.077317469285413054 ) ) ;
#3247 = CARTESIAN_POINT ( 'NONE',  ( -1.068517644207729766, 6.079629788281250669, 7.015625001083940937 ) ) ;
#3248 = CARTESIAN_POINT ( 'NONE',  ( 2.150000000000000355, 2.609440840897845781, 6.966015625000000711 ) ) ;
#3249 = ORIENTED_EDGE ( 'NONE', *, *, #564, .F. ) ;
#3250 = ORIENTED_EDGE ( 'NONE', *, *, #876, .T. ) ;
#3251 = LINE ( 'NONE', #5451, #735 ) ;
#3252 = CARTESIAN_POINT ( 'NONE',  ( 1.803366511775002179, 2.327680037442931393, 1.386086252108891026 ) ) ;
#3253 = CARTESIAN_POINT ( 'NONE',  ( -1.550221629174423299, 2.010189820247948678, 5.128097627000673064 ) ) ;
#3254 = VECTOR ( 'NONE', #6609, 1000.000000000000000 ) ;
#3255 = DIRECTION ( 'NONE',  ( 0.000000000000000000, -0.7071067811865475727, 0.7071067811865475727 ) ) ;
#3256 = CARTESIAN_POINT ( 'NONE',  ( 8.249999999999998224, -8.150000000000000355, 2.000000000000000000 ) ) ;
#3257 = CARTESIAN_POINT ( 'NONE',  ( 2.579629788281240454, 2.431482355792275563, 6.717968751083947865 ) ) ;
#3258 = CARTESIAN_POINT ( 'NONE',  ( 0.1573924782429832470, 5.644631562689665927, 5.617569603993636917 ) ) ;
#3259 = DIRECTION ( 'NONE',  ( 1.000000000000000000, 0.000000000000000000, 0.000000000000000000 ) ) ;
#3260 = VERTEX_POINT ( 'NONE', #5986 ) ;
#3261 = EDGE_CURVE ( 'NONE', #673, #1971, #3034, .T. ) ;
#3262 = DIRECTION ( 'NONE',  ( -1.000000000000000000, 0.000000000000000000, 0.000000000000000000 ) ) ;
#3263 = CARTESIAN_POINT ( 'NONE',  ( 1.021833949965532673, 5.391853943501415003, 0.8011842274195497549 ) ) ;
#3264 = DIRECTION ( 'NONE',  ( -1.000000000000000000, 0.000000000000000000, 0.000000000000000000 ) ) ;
#3265 = CARTESIAN_POINT ( 'NONE',  ( 2.028813136624942892, 4.216869483951849240, 7.852279919951885567 ) ) ;
#3266 = CIRCLE ( 'NONE', #3731, 1.000000000000000000 ) ;
#3267 = CARTESIAN_POINT ( 'NONE',  ( 1.988496075018977294, 4.319217844913209703, 7.064939643258203894 ) ) ;
#3268 = CARTESIAN_POINT ( 'NONE',  ( 2.144785423657344481, 3.350108331992085020, 0.6571545492026624746 ) ) ;
#3269 = ORIENTED_EDGE ( 'NONE', *, *, #3504, .T. ) ;
#3270 = AXIS2_PLACEMENT_3D ( 'NONE', #5580, #752, #6816 ) ;
#3271 = AXIS2_PLACEMENT_3D ( 'NONE', #5728, #716, #1214 ) ;
#3272 = ORIENTED_EDGE ( 'NONE', *, *, #3494, .T. ) ;
#3273 = CARTESIAN_POINT ( 'NONE',  ( 2.579629788281249780, 4.568517644207729766, -0.4257812489160597291 ) ) ;
#3274 = FACE_OUTER_BOUND ( 'NONE', #209, .T. ) ;
#3275 = EDGE_CURVE ( 'NONE', #4475, #1838, #4080, .T. ) ;
#3276 = CARTESIAN_POINT ( 'NONE',  ( 2.149999999999999911, 4.390559159102155995, 8.057421877167881163 ) ) ;
#3277 = AXIS2_PLACEMENT_3D ( 'NONE', #1817, #4023, #6220 ) ;
#3278 = EDGE_CURVE ( 'NONE', #2748, #1518, #4454, .T. ) ;
#3279 = CARTESIAN_POINT ( 'NONE',  ( -1.068517644207729766, 6.079629788281250669, 6.916406251083938805 ) ) ;
#3280 = CARTESIAN_POINT ( 'NONE',  ( -2.149999454060844251, 3.570941670718083660, 4.233548083454860667 ) ) ;
#3281 = CARTESIAN_POINT ( 'NONE',  ( 1.068517644207729544, 6.079629788281250669, 7.710156251083942536 ) ) ;
#3282 = CARTESIAN_POINT ( 'NONE',  ( -2.149999999999999911, 3.500000000000000000, 8.206250000000002487 ) ) ;
#3283 = EDGE_CURVE ( 'NONE', #4323, #5450, #3916, .T. ) ;
#3284 = EDGE_LOOP ( 'NONE', ( #5582, #3746, #2085, #6720 ) ) ;
#3285 = ORIENTED_EDGE ( 'NONE', *, *, #626, .F. ) ;
#3286 = CARTESIAN_POINT ( 'NONE',  ( -4.750000000000002665, -8.150000000000000355, 2.000000000000000000 ) ) ;
#3287 = CARTESIAN_POINT ( 'NONE',  ( 1.275073819275092113, 1.768717397366331490, 1.341678734618402924 ) ) ;
#3288 = EDGE_CURVE ( 'NONE', #4940, #6238, #5031, .T. ) ;
#3289 = CARTESIAN_POINT ( 'NONE',  ( -1.989269254636836903, 2.683997523626913573, 5.080413658632672025 ) ) ;
#3290 = CIRCLE ( 'NONE', #1905, 0.5000000000000000000 ) ;
#3291 = CYLINDRICAL_SURFACE ( 'NONE', #3582, 0.1999999999999996503 ) ;
#3292 = DIRECTION ( 'NONE',  ( -0.000000000000000000, 1.000000000000000000, -0.000000000000000000 ) ) ;
#3293 = ADVANCED_FACE ( 'NONE', ( #6118 ), #2259, .F. ) ;
#3294 = CARTESIAN_POINT ( 'NONE',  ( 1.824073716244483112, 1.675926283755517554, 5.874609376083948398 ) ) ;
#3295 = CARTESIAN_POINT ( 'NONE',  ( 2.051671754008005166, 2.850427836080096089, 3.802225995919465529 ) ) ;
#3296 = LINE ( 'NONE', #2206, #2868 ) ;
#3297 = ORIENTED_EDGE ( 'NONE', *, *, #3939, .F. ) ;
#3298 = DIRECTION ( 'NONE',  ( 0.000000000000000000, 0.000000000000000000, -1.000000000000000000 ) ) ;
#3299 = CARTESIAN_POINT ( 'NONE',  ( 1.682143915405333034, 4.839017638246743580, 0.7510185596620896353 ) ) ;
#3300 = CARTESIAN_POINT ( 'NONE',  ( -1.068517644207729766, 6.079629788281250669, 2.947656251083941026 ) ) ;
#3301 = CARTESIAN_POINT ( 'NONE',  ( 11.66666666666666785, -3.700000000000000178, 0.02859547920896853349 ) ) ;
#3302 = CARTESIAN_POINT ( 'NONE',  ( -1.502147409077391194, 5.038666573516504599, 1.755631914050689302 ) ) ;
#3303 = CARTESIAN_POINT ( 'NONE',  ( -0.6093690738076682489, 5.561885230348478260, 7.250041035460481176 ) ) ;
#3304 = ADVANCED_FACE ( 'NONE', ( #1648 ), #7136, .F. ) ;
#3305 = CARTESIAN_POINT ( 'NONE',  ( -2.149999999999999911, 3.500000000000000000, -1.120312497832117504 ) ) ;
#3306 = ADVANCED_FACE ( 'NONE', ( #1746 ), #2219, .T. ) ;
#3307 = ORIENTED_EDGE ( 'NONE', *, *, #4868, .F. ) ;
#3308 = VERTEX_POINT ( 'NONE', #117 ) ;
#3309 = B_SPLINE_CURVE_WITH_KNOTS ( 'NONE', 3,
 ( #6861, #4091, #3435, #4122, #5632, #6248, #5735, #4586, #217, #5772, #5706, #5238, #6319, #1914, #4695, #685, #2496, #833, #6213, #3033, #1952, #4016, #6177, #1225, #1262, #138, #3471, #2356, #4551, #6760, #1811, #4621, #6284, #1337, #5199, #5132, #6792, #178, #1846, #6826, #1883, #3545, #4054, #1302, #797, #253, #3509, #4734, #909, #2034, #5810, #3148, #6470, #6977, #4200, #4811, #468, #5851, #875, #5351, #5419, #2639, #6400, #4268, #1449, #436, #1411, #4233, #5965, #1015, #3730, #402, #7009, #2066, #3220, #6356, #5891, #4846, #5275, #2675, #3619, #981, #6435, #3074, #3659, #2102, #330, #3185, #7047, #2535, #6937, #1991, #3111, #1521, #5312, #2608, #943, #365, #2573, #4158, #3762, #4303, #4770, #1488, #3694, #4880, #5931, #5385, #6504, #1560, #7083, #57, #1593 ),
 .UNSPECIFIED., .F., .F.,
 ( 4, 2, 1, 1, 2, 2, 2, 2, 1, 2, 2, 2, 2, 2, 1, 1, 1, 1, 1, 2, 2, 2, 1, 2, 2, 2, 2, 1, 1, 2, 2, 2, 2, 2, 1, 1, 2, 2, 2, 1, 2, 2, 2, 2, 2, 2, 2, 2, 2, 2, 2, 2, 2, 2, 2, 1, 1, 1, 2, 2, 2, 2, 2, 2, 4 ),
 ( 0.6687850900216447680, 0.6689782232068895995, 0.6691713563921344310, 0.6695576227626240939, 0.6703301555036034198, 0.6718752209855620716, 0.6734202864675207234, 0.6736134196527655549, 0.6738065528380103864, 0.6741928192085000493, 0.6749653519494793752, 0.6765104174314379160, 0.6780554829133965677, 0.6781520495060191500, 0.6782486160986417323, 0.6784417492838867858, 0.6788280156543771149, 0.6796005483953575510, 0.6811456138773186453, 0.6826906793592796285, 0.6827872459519022108, 0.6828838125445247931, 0.6830769457297699576, 0.6834632121002601757, 0.6842357448412407228, 0.6873258758051625783, 0.6875190089904077428, 0.6877121421756529074, 0.6880984085461431254, 0.6888709412871235616, 0.6904160067690845448, 0.6911885395100649809, 0.6913816726953101455, 0.6915748058805553100, 0.6919610722510455281, 0.6935061377330065113, 0.6950512032149673836, 0.6952443364002125481, 0.6953409029928351304, 0.6954374695854577126, 0.6958237359559479307, 0.6965962686969283668, 0.6981413341788893501, 0.6989138669198697862, 0.6993001332903600042, 0.6996863996608502223, 0.7027765306247721888, 0.7029696638100172423, 0.7031627969952624069, 0.7035490633657526249, 0.7043215961067329500, 0.7058666615886937112, 0.7066391943296740363, 0.7070254607001642544, 0.7070737439964754900, 0.7071220272927867256, 0.7072185938854093079, 0.7074117270706543614, 0.7089567925526149006, 0.7105018580345754398, 0.7108881244050655468, 0.7112743907755556538, 0.7120469235165358679, 0.7151370544804569462, 0.7182271854443780246 ),
 .UNSPECIFIED. ) ;
#3310 = CARTESIAN_POINT ( 'NONE',  ( -2.579629788281249780, 4.568517644207729766, 1.459375001083941026 ) ) ;
#3311 = DIRECTION ( 'NONE',  ( -1.000000000000000000, 0.000000000000000000, 0.000000000000000000 ) ) ;
#3312 = CARTESIAN_POINT ( 'NONE',  ( 0.8905591591021556619, 1.350000000000000533, 0.7152343771678815187 ) ) ;
#3313 = CARTESIAN_POINT ( 'NONE',  ( 2.579629788281250669, 2.431482355792271122, -0.5249999989160591962 ) ) ;
#3314 = CARTESIAN_POINT ( 'NONE',  ( 2.125484389863254275, 3.832266801594605532, 3.859708924831322108 ) ) ;
#3315 = CARTESIAN_POINT ( 'NONE',  ( -2.579629788281249780, 4.568517644207729766, 6.321093751083942891 ) ) ;
#3316 = CARTESIAN_POINT ( 'NONE',  ( -0.8905591591021546627, 5.650000000000000355, 3.294921875000001332 ) ) ;
#3317 = ORIENTED_EDGE ( 'NONE', *, *, #246, .F. ) ;
#3318 = ORIENTED_EDGE ( 'NONE', *, *, #3877, .F. ) ;
#3319 = CARTESIAN_POINT ( 'NONE',  ( 2.131043787755596775, 3.212323983403166938, 1.442731578890958266 ) ) ;
#3320 = EDGE_LOOP ( 'NONE', ( #90, #4808, #3739, #6165, #5055, #3218, #5548, #6259, #348, #4337, #6567, #2987, #5208, #6418, #4501, #5983, #5043, #3686, #2867, #3639, #3329, #1645 ) ) ;
#3321 = EDGE_CURVE ( 'NONE', #4960, #526, #6121, .T. ) ;
#3322 = CARTESIAN_POINT ( 'NONE',  ( -1.445073561642039150, 5.092954102356380908, 0.1636212788807593910 ) ) ;
#3323 = DIRECTION ( 'NONE',  ( 0.000000000000000000, 0.000000000000000000, 1.000000000000000000 ) ) ;
#3324 = DIRECTION ( 'NONE',  ( -1.000000000000000000, 0.000000000000000000, 0.000000000000000000 ) ) ;
#3325 = CARTESIAN_POINT ( 'NONE',  ( 1.068517644207727102, 0.9203702117187605447, 3.443750001083947687 ) ) ;
#3326 = CARTESIAN_POINT ( 'NONE',  ( 12.00000000000000178, 9.507820771309093644, 2.000000000000000000 ) ) ;
#3327 = CIRCLE ( 'NONE', #4363, 1.749999999999999778 ) ;
#3328 = DIRECTION ( 'NONE',  ( -0.000000000000000000, -1.000000000000000000, -0.000000000000000000 ) ) ;
#3329 = ORIENTED_EDGE ( 'NONE', *, *, #4385, .T. ) ;
#3330 = CARTESIAN_POINT ( 'NONE',  ( 0.2567503613975162802, 5.635739615652475720, 3.230674904601135822 ) ) ;
#3331 = CARTESIAN_POINT ( 'NONE',  ( 0.4158910668731748417, 5.609394112130340559, 0.8399559816750074015 ) ) ;
#3332 = CARTESIAN_POINT ( 'NONE',  ( -1.579567681601898742E-16, 6.079629788281250669, 2.104296876083941115 ) ) ;
#3333 = CARTESIAN_POINT ( 'NONE',  ( 1.188374814535970714, 1.707585386076213352, 4.510406903302498272 ) ) ;
#3334 = CARTESIAN_POINT ( 'NONE',  ( 1.930412753254268088, 4.448002330093214773, 7.867277156837938712 ) ) ;
#3335 = CARTESIAN_POINT ( 'NONE',  ( 0.2480020257148161100, 5.640910418936224247, 7.200018919638446313 ) ) ;
#3336 = CARTESIAN_POINT ( 'NONE',  ( -1.425841043825087917, 1.890813036442344774, 0.3752849025839268271 ) ) ;
#3337 = EDGE_LOOP ( 'NONE', ( #1532, #4065, #6095, #6986 ) ) ;
#3338 = EDGE_CURVE ( 'NONE', #639, #3013, #3843, .T. ) ;
#3339 = CARTESIAN_POINT ( 'NONE',  ( -3.000000000000002665, -8.150000000000000355, 0.000000000000000000 ) ) ;
#3340 = CARTESIAN_POINT ( 'NONE',  ( -0.9948697379742327263, 1.238708357026776063, 2.108011640945743510E-16 ) ) ;
#3341 = CARTESIAN_POINT ( 'NONE',  ( 3.949485927250213853E-16, 1.350000000000000089, 0.6656250021678817852 ) ) ;
#3342 = CARTESIAN_POINT ( 'NONE',  ( -2.149999999999999911, 4.390559159102155995, 3.592578127167881163 ) ) ;
#3343 = CIRCLE ( 'NONE', #5189, 0.5000000000000000000 ) ;
#3344 = EDGE_CURVE ( 'NONE', #4650, #5387, #5922, .T. ) ;
#3345 = EDGE_CURVE ( 'NONE', #5822, #1420, #528, .T. ) ;
#3346 = CARTESIAN_POINT ( 'NONE',  ( 2.143799364345593261, 3.666450683246509357, 4.643794408688957098 ) ) ;
#3347 = CARTESIAN_POINT ( 'NONE',  ( 1.624338824590110919, 4.909096023658819696, 3.931156403475174255 ) ) ;
#3348 = CARTESIAN_POINT ( 'NONE',  ( 2.579629788281250224, 3.500000000000000444, 4.386328126083942180 ) ) ;
#3349 = CARTESIAN_POINT ( 'NONE',  ( 3.949485927250213853E-16, 1.350000000000000089, 5.428125002167881519 ) ) ;
#3350 = CARTESIAN_POINT ( 'NONE',  ( -2.149999999999999911, 4.390559159102155995, 2.600390625000001510 ) ) ;
#3351 = ORIENTED_EDGE ( 'NONE', *, *, #4279, .T. ) ;
#3352 = EDGE_LOOP ( 'NONE', ( #3107, #5536, #3777, #6993, #6066, #3269, #3892, #434, #6027, #2245, #1070, #3600, #3250, #1741, #3463, #2531, #1164, #6433, #503, #2971, #3902, #2794, #5487, #6553 ) ) ;
#3353 = CARTESIAN_POINT ( 'NONE',  ( 1.985398483680599568, 2.674709542071979307, 1.409602325846120330 ) ) ;
#3354 = ORIENTED_EDGE ( 'NONE', *, *, #5369, .F. ) ;
#3355 = CARTESIAN_POINT ( 'NONE',  ( -1.321305780432156185, 5.196188469594879678, 0.1543861605742399556 ) ) ;
#3356 = DIRECTION ( 'NONE',  ( -1.000000000000000000, 0.000000000000000000, 0.000000000000000000 ) ) ;
#3357 = DIRECTION ( 'NONE',  ( 0.000000000000000000, 0.000000000000000000, 1.000000000000000000 ) ) ;
#3358 = CARTESIAN_POINT ( 'NONE',  ( -2.579629788281240010, 4.568517644207725326, 4.733593751083947865 ) ) ;
#3359 = EDGE_CURVE ( 'NONE', #5583, #3812, #252, .T. ) ;
#3360 = CARTESIAN_POINT ( 'NONE',  ( 2.102975466927222037, 3.052542835785024611, 3.814613362578762601 ) ) ;
#3361 = LINE ( 'NONE', #3978, #5989 ) ;
#3362 = ORIENTED_EDGE ( 'NONE', *, *, #5518, .F. ) ;
#3363 = CIRCLE ( 'NONE', #3139, 0.5000000000000000000 ) ;
#3364 = CARTESIAN_POINT ( 'NONE',  ( -2.088786322062662126, 4.042608509693431884, 3.411863862578055073 ) ) ;
#3365 = CARTESIAN_POINT ( 'NONE',  ( 2.109752895349577884, 3.914240980554768878, 0.6896326019086139736 ) ) ;
#3366 = CARTESIAN_POINT ( 'NONE',  ( -0.000000000000000000, -3.700000000000000178, 2.000000000000000000 ) ) ;
#3367 = CARTESIAN_POINT ( 'NONE',  ( 2.104087197797243736, 3.057696072263457854, 4.608676440313242750 ) ) ;
#3368 = CARTESIAN_POINT ( 'NONE',  ( 0.1582680413663006547, 5.644428784464824211, 1.648862162307531243 ) ) ;
#3369 = CARTESIAN_POINT ( 'NONE',  ( 0.000000000000000000, 13.50000000000000000, 2.000000000000000000 ) ) ;
#3370 = CARTESIAN_POINT ( 'NONE',  ( 1.075063586798564286, 1.627926395530443715, 0.5332032073725417876 ) ) ;
#3371 = AXIS2_PLACEMENT_3D ( 'NONE', #3452, #6738, #197 ) ;
#3372 = CARTESIAN_POINT ( 'NONE',  ( -1.068517644207730211, 0.9203702117187504417, 4.932031251083941470 ) ) ;
#3373 = VERTEX_POINT ( 'NONE', #6663 ) ;
#3374 = CARTESIAN_POINT ( 'NONE',  ( 1.068517644207729544, 6.079629788281250669, 7.610937501083940404 ) ) ;
#3375 = VECTOR ( 'NONE', #5907, 1000.000000000000000 ) ;
#3376 = CARTESIAN_POINT ( 'NONE',  ( 1.608372655828669506, 2.066449670201229161, 7.716970878029759895 ) ) ;
#3377 = DIRECTION ( 'NONE',  ( -0.9833321660356334482, 0.1818181818181816567, 0.000000000000000000 ) ) ;
#3378 = FACE_OUTER_BOUND ( 'NONE', #4230, .T. ) ;
#3379 = CARTESIAN_POINT ( 'NONE',  ( 1.520279579551077509, 1.979720420448922935, 5.527343752167881874 ) ) ;
#3380 = AXIS2_PLACEMENT_3D ( 'NONE', #488, #3206, #6490 ) ;
#3381 = CARTESIAN_POINT ( 'NONE',  ( -1.068517644207729766, 6.079629788281250669, 7.710156251083939871 ) ) ;
#3382 = CARTESIAN_POINT ( 'NONE',  ( -1.272333982323504920, 5.233114377126065087, 6.500792895753982670 ) ) ;
#3383 = CARTESIAN_POINT ( 'NONE',  ( 1.655835877365806397, 4.872584813512433222, 3.928341030082738605 ) ) ;
#3384 = CARTESIAN_POINT ( 'NONE',  ( -2.579629788281249780, 4.568517644207729766, 2.352343751083942003 ) ) ;
#3385 = CARTESIAN_POINT ( 'NONE',  ( 2.036076497597621326, 2.808869195918703543, 3.005724351592082844 ) ) ;
#3386 = CARTESIAN_POINT ( 'NONE',  ( -1.316495309083404618E-16, 5.650000000000000355, 5.626562500000001243 ) ) ;
#3387 = ORIENTED_EDGE ( 'NONE', *, *, #1800, .T. ) ;
#3388 = EDGE_LOOP ( 'NONE', ( #6374, #3655 ) ) ;
#3389 = CARTESIAN_POINT ( 'NONE',  ( 2.124404605499960130, 3.169120119396563684, 1.440278073307159179 ) ) ;
#3390 = ORIENTED_EDGE ( 'NONE', *, *, #6053, .F. ) ;
#3391 = CARTESIAN_POINT ( 'NONE',  ( -1.715077381162421366, 4.796643329867439576, 0.1864497378460333865 ) ) ;
#3392 = EDGE_CURVE ( 'NONE', #326, #2064, #4417, .T. ) ;
#3393 = CARTESIAN_POINT ( 'NONE',  ( 2.131954851704084497, 3.222006307984739859, 6.999743421552399703 ) ) ;
#3394 = DIRECTION ( 'NONE',  ( 1.000000000000000000, 0.000000000000000000, 0.000000000000000000 ) ) ;
#3395 = CARTESIAN_POINT ( 'NONE',  ( -1.579567681601892579E-16, 6.079629788281240010, 4.584765626083947332 ) ) ;
#3396 = DIRECTION ( 'NONE',  ( 0.000000000000000000, 0.000000000000000000, 1.000000000000000000 ) ) ;
#3397 = CARTESIAN_POINT ( 'NONE',  ( 5.408326913195983465, -1.000000000000000888, 6.000000000000000000 ) ) ;
#3398 = ORIENTED_EDGE ( 'NONE', *, *, #4258, .F. ) ;
#3399 = CARTESIAN_POINT ( 'NONE',  ( -0.1777082215756964068, 5.643726507951953408, 3.255304621284994315 ) ) ;
#3400 = DIRECTION ( 'NONE',  ( 0.000000000000000000, 0.000000000000000000, -1.000000000000000000 ) ) ;
#3401 = CARTESIAN_POINT ( 'NONE',  ( -10.00000000000000000, -8.150000000000000355, 2.000000000000000000 ) ) ;
#3402 = CARTESIAN_POINT ( 'NONE',  ( 11.29972752043596884, 9.908024986046154226, 0.5000000000000000000 ) ) ;
#3403 = CARTESIAN_POINT ( 'NONE',  ( 2.149910593940118630, 3.522336954557776068, 7.810617080315424232 ) ) ;
#3404 = CARTESIAN_POINT ( 'NONE',  ( -0.8905591591021546627, 5.650000000000000355, 3.493359377167882585 ) ) ;
#3405 = CARTESIAN_POINT ( 'NONE',  ( 0.5694911479957590617, 1.426781733127102658, 0.5006830334245109260 ) ) ;
#3406 = CARTESIAN_POINT ( 'NONE',  ( -1.579567681601898742E-16, 6.079629788281250669, 4.584765626083942003 ) ) ;
#3407 = ORIENTED_EDGE ( 'NONE', *, *, #6630, .T. ) ;
#3408 = CARTESIAN_POINT ( 'NONE',  ( 1.068517644207731321, 0.9203702117187504417, 5.725781251083940759 ) ) ;
#3409 = CARTESIAN_POINT ( 'NONE',  ( 2.094787632430411328, 3.984193723858798108, 6.250163870235744490 ) ) ;
#3410 = PRODUCT ( 'Connector_Clamp_Back', 'Connector_Clamp_Back', '', ( #7049 ) ) ;
#3411 = ADVANCED_FACE ( 'NONE', ( #4489 ), #5344, .T. ) ;
#3412 = CARTESIAN_POINT ( 'NONE',  ( 1.224350883252749211, 1.732665946086430653, 7.687962083079779241 ) ) ;
#3413 = CARTESIAN_POINT ( 'NONE',  ( 11.00000000000000178, 9.507820771309093644, 0.5000000000000000000 ) ) ;
#3414 = DIRECTION ( 'NONE',  ( 1.000000000000000000, -0.000000000000000000, 0.000000000000000000 ) ) ;
#3415 = CARTESIAN_POINT ( 'NONE',  ( -2.149999999999999467, 2.609440840897844893, 3.691796877167881519 ) ) ;
#3416 = CARTESIAN_POINT ( 'NONE',  ( 0.000000000000000000, 3.500000000000000000, 8.000000000000000000 ) ) ;
#3417 = CARTESIAN_POINT ( 'NONE',  ( -0.8134424412255079062, 5.490193830899691818, 6.469313335384151209 ) ) ;
#3418 = CARTESIAN_POINT ( 'NONE',  ( 2.063343052243500342, 4.104948253099492739, 3.876323672895273020 ) ) ;
#3419 = CARTESIAN_POINT ( 'NONE',  ( -1.824073716244489995, 5.324073716244490662, 3.096484376083942003 ) ) ;
#3420 = CARTESIAN_POINT ( 'NONE',  ( 1.443602774472128925, 1.906189122038079553, 2.941696898687160111 ) ) ;
#3421 = CARTESIAN_POINT ( 'NONE',  ( -1.316495309083404618E-16, 5.650000000000000355, 4.039062500000000888 ) ) ;
#3422 = ORIENTED_EDGE ( 'NONE', *, *, #4056, .T. ) ;
#3423 = ORIENTED_EDGE ( 'NONE', *, *, #3622, .F. ) ;
#3424 = CARTESIAN_POINT ( 'NONE',  ( -1.093961561868007859, 1.648529590998484062, 1.193318284226776216 ) ) ;
#3425 = VERTEX_POINT ( 'NONE', #4709 ) ;
#3426 = CARTESIAN_POINT ( 'NONE',  ( -1.520279579551077287, 5.020279579551076843, 7.511718752167881874 ) ) ;
#3427 = CARTESIAN_POINT ( 'NONE',  ( 2.138101673239276135, 3.273447464732689216, 7.002642715547922947 ) ) ;
#3428 = ADVANCED_FACE ( 'NONE', ( #812 ), #6631, .F. ) ;
#3429 = LINE ( 'NONE', #5626, #3830 ) ;
#3430 = B_SPLINE_CURVE_WITH_KNOTS ( 'NONE', 3,
 ( #405, #4813, #2498, #799, #6322, #368, #5812, #2998, #6402, #6438, #4773, #5201, #1451, #2575, #836, #3076, #6863, #2464 ),
 .UNSPECIFIED., .F., .F.,
 ( 4, 2, 2, 2, 2, 2, 2, 2, 4 ),
 ( 0.000000000000000000, 0.0005789793227786185856, 0.001157958645557237171, 0.001736937968335856841, 0.002315917291114476511, 0.002894896613893095747, 0.003473875936671715417, 0.004052855259450334653, 0.004631834582228954757 ),
 .UNSPECIFIED. ) ;
#3431 = CARTESIAN_POINT ( 'NONE',  ( 1.068517644207727102, 0.9203702117187605447, 1.856250001083948442 ) ) ;
#3432 = CARTESIAN_POINT ( 'NONE',  ( -1.579567681601898742E-16, 6.079629788281250669, 4.485546876083940759 ) ) ;
#3433 = FACE_BOUND ( 'NONE', #516, .T. ) ;
#3434 = CARTESIAN_POINT ( 'NONE',  ( -5.408326913195983465, 1.000000000000000000, 6.000000000000000000 ) ) ;
#3435 = CARTESIAN_POINT ( 'NONE',  ( -2.149965712050658784, 3.514092626656888374, 2.649214025916680981 ) ) ;
#3436 = CARTESIAN_POINT ( 'NONE',  ( -1.694164686544018528, 4.825309482058512955, 3.359413434519083363 ) ) ;
#3437 = CARTESIAN_POINT ( 'NONE',  ( -5.408326913195983465, -1.785846837348918342E-15, 7.000000000000000000 ) ) ;
#3438 = CYLINDRICAL_SURFACE ( 'NONE', #4727, 2.149999999999999911 ) ;
#3439 = LINE ( 'NONE', #1670, #9 ) ;
#3440 = VECTOR ( 'NONE', #4050, 1000.000000000000000 ) ;
#3441 = CARTESIAN_POINT ( 'NONE',  ( 2.007563198444842101, 4.270776952330692211, 1.505587871189343119 ) ) ;
#3442 = LINE ( 'NONE', #5061, #4936 ) ;
#3443 = CARTESIAN_POINT ( 'NONE',  ( -0.3166918541339120985, 1.369273340936963068, 0.4490861224698483589 ) ) ;
#3444 = CARTESIAN_POINT ( 'NONE',  ( 1.824073716244489773, 5.324073716244490662, 2.898046876083942180 ) ) ;
#3445 = VERTEX_POINT ( 'NONE', #307 ) ;
#3446 = VECTOR ( 'NONE', #3328, 1000.000000000000000 ) ;
#3447 = CARTESIAN_POINT ( 'NONE',  ( 1.824073716244489773, 5.324073716244490662, 5.973828126083940759 ) ) ;
#3448 = LINE ( 'NONE', #3556, #4371 ) ;
#3449 = CARTESIAN_POINT ( 'NONE',  ( -1.824073716244489995, 5.324073716244490662, -0.9714843739160594627 ) ) ;
#3450 = CARTESIAN_POINT ( 'NONE',  ( 0.8905591591021542186, 5.650000000000000355, 5.775390627167881874 ) ) ;
#3451 =( BOUNDED_CURVE ( )  B_SPLINE_CURVE ( 2, ( #4360, #1002, #5476, #3312, #3341, #2728, #3816, #2223, #1037 ),
 .UNSPECIFIED., .F., .T. ) 
 B_SPLINE_CURVE_WITH_KNOTS ( ( 3, 2, 2, 2, 3 ),
 ( 0.7540813071324099504, 0.7640033578003122550, 0.7739254793301865165, 0.7838476008600606670, 0.7937697519003330537 ),
 .UNSPECIFIED. ) 
 CURVE ( )  GEOMETRIC_REPRESENTATION_ITEM ( )  RATIONAL_B_SPLINE_CURVE ( ( 0.9999989127309327763, 0.9238800761497029113, 1.000000000000000000, 0.9238795325112867385, 1.000000000000000000, 0.9238795325112867385, 1.000000000000000000, 0.9238795325112867385, 1.000000000000000000 ) ) 
 REPRESENTATION_ITEM ( '' )  );
#3452 = CARTESIAN_POINT ( 'NONE',  ( 0.000000000000000000, -3.700000000000000178, 2.000000000000000000 ) ) ;
#3453 = CARTESIAN_POINT ( 'NONE',  ( 0.8905591591021556619, 1.350000000000000533, 6.271484377167881874 ) ) ;
#3454 = CARTESIAN_POINT ( 'NONE',  ( 1.824073716244490218, 1.675926283755510227, 4.187890626083940582 ) ) ;
#3455 = CARTESIAN_POINT ( 'NONE',  ( -0.2717839557620628788, 5.632905622919321509, 6.435846237204818188 ) ) ;
#3456 = CARTESIAN_POINT ( 'NONE',  ( 1.535719493313473905, 5.004720845075626201, 3.938622350140613015 ) ) ;
#3457 = CARTESIAN_POINT ( 'NONE',  ( -1.068517644207729766, 6.079629788281250669, 3.840625001083942003 ) ) ;
#3458 = CARTESIAN_POINT ( 'NONE',  ( 0.4456015280384134636, 1.396683032442192385, 2.874329229434119171 ) ) ;
#3459 = AXIS2_PLACEMENT_3D ( 'NONE', #4662, #2539, #4204 ) ;
#3460 = CARTESIAN_POINT ( 'NONE',  ( -2.149999999999999467, 2.609440840897844893, 4.287109375000001776 ) ) ;
#3461 = VERTEX_POINT ( 'NONE', #5147 ) ;
#3462 = CARTESIAN_POINT ( 'NONE',  ( -1.861681601000800601, 2.424193171180171191, 1.129080708230857599 ) ) ;
#3463 = ORIENTED_EDGE ( 'NONE', *, *, #6360, .T. ) ;
#3464 = CARTESIAN_POINT ( 'NONE',  ( -0.7216559933587090025, 5.528353655534593791, 0.1133759046617300037 ) ) ;
#3465 = CARTESIAN_POINT ( 'NONE',  ( 2.146594715685223420, 3.360328284514963570, 7.007537180307888747 ) ) ;
#3466 = DIRECTION ( 'NONE',  ( -0.000000000000000000, -0.000000000000000000, -1.000000000000000000 ) ) ;
#3467 = CARTESIAN_POINT ( 'NONE',  ( 1.824073716244483112, 1.675926283755517554, 2.699609376083947687 ) ) ;
#3468 = CARTESIAN_POINT ( 'NONE',  ( -2.579629788281249336, 2.431482355792268013, 3.146093751083940848 ) ) ;
#3469 = CARTESIAN_POINT ( 'NONE',  ( -1.933458968727459037, 2.559323583593014373, 3.501147029264155108 ) ) ;
#3470 = CARTESIAN_POINT ( 'NONE',  ( -0.2838268911384161930, 1.368706542740464549, 2.038461983242690234 ) ) ;
#3471 = CARTESIAN_POINT ( 'NONE',  ( -1.753477058846794057, 4.744324234567256049, 2.571534324620127432 ) ) ;
#3472 = CARTESIAN_POINT ( 'NONE',  ( -0.3697872497515763413, 5.618170587875492394, 3.266600135744649691 ) ) ;
#3473 = CARTESIAN_POINT ( 'NONE',  ( 3.149999999999999911, 16.26240592994944834, 2.000000000000000000 ) ) ;
#3474 = CARTESIAN_POINT ( 'NONE',  ( 1.824073716244490218, 1.675926283755510227, 0.2191406260839412479 ) ) ;
#3475 = DIRECTION ( 'NONE',  ( -0.8004084294741202754, 0.5994550408719343526, 0.000000000000000000 ) ) ;
#3476 = CARTESIAN_POINT ( 'NONE',  ( 1.824073716244489773, 5.324073716244490662, 8.454296876083940759 ) ) ;
#3477 = CARTESIAN_POINT ( 'NONE',  ( 4.000000000000000000, 14.54651426760056765, 0.5000000000000000000 ) ) ;
#3478 = CARTESIAN_POINT ( 'NONE',  ( 0.7096549384448226361, 1.467151884377356552, 0.5094019868750320201 ) ) ;
#3479 = CARTESIAN_POINT ( 'NONE',  ( 1.068517644207729544, 6.079629788281250669, 3.741406251083941648 ) ) ;
#3480 = VERTEX_POINT ( 'NONE', #6874 ) ;
#3481 = CIRCLE ( 'NONE', #4294, 0.5000000000000003331 ) ;
#3482 = CARTESIAN_POINT ( 'NONE',  ( -1.824073716244489995, 5.324073716244490662, 7.759765626083940937 ) ) ;
#3483 = CARTESIAN_POINT ( 'NONE',  ( 0.6682193524868405010, 5.544275743108637577, 6.380648838766243003 ) ) ;
#3484 = CYLINDRICAL_SURFACE ( 'NONE', #4983, 2.149999999999999911 ) ;
#3485 = AXIS2_PLACEMENT_3D ( 'NONE', #1135, #562, #5507 ) ;
#3486 = CARTESIAN_POINT ( 'NONE',  ( -11.00000000000000178, 9.507820771309093644, 0.000000000000000000 ) ) ;
#3487 = CARTESIAN_POINT ( 'NONE',  ( -2.149999999999999911, 4.390559159102155107, 4.386328127167881341 ) ) ;
#3488 = CARTESIAN_POINT ( 'NONE',  ( -2.149999999999999911, 3.500000000000000000, 5.229687502167881696 ) ) ;
#3489 = B_SPLINE_CURVE_WITH_KNOTS ( 'NONE', 3,
 ( #6437, #2641, #4849, #3695, #5455, #4913, #2069, #2707, #2103, #4882, #4270, #4342, #60, #4434, #4543, #26, #3391, #3895, #1255, #4502, #5047, #3322, #1726, #642, #5624, #6168, #2348, #5520, #3355, #1804, #6641, #94, #3862, #3932, #1690, #5552, #3464, #718, #6096, #6605, #2310, #2923, #1148, #609, #1216, #5660, #6753, #6204, #7149, #2812, #1660, #6067, #2848, #131, #6713, #2199, #5586 ),
 .UNSPECIFIED., .F., .F.,
 ( 4, 2, 1, 1, 1, 2, 2, 2, 1, 2, 2, 2, 2, 2, 2, 2, 2, 2, 2, 2, 1, 2, 2, 2, 2, 1, 1, 2, 2, 2, 2, 4 ),
 ( 0.9664840497450101209, 0.9666149714256936365, 0.9667458931063772631, 0.9670077364677442944, 0.9675314231904785789, 0.9685787966359469259, 0.9706735435268837309, 0.9748630373087574519, 0.9759104107542257989, 0.9764340974769600834, 0.9769577841996942569, 0.9780051576451627149, 0.9790525310906310619, 0.9800999045360995199, 0.9803617478974665511, 0.9806235912588336934, 0.9811472779815678669, 0.9832420248725046719, 0.9842893983179730188, 0.9848130850407071923, 0.9853367717634413658, 0.9874315186543781708, 0.9916210124362517808, 0.9921446991589859543, 0.9922101599993277121, 0.9922756208396694699, 0.9924065425203530966, 0.9926683858817202388, 0.9937157593271886968, 0.9958105062181258349, 0.9979052531090628619, 1.000000000000000000 ),
 .UNSPECIFIED. ) ;
#3490 = CARTESIAN_POINT ( 'NONE',  ( 1.068517644207729322, 6.079629788281250669, 3.642187501083940848 ) ) ;
#3491 = EDGE_CURVE ( 'NONE', #1092, #2099, #4136, .T. ) ;
#3492 = CARTESIAN_POINT ( 'NONE',  ( -0.6739061683610262365, 5.542445643438759895, 6.460341803424788587 ) ) ;
#3493 = CARTESIAN_POINT ( 'NONE',  ( -0.6688680342024156955, 1.453587628261996834, 5.983766865400338197 ) ) ;
#3494 = EDGE_CURVE ( 'NONE', #5800, #3640, #4640, .T. ) ;
#3495 = CARTESIAN_POINT ( 'NONE',  ( 1.824073716244490218, 1.675926283755510227, 4.287109376083941825 ) ) ;
#3496 = CARTESIAN_POINT ( 'NONE',  ( 0.6041713040216779573, 1.436328008755330954, 2.884375631841560317 ) ) ;
#3497 = VECTOR ( 'NONE', #4390, 1000.000000000000000 ) ;
#3498 = CARTESIAN_POINT ( 'NONE',  ( 1.520279579551077065, 5.020279579551076843, -0.02890624999999855116 ) ) ;
#3499 = CARTESIAN_POINT ( 'NONE',  ( -1.876661398358890454, 2.450834926810204539, 1.127251570305969564 ) ) ;
#3500 = ORIENTED_EDGE ( 'NONE', *, *, #6065, .F. ) ;
#3501 = AXIS2_PLACEMENT_3D ( 'NONE', #7038, #282, #6966 ) ;
#3502 = CARTESIAN_POINT ( 'NONE',  ( -2.149999999999999911, 3.500000000000000000, 8.000000000000000000 ) ) ;
#3503 = CARTESIAN_POINT ( 'NONE',  ( -1.498027939986627199, 1.957473222676874736, 6.719726015478761916 ) ) ;
#3504 = EDGE_CURVE ( 'NONE', #3373, #714, #3225, .T. ) ;
#3505 = CARTESIAN_POINT ( 'NONE',  ( -1.824073716244482890, 5.324073716244483556, 0.7152343760839480202 ) ) ;
#3506 = CARTESIAN_POINT ( 'NONE',  ( 4.738703044805694992E-16, 0.9203702117187499976, 3.294921876083940937 ) ) ;
#3507 = CARTESIAN_POINT ( 'NONE',  ( 0.9889851090157093516, 1.588641673623951034, 3.702822036231932401 ) ) ;
#3508 = DIRECTION ( 'NONE',  ( 0.000000000000000000, 1.000000000000000000, 0.000000000000000000 ) ) ;
#3509 = CARTESIAN_POINT ( 'NONE',  ( -0.6906048908206250392, 5.536871011448506685, 2.492650075104828833 ) ) ;
#3510 = EDGE_CURVE ( 'NONE', #1613, #5822, #5647, .T. ) ;
#3511 = CARTESIAN_POINT ( 'NONE',  ( 2.086787967435589142, 4.052565346606097130, 3.079337658198713079 ) ) ;
#3512 = DIRECTION ( 'NONE',  ( 0.000000000000000000, 1.000000000000000000, 0.000000000000000000 ) ) ;
#3513 = EDGE_CURVE ( 'NONE', #6934, #3670, #6721, .T. ) ;
#3514 = CARTESIAN_POINT ( 'NONE',  ( -13.29999999999999893, -8.150000000000000355, 2.000000000000000000 ) ) ;
#3515 = CARTESIAN_POINT ( 'NONE',  ( -1.418518147818457420, 1.878298839721732394, 4.344676673686167945 ) ) ;
#3516 = CARTESIAN_POINT ( 'NONE',  ( -1.824073716244489995, 5.324073716244490662, 7.858984376083941292 ) ) ;
#3517 = DIRECTION ( 'NONE',  ( 0.000000000000000000, 0.000000000000000000, -1.000000000000000000 ) ) ;
#3518 = DIRECTION ( 'NONE',  ( 1.000000000000000000, 0.000000000000000000, 0.000000000000000000 ) ) ;
#3519 = CARTESIAN_POINT ( 'NONE',  ( -1.765217741324391243, 4.727421673451972950, 5.747755519988877460 ) ) ;
#3520 = CARTESIAN_POINT ( 'NONE',  ( -1.824073716244489329, 1.675926283755509782, 4.882421876083942180 ) ) ;
#3521 = ORIENTED_EDGE ( 'NONE', *, *, #3604, .F. ) ;
#3522 = CARTESIAN_POINT ( 'NONE',  ( 1.824073716244490218, 1.675926283755510227, 6.569140626083941115 ) ) ;
#3523 = CARTESIAN_POINT ( 'NONE',  ( 2.019999825380312419, 4.239691210410124533, 6.266469965497916128 ) ) ;
#3524 = AXIS2_PLACEMENT_3D ( 'NONE', #1491, #4343, #1595 ) ;
#3525 = EDGE_CURVE ( 'NONE', #581, #5453, #1539, .T. ) ;
#3526 = CARTESIAN_POINT ( 'NONE',  ( -1.618331193199774365, 2.084442671662829927, 7.503520194879326866 ) ) ;
#3527 = CARTESIAN_POINT ( 'NONE',  ( 13.00000000000000000, -3.700000000000000622, 0.5000000000000000000 ) ) ;
#3528 = EDGE_CURVE ( 'NONE', #673, #5516, #5979, .T. ) ;
#3529 = DIRECTION ( 'NONE',  ( 0.000000000000000000, 0.000000000000000000, -1.000000000000000000 ) ) ;
#3530 = CARTESIAN_POINT ( 'NONE',  ( -2.149999999999999467, 2.609440840897844893, 0.5167968771678816964 ) ) ;
#3531 = CARTESIAN_POINT ( 'NONE',  ( -2.579629788281249780, 2.431482355792268013, 5.527343751083940049 ) ) ;
#3532 = CARTESIAN_POINT ( 'NONE',  ( -1.942919892662196890, 4.420983535555514266, 6.562662469980883984 ) ) ;
#3533 = CARTESIAN_POINT ( 'NONE',  ( 1.030920348213588245, 1.604646199533398709, 6.086581944099021868 ) ) ;
#3534 = CARTESIAN_POINT ( 'NONE',  ( 4.738703044805694992E-16, 0.9203702117187499976, -0.5746093739160580416 ) ) ;
#3535 = CARTESIAN_POINT ( 'NONE',  ( -21.50000000000000000, -9.000000000000000000, 2.000000000000000000 ) ) ;
#3536 = CARTESIAN_POINT ( 'NONE',  ( 2.149999999999999911, 3.500000000000000444, -0.1281249999999980460 ) ) ;
#3537 = CARTESIAN_POINT ( 'NONE',  ( -3.999999999999998224, 14.54651426760056765, 0.5000000000000000000 ) ) ;
#3538 = ORIENTED_EDGE ( 'NONE', *, *, #3055, .T. ) ;
#3539 = CARTESIAN_POINT ( 'NONE',  ( -0.8905591591021546627, 5.650000000000000355, 6.668359377167880631 ) ) ;
#3540 = CARTESIAN_POINT ( 'NONE',  ( -1.106155847441411932, 1.656382491643862531, 6.748498643629522675 ) ) ;
#3541 = FACE_BOUND ( 'NONE', #2781, .T. ) ;
#3542 = CARTESIAN_POINT ( 'NONE',  ( 1.068517644207729544, 6.079629788281250669, 2.848437501083941115 ) ) ;
#3543 = CARTESIAN_POINT ( 'NONE',  ( -2.142039514974812153, 3.307642024179176410, 3.454728309534131458 ) ) ;
#3544 = CARTESIAN_POINT ( 'NONE',  ( -0.8724149997823156255, 1.534914413137409062, 2.001821679705604318 ) ) ;
#3545 = CARTESIAN_POINT ( 'NONE',  ( -1.053057603421782007, 5.388088910829993416, 2.516258441656676226 ) ) ;
#3546 = CARTESIAN_POINT ( 'NONE',  ( 6.299999999999998934, -8.150000000000000355, 2.000000000000000000 ) ) ;
#3547 = FACE_BOUND ( 'NONE', #403, .T. ) ;
#3548 = LINE ( 'NONE', #5740, #1068 ) ;
#3549 = CARTESIAN_POINT ( 'NONE',  ( -1.520279579551076843, 1.979720420448922491, 2.947656252167881075 ) ) ;
#3550 = CARTESIAN_POINT ( 'NONE',  ( 12.00000000000000178, 9.507820771309093644, 2.000000000000000000 ) ) ;
#3551 = CARTESIAN_POINT ( 'NONE',  ( -2.149965597666879447, 3.514116774218510209, 5.824212954726300850 ) ) ;
#3552 = CARTESIAN_POINT ( 'NONE',  ( -1.824073716244489995, 5.324073716244490662, 0.7152343760839421360 ) ) ;
#3553 = EDGE_LOOP ( 'NONE', ( #6316, #4003, #2684, #3979 ) ) ;
#3554 = EDGE_CURVE ( 'NONE', #1478, #21, #727, .T. ) ;
#3555 = CARTESIAN_POINT ( 'NONE',  ( -3.000000000000002665, -8.150000000000000355, 2.000000000000000000 ) ) ;
#3556 = CARTESIAN_POINT ( 'NONE',  ( 2.149999999999999911, 3.500000000000000444, 8.000000000000000000 ) ) ;
#3557 = CARTESIAN_POINT ( 'NONE',  ( -0.4700046110923901677, 1.400299206107722627, 7.583612175284498491 ) ) ;
#3558 = CARTESIAN_POINT ( 'NONE',  ( -10.00000000000000000, -8.150000000000000355, 0.000000000000000000 ) ) ;
#3559 = CARTESIAN_POINT ( 'NONE',  ( -1.636805783976979622, 4.900033173037168233, 7.322832348298570437 ) ) ;
#3560 = CARTESIAN_POINT ( 'NONE',  ( 1.520279579551077509, 1.979720420448922935, 2.352343752167881608 ) ) ;
#3561 = ORIENTED_EDGE ( 'NONE', *, *, #2027, .T. ) ;
#3562 = ORIENTED_EDGE ( 'NONE', *, *, #6116, .F. ) ;
#3563 = EDGE_CURVE ( 'NONE', #4260, #7110, #4881, .T. ) ;
#3564 = CARTESIAN_POINT ( 'NONE',  ( 1.824073716244490218, 1.675926283755510227, 5.775390626083940937 ) ) ;
#3565 =( BOUNDED_CURVE ( )  B_SPLINE_CURVE ( 2, ( #336, #6866, #3588, #3627, #5676, #185, #3549, #2467, #298 ),
 .UNSPECIFIED., .F., .F. ) 
 B_SPLINE_CURVE_WITH_KNOTS ( ( 3, 2, 2, 2, 3 ),
 ( 0.5159503378362744197, 0.5258724410833318652, 0.5357945626132062378, 0.5457166841430803883, 0.5556388097258171399 ),
 .UNSPECIFIED. ) 
 CURVE ( )  GEOMETRIC_REPRESENTATION_ITEM ( )  RATIONAL_B_SPLINE_CURVE ( ( 1.000000000000000000, 0.9238795325112867385, 1.000000000000000000, 0.9238795325112867385, 1.000000000000000000, 0.9238795325112867385, 1.000000000000000000, 0.9238795325112867385, 1.000000000000000000 ) ) 
 REPRESENTATION_ITEM ( '' )  );
#3566 = CARTESIAN_POINT ( 'NONE',  ( 1.824073716244489773, 5.324073716244490662, 3.592578126083941115 ) ) ;
#3567 = CARTESIAN_POINT ( 'NONE',  ( -1.684657001355282402, 2.164062337003119119, 5.910046672800012502 ) ) ;
#3568 = CARTESIAN_POINT ( 'NONE',  ( 2.579629788281250669, 2.431482355792271122, 1.161718751083942625 ) ) ;
#3569 = CARTESIAN_POINT ( 'NONE',  ( 2.579629788281249780, 4.568517644207729766, 2.749218751083940759 ) ) ;
#3570 = CARTESIAN_POINT ( 'NONE',  ( 2.149999999999999911, 4.390559159102155995, 1.508984375000001155 ) ) ;
#3571 = CARTESIAN_POINT ( 'NONE',  ( -2.148291538792369781, 3.349637456969969396, 1.071047629213389252 ) ) ;
#3572 = ADVANCED_FACE ( 'NONE', ( #3088 ), #1030, .F. ) ;
#3573 = VERTEX_POINT ( 'NONE', #4787 ) ;
#3574 = CARTESIAN_POINT ( 'NONE',  ( -2.147714225515120479, 3.607577046855462655, 5.025200999836652471 ) ) ;
#3575 = CARTESIAN_POINT ( 'NONE',  ( -0.1507557531344630997, 1.355104461834405027, 6.808600193243102616 ) ) ;
#3576 = CIRCLE ( 'NONE', #6227, 0.5000000000000008882 ) ;
#3577 = CARTESIAN_POINT ( 'NONE',  ( 1.068517644207729544, 6.079629788281250669, 4.435937501083940582 ) ) ;
#3578 = ORIENTED_EDGE ( 'NONE', *, *, #1235, .F. ) ;
#3579 = CARTESIAN_POINT ( 'NONE',  ( -0.6196858854625313384, 1.440554351564935054, 3.605577940786826030 ) ) ;
#3580 = CARTESIAN_POINT ( 'NONE',  ( -0.6065955826076443458, 1.428808587048451040, 2.019047006833523561 ) ) ;
#3581 = EDGE_LOOP ( 'NONE', ( #6748, #4467, #979, #465 ) ) ;
#3582 = AXIS2_PLACEMENT_3D ( 'NONE', #6572, #1630, #406 ) ;
#3583 = CARTESIAN_POINT ( 'NONE',  ( 1.604882676403239561, 4.930688223450684582, 3.139150783705615400 ) ) ;
#3584 = DIRECTION ( 'NONE',  ( 0.000000000000000000, 0.000000000000000000, -1.000000000000000000 ) ) ;
#3585 = CARTESIAN_POINT ( 'NONE',  ( -11.99999999999999822, -2.700000000000000622, 0.2807247365645375026 ) ) ;
#3586 = CARTESIAN_POINT ( 'NONE',  ( -1.980526162101101439, 2.662773786547893096, 4.288041496489557680 ) ) ;
#3587 = EDGE_CURVE ( 'NONE', #7006, #2843, #959, .T. ) ;
#3588 = CARTESIAN_POINT ( 'NONE',  ( 1.520279579551077509, 1.979720420448922935, 3.146093752167881785 ) ) ;
#3589 = CARTESIAN_POINT ( 'NONE',  ( -1.743094745751461616, 4.758773634859356783, 5.745530068167375326 ) ) ;
#3590 = CARTESIAN_POINT ( 'NONE',  ( -1.068517644207729766, 6.079629788281250669, 2.253125001083942092 ) ) ;
#3591 = ORIENTED_EDGE ( 'NONE', *, *, #3278, .T. ) ;
#3592 = DIRECTION ( 'NONE',  ( 0.000000000000000000, 0.000000000000000000, -1.000000000000000000 ) ) ;
#3593 = CARTESIAN_POINT ( 'NONE',  ( -0.5287034953697058448, 5.588890885242385309, 0.8953799400443862577 ) ) ;
#3594 = CARTESIAN_POINT ( 'NONE',  ( -1.548384929564045276, 2.007955190797449330, 7.509338528016411551 ) ) ;
#3595 = CARTESIAN_POINT ( 'NONE',  ( 12.02892904684878417, -3.671070953151286620, 0.6014689832108098821 ) ) ;
#3596 = CARTESIAN_POINT ( 'NONE',  ( -2.082845934381610586, 4.039683468398763466, 7.380885621202224911 ) ) ;
#3597 = ADVANCED_FACE ( 'NONE', ( #3743 ), #922, .F. ) ;
#3598 = CARTESIAN_POINT ( 'NONE',  ( 2.149999999999999911, 3.500000000000000444, 2.451562502167881075 ) ) ;
#3599 = VERTEX_POINT ( 'NONE', #6520 ) ;
#3600 = ORIENTED_EDGE ( 'NONE', *, *, #5863, .T. ) ;
#3601 = AXIS2_PLACEMENT_3D ( 'NONE', #1064, #4860, #3264 ) ;
#3602 = CARTESIAN_POINT ( 'NONE',  ( 2.579629788281249780, 4.568517644207729766, 5.924218751083938805 ) ) ;
#3603 = CARTESIAN_POINT ( 'NONE',  ( 2.579629788281249780, 4.568517644207729766, 4.336718751083941115 ) ) ;
#3604 = EDGE_CURVE ( 'NONE', #1732, #1859, #4689, .T. ) ;
#3605 = CARTESIAN_POINT ( 'NONE',  ( 1.554610047762291947, 2.014825779572881004, 6.125406388673466651 ) ) ;
#3606 = CARTESIAN_POINT ( 'NONE',  ( 1.650000000000000577, 13.50000000000000000, 2.000000000000000000 ) ) ;
#3607 = CARTESIAN_POINT ( 'NONE',  ( 4.738703044805694992E-16, 0.9203702117187499976, 1.012890626083942314 ) ) ;
#3608 = CARTESIAN_POINT ( 'NONE',  ( -2.579629788281249780, 4.568517644207729766, 1.459375001083941026 ) ) ;
#3609 = CARTESIAN_POINT ( 'NONE',  ( 1.520279579551077065, 5.020279579551076843, 1.558593750000000888 ) ) ;
#3610 = FACE_OUTER_BOUND ( 'NONE', #3352, .T. ) ;
#3611 = CARTESIAN_POINT ( 'NONE',  ( -1.647757918425735602, 4.881954125271391831, 4.942807564865032255 ) ) ;
#3612 = CARTESIAN_POINT ( 'NONE',  ( 1.130314270463514292, 1.668482906161782520, 6.887508785949640888 ) ) ;
#3613 = AXIS2_PLACEMENT_3D ( 'NONE', #2754, #1607, #3806 ) ;
#3614 = DIRECTION ( 'NONE',  ( -0.000000000000000000, 0.000000000000000000, 1.000000000000000000 ) ) ;
#3615 = EDGE_LOOP ( 'NONE', ( #6625, #2164, #548, #2058 ) ) ;
#3616 = ORIENTED_EDGE ( 'NONE', *, *, #25, .T. ) ;
#3617 = CARTESIAN_POINT ( 'NONE',  ( -0.3853087042699442355, 1.384350799197115345, 3.619990328278705150 ) ) ;
#3618 = CARTESIAN_POINT ( 'NONE',  ( -1.715671411966664062, 2.204247689440892000, 1.938458427289608821 ) ) ;
#3619 = CARTESIAN_POINT ( 'NONE',  ( 1.209951950635781204, 5.277228534456820164, 2.375560466695915363 ) ) ;
#3620 = AXIS2_PLACEMENT_3D ( 'NONE', #7032, #1472, #5372 ) ;
#3621 = AXIS2_PLACEMENT_3D ( 'NONE', #5713, #1890, #3004 ) ;
#3622 = EDGE_CURVE ( 'NONE', #21, #1478, #6604, .T. ) ;
#3623 = DIRECTION ( 'NONE',  ( 0.000000000000000000, 0.000000000000000000, -1.000000000000000000 ) ) ;
#3624 = CARTESIAN_POINT ( 'NONE',  ( 11.00000000000000178, 9.507820771309093644, 0.000000000000000000 ) ) ;
#3625 = DIRECTION ( 'NONE',  ( 0.000000000000000000, 0.000000000000000000, -1.000000000000000000 ) ) ;
#3626 = CARTESIAN_POINT ( 'NONE',  ( -1.969020144826271412, 2.636163757754926174, 4.289785916986813774 ) ) ;
#3627 = CARTESIAN_POINT ( 'NONE',  ( 0.8905591591021556619, 1.350000000000000533, 3.096484377167881163 ) ) ;
#3628 = CIRCLE ( 'NONE', #1430, 1.658578643762693261 ) ;
#3629 = DIRECTION ( 'NONE',  ( -0.000000000000000000, -0.000000000000000000, -1.000000000000000000 ) ) ;
#3630 = LINE ( 'NONE', #2433, #6728 ) ;
#3631 = CARTESIAN_POINT ( 'NONE',  ( 1.824073716244489773, 5.324073716244490662, 2.104296876083942003 ) ) ;
#3632 = ORIENTED_EDGE ( 'NONE', *, *, #5916, .T. ) ;
#3633 = CARTESIAN_POINT ( 'NONE',  ( -0.5727158104465004396, 1.427657877657505292, 2.814741783388081231 ) ) ;
#3634 = CARTESIAN_POINT ( 'NONE',  ( -1.257127377476545904, 5.244338458879724385, 0.9434177176132310105 ) ) ;
#3635 = CARTESIAN_POINT ( 'NONE',  ( 0.5075833245048920750, 1.409296911175903722, 7.640594876880186348 ) ) ;
#3636 = CARTESIAN_POINT ( 'NONE',  ( 1.163963913518269333, 5.307704202956914585, 7.935031665938357293 ) ) ;
#3637 = CARTESIAN_POINT ( 'NONE',  ( -1.364884352941506451, 5.162291399738912823, 7.301191044589728563 ) ) ;
#3638 = CARTESIAN_POINT ( 'NONE',  ( -2.149999999999999467, 2.609440840897844893, 2.898046877167881341 ) ) ;
#3639 = ORIENTED_EDGE ( 'NONE', *, *, #5313, .F. ) ;
#3640 = VERTEX_POINT ( 'NONE', #3235 ) ;
#3641 = EDGE_CURVE ( 'NONE', #5519, #127, #5435, .T. ) ;
#3642 = CARTESIAN_POINT ( 'NONE',  ( -2.579629788281249780, 2.431482355792268013, 1.558593751083941159 ) ) ;
#3643 = CARTESIAN_POINT ( 'NONE',  ( -1.068517644207730211, 0.9203702117187504417, 4.039062501083940049 ) ) ;
#3644 = CARTESIAN_POINT ( 'NONE',  ( -0.8705726845551390314, 1.534078868347316105, 5.970693111380538376 ) ) ;
#3645 = CARTESIAN_POINT ( 'NONE',  ( -3.000000000000002665, -8.150000000000000355, 2.000000000000000000 ) ) ;
#3646 = CARTESIAN_POINT ( 'NONE',  ( -1.068517644207729766, 6.079629788281250669, 1.459375001083941692 ) ) ;
#3647 = CARTESIAN_POINT ( 'NONE',  ( 1.068517644207729544, 6.079629788281250669, -0.3265624989160585967 ) ) ;
#3648 = CARTESIAN_POINT ( 'NONE',  ( -1.068517644207729766, 6.079629788281250669, 7.015625001083940937 ) ) ;
#3649 = CARTESIAN_POINT ( 'NONE',  ( -1.579567681601898742E-16, 6.079629788281250669, 7.660546876083940582 ) ) ;
#3650 = ORIENTED_EDGE ( 'NONE', *, *, #1466, .F. ) ;
#3651 = CARTESIAN_POINT ( 'NONE',  ( -2.079896732235065659, 4.044772240373807115, 4.999285900666656346 ) ) ;
#3652 = CARTESIAN_POINT ( 'NONE',  ( -1.142602945724009444, 1.678279528506126939, 6.745963389873011806 ) ) ;
#3653 = CARTESIAN_POINT ( 'NONE',  ( -4.754299754299752934, 13.57716841122997664, 2.000000000000000000 ) ) ;
#3654 = CARTESIAN_POINT ( 'NONE',  ( 1.824073716244483112, 1.675926283755517554, 0.3183593760839483200 ) ) ;
#3655 = ORIENTED_EDGE ( 'NONE', *, *, #2336, .T. ) ;
#3656 = ORIENTED_EDGE ( 'NONE', *, *, #1487, .T. ) ;
#3657 = CARTESIAN_POINT ( 'NONE',  ( -2.150000003680093918, 3.496398414047341863, 3.443950629995681911 ) ) ;
#3658 = CARTESIAN_POINT ( 'NONE',  ( -0.3888409839075384622, 1.385451313954182417, 2.032208754493908476 ) ) ;
#3659 = CARTESIAN_POINT ( 'NONE',  ( 1.229762727784492249, 5.263580046117494859, 2.374145348791646626 ) ) ;
#3660 = EDGE_CURVE ( 'NONE', #3308, #4519, #2495, .T. ) ;
#3661 = CARTESIAN_POINT ( 'NONE',  ( 2.068175858262836453, 2.912163918002454555, 5.393491245931529399 ) ) ;
#3662 = CARTESIAN_POINT ( 'NONE',  ( -2.311561636534597675, 2.342671322540602397, 8.000000000000005329 ) ) ;
#3663 = CARTESIAN_POINT ( 'NONE',  ( 2.999999999999998668, -8.150000000000000355, 0.000000000000000000 ) ) ;
#3664 = CARTESIAN_POINT ( 'NONE',  ( -0.4289389381793777267, 1.389179069627007213, 4.410888277231312493 ) ) ;
#3665 = CARTESIAN_POINT ( 'NONE',  ( -2.149999999979426146, 3.500009405804979323, 5.229687080669355836 ) ) ;
#3666 = CARTESIAN_POINT ( 'NONE',  ( -2.149999999979426146, 3.500009405804979323, 5.229687080669355836 ) ) ;
#3667 = CARTESIAN_POINT ( 'NONE',  ( -2.100808290776551512, 3.963315674648234310, 5.798045140200025038 ) ) ;
#3668 = CARTESIAN_POINT ( 'NONE',  ( 1.068517644207729544, 6.079629788281250669, -0.2273437489160572700 ) ) ;
#3669 = EDGE_CURVE ( 'NONE', #4357, #4970, #2661, .T. ) ;
#3670 = VERTEX_POINT ( 'NONE', #5307 ) ;
#3671 = EDGE_CURVE ( 'NONE', #4119, #5963, #6393, .T. ) ;
#3672 = CARTESIAN_POINT ( 'NONE',  ( 15.84999999999999964, -7.500000000000000000, 0.000000000000000000 ) ) ;
#3673 = CARTESIAN_POINT ( 'NONE',  ( -1.201096545052044107, 5.283224618634396741, 0.9394326355042537102 ) ) ;
#3674 = CARTESIAN_POINT ( 'NONE',  ( 0.6701360174428609984, 1.456509676121248154, 7.650727710570316198 ) ) ;
#3675 = CARTESIAN_POINT ( 'NONE',  ( 1.502153661786232552, 5.038363762316671490, 7.910049905877184706 ) ) ;
#3676 = CARTESIAN_POINT ( 'NONE',  ( -2.141426997759808160, 3.742849199160005025, 7.398750259511725602 ) ) ;
#3677 = CARTESIAN_POINT ( 'NONE',  ( 2.150000000000000355, 2.609440840897845781, 1.608203127167881608 ) ) ;
#3678 = ORIENTED_EDGE ( 'NONE', *, *, #3871, .F. ) ;
#3679 = CARTESIAN_POINT ( 'NONE',  ( 2.579629788281250224, 3.500000000000000444, 3.493359376083940759 ) ) ;
#3680 = CARTESIAN_POINT ( 'NONE',  ( -2.579629788281249780, 4.568517644207729766, 3.046875001083940493 ) ) ;
#3681 = LINE ( 'NONE', #2089, #4646 ) ;
#3682 = DIRECTION ( 'NONE',  ( -0.000000000000000000, 0.000000000000000000, 1.000000000000000000 ) ) ;
#3683 = CARTESIAN_POINT ( 'NONE',  ( -1.824073716244489995, 5.324073716244490662, 2.203515626083940582 ) ) ;
#3684 = CARTESIAN_POINT ( 'NONE',  ( 1.520279579551077065, 5.020279579551076843, -0.8226562499999978684 ) ) ;
#3685 = CARTESIAN_POINT ( 'NONE',  ( -1.579567681601898742E-16, 6.079629788281250669, 8.454296876083938983 ) ) ;
#3686 = ORIENTED_EDGE ( 'NONE', *, *, #3055, .F. ) ;
#3687 = CARTESIAN_POINT ( 'NONE',  ( 1.905121942451086792, 4.498152913763012073, 4.695630352547003561 ) ) ;
#3688 = CARTESIAN_POINT ( 'NONE',  ( -0.5029922088486202814, 5.593138818739191720, 4.068408749397352864 ) ) ;
#3689 = CARTESIAN_POINT ( 'NONE',  ( 1.255873133296253163, 5.248204149432011079, 1.578876374720978637 ) ) ;
#3690 = CARTESIAN_POINT ( 'NONE',  ( 2.150000000000000355, 2.609440840897845781, 6.172265625000002309 ) ) ;
#3691 = ORIENTED_EDGE ( 'NONE', *, *, #206, .F. ) ;
#3692 = VERTEX_POINT ( 'NONE', #3142 ) ;
#3693 = CARTESIAN_POINT ( 'NONE',  ( -2.148333621881313604, 3.412239705275447399, 3.448702681112779445 ) ) ;
#3694 = CARTESIAN_POINT ( 'NONE',  ( 1.919299558135990402, 4.469137911377860206, 2.312435003995819471 ) ) ;
#3695 = CARTESIAN_POINT ( 'NONE',  ( -2.149895439659055718, 3.521904120055424414, 0.2675273422220271202 ) ) ;
#3696 = CARTESIAN_POINT ( 'NONE',  ( -17.50000000000000355, -7.500000000000000000, 2.000000000000000000 ) ) ;
#3697 = LINE ( 'NONE', #5775, #692 ) ;
#3698 = CARTESIAN_POINT ( 'NONE',  ( 2.149999999999824940, 3.499999394531280839, 7.809363800342123518 ) ) ;
#3699 = CARTESIAN_POINT ( 'NONE',  ( 2.999999999999998668, -8.150000000000000355, 2.000000000000000000 ) ) ;
#3700 = CARTESIAN_POINT ( 'NONE',  ( -1.068517644207725548, 6.079629788281240010, 6.221875001083948753 ) ) ;
#3701 = CARTESIAN_POINT ( 'NONE',  ( 1.461261366290969255, 5.077162542051072869, 5.531944068365260314 ) ) ;
#3702 = CARTESIAN_POINT ( 'NONE',  ( -1.068517644207730211, 0.9203702117187504417, 0.1695312510839423470 ) ) ;
#3703 = AXIS2_PLACEMENT_3D ( 'NONE', #3401, #3983, #1306 ) ;
#3704 = ORIENTED_EDGE ( 'NONE', *, *, #3321, .F. ) ;
#3705 = DIRECTION ( 'NONE',  ( 0.000000000000000000, 0.000000000000000000, -1.000000000000000000 ) ) ;
#3706 = DIRECTION ( 'NONE',  ( 0.000000000000000000, 0.000000000000000000, 1.000000000000000000 ) ) ;
#3707 = DIRECTION ( 'NONE',  ( 0.000000000000000000, 0.000000000000000000, 1.000000000000000000 ) ) ;
#3708 = CARTESIAN_POINT ( 'NONE',  ( 0.000000000000000000, 3.500000000000000000, 8.000000000000000000 ) ) ;
#3709 = AXIS2_PLACEMENT_3D ( 'NONE', #4243, #3705, #5904 ) ;
#3710 = CARTESIAN_POINT ( 'NONE',  ( -1.520279579551076843, 1.979720420448922491, 1.360156252167881608 ) ) ;
#3711 = CARTESIAN_POINT ( 'NONE',  ( 1.520279579551077065, 5.020279579551076843, -1.417968747832117682 ) ) ;
#3712 = ORIENTED_EDGE ( 'NONE', *, *, #7102, .T. ) ;
#3713 = CARTESIAN_POINT ( 'NONE',  ( -2.579629788281249780, 4.568517644207729766, 1.459375001083941026 ) ) ;
#3714 = CARTESIAN_POINT ( 'NONE',  ( 4.738703044805694992E-16, 0.9203702117187499976, 4.088671876083941115 ) ) ;
#3715 = CARTESIAN_POINT ( 'NONE',  ( -1.965866199621496113, 2.629322778950492712, 5.877749878718662835 ) ) ;
#3716 = CARTESIAN_POINT ( 'NONE',  ( -11.69434525668440017, -3.616964229948061771, 0.03623624553334843512 ) ) ;
#3717 = CARTESIAN_POINT ( 'NONE',  ( -1.068517644207729766, 6.079629788281250669, 0.5664062510839402709 ) ) ;
#3718 = CARTESIAN_POINT ( 'NONE',  ( 1.068517644207729544, 6.079629788281250669, 8.503906251083941825 ) ) ;
#3719 = CARTESIAN_POINT ( 'NONE',  ( 4.738703044805694992E-16, 0.9203702117187499976, 7.263671876083940937 ) ) ;
#3720 = AXIS2_PLACEMENT_3D ( 'NONE', #96, #3974, #3897 ) ;
#3721 = CARTESIAN_POINT ( 'NONE',  ( 1.784055899515369026, 4.699853118721894596, 4.709666442769075978 ) ) ;
#3722 = EDGE_CURVE ( 'NONE', #5471, #5417, #3266, .T. ) ;
#3723 = CARTESIAN_POINT ( 'NONE',  ( -0.3319817627612330901, 5.624232357280323669, 4.058150396585882724 ) ) ;
#3724 = CARTESIAN_POINT ( 'NONE',  ( 1.068517644207729544, 6.079629788281250669, 5.328906251083942003 ) ) ;
#3725 = AXIS2_PLACEMENT_3D ( 'NONE', #4719, #3466, #1434 ) ;
#3726 = CARTESIAN_POINT ( 'NONE',  ( 3.949485927250213853E-16, 1.350000000000000089, 6.023437500000000888 ) ) ;
#3727 = EDGE_LOOP ( 'NONE', ( #3249, #3704, #3928, #4941 ) ) ;
#3728 = VERTEX_POINT ( 'NONE', #1230 ) ;
#3729 = CARTESIAN_POINT ( 'NONE',  ( -2.135082627065670646, 4.804601990746696139, 1.172471406608000464E-14 ) ) ;
#3730 = CARTESIAN_POINT ( 'NONE',  ( 0.4591269214875673965, 5.602324554350162522, 2.424905831396714895 ) ) ;
#3731 = AXIS2_PLACEMENT_3D ( 'NONE', #1778, #3985, #6182 ) ;
#3732 = ADVANCED_FACE ( 'NONE', ( #5637 ), #172, .T. ) ;
#3733 = CARTESIAN_POINT ( 'NONE',  ( -0.2193805485462272387, 1.361051364672409392, 5.217309057845019638 ) ) ;
#3734 = CARTESIAN_POINT ( 'NONE',  ( 11.59945504087193591, 10.30822920078321481, 0.5000000000000000000 ) ) ;
#3735 = FACE_OUTER_BOUND ( 'NONE', #6752, .T. ) ;
#3736 = CARTESIAN_POINT ( 'NONE',  ( 1.068517644207725326, 6.079629788281240010, 7.710156251083947865 ) ) ;
#3737 = CARTESIAN_POINT ( 'NONE',  ( -1.157457038918074721, 5.313282426477163867, 5.698800569521926818 ) ) ;
#3738 = VECTOR ( 'NONE', #4756, 1000.000000000000000 ) ;
#3739 = ORIENTED_EDGE ( 'NONE', *, *, #2357, .F. ) ;
#3740 = DIRECTION ( 'NONE',  ( 0.000000000000000000, 0.000000000000000000, -1.000000000000000000 ) ) ;
#3741 = CARTESIAN_POINT ( 'NONE',  ( -1.353213974284201315, 5.171866710609364759, 0.9503601941230197525 ) ) ;
#3742 = DIRECTION ( 'NONE',  ( 0.000000000000000000, -1.000000000000000000, 0.000000000000000000 ) ) ;
#3743 = FACE_OUTER_BOUND ( 'NONE', #5862, .T. ) ;
#3744 = LINE ( 'NONE', #6521, #2409 ) ;
#3745 = CARTESIAN_POINT ( 'NONE',  ( 2.008166163137301563, 2.726491989057730159, 0.6192697288514268372 ) ) ;
#3746 = ORIENTED_EDGE ( 'NONE', *, *, #4484, .T. ) ;
#3747 = EDGE_CURVE ( 'NONE', #659, #1282, #3149, .T. ) ;
#3748 = CARTESIAN_POINT ( 'NONE',  ( -1.824073716244489995, 5.324073716244490662, -0.1777343739160583969 ) ) ;
#3749 = LINE ( 'NONE', #4866, #6262 ) ;
#3750 = DIRECTION ( 'NONE',  ( 1.000000000000000000, 0.000000000000000000, 0.000000000000000000 ) ) ;
#3751 = CARTESIAN_POINT ( 'NONE',  ( 1.520279579551077509, 1.979720420448922935, 7.908593752167882407 ) ) ;
#3752 = B_SPLINE_CURVE_WITH_KNOTS ( 'NONE', 3,
 ( #579, #1809, #4439, #6645, #3360, #5557, #1090, #4472, #3295, #6682, #1730, #5524, #3936, #1664, #5493, #546, #3868, #6070, #2993, #4120, #6354, #4657, #2389, #250, #6859, #1912, #1300, #4156, #5733, #3507, #5704, #6935, #5197, #215, #5164, #4089, #5770, #2423, #289, #3072, #795, #1409, #6246, #3617, #873, #5666, #3579, #5236, #831, #5808, #3031, #2493, #4584, #760, #6790, #5273, #1844, #328, #2958, #1335, #2927, #4619, #2533, #6317, #2458, #1371, #4732, #4693, #6893, #1989, #5130, #4052, #1950, #6210, #1260, #3469, #723, #176, #6824, #1881, #6282, #3543, #980, #3693, #1049, #2674, #4232, #4302, #3657, #6503 ),
 .UNSPECIFIED., .F., .F.,
 ( 4, 2, 2, 2, 1, 2, 2, 1, 2, 2, 1, 2, 2, 1, 2, 2, 1, 1, 2, 2, 2, 1, 2, 2, 1, 2, 2, 2, 2, 2, 2, 2, 1, 2, 2, 1, 2, 1, 2, 2, 2, 2, 2, 2, 2, 2, 2, 2, 1, 2, 4 ),
 ( 0.5198829429082797438, 0.5229872579856211789, 0.5233752973702888722, 0.5237633367549565655, 0.5245394155242919521, 0.5260915730629626141, 0.5323002032176454845, 0.5330762819869808711, 0.5334643213716485644, 0.5335613312178154599, 0.5336583410639823555, 0.5338523607563162576, 0.5354045182949870307, 0.5355985379873209329, 0.5356955478334878284, 0.5357925576796547240, 0.5361805970643224173, 0.5369566758336578038, 0.5385088333723285769, 0.5447174635270117804, 0.5462696210656825535, 0.5466576604503502468, 0.5468516801426840379, 0.5469486899888510445, 0.5470456998350179401, 0.5478217786043533266, 0.5493739361430240997, 0.5501500149123593753, 0.5505380542970270685, 0.5507320739893609707, 0.5509260936816947618, 0.5540304087590361970, 0.5544184481437038903, 0.5546124678360377924, 0.5548064875283715836, 0.5555825662977069701, 0.5571347238363777432, 0.5579108026057131298, 0.5582988419903808230, 0.5586868813750485163, 0.5602390389137192894, 0.5617911964523900625, 0.5621792358370577558, 0.5625672752217254491, 0.5633433539910608356, 0.5664476690684023819, 0.5679998266070730439, 0.5687759053764084305, 0.5691639447610761238, 0.5693579644534100259, 0.5695519841457438170 ),
 .UNSPECIFIED. ) ;
#3753 = CARTESIAN_POINT ( 'NONE',  ( -2.579629788281249780, 4.568517644207729766, 8.702343751083942536 ) ) ;
#3754 = CARTESIAN_POINT ( 'NONE',  ( 1.824073716244490218, 1.675926283755510227, 7.362890626083940404 ) ) ;
#3755 = CARTESIAN_POINT ( 'NONE',  ( 2.093493940800520203, 3.991801188055478011, 4.663076420441538694 ) ) ;
#3756 = CARTESIAN_POINT ( 'NONE',  ( 0.4209533733078529294, 5.609596774766345106, 4.014702862367165004 ) ) ;
#3757 = CARTESIAN_POINT ( 'NONE',  ( -2.579629788281249336, 2.431482355792268013, 5.626562501083941292 ) ) ;
#3758 = CARTESIAN_POINT ( 'NONE',  ( 3.949485927250213853E-16, 1.350000000000000089, 7.610937500000001243 ) ) ;
#3759 = EDGE_LOOP ( 'NONE', ( #6352, #5549, #829, #4217 ) ) ;
#3760 = ORIENTED_EDGE ( 'NONE', *, *, #6116, .T. ) ;
#3761 = CARTESIAN_POINT ( 'NONE',  ( -4.750000000000002665, -8.150000000000000355, 0.000000000000000000 ) ) ;
#3762 = CARTESIAN_POINT ( 'NONE',  ( 1.800602092024559786, 4.676958532187597051, 2.326739904049288654 ) ) ;
#3763 = CARTESIAN_POINT ( 'NONE',  ( -1.130487426551405772, 1.643919942557517500, 5.160093521182159471 ) ) ;
#3764 = DIRECTION ( 'NONE',  ( 1.000000000000000000, 0.000000000000000000, 0.000000000000000000 ) ) ;
#3765 = CARTESIAN_POINT ( 'NONE',  ( -0.8905591591021549958, 1.350000000000000533, 6.172265627167882407 ) ) ;
#3766 = DIRECTION ( 'NONE',  ( -1.000000000000000000, 0.000000000000000000, 0.000000000000000000 ) ) ;
#3767 = CARTESIAN_POINT ( 'NONE',  ( 1.068517644207725326, 6.079629788281240010, 6.916406251083946799 ) ) ;
#3768 = CARTESIAN_POINT ( 'NONE',  ( 0.09532921960092526070, 5.647985468494450600, 5.621165358721798455 ) ) ;
#3769 = FACE_OUTER_BOUND ( 'NONE', #6417, .T. ) ;
#3770 = ORIENTED_EDGE ( 'NONE', *, *, #5065, .F. ) ;
#3771 = CARTESIAN_POINT ( 'NONE',  ( 0.000000000000000000, 3.500000000000000000, 8.000000000000000000 ) ) ;
#3772 = CARTESIAN_POINT ( 'NONE',  ( 0.1367735002566352054, 5.645713545892223628, 0.8564075189308922864 ) ) ;
#3773 = DIRECTION ( 'NONE',  ( 0.000000000000000000, 0.000000000000000000, 1.000000000000000000 ) ) ;
#3774 = DIRECTION ( 'NONE',  ( -1.000000000000000000, 0.000000000000000000, 0.000000000000000000 ) ) ;
#3775 = DIRECTION ( 'NONE',  ( 0.000000000000000000, 0.000000000000000000, -1.000000000000000000 ) ) ;
#3776 = CARTESIAN_POINT ( 'NONE',  ( -1.520279579551077287, 5.020279579551076843, -1.219531247832118748 ) ) ;
#3777 = ORIENTED_EDGE ( 'NONE', *, *, #697, .T. ) ;
#3778 = AXIS2_PLACEMENT_3D ( 'NONE', #6932, #1444, #6280 ) ;
#3779 = CARTESIAN_POINT ( 'NONE',  ( 2.579629788281250669, 2.431482355792271122, 0.2687500010839400932 ) ) ;
#3780 = FILL_AREA_STYLE_COLOUR ( '', #6144 ) ;
#3781 = CARTESIAN_POINT ( 'NONE',  ( 0.1383985218572991449, 5.645540922272917150, 8.000000000252846633 ) ) ;
#3782 = CARTESIAN_POINT ( 'NONE',  ( 0.8905591591021556619, 1.350000000000000533, 7.065234377167881163 ) ) ;
#3783 = CARTESIAN_POINT ( 'NONE',  ( -1.068517644207729766, 6.079629788281250669, 8.603125001083942180 ) ) ;
#3784 = CARTESIAN_POINT ( 'NONE',  ( 1.824073716244490218, 1.675926283755510227, 6.569140626083941115 ) ) ;
#3785 = CARTESIAN_POINT ( 'NONE',  ( 1.840189035047275823, 4.612608104012477561, 4.703524289918573409 ) ) ;
#3786 = CIRCLE ( 'NONE', #82, 1.500000000000000000 ) ;
#3787 = CARTESIAN_POINT ( 'NONE',  ( -0.2891860692020113421, 5.630832373839818494, 4.055614109300203829 ) ) ;
#3788 = CARTESIAN_POINT ( 'NONE',  ( 1.824073716244490218, 1.675926283755510227, 5.874609376083942180 ) ) ;
#3789 = CARTESIAN_POINT ( 'NONE',  ( -0.8905591591021546627, 5.650000000000000355, 8.057421875000002842 ) ) ;
#3790 = EDGE_CURVE ( 'NONE', #7156, #5042, #4074, .T. ) ;
#3791 = VERTEX_POINT ( 'NONE', #1278 ) ;
#3792 = ORIENTED_EDGE ( 'NONE', *, *, #4036, .F. ) ;
#3793 = CARTESIAN_POINT ( 'NONE',  ( 0.9744666036740826653, 5.448683927301765095, -1.609808520411969288E-15 ) ) ;
#3794 = CARTESIAN_POINT ( 'NONE',  ( 1.732206571149973229, 2.226138860010533183, 1.378776889636304182 ) ) ;
#3795 = CARTESIAN_POINT ( 'NONE',  ( 0.8881416901412503284, 1.540728799738081412, 5.283713938511624519 ) ) ;
#3796 = CARTESIAN_POINT ( 'NONE',  ( 0.000000000000000000, 1.166476076187853824E-15, 6.000000000000000000 ) ) ;
#3797 = DIRECTION ( 'NONE',  ( -1.000000000000000000, 0.000000000000000000, 0.000000000000000000 ) ) ;
#3798 = CARTESIAN_POINT ( 'NONE',  ( -21.50000000000000000, -3.700000000000000178, 0.5000000000000000000 ) ) ;
#3799 = CARTESIAN_POINT ( 'NONE',  ( 1.824073716244482668, 5.324073716244483556, 6.073046876083948220 ) ) ;
#3800 = CARTESIAN_POINT ( 'NONE',  ( 1.040391958927548099, 5.381524776084214423, 5.562411647077676768 ) ) ;
#3801 = PLANE ( 'NONE',  #3221 ) ;
#3802 = ORIENTED_EDGE ( 'NONE', *, *, #3563, .T. ) ;
#3803 = EDGE_CURVE ( 'NONE', #5800, #1590, #79, .T. ) ;
#3804 = DIRECTION ( 'NONE',  ( -1.000000000000000000, 0.000000000000000000, 0.000000000000000000 ) ) ;
#3805 = CARTESIAN_POINT ( 'NONE',  ( 2.113033568736794710, 3.897222827552858870, 0.6886064756818388588 ) ) ;
#3806 = DIRECTION ( 'NONE',  ( 1.000000000000000000, 0.000000000000000000, 0.000000000000000000 ) ) ;
#3807 = CARTESIAN_POINT ( 'NONE',  ( -1.429941761442510062, 5.105549600320425263, 1.750016613643321506 ) ) ;
#3808 = CARTESIAN_POINT ( 'NONE',  ( 1.657115882005611773, 4.870287629397727081, 7.103303397902971383 ) ) ;
#3809 = CARTESIAN_POINT ( 'NONE',  ( 2.149999999999999911, 3.500000000000000444, -1.517187497832118925 ) ) ;
#3810 = EDGE_LOOP ( 'NONE', ( #1987, #4350, #7007, #6039 ) ) ;
#3811 = TOROIDAL_SURFACE ( 'NONE', #1725, 1.500000000000000000, 0.5000000000000000000 ) ;
#3812 = VERTEX_POINT ( 'NONE', #5538 ) ;
#3813 = ADVANCED_FACE ( 'NONE', ( #702 ), #4032, .T. ) ;
#3814 = CARTESIAN_POINT ( 'NONE',  ( -1.579567681601898742E-16, 6.079629788281250669, 1.310546876083940715 ) ) ;
#3815 = PRESENTATION_STYLE_ASSIGNMENT (( #7068 ) ) ;
#3816 = CARTESIAN_POINT ( 'NONE',  ( -1.520279579551076843, 1.979720420448922491, 0.5664062521678823181 ) ) ;
#3817 = CARTESIAN_POINT ( 'NONE',  ( -2.149999999999999911, 3.500000000000000000, 7.610937502167881341 ) ) ;
#3818 = ADVANCED_FACE ( 'NONE', ( #2906 ), #3484, .F. ) ;
#3819 = CARTESIAN_POINT ( 'NONE',  ( -0.5593723946082341802, 5.577134237709654663, 4.865670055977895814 ) ) ;
#3820 = CARTESIAN_POINT ( 'NONE',  ( -0.9528765392259995748, 5.427479483898911994, 4.097275684957207176 ) ) ;
#3821 = CARTESIAN_POINT ( 'NONE',  ( 2.579629788281250669, 2.431482355792271122, 5.924218751083941470 ) ) ;
#3822 = CARTESIAN_POINT ( 'NONE',  ( -2.149999999999999911, 4.390559159102155995, 7.362890625000000355 ) ) ;
#3823 = ORIENTED_EDGE ( 'NONE', *, *, #2649, .T. ) ;
#3824 = EDGE_LOOP ( 'NONE', ( #2809, #2278 ) ) ;
#3825 = LINE ( 'NONE', #3286, #847 ) ;
#3826 = CARTESIAN_POINT ( 'NONE',  ( 2.146584920507014882, 3.360127674159310907, 1.451133345556081533 ) ) ;
#3827 = CARTESIAN_POINT ( 'NONE',  ( 1.311706772356671324, 1.790924846828789274, 5.312928449505974093 ) ) ;
#3828 = EDGE_CURVE ( 'NONE', #4519, #6276, #3000, .T. ) ;
#3829 = DIRECTION ( 'NONE',  ( -0.000000000000000000, -0.000000000000000000, 1.000000000000000000 ) ) ;
#3830 = VECTOR ( 'NONE', #3292, 1000.000000000000000 ) ;
#3831 = DIRECTION ( 'NONE',  ( 0.9833321660356335592, 0.1818181818181816289, 0.000000000000000000 ) ) ;
#3832 = EDGE_CURVE ( 'NONE', #3728, #5822, #1755, .T. ) ;
#3833 = DIRECTION ( 'NONE',  ( 0.000000000000000000, 0.000000000000000000, -1.000000000000000000 ) ) ;
#3834 = CARTESIAN_POINT ( 'NONE',  ( 2.579629788281240010, 3.500000000000000444, 5.973828126083947865 ) ) ;
#3835 = CARTESIAN_POINT ( 'NONE',  ( -0.9783555659819409556, 5.414545068746358325, 5.686496057707676854 ) ) ;
#3836 = CARTESIAN_POINT ( 'NONE',  ( 1.509867088547827585, 1.172427040825043232, -1.298559769158123656 ) ) ;
#3837 = ORIENTED_EDGE ( 'NONE', *, *, #1545, .F. ) ;
#3838 = CARTESIAN_POINT ( 'NONE',  ( 15.84999999999999964, -7.500000000000000000, 2.000000000000000000 ) ) ;
#3839 = FACE_OUTER_BOUND ( 'NONE', #2255, .T. ) ;
#3840 = CARTESIAN_POINT ( 'NONE',  ( -1.068517644207729766, 6.079629788281250669, 0.5664062510839402709 ) ) ;
#3841 = CARTESIAN_POINT ( 'NONE',  ( 0.000000000000000000, -5.179673909541009813, 2.000000000000000000 ) ) ;
#3842 = CARTESIAN_POINT ( 'NONE',  ( -1.975437020179336978, 4.348961445169408968, 1.804929689935780290 ) ) ;
#3843 = CIRCLE ( 'NONE', #6031, 0.1999999999999996503 ) ;
#3844 = CARTESIAN_POINT ( 'NONE',  ( -0.6228368977871127088, 5.557855211554072028, 7.250883077188375658 ) ) ;
#3845 = CARTESIAN_POINT ( 'NONE',  ( 1.520279579551077509, 1.979720420448922935, -0.8226562478321191030 ) ) ;
#3846 = EDGE_LOOP ( 'NONE', ( #807, #1519, #696, #4783 ) ) ;
#3847 = VECTOR ( 'NONE', #6100, 1000.000000000000000 ) ;
#3848 = EDGE_LOOP ( 'NONE', ( #2505, #2758, #4004, #638 ) ) ;
#3849 = CARTESIAN_POINT ( 'NONE',  ( 1.068517644207729544, 6.079629788281250669, 2.054687501083941381 ) ) ;
#3850 = CARTESIAN_POINT ( 'NONE',  ( 9.999999999999998224, -8.150000000000000355, 2.000000000000000000 ) ) ;
#3851 = CARTESIAN_POINT ( 'NONE',  ( 0.8905591591021556619, 1.350000000000000533, 7.858984377167881341 ) ) ;
#3852 = CONICAL_SURFACE ( 'NONE', #3277, 1.000000000000001776, 0.7853981633974482790 ) ;
#3853 = EDGE_CURVE ( 'NONE', #1092, #7156, #1878, .T. ) ;
#3854 = DIRECTION ( 'NONE',  ( 0.000000000000000000, 0.000000000000000000, -1.000000000000000000 ) ) ;
#3855 = CARTESIAN_POINT ( 'NONE',  ( 2.012266007985882510, 4.265374665143566446, 3.886394272706275466 ) ) ;
#3856 = CARTESIAN_POINT ( 'NONE',  ( -2.579629788281250224, 3.500000000000000000, 6.370703126083942180 ) ) ;
#3857 = CARTESIAN_POINT ( 'NONE',  ( 2.149999999999999911, 3.500000000000000444, 3.046875000000000888 ) ) ;
#3858 = ORIENTED_EDGE ( 'NONE', *, *, #3491, .F. ) ;
#3859 = EDGE_LOOP ( 'NONE', ( #6410, #66, #263, #5484 ) ) ;
#3860 = CARTESIAN_POINT ( 'NONE',  ( 1.898589994563452565, 2.490348317411340329, 1.397338824525012901 ) ) ;
#3861 = ORIENTED_EDGE ( 'NONE', *, *, #6811, .T. ) ;
#3862 = CARTESIAN_POINT ( 'NONE',  ( -0.9790719289112020940, 5.415038117723068645, 0.1302731534788984513 ) ) ;
#3863 = CONICAL_SURFACE ( 'NONE', #2146, 6.500000000000002665, 0.7853981633974482790 ) ;
#3864 = DIRECTION ( 'NONE',  ( -0.000000000000000000, 0.000000000000000000, -1.000000000000000000 ) ) ;
#3865 = CARTESIAN_POINT ( 'NONE',  ( -2.149999999999999911, 4.390559159102155107, 5.180078127167882407 ) ) ;
#3866 = B_SPLINE_CURVE_WITH_KNOTS ( 'NONE', 3,
 ( #1324, #50, #1751, #1715, #161, #633, #2949, #3532, #5723, #1831, #1245, #2263, #4038, #4458, #3923, #6233, #2299, #6123, #3998, #1174, #3382, #3962, #2838, #4605, #6813, #84, #5076, #1285, #6159, #1207, #749, #3417, #121, #5613, #668, #2338, #3492, #5692, #4533, #6195, #6742, #1793, #3455, #3992, #2905, #5606, #5749, #266, #3008, #774, #741, #4598, #1823, #661, #6296, #6771, #6226, #3483, #1350, #2973, #4521, #2870, #2942, #5145, #193, #1786, #4634, #1277, #6188, #5211, #5067, #2403, #6840, #1202, #1861, #3523, #6805, #5106, #115, #3409, #5178, #2438, #1894, #4068, #153, #4102, #6735, #2330 ),
 .UNSPECIFIED., .F., .F.,
 ( 4, 2, 2, 2, 2, 2, 1, 2, 2, 2, 1, 2, 2, 1, 2, 2, 2, 2, 2, 1, 1, 2, 2, 2, 2, 1, 2, 2, 1, 2, 2, 2, 2, 2, 2, 1, 2, 2, 2, 2, 2, 2, 2, 1, 2, 2, 1, 2, 4 ),
 ( 0.1726204793740287458, 0.1757303937812325079, 0.1788403081884362977, 0.1796177867902372383, 0.1800065260911377085, 0.1802008957415879298, 0.1803952653920381788, 0.1819502225956400321, 0.1850601370028437109, 0.1866150942064455642, 0.1873925728082464770, 0.1874897576334715876, 0.1875869424586967260, 0.1877813121091469750, 0.1881700514100474730, 0.1897250086136494929, 0.1912799658172514849, 0.1913771506424766233, 0.1914743354677017617, 0.1916687051181520107, 0.1920574444190525087, 0.1928349230208534770, 0.1943898802244554691, 0.1951673588262564651, 0.1959448374280574612, 0.1974997946316594255, 0.1990547518352614176, 0.1992491214857116666, 0.1994434911361619156, 0.1998322304370623859, 0.2006097090388633541, 0.2021646662424652907, 0.2029421448442662590, 0.2030393296694913696, 0.2031365144947164803, 0.2033308841451667293, 0.2037196234460672273, 0.2099394522604750291, 0.2107169308622759973, 0.2114944094640769934, 0.2130493666676789577, 0.2161592810748829141, 0.2177142382784848784, 0.2184917168802858467, 0.2186860865307360957, 0.2187832713559612341, 0.2188804561811863725, 0.2192691954820869815, 0.2223791098892919371 ),
 .UNSPECIFIED. ) ;
#3867 = CARTESIAN_POINT ( 'NONE',  ( 1.824073716244482668, 5.324073716244483556, 2.104296876083947776 ) ) ;
#3868 = CARTESIAN_POINT ( 'NONE',  ( 1.407081913709160581, 1.874385318025000302, 3.732677697079758605 ) ) ;
#3869 = LINE ( 'NONE', #6071, #3446 ) ;
#3870 = VERTEX_POINT ( 'NONE', #5906 ) ;
#3871 = EDGE_CURVE ( 'NONE', #5387, #6695, #2795, .T. ) ;
#3872 = FACE_OUTER_BOUND ( 'NONE', #1355, .T. ) ;
#3873 = CARTESIAN_POINT ( 'NONE',  ( 0.4058007334613670247, 5.611356433149345513, 0.8405653559688718302 ) ) ;
#3874 = CARTESIAN_POINT ( 'NONE',  ( 2.579629788281250224, 3.500000000000000444, 2.699609376083940582 ) ) ;
#3875 = CARTESIAN_POINT ( 'NONE',  ( 1.054538843398301617, 1.625539176560072407, 4.501034086977239390 ) ) ;
#3876 = CARTESIAN_POINT ( 'NONE',  ( -1.838359396843770144, 4.616984431186740956, 1.786951914348821724 ) ) ;
#3877 = EDGE_CURVE ( 'NONE', #4951, #2828, #601, .T. ) ;
#3878 = CARTESIAN_POINT ( 'NONE',  ( 2.016602661340626490, 4.245987490325028091, 7.060238633097292826 ) ) ;
#3879 = CARTESIAN_POINT ( 'NONE',  ( -1.981636467497274179, 2.665622661398360460, 0.3191171937541196213 ) ) ;
#3880 = EDGE_LOOP ( 'NONE', ( #4898, #7111, #6892, #6577 ) ) ;
#3881 = EDGE_CURVE ( 'NONE', #1576, #5516, #5454, .T. ) ;
#3882 = ORIENTED_EDGE ( 'NONE', *, *, #4396, .F. ) ;
#3883 = CARTESIAN_POINT ( 'NONE',  ( 2.579629788281249780, 4.568517644207729766, 0.3679687510839413367 ) ) ;
#3884 = CARTESIAN_POINT ( 'NONE',  ( -1.352427319674157191, 1.391178562796316243, 2.108011640945744989E-16 ) ) ;
#3885 = CARTESIAN_POINT ( 'NONE',  ( 4.631449631449630289, 13.09249548304467758, 0.000000000000000000 ) ) ;
#3886 = CARTESIAN_POINT ( 'NONE',  ( 3.949485927250213853E-16, 1.350000000000000089, 7.015625002167881874 ) ) ;
#3887 = DIRECTION ( 'NONE',  ( -1.000000000000000000, 0.000000000000000000, 0.000000000000000000 ) ) ;
#3888 = CARTESIAN_POINT ( 'NONE',  ( 2.149663303098897860, 3.539309080311541678, 3.842821743729206041 ) ) ;
#3889 = CARTESIAN_POINT ( 'NONE',  ( -2.579629788281249336, 2.431482355792268013, 3.245312501083941648 ) ) ;
#3890 = CARTESIAN_POINT ( 'NONE',  ( -0.8905591591021551068, 1.350000000000000533, 4.386328125000001243 ) ) ;
#3891 = ORIENTED_EDGE ( 'NONE', *, *, #6740, .T. ) ;
#3892 = ORIENTED_EDGE ( 'NONE', *, *, #1155, .T. ) ;
#3893 = CARTESIAN_POINT ( 'NONE',  ( 1.418689100121081292, 1.883020685304255926, 1.352047502615333574 ) ) ;
#3894 = ORIENTED_EDGE ( 'NONE', *, *, #3790, .T. ) ;
#3895 = CARTESIAN_POINT ( 'NONE',  ( -1.684806034559177323, 4.836048658908669751, 0.1835222031291301181 ) ) ;
#3896 = CARTESIAN_POINT ( 'NONE',  ( 1.906075812243181788, 2.487575759816926357, 6.953613470372316030 ) ) ;
#3897 = DIRECTION ( 'NONE',  ( 0.000000000000000000, 0.000000000000000000, -1.000000000000000000 ) ) ;
#3898 = CARTESIAN_POINT ( 'NONE',  ( 2.579629788281240454, 2.431482355792275563, 4.336718751083947332 ) ) ;
#3899 = FACE_OUTER_BOUND ( 'NONE', #7145, .T. ) ;
#3900 = CIRCLE ( 'NONE', #790, 1.000000000000000000 ) ;
#3901 = CARTESIAN_POINT ( 'NONE',  ( 1.745700307263066353, 2.242705915318880638, 2.173765733185072158 ) ) ;
#3902 = ORIENTED_EDGE ( 'NONE', *, *, #745, .T. ) ;
#3903 = CARTESIAN_POINT ( 'NONE',  ( 1.315848257711308866, 5.200700186859197771, 3.161715183192808531 ) ) ;
#3904 = CARTESIAN_POINT ( 'NONE',  ( 2.102397280235645649, 3.950596442157888966, 0.6918333608110885935 ) ) ;
#3905 = CARTESIAN_POINT ( 'NONE',  ( -12.00000000000000178, 9.507820771309093644, 2.000000000000000000 ) ) ;
#3906 = DIRECTION ( 'NONE',  ( -0.000000000000000000, 0.000000000000000000, 1.000000000000000000 ) ) ;
#3907 = CARTESIAN_POINT ( 'NONE',  ( 0.06317600375559299930, 5.649300718414425937, 1.654276369783388656 ) ) ;
#3908 = CARTESIAN_POINT ( 'NONE',  ( -0.4968297412976271921, 1.408174434479180226, 0.4381689097800431365 ) ) ;
#3909 = CARTESIAN_POINT ( 'NONE',  ( 1.068517644207731321, 0.9203702117187504417, 5.031250001083940937 ) ) ;
#3910 =( BOUNDED_CURVE ( )  B_SPLINE_CURVE ( 2, ( #6703, #4492, #2875, #5509, #6666, #5073, #2766, #3381, #2190, #3922, #4966, #5576, #2337, #3997, #5036, #2730, #1750, #3961, #6158, #120, #4532, #6741, #1077, #3279, #5479, #4393, #707, #1934, #6304, #200, #5691, #2410, #748, #4141, #857, #2948, #6339, #160, #5220, #1356, #1323, #3056, #5722, #3602, #5151, #1973, #3564, #4037, #6918, #5650, #2912, #3531, #6194, #5115, #4604, #780, #5258, #4075, #6812, #1867, #1393, #274, #236, #4107, #2979, #2375, #5792, #6268, #5184, #2444, #312, #2479, #6232, #4641, #4570, #4677, #6878, #5756, #3454, #2515, #6776, #816, #6847, #3015, #1899, #4716, #1244, #1830, #1284, #3490, #1125, #5832, #3679, #4414, #5530, #37, #584, #551, #5498, #351, #6617, #2211, #5296, #3300, #4287, #6455, #894, #2557, #3874, #4754, #927, #6958, #2016, #4830, #2752, #1669, #3131, #4986, #4218, #6075, #3332, #4954, #4179, #2785, #6378, #1431, #7159, #5370, #2087, #1507, #3093, #3642, #4251, #3713, #966, #6420, #1470, #5874, #5335, #386, #2592, #2625, #4794, #6994, #5915, #2051, #6488, #3170, #1544, #422, #7030, #3840, #6042, #1095, #142, #2248, #731, #3943, #3474, #6795, #4555, #1699, #6763, #1268, #4019 ),
 .UNSPECIFIED., .F., .T. ) 
 B_SPLINE_CURVE_WITH_KNOTS ( ( 3, 2, 2, 2, 2, 2, 2, 2, 2, 2, 2, 2, 2, 2, 2, 2, 2, 2, 2, 2, 2, 2, 2, 2, 2, 2, 2, 2, 2, 2, 2, 2, 2, 2, 2, 2, 2, 2, 2, 2, 2, 2, 2, 2, 2, 2, 2, 2, 2, 2, 2, 2, 2, 2, 2, 2, 2, 2, 2, 2, 2, 2, 2, 2, 2, 2, 2, 2, 2, 2, 2, 2, 2, 2, 2, 2, 2, 2, 2, 2, 2, 2, 3 ),
 ( 0.06322896343350606352, 0.06730769230769230449, 0.07692307692307692735, 0.08653846153846153633, 0.09615384615384615918, 0.1057692307692307682, 0.1153846153846153910, 0.1250000000000000000, 0.1346153846153846090, 0.1442307692307692180, 0.1538461538461538547, 0.1634615384615384637, 0.1730769230769230727, 0.1826923076923076539, 0.1923076923076923184, 0.2019230769230769273, 0.2115384615384615363, 0.2211538461538461453, 0.2307692307692307820, 0.2403846153846153633, 0.2500000000000000000, 0.2596153846153846367, 0.2692307692307692180, 0.2788461538461538547, 0.2884615384615384359, 0.2980769230769230727, 0.3076923076923077094, 0.3173076923076922906, 0.3269230769230768718, 0.3365384615384615641, 0.3461538461538461453, 0.3557692307692307265, 0.3653846153846153078, 0.3750000000000000000, 0.3846153846153845812, 0.3942307692307691624, 0.4038461538461538547, 0.4134615384615384359, 0.4230769230769230171, 0.4326923076923077094, 0.4423076923076922906, 0.4519230769230768718, 0.4615384615384615641, 0.4711538461538461453, 0.4807692307692307265, 0.4903846153846153078, 0.5000000000000000000, 0.5096153846153845812, 0.5192307692307693845, 0.5288461538461538547, 0.5384615384615384359, 0.5480769230769232392, 0.5576923076923077094, 0.5673076923076922906, 0.5769230769230768718, 0.5865384615384615641, 0.5961538461538461453, 0.6057692307692307265, 0.6153846153846154188, 0.6250000000000000000, 0.6346153846153845812, 0.6442307692307692735, 0.6538461538461538547, 0.6634615384615384359, 0.6730769230769231282, 0.6826923076923077094, 0.6923076923076922906, 0.7019230769230768718, 0.7115384615384615641, 0.7211538461538461453, 0.7307692307692307265, 0.7403846153846154188, 0.7500000000000000000, 0.7596153846153845812, 0.7692307692307692735, 0.7788461538461538547, 0.7884615384615384359, 0.7980769230769231282, 0.8076923076923077094, 0.8173076923076922906, 0.8269230769230769829, 0.8365384615384615641, 0.8386170856666416151 ),
 .UNSPECIFIED. ) 
 CURVE ( )  GEOMETRIC_REPRESENTATION_ITEM ( )  RATIONAL_B_SPLINE_CURVE ( ( 0.9628147693893041037, 0.9677106261390719943, 1.000000000000000000, 0.9238795325112867385, 1.000000000000000000, 0.9238795325112867385, 1.000000000000000000, 0.9238795325112867385, 1.000000000000000000, 0.9238795325112867385, 1.000000000000000000, 0.9238795325112867385, 1.000000000000000000, 0.9238795325112867385, 1.000000000000000000, 0.9238795325112867385, 1.000000000000000000, 0.9238795325112867385, 1.000000000000000000, 0.9238795325112867385, 1.000000000000000000, 0.9238795325112867385, 1.000000000000000000, 0.9238795325112867385, 1.000000000000000000, 0.9238795325112867385, 1.000000000000000000, 0.9238795325112867385, 1.000000000000000000, 0.9238795325112867385, 1.000000000000000000, 0.9238795325112867385, 1.000000000000000000, 0.9238795325112867385, 1.000000000000000000, 0.9238795325112867385, 1.000000000000000000, 0.9238795325112867385, 1.000000000000000000, 0.9238795325112867385, 1.000000000000000000, 0.9238795325112867385, 1.000000000000000000, 0.9238795325112867385, 1.000000000000000000, 0.9238795325112867385, 1.000000000000000000, 0.9238795325112867385, 1.000000000000000000, 0.9238795325112867385, 1.000000000000000000, 0.9238795325112867385, 1.000000000000000000, 0.9238795325112867385, 1.000000000000000000, 0.9238795325112867385, 1.000000000000000000, 0.9238795325112867385, 1.000000000000000000, 0.9238795325112867385, 1.000000000000000000, 0.9238795325112867385, 1.000000000000000000, 0.9238795325112867385, 1.000000000000000000, 0.9238795325112867385, 1.000000000000000000, 0.9238795325112867385, 1.000000000000000000, 0.9238795325112867385, 1.000000000000000000, 0.9238795325112867385, 1.000000000000000000, 0.9238795325112867385, 1.000000000000000000, 0.9238795325112867385, 1.000000000000000000, 0.9238795325112867385, 1.000000000000000000, 0.9238795325112867385, 1.000000000000000000, 0.9238795325112867385, 1.000000000000000000, 0.9238795325112867385, 1.000000000000000000, 0.9238795325112867385, 1.000000000000000000, 0.9238795325112867385, 1.000000000000000000, 0.9238795325112867385, 1.000000000000000000, 0.9238795325112867385, 1.000000000000000000, 0.9238795325112867385, 1.000000000000000000, 0.9238795325112867385, 1.000000000000000000, 0.9238795325112867385, 1.000000000000000000, 0.9238795325112867385, 1.000000000000000000, 0.9238795325112867385, 1.000000000000000000, 0.9238795325112867385, 1.000000000000000000, 0.9238795325112867385, 1.000000000000000000, 0.9238795325112867385, 1.000000000000000000, 0.9238795325112867385, 1.000000000000000000, 0.9238795325112867385, 1.000000000000000000, 0.9238795325112867385, 1.000000000000000000, 0.9238795325112867385, 1.000000000000000000, 0.9238795325112867385, 1.000000000000000000, 0.9238795325112867385, 1.000000000000000000, 0.9238795325112867385, 1.000000000000000000, 0.9238795325112867385, 1.000000000000000000, 0.9238795325112867385, 1.000000000000000000, 0.9238795325112867385, 1.000000000000000000, 0.9238795325112867385, 1.000000000000000000, 0.9238795325112867385, 1.000000000000000000, 0.9238795325112867385, 1.000000000000000000, 0.9238795325112867385, 1.000000000000000000, 0.9238795325112867385, 1.000000000000000000, 0.9238795325112867385, 1.000000000000000000, 0.9238795325112867385, 1.000000000000000000, 0.9238795325112867385, 1.000000000000000000, 0.9238795325112867385, 1.000000000000000000, 0.9238795325112867385, 1.000000000000000000, 0.9238795325112867385, 1.000000000000000000, 0.9238795325112867385, 1.000000000000000000, 0.9238795325112867385, 1.000000000000000000, 0.9238795325112867385, 1.000000000000000000, 0.9238795325112867385, 1.000000000000000000, 0.9238795325112867385, 1.000000000000000000, 0.9238795325112867385, 1.000000000000000000, 0.9835445126014799033, 0.9742036180176454341 ) ) 
 REPRESENTATION_ITEM ( '' )  );
#3911 = ORIENTED_EDGE ( 'NONE', *, *, #3790, .F. ) ;
#3912 = CARTESIAN_POINT ( 'NONE',  ( 4.738703044805694992E-16, 0.9203702117187499976, 8.057421876083939338 ) ) ;
#3913 = EDGE_LOOP ( 'NONE', ( #7092, #1407, #4420, #2218, #4691 ) ) ;
#3914 = AXIS2_PLACEMENT_3D ( 'NONE', #1714, #2297, #5612 ) ;
#3915 = CARTESIAN_POINT ( 'NONE',  ( 2.101879191206766251, 2.004475439800482928, -1.347762888074624632 ) ) ;
#3916 = LINE ( 'NONE', #2872, #3958 ) ;
#3917 = LINE ( 'NONE', #6119, #5046 ) ;
#3918 = CARTESIAN_POINT ( 'NONE',  ( 2.149999999999999911, 4.390559159102155995, 4.882421877167881341 ) ) ;
#3919 = AXIS2_PLACEMENT_3D ( 'NONE', #2140, #6510, #2071 ) ;
#3920 = ADVANCED_FACE ( 'NONE', ( #5434 ), #5978, .T. ) ;
#3921 = AXIS2_PLACEMENT_3D ( 'NONE', #1385, #2972, #5177 ) ;
#3922 = CARTESIAN_POINT ( 'NONE',  ( 1.068517644207729322, 6.079629788281250669, 7.610937501083940404 ) ) ;
#3923 = CARTESIAN_POINT ( 'NONE',  ( -1.707182420325053851, 4.814418473159307155, 6.535348473061906915 ) ) ;
#3924 = CARTESIAN_POINT ( 'NONE',  ( 1.466599743191898897, 5.074551667347830808, 3.944170724652614979 ) ) ;
#3925 = CARTESIAN_POINT ( 'NONE',  ( 2.579629788281250669, 2.431482355792271122, 2.749218751083941648 ) ) ;
#3926 = DIRECTION ( 'NONE',  ( -0.000000000000000000, 0.000000000000000000, 1.000000000000000000 ) ) ;
#3927 = CARTESIAN_POINT ( 'NONE',  ( -2.149999999999999467, 2.609440840897844893, 5.080859375000001954 ) ) ;
#3928 = ORIENTED_EDGE ( 'NONE', *, *, #192, .F. ) ;
#3929 = ORIENTED_EDGE ( 'NONE', *, *, #2091, .T. ) ;
#3930 = CARTESIAN_POINT ( 'NONE',  ( 1.749591687384297156, 2.250031942393684758, 1.380512235935956511 ) ) ;
#3931 = ORIENTED_EDGE ( 'NONE', *, *, #5398, .F. ) ;
#3932 = CARTESIAN_POINT ( 'NONE',  ( -0.8995255967681728970, 5.453002024918926161, 0.1249672275839075059 ) ) ;
#3933 = CARTESIAN_POINT ( 'NONE',  ( 2.149999999991658584, 3.499995816807531579, 7.015547590692133184 ) ) ;
#3934 = FACE_OUTER_BOUND ( 'NONE', #150, .T. ) ;
#3935 = CARTESIAN_POINT ( 'NONE',  ( -1.579567681601892579E-16, 6.079629788281240010, 3.791015626083947154 ) ) ;
#3936 = CARTESIAN_POINT ( 'NONE',  ( 1.499612516586167121, 1.958943413659616439, 3.739509156682245372 ) ) ;
#3937 = CARTESIAN_POINT ( 'NONE',  ( -0.02297168715127435520, 1.349844317917866743, 2.053186835729873039 ) ) ;
#3938 = EDGE_LOOP ( 'NONE', ( #3407, #3678, #5323, #4301 ) ) ;
#3939 = EDGE_CURVE ( 'NONE', #5019, #1943, #5791, .T. ) ;
#3940 = AXIS2_PLACEMENT_3D ( 'NONE', #4545, #645, #1728 ) ;
#3941 = CARTESIAN_POINT ( 'NONE',  ( 1.367843794421231829, 5.161400986384686362, 3.158002216099516257 ) ) ;
#3942 = CARTESIAN_POINT ( 'NONE',  ( -20.99999999999999645, 0.000000000000000000, 0.5000000000000000000 ) ) ;
#3943 = CARTESIAN_POINT ( 'NONE',  ( 2.579629788281250669, 2.431482355792271122, 0.2687500010839400932 ) ) ;
#3944 = CARTESIAN_POINT ( 'NONE',  ( 4.754299754299753822, 13.57716841122997664, 2.000000000000000000 ) ) ;
#3945 = CARTESIAN_POINT ( 'NONE',  ( -2.149999739497033158, 3.587567145051439255, 1.851371963026680278 ) ) ;
#3946 = DIRECTION ( 'NONE',  ( 0.000000000000000000, 0.000000000000000000, 1.000000000000000000 ) ) ;
#3947 = CARTESIAN_POINT ( 'NONE',  ( -1.487424284047231371, 1.946858466793463416, 0.3705322282659648803 ) ) ;
#3948 = CIRCLE ( 'NONE', #3143, 1.000000000000000000 ) ;
#3949 = CARTESIAN_POINT ( 'NONE',  ( -1.068517644207729766, 6.079629788281250669, 3.046875001083942269 ) ) ;
#3950 = EDGE_LOOP ( 'NONE', ( #6366, #6311, #3189, #1154 ) ) ;
#3951 = CARTESIAN_POINT ( 'NONE',  ( -1.579567681601898742E-16, 6.079629788281250669, 7.660546876083940582 ) ) ;
#3952 = CARTESIAN_POINT ( 'NONE',  ( 2.149999999999999911, 3.500000000000000444, 8.000000000000000000 ) ) ;
#3953 = VECTOR ( 'NONE', #1863, 1000.000000000000000 ) ;
#3954 = CARTESIAN_POINT ( 'NONE',  ( 1.284774686555690826, 1.775476991683314187, 7.692115868198761142 ) ) ;
#3955 =( BOUNDED_CURVE ( )  B_SPLINE_CURVE ( 2, ( #5267, #1331, #791, #3539, #284, #5160, #6929, #3066, #3025 ),
 .UNSPECIFIED., .F., .T. ) 
 B_SPLINE_CURVE_WITH_KNOTS ( ( 3, 2, 2, 2, 3 ),
 ( 0.1587539547946740237, 0.1686760660078611695, 0.1785981875377353201, 0.1885203090676094706, 0.1984424781302075169 ),
 .UNSPECIFIED. ) 
 CURVE ( )  GEOMETRIC_REPRESENTATION_ITEM ( )  RATIONAL_B_SPLINE_CURVE ( ( 1.000000000000000000, 0.9238795325112867385, 1.000000000000000000, 0.9238795325112867385, 1.000000000000000000, 0.9238795325112867385, 1.000000000000000000, 0.9238795325112867385, 1.000000000000000000 ) ) 
 REPRESENTATION_ITEM ( '' )  );
#3956 = CARTESIAN_POINT ( 'NONE',  ( 1.520279579551077065, 5.020279579551076843, 4.138281252167881341 ) ) ;
#3957 = CARTESIAN_POINT ( 'NONE',  ( 2.150000000000000355, 2.609440840897845781, 4.783203127167881874 ) ) ;
#3958 = VECTOR ( 'NONE', #5573, 1000.000000000000000 ) ;
#3959 = AXIS2_PLACEMENT_3D ( 'NONE', #6029, #2736, #537 ) ;
#3960 = ADVANCED_FACE ( 'NONE', ( #6482 ), #4894, .T. ) ;
#3961 = CARTESIAN_POINT ( 'NONE',  ( -1.068517644207730211, 0.9203702117187504417, 7.214062501083940759 ) ) ;
#3962 = CARTESIAN_POINT ( 'NONE',  ( -1.265257888060257851, 5.238286996867189238, 6.500302673187325020 ) ) ;
#3963 = CARTESIAN_POINT ( 'NONE',  ( 1.567491995923833148, 4.971678978666282944, 3.936037758884260107 ) ) ;
#3964 = AXIS2_PLACEMENT_3D ( 'NONE', #6798, #4164, #2501 ) ;
#3965 = CARTESIAN_POINT ( 'NONE',  ( -2.579629788281249780, 4.568517644207729766, 1.558593751083942269 ) ) ;
#3966 = CARTESIAN_POINT ( 'NONE',  ( 11.87340136762890985, -3.079795897113271508, 0.1016872336874560800 ) ) ;
#3967 = CARTESIAN_POINT ( 'NONE',  ( 2.150000000000000355, 2.609440840897845781, 2.997265625000001155 ) ) ;
#3968 = VERTEX_POINT ( 'NONE', #3301 ) ;
#3969 = ORIENTED_EDGE ( 'NONE', *, *, #540, .T. ) ;
#3970 = CARTESIAN_POINT ( 'NONE',  ( -3.999999999999998224, 15.27371993328518762, 2.000000000000000000 ) ) ;
#3971 = EDGE_LOOP ( 'NONE', ( #3204, #3500, #1773, #3792 ) ) ;
#3972 = DIRECTION ( 'NONE',  ( 0.000000000000000000, 0.000000000000000000, 1.000000000000000000 ) ) ;
#3973 = CYLINDRICAL_SURFACE ( 'NONE', #5072, 1.000000000000000000 ) ;
#3974 = DIRECTION ( 'NONE',  ( 1.000000000000000000, 0.000000000000000000, 0.000000000000000000 ) ) ;
#3975 = CARTESIAN_POINT ( 'NONE',  ( 1.068517644207725326, 6.079629788281240010, 2.153906251083948398 ) ) ;
#3976 = CARTESIAN_POINT ( 'NONE',  ( 2.579629788281249780, 4.568517644207729766, 3.542968751083940049 ) ) ;
#3977 = CARTESIAN_POINT ( 'NONE',  ( 3.500000000000000000, 15.27371993328518762, 0.5000000000000000000 ) ) ;
#3978 = CARTESIAN_POINT ( 'NONE',  ( -21.50000000000000000, -0.000000000000000000, 2.000000000000000000 ) ) ;
#3979 = ORIENTED_EDGE ( 'NONE', *, *, #7102, .F. ) ;
#3980 =( GEOMETRIC_REPRESENTATION_CONTEXT ( 3 ) GLOBAL_UNCERTAINTY_ASSIGNED_CONTEXT ( ( #701 ) ) GLOBAL_UNIT_ASSIGNED_CONTEXT ( ( #2709, #6509, #575 ) ) REPRESENTATION_CONTEXT ( 'NONE', 'WORKASPACE' ) );
#3981 = CARTESIAN_POINT ( 'NONE',  ( -1.573864916643938017, 4.964890676051983753, 3.348855711943071967 ) ) ;
#3982 = CARTESIAN_POINT ( 'NONE',  ( 1.520279579551077065, 5.020279579551076843, 0.1695312521678808693 ) ) ;
#3983 = DIRECTION ( 'NONE',  ( 0.000000000000000000, 0.000000000000000000, -1.000000000000000000 ) ) ;
#3984 = CARTESIAN_POINT ( 'NONE',  ( 1.935454821879128984, 2.553047276951984745, 4.576923119913172577 ) ) ;
#3985 = DIRECTION ( 'NONE',  ( -0.000000000000000000, -0.000000000000000000, 1.000000000000000000 ) ) ;
#3986 = DIRECTION ( 'NONE',  ( 0.000000000000000000, 0.000000000000000000, -1.000000000000000000 ) ) ;
#3987 = CIRCLE ( 'NONE', #4103, 19.35000000000000142 ) ;
#3988 = CARTESIAN_POINT ( 'NONE',  ( 0.5466406302605161249, 1.420628781191850099, 0.4992683095535610516 ) ) ;
#3989 = CARTESIAN_POINT ( 'NONE',  ( -1.824073716244489995, 5.324073716244490662, 5.477734376083941648 ) ) ;
#3990 = ORIENTED_EDGE ( 'NONE', *, *, #6722, .T. ) ;
#3991 = CARTESIAN_POINT ( 'NONE',  ( 2.579629788281250224, 3.500000000000000444, 6.668359376083940582 ) ) ;
#3992 = CARTESIAN_POINT ( 'NONE',  ( -0.2334773535196695837, 5.637567853454398481, 6.433604179398637157 ) ) ;
#3993 = CARTESIAN_POINT ( 'NONE',  ( 1.040673094091660644, 1.617397643053193557, 7.675063774420491036 ) ) ;
#3994 = DIRECTION ( 'NONE',  ( 1.000000000000000000, -3.469446951953614189E-15, 0.000000000000000000 ) ) ;
#3995 = CARTESIAN_POINT ( 'NONE',  ( -2.149999999999999911, 4.390559159102155107, 2.005078127167881696 ) ) ;
#3996 = CARTESIAN_POINT ( 'NONE',  ( -2.149999999999999911, 3.500000000000000000, 6.023437502167881874 ) ) ;
#3997 = CARTESIAN_POINT ( 'NONE',  ( 2.579629788281250669, 2.431482355792271122, 7.412500001083940582 ) ) ;
#3998 = CARTESIAN_POINT ( 'NONE',  ( -1.335230497877422096, 5.185493622419802939, 6.505216751911871320 ) ) ;
#3999 = CARTESIAN_POINT ( 'NONE',  ( 2.149933698908803148, 3.519560439190317691, 3.841708585474080895 ) ) ;
#4000 = CARTESIAN_POINT ( 'NONE',  ( -1.824073716244489995, 5.324073716244490662, 3.890234376083942180 ) ) ;
#4001 = CARTESIAN_POINT ( 'NONE',  ( 1.271169781209496419, 1.764578553909398773, 2.928862254630024253 ) ) ;
#4002 = CARTESIAN_POINT ( 'NONE',  ( -1.520279579551077287, 5.020279579551076843, 3.344531250000001066 ) ) ;
#4003 = ORIENTED_EDGE ( 'NONE', *, *, #2583, .T. ) ;
#4004 = ORIENTED_EDGE ( 'NONE', *, *, #1824, .T. ) ;
#4005 = DIRECTION ( 'NONE',  ( -0.000000000000000000, -0.000000000000000000, -1.000000000000000000 ) ) ;
#4006 = ORIENTED_EDGE ( 'NONE', *, *, #3321, .T. ) ;
#4007 = CARTESIAN_POINT ( 'NONE',  ( 0.000000000000000000, -9.184850993605147944E-16, 7.000000000000000000 ) ) ;
#4008 = CARTESIAN_POINT ( 'NONE',  ( 1.997527167304158580, 2.704247625962880708, 6.967778880865646229 ) ) ;
#4009 = ADVANCED_FACE ( 'NONE', ( #6013 ), #957, .T. ) ;
#4010 = EDGE_CURVE ( 'NONE', #3480, #4475, #5107, .T. ) ;
#4011 = CARTESIAN_POINT ( 'NONE',  ( 11.74999999999999822, -8.150000000000000355, 2.000000000000000000 ) ) ;
#4012 = CARTESIAN_POINT ( 'NONE',  ( -2.579629788281240010, 3.500000000000000000, 1.608203126083947554 ) ) ;
#4013 = CARTESIAN_POINT ( 'NONE',  ( 1.068517644207731321, 0.9203702117187504417, 3.344531251083941115 ) ) ;
#4014 = DIRECTION ( 'NONE',  ( -0.000000000000000000, -0.000000000000000000, 1.000000000000000000 ) ) ;
#4015 = CARTESIAN_POINT ( 'NONE',  ( -0.1279308204964763052, 1.353806220250072467, 2.047486473609543278 ) ) ;
#4016 = CARTESIAN_POINT ( 'NONE',  ( -1.784634134599945687, 4.699003857371524262, 2.574780543996536775 ) ) ;
#4017 = CARTESIAN_POINT ( 'NONE',  ( -1.172023851199519351, 5.302507722546240920, 3.318619007735652104 ) ) ;
#4018 = CARTESIAN_POINT ( 'NONE',  ( -6.391659079231618357, 1.181818181818181879, 6.000000000000000000 ) ) ;
#4019 = CARTESIAN_POINT ( 'NONE',  ( -2.103140580602131049, 2.006249839225950016, -1.392877994297092818E-15 ) ) ;
#4020 = DIRECTION ( 'NONE',  ( 0.000000000000000000, 1.000000000000000000, 0.000000000000000000 ) ) ;
#4021 = AXIS2_PLACEMENT_3D ( 'NONE', #6363, #5712, #4779 ) ;
#4022 = CARTESIAN_POINT ( 'NONE',  ( -1.579567681601898742E-16, 6.079629788281250669, 8.553515626083941115 ) ) ;
#4023 = DIRECTION ( 'NONE',  ( -0.000000000000000000, -0.000000000000000000, -1.000000000000000000 ) ) ;
#4024 = CARTESIAN_POINT ( 'NONE',  ( -11.00000000000000178, 9.507820771309093644, 0.5000000000000000000 ) ) ;
#4025 = CARTESIAN_POINT ( 'NONE',  ( -0.4674981953107058552, 1.401413337983888008, 0.4399584058474428350 ) ) ;
#4026 = CARTESIAN_POINT ( 'NONE',  ( 2.579629788281249780, 4.568517644207729766, 6.023437501083940937 ) ) ;
#4027 = ORIENTED_EDGE ( 'NONE', *, *, #6687, .T. ) ;
#4028 = ADVANCED_FACE ( 'NONE', ( #2718 ), #449, .F. ) ;
#4029 = CARTESIAN_POINT ( 'NONE',  ( -2.579629788281249336, 2.431482355792268013, 6.321093751083941115 ) ) ;
#4030 = EDGE_CURVE ( 'NONE', #1025, #4485, #6589, .T. ) ;
#4031 = DIRECTION ( 'NONE',  ( -1.000000000000000000, 0.000000000000000000, 0.000000000000000000 ) ) ;
#4032 = PLANE ( 'NONE',  #3027 ) ;
#4033 = DIRECTION ( 'NONE',  ( -1.000000000000000000, 0.000000000000000000, 0.000000000000000000 ) ) ;
#4034 = DIRECTION ( 'NONE',  ( -1.000000000000000000, 0.000000000000000000, 0.000000000000000000 ) ) ;
#4035 = CARTESIAN_POINT ( 'NONE',  ( 3.949485927250213853E-16, 1.350000000000000089, 6.221875002167881696 ) ) ;
#4036 = EDGE_CURVE ( 'NONE', #7056, #639, #7060, .T. ) ;
#4037 = CARTESIAN_POINT ( 'NONE',  ( 1.068517644207731099, 0.9203702117187504417, 5.725781251083940759 ) ) ;
#4038 = CARTESIAN_POINT ( 'NONE',  ( -1.865142311865570335, 4.572079376965002773, 6.552461131791720739 ) ) ;
#4039 = CARTESIAN_POINT ( 'NONE',  ( 1.462472279473486125, 1.921639996808611528, 6.118009495134768549 ) ) ;
#4040 = EDGE_CURVE ( 'NONE', #127, #676, #416, .T. ) ;
#4041 = CARTESIAN_POINT ( 'NONE',  ( 4.738703044805694992E-16, 0.9203702117187499976, 1.806640626083941603 ) ) ;
#4042 = CARTESIAN_POINT ( 'NONE',  ( 2.017569980165223598, 2.756575042418166532, 3.002404349032390840 ) ) ;
#4043 = AXIS2_PLACEMENT_3D ( 'NONE', #2686, #5396, #3262 ) ;
#4044 = CARTESIAN_POINT ( 'NONE',  ( 1.520279579551077065, 5.020279579551076843, 0.7648437500000007105 ) ) ;
#4045 = ORIENTED_EDGE ( 'NONE', *, *, #4934, .F. ) ;
#4046 = LINE ( 'NONE', #675, #6613 ) ;
#4047 = ORIENTED_EDGE ( 'NONE', *, *, #1909, .T. ) ;
#4048 = CARTESIAN_POINT ( 'NONE',  ( -1.998355954390180100, 4.301761892704103474, 4.983205639263011300 ) ) ;
#4049 = CARTESIAN_POINT ( 'NONE',  ( 2.113527642785239635, 3.102398670160408489, 6.992681545477557492 ) ) ;
#4050 = DIRECTION ( 'NONE',  ( 0.000000000000000000, 0.000000000000000000, -1.000000000000000000 ) ) ;
#4051 = CARTESIAN_POINT ( 'NONE',  ( 2.579629788281250224, 3.500000000000000444, 3.493359376083940759 ) ) ;
#4052 = CARTESIAN_POINT ( 'NONE',  ( -1.825906507763524367, 2.360782402471364172, 3.514699985295421047 ) ) ;
#4053 = CARTESIAN_POINT ( 'NONE',  ( 2.149371284761858902, 3.447923056960875865, 2.250209012331425118 ) ) ;
#4054 = CARTESIAN_POINT ( 'NONE',  ( -0.8317388967637302510, 5.482652475220561428, 2.501756396277749595 ) ) ;
#4055 = ADVANCED_FACE ( 'NONE', ( #1229 ), #4514, .F. ) ;
#4056 = EDGE_CURVE ( 'NONE', #4411, #2774, #706, .T. ) ;
#4057 = CARTESIAN_POINT ( 'NONE',  ( 2.136094268775136307, 3.749663761995705613, 3.061187361382331940 ) ) ;
#4058 = CARTESIAN_POINT ( 'NONE',  ( 0.000000000000000000, -5.179673909541009813, 2.000000000000000000 ) ) ;
#4059 = CARTESIAN_POINT ( 'NONE',  ( -2.021260977683275950, 2.767113004808210874, 4.281296597674447035 ) ) ;
#4060 = CARTESIAN_POINT ( 'NONE',  ( 2.149999986752673120, 3.639960507663008826, 1.467172002264861330 ) ) ;
#4061 = DIRECTION ( 'NONE',  ( -0.000000000000000000, 1.000000000000000000, -0.000000000000000000 ) ) ;
#4062 = LINE ( 'NONE', #1818, #7022 ) ;
#4063 = DIRECTION ( 'NONE',  ( 0.000000000000000000, 0.000000000000000000, -1.000000000000000000 ) ) ;
#4064 = CARTESIAN_POINT ( 'NONE',  ( -1.824073716244489329, 1.675926283755509782, 5.676171876083942358 ) ) ;
#4065 = ORIENTED_EDGE ( 'NONE', *, *, #5111, .T. ) ;
#4066 = AXIS2_PLACEMENT_3D ( 'NONE', #440, #3833, #5897 ) ;
#4067 = CARTESIAN_POINT ( 'NONE',  ( 1.068517644207729544, 6.079629788281250669, 8.404687501083941470 ) ) ;
#4068 = CARTESIAN_POINT ( 'NONE',  ( 2.101880272430667773, 3.952434783772888149, 6.248155873623773893 ) ) ;
#4069 = CARTESIAN_POINT ( 'NONE',  ( -1.068517644207729766, 6.079629788281250669, -1.021093748916058308 ) ) ;
#4070 = AXIS2_PLACEMENT_3D ( 'NONE', #5648, #4455, #5720 ) ;
#4071 = CARTESIAN_POINT ( 'NONE',  ( 2.999999999999998668, -8.150000000000000355, 2.000000000000000000 ) ) ;
#4072 = CARTESIAN_POINT ( 'NONE',  ( 3.000000000000000000, 15.27371993328518762, 2.000000000000000000 ) ) ;
#4073 = CARTESIAN_POINT ( 'NONE',  ( 3.949485927250213853E-16, 1.350000000000000089, 0.6656250021678817852 ) ) ;
#4074 = CIRCLE ( 'NONE', #1075, 1.500000000000000444 ) ;
#4075 = CARTESIAN_POINT ( 'NONE',  ( 1.068517644207729322, 6.079629788281250669, 5.229687501083939871 ) ) ;
#4076 = DIRECTION ( 'NONE',  ( -0.000000000000000000, 0.000000000000000000, 1.000000000000000000 ) ) ;
#4077 = CARTESIAN_POINT ( 'NONE',  ( 0.7130272435970294032, 1.471534835854969803, 6.065954946793327807 ) ) ;
#4078 = CARTESIAN_POINT ( 'NONE',  ( 4.738703044805694992E-16, 0.9203702117187499976, 0.2191406260839412479 ) ) ;
#4079 = CARTESIAN_POINT ( 'NONE',  ( 1.504030219768812460, 1.963082571119855180, 2.946467059537262845 ) ) ;
#4080 = CIRCLE ( 'NONE', #1543, 1.000000000000000000 ) ;
#4081 = CARTESIAN_POINT ( 'NONE',  ( -1.520279579551077287, 5.020279579551076843, 0.1695312500000021316 ) ) ;
#4082 = LINE ( 'NONE', #3970, #2922 ) ;
#4083 = ORIENTED_EDGE ( 'NONE', *, *, #1749, .F. ) ;
#4084 = AXIS2_PLACEMENT_3D ( 'NONE', #427, #5923, #5265 ) ;
#4085 = CARTESIAN_POINT ( 'NONE',  ( -2.149803448121018867, 3.530037556647881658, 5.029571788077377370 ) ) ;
#4086 = CARTESIAN_POINT ( 'NONE',  ( -2.147927235758563480, 3.405513620275973707, 6.624061271419954267 ) ) ;
#4087 = CARTESIAN_POINT ( 'NONE',  ( -1.068517644207725992, 0.9203702117187605447, 0.1695312510839482589 ) ) ;
#4088 = CARTESIAN_POINT ( 'NONE',  ( -2.579629788281249336, 2.431482355792268013, 4.733593751083940759 ) ) ;
#4089 = CARTESIAN_POINT ( 'NONE',  ( -0.2213560930611424837, 1.361353947346514381, 3.629407826710970841 ) ) ;
#4090 = CARTESIAN_POINT ( 'NONE',  ( -1.129285506699513109, 1.669111862934622215, 1.984478510179216171 ) ) ;
#4091 = CARTESIAN_POINT ( 'NONE',  ( -2.150000001266692440, 3.505810038582146237, 2.649676344776492165 ) ) ;
#4092 = CARTESIAN_POINT ( 'NONE',  ( 1.571132846503532576, 2.031869192648947831, 5.332982137778905063 ) ) ;
#4093 = LINE ( 'NONE', #2281, #7100 ) ;
#4094 = FACE_OUTER_BOUND ( 'NONE', #1408, .T. ) ;
#4095 = CARTESIAN_POINT ( 'NONE',  ( -1.614469369807266297, 2.078419629007635550, 4.328580283369340087 ) ) ;
#4096 = CYLINDRICAL_SURFACE ( 'NONE', #6554, 1.650000000000002132 ) ;
#4097 = CARTESIAN_POINT ( 'NONE',  ( 0.000000000000000000, 0.000000000000000000, 2.000000000000000000 ) ) ;
#4098 = CARTESIAN_POINT ( 'NONE',  ( 2.579629788281250224, 3.500000000000000444, 1.211328126083942136 ) ) ;
#4099 = EDGE_CURVE ( 'NONE', #4411, #5438, #3481, .T. ) ;
#4100 = ORIENTED_EDGE ( 'NONE', *, *, #4547, .F. ) ;
#4101 = CARTESIAN_POINT ( 'NONE',  ( -0.4197709145024985378, 1.391055453676645737, 2.824099653382898367 ) ) ;
#4102 = CARTESIAN_POINT ( 'NONE',  ( 2.123574521573617258, 3.846675973313272934, 6.241671620973973766 ) ) ;
#4103 = AXIS2_PLACEMENT_3D ( 'NONE', #4058, #3400, #1305 ) ;
#4104 = CARTESIAN_POINT ( 'NONE',  ( -0.3365750034797412304, 1.376380413905677447, 7.591622258805275081 ) ) ;
#4105 = CARTESIAN_POINT ( 'NONE',  ( -2.100968657062072253, 3.962576514870356004, 7.385589180229032991 ) ) ;
#4106 = CARTESIAN_POINT ( 'NONE',  ( -0.8905591591021551068, 1.350000000000000533, 1.409765627167881341 ) ) ;
#4107 = CARTESIAN_POINT ( 'NONE',  ( 1.068517644207731099, 0.9203702117187504417, 4.932031251083938805 ) ) ;
#4108 = CARTESIAN_POINT ( 'NONE',  ( -1.824073716244489329, 1.675926283755509782, 3.989453126083940759 ) ) ;
#4109 = CARTESIAN_POINT ( 'NONE',  ( -1.172953794123859028, 1.696946492559277431, 5.950105730574793306 ) ) ;
#4110 = CARTESIAN_POINT ( 'NONE',  ( -1.579567681601898742E-16, 6.079629788281250669, -0.9714843739160576863 ) ) ;
#4111 = CARTESIAN_POINT ( 'NONE',  ( -1.068517644207729766, 6.079629788281250669, 2.153906251083940848 ) ) ;
#4112 = CARTESIAN_POINT ( 'NONE',  ( 2.149999999999999911, 3.500000000000000444, 1.459375000000001421 ) ) ;
#4113 = CARTESIAN_POINT ( 'NONE',  ( -2.149999999999994138, 3.499999842442264697, 1.062499871044174649 ) ) ;
#4114 = EDGE_CURVE ( 'NONE', #6167, #5806, #3439, .T. ) ;
#4115 = CARTESIAN_POINT ( 'NONE',  ( -1.622997684034259924, 4.910343641267799875, 4.940593206862793352 ) ) ;
#4116 = CARTESIAN_POINT ( 'NONE',  ( -2.149937716259255449, 3.483094458130349125, 6.619693179313040687 ) ) ;
#4117 = CARTESIAN_POINT ( 'NONE',  ( 0.000000000000000000, -9.184850993605147944E-16, 7.000000000000000000 ) ) ;
#4118 = CARTESIAN_POINT ( 'NONE',  ( -1.068517644207729766, 6.079629788281250669, 4.535156251083940937 ) ) ;
#4119 = VERTEX_POINT ( 'NONE', #1736 ) ;
#4120 = CARTESIAN_POINT ( 'NONE',  ( 1.395815204231693363, 1.864694885831493343, 3.731858427347268137 ) ) ;
#4121 = CARTESIAN_POINT ( 'NONE',  ( -2.141335942708412432, 3.297539125819824335, 1.867729130831989659 ) ) ;
#4122 = CARTESIAN_POINT ( 'NONE',  ( -2.149824347497252042, 3.528397887731320903, 2.648413384643849344 ) ) ;
#4123 = CARTESIAN_POINT ( 'NONE',  ( 2.114117171074654689, 3.904884506444285197, 3.070460723764616873 ) ) ;
#4124 = CARTESIAN_POINT ( 'NONE',  ( -1.426935212443227075, 1.344409630095956487, 8.000000000000010658 ) ) ;
#4125 = CARTESIAN_POINT ( 'NONE',  ( -2.543385834414213065, 3.930904098250507239, 2.077144524579118290E-15 ) ) ;
#4126 = CARTESIAN_POINT ( 'NONE',  ( -0.06522639520947022540, 1.349538799709247838, 4.432262633891429715 ) ) ;
#4127 = DIRECTION ( 'NONE',  ( -1.000000000000000000, 0.000000000000000000, 0.000000000000000000 ) ) ;
#4128 = DIRECTION ( 'NONE',  ( 1.387778780781445676E-16, -1.000000000000000000, 0.000000000000000000 ) ) ;
#4129 = LINE ( 'NONE', #6328, #5570 ) ;
#4130 = CARTESIAN_POINT ( 'NONE',  ( 4.738703044805694992E-16, 0.9203702117187499976, 2.600390626083942003 ) ) ;
#4131 = ORIENTED_EDGE ( 'NONE', *, *, #1841, .F. ) ;
#4132 = CARTESIAN_POINT ( 'NONE',  ( -1.483434668154346880, 1.943721950477033111, 2.752113734829689129 ) ) ;
#4133 = CARTESIAN_POINT ( 'NONE',  ( -1.682367505190252688, 4.840174438995579642, 0.9770607061117594361 ) ) ;
#4134 = VECTOR ( 'NONE', #373, 1000.000000000000000 ) ;
#4135 = CARTESIAN_POINT ( 'NONE',  ( 0.2556448352448044692, 1.365210226245677116, 7.625529992873921969 ) ) ;
#4136 = LINE ( 'NONE', #2371, #3953 ) ;
#4137 = CARTESIAN_POINT ( 'NONE',  ( 11.29972752043596884, 9.908024986046154226, 0.000000000000000000 ) ) ;
#4138 = CARTESIAN_POINT ( 'NONE',  ( 2.149999999999999911, 3.500000000000000444, 0.07031250216788138829 ) ) ;
#4139 = EDGE_LOOP ( 'NONE', ( #5449, #6749, #4909, #6955 ) ) ;
#4140 = CIRCLE ( 'NONE', #6325, 4.000000000000000000 ) ;
#4141 = CARTESIAN_POINT ( 'NONE',  ( -1.068517644207730211, 0.9203702117187504417, 6.420312501083940582 ) ) ;
#4142 = CARTESIAN_POINT ( 'NONE',  ( 2.579629788281250224, 3.500000000000000444, 4.287109376083940937 ) ) ;
#4143 = CARTESIAN_POINT ( 'NONE',  ( -1.739453881915904443, 2.236167761518692121, 5.904914061018510019 ) ) ;
#4144 = DIRECTION ( 'NONE',  ( 0.000000000000000000, 0.000000000000000000, -1.000000000000000000 ) ) ;
#4145 = CARTESIAN_POINT ( 'NONE',  ( -1.068517644207729766, 6.079629788281250669, -0.1281249989160578029 ) ) ;
#4146 = CARTESIAN_POINT ( 'NONE',  ( -1.579567681601898742E-16, 6.079629788281250669, 1.310546876083940715 ) ) ;
#4147 = CARTESIAN_POINT ( 'NONE',  ( -2.149999999999999911, 3.500000000000000000, 0.2687500000000015987 ) ) ;
#4148 = EDGE_CURVE ( 'NONE', #4242, #5873, #5563, .T. ) ;
#4149 = CARTESIAN_POINT ( 'NONE',  ( 2.579629788281249780, 4.568517644207729766, 6.717968751083940759 ) ) ;
#4150 = EDGE_LOOP ( 'NONE', ( #4920, #3351, #43, #169 ) ) ;
#4151 = CARTESIAN_POINT ( 'NONE',  ( -2.149999999999975930, 3.499999676497305590, 5.031250018022010551 ) ) ;
#4152 = CARTESIAN_POINT ( 'NONE',  ( -2.149824954631537555, 3.470341563691889064, 6.620406194527199695 ) ) ;
#4153 = CIRCLE ( 'NONE', #1618, 1.000000000000002220 ) ;
#4154 = CARTESIAN_POINT ( 'NONE',  ( 1.068517644207725326, 6.079629788281240010, 1.360156251083948442 ) ) ;
#4155 = ORIENTED_EDGE ( 'NONE', *, *, #2814, .T. ) ;
#4156 = CARTESIAN_POINT ( 'NONE',  ( 1.142585382489608836, 1.678650080354196605, 3.713420182915994072 ) ) ;
#4157 = CARTESIAN_POINT ( 'NONE',  ( -17.50000000000000355, -7.500000000000000000, 2.000000000000000000 ) ) ;
#4158 = CARTESIAN_POINT ( 'NONE',  ( 1.720236904936096378, 4.791582080701137336, 2.334980451745197083 ) ) ;
#4159 = CIRCLE ( 'NONE', #5429, 7.017157287525382259 ) ;
#4160 = CIRCLE ( 'NONE', #1045, 0.4999999999999996669 ) ;
#4161 = CARTESIAN_POINT ( 'NONE',  ( 2.105764326106872364, 3.064517546768557921, 5.402836000330173860 ) ) ;
#4162 = DIRECTION ( 'NONE',  ( 0.000000000000000000, 0.000000000000000000, -1.000000000000000000 ) ) ;
#4163 = CARTESIAN_POINT ( 'NONE',  ( -1.807023363890268852, 2.333449993468590389, 4.310412802224177220 ) ) ;
#4164 = DIRECTION ( 'NONE',  ( -0.000000000000000000, 0.000000000000000000, -1.000000000000000000 ) ) ;
#4165 = CARTESIAN_POINT ( 'NONE',  ( 3.949485927250213853E-16, 1.350000000000000089, 4.634375002167882229 ) ) ;
#4166 = CARTESIAN_POINT ( 'NONE',  ( 0.000000000000000000, -12.49999999999999822, 0.5000000000000000000 ) ) ;
#4167 = CARTESIAN_POINT ( 'NONE',  ( 1.068517644207731321, 0.9203702117187504417, 0.2687500010839418696 ) ) ;
#4168 = EDGE_CURVE ( 'NONE', #2774, #433, #6726, .T. ) ;
#4169 = EDGE_LOOP ( 'NONE', ( #3891, #190, #6048, #1115 ) ) ;
#4170 = CARTESIAN_POINT ( 'NONE',  ( 0.03625876241819923212, 1.350165238161859849, 2.850521697421454892 ) ) ;
#4171 = CARTESIAN_POINT ( 'NONE',  ( -2.149999999999999911, 4.390559159102155107, 1.211328127167881519 ) ) ;
#4172 = CARTESIAN_POINT ( 'NONE',  ( -0.2937512713623953164, 1.370161453023193587, 7.594106383507505775 ) ) ;
#4173 = CARTESIAN_POINT ( 'NONE',  ( 2.149999999999955946, 3.500000303323715034, 5.626568056860509870 ) ) ;
#4174 = DIRECTION ( 'NONE',  ( 1.000000000000000000, 1.734723475976807094E-15, 0.000000000000000000 ) ) ;
#4175 = CARTESIAN_POINT ( 'NONE',  ( 0.8905591591021542186, 5.650000000000000355, 2.600390627167881163 ) ) ;
#4176 = EDGE_LOOP ( 'NONE', ( #2884, #6337, #2819, #4452 ) ) ;
#4177 = ORIENTED_EDGE ( 'NONE', *, *, #5303, .F. ) ;
#4178 = VECTOR ( 'NONE', #407, 1000.000000000000000 ) ;
#4179 = CARTESIAN_POINT ( 'NONE',  ( 1.824073716244489773, 5.324073716244490662, 2.005078126083940759 ) ) ;
#4180 = CARTESIAN_POINT ( 'NONE',  ( -1.579567681601898742E-16, 6.079629788281250669, 5.279296876083940937 ) ) ;
#4181 = CARTESIAN_POINT ( 'NONE',  ( 0.6427983214464874084, 1.448189845160666955, 6.061511752050718016 ) ) ;
#4182 = DIRECTION ( 'NONE',  ( 0.000000000000000000, 0.000000000000000000, -1.000000000000000000 ) ) ;
#4183 = CARTESIAN_POINT ( 'NONE',  ( -1.824073716244489329, 1.675926283755509782, 0.1199218760839417669 ) ) ;
#4184 = CARTESIAN_POINT ( 'NONE',  ( 4.738703044805694992E-16, 0.9203702117187499976, 2.501171876083940759 ) ) ;
#4185 = CARTESIAN_POINT ( 'NONE',  ( -2.149999999999999467, 2.609440840897844893, -0.4753906249999987899 ) ) ;
#4186 = EDGE_CURVE ( 'NONE', #639, #1033, #6652, .T. ) ;
#4187 = DIRECTION ( 'NONE',  ( 0.000000000000000000, 0.000000000000000000, -1.000000000000000000 ) ) ;
#4188 = ORIENTED_EDGE ( 'NONE', *, *, #4250, .T. ) ;
#4189 = CARTESIAN_POINT ( 'NONE',  ( -1.596778795652345817, 4.939781283725523942, 4.938295112478325422 ) ) ;
#4190 = CARTESIAN_POINT ( 'NONE',  ( -1.023229593399525017, 1.608666439915304558, 6.754207640742871277 ) ) ;
#4191 = AXIS2_PLACEMENT_3D ( 'NONE', #1573, #1463, #3774 ) ;
#4192 = CARTESIAN_POINT ( 'NONE',  ( 2.074382243328961373, 4.070849858698332824, 1.492926845621546317 ) ) ;
#4193 =( BOUNDED_CURVE ( )  B_SPLINE_CURVE ( 2, ( #5941, #989, #5394, #4855, #7055, #2110, #6515, #5973, #1024 ),
 .UNSPECIFIED., .F., .F. ) 
 B_SPLINE_CURVE_WITH_KNOTS ( ( 3, 2, 2, 2, 3 ),
 ( 0.5953273380562643657, 0.6052494133223252915, 0.6151715348521995530, 0.6250936563820737035, 0.6350157945276080351 ),
 .UNSPECIFIED. ) 
 CURVE ( )  GEOMETRIC_REPRESENTATION_ITEM ( )  RATIONAL_B_SPLINE_CURVE ( ( 1.000000000000000000, 0.9238795325112867385, 1.000000000000000000, 0.9238795325112867385, 1.000000000000000000, 0.9238795325112867385, 1.000000000000000000, 0.9238795325112867385, 1.000000000000000000 ) ) 
 REPRESENTATION_ITEM ( '' )  );
#4194 = CARTESIAN_POINT ( 'NONE',  ( 2.579629788281240010, 3.500000000000000444, 0.4175781260839478426 ) ) ;
#4195 = EDGE_CURVE ( 'NONE', #3692, #5715, #6764, .T. ) ;
#4196 = ORIENTED_EDGE ( 'NONE', *, *, #3510, .T. ) ;
#4197 = EDGE_LOOP ( 'NONE', ( #4730, #978, #1013, #1988 ) ) ;
#4198 = DIRECTION ( 'NONE',  ( 0.000000000000000000, 0.000000000000000000, -1.000000000000000000 ) ) ;
#4199 = CARTESIAN_POINT ( 'NONE',  ( -2.094233424818644718, 3.001011175752427818, 1.885352411425954555 ) ) ;
#4200 = CARTESIAN_POINT ( 'NONE',  ( -0.2889591294131692578, 5.630502223042211263, 2.468109078317599625 ) ) ;
#4201 = CIRCLE ( 'NONE', #2006, 4.000000000000000000 ) ;
#4202 = CARTESIAN_POINT ( 'NONE',  ( 1.680077104754521100, 4.843009849377899911, 3.132528273112092254 ) ) ;
#4203 = CARTESIAN_POINT ( 'NONE',  ( -10.00000000000000000, -8.150000000000000355, 2.000000000000000000 ) ) ;
#4204 = DIRECTION ( 'NONE',  ( 0.000000000000000000, 0.000000000000000000, -1.000000000000000000 ) ) ;
#4205 = CARTESIAN_POINT ( 'NONE',  ( -2.125857954086155743, 3.177294177066875669, 4.256040490337802851 ) ) ;
#4206 = FACE_OUTER_BOUND ( 'NONE', #6502, .T. ) ;
#4207 = CARTESIAN_POINT ( 'NONE',  ( -0.8905591591021549958, 1.350000000000000533, 4.584765627167881163 ) ) ;
#4208 = CARTESIAN_POINT ( 'NONE',  ( -2.145042527500179652, 3.649534758267373835, 5.816545195433639570 ) ) ;
#4209 = CARTESIAN_POINT ( 'NONE',  ( 1.824073716244490218, 1.675926283755510227, 0.3183593760839424913 ) ) ;
#4210 = ORIENTED_EDGE ( 'NONE', *, *, #2524, .F. ) ;
#4211 = CARTESIAN_POINT ( 'NONE',  ( -0.3111226429873799049, 1.371356868439972843, 2.830603450884749517 ) ) ;
#4212 = CARTESIAN_POINT ( 'NONE',  ( -1.912846894285944677, 4.481958372399729384, 1.002325684528382999 ) ) ;
#4213 = CARTESIAN_POINT ( 'NONE',  ( -0.2873975546805867531, 1.369290896197429941, 7.594466410184984362 ) ) ;
#4214 = DIRECTION ( 'NONE',  ( 0.000000000000000000, -0.000000000000000000, -1.000000000000000000 ) ) ;
#4215 = CARTESIAN_POINT ( 'NONE',  ( 2.149999999999999911, 4.390559159102155995, 2.501171877167882140 ) ) ;
#4216 = ORIENTED_EDGE ( 'NONE', *, *, #5814, .T. ) ;
#4217 = ORIENTED_EDGE ( 'NONE', *, *, #6654, .T. ) ;
#4218 = CARTESIAN_POINT ( 'NONE',  ( -1.824073716244489995, 5.324073716244490662, 2.203515626083940582 ) ) ;
#4219 = CARTESIAN_POINT ( 'NONE',  ( -1.068517644207730211, 0.9203702117187504417, 2.451562501083940582 ) ) ;
#4220 = CARTESIAN_POINT ( 'NONE',  ( -1.931248669059508760, 2.554792043898577614, 5.882698084269358141 ) ) ;
#4221 = LINE ( 'NONE', #355, #1283 ) ;
#4222 = CARTESIAN_POINT ( 'NONE',  ( -2.579629788281249336, 2.431482355792268013, -0.02890624891605832192 ) ) ;
#4223 = CARTESIAN_POINT ( 'NONE',  ( -2.579629788281250224, 3.500000000000000000, 6.370703126083942180 ) ) ;
#4224 = CARTESIAN_POINT ( 'NONE',  ( -1.068517644207729766, 6.079629788281250669, 7.710156251083939871 ) ) ;
#4225 = ORIENTED_EDGE ( 'NONE', *, *, #3525, .F. ) ;
#4226 = CARTESIAN_POINT ( 'NONE',  ( 0.8197486858406699550, 5.487648444485900612, 4.783401015003164503 ) ) ;
#4227 = CARTESIAN_POINT ( 'NONE',  ( -1.877889100837798253, 2.451062989788180158, 6.683463133522851152 ) ) ;
#4228 = CARTESIAN_POINT ( 'NONE',  ( 1.475900923971732892, 5.063413006368530311, 1.562060596662135037 ) ) ;
#4229 = CARTESIAN_POINT ( 'NONE',  ( 2.150000000000000355, 2.609440840897845781, 7.759765625000000888 ) ) ;
#4230 = EDGE_LOOP ( 'NONE', ( #4266, #1132, #2930, #5934, #6127 ) ) ;
#4231 = ORIENTED_EDGE ( 'NONE', *, *, #1995, .F. ) ;
#4232 = CARTESIAN_POINT ( 'NONE',  ( -2.149909914765343544, 3.479651460332476187, 3.444887471214340913 ) ) ;
#4233 = CARTESIAN_POINT ( 'NONE',  ( 0.2815591359897871016, 5.631571615202575209, 2.435508543429150130 ) ) ;
#4234 = CARTESIAN_POINT ( 'NONE',  ( 5.408326913195983465, 0.000000000000000000, 2.000000000000000000 ) ) ;
#4235 = CARTESIAN_POINT ( 'NONE',  ( -2.149999999999999911, 3.500000000000000000, 8.000000000000000000 ) ) ;
#4236 = CARTESIAN_POINT ( 'NONE',  ( 0.000000000000000000, 13.50000000000000000, 0.000000000000000000 ) ) ;
#4237 = FACE_OUTER_BOUND ( 'NONE', #3337, .T. ) ;
#4238 = CARTESIAN_POINT ( 'NONE',  ( 0.000000000000000000, -5.179673909541009813, 0.5000000000000000000 ) ) ;
#4239 = CARTESIAN_POINT ( 'NONE',  ( -4.999999999999998224, 14.54651426760056765, 0.000000000000000000 ) ) ;
#4240 = CARTESIAN_POINT ( 'NONE',  ( 0.07682687617016777104, 5.648688822078166361, 5.622229445075486609 ) ) ;
#4241 = CARTESIAN_POINT ( 'NONE',  ( 4.738703044805694992E-16, 0.9203702117187499976, 1.012890626083942314 ) ) ;
#4242 = VERTEX_POINT ( 'NONE', #1195 ) ;
#4243 = CARTESIAN_POINT ( 'NONE',  ( -17.50000000000000355, -7.500000000000000000, 2.000000000000000000 ) ) ;
#4244 = CARTESIAN_POINT ( 'NONE',  ( -0.03623526971128938901, 5.650825714996560833, 0.8658211121104925079 ) ) ;
#4245 = DIRECTION ( 'NONE',  ( -1.000000000000000000, 0.000000000000000000, 0.000000000000000000 ) ) ;
#4246 = CARTESIAN_POINT ( 'NONE',  ( 1.563148323833756015, 4.976183632065545481, 7.905148100366893971 ) ) ;
#4247 = CARTESIAN_POINT ( 'NONE',  ( -11.50000000000000178, 9.507820771309093644, 0.000000000000000000 ) ) ;
#4248 = CARTESIAN_POINT ( 'NONE',  ( -2.149999999999999911, 4.390559159102155995, -1.169921872832118348 ) ) ;
#4249 = ORIENTED_EDGE ( 'NONE', *, *, #5981, .F. ) ;
#4250 = EDGE_CURVE ( 'NONE', #20, #6601, #6129, .T. ) ;
#4251 = CARTESIAN_POINT ( 'NONE',  ( -2.579629788281250224, 3.500000000000000000, 1.508984376083940537 ) ) ;
#4252 = CARTESIAN_POINT ( 'NONE',  ( -2.579629788281249336, 2.431482355792268013, 4.733593751083940759 ) ) ;
#4253 = CARTESIAN_POINT ( 'NONE',  ( -2.058958157323407256, 2.853538780367152583, 5.863115473241602871 ) ) ;
#4254 = CARTESIAN_POINT ( 'NONE',  ( -12.10796460808458974, -3.592035391915333165, 0.4184559579303850363 ) ) ;
#4255 = CARTESIAN_POINT ( 'NONE',  ( -1.579567681601898742E-16, 6.079629788281250669, 2.104296876083941115 ) ) ;
#4256 = AXIS2_PLACEMENT_3D ( 'NONE', #4024, #1197, #6221 ) ;
#4257 = CARTESIAN_POINT ( 'NONE',  ( 1.068517644207729544, 6.079629788281250669, 6.916406251083941470 ) ) ;
#4258 = EDGE_CURVE ( 'NONE', #4542, #7081, #1058, .T. ) ;
#4259 = CARTESIAN_POINT ( 'NONE',  ( -1.579567681601898742E-16, 6.079629788281250669, 6.866796876083940404 ) ) ;
#4260 = VERTEX_POINT ( 'NONE', #2965 ) ;
#4261 = CARTESIAN_POINT ( 'NONE',  ( 0.3429810430330795246, 5.622466784269675166, 4.813077031019341590 ) ) ;
#4262 = CARTESIAN_POINT ( 'NONE',  ( -0.3524115256928082029, 5.620923160038883815, 4.059365013086057239 ) ) ;
#4263 = CARTESIAN_POINT ( 'NONE',  ( -1.824073716244489329, 1.675926283755509782, 5.676171876083942358 ) ) ;
#4264 = CARTESIAN_POINT ( 'NONE',  ( -2.149999999999999911, 3.500000000000000000, 7.412500000000000533 ) ) ;
#4265 = VERTEX_POINT ( 'NONE', #2430 ) ;
#4266 = ORIENTED_EDGE ( 'NONE', *, *, #2814, .F. ) ;
#4267 = LINE ( 'NONE', #3219, #6151 ) ;
#4268 = CARTESIAN_POINT ( 'NONE',  ( 0.2296376685113261096, 5.637701942958553758, 2.438486195040101112 ) ) ;
#4269 = CIRCLE ( 'NONE', #3703, 3.299999999999998934 ) ;
#4270 = CARTESIAN_POINT ( 'NONE',  ( -2.025287915088106239, 4.246603200792121946, 0.2245511352146344897 ) ) ;
#4271 = CARTESIAN_POINT ( 'NONE',  ( 5.408326913195983465, -0.5171572875253820367, 6.000000000000000000 ) ) ;
#4272 = CARTESIAN_POINT ( 'NONE',  ( 0.000000000000000000, -5.179673909541009813, 0.000000000000000000 ) ) ;
#4273 = CARTESIAN_POINT ( 'NONE',  ( 17.49999999999999645, -9.000000000000000000, 0.5000000000000000000 ) ) ;
#4274 = CARTESIAN_POINT ( 'NONE',  ( 2.579629788281240454, 2.431482355792275563, 5.130468751083947510 ) ) ;
#4275 = CARTESIAN_POINT ( 'NONE',  ( 1.822729067788095181, 4.641710612853011675, 5.499283438684102521 ) ) ;
#4276 = CARTESIAN_POINT ( 'NONE',  ( 1.068517644207731321, 0.9203702117187504417, -0.5249999989160574199 ) ) ;
#4277 = AXIS2_PLACEMENT_3D ( 'NONE', #3190, #543, #5490 ) ;
#4278 = ORIENTED_EDGE ( 'NONE', *, *, #1452, .T. ) ;
#4279 = EDGE_CURVE ( 'NONE', #3222, #4960, #3548, .T. ) ;
#4280 = CYLINDRICAL_SURFACE ( 'NONE', #5183, 2.149999999999999911 ) ;
#4281 = CARTESIAN_POINT ( 'NONE',  ( -2.144086422927798274, 3.666317397131040323, 1.052986816942311332 ) ) ;
#4282 = CARTESIAN_POINT ( 'NONE',  ( -2.097768447411802573, 3.024684656234808866, 7.440183724190405634 ) ) ;
#4283 = CARTESIAN_POINT ( 'NONE',  ( 1.736293443315637175, 4.776812670275205619, 7.890037549029806918 ) ) ;
#4284 = CARTESIAN_POINT ( 'NONE',  ( 1.968874090794529241, 4.365028233811070635, 7.067921983080157844 ) ) ;
#4285 = CARTESIAN_POINT ( 'NONE',  ( 0.8905591591021556619, 1.350000000000000533, -0.07851562283211870052 ) ) ;
#4286 = ORIENTED_EDGE ( 'NONE', *, *, #6740, .F. ) ;
#4287 = CARTESIAN_POINT ( 'NONE',  ( -1.579567681601898742E-16, 6.079629788281250669, 2.898046876083941292 ) ) ;
#4288 = CARTESIAN_POINT ( 'NONE',  ( -2.579629788281249780, 4.568517644207729766, -0.1281249989160595237 ) ) ;
#4289 = CARTESIAN_POINT ( 'NONE',  ( -1.942775884258160612, 2.578648398133268405, 5.881103888917374789 ) ) ;
#4290 = DIRECTION ( 'NONE',  ( 1.000000000000000000, 0.000000000000000000, 0.000000000000000000 ) ) ;
#4291 = CARTESIAN_POINT ( 'NONE',  ( 1.824073716244489773, 5.324073716244490662, -0.3761718739160591074 ) ) ;
#4292 = CARTESIAN_POINT ( 'NONE',  ( -1.824073716244489329, 1.675926283755509782, 7.263671876083941825 ) ) ;
#4293 = CARTESIAN_POINT ( 'NONE',  ( -2.579629788281249780, 4.568517644207729766, 8.603125001083942180 ) ) ;
#4294 = AXIS2_PLACEMENT_3D ( 'NONE', #3402, #3475, #4556 ) ;
#4295 = CARTESIAN_POINT ( 'NONE',  ( 1.822684870318819872, 4.640586287185256786, 4.705494522516583622 ) ) ;
#4296 = CARTESIAN_POINT ( 'NONE',  ( -2.149999999963787545, 3.500012478491843382, 6.618749304871252015 ) ) ;
#4297 = CARTESIAN_POINT ( 'NONE',  ( 1.824073716244490218, 1.675926283755510227, 6.668359376083942358 ) ) ;
#4298 = CIRCLE ( 'NONE', #3485, 1.650000000000002132 ) ;
#4299 = CARTESIAN_POINT ( 'NONE',  ( -2.149999999999999911, 4.390559159102155995, 5.775390625000000888 ) ) ;
#4300 = ORIENTED_EDGE ( 'NONE', *, *, #1172, .T. ) ;
#4301 = ORIENTED_EDGE ( 'NONE', *, *, #522, .F. ) ;
#4302 = CARTESIAN_POINT ( 'NONE',  ( -2.149982891746311076, 3.489986515536677381, 3.444308594298405524 ) ) ;
#4303 = CARTESIAN_POINT ( 'NONE',  ( 1.841191133180407835, 4.613141853791558056, 2.322253686011291229 ) ) ;
#4304 = VECTOR ( 'NONE', #361, 1000.000000000000000 ) ;
#4305 = CARTESIAN_POINT ( 'NONE',  ( 0.1389318169153765659, 1.350014737997718983, 5.237146079811509480 ) ) ;
#4306 = DIRECTION ( 'NONE',  ( -1.000000000000000000, 0.000000000000000000, 0.000000000000000000 ) ) ;
#4307 = CARTESIAN_POINT ( 'NONE',  ( -5.408326913195983465, -9.184850993605147944E-16, 7.000000000000000000 ) ) ;
#4308 =( BOUNDED_CURVE ( )  B_SPLINE_CURVE ( 2, ( #1020, #1565, #4346, #3192, #3349, #2073, #949, #2578, #3665 ),
 .UNSPECIFIED., .F., .T. ) 
 B_SPLINE_CURVE_WITH_KNOTS ( ( 3, 2, 2, 2, 3 ),
 ( 0.2778193991278000707, 0.2877415243663514199, 0.2976636458962255705, 0.3075857674260997210, 0.3175079456359166108 ),
 .UNSPECIFIED. ) 
 CURVE ( )  GEOMETRIC_REPRESENTATION_ITEM ( )  RATIONAL_B_SPLINE_CURVE ( ( 1.000000000000000000, 0.9238795325112867385, 1.000000000000000000, 0.9238795325112867385, 1.000000000000000000, 0.9238795325112867385, 1.000000000000000000, 0.9238795325112867385, 1.000000000000000000 ) ) 
 REPRESENTATION_ITEM ( '' )  );
#4309 = CARTESIAN_POINT ( 'NONE',  ( -13.00000000000000178, -2.700000000000000178, 2.000000000000000000 ) ) ;
#4310 = DIRECTION ( 'NONE',  ( -1.000000000000000000, 0.000000000000000000, 0.000000000000000000 ) ) ;
#4311 = CARTESIAN_POINT ( 'NONE',  ( -2.579629788281240010, 4.568517644207725326, 6.321093751083947332 ) ) ;
#4312 = AXIS2_PLACEMENT_3D ( 'NONE', #992, #3740, #4891 ) ;
#4313 = CARTESIAN_POINT ( 'NONE',  ( 0.03248732342824994790, 5.649849275980530550, 5.624743929820597010 ) ) ;
#4314 = DIRECTION ( 'NONE',  ( -0.000000000000000000, -0.000000000000000000, -1.000000000000000000 ) ) ;
#4315 = ORIENTED_EDGE ( 'NONE', *, *, #3084, .F. ) ;
#4316 = CYLINDRICAL_SURFACE ( 'NONE', #2303, 2.149999999999999911 ) ;
#4317 = CARTESIAN_POINT ( 'NONE',  ( 2.150000003743969046, 3.618193586089245350, 0.6724834641296515425 ) ) ;
#4318 = AXIS2_PLACEMENT_3D ( 'NONE', #5052, #6718, #4409 ) ;
#4319 = CARTESIAN_POINT ( 'NONE',  ( -20.99999999999999645, -9.000000000000000000, 0.5000000000000000000 ) ) ;
#4320 = CARTESIAN_POINT ( 'NONE',  ( -17.50000000000000355, -7.500000000000000000, 0.000000000000000000 ) ) ;
#4321 = CARTESIAN_POINT ( 'NONE',  ( -1.093698982230457917, 5.360620502288830913, 7.281415983316578355 ) ) ;
#4322 = CARTESIAN_POINT ( 'NONE',  ( 1.473707947100661331, 1.934530995698924505, 0.5627673737360086026 ) ) ;
#4323 = VERTEX_POINT ( 'NONE', #4663 ) ;
#4324 = ADVANCED_FACE ( 'NONE', ( #4237 ), #2711, .T. ) ;
#4325 = EDGE_CURVE ( 'NONE', #4843, #1761, #1167, .T. ) ;
#4326 = CARTESIAN_POINT ( 'NONE',  ( 1.068517644207729544, 6.079629788281250669, 1.260937501083941203 ) ) ;
#4327 = FACE_OUTER_BOUND ( 'NONE', #1103, .T. ) ;
#4328 = DIRECTION ( 'NONE',  ( -1.000000000000000000, 0.000000000000000000, -0.000000000000000000 ) ) ;
#4329 = CARTESIAN_POINT ( 'NONE',  ( -0.8905591591021546627, 5.650000000000000355, 6.668359377167880631 ) ) ;
#4330 = CARTESIAN_POINT ( 'NONE',  ( -2.579629788281250224, 3.500000000000000000, 8.751953126083941825 ) ) ;
#4331 = CARTESIAN_POINT ( 'NONE',  ( -1.824073716244489329, 1.675926283755509782, 6.370703126083940404 ) ) ;
#4332 = CARTESIAN_POINT ( 'NONE',  ( -0.1462335958606873765, 5.649570237217042212, 4.840997598030655880 ) ) ;
#4333 = CARTESIAN_POINT ( 'NONE',  ( -0.8500756174436564505, 5.474864556506326529, 4.090457694976956660 ) ) ;
#4334 = TOROIDAL_SURFACE ( 'NONE', #2708, 18.85000000000000142, 0.5000000000000000000 ) ;
#4335 = CARTESIAN_POINT ( 'NONE',  ( -1.824073716244489995, 5.324073716244490662, 7.065234376083942003 ) ) ;
#4336 = CARTESIAN_POINT ( 'NONE',  ( -2.149999999999999911, 4.390559159102155995, 6.569140625000001066 ) ) ;
#4337 = ORIENTED_EDGE ( 'NONE', *, *, #6811, .F. ) ;
#4338 = ORIENTED_EDGE ( 'NONE', *, *, #4148, .F. ) ;
#4339 = CARTESIAN_POINT ( 'NONE',  ( 0.000000000000000000, -0.5171572875253820367, 6.000000000000000000 ) ) ;
#4340 = CARTESIAN_POINT ( 'NONE',  ( -0.1621866865881576858, 1.356097868453497668, 1.251762191435511484 ) ) ;
#4341 = EDGE_CURVE ( 'NONE', #5998, #1468, #6034, .T. ) ;
#4342 = CARTESIAN_POINT ( 'NONE',  ( -1.950374093993294755, 4.424796394828201862, 0.2131112837830361484 ) ) ;
#4343 = DIRECTION ( 'NONE',  ( -0.000000000000000000, -0.000000000000000000, -1.000000000000000000 ) ) ;
#4344 = FACE_OUTER_BOUND ( 'NONE', #3810, .T. ) ;
#4345 = FACE_OUTER_BOUND ( 'NONE', #5008, .T. ) ;
#4346 = CARTESIAN_POINT ( 'NONE',  ( 1.520279579551077509, 1.979720420448922935, 5.527343752167881874 ) ) ;
#4347 = CARTESIAN_POINT ( 'NONE',  ( 2.579629788281240010, 4.568517644207725326, 6.023437501083947154 ) ) ;
#4348 = CARTESIAN_POINT ( 'NONE',  ( -0.8011447430606696285, 5.495678579609136527, 5.674813108177667154 ) ) ;
#4349 = DIRECTION ( 'NONE',  ( -1.000000000000000000, 0.000000000000000000, 0.000000000000000000 ) ) ;
#4350 = ORIENTED_EDGE ( 'NONE', *, *, #3491, .T. ) ;
#4351 = CYLINDRICAL_SURFACE ( 'NONE', #5884, 1.749999999999999778 ) ;
#4352 = CARTESIAN_POINT ( 'NONE',  ( 0.9599342425177044280, 5.423833608241619864, 0.8053691871530224144 ) ) ;
#4353 = CARTESIAN_POINT ( 'NONE',  ( -2.149999999999949285, 3.500000466213071260, 7.412499974030132499 ) ) ;
#4354 = DIRECTION ( 'NONE',  ( -1.387778780781445676E-16, -1.000000000000000000, 0.000000000000000000 ) ) ;
#4355 = DIRECTION ( 'NONE',  ( -1.000000000000000000, -0.000000000000000000, -0.000000000000000000 ) ) ;
#4356 = CARTESIAN_POINT ( 'NONE',  ( 0.8905591591021542186, 5.650000000000000355, -0.5746093728321178817 ) ) ;
#4357 = VERTEX_POINT ( 'NONE', #3226 ) ;
#4358 = CARTESIAN_POINT ( 'NONE',  ( 1.068517644207731321, 0.9203702117187504417, -0.6242187489160586633 ) ) ;
#4359 = DIRECTION ( 'NONE',  ( -0.000000000000000000, -0.000000000000000000, 1.000000000000000000 ) ) ;
#4360 = CARTESIAN_POINT ( 'NONE',  ( 2.149999999983939869, 3.499994103589950001, 0.8639563627407317314 ) ) ;
#4361 = CARTESIAN_POINT ( 'NONE',  ( -1.824073716244489995, 5.324073716244490662, -0.9714843739160594627 ) ) ;
#4362 = CARTESIAN_POINT ( 'NONE',  ( 2.033221948652499389, 4.205593990809132876, 4.676386382683174858 ) ) ;
#4363 = AXIS2_PLACEMENT_3D ( 'NONE', #4558, #109, #6766 ) ;
#4364 = CARTESIAN_POINT ( 'NONE',  ( -0.8771537130321127584, 5.462987502668094741, 4.092239642002907019 ) ) ;
#4365 = CARTESIAN_POINT ( 'NONE',  ( -1.579567681601898742E-16, 6.079629788281250669, 6.172265626083941470 ) ) ;
#4366 = CARTESIAN_POINT ( 'NONE',  ( 1.520279579551077509, 1.979720420448922935, 7.710156250000000711 ) ) ;
#4367 = VERTEX_POINT ( 'NONE', #2106 ) ;
#4368 = ORIENTED_EDGE ( 'NONE', *, *, #2290, .F. ) ;
#4369 = FACE_OUTER_BOUND ( 'NONE', #6978, .T. ) ;
#4370 = CARTESIAN_POINT ( 'NONE',  ( -0.2704684019129972583, 1.365739322850098914, 1.245515640630780352 ) ) ;
#4371 = VECTOR ( 'NONE', #5644, 1000.000000000000000 ) ;
#4372 = CARTESIAN_POINT ( 'NONE',  ( -0.7165725828245494977, 1.472901642878599038, 5.186934465692237595 ) ) ;
#4373 = FACE_OUTER_BOUND ( 'NONE', #2648, .T. ) ;
#4374 = CARTESIAN_POINT ( 'NONE',  ( 0.000000000000000000, 3.500000000000000000, 8.000000000000000000 ) ) ;
#4375 = CARTESIAN_POINT ( 'NONE',  ( -1.068517644207725548, 6.079629788281240010, 7.015625001083946266 ) ) ;
#4376 = CARTESIAN_POINT ( 'NONE',  ( 2.095407367604355642, 3.986457425596041659, 5.456412547020830672 ) ) ;
#4377 = CARTESIAN_POINT ( 'NONE',  ( 1.824073716244489773, 5.324073716244490662, -1.070703123916057153 ) ) ;
#4378 = ORIENTED_EDGE ( 'NONE', *, *, #4899, .F. ) ;
#4379 =( BOUNDED_CURVE ( )  B_SPLINE_CURVE ( 2, ( #6111, #1161, #5566, #3404, #621, #5600, #5025, #2825, #6943 ),
 .UNSPECIFIED., .F., .T. ) 
 B_SPLINE_CURVE_WITH_KNOTS ( ( 3, 2, 2, 2, 3 ),
 ( 0.4762618283891273396, 0.4861839549638351521, 0.4961060764937093581, 0.5060281980235835642, 0.5159503378362744197 ),
 .UNSPECIFIED. ) 
 CURVE ( )  GEOMETRIC_REPRESENTATION_ITEM ( )  RATIONAL_B_SPLINE_CURVE ( ( 1.000000000000000000, 0.9238795325112867385, 1.000000000000000000, 0.9238795325112867385, 1.000000000000000000, 0.9238795325112867385, 1.000000000000000000, 0.9238795325112867385, 1.000000000000000000 ) ) 
 REPRESENTATION_ITEM ( '' )  );
#4380 = CARTESIAN_POINT ( 'NONE',  ( 4.631449631449630289, 13.09249548304467936, 0.5000000000000000000 ) ) ;
#4381 = CARTESIAN_POINT ( 'NONE',  ( 1.992007325716619981, 4.310538311929824395, 0.7144254307701088935 ) ) ;
#4382 = CARTESIAN_POINT ( 'NONE',  ( 5.408326913195983465, 1.000000000000000000, 6.000000000000000000 ) ) ;
#4383 = CARTESIAN_POINT ( 'NONE',  ( -1.725771154145153030, 4.789609200273449829, 1.774858097577937777 ) ) ;
#4384 = DIRECTION ( 'NONE',  ( 0.000000000000000000, 0.000000000000000000, -1.000000000000000000 ) ) ;
#4385 = EDGE_CURVE ( 'NONE', #55, #3222, #2782, .T. ) ;
#4386 = CARTESIAN_POINT ( 'NONE',  ( 2.093382254035964340, 3.008469151007378883, 0.6369293770290448409 ) ) ;
#4387 = ORIENTED_EDGE ( 'NONE', *, *, #1577, .T. ) ;
#4388 = EDGE_LOOP ( 'NONE', ( #6294, #2637, #4685, #6907 ) ) ;
#4389 = CARTESIAN_POINT ( 'NONE',  ( -2.579629788281250224, 3.500000000000000000, 2.302734376083940937 ) ) ;
#4390 = DIRECTION ( 'NONE',  ( -0.000000000000000000, -0.000000000000000000, 1.000000000000000000 ) ) ;
#4391 = CARTESIAN_POINT ( 'NONE',  ( -4.999999999999998224, 14.54651426760056765, 0.5000000000000000000 ) ) ;
#4392 = CARTESIAN_POINT ( 'NONE',  ( 1.520279579551077509, 1.979720420448922935, 6.321093752167882052 ) ) ;
#4393 = CARTESIAN_POINT ( 'NONE',  ( 1.068517644207729322, 6.079629788281250669, 6.817187501083940226 ) ) ;
#4394 = CARTESIAN_POINT ( 'NONE',  ( 2.006878018033978250, 2.720791919194485153, 6.175218691832814244 ) ) ;
#4395 = CARTESIAN_POINT ( 'NONE',  ( 2.579629788281250669, 2.431482355792271122, 6.717968751083941648 ) ) ;
#4396 = EDGE_CURVE ( 'NONE', #4398, #4724, #247, .T. ) ;
#4397 = CARTESIAN_POINT ( 'NONE',  ( 0.8905591591021556619, 1.350000000000000533, 4.485546875000001599 ) ) ;
#4398 = VERTEX_POINT ( 'NONE', #3256 ) ;
#4399 = ORIENTED_EDGE ( 'NONE', *, *, #4806, .T. ) ;
#4400 = CARTESIAN_POINT ( 'NONE',  ( 0.8472523708545303123, 1.523959017797090754, 1.312148922901904324 ) ) ;
#4401 = VERTEX_POINT ( 'NONE', #7118 ) ;
#4402 = ADVANCED_FACE ( 'NONE', ( #1564 ), #371, .F. ) ;
#4403 = CARTESIAN_POINT ( 'NONE',  ( -2.149999999999999911, 4.390559159102155107, 7.561328127167881163 ) ) ;
#4404 = TOROIDAL_SURFACE ( 'NONE', #4070, 1.517157287525382703, 0.2000000000000000111 ) ;
#4405 = DIRECTION ( 'NONE',  ( 1.000000000000000000, 0.000000000000000000, 0.000000000000000000 ) ) ;
#4406 = EDGE_CURVE ( 'NONE', #4401, #1757, #5317, .T. ) ;
#4407 = DIRECTION ( 'NONE',  ( 0.000000000000000000, 0.000000000000000000, -1.000000000000000000 ) ) ;
#4408 = CARTESIAN_POINT ( 'NONE',  ( -2.579629788281240010, 3.500000000000000000, 6.370703126083947510 ) ) ;
#4409 = DIRECTION ( 'NONE',  ( 1.000000000000000000, 0.000000000000000000, 0.000000000000000000 ) ) ;
#4410 = DIRECTION ( 'NONE',  ( -1.387778780781445676E-16, 1.000000000000000000, -0.000000000000000000 ) ) ;
#4411 = VERTEX_POINT ( 'NONE', #3734 ) ;
#4412 = CARTESIAN_POINT ( 'NONE',  ( 2.149999999963657427, 3.499991271794706371, 4.038902854954204535 ) ) ;
#4413 = CARTESIAN_POINT ( 'NONE',  ( 0.4014710120579025321, 5.612187022232676625, 0.8408257159075608334 ) ) ;
#4414 = CARTESIAN_POINT ( 'NONE',  ( 2.579629788281250669, 2.431482355792271122, 3.443750001083941026 ) ) ;
#4415 = CARTESIAN_POINT ( 'NONE',  ( 0.9055555464043674174, 1.546774115529910842, 4.490945420600378490 ) ) ;
#4416 = CARTESIAN_POINT ( 'NONE',  ( 1.856196924729981212, 4.585082500386031157, 7.876599579103277016 ) ) ;
#4417 = CIRCLE ( 'NONE', #385, 1.000000000000002220 ) ;
#4418 = CARTESIAN_POINT ( 'NONE',  ( 1.628735269378264405, 4.903494834115197598, 7.105830071518361990 ) ) ;
#4419 = CARTESIAN_POINT ( 'NONE',  ( 0.2886267182569914880, 1.368221848189525414, 0.4836951996390240760 ) ) ;
#4420 = ORIENTED_EDGE ( 'NONE', *, *, #6687, .F. ) ;
#4421 = AXIS2_PLACEMENT_3D ( 'NONE', #2316, #1770, #1188 ) ;
#4422 = CARTESIAN_POINT ( 'NONE',  ( -1.579567681601898742E-16, 6.079629788281250669, 0.5167968760839414255 ) ) ;
#4423 = CARTESIAN_POINT ( 'NONE',  ( 0.1639441780814219207, 1.140135418506792453, -3.630751384057426222E-15 ) ) ;
#4424 = CARTESIAN_POINT ( 'NONE',  ( 2.579629788281249780, 4.568517644207729766, -1.219531248916059019 ) ) ;
#4425 = AXIS2_PLACEMENT_3D ( 'NONE', #1855, #4061, #4627 ) ;
#4426 = CARTESIAN_POINT ( 'NONE',  ( 2.149999999961886843, 3.509905169842472361, 4.634912648431925852 ) ) ;
#4427 = CARTESIAN_POINT ( 'NONE',  ( 1.761947513923822761, 4.737403349924617757, 3.918234070220976140 ) ) ;
#4428 = CARTESIAN_POINT ( 'NONE',  ( -1.068517644207729766, 6.079629788281250669, 2.253125001083942092 ) ) ;
#4429 = CARTESIAN_POINT ( 'NONE',  ( 0.8905591591021556619, 1.350000000000000533, 5.279296875000000888 ) ) ;
#4430 = ORIENTED_EDGE ( 'NONE', *, *, #2018, .F. ) ;
#4431 = EDGE_LOOP ( 'NONE', ( #570, #4338, #7080, #6916, #5256 ) ) ;
#4432 = CARTESIAN_POINT ( 'NONE',  ( 2.042149649114485044, 2.817545323875051633, 1.418859328157806354 ) ) ;
#4433 = EDGE_LOOP ( 'NONE', ( #6018, #4961, #4131, #1696, #5229, #2401, #5855, #3091, #2657, #2147, #789, #3285, #1875, #3398, #4430, #5831, #2346, #4994, #2881, #4744, #363, #91, #6131, #5122 ) ) ;
#4434 = CARTESIAN_POINT ( 'NONE',  ( -1.790471339682273788, 4.691943448319974230, 0.1942973927356443087 ) ) ;
#4435 = CARTESIAN_POINT ( 'NONE',  ( 11.59945504087193768, 10.30822920078321481, 2.000000000000000000 ) ) ;
#4436 = CARTESIAN_POINT ( 'NONE',  ( 1.744229093941398023, 2.242924019385733381, 6.936235686066654971 ) ) ;
#4437 = DIRECTION ( 'NONE',  ( 0.000000000000000000, 0.000000000000000000, -1.000000000000000000 ) ) ;
#4438 = CARTESIAN_POINT ( 'NONE',  ( 2.579629788281240010, 4.568517644207725326, 3.642187501083947954 ) ) ;
#4439 = CARTESIAN_POINT ( 'NONE',  ( 2.133116046567447466, 3.203983694685999417, 3.823715953721181560 ) ) ;
#4440 = CARTESIAN_POINT ( 'NONE',  ( 2.149999999999798739, 3.500000651747092295, 2.253136989732748674 ) ) ;
#4441 = ORIENTED_EDGE ( 'NONE', *, *, #2298, .F. ) ;
#4442 = CARTESIAN_POINT ( 'NONE',  ( -0.7026932504932871248, 5.536846940053099964, 3.287259372163805704 ) ) ;
#4443 = CARTESIAN_POINT ( 'NONE',  ( 1.855724150088292612, 4.590396921408205877, 0.7331598819849788340 ) ) ;
#4444 = DIRECTION ( 'NONE',  ( -0.000000000000000000, 1.000000000000000000, 0.000000000000000000 ) ) ;
#4445 = CARTESIAN_POINT ( 'NONE',  ( -2.149999999999999911, 3.500000000000000000, 8.000000000000000000 ) ) ;
#4446 = CARTESIAN_POINT ( 'NONE',  ( -1.952059707719460135, 4.401124048972056890, 1.801486478307502859 ) ) ;
#4447 = LINE ( 'NONE', #4481, #5984 ) ;
#4448 = CARTESIAN_POINT ( 'NONE',  ( 1.205696935444056317, 1.715979634445798041, 0.5424917910798844334 ) ) ;
#4449 = CARTESIAN_POINT ( 'NONE',  ( 2.579629788281249780, 4.568517644207729766, 8.404687501083941470 ) ) ;
#4450 = ORIENTED_EDGE ( 'NONE', *, *, #2018, .T. ) ;
#4451 = CARTESIAN_POINT ( 'NONE',  ( 1.068517644207731321, 0.9203702117187504417, 7.313281251083941115 ) ) ;
#4452 = ORIENTED_EDGE ( 'NONE', *, *, #5542, .T. ) ;
#4453 = CARTESIAN_POINT ( 'NONE',  ( 1.698108653378512134, 2.173969778101702222, 7.725090581519246768 ) ) ;
#4454 = LINE ( 'NONE', #6191, #7076 ) ;
#4455 = DIRECTION ( 'NONE',  ( -0.000000000000000000, -0.000000000000000000, -1.000000000000000000 ) ) ;
#4456 = CARTESIAN_POINT ( 'NONE',  ( 3.949485927250213853E-16, 1.350000000000000089, 4.634375002167882229 ) ) ;
#4457 = CARTESIAN_POINT ( 'NONE',  ( 4.000000000000000000, 15.27371993328518762, 0.5000000000000000000 ) ) ;
#4458 = CARTESIAN_POINT ( 'NONE',  ( -1.824394890313376427, 4.639736907760200424, 6.547768965503057537 ) ) ;
#4459 = CARTESIAN_POINT ( 'NONE',  ( 0.7673913274134235296, 5.509388024727539523, 3.993088046760564058 ) ) ;
#4460 = CARTESIAN_POINT ( 'NONE',  ( -2.579629788281249336, 2.431482355792268013, 4.039062501083942713 ) ) ;
#4461 = CARTESIAN_POINT ( 'NONE',  ( 0.7729464957014700044, 1.492485635670502298, 2.895184076902333370 ) ) ;
#4462 = CARTESIAN_POINT ( 'NONE',  ( 2.149999999999999911, 3.500000000000000444, 5.428125000000000533 ) ) ;
#4463 = EDGE_CURVE ( 'NONE', #6891, #3373, #494, .T. ) ;
#4464 = EDGE_LOOP ( 'NONE', ( #6432, #5997, #453, #6468 ) ) ;
#4465 = ORIENTED_EDGE ( 'NONE', *, *, #2357, .T. ) ;
#4466 = CARTESIAN_POINT ( 'NONE',  ( 1.680727501927856693, 2.159205430422145078, 1.373856517658821108 ) ) ;
#4467 = ORIENTED_EDGE ( 'NONE', *, *, #1929, .F. ) ;
#4468 = DIRECTION ( 'NONE',  ( 0.000000000000000000, 1.000000000000000000, -0.000000000000000000 ) ) ;
#4469 = CARTESIAN_POINT ( 'NONE',  ( -6.391659079231618357, 1.181818181818181879, 8.000000000000000000 ) ) ;
#4470 = FACE_OUTER_BOUND ( 'NONE', #6623, .T. ) ;
#4471 = CARTESIAN_POINT ( 'NONE',  ( -1.068517644207725992, 0.9203702117187605447, 3.344531251083948220 ) ) ;
#4472 = CARTESIAN_POINT ( 'NONE',  ( 2.079569024064821026, 2.953055175870423987, 3.808543129319043707 ) ) ;
#4473 = AXIS2_PLACEMENT_3D ( 'NONE', #655, #72, #5140 ) ;
#4474 = CARTESIAN_POINT ( 'NONE',  ( 2.145686205582661543, 3.359247470528419210, 2.245108793147964299 ) ) ;
#4475 = VERTEX_POINT ( 'NONE', #2170 ) ;
#4476 = CARTESIAN_POINT ( 'NONE',  ( 0.01882019459248316512, 5.649981490165336240, 3.244260457253528074 ) ) ;
#4477 = FACE_OUTER_BOUND ( 'NONE', #5010, .T. ) ;
#4478 = FACE_OUTER_BOUND ( 'NONE', #394, .T. ) ;
#4479 = CARTESIAN_POINT ( 'NONE',  ( -5.408326913195983465, 1.000000000000000000, 6.341421356237309404 ) ) ;
#4480 = CARTESIAN_POINT ( 'NONE',  ( -2.102016319318198878, 3.972177101916305464, 1.828735290937893776 ) ) ;
#4481 = CARTESIAN_POINT ( 'NONE',  ( 21.50000000000000000, -3.700000000000000178, 2.000000000000000000 ) ) ;
#4482 = CARTESIAN_POINT ( 'NONE',  ( 0.5836693502886886042, 1.430728572836668988, 0.5015628646140898317 ) ) ;
#4483 = CARTESIAN_POINT ( 'NONE',  ( -1.068517644207729766, 6.079629788281250669, 5.428125001083942358 ) ) ;
#4484 = EDGE_CURVE ( 'NONE', #6674, #2571, #7051, .T. ) ;
#4485 = VERTEX_POINT ( 'NONE', #4884 ) ;
#4486 = CARTESIAN_POINT ( 'NONE',  ( 2.579629788281250224, 3.500000000000000444, 5.874609376083941292 ) ) ;
#4487 = CIRCLE ( 'NONE', #2420, 0.4999999999999996669 ) ;
#4488 = CARTESIAN_POINT ( 'NONE',  ( 2.149999999999824940, 3.499999394531280839, 7.809363800342123518 ) ) ;
#4489 = FACE_OUTER_BOUND ( 'NONE', #2257, .T. ) ;
#4490 = DIRECTION ( 'NONE',  ( -1.000000000000000000, 0.000000000000000000, 0.000000000000000000 ) ) ;
#4491 = CARTESIAN_POINT ( 'NONE',  ( 0.8905591591021542186, 5.650000000000000355, 4.187890627167881519 ) ) ;
#4492 = CARTESIAN_POINT ( 'NONE',  ( -1.518092537888391824, 1.369945105399412277, 7.978293673406378517 ) ) ;
#4493 = FACE_OUTER_BOUND ( 'NONE', #3160, .T. ) ;
#4494 = CARTESIAN_POINT ( 'NONE',  ( 1.967002069365600292, 2.627088923258499520, 6.169153391528548802 ) ) ;
#4495 = CARTESIAN_POINT ( 'NONE',  ( -1.824073716244489329, 1.675926283755509782, 1.707421876083942136 ) ) ;
#4496 = FACE_OUTER_BOUND ( 'NONE', #1656, .T. ) ;
#4497 = CARTESIAN_POINT ( 'NONE',  ( -1.520279579551076843, 1.979720420448922491, 5.130468750000001243 ) ) ;
#4498 = EDGE_LOOP ( 'NONE', ( #5124, #5348 ) ) ;
#4499 = ORIENTED_EDGE ( 'NONE', *, *, #192, .T. ) ;
#4500 = CARTESIAN_POINT ( 'NONE',  ( -1.691040367466423389, 2.170733465708533760, 1.147130107059310511 ) ) ;
#4501 = ORIENTED_EDGE ( 'NONE', *, *, #3722, .T. ) ;
#4502 = CARTESIAN_POINT ( 'NONE',  ( -1.579949009707565022, 4.959328103154344802, 0.1743047666596291012 ) ) ;
#4503 = CARTESIAN_POINT ( 'NONE',  ( 1.398863982356423064, 1.867286089954826256, 6.907029626822551727 ) ) ;
#4504 = CARTESIAN_POINT ( 'NONE',  ( 0.8905591591021542186, 5.650000000000000355, 4.981640627167880808 ) ) ;
#4505 = CARTESIAN_POINT ( 'NONE',  ( 2.579629788281240010, 4.568517644207725326, 2.848437501083948220 ) ) ;
#4506 = CARTESIAN_POINT ( 'NONE',  ( -1.068517644207729766, 6.079629788281250669, 5.328906251083940226 ) ) ;
#4507 = DIRECTION ( 'NONE',  ( -1.000000000000000000, 0.000000000000000000, 0.000000000000000000 ) ) ;
#4508 = CARTESIAN_POINT ( 'NONE',  ( -0.3467497959405604901, 1.378104920315098347, 2.034725438810870646 ) ) ;
#4509 = ORIENTED_EDGE ( 'NONE', *, *, #6965, .T. ) ;
#4510 = VECTOR ( 'NONE', #1597, 1000.000000000000000 ) ;
#4511 = CARTESIAN_POINT ( 'NONE',  ( 1.257907930403548313, 5.243608824226795306, 3.165862495502900664 ) ) ;
#4512 = DIRECTION ( 'NONE',  ( 0.9833321660356335592, 0.1818181818181816289, 0.000000000000000000 ) ) ;
#4513 = CARTESIAN_POINT ( 'NONE',  ( 21.50000000000000000, -3.700000000000000178, 0.5000000000000000000 ) ) ;
#4514 = PLANE ( 'NONE',  #2443 ) ;
#4515 = CARTESIAN_POINT ( 'NONE',  ( 1.991798272780804346, 4.310550319303186662, 1.508152126585689867 ) ) ;
#4516 = DIRECTION ( 'NONE',  ( -1.000000000000000000, 0.000000000000000000, 0.000000000000000000 ) ) ;
#4517 = CARTESIAN_POINT ( 'NONE',  ( -1.426893827900747480, 1.891739903162027003, 0.3752011036545237488 ) ) ;
#4518 = CARTESIAN_POINT ( 'NONE',  ( 2.579629788281250669, 2.431482355792271122, 4.336718751083943779 ) ) ;
#4519 = VERTEX_POINT ( 'NONE', #3698 ) ;
#4520 = CARTESIAN_POINT ( 'NONE',  ( -2.579629788281249336, 2.431482355792268013, 7.908593751083939694 ) ) ;
#4521 = CARTESIAN_POINT ( 'NONE',  ( 0.7469229956674757753, 5.516099227672717653, 6.375614843414100896 ) ) ;
#4522 = AXIS2_PLACEMENT_3D ( 'NONE', #6581, #3707, #6519 ) ;
#4523 = CARTESIAN_POINT ( 'NONE',  ( 1.902333975350223305, 2.498037412541470825, 7.747845257003937114 ) ) ;
#4524 = DIRECTION ( 'NONE',  ( 0.000000000000000000, -0.000000000000000000, -1.000000000000000000 ) ) ;
#4525 = DIRECTION ( 'NONE',  ( 0.000000000000000000, 1.000000000000000000, -0.000000000000000000 ) ) ;
#4526 = CARTESIAN_POINT ( 'NONE',  ( -2.149999999999999467, 2.609440840897844893, 5.279296877167882762 ) ) ;
#4527 = AXIS2_PLACEMENT_3D ( 'NONE', #124, #2916, #2341 ) ;
#4528 = STYLED_ITEM ( 'NONE', ( #3815 ), #3151 ) ;
#4529 = CIRCLE ( 'NONE', #1190, 1.000000000000000888 ) ;
#4530 = ADVANCED_FACE ( 'NONE', ( #7087 ), #6981, .F. ) ;
#4531 = ADVANCED_FACE ( 'NONE', ( #4345 ), #1745, .T. ) ;
#4532 = CARTESIAN_POINT ( 'NONE',  ( -2.579629788281250224, 3.500000000000000000, 7.065234376083940226 ) ) ;
#4533 = CARTESIAN_POINT ( 'NONE',  ( -0.5046962518601024739, 5.591336150307473218, 6.449798539417820109 ) ) ;
#4534 = CARTESIAN_POINT ( 'NONE',  ( 1.544306054925846272, 4.995880772314198914, 3.937930736767110140 ) ) ;
#4535 = AXIS2_PLACEMENT_3D ( 'NONE', #3699, #915, #3116 ) ;
#4536 = CARTESIAN_POINT ( 'NONE',  ( 1.824073716244490218, 1.675926283755510227, 1.905859376083941958 ) ) ;
#4537 = FACE_OUTER_BOUND ( 'NONE', #6396, .T. ) ;
#4538 = CARTESIAN_POINT ( 'NONE',  ( 1.520279579551077065, 5.020279579551076843, 3.939843750000001421 ) ) ;
#4539 = EDGE_LOOP ( 'NONE', ( #6017, #3591, #3562, #5594, #4974, #6712, #5430, #4225, #6784, #1294, #4596, #2207, #283, #4753, #2792, #3894, #5045, #1446, #1569, #5585, #1252, #6501 ) ) ;
#4540 = EDGE_LOOP ( 'NONE', ( #3307, #1146, #6186, #3823 ) ) ;
#4541 = CARTESIAN_POINT ( 'NONE',  ( -1.232072618209868908, 1.737136647248516130, 1.183267445603075174 ) ) ;
#4542 = VERTEX_POINT ( 'NONE', #2037 ) ;
#4543 = CARTESIAN_POINT ( 'NONE',  ( -1.749001691102788136, 4.750626498547643628, 0.1899279832999709872 ) ) ;
#4544 = CARTESIAN_POINT ( 'NONE',  ( 1.309076370286567093, 1.793136229887112520, 6.900398526219655437 ) ) ;
#4545 = CARTESIAN_POINT ( 'NONE',  ( 0.000000000000000000, 3.500000000000000000, 8.000000000000000000 ) ) ;
#4546 = CARTESIAN_POINT ( 'NONE',  ( 4.738703044805676257E-16, 0.9203702117187601006, 1.806640626083947376 ) ) ;
#4547 = EDGE_CURVE ( 'NONE', #581, #6637, #4751, .T. ) ;
#4548 = CARTESIAN_POINT ( 'NONE',  ( -1.068517644207730211, 0.9203702117187504417, 4.039062501083940049 ) ) ;
#4549 = FACE_BOUND ( 'NONE', #6102, .T. ) ;
#4550 = CARTESIAN_POINT ( 'NONE',  ( 1.543792936805743032, 2.003572740203483082, 2.155777240698053987 ) ) ;
#4551 = CARTESIAN_POINT ( 'NONE',  ( -1.643543601236898466, 4.889124131177149835, 2.560916988748247025 ) ) ;
#4552 = AXIS2_PLACEMENT_3D ( 'NONE', #5967, #5422, #27 ) ;
#4553 = CARTESIAN_POINT ( 'NONE',  ( -1.398771473519031749, 5.141007088611365461, 3.334797236860133740 ) ) ;
#4554 = CARTESIAN_POINT ( 'NONE',  ( -2.149999999994451461, 3.500004884549234419, 0.4671870568910552191 ) ) ;
#4555 = CARTESIAN_POINT ( 'NONE',  ( 4.738703044805694992E-16, 0.9203702117187499976, 0.1199218760839400322 ) ) ;
#4556 = DIRECTION ( 'NONE',  ( -0.5994550408719325763, -0.8004084294741213856, 0.000000000000000000 ) ) ;
#4557 = CARTESIAN_POINT ( 'NONE',  ( 1.466014613849398129, 5.072674879803521719, 1.562825790203205001 ) ) ;
#4558 = CARTESIAN_POINT ( 'NONE',  ( 9.999999999999998224, -8.150000000000000355, 2.000000000000000000 ) ) ;
#4559 = CARTESIAN_POINT ( 'NONE',  ( -1.955738671861762201, 2.606895358191033907, 0.3229833876890272903 ) ) ;
#4560 = CARTESIAN_POINT ( 'NONE',  ( -1.068517644207729766, 6.079629788281250669, 4.634375001083941292 ) ) ;
#4561 = EDGE_CURVE ( 'NONE', #5806, #3145, #985, .T. ) ;
#4562 = ORIENTED_EDGE ( 'NONE', *, *, #6372, .F. ) ;
#4563 = CARTESIAN_POINT ( 'NONE',  ( 1.068517644207729544, 6.079629788281250669, 6.817187501083940226 ) ) ;
#4564 = ADVANCED_FACE ( 'NONE', ( #4851 ), #29, .F. ) ;
#4565 = DIRECTION ( 'NONE',  ( 0.000000000000000000, 0.000000000000000000, -1.000000000000000000 ) ) ;
#4566 = CARTESIAN_POINT ( 'NONE',  ( 1.815861054041745470, 2.346741174136933505, 7.737439626899974776 ) ) ;
#4567 = CARTESIAN_POINT ( 'NONE',  ( -3.074999999999998401, 15.76806293161731709, 0.000000000000000000 ) ) ;
#4568 = CARTESIAN_POINT ( 'NONE',  ( -0.8905591591021551068, 1.350000000000000533, 4.584765627167882052 ) ) ;
#4569 = ADVANCED_FACE ( 'NONE', ( #5088 ), #2313, .T. ) ;
#4570 = CARTESIAN_POINT ( 'NONE',  ( 1.824073716244489773, 5.324073716244490662, 4.386328126083940404 ) ) ;
#4571 = DIRECTION ( 'NONE',  ( 1.000000000000000000, 0.000000000000000000, 0.000000000000000000 ) ) ;
#4572 = CARTESIAN_POINT ( 'NONE',  ( -1.314217838236657609, 1.798368995648427227, 5.939884486594222857 ) ) ;
#4573 = CARTESIAN_POINT ( 'NONE',  ( 1.068517644207729544, 6.079629788281250669, 2.153906251083942180 ) ) ;
#4574 = DIRECTION ( 'NONE',  ( 0.000000000000000000, 0.000000000000000000, -1.000000000000000000 ) ) ;
#4575 = CARTESIAN_POINT ( 'NONE',  ( 3.949485927250213853E-16, 1.350000000000000089, 1.260937500000001599 ) ) ;
#4576 = ADVANCED_FACE ( 'NONE', ( #3934 ), #2851, .T. ) ;
#4577 = ORIENTED_EDGE ( 'NONE', *, *, #5313, .T. ) ;
#4578 = EDGE_CURVE ( 'NONE', #2099, #23, #715, .T. ) ;
#4579 = DIRECTION ( 'NONE',  ( -1.000000000000000000, 0.000000000000000000, 0.000000000000000000 ) ) ;
#4580 = FACE_OUTER_BOUND ( 'NONE', #1113, .T. ) ;
#4581 = LINE ( 'NONE', #4469, #6345 ) ;
#4582 = FACE_OUTER_BOUND ( 'NONE', #4539, .T. ) ;
#4583 = CARTESIAN_POINT ( 'NONE',  ( 2.579629788281250669, 2.431482355792271122, 4.237500001083942536 ) ) ;
#4584 = CARTESIAN_POINT ( 'NONE',  ( -0.8156470696207539506, 1.510688426344383384, 3.593043492201840383 ) ) ;
#4585 = CARTESIAN_POINT ( 'NONE',  ( 2.149900676490536622, 3.476457456023196890, 2.251815712984790441 ) ) ;
#4586 = CARTESIAN_POINT ( 'NONE',  ( -2.136804757269414434, 3.746601305311912267, 2.635940859587710072 ) ) ;
#4587 = CARTESIAN_POINT ( 'NONE',  ( -1.898059381780984767, 4.509979475798195026, 3.381673618332817988 ) ) ;
#4588 = CARTESIAN_POINT ( 'NONE',  ( -1.520279579551077287, 5.020279579551076843, 0.3679687521678815521 ) ) ;
#4589 = CARTESIAN_POINT ( 'NONE',  ( 21.50000000000000000, -13.00000000000000000, 0.5000000000000000000 ) ) ;
#4590 = CARTESIAN_POINT ( 'NONE',  ( -2.149831925958531009, 3.470933695046339640, 4.239123078538346689 ) ) ;
#4591 = CARTESIAN_POINT ( 'NONE',  ( -1.068517644207730211, 0.9203702117187504417, 8.107031251083942180 ) ) ;
#4592 = CARTESIAN_POINT ( 'NONE',  ( 0.000000000000000000, 3.500000000000000000, 8.000000000000000000 ) ) ;
#4593 = CARTESIAN_POINT ( 'NONE',  ( -2.149999999999895994, 3.500000670185275276, 2.848437429475958016 ) ) ;
#4594 = CARTESIAN_POINT ( 'NONE',  ( -2.149999999999345324, 3.499998321682876501, 0.2687500934927269935 ) ) ;
#4595 = CARTESIAN_POINT ( 'NONE',  ( 1.824073716244489773, 5.324073716244490662, 4.485546876083941648 ) ) ;
#4596 = ORIENTED_EDGE ( 'NONE', *, *, #5369, .T. ) ;
#4597 = CARTESIAN_POINT ( 'NONE',  ( -1.068517644207730211, 0.9203702117187504417, 8.007812501083940049 ) ) ;
#4598 = CARTESIAN_POINT ( 'NONE',  ( 0.2689385467370931093, 5.633137426538697312, 6.404983050231305874 ) ) ;
#4599 = EDGE_CURVE ( 'NONE', #5806, #2491, #4947, .T. ) ;
#4600 = CARTESIAN_POINT ( 'NONE',  ( 1.920566183375500557, 2.533527289406579897, 7.750242488034772670 ) ) ;
#4601 = CARTESIAN_POINT ( 'NONE',  ( 11.96041791037924362, -3.739582089621017236, 0.1763935700933207396 ) ) ;
#4602 = CARTESIAN_POINT ( 'NONE',  ( 2.149999999999999911, 3.500000000000000444, 8.000000000000000000 ) ) ;
#4603 = CARTESIAN_POINT ( 'NONE',  ( -0.8905591591021546627, 5.650000000000000355, 3.493359377167882140 ) ) ;
#4604 = CARTESIAN_POINT ( 'NONE',  ( -1.824073716244489995, 5.324073716244490662, 5.378515626083940404 ) ) ;
#4605 = CARTESIAN_POINT ( 'NONE',  ( -1.263135010597945751, 5.239826462635631898, 6.500153511622397851 ) ) ;
#4606 = CARTESIAN_POINT ( 'NONE',  ( 0.1315451397586782922, 1.349500996181870249, 6.030701252652576727 ) ) ;
#4607 = CARTESIAN_POINT ( 'NONE',  ( 2.579629788281250224, 3.500000000000000444, 1.211328126083942136 ) ) ;
#4608 = CARTESIAN_POINT ( 'NONE',  ( -4.631449631449629400, 13.09249548304467758, 0.5000000000000000000 ) ) ;
#4609 = VECTOR ( 'NONE', #6651, 1000.000000000000000 ) ;
#4610 = CARTESIAN_POINT ( 'NONE',  ( -2.149999999999999911, 4.390559159102155995, 1.012890625000002043 ) ) ;
#4611 = CARTESIAN_POINT ( 'NONE',  ( -1.629719434510668918, 2.097312819736602219, 1.152640269826098018 ) ) ;
#4612 = ORIENTED_EDGE ( 'NONE', *, *, #206, .T. ) ;
#4613 = CARTESIAN_POINT ( 'NONE',  ( 12.00000000000000178, 9.507820771309093644, 0.5000000000000000000 ) ) ;
#4614 = CARTESIAN_POINT ( 'NONE',  ( -0.3403840711761700888, 1.374721792462230363, 6.797355684511829921 ) ) ;
#4615 = CIRCLE ( 'NONE', #3921, 1.650000000000000577 ) ;
#4616 = EDGE_CURVE ( 'NONE', #3573, #1613, #6715, .T. ) ;
#4617 = CARTESIAN_POINT ( 'NONE',  ( -2.579629788281240010, 3.500000000000000000, 0.8144531260839475983 ) ) ;
#4618 = CARTESIAN_POINT ( 'NONE',  ( 4.738703044805694992E-16, 0.9203702117187499976, 4.882421876083941292 ) ) ;
#4619 = CARTESIAN_POINT ( 'NONE',  ( -1.392180050090875643, 1.859031562468963727, 3.552882288525968768 ) ) ;
#4620 = CARTESIAN_POINT ( 'NONE',  ( -1.038578263166926252, 1.615191239609383711, 1.990735077966168554 ) ) ;
#4621 = CARTESIAN_POINT ( 'NONE',  ( -1.368406145284193354, 5.158307376806558153, 2.539107468114753186 ) ) ;
#4622 = EDGE_CURVE ( 'NONE', #4650, #5519, #3363, .T. ) ;
#4623 = CARTESIAN_POINT ( 'NONE',  ( 2.140327451782405799, 3.247587191340287394, 5.413816447825012368 ) ) ;
#4624 = CARTESIAN_POINT ( 'NONE',  ( -1.316495309083404618E-16, 5.650000000000000355, 0.2687500021678820850 ) ) ;
#4625 = DIRECTION ( 'NONE',  ( -1.000000000000000000, 0.000000000000000000, 0.000000000000000000 ) ) ;
#4626 = CARTESIAN_POINT ( 'NONE',  ( -2.143469553591411003, 3.328695271551296742, 4.247193357704093231 ) ) ;
#4627 = DIRECTION ( 'NONE',  ( -3.469446951953614189E-15, 0.000000000000000000, -1.000000000000000000 ) ) ;
#4628 = LINE ( 'NONE', #5319, #666 ) ;
#4629 = FACE_OUTER_BOUND ( 'NONE', #569, .T. ) ;
#4630 = CARTESIAN_POINT ( 'NONE',  ( 2.579629788281250224, 3.500000000000000444, 5.180078126083941470 ) ) ;
#4631 = EDGE_LOOP ( 'NONE', ( #3990, #1212, #93, #1722 ) ) ;
#4632 = VECTOR ( 'NONE', #5059, 1000.000000000000000 ) ;
#4633 = CARTESIAN_POINT ( 'NONE',  ( -2.149999999999319122, 3.500001710975822355, 6.817187406857118326 ) ) ;
#4634 = CARTESIAN_POINT ( 'NONE',  ( 1.303655188663037867, 5.236663973996536825, 6.338821212230827840 ) ) ;
#4635 = CARTESIAN_POINT ( 'NONE',  ( 0.7431402562440977411, 1.482511677698481245, 7.655392368694813321 ) ) ;
#4636 = CIRCLE ( 'NONE', #5553, 0.9999999999999991118 ) ;
#4637 = CARTESIAN_POINT ( 'NONE',  ( 11.78032217269751136, -3.919677827302488815, 0.06194146803830487269 ) ) ;
#4638 = CARTESIAN_POINT ( 'NONE',  ( 1.829448299022523816, 2.370566991272349266, 0.000000000000000000 ) ) ;
#4639 = CARTESIAN_POINT ( 'NONE',  ( 0.8905591591021542186, 5.650000000000000355, 0.2191406271678814910 ) ) ;
#4640 = CIRCLE ( 'NONE', #5684, 3.300000000000000266 ) ;
#4641 = CARTESIAN_POINT ( 'NONE',  ( 1.068517644207729322, 6.079629788281250669, 4.435937501083940582 ) ) ;
#4642 = CARTESIAN_POINT ( 'NONE',  ( 4.738703044805694992E-16, 0.9203702117187499976, 3.294921876083940937 ) ) ;
#4643 = CARTESIAN_POINT ( 'NONE',  ( -1.007277457541101207, 1.600138910336794451, 5.961559223737737945 ) ) ;
#4644 = CARTESIAN_POINT ( 'NONE',  ( -1.824073716244489329, 1.675926283755509782, -0.6738281239160575087 ) ) ;
#4645 = CARTESIAN_POINT ( 'NONE',  ( 4.738703044805694992E-16, 0.9203702117187499976, 0.9136718760839410702 ) ) ;
#4646 = VECTOR ( 'NONE', #2627, 1000.000000000000000 ) ;
#4647 = CARTESIAN_POINT ( 'NONE',  ( -1.520279579551076843, 1.979720420448922491, -0.4257812499999982236 ) ) ;
#4648 = CARTESIAN_POINT ( 'NONE',  ( -1.884110253128080892, 2.464309460900330873, 1.126329215184331156 ) ) ;
#4649 = TOROIDAL_SURFACE ( 'NONE', #3161, 3.500000000000000000, 0.5000000000000000000 ) ;
#4650 = VERTEX_POINT ( 'NONE', #2241 ) ;
#4651 = CLOSED_SHELL ( 'NONE', ( #7057, #3293, #1219, #5074, #6436, #6079, #5913, #3411, #1218, #3818, #2050, #2961, #174, #6702, #4530, #4688, #2374, #3597, #1400, #5463, #6445, #3304, #207, #1093, #1767, #2077, #1587, #788, #4402, #4789, #5688, #159, #6149, #2665, #2068, #508, #5656, #6271, #4929, #4055, #6639, #6659, #644, #4009, #3920, #2749, #1561, #964, #490, #4564, #491, #4569, #5133, #2685, #2806, #1981, #856, #6926, #4324, #1076, #6526, #3813, #1145, #2902, #4028, #2725, #5320, #2737, #2831, #4576, #7123, #5239, #2511, #2864, #6279, #2010, #1313, #1680, #1685, #1610, #5763, #6973, #1848, #352, #5376, #6804, #2764, #6362, #3960, #4710, #7132, #5867, #4531, #1098, #1362, #2724, #1383, #3202, #6507, #2212, #3732, #6170, #272, #1785, #3306, #1265, #5829, #5291, #1290, #237, #2536, #4912, #785, #3428, #3572 ) ) ;
#4652 = CARTESIAN_POINT ( 'NONE',  ( -1.589844458487964962, 4.947394267656919808, 4.937699654786651848 ) ) ;
#4653 = CARTESIAN_POINT ( 'NONE',  ( -2.148293486042239131, 3.414243461501436538, 6.623566516001857529 ) ) ;
#4654 = FACE_BOUND ( 'NONE', #4692, .T. ) ;
#4655 = CARTESIAN_POINT ( 'NONE',  ( 2.579629788281250224, 3.500000000000000444, 5.080859376083940226 ) ) ;
#4656 = EDGE_LOOP ( 'NONE', ( #3318, #2196, #2049, #2031 ) ) ;
#4657 = CARTESIAN_POINT ( 'NONE',  ( 1.308216726185795320, 1.790604689302791153, 3.725255143473323649 ) ) ;
#4658 = CARTESIAN_POINT ( 'NONE',  ( -1.872552755808271963, 2.442757365507529421, 1.921548070408855891 ) ) ;
#4659 = LINE ( 'NONE', #725, #5352 ) ;
#4660 = FACE_OUTER_BOUND ( 'NONE', #5082, .T. ) ;
#4661 = DIRECTION ( 'NONE',  ( 0.000000000000000000, 1.000000000000000000, 0.000000000000000000 ) ) ;
#4662 = CARTESIAN_POINT ( 'NONE',  ( -21.50000000000000000, 0.000000000000000000, 2.000000000000000000 ) ) ;
#4663 = CARTESIAN_POINT ( 'NONE',  ( 21.50000000000000000, -9.000000000000000000, 2.000000000000000000 ) ) ;
#4664 = DIRECTION ( 'NONE',  ( -1.000000000000000000, 0.000000000000000000, 0.000000000000000000 ) ) ;
#4665 = DIRECTION ( 'NONE',  ( -0.000000000000000000, -0.000000000000000000, 1.000000000000000000 ) ) ;
#4666 = DIRECTION ( 'NONE',  ( -1.000000000000000000, 0.000000000000000000, 0.000000000000000000 ) ) ;
#4667 = CARTESIAN_POINT ( 'NONE',  ( 2.579629788281249780, 4.568517644207729766, 0.4671875010839425801 ) ) ;
#4668 = ORIENTED_EDGE ( 'NONE', *, *, #3126, .T. ) ;
#4669 = LINE ( 'NONE', #6871, #2723 ) ;
#4670 = CARTESIAN_POINT ( 'NONE',  ( -1.279443002863718037, 5.228144146760774547, 0.9450137052808648130 ) ) ;
#4671 = EDGE_CURVE ( 'NONE', #589, #1757, #2678, .T. ) ;
#4672 = CARTESIAN_POINT ( 'NONE',  ( -1.009586364156420890, 1.592624075517222293, 7.549106315245996512 ) ) ;
#4673 = CARTESIAN_POINT ( 'NONE',  ( 11.64322479984957148, -3.770325600451283954, 0.02095234401152724218 ) ) ;
#4674 = CARTESIAN_POINT ( 'NONE',  ( -1.452291815343249137, 5.085500924991434246, 7.307944691768825329 ) ) ;
#4675 = CARTESIAN_POINT ( 'NONE',  ( 2.150000000000000355, 2.609440840897845781, 0.8144531271678819850 ) ) ;
#4676 = ORIENTED_EDGE ( 'NONE', *, *, #4578, .T. ) ;
#4677 = CARTESIAN_POINT ( 'NONE',  ( 2.579629788281249780, 4.568517644207729766, 4.336718751083940226 ) ) ;
#4678 = CARTESIAN_POINT ( 'NONE',  ( 1.824073716244489773, 5.324073716244490662, 4.386328126083940404 ) ) ;
#4679 = CARTESIAN_POINT ( 'NONE',  ( -0.3892841252180071487, 1.385531541005869061, 6.000912217636500401 ) ) ;
#4680 = CARTESIAN_POINT ( 'NONE',  ( 5.408326913195983465, 0.000000000000000000, 6.000000000000000000 ) ) ;
#4681 = CARTESIAN_POINT ( 'NONE',  ( -1.579567681601898742E-16, 6.079629788281250669, 1.409765626083941958 ) ) ;
#4682 = CARTESIAN_POINT ( 'NONE',  ( 1.068517644207731321, 0.9203702117187504417, 0.1695312510839406261 ) ) ;
#4683 = CARTESIAN_POINT ( 'NONE',  ( 0.8905591591021542186, 5.650000000000000355, 0.02070312500000205669 ) ) ;
#4684 = CARTESIAN_POINT ( 'NONE',  ( 1.068517644207729544, 6.079629788281250669, 6.817187501083940226 ) ) ;
#4685 = ORIENTED_EDGE ( 'NONE', *, *, #3392, .T. ) ;
#4686 = CARTESIAN_POINT ( 'NONE',  ( 0.000000000000000000, -3.700000000000000178, 2.000000000000000000 ) ) ;
#4687 = CARTESIAN_POINT ( 'NONE',  ( -2.149987675074505944, 3.491575145835982497, 6.619219600558929884 ) ) ;
#4688 = ADVANCED_FACE ( 'NONE', ( #4470 ), #5049, .F. ) ;
#4689 =( BOUNDED_CURVE ( )  B_SPLINE_CURVE ( 3, ( #2588, #3166, #482, #6451 ),
 .UNSPECIFIED., .F., .T. ) 
 B_SPLINE_CURVE_WITH_KNOTS ( ( 4, 4 ),
 ( 5.052225889838814155, 6.283185307179586232 ),
 .UNSPECIFIED. ) 
 CURVE ( )  GEOMETRIC_REPRESENTATION_ITEM ( )  RATIONAL_B_SPLINE_CURVE ( ( 1.000000000000000000, 0.8776643872851510597, 0.8776643872851510597, 1.000000000000000000 ) ) 
 REPRESENTATION_ITEM ( '' )  );
#4690 = CARTESIAN_POINT ( 'NONE',  ( -0.8905591591021546627, 5.650000000000000355, 8.851171875000002132 ) ) ;
#4691 = ORIENTED_EDGE ( 'NONE', *, *, #6216, .F. ) ;
#4692 = EDGE_LOOP ( 'NONE', ( #6092, #3423 ) ) ;
#4693 = CARTESIAN_POINT ( 'NONE',  ( -1.649145203824979644, 2.120548491387884926, 3.532147029592843879 ) ) ;
#4694 = CARTESIAN_POINT ( 'NONE',  ( -1.773208898693260149, 2.283368629778788961, 1.932764434900079653 ) ) ;
#4695 = CARTESIAN_POINT ( 'NONE',  ( -2.024211111359559556, 4.225882818305608524, 2.606673038037317092 ) ) ;
#4696 = AXIS2_PLACEMENT_3D ( 'NONE', #2473, #6697, #5717 ) ;
#4697 = CARTESIAN_POINT ( 'NONE',  ( 1.874748321132347240, 4.552536421461306659, 3.111858650940844129 ) ) ;
#4698 = CARTESIAN_POINT ( 'NONE',  ( -2.043361115582593701, 1.916325217106056522, 7.999999999999998224 ) ) ;
#4699 = CARTESIAN_POINT ( 'NONE',  ( 1.520279579551077509, 1.979720420448922935, 7.908593752167882407 ) ) ;
#4700 = CARTESIAN_POINT ( 'NONE',  ( -1.779591765028920802, 2.293528989714799682, 4.313255352645586349 ) ) ;
#4701 = FACE_OUTER_BOUND ( 'NONE', #3950, .T. ) ;
#4702 = CARTESIAN_POINT ( 'NONE',  ( 0.8905591591021556619, 1.350000000000000533, 4.683984377167880631 ) ) ;
#4703 = CARTESIAN_POINT ( 'NONE',  ( -2.150000001024492846, 3.505870510718565480, 5.824673253620547442 ) ) ;
#4704 = CARTESIAN_POINT ( 'NONE',  ( 1.824073716244489773, 5.324073716244490662, 1.310546876083941603 ) ) ;
#4705 = ORIENTED_EDGE ( 'NONE', *, *, #944, .T. ) ;
#4706 = CARTESIAN_POINT ( 'NONE',  ( -0.6046289324051098424, 1.436756360283588441, 2.812754331167767408 ) ) ;
#4707 = CARTESIAN_POINT ( 'NONE',  ( -2.082319207628165803, 4.068412881529408942, 1.029072201434716893 ) ) ;
#4708 = CARTESIAN_POINT ( 'NONE',  ( -0.2980013935767834021, 1.370750519105971899, 7.593865294467590843 ) ) ;
#4709 = CARTESIAN_POINT ( 'NONE',  ( 2.149999999983939869, 3.499994103589950001, 0.8639563627407317314 ) ) ;
#4710 = ADVANCED_FACE ( 'NONE', ( #6643 ), #1405, .T. ) ;
#4711 = CARTESIAN_POINT ( 'NONE',  ( -2.027781753372468909, 4.215021461319487628, 7.369859990067756605 ) ) ;
#4712 = CARTESIAN_POINT ( 'NONE',  ( -2.149999999999999911, 4.390559159102155995, 2.798828127167880986 ) ) ;
#4713 = ORIENTED_EDGE ( 'NONE', *, *, #5736, .F. ) ;
#4714 = ORIENTED_EDGE ( 'NONE', *, *, #4578, .F. ) ;
#4715 = AXIS2_PLACEMENT_3D ( 'NONE', #5152, #5116, #5651 ) ;
#4716 = CARTESIAN_POINT ( 'NONE',  ( -2.579629788281249780, 4.568517644207729766, 3.840625001083941115 ) ) ;
#4717 = CARTESIAN_POINT ( 'NONE',  ( 1.824073716244489773, 5.324073716244490662, 2.798828126083940937 ) ) ;
#4718 = CARTESIAN_POINT ( 'NONE',  ( -0.3991776185731880644, 1.387380392666649698, 6.000346283209168519 ) ) ;
#4719 = CARTESIAN_POINT ( 'NONE',  ( 0.000000000000000000, 1.166476076187853824E-15, 8.000000000000000000 ) ) ;
#4720 = CARTESIAN_POINT ( 'NONE',  ( -1.068517644207730211, 0.9203702117187504417, 0.9632812510839415809 ) ) ;
#4721 = CARTESIAN_POINT ( 'NONE',  ( -2.579629788281249780, 4.568517644207729766, 2.253125001083941203 ) ) ;
#4722 = CARTESIAN_POINT ( 'NONE',  ( 0.8905591591021556619, 1.350000000000000533, 2.104296875000001510 ) ) ;
#4723 = CARTESIAN_POINT ( 'NONE',  ( -2.579629788281250224, 3.500000000000000000, 7.858984376083941292 ) ) ;
#4724 = VERTEX_POINT ( 'NONE', #4011 ) ;
#4725 = CARTESIAN_POINT ( 'NONE',  ( -7.039260643507595283, 1.301559753411398512, 6.341421356237310292 ) ) ;
#4726 = CARTESIAN_POINT ( 'NONE',  ( -0.05133217779034449785, 1.350531900700800536, 6.814321203202482913 ) ) ;
#4727 = AXIS2_PLACEMENT_3D ( 'NONE', #5635, #689, #2897 ) ;
#4728 = CARTESIAN_POINT ( 'NONE',  ( 1.490290791204240461, 5.049744630932275768, 1.560937616553720098 ) ) ;
#4729 = CARTESIAN_POINT ( 'NONE',  ( -1.824073716244482224, 1.675926283755517110, 0.1199218760839476650 ) ) ;
#4730 = ORIENTED_EDGE ( 'NONE', *, *, #4056, .F. ) ;
#4731 = EDGE_LOOP ( 'NONE', ( #4196, #2811, #1215, #2382 ) ) ;
#4732 = CARTESIAN_POINT ( 'NONE',  ( -1.636437321420691093, 2.105412564486006222, 3.533242347827559637 ) ) ;
#4733 = CARTESIAN_POINT ( 'NONE',  ( -1.414481158090684865, 1.874733388709047599, 1.963884072117328072 ) ) ;
#4734 = CARTESIAN_POINT ( 'NONE',  ( -0.6322046486219602413, 5.555312309340718180, 2.488977013243946157 ) ) ;
#4735 = AXIS2_PLACEMENT_3D ( 'NONE', #4236, #6439, #4625 ) ;
#4736 = CARTESIAN_POINT ( 'NONE',  ( 1.711494994889327881, 2.196803097391932358, 5.345357210067969156 ) ) ;
#4737 = DIRECTION ( 'NONE',  ( 1.000000000000000000, 0.000000000000000000, 0.000000000000000000 ) ) ;
#4738 = CARTESIAN_POINT ( 'NONE',  ( 17.49999999999999645, -13.00000000000000000, 0.5000000000000000000 ) ) ;
#4739 = CARTESIAN_POINT ( 'NONE',  ( -2.052477128164861941, 2.858546436923404599, 4.275486257151268177 ) ) ;
#4740 = CARTESIAN_POINT ( 'NONE',  ( 0.000000000000000000, 13.50000000000000000, 0.000000000000000000 ) ) ;
#4741 = DIRECTION ( 'NONE',  ( -0.000000000000000000, -0.000000000000000000, 1.000000000000000000 ) ) ;
#4742 = CARTESIAN_POINT ( 'NONE',  ( -2.136738402032656747, 3.747227336952634325, 5.810904290068881650 ) ) ;
#4743 = CARTESIAN_POINT ( 'NONE',  ( -2.579629788281249336, 2.431482355792268013, 0.8640625010839422249 ) ) ;
#4744 = ORIENTED_EDGE ( 'NONE', *, *, #2985, .F. ) ;
#4745 = CARTESIAN_POINT ( 'NONE',  ( -1.967514815241873549, 2.631896441118885654, 2.702568517835719941 ) ) ;
#4746 = CARTESIAN_POINT ( 'NONE',  ( 0.1116158780590855992, 5.647103302518649670, 0.8577958418170471555 ) ) ;
#4747 = CARTESIAN_POINT ( 'NONE',  ( -0.5925746832436847855, 1.432842003048959478, 7.576015979433228686 ) ) ;
#4748 = CARTESIAN_POINT ( 'NONE',  ( 0.6804038935862865012, 5.557729692819807887, 7.968295783469362625 ) ) ;
#4749 = CARTESIAN_POINT ( 'NONE',  ( -7.374991245267253248, 1.363636363636363757, 6.000000000000000000 ) ) ;
#4750 = CARTESIAN_POINT ( 'NONE',  ( 3.949485927250213853E-16, 1.350000000000000089, 1.459375002167881075 ) ) ;
#4751 = CIRCLE ( 'NONE', #6022, 18.85000000000000142 ) ;
#4752 = VERTEX_POINT ( 'NONE', #1186 ) ;
#4753 = ORIENTED_EDGE ( 'NONE', *, *, #5108, .T. ) ;
#4754 = CARTESIAN_POINT ( 'NONE',  ( 2.579629788281250669, 2.431482355792271122, 2.650000001083940848 ) ) ;
#4755 = CARTESIAN_POINT ( 'NONE',  ( 1.068517644207731321, 0.9203702117187504417, 2.550781251083940049 ) ) ;
#4756 = DIRECTION ( 'NONE',  ( 0.000000000000000000, 0.000000000000000000, -1.000000000000000000 ) ) ;
#4757 = CARTESIAN_POINT ( 'NONE',  ( -12.79860920485519493, -3.767130265048286297, 0.2441299763526849909 ) ) ;
#4758 = CARTESIAN_POINT ( 'NONE',  ( -1.068517644207730211, 0.9203702117187504417, 1.657812501083940626 ) ) ;
#4759 = CARTESIAN_POINT ( 'NONE',  ( 4.738703044805694992E-16, 0.9203702117187499976, 6.569140626083942003 ) ) ;
#4760 = CARTESIAN_POINT ( 'NONE',  ( -2.579629788281249336, 2.431482355792268013, 7.908593751083939694 ) ) ;
#4761 = ORIENTED_EDGE ( 'NONE', *, *, #4868, .T. ) ;
#4762 = CARTESIAN_POINT ( 'NONE',  ( 0.3242600854303703817, 5.625425066035004917, 4.814139747459376117 ) ) ;
#4763 = CARTESIAN_POINT ( 'NONE',  ( -1.807331521207900416, 2.335230887774927933, 6.691539739233610007 ) ) ;
#4764 = AXIS2_PLACEMENT_3D ( 'NONE', #3558, #1826, #4033 ) ;
#4765 = CARTESIAN_POINT ( 'NONE',  ( 0.5340899071303637502, 5.582663047141432244, 1.626506464312207578 ) ) ;
#4766 = CARTESIAN_POINT ( 'NONE',  ( 2.149999999999999911, 4.390559159102155995, 7.858984375000001243 ) ) ;
#4767 = ORIENTED_EDGE ( 'NONE', *, *, #58, .T. ) ;
#4768 = ORIENTED_EDGE ( 'NONE', *, *, #1526, .T. ) ;
#4769 = CARTESIAN_POINT ( 'NONE',  ( 11.50000000000000178, 9.507820771309093644, 0.000000000000000000 ) ) ;
#4770 = CARTESIAN_POINT ( 'NONE',  ( 1.890305877939420620, 4.524526371695949400, 2.316188483226239825 ) ) ;
#4771 = CIRCLE ( 'NONE', #6846, 1.649999999999998579 ) ;
#4772 = CARTESIAN_POINT ( 'NONE',  ( 11.00000000000000178, 9.507820771309093644, 2.000000000000000000 ) ) ;
#4773 = CARTESIAN_POINT ( 'NONE',  ( 0.7642973090089508759, 1.205832059236770393, 8.000000000000000000 ) ) ;
#4774 = CARTESIAN_POINT ( 'NONE',  ( 2.093369693901586448, 2.552810534799431874, 7.953741791628534230 ) ) ;
#4775 = EDGE_CURVE ( 'NONE', #5998, #3169, #1930, .T. ) ;
#4776 = CARTESIAN_POINT ( 'NONE',  ( 1.520279579551077509, 1.979720420448922935, 6.321093752167882052 ) ) ;
#4777 = CARTESIAN_POINT ( 'NONE',  ( -21.29289321881345387, -3.907106781186548083, 9.048568010295745966E-17 ) ) ;
#4778 = AXIS2_PLACEMENT_3D ( 'NONE', #4238, #1455, #2805 ) ;
#4779 = DIRECTION ( 'NONE',  ( 1.000000000000000000, 0.000000000000000000, 0.000000000000000000 ) ) ;
#4780 = EDGE_CURVE ( 'NONE', #3728, #1674, #3429, .T. ) ;
#4781 = CARTESIAN_POINT ( 'NONE',  ( 2.148945253074134865, 3.569615176881395069, 5.432022749661626904 ) ) ;
#4782 = CARTESIAN_POINT ( 'NONE',  ( -1.824073716244489995, 5.324073716244490662, -0.07851562391605719504 ) ) ;
#4783 = ORIENTED_EDGE ( 'NONE', *, *, #3525, .T. ) ;
#4784 = CARTESIAN_POINT ( 'NONE',  ( -0.2428021198637332900, 1.362797439679547917, 2.834609143258085329 ) ) ;
#4785 = CARTESIAN_POINT ( 'NONE',  ( -2.139474656333849367, 3.721811056464556344, 1.049742989187942399 ) ) ;
#4786 = CARTESIAN_POINT ( 'NONE',  ( -1.398624550181317705, 1.864545044588785228, 7.521143952590668924 ) ) ;
#4787 = CARTESIAN_POINT ( 'NONE',  ( -21.50000000000000000, -3.700000000000000178, 2.000000000000000000 ) ) ;
#4788 = CARTESIAN_POINT ( 'NONE',  ( -2.149999999998071676, 3.500002879163746528, 7.610937582062137885 ) ) ;
#4789 = ADVANCED_FACE ( 'NONE', ( #2274 ), #544, .F. ) ;
#4790 = CARTESIAN_POINT ( 'NONE',  ( 0.8905591591021556619, 1.350000000000000533, 2.302734377167880986 ) ) ;
#4791 = ORIENTED_EDGE ( 'NONE', *, *, #3278, .F. ) ;
#4792 = EDGE_CURVE ( 'NONE', #2828, #4475, #5522, .T. ) ;
#4793 = CIRCLE ( 'NONE', #2252, 0.5000000000000004441 ) ;
#4794 = CARTESIAN_POINT ( 'NONE',  ( 1.824073716244490218, 1.675926283755510227, 1.012890626083940537 ) ) ;
#4795 = CARTESIAN_POINT ( 'NONE',  ( -1.824073716244489329, 1.675926283755509782, 4.783203126083940937 ) ) ;
#4796 = CARTESIAN_POINT ( 'NONE',  ( -3.149999999999998579, 16.26240592994945189, 2.000000000000000000 ) ) ;
#4797 = LINE ( 'NONE', #2594, #6827 ) ;
#4798 = CARTESIAN_POINT ( 'NONE',  ( 2.579629788281250669, 2.431482355792271122, 2.650000001083940404 ) ) ;
#4799 = CARTESIAN_POINT ( 'NONE',  ( -2.579629788281249336, 2.431482355792268013, 6.420312501083942358 ) ) ;
#4800 = CARTESIAN_POINT ( 'NONE',  ( 1.824073716244489773, 5.324073716244490662, 8.355078126083940404 ) ) ;
#4801 = ORIENTED_EDGE ( 'NONE', *, *, #6189, .F. ) ;
#4802 = CARTESIAN_POINT ( 'NONE',  ( 0.6834436339465699284, 5.541840356462663486, 4.792237896338714442 ) ) ;
#4803 = CARTESIAN_POINT ( 'NONE',  ( -1.213073047849634989, 5.275481219863574545, 4.115330542887327248 ) ) ;
#4804 = EDGE_CURVE ( 'NONE', #639, #5873, #4221, .T. ) ;
#4805 = CARTESIAN_POINT ( 'NONE',  ( -1.824073716244489995, 5.324073716244490662, 5.477734376083941648 ) ) ;
#4806 = EDGE_CURVE ( 'NONE', #2471, #5519, #2208, .T. ) ;
#4807 = CARTESIAN_POINT ( 'NONE',  ( 0.8905591591021556619, 1.350000000000000533, 6.073046875000001954 ) ) ;
#4808 = ORIENTED_EDGE ( 'NONE', *, *, #502, .T. ) ;
#4809 = EDGE_LOOP ( 'NONE', ( #2002, #2492, #2078, #2599 ) ) ;
#4810 = CARTESIAN_POINT ( 'NONE',  ( 3.949485927250213853E-16, 1.350000000000000089, 7.015625002167881874 ) ) ;
#4811 = CARTESIAN_POINT ( 'NONE',  ( -0.2788494422591578092, 5.631857767424507166, 2.467514546855807289 ) ) ;
#4812 = CARTESIAN_POINT ( 'NONE',  ( -0.08646158996441234701, 1.351249397541914865, 5.224548352991448041 ) ) ;
#4813 = CARTESIAN_POINT ( 'NONE',  ( 2.152219699912784723, 3.165943878244285248, 7.999999999999998224 ) ) ;
#4814 = CARTESIAN_POINT ( 'NONE',  ( 6.391659079231618357, 1.181818181818181879, 6.000000000000000000 ) ) ;
#4815 = CARTESIAN_POINT ( 'NONE',  ( 17.50000000000000000, -7.500000000000000000, 2.000000000000000000 ) ) ;
#4816 = CARTESIAN_POINT ( 'NONE',  ( -2.149999999990567012, 3.499993631178768716, 1.260937856948742830 ) ) ;
#4817 = CARTESIAN_POINT ( 'NONE',  ( -1.068517644207725992, 0.9203702117187605447, 4.932031251083946799 ) ) ;
#4818 = CARTESIAN_POINT ( 'NONE',  ( 2.143137274338758225, 3.675207746715835722, 5.438015857926979280 ) ) ;
#4819 = DIRECTION ( 'NONE',  ( -0.1818181818181798526, -0.9833321660356337812, 1.854641541589254382E-15 ) ) ;
#4820 = EDGE_LOOP ( 'NONE', ( #5192, #2605, #3092 ) ) ;
#4821 = B_SPLINE_CURVE_WITH_KNOTS ( 'NONE', 3,
 ( #4440, #6247, #4585, #6791, #6646, #4053, #6719, #5631, #4474, #2928, #1224, #1771, #5131, #1301, #6683, #5705, #2244, #2780, #1731, #1695, #684, #3901, #6176, #5092, #4981, #137, #32, #2893, #2354, #4550, #6101, #1261, #1153, #6759, #5558, #614, #100, #5018, #3937, #6136, #1189, #1810, #4015, #5593, #6212, #648, #2855, #3470, #2317, #4508, #5667, #724, #3658, #6283, #5274, #1448, #2534, #3580, #3073, #291, #3544, #796, #329, #5850, #1913, #4620, #4090, #874, #4733, #6894, #5165, #6936, #216, #6318, #2424, #908, #3618, #6355, #3110, #4694, #1336, #4658, #6825, #1882, #1990, #1410, #5809, #1951, #4199, #6399, #5734, #761, #2994, #2959, #6860, #4121, #5198, #1372, #251, #2459, #5771, #832, #3032 ),
 .UNSPECIFIED., .F., .F.,
 ( 4, 2, 2, 1, 2, 2, 2, 2, 2, 2, 1, 2, 2, 2, 2, 2, 1, 2, 2, 2, 2, 1, 2, 2, 2, 2, 2, 1, 2, 2, 2, 2, 1, 2, 2, 1, 1, 2, 2, 2, 1, 1, 2, 2, 2, 2, 2, 2, 2, 2, 1, 2, 2, 1, 1, 1, 1, 2, 4 ),
 ( 0.7182271854443780246, 0.7186161786927057760, 0.7188106753168695962, 0.7190051719410334163, 0.7197831584376889191, 0.7213391314309998137, 0.7244510774176218248, 0.7260070504109327194, 0.7263960436592604708, 0.7265905402834242910, 0.7267850369075882222, 0.7275630234042437250, 0.7291189963975547306, 0.7298969828942102334, 0.7302859761425378737, 0.7304804727667018049, 0.7306749693908656251, 0.7337869153774877473, 0.7368988613641097585, 0.7400108073507317696, 0.7431227533373538918, 0.7439007398340093946, 0.7440952364581732148, 0.7442897330823371460, 0.7446787263306648974, 0.7454567128273204002, 0.7458457060756481516, 0.7460402026998119718, 0.7460888268558529823, 0.7461374510118939929, 0.7462346993239759030, 0.7493466453105980252, 0.7497356385589257766, 0.7499301351830895968, 0.7500273834951716179, 0.7501246318072535280, 0.7509026183039090308, 0.7524585912972201474, 0.7555705372838421585, 0.7571265102771531641, 0.7575155035254810265, 0.7577100001496448467, 0.7578072484617268678, 0.7579044967738087779, 0.7586824832704643917, 0.7602384562637755083, 0.7610164427604311221, 0.7614054360087588735, 0.7617944292570866249, 0.7649063752437089692, 0.7652953684920368316, 0.7654898651162007628, 0.7656843617403645830, 0.7664623482370201968, 0.7672403347336758106, 0.7676293279820035620, 0.7678238246061673822, 0.7679210729182494033, 0.7680183212303313134 ),
 .UNSPECIFIED. ) ;
#4822 = DIRECTION ( 'NONE',  ( 0.000000000000000000, 0.000000000000000000, -1.000000000000000000 ) ) ;
#4823 = CARTESIAN_POINT ( 'NONE',  ( -1.520279579551077287, 5.020279579551076843, 1.161718752167881785 ) ) ;
#4824 = DIRECTION ( 'NONE',  ( 0.000000000000000000, -0.000000000000000000, -1.000000000000000000 ) ) ;
#4825 = CARTESIAN_POINT ( 'NONE',  ( 1.652202096985629476, 4.880658496455573037, 7.897768381885033051 ) ) ;
#4826 = CARTESIAN_POINT ( 'NONE',  ( 2.149999993325070857, 3.639756081700722401, 7.023443030741040261 ) ) ;
#4827 = CARTESIAN_POINT ( 'NONE',  ( 2.141776313077693672, 3.309724454161071971, 0.6548350614144300419 ) ) ;
#4828 = VERTEX_POINT ( 'NONE', #5662 ) ;
#4829 = PRODUCT_RELATED_PRODUCT_CATEGORY ( 'part', '', ( #3410 ) ) ;
#4830 = CARTESIAN_POINT ( 'NONE',  ( -1.068517644207730211, 0.9203702117187504417, 2.451562501083941026 ) ) ;
#4831 = CARTESIAN_POINT ( 'NONE',  ( 1.824073716244490218, 1.675926283755510227, 1.012890626083940537 ) ) ;
#4832 = CARTESIAN_POINT ( 'NONE',  ( 5.408326913195983465, 1.000000000000000000, 2.000000000000000000 ) ) ;
#4833 = CARTESIAN_POINT ( 'NONE',  ( -11.78032217269751136, -3.919677827302488815, 0.06194146803830487269 ) ) ;
#4834 = CARTESIAN_POINT ( 'NONE',  ( 4.738703044805694992E-16, 0.9203702117187499976, -0.6738281239160592850 ) ) ;
#4835 = CARTESIAN_POINT ( 'NONE',  ( 1.824073716244489773, 5.324073716244490662, 6.073046876083942003 ) ) ;
#4836 = CARTESIAN_POINT ( 'NONE',  ( -1.824073716244489995, 5.324073716244490662, 8.553515626083941115 ) ) ;
#4837 = B_SPLINE_CURVE_WITH_KNOTS ( 'NONE', 3,
 ( #5005, #1250, #1718, #1834, #6707, #204, #3385, #4042, #1288, #636, #2841, #5040, #4079, #3420, #1796, #53, #4001, #5616, #2266, #4461, #6672, #3496, #671, #5696, #2878, #6198, #88, #3458, #5654, #2414, #2302, #4170, #886, #5250, #1893, #2585, #3047, #2506, #6909, #4784, #4211, #4101, #6295, #6367, #1421, #3633, #5210, #920, #4706, #265, #5285, #303, #3085, #1963, #1924, #844, #2548, #4132, #6411, #6987, #5823, #3122, #3007, #5324, #2043, #2436, #341, #2004, #4745, #378, #6949, #6447, #1460, #6331 ),
 .UNSPECIFIED., .F., .F.,
 ( 4, 2, 2, 2, 2, 2, 2, 2, 2, 2, 2, 1, 1, 2, 2, 2, 2, 1, 2, 2, 1, 2, 2, 2, 1, 2, 2, 1, 2, 2, 2, 2, 2, 2, 2, 2, 2, 2, 2, 4 ),
 ( 0.6189536916616494855, 0.6220681540591491698, 0.6236253852578990120, 0.6244040008572739886, 0.6251826164566488542, 0.6314115412516482229, 0.6321901568510231995, 0.6329687724503980650, 0.6345260036491479072, 0.6376404660466477026, 0.6391976972453975447, 0.6399763128447724103, 0.6403656206444598986, 0.6405602745443036428, 0.6406576014942254593, 0.6407549284441473869, 0.6438693908416470713, 0.6442586986413345596, 0.6444533525411783037, 0.6445506794911001203, 0.6446480064410220479, 0.6454266220403970244, 0.6469838532391468666, 0.6477624688385217322, 0.6481517766382092205, 0.6483464305380529646, 0.6484437574879748922, 0.6485410844378967088, 0.6500983156366465510, 0.6532127780341462353, 0.6547700092328960775, 0.6555486248322710541, 0.6559379326319585424, 0.6563272404316459196, 0.6594417028291457150, 0.6609989340278955572, 0.6617775496272704228, 0.6625561652266453994, 0.6656706276241450837, 0.6687850900216447680 ),
 .UNSPECIFIED. ) ;
#4838 = EDGE_CURVE ( 'NONE', #4411, #1971, #4636, .T. ) ;
#4839 = CARTESIAN_POINT ( 'NONE',  ( 1.978543047111247288, 4.341800002257039992, 4.685226051004829806 ) ) ;
#4840 = CARTESIAN_POINT ( 'NONE',  ( 0.1601697897473022825, 5.644043058563707582, 4.030011255364828848 ) ) ;
#4841 = CARTESIAN_POINT ( 'NONE',  ( 2.579629788281250669, 2.431482355792271122, 5.130468751083942180 ) ) ;
#4842 = CARTESIAN_POINT ( 'NONE',  ( -1.520279579551076843, 1.979720420448922491, 8.305468750000001066 ) ) ;
#4843 = VERTEX_POINT ( 'NONE', #5877 ) ;
#4844 = ORIENTED_EDGE ( 'NONE', *, *, #2524, .T. ) ;
#4845 = CARTESIAN_POINT ( 'NONE',  ( -2.543385834414213065, 3.930904098250507239, 2.077144524579118290E-15 ) ) ;
#4846 = CARTESIAN_POINT ( 'NONE',  ( 1.010875414034567710, 5.407272600208502311, 2.389674972589202806 ) ) ;
#4847 = EDGE_CURVE ( 'NONE', #3870, #7134, #1171, .T. ) ;
#4848 = VECTOR ( 'NONE', #1228, 1000.000000000000000 ) ;
#4849 = CARTESIAN_POINT ( 'NONE',  ( -2.149979314945043907, 3.510915001174968797, 0.2681414781979942208 ) ) ;
#4850 = DIRECTION ( 'NONE',  ( -0.000000000000000000, 0.000000000000000000, 1.000000000000000000 ) ) ;
#4851 = FACE_OUTER_BOUND ( 'NONE', #4820, .T. ) ;
#4852 = CARTESIAN_POINT ( 'NONE',  ( 6.900196474955064829, 1.275846779550068977, 6.000000000000000000 ) ) ;
#4853 = CARTESIAN_POINT ( 'NONE',  ( -1.579567681601892579E-16, 6.079629788281240010, 6.172265626083947687 ) ) ;
#4854 = CARTESIAN_POINT ( 'NONE',  ( 0.5352638929487578690, 5.590833349821540565, 5.595116671738805003 ) ) ;
#4855 = CARTESIAN_POINT ( 'NONE',  ( 0.8905591591021556619, 1.350000000000000533, 2.302734377167880986 ) ) ;
#4856 = VECTOR ( 'NONE', #913, 1000.000000000000000 ) ;
#4857 = ORIENTED_EDGE ( 'NONE', *, *, #3283, .T. ) ;
#4858 = CARTESIAN_POINT ( 'NONE',  ( 2.149992677703579158, 2.609433518601425028, 3.989452550317366342 ) ) ;
#4859 = CARTESIAN_POINT ( 'NONE',  ( 1.579945050433094300, 4.958593788670646596, 0.7598625617687093659 ) ) ;
#4860 = DIRECTION ( 'NONE',  ( 0.000000000000000000, 0.000000000000000000, -1.000000000000000000 ) ) ;
#4861 = CARTESIAN_POINT ( 'NONE',  ( 1.836457027298769695, 4.618166643620714495, 7.878896984474255127 ) ) ;
#4862 = DIRECTION ( 'NONE',  ( 0.000000000000000000, 1.000000000000000000, 0.000000000000000000 ) ) ;
#4863 = CARTESIAN_POINT ( 'NONE',  ( 1.478888515474465537, 1.939415936900336979, 0.5631702439565974272 ) ) ;
#4864 = ORIENTED_EDGE ( 'NONE', *, *, #4030, .T. ) ;
#4865 = CARTESIAN_POINT ( 'NONE',  ( 1.068517644207729544, 6.079629788281250669, -0.3265624989160585967 ) ) ;
#4866 = CARTESIAN_POINT ( 'NONE',  ( -5.408326913195983465, -9.184850993605147944E-16, 7.000000000000000000 ) ) ;
#4867 = DIRECTION ( 'NONE',  ( -1.000000000000000000, 0.000000000000000000, 0.000000000000000000 ) ) ;
#4868 = EDGE_CURVE ( 'NONE', #3231, #5781, #5919, .T. ) ;
#4869 = CARTESIAN_POINT ( 'NONE',  ( -1.068517644207729766, 6.079629788281250669, -1.021093748916058308 ) ) ;
#4870 = CARTESIAN_POINT ( 'NONE',  ( -2.579629788281249780, 4.568517644207729766, 7.908593751083941470 ) ) ;
#4871 = CARTESIAN_POINT ( 'NONE',  ( 1.068517644207731321, 0.9203702117187504417, 6.519531251083940049 ) ) ;
#4872 = VECTOR ( 'NONE', #585, 1000.000000000000000 ) ;
#4873 = CARTESIAN_POINT ( 'NONE',  ( 1.167727035653156831, 5.306297148686427434, 4.759847449356882088 ) ) ;
#4874 = CARTESIAN_POINT ( 'NONE',  ( -0.9287311249516192468, 5.439266524423011617, 4.095658963597148983 ) ) ;
#4875 = CARTESIAN_POINT ( 'NONE',  ( -2.579629788281249780, 4.568517644207729766, 4.733593751083941648 ) ) ;
#4876 = CARTESIAN_POINT ( 'NONE',  ( 1.520279579551077065, 5.020279579551076843, 7.114843750000001243 ) ) ;
#4877 = ORIENTED_EDGE ( 'NONE', *, *, #4780, .F. ) ;
#4878 = ORIENTED_EDGE ( 'NONE', *, *, #6206, .T. ) ;
#4879 = CARTESIAN_POINT ( 'NONE',  ( -12.00000000000000000, -1.665334536937734811E-15, 2.000000000000000000 ) ) ;
#4880 = CARTESIAN_POINT ( 'NONE',  ( 1.930863525506471889, 4.445949605284064354, 2.310878053982669211 ) ) ;
#4881 = CIRCLE ( 'NONE', #6494, 2.149999999999999911 ) ;
#4882 = CARTESIAN_POINT ( 'NONE',  ( -2.100364932721569655, 3.969195075637261372, 0.2415153058418487153 ) ) ;
#4883 = CARTESIAN_POINT ( 'NONE',  ( -2.149999999998234212, 3.500002755632074081, 2.054687348663101432 ) ) ;
#4884 = CARTESIAN_POINT ( 'NONE',  ( -6.408326913195983465, 1.000000000000000000, 8.000000000000000000 ) ) ;
#4885 = DIRECTION ( 'NONE',  ( -0.000000000000000000, -0.000000000000000000, -1.000000000000000000 ) ) ;
#4886 = CARTESIAN_POINT ( 'NONE',  ( -2.579629788281240010, 3.500000000000000000, 7.164453126083947687 ) ) ;
#4887 = CARTESIAN_POINT ( 'NONE',  ( 1.047281796692351996, 5.377691930983392155, 5.561939473810728174 ) ) ;
#4888 = CARTESIAN_POINT ( 'NONE',  ( 4.738703044805694992E-16, 0.9203702117187499976, -0.5746093739160580416 ) ) ;
#4889 = CIRCLE ( 'NONE', #5565, 0.9999999999999991118 ) ;
#4890 = ORIENTED_EDGE ( 'NONE', *, *, #6565, .T. ) ;
#4891 = DIRECTION ( 'NONE',  ( -1.000000000000000000, 0.000000000000000000, 0.000000000000000000 ) ) ;
#4892 = CARTESIAN_POINT ( 'NONE',  ( 1.306715527061750981, 5.208669075974792229, 0.7810902613700404507 ) ) ;
#4893 = CIRCLE ( 'NONE', #4425, 0.5000000000000000000 ) ;
#4894 = CYLINDRICAL_SURFACE ( 'NONE', #2917, 0.5000000000000004441 ) ;
#4895 = CARTESIAN_POINT ( 'NONE',  ( 0.9886593015086945213, 5.410424454076976808, 7.947533807148769114 ) ) ;
#4896 = CARTESIAN_POINT ( 'NONE',  ( 2.057413743155055208, 4.124153637684935703, 7.052530367589043614 ) ) ;
#4897 = CARTESIAN_POINT ( 'NONE',  ( -1.520279579551076843, 1.979720420448922491, -1.021093747832118037 ) ) ;
#4898 = ORIENTED_EDGE ( 'NONE', *, *, #7139, .F. ) ;
#4899 = EDGE_CURVE ( 'NONE', #4242, #589, #4797, .T. ) ;
#4900 = CARTESIAN_POINT ( 'NONE',  ( 1.824073716244490218, 1.675926283755510227, -0.5746093739160598179 ) ) ;
#4901 = SURFACE_STYLE_FILL_AREA ( #388 ) ;
#4902 = DIRECTION ( 'NONE',  ( 1.000000000000000000, -3.543069168440693314E-15, 0.000000000000000000 ) ) ;
#4903 = CARTESIAN_POINT ( 'NONE',  ( -1.520279579551077287, 5.020279579551076843, 8.305468752167881163 ) ) ;
#4904 = CARTESIAN_POINT ( 'NONE',  ( 0.8601757089466287587, 5.470439150168661335, 4.780752457342338779 ) ) ;
#4905 = CARTESIAN_POINT ( 'NONE',  ( -1.021078996911236825, 5.392749619337135591, 4.101878010538559494 ) ) ;
#4906 = CARTESIAN_POINT ( 'NONE',  ( -1.068517644207729766, 6.079629788281250669, 7.809375001083941115 ) ) ;
#4907 = CARTESIAN_POINT ( 'NONE',  ( 1.520279579551077509, 1.979720420448922935, 8.503906250000001776 ) ) ;
#4908 = ORIENTED_EDGE ( 'NONE', *, *, #4599, .T. ) ;
#4909 = ORIENTED_EDGE ( 'NONE', *, *, #4040, .T. ) ;
#4910 = CARTESIAN_POINT ( 'NONE',  ( -1.423761425447800155, 5.454966693776379216, -4.090673454891988708E-16 ) ) ;
#4911 = CARTESIAN_POINT ( 'NONE',  ( 1.707252446575957538, 2.193103089016577911, 1.376357858823818781 ) ) ;
#4912 = ADVANCED_FACE ( 'NONE', ( #6382 ), #2670, .F. ) ;
#4913 = CARTESIAN_POINT ( 'NONE',  ( -2.148805824447004298, 3.577584414644092270, 0.2644000917945710238 ) ) ;
#4914 = APPLICATION_PROTOCOL_DEFINITION ( 'draft international standard', 'automotive_design', 1998, #5513 ) ;
#4915 = PLANE ( 'NONE',  #6924 ) ;
#4916 = CARTESIAN_POINT ( 'NONE',  ( -6.408326913195983465, 1.000000000000000000, 8.000000000000000000 ) ) ;
#4917 = CARTESIAN_POINT ( 'NONE',  ( -2.579629788281240010, 3.500000000000000000, 4.783203126083948042 ) ) ;
#4918 = CARTESIAN_POINT ( 'NONE',  ( 1.726713268936457712, 4.786211024335511155, 5.509517292296912672 ) ) ;
#4919 = CARTESIAN_POINT ( 'NONE',  ( -1.579567681601898742E-16, 6.079629788281250669, -0.9714843739160576863 ) ) ;
#4920 = ORIENTED_EDGE ( 'NONE', *, *, #2543, .F. ) ;
#4921 = DIRECTION ( 'NONE',  ( 0.000000000000000000, 0.000000000000000000, -1.000000000000000000 ) ) ;
#4922 = CARTESIAN_POINT ( 'NONE',  ( 0.9494171365068182489, 5.429032673670408649, 0.8060740932512789891 ) ) ;
#4923 = CARTESIAN_POINT ( 'NONE',  ( -2.150000003025537509, 3.486047589049660722, 7.413277236834256989 ) ) ;
#4924 = CARTESIAN_POINT ( 'NONE',  ( -0.5224195695268589734, 5.585580578291742704, 1.688400120182116160 ) ) ;
#4925 = CARTESIAN_POINT ( 'NONE',  ( 1.623422864606345106, 4.909629152463462098, 7.106297489503445419 ) ) ;
#4926 = CARTESIAN_POINT ( 'NONE',  ( 2.150000000000000355, 2.609440840897845781, -0.7730468728321185923 ) ) ;
#4927 = ORIENTED_EDGE ( 'NONE', *, *, #3392, .F. ) ;
#4928 = ORIENTED_EDGE ( 'NONE', *, *, #697, .F. ) ;
#4929 = ADVANCED_FACE ( 'NONE', ( #7033 ), #1257, .T. ) ;
#4930 = CARTESIAN_POINT ( 'NONE',  ( -1.068517644207730211, 0.9203702117187504417, 0.8640625010839405595 ) ) ;
#4931 = DIRECTION ( 'NONE',  ( -0.000000000000000000, 0.000000000000000000, 1.000000000000000000 ) ) ;
#4932 = CARTESIAN_POINT ( 'NONE',  ( -2.519406401586796296, 3.429021123890813705, 8.000000000000005329 ) ) ;
#4933 = CARTESIAN_POINT ( 'NONE',  ( -2.149999999999999911, 4.390559159102155995, 7.561328127167881163 ) ) ;
#4934 = EDGE_CURVE ( 'NONE', #558, #3260, #5835, .T. ) ;
#4935 = CARTESIAN_POINT ( 'NONE',  ( 17.49999999999999645, -9.000000000000000000, 0.000000000000000000 ) ) ;
#4936 = VECTOR ( 'NONE', #587, 1000.000000000000000 ) ;
#4937 = CARTESIAN_POINT ( 'NONE',  ( -1.473698981387877138, 5.067032211568768041, 4.134290015810941021 ) ) ;
#4938 = CARTESIAN_POINT ( 'NONE',  ( 1.824073716244489773, 5.324073716244490662, 6.866796876083942180 ) ) ;
#4939 = CARTESIAN_POINT ( 'NONE',  ( -0.8905591591021551068, 1.350000000000000533, 5.180078125000002309 ) ) ;
#4940 = VERTEX_POINT ( 'NONE', #5223 ) ;
#4941 = ORIENTED_EDGE ( 'NONE', *, *, #2462, .F. ) ;
#4942 = CYLINDRICAL_SURFACE ( 'NONE', #2929, 1.000000000000000888 ) ;
#4943 = CARTESIAN_POINT ( 'NONE',  ( 1.687238340921286772, 2.167420572107024324, 1.374464658904742009 ) ) ;
#4944 = ORIENTED_EDGE ( 'NONE', *, *, #5065, .T. ) ;
#4945 = CARTESIAN_POINT ( 'NONE',  ( -2.143417764371827072, 3.279280677786733378, 5.043748480691848890 ) ) ;
#4946 = FACE_OUTER_BOUND ( 'NONE', #3971, .T. ) ;
#4947 = LINE ( 'NONE', #680, #5782 ) ;
#4948 = CARTESIAN_POINT ( 'NONE',  ( -1.579567681601892579E-16, 6.079629788281240010, 6.966015626083947865 ) ) ;
#4949 = LINE ( 'NONE', #5017, #6038 ) ;
#4950 = DIRECTION ( 'NONE',  ( -1.000000000000000000, 0.000000000000000000, 0.000000000000000000 ) ) ;
#4951 = VERTEX_POINT ( 'NONE', #4680 ) ;
#4952 = DIRECTION ( 'NONE',  ( -1.000000000000000000, 0.000000000000000000, 0.000000000000000000 ) ) ;
#4953 = CYLINDRICAL_SURFACE ( 'NONE', #6409, 19.35000000000000142 ) ;
#4954 = CARTESIAN_POINT ( 'NONE',  ( 1.068517644207729322, 6.079629788281250669, 2.054687501083941381 ) ) ;
#4955 = DIRECTION ( 'NONE',  ( 1.000000000000000000, -1.387778780781445676E-16, 0.000000000000000000 ) ) ;
#4956 = CARTESIAN_POINT ( 'NONE',  ( -0.4980509577764678508, 5.591534230439477504, 1.686905981554162715 ) ) ;
#4957 = VECTOR ( 'NONE', #2392, 1000.000000000000000 ) ;
#4958 = CARTESIAN_POINT ( 'NONE',  ( 1.784555492337263072, 4.704114914889506949, 7.090971367678152504 ) ) ;
#4959 = CARTESIAN_POINT ( 'NONE',  ( 2.052403681491839382, 2.857913071586792864, 0.6276027322112660567 ) ) ;
#4960 = VERTEX_POINT ( 'NONE', #6882 ) ;
#4961 = ORIENTED_EDGE ( 'NONE', *, *, #698, .T. ) ;
#4962 = CARTESIAN_POINT ( 'NONE',  ( 2.579629788281250669, 2.431482355792271122, 1.062500001083941159 ) ) ;
#4963 = DIRECTION ( 'NONE',  ( -1.000000000000000000, 0.000000000000000000, 0.000000000000000000 ) ) ;
#4964 = DIRECTION ( 'NONE',  ( 0.000000000000000000, 0.000000000000000000, -1.000000000000000000 ) ) ;
#4965 = CARTESIAN_POINT ( 'NONE',  ( -1.316495309083404618E-16, 5.650000000000000355, 8.206250002167880808 ) ) ;
#4966 = CARTESIAN_POINT ( 'NONE',  ( 1.824073716244489773, 5.324073716244490662, 7.561328126083941115 ) ) ;
#4967 = DIRECTION ( 'NONE',  ( -1.000000000000000000, -6.938893903907234689E-15, 0.000000000000000000 ) ) ;
#4968 = CARTESIAN_POINT ( 'NONE',  ( 2.579629788281249780, 4.568517644207729766, 2.848437501083942003 ) ) ;
#4969 = CARTESIAN_POINT ( 'NONE',  ( 1.520279579551077509, 1.979720420448922935, 2.947656250000001421 ) ) ;
#4970 = VERTEX_POINT ( 'NONE', #7137 ) ;
#4971 = ORIENTED_EDGE ( 'NONE', *, *, #6105, .T. ) ;
#4972 = AXIS2_PLACEMENT_3D ( 'NONE', #4309, #1054, #512 ) ;
#4973 = CARTESIAN_POINT ( 'NONE',  ( 1.927186816743725162, 2.545146712470020667, 1.401045775796432302 ) ) ;
#4974 = ORIENTED_EDGE ( 'NONE', *, *, #2739, .T. ) ;
#4975 = CARTESIAN_POINT ( 'NONE',  ( 13.00000000000000178, -3.700000000000000178, 0.5000000000000000000 ) ) ;
#4976 = VECTOR ( 'NONE', #1649, 1000.000000000000000 ) ;
#4977 = CARTESIAN_POINT ( 'NONE',  ( 2.150000003335454046, 3.430164141236345277, 7.011486861861812692 ) ) ;
#4978 = CARTESIAN_POINT ( 'NONE',  ( -21.50000000000000000, -3.700000000000000178, 2.000000000000000000 ) ) ;
#4979 = CARTESIAN_POINT ( 'NONE',  ( -1.824073716244482890, 5.324073716244483556, 2.302734376083947598 ) ) ;
#4980 = PLANE ( 'NONE',  #5932 ) ;
#4981 = CARTESIAN_POINT ( 'NONE',  ( 1.617962471714586847, 2.083784101011331380, 2.161960536711729386 ) ) ;
#4982 = ORIENTED_EDGE ( 'NONE', *, *, #4168, .F. ) ;
#4983 = AXIS2_PLACEMENT_3D ( 'NONE', #6190, #5686, #5109 ) ;
#4984 = CARTESIAN_POINT ( 'NONE',  ( -1.829381432956275644, 4.630745689360592721, 3.373365947938961718 ) ) ;
#4985 = CARTESIAN_POINT ( 'NONE',  ( 1.735568140137463855, 4.770715489260931363, 0.7460279580292268342 ) ) ;
#4986 = CARTESIAN_POINT ( 'NONE',  ( -2.579629788281249780, 4.568517644207729766, 2.253125001083941203 ) ) ;
#4987 = EDGE_CURVE ( 'NONE', #127, #5963, #3948, .T. ) ;
#4988 = CARTESIAN_POINT ( 'NONE',  ( 0.3890310384275574851, 1.382116876705751674, 4.458622760916722605 ) ) ;
#4989 = CARTESIAN_POINT ( 'NONE',  ( -1.935480774778583823, 4.436868336798574397, 1.799118364281237170 ) ) ;
#4990 = PRESENTATION_LAYER_ASSIGNMENT (  '', '', ( #4528 ) ) ;
#4991 = DIRECTION ( 'NONE',  ( -1.000000000000000000, 0.000000000000000000, 0.000000000000000000 ) ) ;
#4992 = CARTESIAN_POINT ( 'NONE',  ( -2.149999933240872352, 3.414477702230104050, 0.2735141228516261847 ) ) ;
#4993 = CARTESIAN_POINT ( 'NONE',  ( 4.738703044805694992E-16, 0.9203702117187499976, 7.362890626083942180 ) ) ;
#4994 = ORIENTED_EDGE ( 'NONE', *, *, #3064, .F. ) ;
#4995 = VECTOR ( 'NONE', #5141, 1000.000000000000000 ) ;
#4996 = CARTESIAN_POINT ( 'NONE',  ( 1.824073716244489773, 5.324073716244490662, 8.355078126083940404 ) ) ;
#4997 = EDGE_CURVE ( 'NONE', #1761, #4843, #4298, .T. ) ;
#4998 = DIRECTION ( 'NONE',  ( 0.000000000000000000, -0.7071067811865474617, -0.7071067811865474617 ) ) ;
#4999 = CARTESIAN_POINT ( 'NONE',  ( -0.4199663021603441959, 1.119605881231059641, 2.405757397501789771E-16 ) ) ;
#5000 = LINE ( 'NONE', #3207, #5914 ) ;
#5001 = CARTESIAN_POINT ( 'NONE',  ( 1.520279579551077065, 5.020279579551076843, 4.138281252167881341 ) ) ;
#5002 = CARTESIAN_POINT ( 'NONE',  ( 0.000000000000000000, 1.166476076187853824E-15, 8.000000000000000000 ) ) ;
#5003 = CARTESIAN_POINT ( 'NONE',  ( 2.149420752629330966, 3.550441112981894243, 3.843448204916446453 ) ) ;
#5004 = CARTESIAN_POINT ( 'NONE',  ( -1.068517644207729766, 6.079629788281250669, 3.046875001083942269 ) ) ;
#5005 = CARTESIAN_POINT ( 'NONE',  ( 2.149999999994934630, 3.499996750999292416, 3.046814484998594530 ) ) ;
#5006 = CARTESIAN_POINT ( 'NONE',  ( 2.149999999999999911, 4.390559159102155995, 3.096484375000001510 ) ) ;
#5007 = ORIENTED_EDGE ( 'NONE', *, *, #4838, .F. ) ;
#5008 = EDGE_LOOP ( 'NONE', ( #5272, #3911, #2856, #3362 ) ) ;
#5009 = CARTESIAN_POINT ( 'NONE',  ( 1.841416188431608703, 2.387413656643107451, 1.390292899256154513 ) ) ;
#5010 = EDGE_LOOP ( 'NONE', ( #2591, #1659, #5659, #2269 ) ) ;
#5011 = FACE_OUTER_BOUND ( 'NONE', #1603, .T. ) ;
#5012 = AXIS2_PLACEMENT_3D ( 'NONE', #878, #4661, #5354 ) ;
#5013 = CARTESIAN_POINT ( 'NONE',  ( 2.133009345656757372, 3.230097544607128501, 7.000204010604426763 ) ) ;
#5014 = EDGE_CURVE ( 'NONE', #1506, #327, #6591, .T. ) ;
#5015 = CARTESIAN_POINT ( 'NONE',  ( 0.000000000000000000, 3.500000000000000000, 8.000000000000000000 ) ) ;
#5016 = CARTESIAN_POINT ( 'NONE',  ( -1.824073716244482890, 5.324073716244483556, 3.096484376083947332 ) ) ;
#5017 = CARTESIAN_POINT ( 'NONE',  ( 21.50000000000000000, 0.000000000000000000, 2.000000000000000000 ) ) ;
#5018 = CARTESIAN_POINT ( 'NONE',  ( 0.1500254649077550628, 1.350779943912258529, 2.062962241270778208 ) ) ;
#5019 = VERTEX_POINT ( 'NONE', #7104 ) ;
#5020 = CARTESIAN_POINT ( 'NONE',  ( -1.155370014305018289, 5.313191558950590476, 3.317445029454308081 ) ) ;
#5021 = DIRECTION ( 'NONE',  ( -1.000000000000000000, 0.000000000000000000, 0.000000000000000000 ) ) ;
#5022 = CARTESIAN_POINT ( 'NONE',  ( 20.99999999999999645, -9.000000000000000000, 0.5000000000000000000 ) ) ;
#5023 = DIRECTION ( 'NONE',  ( 0.000000000000000000, 0.000000000000000000, -1.000000000000000000 ) ) ;
#5024 = CARTESIAN_POINT ( 'NONE',  ( -0.6550091453005231212, 5.548671822085983862, 1.696595711614405033 ) ) ;
#5025 = CARTESIAN_POINT ( 'NONE',  ( 1.520279579551077065, 5.020279579551076843, 3.344531252167881608 ) ) ;
#5026 = CARTESIAN_POINT ( 'NONE',  ( -0.4876995828825844148, 1.406040526719061434, 0.4387267054564125690 ) ) ;
#5027 = CARTESIAN_POINT ( 'NONE',  ( 2.579629788281250224, 3.500000000000000444, 4.386328126083942180 ) ) ;
#5028 = EDGE_LOOP ( 'NONE', ( #4249, #3882, #2306, #739 ) ) ;
#5029 = CARTESIAN_POINT ( 'NONE',  ( 2.579629788281250669, 2.431482355792271122, 6.618750001083940404 ) ) ;
#5030 = CARTESIAN_POINT ( 'NONE',  ( 2.579629788281250224, 3.500000000000000444, -1.269140623916059640 ) ) ;
#5031 = LINE ( 'NONE', #1789, #6498 ) ;
#5032 = DIRECTION ( 'NONE',  ( -1.000000000000000000, 0.000000000000000000, 0.000000000000000000 ) ) ;
#5033 =( BOUNDED_CURVE ( )  B_SPLINE_CURVE ( 3, ( #5318, #4777, #6982, #3798 ),
 .UNSPECIFIED., .F., .T. ) 
 B_SPLINE_CURVE_WITH_KNOTS ( ( 4, 4 ),
 ( 1.570796326794896558, 3.141592653589793116 ),
 .UNSPECIFIED. ) 
 CURVE ( )  GEOMETRIC_REPRESENTATION_ITEM ( )  RATIONAL_B_SPLINE_CURVE ( ( 1.000000000000000000, 0.8047378541243649375, 0.8047378541243649375, 1.000000000000000000 ) ) 
 REPRESENTATION_ITEM ( '' )  );
#5034 = CARTESIAN_POINT ( 'NONE',  ( -1.520279579551077287, 5.020279579551076843, 5.130468752167881341 ) ) ;
#5035 = CIRCLE ( 'NONE', #1028, 0.2000000000000003719 ) ;
#5036 = CARTESIAN_POINT ( 'NONE',  ( 1.824073716244490218, 1.675926283755510227, 7.362890626083940404 ) ) ;
#5037 = CARTESIAN_POINT ( 'NONE',  ( 0.000000000000000000, -1.000000000000000888, 6.000000000000000000 ) ) ;
#5038 = CARTESIAN_POINT ( 'NONE',  ( 1.585114847824527384, 4.952684747096456341, 3.934549043721600636 ) ) ;
#5039 = CARTESIAN_POINT ( 'NONE',  ( -1.068517644207730211, 0.9203702117187504417, 1.757031251083941648 ) ) ;
#5040 = CARTESIAN_POINT ( 'NONE',  ( 1.532880214855922407, 1.991895372181989199, 2.948813788914657064 ) ) ;
#5041 = CARTESIAN_POINT ( 'NONE',  ( 1.520279579551077509, 1.979720420448922935, 3.741406250000001599 ) ) ;
#5042 = VERTEX_POINT ( 'NONE', #3885 ) ;
#5043 = ORIENTED_EDGE ( 'NONE', *, *, #5843, .T. ) ;
#5044 = CARTESIAN_POINT ( 'NONE',  ( -0.0008521676160290399824, 1.349604830897599195, 1.261049225262998785 ) ) ;
#5045 = ORIENTED_EDGE ( 'NONE', *, *, #5150, .T. ) ;
#5046 = VECTOR ( 'NONE', #4525, 1000.000000000000000 ) ;
#5047 = CARTESIAN_POINT ( 'NONE',  ( -1.527341272062985755, 5.014255265608758450, 0.1700416179279045370 ) ) ;
#5048 = CARTESIAN_POINT ( 'NONE',  ( 1.495180282209923606, 1.954639726563676572, 6.914297923241269572 ) ) ;
#5049 = CYLINDRICAL_SURFACE ( 'NONE', #485, 2.149999999999999911 ) ;
#5050 = CARTESIAN_POINT ( 'NONE',  ( -1.068517644207725992, 0.9203702117187605447, 2.550781251083948487 ) ) ;
#5051 = CARTESIAN_POINT ( 'NONE',  ( -1.068517644207729766, 6.079629788281250669, 3.741406251083940759 ) ) ;
#5052 = CARTESIAN_POINT ( 'NONE',  ( 0.000000000000000000, -4.500000000000000000, 0.5000000000000000000 ) ) ;
#5053 = AXIS2_PLACEMENT_3D ( 'NONE', #3434, #65, #1845 ) ;
#5054 = LINE ( 'NONE', #2818, #1944 ) ;
#5055 = ORIENTED_EDGE ( 'NONE', *, *, #524, .F. ) ;
#5056 = CARTESIAN_POINT ( 'NONE',  ( 1.238994074165875814, 5.257186921715971906, 3.167275839000202264 ) ) ;
#5057 = DIRECTION ( 'NONE',  ( -1.000000000000000000, 0.000000000000000000, 0.000000000000000000 ) ) ;
#5058 = CARTESIAN_POINT ( 'NONE',  ( 6.391659079231618357, 1.181818181818181879, 8.000000000000000000 ) ) ;
#5059 = DIRECTION ( 'NONE',  ( -0.000000000000000000, -0.000000000000000000, 1.000000000000000000 ) ) ;
#5060 = CARTESIAN_POINT ( 'NONE',  ( -1.439378790907524852, 5.097088029442918611, 1.750752204242589372 ) ) ;
#5061 = CARTESIAN_POINT ( 'NONE',  ( 13.00000000000000178, -3.700000000000000178, 2.000000000000000000 ) ) ;
#5062 = CARTESIAN_POINT ( 'NONE',  ( -0.8880921437482757197, 1.538478787208112486, 0.4136136054450697541 ) ) ;
#5063 = CARTESIAN_POINT ( 'NONE',  ( 1.824073716244489773, 5.324073716244490662, 5.279296876083941825 ) ) ;
#5064 = ORIENTED_EDGE ( 'NONE', *, *, #1264, .F. ) ;
#5065 = EDGE_CURVE ( 'NONE', #1761, #1478, #5987, .T. ) ;
#5066 = CARTESIAN_POINT ( 'NONE',  ( -1.824073716244489329, 1.675926283755509782, 7.958203126083940759 ) ) ;
#5067 = CARTESIAN_POINT ( 'NONE',  ( 1.647682261618522936, 4.881630833498308064, 6.310431792827852604 ) ) ;
#5068 = CARTESIAN_POINT ( 'NONE',  ( 1.218300265566820695, 1.728489188675089716, 7.687547334608167304 ) ) ;
#5069 = CARTESIAN_POINT ( 'NONE',  ( -3.000000000000002665, -8.150000000000000355, 2.000000000000000000 ) ) ;
#5070 = CARTESIAN_POINT ( 'NONE',  ( 2.149999999999999911, 3.499991161191286171, 4.039062009794330166 ) ) ;
#5071 = CARTESIAN_POINT ( 'NONE',  ( -1.316495309083404618E-16, 5.650000000000000355, 3.443750002167881075 ) ) ;
#5072 = AXIS2_PLACEMENT_3D ( 'NONE', #61, #2311, #3356 ) ;
#5073 = CARTESIAN_POINT ( 'NONE',  ( -2.579629788281249780, 4.568517644207729766, 7.809375001083940226 ) ) ;
#5074 = ADVANCED_FACE ( 'NONE', ( #2158 ), #529, .F. ) ;
#5075 = EDGE_CURVE ( 'NONE', #3425, #2487, #3451, .T. ) ;
#5076 = CARTESIAN_POINT ( 'NONE',  ( -1.210306343661387674, 5.277342834385409631, 6.496378498078997588 ) ) ;
#5077 = CARTESIAN_POINT ( 'NONE',  ( 2.073891850689983496, 4.067008144487100907, 3.873966839545480489 ) ) ;
#5078 = CARTESIAN_POINT ( 'NONE',  ( 2.579629788281250669, 2.431482355792271122, 4.336718751083943779 ) ) ;
#5079 = CARTESIAN_POINT ( 'NONE',  ( 11.74999999999999822, -8.150000000000000355, 0.000000000000000000 ) ) ;
#5080 = CARTESIAN_POINT ( 'NONE',  ( 1.520279579551077509, 1.979720420448922935, 5.328906250000001066 ) ) ;
#5081 = ORIENTED_EDGE ( 'NONE', *, *, #4804, .F. ) ;
#5082 = EDGE_LOOP ( 'NONE', ( #5974, #5754, #5007, #1821 ) ) ;
#5083 = CARTESIAN_POINT ( 'NONE',  ( 5.408326913195983465, 1.000000000000000000, 8.000000000000000000 ) ) ;
#5084 = EDGE_LOOP ( 'NONE', ( #4908, #3929, #6202, #6678 ) ) ;
#5085 = LINE ( 'NONE', #4007, #350 ) ;
#5086 = CARTESIAN_POINT ( 'NONE',  ( 1.764534478796868422, 2.271555802643776545, 6.938300921838630231 ) ) ;
#5087 = EDGE_CURVE ( 'NONE', #2183, #3308, #366, .T. ) ;
#5088 = FACE_OUTER_BOUND ( 'NONE', #4656, .T. ) ;
#5089 = CARTESIAN_POINT ( 'NONE',  ( -1.068517644207725548, 6.079629788281240010, 2.253125001083947865 ) ) ;
#5090 = CARTESIAN_POINT ( 'NONE',  ( -2.579629788281249780, 4.568517644207729766, 4.634375001083940404 ) ) ;
#5091 = CARTESIAN_POINT ( 'NONE',  ( -11.29972752043596884, 9.908024986046154226, 0.000000000000000000 ) ) ;
#5092 = CARTESIAN_POINT ( 'NONE',  ( 1.639070025272435505, 2.108214919389598485, 2.163810383107342084 ) ) ;
#5093 = CARTESIAN_POINT ( 'NONE',  ( -5.408326913195983465, 1.000000000000000000, 6.000000000000000000 ) ) ;
#5094 = EDGE_CURVE ( 'NONE', #326, #20, #5000, .T. ) ;
#5095 = AXIS2_PLACEMENT_3D ( 'NONE', #471, #2141, #6004 ) ;
#5096 = CARTESIAN_POINT ( 'NONE',  ( -0.3934814443427933628, 5.613982924907573668, 3.268049229332756767 ) ) ;
#5097 = CARTESIAN_POINT ( 'NONE',  ( 11.84891086282797446, -3.967981358875205533, 0.04338023004213063805 ) ) ;
#5098 = CARTESIAN_POINT ( 'NONE',  ( -5.408326913195983465, 1.000000000000000000, 6.000000000000000000 ) ) ;
#5099 = CARTESIAN_POINT ( 'NONE',  ( 2.016320937935500712, 2.750332685754067974, 4.589655486889868463 ) ) ;
#5100 = CARTESIAN_POINT ( 'NONE',  ( -2.579629788281250224, 3.500000000000000000, 8.751953126083941825 ) ) ;
#5101 = CARTESIAN_POINT ( 'NONE',  ( -12.00000000000000178, 9.507820771309093644, 0.5000000000000000000 ) ) ;
#5102 = CARTESIAN_POINT ( 'NONE',  ( -1.446055712262518167, 1.908897498951397154, 0.3737351958526206608 ) ) ;
#5103 = CARTESIAN_POINT ( 'NONE',  ( 2.579629788281250669, 2.431482355792271122, 5.924218751083941470 ) ) ;
#5104 = ORIENTED_EDGE ( 'NONE', *, *, #3126, .F. ) ;
#5105 = CARTESIAN_POINT ( 'NONE',  ( 1.824073716244490218, 1.675926283755510227, 8.156640626083941470 ) ) ;
#5106 = CARTESIAN_POINT ( 'NONE',  ( 2.073282659062196664, 4.070315360967033058, 6.255632792774300732 ) ) ;
#5107 = CIRCLE ( 'NONE', #3601, 6.500000000000000000 ) ;
#5108 = EDGE_CURVE ( 'NONE', #6695, #2514, #3022, .T. ) ;
#5109 = DIRECTION ( 'NONE',  ( -1.000000000000000000, 0.000000000000000000, 0.000000000000000000 ) ) ;
#5110 = DIRECTION ( 'NONE',  ( -0.000000000000000000, -0.000000000000000000, -1.000000000000000000 ) ) ;
#5111 = EDGE_CURVE ( 'NONE', #1200, #7056, #954, .T. ) ;
#5112 = CARTESIAN_POINT ( 'NONE',  ( 0.000000000000000000, 13.50000000000000000, 2.000000000000000000 ) ) ;
#5113 = CARTESIAN_POINT ( 'NONE',  ( -2.149999999999999467, 2.609440840897844893, 4.485546877167881696 ) ) ;
#5114 = VECTOR ( 'NONE', #2119, 1000.000000000000000 ) ;
#5115 = CARTESIAN_POINT ( 'NONE',  ( -2.579629788281249780, 4.568517644207729766, 5.428125001083940582 ) ) ;
#5116 = DIRECTION ( 'NONE',  ( 0.000000000000000000, 0.000000000000000000, -1.000000000000000000 ) ) ;
#5117 = CARTESIAN_POINT ( 'NONE',  ( 2.134903390147727453, 3.762657058121877007, 3.855613650455037344 ) ) ;
#5118 = VECTOR ( 'NONE', #803, 1000.000000000000000 ) ;
#5119 = CARTESIAN_POINT ( 'NONE',  ( 2.579629788281250224, 3.500000000000000444, 2.798828126083941825 ) ) ;
#5120 = CYLINDRICAL_SURFACE ( 'NONE', #3270, 0.5000000000000000000 ) ;
#5121 = CARTESIAN_POINT ( 'NONE',  ( -1.316495309083404618E-16, 5.650000000000000355, 2.451562500000001421 ) ) ;
#5122 = ORIENTED_EDGE ( 'NONE', *, *, #5087, .F. ) ;
#5123 = CARTESIAN_POINT ( 'NONE',  ( -13.00000000000000178, -2.700000000000000622, 0.5000000000000000000 ) ) ;
#5124 = ORIENTED_EDGE ( 'NONE', *, *, #1498, .T. ) ;
#5125 = CARTESIAN_POINT ( 'NONE',  ( -1.556591064254765566, 4.983206236589037275, 4.934925824369236658 ) ) ;
#5126 = DIRECTION ( 'NONE',  ( 0.000000000000000000, 0.000000000000000000, -1.000000000000000000 ) ) ;
#5127 = B_SPLINE_CURVE_WITH_KNOTS ( 'NONE', 3,
 ( #6214, #1192, #1697, #6793, #3364, #2280, #140, #4587, #5670, #5134, #6073, #2820, #582, #4984, #6723, #1266, #3436, #1849, #2319, #2783, #3981, #650, #2246, #4553, #687, #1774, #4017, #5020, #67, #5633, #1226, #2895, #35, #4442, #6685, #5096, #3472, #2857, #1156, #3399, #6178, #1733, #4476, #2358, #180, #1123, #3330, #6761, #103, #1812, #5595, #6649, #729, #6139, #5056, #4511, #2931, #5528, #3903, #3941, #6104, #5560, #616, #6286, #1992, #3583, #1339, #6357, #6321, #5853, #4202, #1953, #2497, #6249, #5314, #6979, #2962, #219, #5240, #4697, #6898, #1304, #6401, #3511, #4123, #4057, #5200, #877, #6862, #5773, #3112, #1450, #6938, #2574, #5707, #367 ),
 .UNSPECIFIED., .F., .F.,
 ( 4, 2, 2, 2, 2, 2, 1, 1, 2, 2, 2, 2, 2, 2, 2, 2, 1, 1, 2, 2, 2, 2, 2, 2, 1, 2, 2, 2, 2, 2, 2, 2, 2, 2, 1, 2, 2, 1, 2, 2, 2, 1, 1, 2, 2, 1, 2, 2, 2, 1, 2, 2, 1, 4 ),
 ( 0.5695519841457438170, 0.5726395908654877687, 0.5757271975852318313, 0.5772710009451038626, 0.5774639763650878388, 0.5775604640750797714, 0.5776569517850718150, 0.5780429026250398783, 0.5788148043049758940, 0.5803586076648479253, 0.5811305093447839409, 0.5815164601847520043, 0.5819024110247200676, 0.5849900177444642413, 0.5853759685844323046, 0.5855689440044162808, 0.5857619194244002570, 0.5865338211043363836, 0.5880776244642085260, 0.5911652311839528107, 0.5919371328638888263, 0.5927090345438249530, 0.5942528379036970954, 0.5946387887436651587, 0.5950247395836331110, 0.5957966412635692377, 0.5973404446234413800, 0.6004280513431856647, 0.6035156580629299494, 0.6039016089028980128, 0.6042875597428659651, 0.6050594614228019807, 0.6066032647826739010, 0.6073751664626099167, 0.6075681418825938929, 0.6076646295925858254, 0.6077128734475818472, 0.6077611173025778690, 0.6081470681425458213, 0.6096908715024178527, 0.6104627731823538683, 0.6108487240223218206, 0.6110416994423057968, 0.6110899432973018186, 0.6111381871522978404, 0.6112346748622898840, 0.6127784782221618043, 0.6158660849419057559, 0.6174098883017776762, 0.6177958391417456285, 0.6179888145617296047, 0.6180853022717216483, 0.6181817899817135809, 0.6189536916616494855 ),
 .UNSPECIFIED. ) ;
#5128 = CARTESIAN_POINT ( 'NONE',  ( -1.824073716244482224, 1.675926283755517110, 2.501171876083948309 ) ) ;
#5129 = CARTESIAN_POINT ( 'NONE',  ( 2.579629788281249780, 4.568517644207729766, 4.336718751083941115 ) ) ;
#5130 = CARTESIAN_POINT ( 'NONE',  ( -1.781074042751235709, 2.294006341772000912, 3.519478665392793193 ) ) ;
#5131 = CARTESIAN_POINT ( 'NONE',  ( 2.013163396946290984, 2.739547490056070345, 2.207458475298909040 ) ) ;
#5132 = CARTESIAN_POINT ( 'NONE',  ( -1.353332605212598239, 5.170628956102092388, 2.538024890486905605 ) ) ;
#5133 = ADVANCED_FACE ( 'NONE', ( #3274 ), #7069, .T. ) ;
#5134 = CARTESIAN_POINT ( 'NONE',  ( -1.881444802949519657, 4.540535532436471122, 3.379589426429272514 ) ) ;
#5135 = CARTESIAN_POINT ( 'NONE',  ( 12.00000000000000000, -2.700000000000000178, 2.000000000000000000 ) ) ;
#5136 = LINE ( 'NONE', #5169, #1140 ) ;
#5137 = CARTESIAN_POINT ( 'NONE',  ( -3.999999999999998224, 14.54651426760056765, 2.000000000000000000 ) ) ;
#5138 = CARTESIAN_POINT ( 'NONE',  ( 1.824073716244490218, 1.675926283755510227, 8.255859376083941825 ) ) ;
#5139 = CARTESIAN_POINT ( 'NONE',  ( -13.29999999999999893, -8.150000000000000355, 2.000000000000000000 ) ) ;
#5140 = DIRECTION ( 'NONE',  ( 0.000000000000000000, -1.000000000000000000, 0.000000000000000000 ) ) ;
#5141 = DIRECTION ( 'NONE',  ( 0.000000000000000000, 0.000000000000000000, -1.000000000000000000 ) ) ;
#5142 = CARTESIAN_POINT ( 'NONE',  ( -2.579629788281249780, 4.568517644207729766, 3.146093751083941736 ) ) ;
#5143 = EDGE_LOOP ( 'NONE', ( #7099, #4890, #5495, #5551, #1143, #126 ) ) ;
#5144 = CARTESIAN_POINT ( 'NONE',  ( 1.824073716244490218, 1.675926283755510227, 7.362890626083940404 ) ) ;
#5145 = CARTESIAN_POINT ( 'NONE',  ( 0.7885918841691376135, 5.500264106857416735, 6.372929880240777223 ) ) ;
#5146 = CARTESIAN_POINT ( 'NONE',  ( 1.931233444509156794, 2.555023096654405190, 7.751683691308965507 ) ) ;
#5147 = CARTESIAN_POINT ( 'NONE',  ( 4.000000000000000000, 15.27371993328518762, 2.000000000000000000 ) ) ;
#5148 = CARTESIAN_POINT ( 'NONE',  ( 2.149999999993152056, 3.499996240440695239, 2.451493211739526945 ) ) ;
#5149 = CARTESIAN_POINT ( 'NONE',  ( -2.149999999999999911, 3.500000000000000000, 4.435937502167881519 ) ) ;
#5150 = EDGE_CURVE ( 'NONE', #5042, #5438, #2450, .T. ) ;
#5151 = CARTESIAN_POINT ( 'NONE',  ( 2.579629788281250224, 3.500000000000000444, 5.874609376083941292 ) ) ;
#5152 = CARTESIAN_POINT ( 'NONE',  ( 0.000000000000000000, 3.500000000000000000, 8.000000000000000000 ) ) ;
#5153 = CARTESIAN_POINT ( 'NONE',  ( -1.705914277666376044, 2.191315496812563435, 5.908099015810763355 ) ) ;
#5154 = CARTESIAN_POINT ( 'NONE',  ( 2.579629788281250669, 2.431482355792271122, -0.4257812489160579528 ) ) ;
#5155 = CARTESIAN_POINT ( 'NONE',  ( 11.99999999999999822, -2.700000000000001066, 0.2807247365645377246 ) ) ;
#5156 = EDGE_CURVE ( 'NONE', #1576, #6010, #6558, .T. ) ;
#5157 = CARTESIAN_POINT ( 'NONE',  ( -1.520279579551076843, 1.979720420448922491, 1.955468750000001421 ) ) ;
#5158 = CARTESIAN_POINT ( 'NONE',  ( -0.3493769880835057573, 1.377395331611047880, 1.240897878839787305 ) ) ;
#5159 = EDGE_CURVE ( 'NONE', #5681, #5453, #2790, .T. ) ;
#5160 = CARTESIAN_POINT ( 'NONE',  ( 0.8905591591021542186, 5.650000000000000355, 6.569140627167881163 ) ) ;
#5161 = CARTESIAN_POINT ( 'NONE',  ( -2.107723425930879912, 3.035552508358076107, 6.645986216470324948 ) ) ;
#5162 = CARTESIAN_POINT ( 'NONE',  ( 2.579629788281240454, 2.431482355792275563, 0.3679687510839472209 ) ) ;
#5163 = CARTESIAN_POINT ( 'NONE',  ( 2.579629788281250669, 2.431482355792271122, 3.443750001083941026 ) ) ;
#5164 = CARTESIAN_POINT ( 'NONE',  ( -0.1343633358988714221, 1.353064083532952599, 3.634256358309806867 ) ) ;
#5165 = CARTESIAN_POINT ( 'NONE',  ( -1.611577677891540716, 2.075130000941635355, 1.947808396439563383 ) ) ;
#5166 = DIRECTION ( 'NONE',  ( -0.000000000000000000, -0.000000000000000000, -1.000000000000000000 ) ) ;
#5167 = LINE ( 'NONE', #3546, #6460 ) ;
#5168 = DIRECTION ( 'NONE',  ( -0.000000000000000000, -0.000000000000000000, -1.000000000000000000 ) ) ;
#5169 = CARTESIAN_POINT ( 'NONE',  ( 5.408326913195983465, 0.000000000000000000, 8.000000000000000000 ) ) ;
#5170 = CARTESIAN_POINT ( 'NONE',  ( -2.003488632977532102, 2.719749879177072671, 4.284343237018386041 ) ) ;
#5171 = AXIS2_PLACEMENT_3D ( 'NONE', #2009, #3089, #308 ) ;
#5172 = DIRECTION ( 'NONE',  ( 0.000000000000000000, 0.000000000000000000, -1.000000000000000000 ) ) ;
#5173 = DIRECTION ( 'NONE',  ( 0.000000000000000000, 0.000000000000000000, -1.000000000000000000 ) ) ;
#5174 = LINE ( 'NONE', #225, #972 ) ;
#5175 = CARTESIAN_POINT ( 'NONE',  ( 2.579629788281250224, 3.500000000000000444, 5.973828126083942536 ) ) ;
#5176 = ORIENTED_EDGE ( 'NONE', *, *, #876, .F. ) ;
#5177 = DIRECTION ( 'NONE',  ( -1.000000000000000000, 0.000000000000000000, 0.000000000000000000 ) ) ;
#5178 = CARTESIAN_POINT ( 'NONE',  ( 2.097732496700039473, 3.971209156416271480, 6.249340807474262682 ) ) ;
#5179 = CARTESIAN_POINT ( 'NONE',  ( -1.922008114612875351, 2.534916372023011899, 7.471520995861318681 ) ) ;
#5180 = CARTESIAN_POINT ( 'NONE',  ( -1.520279579551077287, 5.020279579551076843, 5.924218752167881519 ) ) ;
#5181 = CARTESIAN_POINT ( 'NONE',  ( 2.149999999999999911, 3.500000000000000444, 4.039062502167881874 ) ) ;
#5182 = CARTESIAN_POINT ( 'NONE',  ( -0.8905591591021546627, 5.650000000000000355, 0.3183593771678809303 ) ) ;
#5183 = AXIS2_PLACEMENT_3D ( 'NONE', #6579, #4921, #3804 ) ;
#5184 = CARTESIAN_POINT ( 'NONE',  ( -2.579629788281250224, 3.500000000000000000, 4.683984376083940582 ) ) ;
#5185 = CARTESIAN_POINT ( 'NONE',  ( 1.068517644207729544, 6.079629788281250669, 5.229687501083940759 ) ) ;
#5186 = CARTESIAN_POINT ( 'NONE',  ( -0.9704688807329403533, 1.581001471386600521, 5.964048055578549778 ) ) ;
#5187 = CARTESIAN_POINT ( 'NONE',  ( 1.824073716244489773, 5.324073716244490662, -0.2769531239160578640 ) ) ;
#5188 = CARTESIAN_POINT ( 'NONE',  ( -2.579629788281250224, 3.500000000000000000, 2.302734376083940937 ) ) ;
#5189 = AXIS2_PLACEMENT_3D ( 'NONE', #7117, #1018, #470 ) ;
#5190 = CARTESIAN_POINT ( 'NONE',  ( -0.8905591591021546627, 5.650000000000000355, 0.9136718750000007994 ) ) ;
#5191 = CARTESIAN_POINT ( 'NONE',  ( -1.182056165834054928, 1.704103049757758503, 1.186906527270897849 ) ) ;
#5192 = ORIENTED_EDGE ( 'NONE', *, *, #559, .F. ) ;
#5193 = CARTESIAN_POINT ( 'NONE',  ( -2.144549891653969809, 3.656683706618336860, 5.022390125259637905 ) ) ;
#5194 = CARTESIAN_POINT ( 'NONE',  ( -0.7544258013126000639, 1.484490030008229322, 6.771863325460349081 ) ) ;
#5195 = CARTESIAN_POINT ( 'NONE',  ( -2.543385834414213065, 3.930904098250507239, 2.077144524579118290E-15 ) ) ;
#5196 = CARTESIAN_POINT ( 'NONE',  ( 1.068517644207729544, 6.079629788281250669, 5.229687501083940759 ) ) ;
#5197 = CARTESIAN_POINT ( 'NONE',  ( 0.2851007584992089616, 1.350717579133011270, 3.658048534786018546 ) ) ;
#5198 = CARTESIAN_POINT ( 'NONE',  ( -2.147350468921941591, 3.384306338036184414, 1.862756821448414479 ) ) ;
#5199 = CARTESIAN_POINT ( 'NONE',  ( -1.357059565181746086, 5.167600641302737330, 2.538292867108336903 ) ) ;
#5200 = CARTESIAN_POINT ( 'NONE',  ( 2.140054355712073697, 3.708722783717145699, 3.058769913799713525 ) ) ;
#5201 = CARTESIAN_POINT ( 'NONE',  ( 0.3971142638197365793, 1.078965771238264093, 8.000000000000001776 ) ) ;
#5202 = CARTESIAN_POINT ( 'NONE',  ( 5.408326913195983465, -0.6585786437626915957, 6.341421356237309404 ) ) ;
#5203 = CARTESIAN_POINT ( 'NONE',  ( -0.9911772537150919105, 1.592093135683970484, 4.375136953964820385 ) ) ;
#5204 = CARTESIAN_POINT ( 'NONE',  ( 0.000000000000000000, -4.500000000000000000, 2.000000000000000000 ) ) ;
#5205 = CARTESIAN_POINT ( 'NONE',  ( 11.74999999999999822, -8.150000000000000355, 2.000000000000000000 ) ) ;
#5206 = CARTESIAN_POINT ( 'NONE',  ( -2.149999999999966160, 3.499999617144290642, 5.825000159272341271 ) ) ;
#5207 = CARTESIAN_POINT ( 'NONE',  ( 2.579629788281250669, 2.431482355792271122, 1.161718751083942625 ) ) ;
#5208 = ORIENTED_EDGE ( 'NONE', *, *, #5303, .T. ) ;
#5209 = AXIS2_PLACEMENT_3D ( 'NONE', #4815, #1527, #6573 ) ;
#5210 = CARTESIAN_POINT ( 'NONE',  ( -0.5875303025748067620, 1.431828232121675537, 2.813820470806821294 ) ) ;
#5211 = CARTESIAN_POINT ( 'NONE',  ( 1.624951880491281253, 4.908383727911335370, 6.312436895181364527 ) ) ;
#5212 = CARTESIAN_POINT ( 'NONE',  ( 0.2355563909659793842, 1.362932242147332884, 7.624357802352269786 ) ) ;
#5213 = AXIS2_PLACEMENT_3D ( 'NONE', #4072, #118, #5609 ) ;
#5214 = CARTESIAN_POINT ( 'NONE',  ( 12.10796460808458974, -3.592035391915333165, 0.4184559579303850363 ) ) ;
#5215 = CARTESIAN_POINT ( 'NONE',  ( -1.466530391484501150, 5.072287359611310720, 7.309060379945335306 ) ) ;
#5216 = CARTESIAN_POINT ( 'NONE',  ( -0.8905591591021551068, 1.350000000000000533, 2.203515627167881519 ) ) ;
#5217 = ORIENTED_EDGE ( 'NONE', *, *, #5864, .F. ) ;
#5218 = AXIS2_PLACEMENT_3D ( 'NONE', #4319, #1536, #1640 ) ;
#5219 = EDGE_CURVE ( 'NONE', #6891, #6661, #2406, .T. ) ;
#5220 = CARTESIAN_POINT ( 'NONE',  ( -1.824073716244489995, 5.324073716244490662, 6.172265626083940582 ) ) ;
#5221 = CARTESIAN_POINT ( 'NONE',  ( -1.824073716244489995, 5.324073716244490662, 2.997265626083940759 ) ) ;
#5222 = CARTESIAN_POINT ( 'NONE',  ( -1.729398691876346428, 2.222570321761819567, 5.905894191792567582 ) ) ;
#5223 = CARTESIAN_POINT ( 'NONE',  ( -1.650000000000000577, 13.50000000000000000, 2.000000000000000000 ) ) ;
#5224 = CARTESIAN_POINT ( 'NONE',  ( -2.579629788281250224, 3.500000000000000000, -0.7730468739160569758 ) ) ;
#5225 = CARTESIAN_POINT ( 'NONE',  ( 2.579629788281250224, 3.500000000000000444, 0.3183593760839407150 ) ) ;
#5226 = CIRCLE ( 'NONE', #2800, 19.35000000000000142 ) ;
#5227 = CARTESIAN_POINT ( 'NONE',  ( 3.949485927250213853E-16, 1.350000000000000089, 0.4671875000000005884 ) ) ;
#5228 = CARTESIAN_POINT ( 'NONE',  ( 2.579629788281250669, 2.431482355792271122, 7.412500001083940582 ) ) ;
#5229 = ORIENTED_EDGE ( 'NONE', *, *, #6654, .F. ) ;
#5230 = CIRCLE ( 'NONE', #3621, 1.000000000000000000 ) ;
#5231 = CARTESIAN_POINT ( 'NONE',  ( -2.084356566213357187, 4.027311683927316643, 5.000361008592252077 ) ) ;
#5232 = CARTESIAN_POINT ( 'NONE',  ( 0.9331493729565963902, 1.563032039744378210, 6.874085122096684763 ) ) ;
#5233 = CARTESIAN_POINT ( 'NONE',  ( 2.149999999999999911, 3.500000000000000444, 8.000000000000000000 ) ) ;
#5234 = EDGE_LOOP ( 'NONE', ( #607, #3650, #5064, #3521 ) ) ;
#5235 = VERTEX_POINT ( 'NONE', #2295 ) ;
#5236 = CARTESIAN_POINT ( 'NONE',  ( -0.6954659331751560369, 1.465415551109339853, 3.600781438881199836 ) ) ;
#5237 = FACE_OUTER_BOUND ( 'NONE', #7001, .T. ) ;
#5238 = CARTESIAN_POINT ( 'NONE',  ( -2.056121889203306630, 4.128467388694166296, 2.612824571012283492 ) ) ;
#5239 = ADVANCED_FACE ( 'NONE', ( #2946 ), #6265, .F. ) ;
#5240 = CARTESIAN_POINT ( 'NONE',  ( 1.874103861443965791, 4.553679785171547145, 3.111937207465442778 ) ) ;
#5241 = CARTESIAN_POINT ( 'NONE',  ( -1.129015157974140093, 1.180557261398204938, 7.999999999999996447 ) ) ;
#5242 = CARTESIAN_POINT ( 'NONE',  ( -1.520279579551076843, 1.979720420448922491, 7.710156252167881696 ) ) ;
#5243 = CARTESIAN_POINT ( 'NONE',  ( -0.5827982212327991185, 1.422491237466001035, 4.401615392963529771 ) ) ;
#5244 = DIRECTION ( 'NONE',  ( -1.000000000000000000, 0.000000000000000000, 0.000000000000000000 ) ) ;
#5245 = CARTESIAN_POINT ( 'NONE',  ( 2.149999999984500310, 3.499994401539954225, 4.832708287501836786 ) ) ;
#5246 = CARTESIAN_POINT ( 'NONE',  ( -1.442704658355086433, 5.094100030550477776, 5.719757074458679647 ) ) ;
#5247 = CARTESIAN_POINT ( 'NONE',  ( -1.579567681601898742E-16, 6.079629788281250669, -0.1777343739160583969 ) ) ;
#5248 = ORIENTED_EDGE ( 'NONE', *, *, #6300, .F. ) ;
#5249 = B_SPLINE_CURVE_WITH_KNOTS ( 'NONE', 3,
 ( #6724, #730, #1775, #5097, #617, #2932 ),
 .UNSPECIFIED., .F., .F.,
 ( 4, 2, 4 ),
 ( -6.596926675188848313E-06, 0.0002378685006017448378, 0.0004823339278786785596 ),
 .UNSPECIFIED. ) ;
#5250 = CARTESIAN_POINT ( 'NONE',  ( -0.04310379493709397963, 1.350387204718090262, 2.846031708083944345 ) ) ;
#5251 = CARTESIAN_POINT ( 'NONE',  ( 2.150000000000000355, 3.499994123928816148, 0.8640621748362092847 ) ) ;
#5252 = CARTESIAN_POINT ( 'NONE',  ( -1.709007685036882718, 2.193933616632726125, 7.495495834501262777 ) ) ;
#5253 = CARTESIAN_POINT ( 'NONE',  ( 12.11614845820876063, -3.583851541791320372, 0.5557559707599457610 ) ) ;
#5254 = LINE ( 'NONE', #1968, #3098 ) ;
#5255 = CARTESIAN_POINT ( 'NONE',  ( -0.8905591591021546627, 5.650000000000000355, 2.699609377167881519 ) ) ;
#5256 = ORIENTED_EDGE ( 'NONE', *, *, #2220, .T. ) ;
#5257 = EDGE_LOOP ( 'NONE', ( #2808, #2366, #5847, #3054 ) ) ;
#5258 = CARTESIAN_POINT ( 'NONE',  ( -1.579567681601898742E-16, 6.079629788281250669, 5.279296876083940937 ) ) ;
#5259 = CARTESIAN_POINT ( 'NONE',  ( -1.579567681601898742E-16, 6.079629788281250669, 2.898046876083941292 ) ) ;
#5260 = CARTESIAN_POINT ( 'NONE',  ( 1.380959796749077650, 1.846714917330989358, 6.111626440565257390 ) ) ;
#5261 = CARTESIAN_POINT ( 'NONE',  ( -12.00000000000000000, -2.700000000000000622, 0.5000000000000000000 ) ) ;
#5262 = CARTESIAN_POINT ( 'NONE',  ( -1.068517644207730211, 0.9203702117187504417, 0.1695312510839423470 ) ) ;
#5263 = CARTESIAN_POINT ( 'NONE',  ( -2.579629788281249780, 4.568517644207729766, -0.1281249989160595237 ) ) ;
#5264 = CARTESIAN_POINT ( 'NONE',  ( 2.149999999999999911, 4.390559159102155995, 2.302734375000001776 ) ) ;
#5265 = DIRECTION ( 'NONE',  ( -1.000000000000000000, 0.000000000000000000, 0.000000000000000000 ) ) ;
#5266 = ORIENTED_EDGE ( 'NONE', *, *, #4325, .T. ) ;
#5267 = CARTESIAN_POINT ( 'NONE',  ( -2.149999999999319122, 3.500001710975822355, 6.817187406857118326 ) ) ;
#5268 = CARTESIAN_POINT ( 'NONE',  ( -1.608524736731864246, 2.067947886718912720, 6.710996576978523365 ) ) ;
#5269 = CARTESIAN_POINT ( 'NONE',  ( 0.3292028582435880257, 5.625991527821778249, 1.638912476452544675 ) ) ;
#5270 = CARTESIAN_POINT ( 'NONE',  ( -1.579567681601892579E-16, 6.079629788281240010, 0.6160156260839484421 ) ) ;
#5271 = VERTEX_POINT ( 'NONE', #5148 ) ;
#5272 = ORIENTED_EDGE ( 'NONE', *, *, #1705, .T. ) ;
#5273 = CARTESIAN_POINT ( 'NONE',  ( -1.229120484204814678, 1.735929539562096613, 3.564816671673072257 ) ) ;
#5274 = CARTESIAN_POINT ( 'NONE',  ( -0.3917901250929970991, 1.385997598471400583, 2.032031790520444581 ) ) ;
#5275 = CARTESIAN_POINT ( 'NONE',  ( 1.129334320071890829, 5.331557572267557887, 2.381317131405165100 ) ) ;
#5276 = CARTESIAN_POINT ( 'NONE',  ( 1.989378890812758094, 2.675333046139013238, 5.378532394656647675 ) ) ;
#5277 = CARTESIAN_POINT ( 'NONE',  ( -2.438427963305131563, 2.658240585226661512, 7.999999999999998224 ) ) ;
#5278 = CARTESIAN_POINT ( 'NONE',  ( -2.149999999998071676, 3.500002879163746528, 7.610937582062137885 ) ) ;
#5279 = CARTESIAN_POINT ( 'NONE',  ( -2.014899892818258209, 2.749709805851535460, 4.282412666764098930 ) ) ;
#5280 = DIRECTION ( 'NONE',  ( -0.000000000000000000, 1.000000000000000000, -0.000000000000000000 ) ) ;
#5281 = DIRECTION ( 'NONE',  ( 0.000000000000000000, 0.000000000000000000, -1.000000000000000000 ) ) ;
#5282 = LINE ( 'NONE', #4097, #392 ) ;
#5283 = CARTESIAN_POINT ( 'NONE',  ( -1.579567681601898742E-16, 6.079629788281250669, 0.6160156260839426690 ) ) ;
#5284 = ORIENTED_EDGE ( 'NONE', *, *, #4325, .F. ) ;
#5285 = CARTESIAN_POINT ( 'NONE',  ( -0.8230289675792372694, 1.511471477972438748, 2.798942027094980300 ) ) ;
#5286 = CARTESIAN_POINT ( 'NONE',  ( -1.194801457787021182, 5.287447758311589752, 0.9389855240236230083 ) ) ;
#5287 = AXIS2_PLACEMENT_3D ( 'NONE', #7025, #4355, #1540 ) ;
#5288 = CARTESIAN_POINT ( 'NONE',  ( -1.827282537767362491, 2.363039315937827567, 7.483292838993131468 ) ) ;
#5289 = DIRECTION ( 'NONE',  ( -1.000000000000000000, 0.000000000000000000, 0.000000000000000000 ) ) ;
#5290 = CARTESIAN_POINT ( 'NONE',  ( -3.149999999999998135, 16.26240592994944834, 2.000000000000000000 ) ) ;
#5291 = ADVANCED_FACE ( 'NONE', ( #6809 ), #1864, .T. ) ;
#5292 = CARTESIAN_POINT ( 'NONE',  ( -1.520279579551077287, 5.020279579551076843, 1.955468752167881075 ) ) ;
#5293 = ORIENTED_EDGE ( 'NONE', *, *, #524, .T. ) ;
#5294 = ORIENTED_EDGE ( 'NONE', *, *, #2910, .F. ) ;
#5295 = AXIS2_PLACEMENT_3D ( 'NONE', #700, #5683, #2369 ) ;
#5296 = CARTESIAN_POINT ( 'NONE',  ( -1.824073716244489995, 5.324073716244490662, 2.997265626083940759 ) ) ;
#5297 = CARTESIAN_POINT ( 'NONE',  ( -1.579567681601898742E-16, 6.079629788281250669, 4.485546876083940759 ) ) ;
#5298 = CARTESIAN_POINT ( 'NONE',  ( -0.3807085387510593111, 1.383970698985999670, 6.001400686258812733 ) ) ;
#5299 = CARTESIAN_POINT ( 'NONE',  ( -11.87727751489772565, -3.822722485101984979, 0.1071108951778974583 ) ) ;
#5300 = CARTESIAN_POINT ( 'NONE',  ( -1.824073716244489329, 1.675926283755509782, 1.608203126083940893 ) ) ;
#5301 = CARTESIAN_POINT ( 'NONE',  ( 1.824073716244489773, 5.324073716244490662, 8.454296876083940759 ) ) ;
#5302 = CARTESIAN_POINT ( 'NONE',  ( -1.068517644207730211, 0.9203702117187504417, 7.214062501083941648 ) ) ;
#5303 = EDGE_CURVE ( 'NONE', #3461, #6709, #13, .T. ) ;
#5304 = CARTESIAN_POINT ( 'NONE',  ( 1.299216970171157559, 5.213100486191331484, 4.750357715888947396 ) ) ;
#5305 = CARTESIAN_POINT ( 'NONE',  ( -1.177391944051053407, 1.700643950116404346, 6.743511291467847890 ) ) ;
#5306 = CIRCLE ( 'NONE', #2426, 1.000000000000000000 ) ;
#5307 = CARTESIAN_POINT ( 'NONE',  ( -13.29999999999999893, -8.150000000000000355, 0.000000000000000000 ) ) ;
#5308 = CARTESIAN_POINT ( 'NONE',  ( -17.49999999999999645, -9.000000000000000000, 0.000000000000000000 ) ) ;
#5309 = EDGE_LOOP ( 'NONE', ( #3272, #5949 ) ) ;
#5310 = ORIENTED_EDGE ( 'NONE', *, *, #5589, .F. ) ;
#5311 = CARTESIAN_POINT ( 'NONE',  ( 7.374991245267253248, 1.363636363636363313, 6.000000000000000000 ) ) ;
#5312 = CARTESIAN_POINT ( 'NONE',  ( 1.616562603717346613, 4.917472563284469800, 2.344395145733069619 ) ) ;
#5313 = EDGE_CURVE ( 'NONE', #55, #2318, #664, .T. ) ;
#5314 = CARTESIAN_POINT ( 'NONE',  ( 1.834025140066854354, 4.622149762000562490, 3.116674472580174715 ) ) ;
#5315 = DIRECTION ( 'NONE',  ( -1.000000000000000000, 0.000000000000000000, 0.000000000000000000 ) ) ;
#5316 = FACE_OUTER_BOUND ( 'NONE', #4731, .T. ) ;
#5317 = LINE ( 'NONE', #4916, #4510 ) ;
#5318 = CARTESIAN_POINT ( 'NONE',  ( -20.99999999999999645, -4.200000000000000178, 0.000000000000000000 ) ) ;
#5319 = CARTESIAN_POINT ( 'NONE',  ( -15.85000000000000675, -7.500000000000000000, 2.000000000000000000 ) ) ;
#5320 = ADVANCED_FACE ( 'NONE', ( #6156 ), #4404, .T. ) ;
#5321 = CARTESIAN_POINT ( 'NONE',  ( 2.149999999999999911, 3.499999991013369005, 5.428124837326433472 ) ) ;
#5322 = CARTESIAN_POINT ( 'NONE',  ( 2.579629788281250224, 3.500000000000000444, 0.4175781260839419584 ) ) ;
#5323 = ORIENTED_EDGE ( 'NONE', *, *, #2227, .F. ) ;
#5324 = CARTESIAN_POINT ( 'NONE',  ( -1.793459101533546152, 2.312127691071336422, 2.724316876915180874 ) ) ;
#5325 = CARTESIAN_POINT ( 'NONE',  ( -3.999999999999998224, 0.000000000000000000, 2.000000000000000000 ) ) ;
#5326 = CARTESIAN_POINT ( 'NONE',  ( 0.2694612460099113926, 1.366904395888362211, 7.626339601775998567 ) ) ;
#5327 = CARTESIAN_POINT ( 'NONE',  ( 1.209707703090520559, 5.277592448447288476, 7.931745968057892782 ) ) ;
#5328 = CARTESIAN_POINT ( 'NONE',  ( -3.999999999999998224, 15.27371993328518762, 2.000000000000000000 ) ) ;
#5329 = CARTESIAN_POINT ( 'NONE',  ( -0.8905591591021546627, 5.650000000000000355, 1.112109377167881163 ) ) ;
#5330 = AXIS2_PLACEMENT_3D ( 'NONE', #1118, #4407, #3324 ) ;
#5331 = ORIENTED_EDGE ( 'NONE', *, *, #1061, .T. ) ;
#5332 = EDGE_CURVE ( 'NONE', #3231, #4940, #6203, .T. ) ;
#5333 = VECTOR ( 'NONE', #3414, 1000.000000000000000 ) ;
#5334 = EDGE_CURVE ( 'NONE', #3425, #1485, #629, .T. ) ;
#5335 = CARTESIAN_POINT ( 'NONE',  ( 1.824073716244489773, 5.324073716244490662, 1.211328126083940360 ) ) ;
#5336 = CARTESIAN_POINT ( 'NONE',  ( 1.824073716244489773, 5.324073716244490662, 5.180078126083940582 ) ) ;
#5337 = CARTESIAN_POINT ( 'NONE',  ( 11.50000000000000178, 9.507820771309093644, 0.5000000000000000000 ) ) ;
#5338 = CARTESIAN_POINT ( 'NONE',  ( -12.08953124663764633, -3.610468753362281014, 0.5998464553396483101 ) ) ;
#5339 = CARTESIAN_POINT ( 'NONE',  ( 2.579629788281250669, 2.431482355792271122, 1.856250001083940449 ) ) ;
#5340 = CARTESIAN_POINT ( 'NONE',  ( -2.579629788281250224, 3.500000000000000000, 7.164453126083941470 ) ) ;
#5341 = CARTESIAN_POINT ( 'NONE',  ( 4.738703044805694992E-16, 0.9203702117187499976, 8.057421876083939338 ) ) ;
#5342 = CARTESIAN_POINT ( 'NONE',  ( 2.072967925709722881, 4.070357138674735253, 4.667924698424092966 ) ) ;
#5343 = CARTESIAN_POINT ( 'NONE',  ( -1.341162844145323829, 5.180774192282842527, 4.124405636502972428 ) ) ;
#5344 = CONICAL_SURFACE ( 'NONE', #18, 1.000000000000002665, 0.7853981633974485010 ) ;
#5345 = CARTESIAN_POINT ( 'NONE',  ( 1.136350308476418380, 5.334887501532794118, 1.587578381859366949 ) ) ;
#5346 = CARTESIAN_POINT ( 'NONE',  ( -2.149999999999999467, 2.609440840897844893, 8.255859375000000000 ) ) ;
#5347 = ORIENTED_EDGE ( 'NONE', *, *, #5814, .F. ) ;
#5348 = ORIENTED_EDGE ( 'NONE', *, *, #5332, .T. ) ;
#5349 = CARTESIAN_POINT ( 'NONE',  ( -1.740452463741778644, 5.227848739976464820, -4.090673454891992159E-16 ) ) ;
#5350 = AXIS2_PLACEMENT_3D ( 'NONE', #1997, #5938, #3766 ) ;
#5351 = CARTESIAN_POINT ( 'NONE',  ( 0.1261957826945333538, 5.647404468405641254, 2.444282862198344120 ) ) ;
#5352 = VECTOR ( 'NONE', #2391, 1000.000000000000000 ) ;
#5353 = CARTESIAN_POINT ( 'NONE',  ( -0.8020283461934222258, 1.504800413167542983, 5.181453985699047138 ) ) ;
#5354 = DIRECTION ( 'NONE',  ( 0.000000000000000000, 0.000000000000000000, -1.000000000000000000 ) ) ;
#5355 = DIRECTION ( 'NONE',  ( 0.000000000000000000, -0.7071067811865474617, -0.7071067811865474617 ) ) ;
#5356 = DIRECTION ( 'NONE',  ( 1.000000000000000000, 0.000000000000000000, 0.000000000000000000 ) ) ;
#5357 = CARTESIAN_POINT ( 'NONE',  ( -2.579629788281240010, 4.568517644207725326, 5.527343751083948042 ) ) ;
#5358 = FACE_BOUND ( 'NONE', #3388, .T. ) ;
#5359 = CARTESIAN_POINT ( 'NONE',  ( 1.068517644207729544, 6.079629788281250669, 1.360156251083942447 ) ) ;
#5360 = EDGE_CURVE ( 'NONE', #1348, #1655, #218, .T. ) ;
#5361 = EDGE_LOOP ( 'NONE', ( #556, #3108 ) ) ;
#5362 = DIRECTION ( 'NONE',  ( -0.9693458563705931175, 0.2457002457002465112, 0.000000000000000000 ) ) ;
#5363 = CARTESIAN_POINT ( 'NONE',  ( -2.150000002286040157, 3.529750482161509328, 1.060842446212481471 ) ) ;
#5364 = DIRECTION ( 'NONE',  ( -1.000000000000000000, 0.000000000000000000, 0.000000000000000000 ) ) ;
#5365 = CARTESIAN_POINT ( 'NONE',  ( -3.999999999999998224, 14.54651426760056765, 0.5000000000000000000 ) ) ;
#5366 = LINE ( 'NONE', #4749, #5741 ) ;
#5367 = CARTESIAN_POINT ( 'NONE',  ( 13.00000000000000178, -2.700000000000000178, 2.000000000000000000 ) ) ;
#5369 = EDGE_CURVE ( 'NONE', #6446, #4650, #3917, .T. ) ;
#5368 = ORIENTED_EDGE ( 'NONE', *, *, #4040, .F. ) ;
#5370 = CARTESIAN_POINT ( 'NONE',  ( 1.068517644207731099, 0.9203702117187504417, 1.757031251083941203 ) ) ;
#5371 = CARTESIAN_POINT ( 'NONE',  ( -2.579629788281249336, 2.431482355792268013, 0.7648437510839408704 ) ) ;
#5372 = DIRECTION ( 'NONE',  ( 0.000000000000000000, 0.000000000000000000, -1.000000000000000000 ) ) ;
#5373 = CARTESIAN_POINT ( 'NONE',  ( -12.07700271483664878, -3.622997285163534809, 0.3312473582125395333 ) ) ;
#5374 = CARTESIAN_POINT ( 'NONE',  ( 1.520279579551077065, 5.020279579551076843, 6.519531252167881874 ) ) ;
#5375 = CARTESIAN_POINT ( 'NONE',  ( -1.068517644207729766, 6.079629788281250669, 6.221875001083943424 ) ) ;
#5376 = ADVANCED_FACE ( 'NONE', ( #3378 ), #1169, .T. ) ;
#5377 = FACE_OUTER_BOUND ( 'NONE', #6600, .T. ) ;
#5378 = CARTESIAN_POINT ( 'NONE',  ( -0.6912622273383630667, 5.536256082800664835, 4.873947076298277281 ) ) ;
#5379 = CARTESIAN_POINT ( 'NONE',  ( -0.1774191525355967025, 5.644628334278015025, 4.049067078804172048 ) ) ;
#5380 = CARTESIAN_POINT ( 'NONE',  ( 1.824073716244489773, 5.324073716244490662, 5.279296876083941825 ) ) ;
#5381 = CARTESIAN_POINT ( 'NONE',  ( 0.8905591591021542186, 5.650000000000000355, 7.164453125000003197 ) ) ;
#5382 = ORIENTED_EDGE ( 'NONE', *, *, #1264, .T. ) ;
#5383 = ORIENTED_EDGE ( 'NONE', *, *, #6587, .T. ) ;
#5384 = CARTESIAN_POINT ( 'NONE',  ( -1.254684862221093544, 5.546870490065004766, 2.373945491783421209E-17 ) ) ;
#5385 = CARTESIAN_POINT ( 'NONE',  ( 1.979549927625816164, 4.340156179513652290, 2.303893032512300820 ) ) ;
#5386 = B_SPLINE_CURVE_WITH_KNOTS ( 'NONE', 3,
 ( #5206, #4703, #3551, #1380, #2544, #1921, #4208, #4742, #883, #3667, #6800, #1457, #6944, #805, #3081, #1999, #1857, #2503, #6364, #6905, #6407, #2968, #917, #187, #3519, #770, #3589, #5779, #2399, #260, #2469, #840, #3044, #5246, #300, #1959, #6984, #7054, #2615, #7120, #1600, #3737, #2040, #5393, #5900, #3835, #411, #6477, #4348, #6575, #2713, #443, #6514, #4313, #7090, #4240, #3768, #3258, #474, #2144, #4854, #1530, #5459, #2109, #6443, #3800, #4887, #5972, #1057, #2075, #7017, #2682, #5427, #6544, #1495, #3701, #5940, #6007, #514, #2580, #4918, #4275, #988, #3194, #2646, #2172, #1567, #4376, #1022, #3229, #4818, #1634, #4781, #6036, #3118, #5321 ),
 .UNSPECIFIED., .F., .F.,
 ( 4, 2, 1, 1, 2, 2, 2, 2, 1, 2, 2, 2, 2, 2, 2, 2, 2, 2, 2, 2, 1, 2, 2, 2, 2, 1, 1, 2, 2, 2, 2, 2, 2, 2, 2, 2, 2, 1, 1, 2, 2, 2, 2, 2, 2, 2, 1, 2, 2, 2, 1, 2, 4 ),
 ( 0.2718529659939919463, 0.2720468062158454270, 0.2722406464376989632, 0.2726283268814059246, 0.2734036877688199030, 0.2749544095436478597, 0.2765051313184758164, 0.2766989715403292971, 0.2768928117621828333, 0.2772804922058897947, 0.2780558530933038286, 0.2796065748681318408, 0.2811572966429598530, 0.2815449770866668699, 0.2819326575303738869, 0.2827080184177879763, 0.2842587401926160995, 0.2850341010800301333, 0.2851310211909569015, 0.2852279413018836696, 0.2854217815237372058, 0.2858094619674442227, 0.2873601837422724570, 0.2889109055171006357, 0.2891047457389541719, 0.2892985859608077082, 0.2896862664045147251, 0.2904616272919288700, 0.2935630708415852830, 0.2966645143912417515, 0.2974398752786558409, 0.2982152361660699302, 0.2997659579408981645, 0.3028674014905545775, 0.3044181232653828117, 0.3046119634872363480, 0.3047088835981631161, 0.3048058037090898842, 0.3051934841527969011, 0.3059688450402109905, 0.3075195668150391137, 0.3082949277024531476, 0.3086826081461602200, 0.3090702885898672370, 0.3121717321395234834, 0.3137224539143516067, 0.3152731756891797299, 0.3168238974640078531, 0.3183746192388359764, 0.3199253410136640996, 0.3207007019010781335, 0.3210883823447852059, 0.3214760627884922228 ),
 .UNSPECIFIED. ) ;
#5387 = VERTEX_POINT ( 'NONE', #4567 ) ;
#5388 = CARTESIAN_POINT ( 'NONE',  ( -1.604090604120063768, 2.068254579718364017, 5.123601879970820505 ) ) ;
#5389 = SHAPE_DEFINITION_REPRESENTATION ( #1338, #590 ) ;
#5390 = DIRECTION ( 'NONE',  ( -0.000000000000000000, -0.000000000000000000, -1.000000000000000000 ) ) ;
#5391 = CARTESIAN_POINT ( 'NONE',  ( 2.149999999999798739, 3.500000651747092295, 2.253136989732748674 ) ) ;
#5392 = CARTESIAN_POINT ( 'NONE',  ( 1.068517644207725326, 6.079629788281240010, 6.122656251083947510 ) ) ;
#5393 = CARTESIAN_POINT ( 'NONE',  ( -1.009538385040111397, 5.398272715378653608, 5.688608057639206628 ) ) ;
#5394 = CARTESIAN_POINT ( 'NONE',  ( 1.520279579551077509, 1.979720420448922935, 2.352343752167881608 ) ) ;
#5395 = ORIENTED_EDGE ( 'NONE', *, *, #6587, .F. ) ;
#5396 = DIRECTION ( 'NONE',  ( 0.000000000000000000, 0.000000000000000000, -1.000000000000000000 ) ) ;
#5397 = CARTESIAN_POINT ( 'NONE',  ( 2.149999999999999911, 3.500000000000000444, 0.8640625021678816076 ) ) ;
#5398 = EDGE_CURVE ( 'NONE', #2673, #525, #965, .T. ) ;
#5399 = DIRECTION ( 'NONE',  ( 0.000000000000000000, 0.000000000000000000, -1.000000000000000000 ) ) ;
#5400 = CARTESIAN_POINT ( 'NONE',  ( 1.155938708022134609, 5.312838104865334365, 7.935612881177118716 ) ) ;
#5401 = CARTESIAN_POINT ( 'NONE',  ( -5.408326913195983465, -1.000000000000001776, 6.000000000000000000 ) ) ;
#5402 = CARTESIAN_POINT ( 'NONE',  ( 1.974507785456058651, 2.645159550848661834, 0.6140077654759313885 ) ) ;
#5403 = ORIENTED_EDGE ( 'NONE', *, *, #4838, .T. ) ;
#5404 = AXIS2_PLACEMENT_3D ( 'NONE', #337, #3629, #3080 ) ;
#5405 = CARTESIAN_POINT ( 'NONE',  ( -1.824073716244489995, 5.324073716244490662, 0.6160156260839408926 ) ) ;
#5406 = DIRECTION ( 'NONE',  ( -1.000000000000000000, 0.000000000000000000, 0.000000000000000000 ) ) ;
#5407 = DIRECTION ( 'NONE',  ( -1.000000000000000000, 0.000000000000000000, 0.000000000000000000 ) ) ;
#5408 = CARTESIAN_POINT ( 'NONE',  ( -2.579629788281249336, 2.431482355792268013, -0.8226562489160593739 ) ) ;
#5409 = VECTOR ( 'NONE', #4741, 1000.000000000000000 ) ;
#5410 = CARTESIAN_POINT ( 'NONE',  ( -2.579629788281249336, 2.431482355792268013, 8.007812501083940049 ) ) ;
#5411 = CARTESIAN_POINT ( 'NONE',  ( -1.579567681601898742E-16, 6.079629788281250669, 6.073046876083940226 ) ) ;
#5412 = CARTESIAN_POINT ( 'NONE',  ( 1.108667668954445240, 5.343761010233353481, 4.764004119612355481 ) ) ;
#5413 = CARTESIAN_POINT ( 'NONE',  ( 0.6987115570095076000, 5.533447320567720595, 3.997454073346459413 ) ) ;
#5414 = CARTESIAN_POINT ( 'NONE',  ( 4.738703044805694992E-16, 0.9203702117187499976, 4.981640626083942536 ) ) ;
#5415 = CARTESIAN_POINT ( 'NONE',  ( -2.149999999999999467, 2.609440840897844893, 7.462109375000001599 ) ) ;
#5416 = VERTEX_POINT ( 'NONE', #4788 ) ;
#5417 = VERTEX_POINT ( 'NONE', #5328 ) ;
#5418 = FACE_OUTER_BOUND ( 'NONE', #991, .T. ) ;
#5419 = CARTESIAN_POINT ( 'NONE',  ( 0.2035846865008672513, 5.640356939250761314, 2.439944858668279704 ) ) ;
#5420 = VECTOR ( 'NONE', #1852, 1000.000000000000000 ) ;
#5421 = CARTESIAN_POINT ( 'NONE',  ( 0.5548106332012686659, 1.417971577271089689, 5.262459439098219782 ) ) ;
#5422 = DIRECTION ( 'NONE',  ( 0.000000000000000000, 0.000000000000000000, 1.000000000000000000 ) ) ;
#5423 = CARTESIAN_POINT ( 'NONE',  ( 17.49999999999999645, -12.49999999999999822, 0.000000000000000000 ) ) ;
#5424 = CARTESIAN_POINT ( 'NONE',  ( 12.00000000000000000, -2.700000000000000178, 2.000000000000000000 ) ) ;
#5425 = CYLINDRICAL_SURFACE ( 'NONE', #3042, 1.000000000000000000 ) ;
#5426 = CARTESIAN_POINT ( 'NONE',  ( 2.579629788281240010, 4.568517644207725326, 7.610937501083946621 ) ) ;
#5427 = CARTESIAN_POINT ( 'NONE',  ( 1.329787389522632202, 5.190672544622474405, 5.541895371603025033 ) ) ;
#5428 = CARTESIAN_POINT ( 'NONE',  ( -1.650000000000000577, 13.50000000000000000, 0.000000000000000000 ) ) ;
#5429 = AXIS2_PLACEMENT_3D ( 'NONE', #3796, #2642, #2813 ) ;
#5430 = ORIENTED_EDGE ( 'NONE', *, *, #6216, .T. ) ;
#5431 = EDGE_CURVE ( 'NONE', #5642, #1859, #5254, .T. ) ;
#5432 = CARTESIAN_POINT ( 'NONE',  ( 0.000000000000000000, -5.179673909541009813, 0.5000000000000000000 ) ) ;
#5433 = CARTESIAN_POINT ( 'NONE',  ( 2.053936909173653902, 4.141597434606216765, 0.7036065253994344681 ) ) ;
#5434 = FACE_OUTER_BOUND ( 'NONE', #6150, .T. ) ;
#5435 = LINE ( 'NONE', #5365, #3375 ) ;
#5436 = CARTESIAN_POINT ( 'NONE',  ( 1.605708025274128703, 4.929773262182204796, 7.107831164925689116 ) ) ;
#5437 = CARTESIAN_POINT ( 'NONE',  ( 2.127483510215371965, 3.183448797849695922, 0.6474624602037355459 ) ) ;
#5438 = VERTEX_POINT ( 'NONE', #4137 ) ;
#5439 = CARTESIAN_POINT ( 'NONE',  ( 2.579629788281250224, 3.500000000000000444, -0.4753906239160585745 ) ) ;
#5440 = LINE ( 'NONE', #4796, #2461 ) ;
#5441 = DIRECTION ( 'NONE',  ( -0.000000000000000000, -0.000000000000000000, -1.000000000000000000 ) ) ;
#5442 = CARTESIAN_POINT ( 'NONE',  ( 2.149999999999999911, 4.390559159102155995, 6.469921877167881696 ) ) ;
#5443 = CARTESIAN_POINT ( 'NONE',  ( 2.150000000000000799, 2.813179815106038539, -0.9601349176727617118 ) ) ;
#5444 = EDGE_CURVE ( 'NONE', #525, #1275, #5852, .T. ) ;
#5445 = CARTESIAN_POINT ( 'NONE',  ( 1.794005426801101422, 4.684969534744795716, 4.708626044889345330 ) ) ;
#5446 = CARTESIAN_POINT ( 'NONE',  ( 0.2800313792408754554, 5.632881319071522341, 4.023126136096272454 ) ) ;
#5447 = CARTESIAN_POINT ( 'NONE',  ( -1.068517644207730211, 0.9203702117187504417, 4.932031251083941470 ) ) ;
#5448 = CARTESIAN_POINT ( 'NONE',  ( -1.520279579551077287, 5.020279579551076843, 7.313281250000001066 ) ) ;
#5449 = ORIENTED_EDGE ( 'NONE', *, *, #112, .T. ) ;
#5450 = VERTEX_POINT ( 'NONE', #2552 ) ;
#5451 = CARTESIAN_POINT ( 'NONE',  ( 0.000000000000000000, 0.000000000000000000, 8.000000000000000000 ) ) ;
#5452 = CARTESIAN_POINT ( 'NONE',  ( 1.620648003606717902, 2.085264118147136969, 1.368339146233658044 ) ) ;
#5453 = VERTEX_POINT ( 'NONE', #4247 ) ;
#5454 = CIRCLE ( 'NONE', #3613, 0.5000000000000004441 ) ;
#5455 = CARTESIAN_POINT ( 'NONE',  ( -2.149705886356043649, 3.538459244112544422, 0.2666006636889513004 ) ) ;
#5456 = FACE_OUTER_BOUND ( 'NONE', #5143, .T. ) ;
#5457 = DIRECTION ( 'NONE',  ( 0.000000000000000000, 0.000000000000000000, -1.000000000000000000 ) ) ;
#5458 = CARTESIAN_POINT ( 'NONE',  ( 4.738703044805676257E-16, 0.9203702117187601006, 5.775390626083948042 ) ) ;
#5459 = CARTESIAN_POINT ( 'NONE',  ( 0.8975659199113332765, 5.456887924204026241, 5.572078136893424016 ) ) ;
#5460 = DIRECTION ( 'NONE',  ( 0.000000000000000000, 0.000000000000000000, -1.000000000000000000 ) ) ;
#5461 = AXIS2_PLACEMENT_3D ( 'NONE', #2523, #3176, #2094 ) ;
#5462 = ORIENTED_EDGE ( 'NONE', *, *, #2290, .T. ) ;
#5463 = ADVANCED_FACE ( 'NONE', ( #5787 ), #6452, .F. ) ;
#5464 = CARTESIAN_POINT ( 'NONE',  ( -0.8905591591021549958, 1.350000000000000533, 3.791015627167880986 ) ) ;
#5465 = CARTESIAN_POINT ( 'NONE',  ( 1.456831058242619381, 5.082729313143635963, 0.7697974230028162834 ) ) ;
#5466 = VECTOR ( 'NONE', #408, 1000.000000000000000 ) ;
#5467 = CARTESIAN_POINT ( 'NONE',  ( -2.131605124287896391, 3.215192608739551705, 7.428791756769098420 ) ) ;
#5468 = CARTESIAN_POINT ( 'NONE',  ( -1.173619364230280349, 5.311351738805573319, 1.730594214763085059 ) ) ;
#5469 = CARTESIAN_POINT ( 'NONE',  ( -0.4319282453145659173, 5.606498401475219495, 7.239136087303922551 ) ) ;
#5470 = CARTESIAN_POINT ( 'NONE',  ( 2.144650149308831910, 3.348381958715089812, 0.6570555349992899252 ) ) ;
#5471 = VERTEX_POINT ( 'NONE', #5290 ) ;
#5472 = EDGE_CURVE ( 'NONE', #676, #5417, #1503, .T. ) ;
#5473 = EDGE_LOOP ( 'NONE', ( #1191, #2759 ) ) ;
#5474 = CARTESIAN_POINT ( 'NONE',  ( 1.824073716244489773, 5.324073716244490662, 0.4175781260839401821 ) ) ;
#5475 = DIRECTION ( 'NONE',  ( 0.000000000000000000, 0.000000000000000000, -1.000000000000000000 ) ) ;
#5476 = CARTESIAN_POINT ( 'NONE',  ( 1.520279579551077509, 1.979720420448922935, 0.7648437521678812523 ) ) ;
#5477 = CARTESIAN_POINT ( 'NONE',  ( 1.068517644207729544, 6.079629788281250669, -1.120312498916059551 ) ) ;
#5478 = PRODUCT_DEFINITION_FORMATION_WITH_SPECIFIED_SOURCE ( 'ANY', '', #3410, .NOT_KNOWN. ) ;
#5479 = CARTESIAN_POINT ( 'NONE',  ( -1.579567681601898742E-16, 6.079629788281250669, 6.866796876083940404 ) ) ;
#5480 = CARTESIAN_POINT ( 'NONE',  ( -1.976264811145070910, 4.348195549415648564, 4.186218300284185290 ) ) ;
#5481 = CARTESIAN_POINT ( 'NONE',  ( 1.824073716244489773, 5.324073716244490662, 6.073046876083942003 ) ) ;
#5482 = CARTESIAN_POINT ( 'NONE',  ( -1.316495309083404618E-16, 5.650000000000000355, 8.007812500000001776 ) ) ;
#5483 = ORIENTED_EDGE ( 'NONE', *, *, #189, .F. ) ;
#5484 = ORIENTED_EDGE ( 'NONE', *, *, #2910, .T. ) ;
#5485 = FACE_OUTER_BOUND ( 'NONE', #907, .T. ) ;
#5486 = CARTESIAN_POINT ( 'NONE',  ( 1.993848500237824561, 2.695462266920630512, 1.410952081641876132 ) ) ;
#5487 = ORIENTED_EDGE ( 'NONE', *, *, #2122, .F. ) ;
#5488 = CARTESIAN_POINT ( 'NONE',  ( 0.2762118240603202435, 1.363094709629484980, 5.245318897456102469 ) ) ;
#5489 = DIRECTION ( 'NONE',  ( -0.000000000000000000, 0.000000000000000000, 1.000000000000000000 ) ) ;
#5490 = DIRECTION ( 'NONE',  ( 0.000000000000000000, 0.000000000000000000, 1.000000000000000000 ) ) ;
#5491 = CARTESIAN_POINT ( 'NONE',  ( 5.408326913195983465, 1.000000000000000000, 8.000000000000000000 ) ) ;
#5492 = CARTESIAN_POINT ( 'NONE',  ( -1.824073716244482890, 5.324073716244483556, 7.858984376083946621 ) ) ;
#5493 = CARTESIAN_POINT ( 'NONE',  ( 1.423484980976249314, 1.888637599890452989, 3.733837520482371275 ) ) ;
#5494 = CARTESIAN_POINT ( 'NONE',  ( 2.579629788281249780, 4.568517644207729766, -0.3265624989160585967 ) ) ;
#5495 = ORIENTED_EDGE ( 'NONE', *, *, #17, .T. ) ;
#5496 = CARTESIAN_POINT ( 'NONE',  ( 12.00000000000000355, -4.033333333333332327, 0.02859547920896891166 ) ) ;
#5497 = CARTESIAN_POINT ( 'NONE',  ( 0.3695934570572846356, 5.618190752222512963, 0.8427408275813409455 ) ) ;
#5498 = CARTESIAN_POINT ( 'NONE',  ( -1.824073716244489329, 1.675926283755509782, 3.195703126083940582 ) ) ;
#5499 = CARTESIAN_POINT ( 'NONE',  ( 3.500000000000000000, 14.54651426760056765, 0.5000000000000000000 ) ) ;
#5500 = CARTESIAN_POINT ( 'NONE',  ( -1.388147024481716896, 5.142411176728693079, 1.746737307158805930 ) ) ;
#5501 = CARTESIAN_POINT ( 'NONE',  ( -0.4883148677553268979, 5.594467454371151227, 7.242549948428187889 ) ) ;
#5502 = CARTESIAN_POINT ( 'NONE',  ( 0.8905591591021542186, 5.650000000000000355, -1.368359372832118837 ) ) ;
#5503 = ORIENTED_EDGE ( 'NONE', *, *, #478, .T. ) ;
#5504 = ORIENTED_EDGE ( 'NONE', *, *, #3288, .F. ) ;
#5505 = CARTESIAN_POINT ( 'NONE',  ( 2.579629788281250224, 3.500000000000000444, 1.112109376083940893 ) ) ;
#5506 = CARTESIAN_POINT ( 'NONE',  ( 0.000000000000000000, -0.5171572875253820367, 6.200000000000000178 ) ) ;
#5507 = DIRECTION ( 'NONE',  ( -1.000000000000000000, 0.000000000000000000, 0.000000000000000000 ) ) ;
#5508 = CARTESIAN_POINT ( 'NONE',  ( -2.579629788281250224, 3.500000000000000000, -0.8722656239160582192 ) ) ;
#5509 = CARTESIAN_POINT ( 'NONE',  ( -2.579629788281249780, 2.431482355792268013, 7.908593751083939694 ) ) ;
#5510 = AXIS2_PLACEMENT_3D ( 'NONE', #5112, #6774, #4490 ) ;
#5511 = CARTESIAN_POINT ( 'NONE',  ( 2.080445995643427359, 4.042606487947747240, 3.872456640912252723 ) ) ;
#5512 = CARTESIAN_POINT ( 'NONE',  ( 1.068517644207731321, 0.9203702117187504417, 5.825000001083942003 ) ) ;
#5513 = APPLICATION_CONTEXT ( 'automotive_design' ) ;
#5514 = CARTESIAN_POINT ( 'NONE',  ( -0.8905591591021551068, 1.350000000000000533, 2.798828125000001776 ) ) ;
#5515 = ORIENTED_EDGE ( 'NONE', *, *, #4195, .T. ) ;
#5516 = VERTEX_POINT ( 'NONE', #269 ) ;
#5517 = CARTESIAN_POINT ( 'NONE',  ( 2.068274491691640904, 2.908458050429146180, 1.424527719666200287 ) ) ;
#5518 = EDGE_CURVE ( 'NONE', #2774, #1092, #448, .T. ) ;
#5519 = VERTEX_POINT ( 'NONE', #3011 ) ;
#5520 = CARTESIAN_POINT ( 'NONE',  ( -1.336497539403622703, 5.184226484804750790, 0.1555097960223643938 ) ) ;
#5521 = CARTESIAN_POINT ( 'NONE',  ( 2.027594673247044454, 2.784410833326468993, 6.972937266250049504 ) ) ;
#5522 = LINE ( 'NONE', #577, #5663 ) ;
#5523 = CARTESIAN_POINT ( 'NONE',  ( 2.579629788281240454, 2.431482355792275563, 2.749218751083947865 ) ) ;
#5524 = CARTESIAN_POINT ( 'NONE',  ( 1.718896105980825650, 2.179297642175869854, 3.757118994815620727 ) ) ;
#5525 = CARTESIAN_POINT ( 'NONE',  ( -1.824073716244489329, 1.675926283755509782, -0.6738281239160575087 ) ) ;
#5526 = VERTEX_POINT ( 'NONE', #3167 ) ;
#5527 = EDGE_CURVE ( 'NONE', #2234, #6732, #5366, .T. ) ;
#5528 = CARTESIAN_POINT ( 'NONE',  ( 1.271891722508645239, 5.233529892139213047, 3.164859294954163182 ) ) ;
#5529 = CARTESIAN_POINT ( 'NONE',  ( 1.683034607837987418, 4.837875371683990622, 0.7509371255621227759 ) ) ;
#5530 = CARTESIAN_POINT ( 'NONE',  ( 1.824073716244490218, 1.675926283755510227, 3.394140626083941292 ) ) ;
#5531 = CARTESIAN_POINT ( 'NONE',  ( 2.132632930689947859, 3.202016732708370395, 4.617350005883098518 ) ) ;
#5532 = CARTESIAN_POINT ( 'NONE',  ( 2.146044363359998375, 3.634766051603345982, 7.817043795957396846 ) ) ;
#5533 = CONICAL_SURFACE ( 'NONE', #926, 1.000000000000002665, 0.7853981633974485010 ) ;
#5534 = CARTESIAN_POINT ( 'NONE',  ( -4.999999999999998224, 14.54651426760056765, 2.000000000000000000 ) ) ;
#5535 = CARTESIAN_POINT ( 'NONE',  ( -2.067034854096482022, 2.880374615149003947, 0.3052269766437376020 ) ) ;
#5536 = ORIENTED_EDGE ( 'NONE', *, *, #1851, .T. ) ;
#5537 = EDGE_LOOP ( 'NONE', ( #2940, #962, #1558, #3691, #2233 ) ) ;
#5538 = CARTESIAN_POINT ( 'NONE',  ( -2.103140580602130605, 2.006249839225950016, -1.392877994297092818E-15 ) ) ;
#5539 = DIRECTION ( 'NONE',  ( 1.000000000000000000, 0.000000000000000000, 0.000000000000000000 ) ) ;
#5540 = CARTESIAN_POINT ( 'NONE',  ( -2.438427963305131563, 2.658240585226661512, 7.999999999999998224 ) ) ;
#5541 = CARTESIAN_POINT ( 'NONE',  ( -0.8905591591021551068, 1.350000000000000533, 6.172265627167882407 ) ) ;
#5542 = EDGE_CURVE ( 'NONE', #3670, #6934, #6669, .T. ) ;
#5543 = CARTESIAN_POINT ( 'NONE',  ( 2.148215819600355125, 3.588899432501941877, 4.639368869133992490 ) ) ;
#5544 = CARTESIAN_POINT ( 'NONE',  ( 2.149334618424497023, 3.446390043302257844, 6.218873261602114511 ) ) ;
#5545 = CARTESIAN_POINT ( 'NONE',  ( -1.579567681601898742E-16, 6.079629788281250669, 4.584765626083942003 ) ) ;
#5546 = DIRECTION ( 'NONE',  ( 0.000000000000000000, 0.000000000000000000, -1.000000000000000000 ) ) ;
#5547 = CARTESIAN_POINT ( 'NONE',  ( -1.520279579551077287, 5.020279579551076843, 2.550781250000000888 ) ) ;
#5548 = ORIENTED_EDGE ( 'NONE', *, *, #290, .T. ) ;
#5549 = ORIENTED_EDGE ( 'NONE', *, *, #6648, .F. ) ;
#5550 = CARTESIAN_POINT ( 'NONE',  ( 0.6358243335042464972, 1.435175355662967611, 1.298368615779081248 ) ) ;
#5551 = ORIENTED_EDGE ( 'NONE', *, *, #5527, .T. ) ;
#5552 = CARTESIAN_POINT ( 'NONE',  ( -0.8344484575606601062, 5.481614129045329520, 0.1206944521905022882 ) ) ;
#5553 = AXIS2_PLACEMENT_3D ( 'NONE', #6921, #6961, #277 ) ;
#5554 = CARTESIAN_POINT ( 'NONE',  ( 1.568767562541139693, 2.028171837877508210, 6.920179535471979726 ) ) ;
#5555 = DIRECTION ( 'NONE',  ( -1.000000000000000000, 0.000000000000000000, 0.000000000000000000 ) ) ;
#5556 = CARTESIAN_POINT ( 'NONE',  ( -2.579629788281240010, 4.568517644207725326, 3.939843751083947687 ) ) ;
#5557 = CARTESIAN_POINT ( 'NONE',  ( 2.096546291679793228, 3.023326762709732662, 3.812838465816674294 ) ) ;
#5558 = CARTESIAN_POINT ( 'NONE',  ( 0.7071450172525088895, 1.464653948629269342, 2.097029981169485247 ) ) ;
#5559 = EDGE_LOOP ( 'NONE', ( #3837, #320, #6858, #6137 ) ) ;
#5560 = CARTESIAN_POINT ( 'NONE',  ( 1.511281052568160810, 5.030441770737834162, 3.146938273595062174 ) ) ;
#5561 = CARTESIAN_POINT ( 'NONE',  ( 2.118419393616196356, 3.867221262789767078, 0.6868228034113951219 ) ) ;
#5562 = DIRECTION ( 'NONE',  ( 0.000000000000000000, -1.000000000000000000, 0.000000000000000000 ) ) ;
#5563 = LINE ( 'NONE', #70, #1866 ) ;
#5564 = CARTESIAN_POINT ( 'NONE',  ( 0.2584274476852887470, 5.635464725187405044, 1.643072546698475245 ) ) ;
#5565 = AXIS2_PLACEMENT_3D ( 'NONE', #1247, #2767, #4967 ) ;
#5566 = CARTESIAN_POINT ( 'NONE',  ( -1.520279579551077287, 5.020279579551076843, 3.542968752167881430 ) ) ;
#5567 = CARTESIAN_POINT ( 'NONE',  ( -0.001511537640577704676, 1.349925949560576433, 0.4670929270758030771 ) ) ;
#5568 = CARTESIAN_POINT ( 'NONE',  ( -1.579567681601898742E-16, 6.079629788281250669, 3.791015626083941825 ) ) ;
#5569 = ORIENTED_EDGE ( 'NONE', *, *, #5332, .F. ) ;
#5570 = VECTOR ( 'NONE', #6292, 1000.000000000000000 ) ;
#5571 = CARTESIAN_POINT ( 'NONE',  ( -1.824073716244489995, 5.324073716244490662, 6.172265626083940582 ) ) ;
#5572 = CARTESIAN_POINT ( 'NONE',  ( 1.407426885068580047, 1.873191206622871086, 7.700985706270531139 ) ) ;
#5573 = DIRECTION ( 'NONE',  ( 0.000000000000000000, 0.000000000000000000, -1.000000000000000000 ) ) ;
#5574 = CARTESIAN_POINT ( 'NONE',  ( -0.000000000000000000, -4.200000000000000178, 0.5000000000000000000 ) ) ;
#5575 = CARTESIAN_POINT ( 'NONE',  ( -2.149999999999999467, 2.609440840897844893, 6.073046877167880275 ) ) ;
#5576 = CARTESIAN_POINT ( 'NONE',  ( 2.579629788281249780, 4.568517644207729766, 7.511718751083940049 ) ) ;
#5577 = DIRECTION ( 'NONE',  ( 0.000000000000000000, 0.000000000000000000, -1.000000000000000000 ) ) ;
#5578 = CARTESIAN_POINT ( 'NONE',  ( 2.146560839619118699, 3.371934482772154240, 6.214659731826547961 ) ) ;
#5579 = CARTESIAN_POINT ( 'NONE',  ( -1.824073716244489329, 1.675926283755509782, 4.088671876083942003 ) ) ;
#5580 = CARTESIAN_POINT ( 'NONE',  ( 3.500000000000000000, 0.000000000000000000, 0.5000000000000000000 ) ) ;
#5581 = CARTESIAN_POINT ( 'NONE',  ( -2.149999999999999911, 3.500000000000000000, 5.031250000000000888 ) ) ;
#5582 = ORIENTED_EDGE ( 'NONE', *, *, #3215, .T. ) ;
#5583 = VERTEX_POINT ( 'NONE', #4638 ) ;
#5584 = CARTESIAN_POINT ( 'NONE',  ( 2.150000006619500414, 3.430063886166161424, 1.455120152118043686 ) ) ;
#5585 = ORIENTED_EDGE ( 'NONE', *, *, #3881, .F. ) ;
#5586 = CARTESIAN_POINT ( 'NONE',  ( 1.129432977739463828, 5.329448318153472641, -1.917885626005578912E-13 ) ) ;
#5587 = CARTESIAN_POINT ( 'NONE',  ( 2.125853350113593887, 3.177674058773274357, 6.997164114941069712 ) ) ;
#5588 = EDGE_CURVE ( 'NONE', #6276, #6975, #2226, .T. ) ;
#5589 = EDGE_CURVE ( 'NONE', #1033, #6601, #1489, .T. ) ;
#5590 = DIRECTION ( 'NONE',  ( -1.000000000000000000, 0.000000000000000000, 0.000000000000000000 ) ) ;
#5591 = CARTESIAN_POINT ( 'NONE',  ( 1.068517644207725326, 6.079629788281240010, 4.535156251083948042 ) ) ;
#5592 = DIRECTION ( 'NONE',  ( 0.000000000000000000, 0.000000000000000000, -1.000000000000000000 ) ) ;
#5593 = CARTESIAN_POINT ( 'NONE',  ( -0.1391487470281430883, 1.354494519587230439, 2.046869046036207340 ) ) ;
#5594 = ORIENTED_EDGE ( 'NONE', *, *, #4780, .T. ) ;
#5595 = CARTESIAN_POINT ( 'NONE',  ( 0.9365818407649435517, 5.440436767920671990, 3.188594753728848374 ) ) ;
#5596 = FACE_OUTER_BOUND ( 'NONE', #4631, .T. ) ;
#5597 = DIRECTION ( 'NONE',  ( -1.000000000000000000, 0.000000000000000000, 0.000000000000000000 ) ) ;
#5598 = CARTESIAN_POINT ( 'NONE',  ( 2.096489765522397519, 3.022981799628912558, 4.606567874288143294 ) ) ;
#5599 = CARTESIAN_POINT ( 'NONE',  ( -1.960712909378388824, 4.382185709483394476, 1.802739546263559589 ) ) ;
#5600 = CARTESIAN_POINT ( 'NONE',  ( 0.8905591591021542186, 5.650000000000000355, 3.394140627167881341 ) ) ;
#5601 = CARTESIAN_POINT ( 'NONE',  ( -0.9813196480933374932, 1.584883220095518519, 0.4074371011838904266 ) ) ;
#5602 = CARTESIAN_POINT ( 'NONE',  ( 4.738703044805694992E-16, 0.9203702117187499976, 4.981640626083942536 ) ) ;
#5603 = ORIENTED_EDGE ( 'NONE', *, *, #7029, .F. ) ;
#5604 = EDGE_CURVE ( 'NONE', #925, #6675, #3744, .T. ) ;
#5605 = CARTESIAN_POINT ( 'NONE',  ( 4.738703044805694992E-16, 0.9203702117187499976, 5.676171876083940582 ) ) ;
#5606 = CARTESIAN_POINT ( 'NONE',  ( 0.009398094990032249824, 5.653353302469807495, 6.419601683704356354 ) ) ;
#5607 = CARTESIAN_POINT ( 'NONE',  ( 1.220767763610060896, 1.730189046599934555, 7.687718163063856913 ) ) ;
#5608 = DIRECTION ( 'NONE',  ( -1.000000000000000000, 0.000000000000000000, 0.000000000000000000 ) ) ;
#5609 = DIRECTION ( 'NONE',  ( -1.000000000000000000, -3.469446951953614189E-15, 0.000000000000000000 ) ) ;
#5610 = CARTESIAN_POINT ( 'NONE',  ( -2.149999999999999911, 3.500000000000000000, 3.642187502167881785 ) ) ;
#5611 = EDGE_CURVE ( 'NONE', #4843, #21, #5947, .T. ) ;
#5612 = DIRECTION ( 'NONE',  ( -1.000000000000000000, 0.000000000000000000, 0.000000000000000000 ) ) ;
#5613 = CARTESIAN_POINT ( 'NONE',  ( -0.7938583699121244397, 5.498079540725377079, 6.468040511130361381 ) ) ;
#5614 = CARTESIAN_POINT ( 'NONE',  ( 2.143067488426618983, 3.324368360665916899, 6.211926520908483518 ) ) ;
#5615 = CARTESIAN_POINT ( 'NONE',  ( 2.579629788281250669, 2.431482355792271122, 3.542968751083942713 ) ) ;
#5616 = CARTESIAN_POINT ( 'NONE',  ( 1.094933048127193942, 1.644235345480344668, 2.916422280996054273 ) ) ;
#5617 = CARTESIAN_POINT ( 'NONE',  ( -1.316495309083404618E-16, 5.650000000000000355, 3.245312500000001599 ) ) ;
#5618 = ORIENTED_EDGE ( 'NONE', *, *, #3528, .F. ) ;
#5619 = ORIENTED_EDGE ( 'NONE', *, *, #4406, .T. ) ;
#5620 = CARTESIAN_POINT ( 'NONE',  ( -1.581892940737136710, 2.043868378247795548, 1.156722739831060665 ) ) ;
#5621 = EDGE_CURVE ( 'NONE', #525, #4970, #6046, .T. ) ;
#5622 = ORIENTED_EDGE ( 'NONE', *, *, #540, .F. ) ;
#5623 = CIRCLE ( 'NONE', #1023, 2.149999999999999911 ) ;
#5624 = CARTESIAN_POINT ( 'NONE',  ( -1.374585459200623250, 5.153196405177312478, 0.1583466741746220319 ) ) ;
#5625 = CARTESIAN_POINT ( 'NONE',  ( -5.408326913195983465, 1.000000000000000000, 7.000000000000000000 ) ) ;
#5626 = CARTESIAN_POINT ( 'NONE',  ( -20.99999999999999645, 0.000000000000000000, 0.000000000000000000 ) ) ;
#5627 = CARTESIAN_POINT ( 'NONE',  ( -1.824073716244482224, 1.675926283755517110, 1.707421876083947909 ) ) ;
#5628 = CARTESIAN_POINT ( 'NONE',  ( -1.579567681601898742E-16, 6.079629788281250669, 3.691796876083940582 ) ) ;
#5629 = FACE_BOUND ( 'NONE', #437, .T. ) ;
#5630 = CIRCLE ( 'NONE', #5053, 1.000000000000002220 ) ;
#5631 = CARTESIAN_POINT ( 'NONE',  ( 2.148307921274537957, 3.412860931642764939, 2.248210373057786260 ) ) ;
#5632 = CARTESIAN_POINT ( 'NONE',  ( -2.149503104873932369, 3.550067468743822285, 2.647197787052324891 ) ) ;
#5633 = CARTESIAN_POINT ( 'NONE',  ( -1.131545279469710508, 5.328163968678697238, 3.315774016216829878 ) ) ;
#5634 = CARTESIAN_POINT ( 'NONE',  ( -2.149999999999999911, 4.390559159102155107, 0.4175781271678822293 ) ) ;
#5635 = CARTESIAN_POINT ( 'NONE',  ( 0.000000000000000000, 3.500000000000000000, 8.000000000000000000 ) ) ;
#5636 = DIRECTION ( 'NONE',  ( -1.000000000000000000, -0.000000000000000000, -0.000000000000000000 ) ) ;
#5637 = FACE_OUTER_BOUND ( 'NONE', #3553, .T. ) ;
#5638 = DIRECTION ( 'NONE',  ( -1.000000000000000000, 0.000000000000000000, 0.000000000000000000 ) ) ;
#5639 = EDGE_CURVE ( 'NONE', #1033, #4242, #996, .T. ) ;
#5640 = CARTESIAN_POINT ( 'NONE',  ( 0.04916782390326750185, 1.350510441878163936, 0.4699382295509375584 ) ) ;
#5641 = CARTESIAN_POINT ( 'NONE',  ( -2.579629788281249336, 2.431482355792268013, 4.832812501083942003 ) ) ;
#5642 = VERTEX_POINT ( 'NONE', #1574 ) ;
#5643 = CARTESIAN_POINT ( 'NONE',  ( 1.824073716244489773, 5.324073716244490662, 6.767578126083940937 ) ) ;
#5644 = DIRECTION ( 'NONE',  ( 0.000000000000000000, 0.000000000000000000, -1.000000000000000000 ) ) ;
#5645 = AXIS2_PLACEMENT_3D ( 'NONE', #5022, #4444, #2859 ) ;
#5646 = DIRECTION ( 'NONE',  ( 0.000000000000000000, 0.000000000000000000, -1.000000000000000000 ) ) ;
#5647 = LINE ( 'NONE', #703, #262 ) ;
#5648 = CARTESIAN_POINT ( 'NONE',  ( 5.408326913195983465, 1.000000000000000000, 6.200000000000000178 ) ) ;
#5649 = CARTESIAN_POINT ( 'NONE',  ( -2.149999999999999911, 4.390559159102155995, 5.180078127167881519 ) ) ;
#5650 = CARTESIAN_POINT ( 'NONE',  ( -1.068517644207730211, 0.9203702117187504417, 5.626562501083940404 ) ) ;
#5651 = DIRECTION ( 'NONE',  ( -1.000000000000000000, 0.000000000000000000, 0.000000000000000000 ) ) ;
#5652 = DIRECTION ( 'NONE',  ( 0.000000000000000000, 0.000000000000000000, -1.000000000000000000 ) ) ;
#5653 = CARTESIAN_POINT ( 'NONE',  ( 2.579629788281250224, 3.500000000000000444, 3.592578126083942003 ) ) ;
#5654 = CARTESIAN_POINT ( 'NONE',  ( 0.4438449342107076978, 1.396311538565224941, 2.874219107377485649 ) ) ;
#5655 = CARTESIAN_POINT ( 'NONE',  ( -1.316495309083404618E-16, 5.650000000000000355, 0.07031250000000092981 ) ) ;
#5656 = ADVANCED_FACE ( 'NONE', ( #5980 ), #3237, .T. ) ;
#5657 = ORIENTED_EDGE ( 'NONE', *, *, #6392, .F. ) ;
#5658 = DIRECTION ( 'NONE',  ( -1.000000000000000000, 0.000000000000000000, 0.000000000000000000 ) ) ;
#5659 = ORIENTED_EDGE ( 'NONE', *, *, #4258, .T. ) ;
#5660 = CARTESIAN_POINT ( 'NONE',  ( 0.1203984932135339497, 5.646626326164509102, 0.06352736608458252332 ) ) ;
#5661 = PLANE ( 'NONE',  #2309 ) ;
#5662 = CARTESIAN_POINT ( 'NONE',  ( -17.49999999999999645, -13.00000000000000000, 2.000000000000000000 ) ) ;
#5663 = VECTOR ( 'NONE', #6342, 1000.000000000000000 ) ;
#5664 = CARTESIAN_POINT ( 'NONE',  ( 1.824073716244483112, 1.675926283755517554, 4.287109376083948042 ) ) ;
#5665 = CARTESIAN_POINT ( 'NONE',  ( 1.824073716244490218, 1.675926283755510227, 3.394140626083941292 ) ) ;
#5666 = CARTESIAN_POINT ( 'NONE',  ( -0.5735054121749695311, 1.427460166379916906, 3.608457367381868508 ) ) ;
#5667 = CARTESIAN_POINT ( 'NONE',  ( -0.3637515859968509235, 1.380929671195711528, 2.033711146498025979 ) ) ;
#5668 = DIRECTION ( 'NONE',  ( -1.000000000000000000, 0.000000000000000000, 0.000000000000000000 ) ) ;
#5669 = AXIS2_PLACEMENT_3D ( 'NONE', #3645, #4144, #2090 ) ;
#5670 = CARTESIAN_POINT ( 'NONE',  ( -1.891521635899374054, 4.522174576165441273, 3.380844603373939883 ) ) ;
#5671 = LINE ( 'NONE', #3437, #6525 ) ;
#5672 = LINE ( 'NONE', #6141, #1847 ) ;
#5673 = B_SPLINE_CURVE_WITH_KNOTS ( 'NONE', 3,
 ( #3153, #3077, #1886, #1994, #2499, #6288, #5739, #2036, #800, #4125 ),
 .UNSPECIFIED., .F., .F.,
 ( 4, 2, 2, 2, 4 ),
 ( 0.000000000000000000, 0.0005095077058813319822, 0.001019015411762663964, 0.001528523117643996055, 0.002038030823525327929 ),
 .UNSPECIFIED. ) ;
#5674 = CARTESIAN_POINT ( 'NONE',  ( 1.500616997677576503, 1.959918234660488201, 4.533351721296427606 ) ) ;
#5675 = CARTESIAN_POINT ( 'NONE',  ( 2.579629788281249780, 4.568517644207729766, 8.404687501083941470 ) ) ;
#5676 = CARTESIAN_POINT ( 'NONE',  ( 3.949485927250213853E-16, 1.350000000000000089, 3.046875002167881430 ) ) ;
#5677 = CARTESIAN_POINT ( 'NONE',  ( -2.149999999999999911, 4.390559159102155107, 2.798828127167880986 ) ) ;
#5678 = CARTESIAN_POINT ( 'NONE',  ( -1.967391234395615474, 2.632812656374037275, 0.3212711788570494220 ) ) ;
#5679 = CARTESIAN_POINT ( 'NONE',  ( 4.738703044805694992E-16, 0.9203702117187499976, 3.394140626083942180 ) ) ;
#5680 = EDGE_CURVE ( 'NONE', #1859, #649, #3442, .T. ) ;
#5681 = VERTEX_POINT ( 'NONE', #5101 ) ;
#5682 = CARTESIAN_POINT ( 'NONE',  ( 1.824073716244489773, 5.324073716244490662, 7.561328126083941115 ) ) ;
#5683 = DIRECTION ( 'NONE',  ( 0.000000000000000000, -0.000000000000000000, -1.000000000000000000 ) ) ;
#5684 = AXIS2_PLACEMENT_3D ( 'NONE', #4071, #1928, #6912 ) ;
#5685 = EDGE_CURVE ( 'NONE', #3692, #5271, #6676, .T. ) ;
#5686 = DIRECTION ( 'NONE',  ( 0.000000000000000000, 0.000000000000000000, -1.000000000000000000 ) ) ;
#5687 = DIRECTION ( 'NONE',  ( -0.000000000000000000, 0.000000000000000000, 1.000000000000000000 ) ) ;
#5688 = ADVANCED_FACE ( 'NONE', ( #1779 ), #693, .F. ) ;
#5689 = CARTESIAN_POINT ( 'NONE',  ( 2.149999999999999911, 3.500000000000000444, 4.832812502167881163 ) ) ;
#5690 = CIRCLE ( 'NONE', #5461, 2.149999999999999911 ) ;
#5691 = CARTESIAN_POINT ( 'NONE',  ( 1.824073716244490218, 1.675926283755510227, 6.569140626083941115 ) ) ;
#5692 = CARTESIAN_POINT ( 'NONE',  ( -0.6157101215265754490, 5.560310012184055850, 6.456693047185101619 ) ) ;
#5693 = CARTESIAN_POINT ( 'NONE',  ( -0.8002301978218255840, 1.504273407216608849, 5.975293197653197552 ) ) ;
#5694 = AXIS2_PLACEMENT_3D ( 'NONE', #6254, #5172, #5244 ) ;
#5695 = CARTESIAN_POINT ( 'NONE',  ( -1.579567681601898742E-16, 6.079629788281250669, -0.1777343739160583969 ) ) ;
#5696 = CARTESIAN_POINT ( 'NONE',  ( 0.4923570076165139087, 1.407002610169300505, 2.877283280800267296 ) ) ;
#5697 = CARTESIAN_POINT ( 'NONE',  ( -1.520279579551077287, 5.020279579551076843, 1.757031250000001599 ) ) ;
#5698 = CARTESIAN_POINT ( 'NONE',  ( -0.5577538129853629734, 1.418781578888035577, 1.228492661920520090 ) ) ;
#5699 = ORIENTED_EDGE ( 'NONE', *, *, #3803, .F. ) ;
#5700 = CARTESIAN_POINT ( 'NONE',  ( -0.8060278074636177958, 5.493590352200233617, 4.881303888308554662 ) ) ;
#5701 = CARTESIAN_POINT ( 'NONE',  ( -0.08605807079486647859, 1.351721922263345199, 6.812353629364225505 ) ) ;
#5702 = CARTESIAN_POINT ( 'NONE',  ( -1.824073716244482890, 5.324073716244483556, 1.508984376083948309 ) ) ;
#5703 = CARTESIAN_POINT ( 'NONE',  ( -1.824073716244489995, 5.324073716244490662, 2.997265626083940759 ) ) ;
#5704 = CARTESIAN_POINT ( 'NONE',  ( 0.8924307605384375064, 1.542670821040707851, 3.696416036185006249 ) ) ;
#5705 = CARTESIAN_POINT ( 'NONE',  ( 1.900131783844295930, 2.493596190754357345, 2.191290206303394772 ) ) ;
#5706 = CARTESIAN_POINT ( 'NONE',  ( -2.083087914556483344, 4.038690618688578482, 2.618447180894103887 ) ) ;
#5707 = CARTESIAN_POINT ( 'NONE',  ( 2.149999998037198878, 3.541549991605329240, 3.049139305233487196 ) ) ;
#5708 = DIRECTION ( 'NONE',  ( 0.000000000000000000, 0.000000000000000000, -1.000000000000000000 ) ) ;
#5709 = CARTESIAN_POINT ( 'NONE',  ( -0.000000000000000000, -3.700000000000000178, 0.5000000000000000000 ) ) ;
#5710 = CARTESIAN_POINT ( 'NONE',  ( -2.150000017034538580, 3.497794990967378226, 4.237622833473550621 ) ) ;
#5711 = DIRECTION ( 'NONE',  ( -1.000000000000000000, 0.000000000000000000, 0.000000000000000000 ) ) ;
#5712 = DIRECTION ( 'NONE',  ( -0.000000000000000000, 0.000000000000000000, 1.000000000000000000 ) ) ;
#5713 = CARTESIAN_POINT ( 'NONE',  ( 5.000000000000000000, 14.54651426760056765, 2.000000000000000000 ) ) ;
#5714 = CARTESIAN_POINT ( 'NONE',  ( -2.579629788281249336, 2.431482355792268013, 4.039062501083942713 ) ) ;
#5715 = VERTEX_POINT ( 'NONE', #1856 ) ;
#5716 = CARTESIAN_POINT ( 'NONE',  ( -1.579567681601898742E-16, 6.079629788281250669, 8.454296876083938983 ) ) ;
#5717 = DIRECTION ( 'NONE',  ( -0.1499999999999988565, -0.9886859966642596032, 0.000000000000000000 ) ) ;
#5718 = CARTESIAN_POINT ( 'NONE',  ( -1.679321145641589741, 2.157111127018290553, 7.498232779657397096 ) ) ;
#5719 = CARTESIAN_POINT ( 'NONE',  ( 11.69434525668439129, -3.616964229948087972, 0.03623624553334581916 ) ) ;
#5720 = DIRECTION ( 'NONE',  ( -1.000000000000000000, 0.000000000000000000, 0.000000000000000000 ) ) ;
#5721 = CARTESIAN_POINT ( 'NONE',  ( -2.149999999999999911, 3.500000000000000000, 0.4671875021678810747 ) ) ;
#5722 = CARTESIAN_POINT ( 'NONE',  ( 1.824073716244489773, 5.324073716244490662, 5.973828126083940759 ) ) ;
#5723 = CARTESIAN_POINT ( 'NONE',  ( -1.931682431118032284, 4.444351231705714333, 6.561105516908679824 ) ) ;
#5724 = CARTESIAN_POINT ( 'NONE',  ( 1.569904580087085888, 2.030946198425425564, 6.126669360830618416 ) ) ;
#5725 = CARTESIAN_POINT ( 'NONE',  ( -2.579629788281249780, 4.568517644207729766, 0.7648437510839427578 ) ) ;
#5726 = CARTESIAN_POINT ( 'NONE',  ( -2.149999999999975930, 3.499999676497305590, 5.031250018022010551 ) ) ;
#5727 = CARTESIAN_POINT ( 'NONE',  ( 2.150000000000000355, 2.609440840897845781, -0.1777343749999986677 ) ) ;
#5728 = CARTESIAN_POINT ( 'NONE',  ( 0.000000000000000000, 3.500000000000000000, 8.000000000000000000 ) ) ;
#5729 = DIRECTION ( 'NONE',  ( -0.000000000000000000, -0.000000000000000000, -1.000000000000000000 ) ) ;
#5730 = CARTESIAN_POINT ( 'NONE',  ( -1.791823390611452682, 2.311632964030366555, 6.693210346020407542 ) ) ;
#5731 = FACE_BOUND ( 'NONE', #6303, .T. ) ;
#5732 = CARTESIAN_POINT ( 'NONE',  ( -2.579629788281249780, 4.568517644207729766, 5.428125001083941470 ) ) ;
#5733 = CARTESIAN_POINT ( 'NONE',  ( 1.097225825908489494, 1.650455657181917557, 3.710247908133720518 ) ) ;
#5734 = CARTESIAN_POINT ( 'NONE',  ( -2.120269417885094931, 3.143303744892858909, 1.876807813032978611 ) ) ;
#5735 = CARTESIAN_POINT ( 'NONE',  ( -2.145064349844373996, 3.649199961945100323, 2.641564305432154480 ) ) ;
#5736 = EDGE_CURVE ( 'NONE', #871, #5642, #4447, .T. ) ;
#5737 = CARTESIAN_POINT ( 'NONE',  ( 2.078787155904763484, 2.950867410869805418, 5.395891115940595562 ) ) ;
#5738 = CYLINDRICAL_SURFACE ( 'NONE', #5821, 3.299999999999998934 ) ;
#5739 = CARTESIAN_POINT ( 'NONE',  ( -2.573671067862246531, 3.257215936237088272, 5.084234971829039402E-14 ) ) ;
#5740 = CARTESIAN_POINT ( 'NONE',  ( -13.00000000000000178, -3.700000000000000178, 2.000000000000000000 ) ) ;
#5741 = VECTOR ( 'NONE', #6415, 1000.000000000000114 ) ;
#5742 = CARTESIAN_POINT ( 'NONE',  ( 2.149999999998930100, 3.499998520391076617, 3.245285119891112124 ) ) ;
#5743 = DIRECTION ( 'NONE',  ( 1.000000000000000000, 0.000000000000000000, 0.000000000000000000 ) ) ;
#5744 = CARTESIAN_POINT ( 'NONE',  ( -2.149999999999999911, 3.500000000000000000, 8.000000000000000000 ) ) ;
#5745 = CARTESIAN_POINT ( 'NONE',  ( 2.579629788281249780, 4.568517644207729766, 1.260937501083941648 ) ) ;
#5746 = EDGE_CURVE ( 'NONE', #5806, #6658, #6785, .T. ) ;
#5747 = ORIENTED_EDGE ( 'NONE', *, *, #17, .F. ) ;
#5748 = DIRECTION ( 'NONE',  ( 0.000000000000000000, 0.000000000000000000, -1.000000000000000000 ) ) ;
#5749 = CARTESIAN_POINT ( 'NONE',  ( 0.1483924518755436184, 5.645998996072535192, 6.411772393834858086 ) ) ;
#5750 = CARTESIAN_POINT ( 'NONE',  ( 0.9599384820160239418, 1.572729436680380566, 7.669534335654206281 ) ) ;
#5751 = DIRECTION ( 'NONE',  ( -1.000000000000000000, 0.000000000000000000, 0.000000000000000000 ) ) ;
#5752 = CARTESIAN_POINT ( 'NONE',  ( -1.566598338266390389, 4.974389786776447053, 7.316945641469144945 ) ) ;
#5753 = CARTESIAN_POINT ( 'NONE',  ( -2.149999999999999467, 2.609440840897844893, 1.310546877167881652 ) ) ;
#5754 = ORIENTED_EDGE ( 'NONE', *, *, #5908, .F. ) ;
#5755 = VECTOR ( 'NONE', #4822, 1000.000000000000000 ) ;
#5756 = CARTESIAN_POINT ( 'NONE',  ( 2.579629788281250669, 2.431482355792271122, 4.237500001083941648 ) ) ;
#5757 = CARTESIAN_POINT ( 'NONE',  ( -1.579567681601898742E-16, 6.079629788281250669, 3.691796876083940582 ) ) ;
#5758 = CARTESIAN_POINT ( 'NONE',  ( 0.2710545721352984327, 1.362599824991908903, 6.038833042665007866 ) ) ;
#5759 = CARTESIAN_POINT ( 'NONE',  ( -1.579567681601898742E-16, 6.079629788281250669, 0.6160156260839426690 ) ) ;
#5760 = CARTESIAN_POINT ( 'NONE',  ( 1.824073716244489773, 5.324073716244490662, 2.005078126083940759 ) ) ;
#5761 = CIRCLE ( 'NONE', #4735, 1.650000000000000577 ) ;
#5762 = CARTESIAN_POINT ( 'NONE',  ( 2.149999999999999911, 4.390559159102155995, 0.7152343750000018652 ) ) ;
#5763 = ADVANCED_FACE ( 'NONE', ( #2251 ), #1231, .F. ) ;
#5764 = CARTESIAN_POINT ( 'NONE',  ( -2.087078735190920575, 2.950426979182918519, 1.094801428134929866 ) ) ;
#5765 = CARTESIAN_POINT ( 'NONE',  ( -2.104684501184156620, 3.940728646744300789, 5.005651300778701795 ) ) ;
#5766 = CARTESIAN_POINT ( 'NONE',  ( -2.150000012751664524, 3.497809172463175464, 6.618872043273806405 ) ) ;
#5767 = CARTESIAN_POINT ( 'NONE',  ( -2.149999999999999911, 3.500000000000000000, 9.000000000000001776 ) ) ;
#5768 = CARTESIAN_POINT ( 'NONE',  ( 4.738703044805694992E-16, 0.9203702117187499976, 4.088671876083941115 ) ) ;
#5769 = EDGE_LOOP ( 'NONE', ( #2195, #2903, #310, #6375 ) ) ;
#5770 = CARTESIAN_POINT ( 'NONE',  ( -0.2474235937831139043, 1.364159146467798678, 3.627957692442699500 ) ) ;
#5771 = CARTESIAN_POINT ( 'NONE',  ( -2.149988724120120320, 3.491943019030414597, 1.856699090466094493 ) ) ;
#5772 = CARTESIAN_POINT ( 'NONE',  ( -2.101115474165980768, 3.961872448403305658, 2.623132828456057553 ) ) ;
#5773 = CARTESIAN_POINT ( 'NONE',  ( 2.144576889618968529, 3.652634391762720867, 3.055503414079944857 ) ) ;
#5774 = CARTESIAN_POINT ( 'NONE',  ( -19.15000000000000213, -7.500000000000000000, 2.000000000000000000 ) ) ;
#5775 = CARTESIAN_POINT ( 'NONE',  ( -17.49999999999999645, -13.00000000000000000, 0.5000000000000000000 ) ) ;
#5776 = CARTESIAN_POINT ( 'NONE',  ( 0.03349671330438687422, 1.350170277386009143, 4.437812211591876554 ) ) ;
#5777 = DIRECTION ( 'NONE',  ( 0.000000000000000000, 0.000000000000000000, -1.000000000000000000 ) ) ;
#5778 = CARTESIAN_POINT ( 'NONE',  ( -2.438427963305131563, 2.658240585226661512, 7.999999999999998224 ) ) ;
#5779 = CARTESIAN_POINT ( 'NONE',  ( -1.728820160598261380, 4.778482032701100835, 5.744127355152606640 ) ) ;
#5780 = CARTESIAN_POINT ( 'NONE',  ( -1.068517644207729766, 6.079629788281250669, 1.459375001083941692 ) ) ;
#5781 = VERTEX_POINT ( 'NONE', #6655 ) ;
#5782 = VECTOR ( 'NONE', #7152, 1000.000000000000114 ) ;
#5783 = LINE ( 'NONE', #1667, #6425 ) ;
#5784 = CARTESIAN_POINT ( 'NONE',  ( -0.3174990996963750201, 5.627631887993834070, 0.8825271252298919622 ) ) ;
#5785 = CARTESIAN_POINT ( 'NONE',  ( 0.3121655739850071609, 1.372589007280199391, 7.628852874145149343 ) ) ;
#5786 = CARTESIAN_POINT ( 'NONE',  ( 11.93286973495173342, -2.901390795144846546, 0.2441299763527105260 ) ) ;
#5787 = FACE_OUTER_BOUND ( 'NONE', #3070, .T. ) ;
#5788 = CARTESIAN_POINT ( 'NONE',  ( -1.316495309083404618E-16, 5.650000000000000355, 1.856250002167881608 ) ) ;
#5789 = VERTEX_POINT ( 'NONE', #186 ) ;
#5790 = ORIENTED_EDGE ( 'NONE', *, *, #5219, .T. ) ;
#5791 = CIRCLE ( 'NONE', #4522, 7.158578643762692373 ) ;
#5792 = CARTESIAN_POINT ( 'NONE',  ( -1.824073716244489329, 1.675926283755509782, 4.783203126083940937 ) ) ;
#5793 = CARTESIAN_POINT ( 'NONE',  ( -2.579629788281249780, 4.568517644207729766, 3.840625001083941115 ) ) ;
#5794 = CARTESIAN_POINT ( 'NONE',  ( -1.718532678622863186, 2.208031719784824265, 5.906922735967678584 ) ) ;
#5795 = CARTESIAN_POINT ( 'NONE',  ( -1.068517644207729766, 6.079629788281250669, -0.9218749989160571756 ) ) ;
#5796 = CARTESIAN_POINT ( 'NONE',  ( 2.579629788281250224, 3.500000000000000444, 1.905859376083941070 ) ) ;
#5797 = CARTESIAN_POINT ( 'NONE',  ( -1.520279579551077287, 5.020279579551076843, 0.9632812500000014211 ) ) ;
#5798 = VECTOR ( 'NONE', #4187, 1000.000000000000000 ) ;
#5799 = CARTESIAN_POINT ( 'NONE',  ( 2.579629788281250669, 2.431482355792271122, 8.206250001083940759 ) ) ;
#5800 = VERTEX_POINT ( 'NONE', #1738 ) ;
#5801 = AXIS2_PLACEMENT_3D ( 'NONE', #4740, #223, #5711 ) ;
#5802 = DIRECTION ( 'NONE',  ( 0.000000000000000000, 0.000000000000000000, -1.000000000000000000 ) ) ;
#5803 = CARTESIAN_POINT ( 'NONE',  ( -1.328267965673025186, 1.808034690802534872, 6.732634945787888014 ) ) ;
#5804 = CARTESIAN_POINT ( 'NONE',  ( 0.5270235988631802870, 5.584429371637065209, 1.626941149284031995 ) ) ;
#5805 = CARTESIAN_POINT ( 'NONE',  ( 2.579629788281240454, 2.431482355792275563, 1.161718751083947954 ) ) ;
#5806 = VERTEX_POINT ( 'NONE', #2899 ) ;
#5807 = ORIENTED_EDGE ( 'NONE', *, *, #4804, .T. ) ;
#5808 = CARTESIAN_POINT ( 'NONE',  ( -0.7628388205759348839, 1.489828404338189305, 3.596466112617803468 ) ) ;
#5809 = CARTESIAN_POINT ( 'NONE',  ( -1.977461574450979143, 2.655777916146716766, 1.907259003313633183 ) ) ;
#5810 = CARTESIAN_POINT ( 'NONE',  ( -0.3659717192543354147, 5.618833529711035446, 2.472673746584678867 ) ) ;
#5811 = CARTESIAN_POINT ( 'NONE',  ( 2.097722460840121261, 3.027141521929899604, 5.400571983994509218 ) ) ;
#5813 = EDGE_CURVE ( 'NONE', #4724, #4398, #3327, .T. ) ;
#5812 = CARTESIAN_POINT ( 'NONE',  ( 1.677745291337307654, 1.911331461650685126, 8.000000000000001776 ) ) ;
#5814 = EDGE_CURVE ( 'NONE', #2748, #2513, #5868, .T. ) ;
#5815 = CARTESIAN_POINT ( 'NONE',  ( -2.149999999994451461, 3.500004884549234419, 0.4671870568910552191 ) ) ;
#5816 = CARTESIAN_POINT ( 'NONE',  ( -1.309649201471710045, 1.789173486876655561, 4.352851559299236506 ) ) ;
#5817 = LINE ( 'NONE', #2966, #5118 ) ;
#5818 = FACE_OUTER_BOUND ( 'NONE', #1923, .T. ) ;
#5819 = DIRECTION ( 'NONE',  ( 1.000000000000000000, 0.000000000000000000, 0.000000000000000000 ) ) ;
#5820 = CARTESIAN_POINT ( 'NONE',  ( 2.579629788281249780, 4.568517644207729766, 2.054687501083942269 ) ) ;
#5821 = AXIS2_PLACEMENT_3D ( 'NONE', #3113, #3584, #1523 ) ;
#5822 = VERTEX_POINT ( 'NONE', #2325 ) ;
#5823 = CARTESIAN_POINT ( 'NONE',  ( -1.504182476938905388, 1.963736516258349551, 2.750485874869204039 ) ) ;
#5824 = CARTESIAN_POINT ( 'NONE',  ( -1.187352864042967138, 5.292404303853368575, 0.9384562479404361390 ) ) ;
#5825 = CARTESIAN_POINT ( 'NONE',  ( -0.8171322923720601983, 1.511278942560990046, 7.561697118833747844 ) ) ;
#5826 = CARTESIAN_POINT ( 'NONE',  ( 1.276033243336733403, 5.231227807272333052, 7.926993271003098585 ) ) ;
#5827 = CARTESIAN_POINT ( 'NONE',  ( 3.949485927250213853E-16, 1.350000000000000089, 1.459375002167881075 ) ) ;
#5828 = CARTESIAN_POINT ( 'NONE',  ( -2.149999999999999911, 3.500000000000000000, 2.054687502167881430 ) ) ;
#5829 = ADVANCED_FACE ( 'NONE', ( #6146 ), #210, .T. ) ;
#5830 = EDGE_LOOP ( 'NONE', ( #1687, #2478, #6454, #466 ) ) ;
#5831 = ORIENTED_EDGE ( 'NONE', *, *, #1824, .F. ) ;
#5832 = CARTESIAN_POINT ( 'NONE',  ( 2.579629788281249780, 4.568517644207729766, 3.542968751083940493 ) ) ;
#5833 = CARTESIAN_POINT ( 'NONE',  ( 2.579629788281250224, 3.500000000000000444, 3.493359376083940759 ) ) ;
#5834 = CARTESIAN_POINT ( 'NONE',  ( 1.549871132230890236, 2.009886262807440094, 6.125019627153074353 ) ) ;
#5835 = LINE ( 'NONE', #819, #7066 ) ;
#5836 = CARTESIAN_POINT ( 'NONE',  ( 2.579629788281250224, 3.500000000000000444, 0.4175781260839419584 ) ) ;
#5837 = CARTESIAN_POINT ( 'NONE',  ( -1.068517644207730211, 0.9203702117187504417, 2.451562501083940582 ) ) ;
#5838 = CARTESIAN_POINT ( 'NONE',  ( 1.824073716244490218, 1.675926283755510227, 7.462109376083941648 ) ) ;
#5839 = EDGE_CURVE ( 'NONE', #1348, #7081, #4062, .T. ) ;
#5840 = CARTESIAN_POINT ( 'NONE',  ( 1.068517644207729544, 6.079629788281250669, 7.610937501083940404 ) ) ;
#5841 = ORIENTED_EDGE ( 'NONE', *, *, #4114, .F. ) ;
#5842 = DIRECTION ( 'NONE',  ( 0.000000000000000000, 0.000000000000000000, -1.000000000000000000 ) ) ;
#5843 = EDGE_CURVE ( 'NONE', #676, #4119, #3900, .T. ) ;
#5844 = CARTESIAN_POINT ( 'NONE',  ( -1.476912577066340493, 1.937236843382093232, 6.721365905479506075 ) ) ;
#5845 = CARTESIAN_POINT ( 'NONE',  ( 0.4405799502592289141, 5.604713265979716752, 1.632221881323815849 ) ) ;
#5846 = CARTESIAN_POINT ( 'NONE',  ( -2.579629788281240010, 3.716976314265975745, 0.01062930147385480854 ) ) ;
#5847 = ORIENTED_EDGE ( 'NONE', *, *, #6606, .T. ) ;
#5848 = VERTEX_POINT ( 'NONE', #1702 ) ;
#5849 = DIRECTION ( 'NONE',  ( -0.9833321660356334482, -0.1818181818181813791, 0.000000000000000000 ) ) ;
#5850 = CARTESIAN_POINT ( 'NONE',  ( -0.9044688636845459317, 1.549498690009679880, 1.999700079701446587 ) ) ;
#5851 = CARTESIAN_POINT ( 'NONE',  ( -0.1673626609567702705, 5.644937194806026959, 2.460991801213410657 ) ) ;
#5852 =( BOUNDED_CURVE ( )  B_SPLINE_CURVE ( 2, ( #2510, #6875, #2047, #2476, #5827, #6335, #3710, #6953, #890 ),
 .UNSPECIFIED., .F., .T. ) 
 B_SPLINE_CURVE_WITH_KNOTS ( ( 3, 2, 2, 2, 3 ),
 ( 0.6747042629154194060, 0.6846263855613189397, 0.6945485070911933123, 0.7044706286210674628, 0.7143927117488076961 ),
 .UNSPECIFIED. ) 
 CURVE ( )  GEOMETRIC_REPRESENTATION_ITEM ( )  RATIONAL_B_SPLINE_CURVE ( ( 1.000000000000000000, 0.9238795325112867385, 1.000000000000000000, 0.9238795325112867385, 1.000000000000000000, 0.9238795325112867385, 1.000000000000000000, 0.9238795325112867385, 1.000000000000000000 ) ) 
 REPRESENTATION_ITEM ( '' )  );
#5853 = CARTESIAN_POINT ( 'NONE',  ( 1.630025344329227410, 4.902054576393083174, 3.136975020026330441 ) ) ;
#5854 = CARTESIAN_POINT ( 'NONE',  ( -2.382967683731629371, 2.497581976375633950, 8.000000000000000000 ) ) ;
#5855 = ORIENTED_EDGE ( 'NONE', *, *, #3669, .F. ) ;
#5856 = CARTESIAN_POINT ( 'NONE',  ( -2.149999999999999467, 2.609440840897844449, 7.660546877167880631 ) ) ;
#5857 = CARTESIAN_POINT ( 'NONE',  ( -2.102757081086860769, 3.046769624803247645, 4.263851637257218385 ) ) ;
#5858 = DIRECTION ( 'NONE',  ( -0.000000000000000000, -0.000000000000000000, -1.000000000000000000 ) ) ;
#5859 = CARTESIAN_POINT ( 'NONE',  ( -2.149999999999999467, 2.609440840897844449, 4.485546877167881696 ) ) ;
#5860 = CARTESIAN_POINT ( 'NONE',  ( 4.754299754299753822, 13.57716841122997309, 2.000000000000000000 ) ) ;
#5861 = CARTESIAN_POINT ( 'NONE',  ( 1.824073716244489773, 5.324073716244490662, -0.2769531239160578640 ) ) ;
#5862 = EDGE_LOOP ( 'NONE', ( #400, #940, #6397, #2425 ) ) ;
#5863 = EDGE_CURVE ( 'NONE', #1314, #925, #4379, .T. ) ;
#5864 = EDGE_CURVE ( 'NONE', #5019, #1200, #1707, .T. ) ;
#5865 = CARTESIAN_POINT ( 'NONE',  ( -6.391659079231619245, 1.181818181818182101, 7.000000000000000000 ) ) ;
#5866 = CARTESIAN_POINT ( 'NONE',  ( -1.195127440375806094, 5.287225822055152236, 0.9390086794536572912 ) ) ;
#5867 = ADVANCED_FACE ( 'NONE', ( #1958 ), #299, .T. ) ;
#5868 = CIRCLE ( 'NONE', #2978, 0.5000000000000000000 ) ;
#5869 = CARTESIAN_POINT ( 'NONE',  ( 0.7992763055545196726, 1.503836032511563614, 7.659010119704594999 ) ) ;
#5870 = CARTESIAN_POINT ( 'NONE',  ( 1.553558945090826482, 4.986268341930319536, 7.905930988357505740 ) ) ;
#5871 = CARTESIAN_POINT ( 'NONE',  ( -2.044221867108461321, 4.166566941494532550, 7.372928711339898911 ) ) ;
#5872 = CARTESIAN_POINT ( 'NONE',  ( -1.520279579551076843, 1.979720420448922491, 1.360156252167881608 ) ) ;
#5873 = VERTEX_POINT ( 'NONE', #2468 ) ;
#5874 = CARTESIAN_POINT ( 'NONE',  ( 1.068517644207729322, 6.079629788281250669, 1.260937501083941203 ) ) ;
#5875 = CARTESIAN_POINT ( 'NONE',  ( -1.824073716244489995, 5.324073716244490662, 3.791015626083940937 ) ) ;
#5876 = CARTESIAN_POINT ( 'NONE',  ( -13.00000000000000178, -3.700000000000000178, 2.000000000000000000 ) ) ;
#5877 = CARTESIAN_POINT ( 'NONE',  ( 19.15000000000000213, -7.500000000000000000, 2.000000000000000000 ) ) ;
#5878 = CARTESIAN_POINT ( 'NONE',  ( 2.579629788281250224, 3.500000000000000444, 2.699609376083940582 ) ) ;
#5879 = CARTESIAN_POINT ( 'NONE',  ( 2.149999999999999911, 3.500000000000000444, -0.9218749999999991118 ) ) ;
#5880 = CARTESIAN_POINT ( 'NONE',  ( 2.579629788281250224, 3.500000000000000444, 8.255859376083940049 ) ) ;
#5881 = ORIENTED_EDGE ( 'NONE', *, *, #7113, .T. ) ;
#5882 = CARTESIAN_POINT ( 'NONE',  ( -0.6596567898477873060, 5.546600583635352244, 4.871946388983845466 ) ) ;
#5883 = CARTESIAN_POINT ( 'NONE',  ( -0.3832327266384693010, 5.615612435781018874, 4.061206514932531597 ) ) ;
#5884 = AXIS2_PLACEMENT_3D ( 'NONE', #3162, #517, #4952 ) ;
#5885 = EDGE_CURVE ( 'NONE', #3169, #1348, #2202, .T. ) ;
#5886 = CARTESIAN_POINT ( 'NONE',  ( 1.843031869230537190, 4.656664610769482238, 1.530696950860257255 ) ) ;
#5887 = CARTESIAN_POINT ( 'NONE',  ( -1.316495309083404618E-16, 5.650000000000000355, 7.214062500000000711 ) ) ;
#5888 = ORIENTED_EDGE ( 'NONE', *, *, #5518, .T. ) ;
#5889 = ORIENTED_EDGE ( 'NONE', *, *, #4279, .F. ) ;
#5890 = CARTESIAN_POINT ( 'NONE',  ( -0.8905591591021549958, 1.350000000000000533, 6.966015627167879920 ) ) ;
#5891 = CARTESIAN_POINT ( 'NONE',  ( 0.8112412436355473933, 5.491222406942307011, 2.402710834950191110 ) ) ;
#5892 = B_SPLINE_CURVE_WITH_KNOTS ( 'NONE', 3,
 ( #2182, #484, #1032, #1067, #555, #3268, #5470, #7130, #4827, #7026, #5437, #2692, #4386, #6584, #2757, #4959, #3745, #5402, #2656, #2048, #5948, #6453, #4863, #7063, #4322, #1575, #6080, #2287, #2789, #737, #4448, #3370, #1232, #3478, #6767, #4482, #3405, #1198, #3988, #1129, #657, #6656, #4419, #5, #1819, #1703, #5640, #1162, #5567, #2827, #622, #3443, #6112, #4025, #6692, #5026, #3908, #75, #1673, #2938, #6222, #5062, #5601, #2900, #6730, #1739, #2865, #3336, #110, #2326, #4517, #2253, #5102, #3947, #6147, #1780, #2216, #6184, #694, #148, #2364, #4559, #1273, #5678, #3879, #6622, #5535, #41, #588, #4992, #4594 ),
 .UNSPECIFIED., .F., .F.,
 ( 4, 2, 2, 2, 1, 2, 2, 2, 2, 2, 2, 2, 2, 1, 1, 2, 2, 2, 2, 2, 2, 1, 1, 2, 2, 2, 2, 2, 2, 1, 2, 2, 2, 2, 2, 2, 2, 2, 2, 1, 1, 2, 2, 2, 1, 2, 2, 2, 2, 4 ),
 ( 0.9173724785349417488, 0.9177561626850204712, 0.9179480047600597770, 0.9180439257975795408, 0.9181398468350991937, 0.9189072151352565276, 0.9204419517355713065, 0.9212093200357287515, 0.9219766883358860854, 0.9235114249362008643, 0.9265808981368304220, 0.9296503713374599798, 0.9298422134124992855, 0.9300340554875387022, 0.9304177396376174247, 0.9311851079377747586, 0.9327198445380896485, 0.9357893177387193173, 0.9373240543390340962, 0.9374199753765537491, 0.9375158964140734019, 0.9377077384891128187, 0.9380914226391915411, 0.9388587909393488751, 0.9403935275396637650, 0.9411608958398210989, 0.9415445799898998214, 0.9419282641399785438, 0.9449977373406082126, 0.9451895794156475183, 0.9452855004531672822, 0.9453814214906869351, 0.9457651056407656576, 0.9465324739409231025, 0.9480672105412378814, 0.9511366837418675502, 0.9526714203421824401, 0.9530551044922611625, 0.9531510255297808154, 0.9532469465673003572, 0.9534387886423396630, 0.9542061569424967749, 0.9572756301431251114, 0.9588103667434393351, 0.9595777350435964470, 0.9597695771186357527, 0.9599614191936749474, 0.9603451033437535589, 0.9634145765443817844, 0.9664840497450101209 ),
 .UNSPECIFIED. ) ;
#5893 = CIRCLE ( 'NONE', #2769, 1.749999999999999778 ) ;
#5894 = CARTESIAN_POINT ( 'NONE',  ( -0.1470382609139394559, 1.354911227855729372, 5.221249991349919739 ) ) ;
#5895 = CYLINDRICAL_SURFACE ( 'NONE', #166, 3.299999999999998934 ) ;
#5896 = CARTESIAN_POINT ( 'NONE',  ( 20.99999999999999645, -9.000000000000000000, 0.000000000000000000 ) ) ;
#5897 = DIRECTION ( 'NONE',  ( -1.000000000000000000, 0.000000000000000000, 0.000000000000000000 ) ) ;
#5898 = CARTESIAN_POINT ( 'NONE',  ( -11.00000000000000178, 9.507820771309093644, 2.000000000000000000 ) ) ;
#5899 = CARTESIAN_POINT ( 'NONE',  ( -1.579567681601892579E-16, 6.079629788281240010, 5.378515626083948398 ) ) ;
#5900 = CARTESIAN_POINT ( 'NONE',  ( -1.000984413336645451, 5.402811771564893562, 5.688026616304011185 ) ) ;
#5901 = CARTESIAN_POINT ( 'NONE',  ( -2.579629788281249780, 4.568517644207729766, 2.352343751083942003 ) ) ;
#5902 = ORIENTED_EDGE ( 'NONE', *, *, #6360, .F. ) ;
#5903 =( BOUNDED_CURVE ( )  B_SPLINE_CURVE ( 2, ( #221, #4774, #4699, #2999, #2429, #6323, #5242, #5856, #5278 ),
 .UNSPECIFIED., .F., .T. ) 
 B_SPLINE_CURVE_WITH_KNOTS ( ( 3, 2, 2, 2, 3 ),
 ( 0.04051853599304105352, 0.04961060764933762635, 0.05953272917922291380, 0.06945485070910820125, 0.07937698951905521050 ),
 .UNSPECIFIED. ) 
 CURVE ( )  GEOMETRIC_REPRESENTATION_ITEM ( )  RATIONAL_B_SPLINE_CURVE ( ( 0.9883295018046578395, 0.9302475037386308543, 1.000000000000000000, 0.9238795325112867385, 1.000000000000000000, 0.9238795325112867385, 1.000000000000000000, 0.9238795325112867385, 1.000000000000000000 ) ) 
 REPRESENTATION_ITEM ( '' )  );
#5904 = DIRECTION ( 'NONE',  ( -1.000000000000000000, 0.000000000000000000, 0.000000000000000000 ) ) ;
#5905 = CARTESIAN_POINT ( 'NONE',  ( -2.149347941537213202, 3.571214407120376855, 1.058485217121856170 ) ) ;
#5906 = CARTESIAN_POINT ( 'NONE',  ( -1.250000000000002887, -8.150000000000000355, 2.000000000000000000 ) ) ;
#5907 = DIRECTION ( 'NONE',  ( -0.000000000000000000, -1.000000000000000000, -0.000000000000000000 ) ) ;
#5908 = EDGE_CURVE ( 'NONE', #1971, #604, #1889, .T. ) ;
#5909 = CARTESIAN_POINT ( 'NONE',  ( -3.999999999999998224, 0.000000000000000000, 2.000000000000000000 ) ) ;
#5910 = CARTESIAN_POINT ( 'NONE',  ( -2.149999999999999467, 2.609440840897844893, -0.2769531228321176486 ) ) ;
#5911 = AXIS2_PLACEMENT_3D ( 'NONE', #1029, #3165, #5364 ) ;
#5912 = EDGE_LOOP ( 'NONE', ( #5395, #1933, #2772, #2919, #3802 ) ) ;
#5913 = ADVANCED_FACE ( 'NONE', ( #5818 ), #2640, .T. ) ;
#5914 = VECTOR ( 'NONE', #3242, 999.9999999999998863 ) ;
#5915 = CARTESIAN_POINT ( 'NONE',  ( 4.738703044805694992E-16, 0.9203702117187499976, 0.9136718760839410702 ) ) ;
#5916 = EDGE_CURVE ( 'NONE', #3445, #55, #2579, .T. ) ;
#5917 = CARTESIAN_POINT ( 'NONE',  ( 2.579629788281250669, 2.431482355792271122, 5.031250001083940937 ) ) ;
#5918 = CYLINDRICAL_SURFACE ( 'NONE', #3620, 0.5000000000000000000 ) ;
#5919 = LINE ( 'NONE', #3606, #2568 ) ;
#5920 = CARTESIAN_POINT ( 'NONE',  ( -1.579567681601898742E-16, 6.079629788281250669, 0.5167968760839414255 ) ) ;
#5921 = CARTESIAN_POINT ( 'NONE',  ( -2.579629788281249336, 2.431482355792268013, 7.214062501083942536 ) ) ;
#5922 = CIRCLE ( 'NONE', #1303, 0.5000000000000000000 ) ;
#5923 = DIRECTION ( 'NONE',  ( 0.000000000000000000, 0.000000000000000000, -1.000000000000000000 ) ) ;
#5924 = CARTESIAN_POINT ( 'NONE',  ( 1.782784576310317837, 4.701742012331776799, 4.709796939116046133 ) ) ;
#5925 = CARTESIAN_POINT ( 'NONE',  ( -1.933596762596038188, 4.440420181183799997, 4.180118469299463513 ) ) ;
#5926 = CARTESIAN_POINT ( 'NONE',  ( -2.579629788281249780, 4.568517644207729766, 7.114843751083942180 ) ) ;
#5927 = CARTESIAN_POINT ( 'NONE',  ( -1.520279579551077287, 5.020279579551076843, 8.107031250000000355 ) ) ;
#5928 = ORIENTED_EDGE ( 'NONE', *, *, #431, .F. ) ;
#5929 = EDGE_LOOP ( 'NONE', ( #504, #6224, #5962, #4450 ) ) ;
#5930 = CARTESIAN_POINT ( 'NONE',  ( 1.129432977739463828, 5.329448318153472641, -1.917885626005578912E-13 ) ) ;
#5931 = CARTESIAN_POINT ( 'NONE',  ( 1.961249432363683987, 4.382167276386140564, 2.306637628802934881 ) ) ;
#5932 = AXIS2_PLACEMENT_3D ( 'NONE', #2353, #5592, #6135 ) ;
#5933 = B_SPLINE_CURVE_WITH_KNOTS ( 'NONE', 3,
 ( #4845, #7046, #942, #2136, #3729, #3147, #5349, #4910, #5384, #401, #2607, #2065, #5964, #7008, #467, #435, #3793, #5930 ),
 .UNSPECIFIED., .F., .F.,
 ( 4, 2, 2, 2, 2, 2, 2, 2, 4 ),
 ( 0.000000000000000000, 0.0005776416990754191291, 0.001155283398150838258, 0.001732925097226257387, 0.002310566796301676516, 0.002888208495377095862, 0.003465850194452514774, 0.004043491893527933687, 0.004621133592603353032 ),
 .UNSPECIFIED. ) ;
#5934 = ORIENTED_EDGE ( 'NONE', *, *, #2138, .T. ) ;
#5935 = CARTESIAN_POINT ( 'NONE',  ( -1.670502897015528454, 2.145523848925515509, 5.117738560188490382 ) ) ;
#5936 = DIRECTION ( 'NONE',  ( -1.000000000000000000, 0.000000000000000000, 0.000000000000000000 ) ) ;
#5937 = DIRECTION ( 'NONE',  ( 1.000000000000000000, 0.000000000000000000, 0.000000000000000000 ) ) ;
#5938 = DIRECTION ( 'NONE',  ( 0.000000000000000000, 0.000000000000000000, -1.000000000000000000 ) ) ;
#5939 = CARTESIAN_POINT ( 'NONE',  ( -2.579629788281240010, 4.568517644207725326, 7.114843751083947510 ) ) ;
#5940 = CARTESIAN_POINT ( 'NONE',  ( 1.470647601279868821, 5.068479684392268148, 5.531223312549406579 ) ) ;
#5941 = CARTESIAN_POINT ( 'NONE',  ( 2.149999999993152056, 3.499996240440695239, 2.451493211739526945 ) ) ;
#5942 = ORIENTED_EDGE ( 'NONE', *, *, #2336, .F. ) ;
#5943 = CARTESIAN_POINT ( 'NONE',  ( 0.000000000000000000, 13.50000000000000000, 2.000000000000000000 ) ) ;
#5944 = CARTESIAN_POINT ( 'NONE',  ( -1.849032551436230465, 4.600242183055395451, 0.9942664173454723864 ) ) ;
#5945 = DIRECTION ( 'NONE',  ( 1.387778780781445676E-16, 1.000000000000000000, 0.000000000000000000 ) ) ;
#5946 = CARTESIAN_POINT ( 'NONE',  ( 1.144863157796506270, 5.319837196759400477, 7.936421433754141219 ) ) ;
#5947 = LINE ( 'NONE', #6583, #6449 ) ;
#5948 = CARTESIAN_POINT ( 'NONE',  ( 1.627330978713790177, 2.088920179133266330, 0.5751578888306758675 ) ) ;
#5949 = ORIENTED_EDGE ( 'NONE', *, *, #1034, .T. ) ;
#5950 = CIRCLE ( 'NONE', #1442, 6.500000000000001776 ) ;
#5951 = CARTESIAN_POINT ( 'NONE',  ( -1.068517644207729766, 6.079629788281250669, -0.2273437489160590186 ) ) ;
#5952 = DIRECTION ( 'NONE',  ( 1.000000000000000000, -0.000000000000000000, -0.000000000000000000 ) ) ;
#5953 = CARTESIAN_POINT ( 'NONE',  ( 5.408326913195983465, 1.000000000000000000, 6.000000000000000000 ) ) ;
#5954 = CARTESIAN_POINT ( 'NONE',  ( 2.150000000000000355, 2.609440840897845781, 7.164453127167882407 ) ) ;
#5955 = CARTESIAN_POINT ( 'NONE',  ( 2.149999999999999911, 4.390559159102155995, -0.8722656249999987121 ) ) ;
#5956 = CARTESIAN_POINT ( 'NONE',  ( -1.824073716244489995, 5.324073716244490662, 7.759765626083940937 ) ) ;
#5957 = CARTESIAN_POINT ( 'NONE',  ( 2.103840483228661906, 3.944697980689191752, 4.660216228206741640 ) ) ;
#5958 = CARTESIAN_POINT ( 'NONE',  ( 0.5055300785580784106, 5.592159083879409742, 4.009570281736565711 ) ) ;
#5959 = EDGE_CURVE ( 'NONE', #717, #1025, #6320, .T. ) ;
#5960 = CARTESIAN_POINT ( 'NONE',  ( 2.579629788281250224, 3.500000000000000444, 6.767578126083941825 ) ) ;
#5961 = CARTESIAN_POINT ( 'NONE',  ( 0.8905591591021542186, 5.650000000000000355, 8.751953125000000000 ) ) ;
#5962 = ORIENTED_EDGE ( 'NONE', *, *, #4341, .T. ) ;
#5963 = VERTEX_POINT ( 'NONE', #6406 ) ;
#5964 = CARTESIAN_POINT ( 'NONE',  ( -0.1259190918579191909, 5.788196515252734820, -2.097404151547503631E-14 ) ) ;
#5965 = CARTESIAN_POINT ( 'NONE',  ( 0.3049356579671594902, 5.628447703762196497, 2.434136248868414842 ) ) ;
#5966 = CARTESIAN_POINT ( 'NONE',  ( -0.4763999763340288074, 1.400916414357355810, 5.201991260784697424 ) ) ;
#5967 = CARTESIAN_POINT ( 'NONE',  ( 0.000000000000000000, 0.000000000000000000, 0.000000000000000000 ) ) ;
#5968 = CARTESIAN_POINT ( 'NONE',  ( -7.374991245267253248, 1.363636363636363757, 6.000000000000000000 ) ) ;
#5969 = CARTESIAN_POINT ( 'NONE',  ( -1.520279579551076843, 1.979720420448922491, 6.122656252167881341 ) ) ;
#5970 = CYLINDRICAL_SURFACE ( 'NONE', #1658, 1.000000000000000000 ) ;
#5971 = CARTESIAN_POINT ( 'NONE',  ( -1.824073716244482224, 1.675926283755517110, 7.263671876083948042 ) ) ;
#5972 = CARTESIAN_POINT ( 'NONE',  ( 1.056201850463767355, 5.372688922496260844, 5.561327159644614326 ) ) ;
#5973 = CARTESIAN_POINT ( 'NONE',  ( -2.149999999999999467, 2.609440840897844449, 2.104296877167881163 ) ) ;
#5974 = ORIENTED_EDGE ( 'NONE', *, *, #3130, .F. ) ;
#5975 = AXIS2_PLACEMENT_3D ( 'NONE', #2456, #6856, #1910 ) ;
#5976 = CARTESIAN_POINT ( 'NONE',  ( 1.520279579551077509, 1.979720420448922935, 3.939843752167881075 ) ) ;
#5977 = CARTESIAN_POINT ( 'NONE',  ( 0.4067283404142690850, 5.611177936646451592, 0.8405095433435402219 ) ) ;
#5978 = CYLINDRICAL_SURFACE ( 'NONE', #7072, 19.35000000000000142 ) ;
#5979 = LINE ( 'NONE', #2008, #2455 ) ;
#5980 = FACE_OUTER_BOUND ( 'NONE', #3859, .T. ) ;
#5981 = EDGE_CURVE ( 'NONE', #4724, #1467, #916, .T. ) ;
#5982 = CARTESIAN_POINT ( 'NONE',  ( -2.149999999999999911, 3.500000000000000000, -0.3265624978321182703 ) ) ;
#5983 = ORIENTED_EDGE ( 'NONE', *, *, #5472, .F. ) ;
#5984 = VECTOR ( 'NONE', #3986, 1000.000000000000000 ) ;
#5985 = CARTESIAN_POINT ( 'NONE',  ( 1.824073716244489773, 5.324073716244490662, -0.3761718739160591074 ) ) ;
#5986 = CARTESIAN_POINT ( 'NONE',  ( -11.59945504087193591, 10.30822920078321125, 2.000000000000000000 ) ) ;
#5987 = LINE ( 'NONE', #6628, #4976 ) ;
#5988 = CARTESIAN_POINT ( 'NONE',  ( 2.101879191782567435, 2.004475440609740922, -1.347762888025979100 ) ) ;
#5989 = VECTOR ( 'NONE', #2277, 1000.000000000000000 ) ;
#5990 = CARTESIAN_POINT ( 'NONE',  ( -1.824073716244489995, 5.324073716244490662, 7.858984376083941292 ) ) ;
#5991 = CARTESIAN_POINT ( 'NONE',  ( -1.068517644207729766, 6.079629788281250669, 6.122656251083942180 ) ) ;
#5992 = CARTESIAN_POINT ( 'NONE',  ( 0.3372057749661423465, 5.623396181571584940, 4.813405256898734663 ) ) ;
#5993 = CARTESIAN_POINT ( 'NONE',  ( -2.147059311551408278, 3.671349110563779217, 4.227776693185337109 ) ) ;
#5994 = CARTESIAN_POINT ( 'NONE',  ( 1.068517644207731321, 0.9203702117187504417, 5.031250001083940937 ) ) ;
#5995 = EDGE_CURVE ( 'NONE', #6637, #6446, #3786, .T. ) ;
#5996 = CARTESIAN_POINT ( 'NONE',  ( -2.149999999999999911, 3.500000000000000000, 6.618750000000001243 ) ) ;
#5997 = ORIENTED_EDGE ( 'NONE', *, *, #1545, .T. ) ;
#5998 = VERTEX_POINT ( 'NONE', #3666 ) ;
#5999 = PLANE ( 'NONE',  #1423 ) ;
#6000 = CARTESIAN_POINT ( 'NONE',  ( 2.136364008693950378, 3.255722300489457322, 1.445196334038704622 ) ) ;
#6001 = AXIS2_PLACEMENT_3D ( 'NONE', #3416, #3854, #3887 ) ;
#6002 = CARTESIAN_POINT ( 'NONE',  ( -0.1859225107072049188, 1.358049578589072715, 5.219151650074252302 ) ) ;
#6003 = DIRECTION ( 'NONE',  ( 1.000000000000000000, 0.000000000000000000, 0.000000000000000000 ) ) ;
#6004 = DIRECTION ( 'NONE',  ( -1.000000000000000000, 0.000000000000000000, 0.000000000000000000 ) ) ;
#6005 = DIRECTION ( 'NONE',  ( -1.000000000000000000, 0.000000000000000000, 0.000000000000000000 ) ) ;
#6006 = CARTESIAN_POINT ( 'NONE',  ( -1.579567681601892579E-16, 6.079629788281240010, 7.759765626083947154 ) ) ;
#6007 = CARTESIAN_POINT ( 'NONE',  ( 1.500726275844379787, 5.039725148359849527, 5.528876346478607928 ) ) ;
#6008 = CARTESIAN_POINT ( 'NONE',  ( -6.900196474955063941, 1.275846779550069421, 6.200000000000000178 ) ) ;
#6009 = CIRCLE ( 'NONE', #810, 1.749999999999999778 ) ;
#6010 = VERTEX_POINT ( 'NONE', #3117 ) ;
#6011 = CARTESIAN_POINT ( 'NONE',  ( -0.3000000000000016542, -8.150000000000000355, 0.000000000000000000 ) ) ;
#6012 = CARTESIAN_POINT ( 'NONE',  ( 2.096439398309572599, 3.977928699035329974, 0.6934985420113017884 ) ) ;
#6013 = FACE_OUTER_BOUND ( 'NONE', #3284, .T. ) ;
#6014 = CARTESIAN_POINT ( 'NONE',  ( -1.284788156679254501, 5.226176680568893396, 1.738856018556193650 ) ) ;
#6015 = CARTESIAN_POINT ( 'NONE',  ( -0.2481954271602791473, 5.640854834459234191, 7.228120799845388689 ) ) ;
#6016 = CARTESIAN_POINT ( 'NONE',  ( 1.751817366531286835, 2.253550677195664154, -1.595809761942038607 ) ) ;
#6017 = ORIENTED_EDGE ( 'NONE', *, *, #2029, .F. ) ;
#6018 = ORIENTED_EDGE ( 'NONE', *, *, #6081, .T. ) ;
#6019 = CARTESIAN_POINT ( 'NONE',  ( -1.068517644207730211, 0.9203702117187504417, -0.7234374989160599068 ) ) ;
#6020 = CARTESIAN_POINT ( 'NONE',  ( -0.05574745796141848675, 5.677460764117282288, 8.000000000000005329 ) ) ;
#6021 = CARTESIAN_POINT ( 'NONE',  ( 1.824073716244489773, 5.324073716244490662, -1.169921873916058397 ) ) ;
#6022 = AXIS2_PLACEMENT_3D ( 'NONE', #4272, #6474, #5937 ) ;
#6023 = CARTESIAN_POINT ( 'NONE',  ( 0.3568916879710147816, 5.620186178753479034, 4.812269529877382546 ) ) ;
#6024 = CARTESIAN_POINT ( 'NONE',  ( -1.267768023215132711, 5.236453592069903351, 4.119238861768700133 ) ) ;
#6025 = CARTESIAN_POINT ( 'NONE',  ( 4.738703044805694992E-16, 0.9203702117187499976, 5.775390626083941825 ) ) ;
#6026 = CARTESIAN_POINT ( 'NONE',  ( -1.316495309083404618E-16, 5.650000000000000355, 8.801562500000001066 ) ) ;
#6027 = ORIENTED_EDGE ( 'NONE', *, *, #5885, .T. ) ;
#6028 = ORIENTED_EDGE ( 'NONE', *, *, #745, .F. ) ;
#6029 = CARTESIAN_POINT ( 'NONE',  ( -11.29972752043596884, 9.908024986046154226, 0.5000000000000000000 ) ) ;
#6030 = CARTESIAN_POINT ( 'NONE',  ( 0.9028322342232006914, 1.548533154383976207, 1.315811270877452088 ) ) ;
#6031 = AXIS2_PLACEMENT_3D ( 'NONE', #5506, #6737, #2834 ) ;
#6032 = CARTESIAN_POINT ( 'NONE',  ( -1.620104976178757372, 2.086341180003982387, 5.122219470390023233 ) ) ;
#6033 = DIRECTION ( 'NONE',  ( 1.000000000000000000, 0.000000000000000000, 0.000000000000000000 ) ) ;
#6034 = LINE ( 'NONE', #6542, #4178 ) ;
#6035 = CARTESIAN_POINT ( 'NONE',  ( -1.824073716244482224, 1.675926283755517110, 6.469921876083947865 ) ) ;
#6036 = CARTESIAN_POINT ( 'NONE',  ( 2.149798941110835138, 3.534299946950579585, 5.430039640063775153 ) ) ;
#6037 = CARTESIAN_POINT ( 'NONE',  ( -17.49999999999999645, -9.000000000000000000, 0.5000000000000000000 ) ) ;
#6038 = VECTOR ( 'NONE', #6758, 1000.000000000000000 ) ;
#6039 = ORIENTED_EDGE ( 'NONE', *, *, #1005, .F. ) ;
#6040 = CYLINDRICAL_SURFACE ( 'NONE', #4043, 3.300000000000000266 ) ;
#6041 = CARTESIAN_POINT ( 'NONE',  ( 0.9776763489403585972, 5.414853745553054765, 0.8041743433117548578 ) ) ;
#6042 = CARTESIAN_POINT ( 'NONE',  ( -1.579567681601898742E-16, 6.079629788281250669, 0.5167968760839414255 ) ) ;
#6043 = AXIS2_PLACEMENT_3D ( 'NONE', #2541, #5777, #4127 ) ;
#6044 = CARTESIAN_POINT ( 'NONE',  ( -2.110380331140079502, 3.089148664377290743, 7.436301005807377962 ) ) ;
#6045 = CARTESIAN_POINT ( 'NONE',  ( -2.149999999990485300, 3.500006396255614050, 1.856249643688930195 ) ) ;
#6046 = LINE ( 'NONE', #1099, #1829 ) ;
#6047 = CARTESIAN_POINT ( 'NONE',  ( -1.520279579551077287, 5.020279579551076843, -0.4257812478321177374 ) ) ;
#6048 = ORIENTED_EDGE ( 'NONE', *, *, #1909, .F. ) ;
#6049 = ORIENTED_EDGE ( 'NONE', *, *, #6593, .T. ) ;
#6050 = CARTESIAN_POINT ( 'NONE',  ( -1.824073716244489995, 5.324073716244490662, 1.409765626083941070 ) ) ;
#6051 = CARTESIAN_POINT ( 'NONE',  ( 1.226894633001155865, 1.609798059264831771, -1.586530118130527592E-15 ) ) ;
#6052 = DIRECTION ( 'NONE',  ( 0.000000000000000000, -0.000000000000000000, -1.000000000000000000 ) ) ;
#6053 = EDGE_CURVE ( 'NONE', #885, #7006, #4628, .T. ) ;
#6054 =( BOUNDED_CURVE ( )  B_SPLINE_CURVE ( 2, ( #2101, #1559, #1014, #7082, #4810, #5890, #1592, #2638, #3184 ),
 .UNSPECIFIED., .F., .F. ) 
 B_SPLINE_CURVE_WITH_KNOTS ( ( 3, 2, 2, 2, 3 ),
 ( 0.1190654583362865115, 0.1289875798883644287, 0.1389097014182386070, 0.1488318229481128130, 0.1587539547946740237 ),
 .UNSPECIFIED. ) 
 CURVE ( )  GEOMETRIC_REPRESENTATION_ITEM ( )  RATIONAL_B_SPLINE_CURVE ( ( 1.000000000000000000, 0.9238795325112867385, 1.000000000000000000, 0.9238795325112867385, 1.000000000000000000, 0.9238795325112867385, 1.000000000000000000, 0.9238795325112867385, 1.000000000000000000 ) ) 
 REPRESENTATION_ITEM ( '' )  );
#6055 = CARTESIAN_POINT ( 'NONE',  ( -2.149999999999999467, 2.609440840897844893, 6.866796877167881341 ) ) ;
#6056 = EDGE_CURVE ( 'NONE', #2099, #3461, #804, .T. ) ;
#6057 = CARTESIAN_POINT ( 'NONE',  ( -5.408326913195983465, 1.000000000000000000, 8.000000000000000000 ) ) ;
#6058 = DIRECTION ( 'NONE',  ( -1.000000000000000000, 0.000000000000000000, 0.000000000000000000 ) ) ;
#6059 = CARTESIAN_POINT ( 'NONE',  ( 4.738703044805694992E-16, 0.9203702117187499976, 7.362890626083942180 ) ) ;
#6060 = CARTESIAN_POINT ( 'NONE',  ( 0.8905591591021556619, 1.350000000000000533, 2.898046875000000799 ) ) ;
#6061 = EDGE_CURVE ( 'NONE', #7010, #3308, #5623, .T. ) ;
#6062 = EDGE_LOOP ( 'NONE', ( #3186, #2343, #5515, #4767 ) ) ;
#6063 = ORIENTED_EDGE ( 'NONE', *, *, #3832, .T. ) ;
#6064 = CARTESIAN_POINT ( 'NONE',  ( 1.669870644835327322, 2.145707918112429446, 1.372852596740759212 ) ) ;
#6065 = EDGE_CURVE ( 'NONE', #3013, #2491, #769, .T. ) ;
#6066 = ORIENTED_EDGE ( 'NONE', *, *, #4463, .T. ) ;
#6067 = CARTESIAN_POINT ( 'NONE',  ( 0.2759465409126111712, 5.634078538748510390, 0.05429421647642751481 ) ) ;
#6068 = CARTESIAN_POINT ( 'NONE',  ( -1.316495309083404618E-16, 5.650000000000000355, 5.031250002167881874 ) ) ;
#6069 = CARTESIAN_POINT ( 'NONE',  ( 2.579629788281240454, 2.431482355792275563, 3.542968751083948487 ) ) ;
#6070 = CARTESIAN_POINT ( 'NONE',  ( 1.404639102237142501, 1.872274102126974205, 3.732502419591533283 ) ) ;
#6071 = CARTESIAN_POINT ( 'NONE',  ( 3.500000000000000000, 0.000000000000000000, 0.000000000000000000 ) ) ;
#6072 = ORIENTED_EDGE ( 'NONE', *, *, #3275, .T. ) ;
#6073 = CARTESIAN_POINT ( 'NONE',  ( -1.879603057757818219, 4.543847835928027656, 3.379362392002489113 ) ) ;
#6074 = CARTESIAN_POINT ( 'NONE',  ( 0.9823078824968138889, 5.412479592383609095, 0.8038616056496012963 ) ) ;
#6075 = CARTESIAN_POINT ( 'NONE',  ( -1.068517644207729766, 6.079629788281250669, 2.153906251083940848 ) ) ;
#6076 = CARTESIAN_POINT ( 'NONE',  ( 1.225318328124336720, 1.732892637323353302, 4.513063920200870882 ) ) ;
#6077 = CARTESIAN_POINT ( 'NONE',  ( -0.1312543395611394381, 5.650102876806040619, 1.665172046749381130 ) ) ;
#6078 = CARTESIAN_POINT ( 'NONE',  ( 2.136330176162998029, 3.779508697655509231, 7.031552011574590644 ) ) ;
#6079 = ADVANCED_FACE ( 'NONE', ( #6834 ), #4096, .F. ) ;
#6080 = CARTESIAN_POINT ( 'NONE',  ( 1.449208898032299464, 1.911708803020731429, 0.5608528401212311554 ) ) ;
#6081 = EDGE_CURVE ( 'NONE', #2183, #6647, #1972, .T. ) ;
#6082 = ORIENTED_EDGE ( 'NONE', *, *, #3587, .T. ) ;
#6083 = EDGE_LOOP ( 'NONE', ( #2704, #2830, #1112, #5483 ) ) ;
#6084 = CARTESIAN_POINT ( 'NONE',  ( 2.579629788281250224, 3.500000000000000444, 0.3183593760839407150 ) ) ;
#6085 = CARTESIAN_POINT ( 'NONE',  ( -1.524633164898619997, 1.490447042212333706, 3.456938055018232545E-14 ) ) ;
#6086 = CARTESIAN_POINT ( 'NONE',  ( -0.8302672520961130731, 5.596039022231432014, 8.000000000000001776 ) ) ;
#6087 = CARTESIAN_POINT ( 'NONE',  ( 2.149999999999999911, 3.500000000000000444, 3.245312502167881252 ) ) ;
#6088 = CARTESIAN_POINT ( 'NONE',  ( 2.149388893685785451, 3.551785095962731287, 4.637273812530568584 ) ) ;
#6089 = CARTESIAN_POINT ( 'NONE',  ( 2.143933356740959084, 3.664696890422427522, 3.849943911885287395 ) ) ;
#6090 = CARTESIAN_POINT ( 'NONE',  ( -1.579567681601898742E-16, 6.079629788281250669, 2.203515626083942358 ) ) ;
#6091 = CARTESIAN_POINT ( 'NONE',  ( -2.149999999999999467, 2.609440840897844893, 2.699609375000000977 ) ) ;
#6092 = ORIENTED_EDGE ( 'NONE', *, *, #3554, .F. ) ;
#6093 = ORIENTED_EDGE ( 'NONE', *, *, #1487, .F. ) ;
#6094 = CARTESIAN_POINT ( 'NONE',  ( -0.1075566545545421915, 1.352584077071034674, 1.254906663556596413 ) ) ;
#6095 = ORIENTED_EDGE ( 'NONE', *, *, #6372, .T. ) ;
#6096 = CARTESIAN_POINT ( 'NONE',  ( -0.3276729744684356849, 5.633479951284749987, 0.08927698651025693655 ) ) ;
#6097 = CARTESIAN_POINT ( 'NONE',  ( 1.708338218370861084, 2.193991206548864259, 6.932681260265976420 ) ) ;
#6098 = DIRECTION ( 'NONE',  ( 0.000000000000000000, 0.000000000000000000, -1.000000000000000000 ) ) ;
#6099 = CARTESIAN_POINT ( 'NONE',  ( 2.579629788281240010, 4.568517644207725326, 4.435937501083948575 ) ) ;
#6100 = DIRECTION ( 'NONE',  ( 0.000000000000000000, 0.000000000000000000, -1.000000000000000000 ) ) ;
#6101 = CARTESIAN_POINT ( 'NONE',  ( 1.431015686259065722, 1.887752037829388829, 2.146684789338999089 ) ) ;
#6102 = EDGE_LOOP ( 'NONE', ( #6614, #130 ) ) ;
#6103 = CIRCLE ( 'NONE', #6806, 1.658578643762692373 ) ;
#6104 = CARTESIAN_POINT ( 'NONE',  ( 1.472187259445106422, 5.067594381210165366, 3.150007426580996306 ) ) ;
#6105 = EDGE_CURVE ( 'NONE', #1505, #6975, #2421, .T. ) ;
#6106 = CARTESIAN_POINT ( 'NONE',  ( 1.671201970879120813, 4.852649385539655746, 0.7519967226778135894 ) ) ;
#6107 = CARTESIAN_POINT ( 'NONE',  ( 21.49999999999999645, -3.700000000000000178, 0.2071067811865477115 ) ) ;
#6108 = DIRECTION ( 'NONE',  ( 0.000000000000000000, 0.000000000000000000, 1.000000000000000000 ) ) ;
#6109 = CARTESIAN_POINT ( 'NONE',  ( 2.149999999923019711, 3.511324487072784439, 7.809994740611341690 ) ) ;
#6110 = AXIS2_PLACEMENT_3D ( 'NONE', #2742, #2201, #4405 ) ;
#6111 = CARTESIAN_POINT ( 'NONE',  ( -2.149999999999836930, 3.499999163337204067, 3.642187548774254324 ) ) ;
#6112 = CARTESIAN_POINT ( 'NONE',  ( -0.4553076988592578145, 1.398746947445939970, 0.4406981173309449940 ) ) ;
#6113 = CARTESIAN_POINT ( 'NONE',  ( 1.068517644207731321, 0.9203702117187504417, 4.237500001083943424 ) ) ;
#6114 = ORIENTED_EDGE ( 'NONE', *, *, #6970, .F. ) ;
#6115 = CARTESIAN_POINT ( 'NONE',  ( -2.579629788281249780, 4.568517644207729766, 6.221875001083940759 ) ) ;
#6116 = EDGE_CURVE ( 'NONE', #3728, #1518, #2173, .T. ) ;
#6117 = DIRECTION ( 'NONE',  ( 1.000000000000000000, 0.000000000000000000, 0.000000000000000000 ) ) ;
#6118 = FACE_OUTER_BOUND ( 'NONE', #4464, .T. ) ;
#6119 = CARTESIAN_POINT ( 'NONE',  ( -3.499999999999998224, 15.27371993328518762, 0.000000000000000000 ) ) ;
#6120 = CARTESIAN_POINT ( 'NONE',  ( -1.520279579551077287, 5.020279579551076843, 3.542968752167881430 ) ) ;
#6121 =( BOUNDED_CURVE ( )  B_SPLINE_CURVE ( 3, ( #10, #663, #6155, #1204 ),
 .UNSPECIFIED., .F., .F. ) 
 B_SPLINE_CURVE_WITH_KNOTS ( ( 4, 4 ),
 ( 0.000000000000000000, 1.230959417340774076 ),
 .UNSPECIFIED. ) 
 CURVE ( )  GEOMETRIC_REPRESENTATION_ITEM ( )  RATIONAL_B_SPLINE_CURVE ( ( 1.000000000000000000, 0.8776643872851508377, 0.8776643872851508377, 1.000000000000000000 ) ) 
 REPRESENTATION_ITEM ( '' )  );
#6122 = CARTESIAN_POINT ( 'NONE',  ( 2.145990432018611838, 3.634767697932951513, 4.641977107597348606 ) ) ;
#6123 = CARTESIAN_POINT ( 'NONE',  ( -1.416600574917392219, 5.118845188973598859, 6.511151145146595098 ) ) ;
#6124 = CARTESIAN_POINT ( 'NONE',  ( 1.756931385476678598, 2.255608713881727567, 6.143755894613800450 ) ) ;
#6125 = CARTESIAN_POINT ( 'NONE',  ( 1.068517644207731321, 0.9203702117187504417, 2.650000001083941292 ) ) ;
#6126 = CARTESIAN_POINT ( 'NONE',  ( 2.149999999999999911, 4.390559159102155995, 5.477734375000001599 ) ) ;
#6127 = ORIENTED_EDGE ( 'NONE', *, *, #5156, .F. ) ;
#6128 = VERTEX_POINT ( 'NONE', #1879 ) ;
#6129 = CIRCLE ( 'NONE', #6948, 1.658578643762693261 ) ;
#6130 = CARTESIAN_POINT ( 'NONE',  ( 1.296041435647498075, 1.784457252389579418, 1.343203988353527389 ) ) ;
#6131 = ORIENTED_EDGE ( 'NONE', *, *, #3660, .F. ) ;
#6132 = CARTESIAN_POINT ( 'NONE',  ( 2.136191400609876556, 3.256091992125927259, 7.001665954455051910 ) ) ;
#6133 = CARTESIAN_POINT ( 'NONE',  ( 1.068517644207727102, 0.9203702117187605447, 2.650000001083947510 ) ) ;
#6134 = EDGE_CURVE ( 'NONE', #5681, #558, #910, .T. ) ;
#6135 = DIRECTION ( 'NONE',  ( -1.000000000000000000, 0.000000000000000000, -0.000000000000000000 ) ) ;
#6136 = CARTESIAN_POINT ( 'NONE',  ( -0.06622661874466548304, 1.350654629959434638, 2.050797269374434073 ) ) ;
#6137 = ORIENTED_EDGE ( 'NONE', *, *, #3747, .T. ) ;
#6138 = AXIS2_PLACEMENT_3D ( 'NONE', #994, #4824, #7023 ) ;
#6139 = CARTESIAN_POINT ( 'NONE',  ( 1.209947058406521503, 5.277312665098974342, 3.169415815485831622 ) ) ;
#6140 = CARTESIAN_POINT ( 'NONE',  ( 2.149999999992771471, 3.499996140643243603, 6.420241311458933176 ) ) ;
#6141 = CARTESIAN_POINT ( 'NONE',  ( 20.99999999999999645, -13.00000000000000000, 0.000000000000000000 ) ) ;
#6142 = DIRECTION ( 'NONE',  ( 1.000000000000000000, -0.000000000000000000, -0.000000000000000000 ) ) ;
#6143 = CARTESIAN_POINT ( 'NONE',  ( -1.958589538301393151, 4.386841967091041461, 1.802431301019859378 ) ) ;
#6144 = COLOUR_RGB ( '',0.7921568627450980005, 0.8196078431372548767, 0.9333333333333333481 ) ;
#6145 = VECTOR ( 'NONE', #5849, 1000.000000000000114 ) ;
#6146 = FACE_OUTER_BOUND ( 'NONE', #3846, .T. ) ;
#6147 = CARTESIAN_POINT ( 'NONE',  ( -1.522940548928190641, 1.981881584271193875, 0.3676793421645424553 ) ) ;
#6148 = CARTESIAN_POINT ( 'NONE',  ( 1.068517644207729544, 6.079629788281250669, 5.328906251083942003 ) ) ;
#6149 = ADVANCED_FACE ( 'NONE', ( #4654, #3106, #1333, #3541, #362, #5731, #1842, #2991, #4582 ), #248, .F. ) ;
#6150 = EDGE_LOOP ( 'NONE', ( #3861, #1364, #3422, #445 ) ) ;
#6151 = VECTOR ( 'NONE', #6469, 1000.000000000000000 ) ;
#6152 = CARTESIAN_POINT ( 'NONE',  ( 2.579629788281249780, 4.568517644207729766, 6.717968751083940759 ) ) ;
#6153 = CARTESIAN_POINT ( 'NONE',  ( 9.999999999999998224, -8.150000000000000355, 0.000000000000000000 ) ) ;
#6154 = CARTESIAN_POINT ( 'NONE',  ( -1.824073716244489329, 1.675926283755509782, -0.7730468739160587521 ) ) ;
#6155 = CARTESIAN_POINT ( 'NONE',  ( -12.62020410288672778, -3.826598632371090325, 0.1016872336874560245 ) ) ;
#6156 = FACE_OUTER_BOUND ( 'NONE', #6956, .T. ) ;
#6157 = CARTESIAN_POINT ( 'NONE',  ( 2.149999999999999911, 3.500000000000000444, 5.626562502167882229 ) ) ;
#6158 = CARTESIAN_POINT ( 'NONE',  ( -1.824073716244489329, 1.675926283755509782, 7.164453126083940582 ) ) ;
#6159 = CARTESIAN_POINT ( 'NONE',  ( -1.027808935207554120, 5.390050657649397614, 6.483558212135275944 ) ) ;
#6160 = CARTESIAN_POINT ( 'NONE',  ( 2.149999999999865352, 3.500000534127608809, 6.221884753880802421 ) ) ;
#6161 = CARTESIAN_POINT ( 'NONE',  ( 1.824073716244490218, 1.675926283755510227, 3.493359376083942536 ) ) ;
#6162 = CARTESIAN_POINT ( 'NONE',  ( 11.66666666666666785, -3.700000000000000178, 0.02859547920896853349 ) ) ;
#6163 = CARTESIAN_POINT ( 'NONE',  ( -1.520279579551077287, 5.020279579551076843, 4.932031250000001421 ) ) ;
#6164 = ORIENTED_EDGE ( 'NONE', *, *, #3038, .F. ) ;
#6165 = ORIENTED_EDGE ( 'NONE', *, *, #7139, .T. ) ;
#6166 = CYLINDRICAL_SURFACE ( 'NONE', #3271, 2.149999999999999911 ) ;
#6167 = VERTEX_POINT ( 'NONE', #4117 ) ;
#6168 = CARTESIAN_POINT ( 'NONE',  ( -1.364412281468411203, 5.161602438886975008, 0.1575879952906185655 ) ) ;
#6169 = VECTOR ( 'NONE', #3152, 1000.000000000000000 ) ;
#6170 = ADVANCED_FACE ( 'NONE', ( #6314 ), #7140, .T. ) ;
#6171 = CARTESIAN_POINT ( 'NONE',  ( 1.385489187266958577, 1.855938779934536598, 6.906055497381402120 ) ) ;
#6172 = CARTESIAN_POINT ( 'NONE',  ( 2.149999999984500310, 3.499994401539954225, 4.832708287501836786 ) ) ;
#6173 = CARTESIAN_POINT ( 'NONE',  ( 2.579629788281240010, 4.568517644207725326, 2.054687501083948042 ) ) ;
#6174 = CARTESIAN_POINT ( 'NONE',  ( -2.579629788281250224, 3.500000000000000000, 4.683984376083940582 ) ) ;
#6175 = CYLINDRICAL_SURFACE ( 'NONE', #499, 1.000000000000000000 ) ;
#6176 = CARTESIAN_POINT ( 'NONE',  ( 1.702751179060724152, 2.185616701402345541, 2.169595294994072887 ) ) ;
#6177 = CARTESIAN_POINT ( 'NONE',  ( -1.781417865892410912, 4.703765135445927115, 2.574438554753423425 ) ) ;
#6178 = CARTESIAN_POINT ( 'NONE',  ( -0.1011497150827190411, 5.649306681134544483, 3.250959545260440287 ) ) ;
#6179 = DIRECTION ( 'NONE',  ( 0.000000000000000000, 0.000000000000000000, 1.000000000000000000 ) ) ;
#6180 = LINE ( 'NONE', #2282, #4848 ) ;
#6181 = CARTESIAN_POINT ( 'NONE',  ( 1.367218241406425339, 1.840269680279642550, 4.523518017515191225 ) ) ;
#6182 = DIRECTION ( 'NONE',  ( -1.000000000000000000, -5.204170427930421283E-15, 0.000000000000000000 ) ) ;
#6183 = CARTESIAN_POINT ( 'NONE',  ( -1.316495309083404618E-16, 5.650000000000000355, 2.650000002167881785 ) ) ;
#6184 = CARTESIAN_POINT ( 'NONE',  ( -1.852344684017630527, 2.406519349948792463, 0.3364228250970327516 ) ) ;
#6185 = CARTESIAN_POINT ( 'NONE',  ( -1.579567681601898742E-16, 6.079629788281250669, 2.997265626083942536 ) ) ;
#6186 = ORIENTED_EDGE ( 'NONE', *, *, #3288, .T. ) ;
#6187 = CARTESIAN_POINT ( 'NONE',  ( 2.579629788281250669, 2.431482355792271122, 8.206250001083940759 ) ) ;
#6188 = CARTESIAN_POINT ( 'NONE',  ( 1.572938927129254427, 4.966245706039424945, 6.316889358283666489 ) ) ;
#6189 = EDGE_CURVE ( 'NONE', #6710, #526, #85, .T. ) ;
#6190 = CARTESIAN_POINT ( 'NONE',  ( 0.000000000000000000, 3.500000000000000000, 8.000000000000000000 ) ) ;
#6191 = CARTESIAN_POINT ( 'NONE',  ( -21.50000000000000000, -12.49999999999999822, 0.000000000000000000 ) ) ;
#6192 = CARTESIAN_POINT ( 'NONE',  ( -1.520279579551077287, 5.020279579551076843, 1.955468752167881075 ) ) ;
#6193 = CARTESIAN_POINT ( 'NONE',  ( -1.520279579551076843, 1.979720420448922491, 5.328906252167882052 ) ) ;
#6194 = CARTESIAN_POINT ( 'NONE',  ( -2.579629788281250224, 3.500000000000000000, 5.477734376083940759 ) ) ;
#6195 = CARTESIAN_POINT ( 'NONE',  ( -0.4378927526511480761, 5.605780662962502880, 6.445739540522435362 ) ) ;
#6196 = CARTESIAN_POINT ( 'NONE',  ( 1.972538535356247458, 4.360444984632937171, 3.892531325467620373 ) ) ;
#6197 = CARTESIAN_POINT ( 'NONE',  ( -1.824073716244489995, 5.324073716244490662, 2.302734376083941825 ) ) ;
#6198 = CARTESIAN_POINT ( 'NONE',  ( 0.4532956791697992371, 1.398323813313697705, 2.874814695452648117 ) ) ;
#6199 = CARTESIAN_POINT ( 'NONE',  ( -2.149999999999999467, 2.609440840897844893, 3.493359375000001155 ) ) ;
#6200 = ORIENTED_EDGE ( 'NONE', *, *, #4622, .F. ) ;
#6201 = CARTESIAN_POINT ( 'NONE',  ( -0.9541831520310594117, 1.572034914620642487, 1.203043929745617246 ) ) ;
#6202 = ORIENTED_EDGE ( 'NONE', *, *, #6722, .F. ) ;
#6203 = CIRCLE ( 'NONE', #5510, 1.650000000000000577 ) ;
#6204 = CARTESIAN_POINT ( 'NONE',  ( 0.1250161154537523245, 5.646363295338480803, 0.06325802226996542210 ) ) ;
#6205 = FACE_OUTER_BOUND ( 'NONE', #1948, .T. ) ;
#6206 = EDGE_CURVE ( 'NONE', #1962, #5822, #4140, .T. ) ;
#6207 = CARTESIAN_POINT ( 'NONE',  ( 2.149999999999999911, 4.390559159102155107, 4.882421877167881341 ) ) ;
#6208 = CARTESIAN_POINT ( 'NONE',  ( -1.068517644207725548, 6.079629788281240010, 4.634375001083948398 ) ) ;
#6209 = CARTESIAN_POINT ( 'NONE',  ( 1.068517644207731321, 0.9203702117187504417, 5.725781251083940759 ) ) ;
#6210 = CARTESIAN_POINT ( 'NONE',  ( -1.896867624392135410, 2.487542124112926079, 3.505991435670778866 ) ) ;
#6211 = CIRCLE ( 'NONE', #74, 1.749999999999999778 ) ;
#6212 = CARTESIAN_POINT ( 'NONE',  ( -0.1489835567418163753, 1.355133296752478067, 2.046314927734181666 ) ) ;
#6213 = CARTESIAN_POINT ( 'NONE',  ( -1.890735825936122882, 4.527948794889335105, 2.586846672355717747 ) ) ;
#6214 = CARTESIAN_POINT ( 'NONE',  ( -2.149999999998878586, 3.500002196190579618, 3.443749877765378997 ) ) ;
#6215 = CARTESIAN_POINT ( 'NONE',  ( 0.000000000000000000, 1.166476076187853824E-15, 7.000000000000000000 ) ) ;
#6216 = EDGE_CURVE ( 'NONE', #228, #5453, #3296, .T. ) ;
#6217 = CARTESIAN_POINT ( 'NONE',  ( -3.074999999999997957, 15.76806293161731709, 0.5000000000000000000 ) ) ;
#6218 = CARTESIAN_POINT ( 'NONE',  ( -5.408326913195983465, -0.5171572875253820367, 6.000000000000000000 ) ) ;
#6219 = CARTESIAN_POINT ( 'NONE',  ( -1.824073716244489995, 5.324073716244490662, 8.652734376083941470 ) ) ;
#6220 = DIRECTION ( 'NONE',  ( -1.000000000000000000, 0.000000000000000000, 0.000000000000000000 ) ) ;
#6221 = DIRECTION ( 'NONE',  ( 1.000000000000000000, 0.000000000000000000, 0.000000000000000000 ) ) ;
#6222 = CARTESIAN_POINT ( 'NONE',  ( -0.7240057356295918067, 1.474720025334659068, 0.4240844380978884831 ) ) ;
#6223 = CARTESIAN_POINT ( 'NONE',  ( 1.824073716244490218, 1.675926283755510227, 4.287109376083941825 ) ) ;
#6224 = ORIENTED_EDGE ( 'NONE', *, *, #4775, .F. ) ;
#6225 = CARTESIAN_POINT ( 'NONE',  ( 2.579629788281250224, 3.500000000000000444, 8.255859376083940049 ) ) ;
#6226 = CARTESIAN_POINT ( 'NONE',  ( 0.6193653414724729078, 5.559385352196090757, 6.383719612369714191 ) ) ;
#6227 = AXIS2_PLACEMENT_3D ( 'NONE', #6217, #182, #2394 ) ;
#6228 = DIRECTION ( 'NONE',  ( -1.000000000000000000, 0.000000000000000000, 0.000000000000000000 ) ) ;
#6229 = CARTESIAN_POINT ( 'NONE',  ( 12.49114257567635811, -3.869619141441157151, 0.1209298682369667061 ) ) ;
#6230 = CARTESIAN_POINT ( 'NONE',  ( 2.149999999963657427, 3.499991271794706371, 4.038902854954204535 ) ) ;
#6231 = CARTESIAN_POINT ( 'NONE',  ( 0.8905591591021556619, 1.350000000000000533, 5.477734377167882585 ) ) ;
#6232 = CARTESIAN_POINT ( 'NONE',  ( -1.579567681601898742E-16, 6.079629788281250669, 4.485546876083940759 ) ) ;
#6233 = CARTESIAN_POINT ( 'NONE',  ( -1.617612206606838354, 4.923200087093992927, 6.527190746094849949 ) ) ;
#6234 = CARTESIAN_POINT ( 'NONE',  ( 0.5442693933640899706, 1.418862486584560489, 6.055349656334220398 ) ) ;
#6235 = CARTESIAN_POINT ( 'NONE',  ( 1.824073716244489773, 5.324073716244490662, 2.104296876083942003 ) ) ;
#6236 = DIRECTION ( 'NONE',  ( 0.000000000000000000, 0.000000000000000000, -1.000000000000000000 ) ) ;
#6237 = CARTESIAN_POINT ( 'NONE',  ( 3.949485927250213853E-16, 1.350000000000000089, 2.054687500000000888 ) ) ;
#6238 = VERTEX_POINT ( 'NONE', #5428 ) ;
#6239 = CARTESIAN_POINT ( 'NONE',  ( -1.524018832898322406, 1.983220085751738138, 1.161467293857606720 ) ) ;
#6240 = EDGE_LOOP ( 'NONE', ( #2268, #1675, #5382, #830 ) ) ;
#6241 = CARTESIAN_POINT ( 'NONE',  ( -1.571576110828203365, 4.967208694946247505, 4.936169544607129644 ) ) ;
#6242 = DIRECTION ( 'NONE',  ( 0.000000000000000000, 0.000000000000000000, -1.000000000000000000 ) ) ;
#6243 = AXIS2_PLACEMENT_3D ( 'NONE', #424, #3682, #4290 ) ;
#6244 = CARTESIAN_POINT ( 'NONE',  ( 1.068517644207725326, 6.079629788281240010, 0.5664062510839479314 ) ) ;
#6245 = CARTESIAN_POINT ( 'NONE',  ( -1.824073716244489329, 1.675926283755509782, 3.989453126083940759 ) ) ;
#6246 = CARTESIAN_POINT ( 'NONE',  ( -0.3201764694019454405, 1.373860161454020679, 3.623854987933204264 ) ) ;
#6247 = CARTESIAN_POINT ( 'NONE',  ( 2.149999999932996175, 3.488063929302301247, 2.252471869495310752 ) ) ;
#6248 = CARTESIAN_POINT ( 'NONE',  ( -2.147944280584526133, 3.602103225021130672, 2.644258942896169362 ) ) ;
#6249 = CARTESIAN_POINT ( 'NONE',  ( 1.803539764683801616, 4.670989977849915320, 3.120096588665478343 ) ) ;
#6250 = CARTESIAN_POINT ( 'NONE',  ( 3.075000000000000178, 15.76806293161731709, 0.000000000000000000 ) ) ;
#6251 = DIRECTION ( 'NONE',  ( 0.000000000000000000, 0.000000000000000000, -1.000000000000000000 ) ) ;
#6252 = CARTESIAN_POINT ( 'NONE',  ( -2.086381640085650968, 2.974631755044459869, 4.268245215824260086 ) ) ;
#6253 = CARTESIAN_POINT ( 'NONE',  ( -2.579629788281250224, 3.500000000000000000, 7.958203126083942536 ) ) ;
#6254 = CARTESIAN_POINT ( 'NONE',  ( -5.408326913195983465, 1.000000000000000000, 2.000000000000000000 ) ) ;
#6255 = DIRECTION ( 'NONE',  ( 0.000000000000000000, 0.000000000000000000, -1.000000000000000000 ) ) ;
#6256 = CYLINDRICAL_SURFACE ( 'NONE', #2803, 0.5000000000000000000 ) ;
#6257 = CARTESIAN_POINT ( 'NONE',  ( 2.579629788281249780, 4.568517644207729766, 4.435937501083941470 ) ) ;
#6258 = AXIS2_PLACEMENT_3D ( 'NONE', #2653, #6414, #381 ) ;
#6259 = ORIENTED_EDGE ( 'NONE', *, *, #3215, .F. ) ;
#6260 = CARTESIAN_POINT ( 'NONE',  ( -1.824073716244489995, 5.324073716244490662, 6.966015626083940759 ) ) ;
#6261 = LINE ( 'NONE', #3952, #1009 ) ;
#6262 = VECTOR ( 'NONE', #5952, 1000.000000000000000 ) ;
#6263 = CARTESIAN_POINT ( 'NONE',  ( -0.8269172579351435903, 1.515347896545159445, 7.561058214601360739 ) ) ;
#6264 = CARTESIAN_POINT ( 'NONE',  ( -2.149999999999999911, 4.390559159102155107, 5.973828127167880808 ) ) ;
#6265 = PLANE ( 'NONE',  #3371 ) ;
#6266 = CARTESIAN_POINT ( 'NONE',  ( 0.8905591591021542186, 5.650000000000000355, 1.806640627167881652 ) ) ;
#6267 = AXIS2_PLACEMENT_3D ( 'NONE', #3023, #4005, #5658 ) ;
#6268 = CARTESIAN_POINT ( 'NONE',  ( -2.579629788281249780, 2.431482355792268013, 4.733593751083940759 ) ) ;
#6269 = DIRECTION ( 'NONE',  ( -1.000000000000000000, 0.000000000000000000, 0.000000000000000000 ) ) ;
#6270 = CARTESIAN_POINT ( 'NONE',  ( 1.527584279939301792, 1.987050647851581697, 6.123225542851118419 ) ) ;
#6271 = ADVANCED_FACE ( 'NONE', ( #1568 ), #1602, .T. ) ;
#6272 = CARTESIAN_POINT ( 'NONE',  ( 1.824073716244490218, 1.675926283755510227, -0.4753906239160585745 ) ) ;
#6273 = CARTESIAN_POINT ( 'NONE',  ( -2.149999999997296740, 3.499996590659818274, 4.435937692089797935 ) ) ;
#6274 = CARTESIAN_POINT ( 'NONE',  ( 2.150000000000000355, 2.609440840897845781, 2.203515625000000977 ) ) ;
#6275 = DIRECTION ( 'NONE',  ( 0.000000000000000000, 0.000000000000000000, -1.000000000000000000 ) ) ;
#6276 = VERTEX_POINT ( 'NONE', #1059 ) ;
#6277 = CARTESIAN_POINT ( 'NONE',  ( -2.135565097886336972, 3.757755309432384561, 5.016549939430179350 ) ) ;
#6278 = CARTESIAN_POINT ( 'NONE',  ( 0.4986341803914622894, 1.383511258131058907, 6.845916383761100121 ) ) ;
#6279 = ADVANCED_FACE ( 'NONE', ( #3769 ), #3801, .T. ) ;
#6280 = DIRECTION ( 'NONE',  ( 1.000000000000000000, -3.469446951953617344E-15, 0.000000000000000000 ) ) ;
#6281 = CARTESIAN_POINT ( 'NONE',  ( -2.579629788281249780, 4.568517644207729766, 3.840625001083941115 ) ) ;
#6282 = CARTESIAN_POINT ( 'NONE',  ( -2.136206091586814182, 3.247825570602870471, 3.458223874431143763 ) ) ;
#6283 = CARTESIAN_POINT ( 'NONE',  ( -0.3882818521981508675, 1.385351419927925543, 2.032242208729750477 ) ) ;
#6284 = CARTESIAN_POINT ( 'NONE',  ( -1.365064901271921816, 5.161058864019596903, 2.538866923298789491 ) ) ;
#6285 = AXIS2_PLACEMENT_3D ( 'NONE', #1227, #688, #5057 ) ;
#6286 = CARTESIAN_POINT ( 'NONE',  ( 1.580108123969533152, 4.958155591274548080, 3.141256141459983553 ) ) ;
#6287 = CARTESIAN_POINT ( 'NONE',  ( 6.391659079231619245, 1.181818181818181879, 7.000000000000000000 ) ) ;
#6288 = CARTESIAN_POINT ( 'NONE',  ( -2.552564532878088599, 3.090409018480641201, 8.525015857617243453E-16 ) ) ;
#6289 = CARTESIAN_POINT ( 'NONE',  ( -1.779744951171024159, 2.293762702782314644, 4.313239717671002893 ) ) ;
#6290 = FACE_OUTER_BOUND ( 'NONE', #1709, .T. ) ;
#6291 = CARTESIAN_POINT ( 'NONE',  ( 17.50000000000000000, -7.500000000000000000, 2.000000000000000000 ) ) ;
#6292 = DIRECTION ( 'NONE',  ( 0.000000000000000000, 0.000000000000000000, -1.000000000000000000 ) ) ;
#6293 = CARTESIAN_POINT ( 'NONE',  ( -2.579629788281250224, 3.500000000000000000, 0.8144531260839416031 ) ) ;
#6294 = ORIENTED_EDGE ( 'NONE', *, *, #2027, .F. ) ;
#6295 = CARTESIAN_POINT ( 'NONE',  ( -0.4570105751814452777, 1.398767023698665790, 2.821849177725305857 ) ) ;
#6296 = CARTESIAN_POINT ( 'NONE',  ( 0.4098001168941312056, 5.611386897276538832, 6.396633550392654577 ) ) ;
#6297 = CARTESIAN_POINT ( 'NONE',  ( -0.1500839918863635380, 1.354132693281588917, 7.602248933100873352 ) ) ;
#6298 = CARTESIAN_POINT ( 'NONE',  ( 11.95782278122247178, -2.826531656332551989, 0.2920481369179853681 ) ) ;
#6299 = APPLICATION_CONTEXT ( 'automotive_design' ) ;
#6300 = EDGE_CURVE ( 'NONE', #2514, #7156, #3869, .T. ) ;
#6301 = CARTESIAN_POINT ( 'NONE',  ( -2.052683914019504119, 4.139864508042619740, 7.374610506669665000 ) ) ;
#6302 = CARTESIAN_POINT ( 'NONE',  ( 1.520279579551077065, 5.020279579551076843, 2.550781252167881430 ) ) ;
#6303 = EDGE_LOOP ( 'NONE', ( #1234, #77 ) ) ;
#6304 = CARTESIAN_POINT ( 'NONE',  ( 2.579629788281250224, 3.500000000000000444, 6.668359376083940582 ) ) ;
#6305 = CARTESIAN_POINT ( 'NONE',  ( -1.068517644207730211, 0.9203702117187504417, 3.245312501083941203 ) ) ;
#6306 = CARTESIAN_POINT ( 'NONE',  ( -1.331131409528715670, 1.811532634362022831, 5.938637028989307787 ) ) ;
#6307 = CARTESIAN_POINT ( 'NONE',  ( 1.824073716244489773, 5.324073716244490662, -1.070703123916057153 ) ) ;
#6308 = CARTESIAN_POINT ( 'NONE',  ( 1.068517644207731321, 0.9203702117187504417, 1.757031251083941203 ) ) ;
#6309 = CARTESIAN_POINT ( 'NONE',  ( -2.149999999999999467, 2.609440840897844893, 1.112109375000001510 ) ) ;
#6310 = CARTESIAN_POINT ( 'NONE',  ( -1.893141412085134645, 2.480900409932965456, 1.125196849668741228 ) ) ;
#6311 = ORIENTED_EDGE ( 'NONE', *, *, #2846, .T. ) ;
#6312 = DIRECTION ( 'NONE',  ( 1.000000000000000000, 0.000000000000000000, 0.000000000000000000 ) ) ;
#6313 = CARTESIAN_POINT ( 'NONE',  ( -0.4846786075366442681, 1.396825836340253035, 6.788749937153832903 ) ) ;
#6314 = FACE_OUTER_BOUND ( 'NONE', #4433, .T. ) ;
#6315 = CARTESIAN_POINT ( 'NONE',  ( -1.579567681601898742E-16, 6.079629788281250669, 5.279296876083940937 ) ) ;
#6316 = ORIENTED_EDGE ( 'NONE', *, *, #2122, .T. ) ;
#6317 = CARTESIAN_POINT ( 'NONE',  ( -1.543175835397740281, 2.002564448808563657, 3.541020068515819297 ) ) ;
#6318 = CARTESIAN_POINT ( 'NONE',  ( -1.702989208838744606, 2.187573713958396393, 1.939634602764014559 ) ) ;
#6319 = CARTESIAN_POINT ( 'NONE',  ( -2.050369772044763117, 4.147121562410149842, 2.611653019027538658 ) ) ;
#6320 = CIRCLE ( 'NONE', #4021, 6.500000000000000000 ) ;
#6321 = CARTESIAN_POINT ( 'NONE',  ( 1.618845237673290471, 4.914952655810240323, 3.137951973459006894 ) ) ;
#6322 = CARTESIAN_POINT ( 'NONE',  ( 1.975814280773168452, 2.411838745859198330, 8.000000000000019540 ) ) ;
#6323 = CARTESIAN_POINT ( 'NONE',  ( -0.8905591591021549958, 1.350000000000000533, 7.759765627167880986 ) ) ;
#6324 = CARTESIAN_POINT ( 'NONE',  ( -1.005292197380629915, 1.599498290791897093, 4.374179885021047376 ) ) ;
#6325 = AXIS2_PLACEMENT_3D ( 'NONE', #6037, #1091, #3259 ) ;
#6326 = CARTESIAN_POINT ( 'NONE',  ( 0.000000000000000000, 3.500000000000000000, 8.000000000000000000 ) ) ;
#6327 = CARTESIAN_POINT ( 'NONE',  ( 2.149995219882396835, 2.609436060780242261, 4.783202750590215047 ) ) ;
#6328 = CARTESIAN_POINT ( 'NONE',  ( -2.149999999999999911, 3.500000000000000000, 8.000000000000000000 ) ) ;
#6329 = CARTESIAN_POINT ( 'NONE',  ( 2.579629788281250669, 2.431482355792271122, 1.955468751083941692 ) ) ;
#6330 = EDGE_LOOP ( 'NONE', ( #5942, #824, #59, #7122 ) ) ;
#6331 = CARTESIAN_POINT ( 'NONE',  ( -2.149999999999948841, 3.499999531280277409, 2.650000026111216211 ) ) ;
#6332 = CARTESIAN_POINT ( 'NONE',  ( -1.227434610468962850, 5.265233908751158154, 0.9413029990314064621 ) ) ;
#6333 = CARTESIAN_POINT ( 'NONE',  ( -1.276223328322394712, 1.769743209177749410, 7.530159102389845316 ) ) ;
#6334 = CARTESIAN_POINT ( 'NONE',  ( 12.97417249625976332, -3.708609167913425431, 0.3933195120613670603 ) ) ;
#6335 = CARTESIAN_POINT ( 'NONE',  ( -0.8905591591021549958, 1.350000000000000533, 1.409765627167881341 ) ) ;
#6336 = CARTESIAN_POINT ( 'NONE',  ( 2.150000000000000355, 2.609440840897845781, 0.02070312716788078045 ) ) ;
#6337 = ORIENTED_EDGE ( 'NONE', *, *, #2238, .F. ) ;
#6338 = AXIS2_PLACEMENT_3D ( 'NONE', #6725, #6251, #2822 ) ;
#6339 = CARTESIAN_POINT ( 'NONE',  ( -2.579629788281250224, 3.500000000000000000, 6.271484376083940937 ) ) ;
#6340 = CARTESIAN_POINT ( 'NONE',  ( 1.068517644207729544, 6.079629788281250669, 4.435937501083940582 ) ) ;
#6341 = CARTESIAN_POINT ( 'NONE',  ( -1.777219442184235776, 2.289265515618605473, 5.901090364724363546 ) ) ;
#6342 = DIRECTION ( 'NONE',  ( -0.000000000000000000, -0.000000000000000000, -1.000000000000000000 ) ) ;
#6343 = CARTESIAN_POINT ( 'NONE',  ( 1.068517644207729544, 6.079629788281250669, 1.360156251083942447 ) ) ;
#6344 = CARTESIAN_POINT ( 'NONE',  ( -2.579629788281249336, 2.431482355792268013, 0.7648437510839408704 ) ) ;
#6345 = VECTOR ( 'NONE', #6787, 1000.000000000000000 ) ;
#6346 = CARTESIAN_POINT ( 'NONE',  ( -1.520279579551077287, 5.020279579551076843, -0.6242187499999989342 ) ) ;
#6347 = CARTESIAN_POINT ( 'NONE',  ( 2.579629788281250224, 3.500000000000000444, 6.668359376083940582 ) ) ;
#6348 = EDGE_CURVE ( 'NONE', #1943, #2234, #5035, .T. ) ;
#6349 = DIRECTION ( 'NONE',  ( -1.000000000000000000, 0.000000000000000000, 0.000000000000000000 ) ) ;
#6350 = CARTESIAN_POINT ( 'NONE',  ( -0.08631941779258586744, 1.351722178749416692, 6.812338943600942720 ) ) ;
#6351 = CARTESIAN_POINT ( 'NONE',  ( 2.579629788281240010, 3.500000000000000444, 1.211328126083947909 ) ) ;
#6352 = ORIENTED_EDGE ( 'NONE', *, *, #5334, .F. ) ;
#6353 = ORIENTED_EDGE ( 'NONE', *, *, #7037, .T. ) ;
#6354 = CARTESIAN_POINT ( 'NONE',  ( 1.362994323532610297, 1.836806648467973258, 3.729430179540190071 ) ) ;
#6355 = CARTESIAN_POINT ( 'NONE',  ( -1.724143143657160149, 2.215481862193818152, 1.937662290831336565 ) ) ;
#6356 = CARTESIAN_POINT ( 'NONE',  ( 0.7881400774551434729, 5.500499093844344323, 2.404209726476813636 ) ) ;
#6357 = CARTESIAN_POINT ( 'NONE',  ( 1.607778464577872990, 4.927428395579508624, 3.138902416690786179 ) ) ;
#6358 = DIRECTION ( 'NONE',  ( 0.000000000000000000, 0.000000000000000000, -1.000000000000000000 ) ) ;
#6359 = CARTESIAN_POINT ( 'NONE',  ( -11.66666666666666607, -3.700000000000000178, 0.02859547920896793674 ) ) ;
#6360 = EDGE_CURVE ( 'NONE', #5271, #2673, #4193, .T. ) ;
#6361 = CARTESIAN_POINT ( 'NONE',  ( -1.869863077449594568, 2.437086820584829283, 4.303158829499237115 ) ) ;
#6362 = ADVANCED_FACE ( 'NONE', ( #2683 ), #7091, .T. ) ;
#6363 = CARTESIAN_POINT ( 'NONE',  ( 0.000000000000000000, 1.166476076187853824E-15, 8.000000000000000000 ) ) ;
#6364 = CARTESIAN_POINT ( 'NONE',  ( -1.891206369697442824, 4.527053927005439071, 5.761905833726292059 ) ) ;
#6365 = CARTESIAN_POINT ( 'NONE',  ( -1.824073716244489329, 1.675926283755509782, 0.1199218760839417669 ) ) ;
#6366 = ORIENTED_EDGE ( 'NONE', *, *, #5527, .F. ) ;
#6367 = CARTESIAN_POINT ( 'NONE',  ( -0.5142678622635170615, 1.412318693508544110, 2.818349649503457233 ) ) ;
#6368 = CARTESIAN_POINT ( 'NONE',  ( -1.724107337272788421, 4.786579833049246169, 0.9810131147767583437 ) ) ;
#6369 = CARTESIAN_POINT ( 'NONE',  ( -0.7112798259192943950, 1.470899030875792324, 7.568523255499337132 ) ) ;
#6370 = CARTESIAN_POINT ( 'NONE',  ( 11.74296878151184842, -3.471093655464856376, 0.05975932978931891570 ) ) ;
#6371 = CARTESIAN_POINT ( 'NONE',  ( -1.500431917949428762, 5.039984183165270970, 7.311716650685404773 ) ) ;
#6372 = EDGE_CURVE ( 'NONE', #7056, #4951, #177, .T. ) ;
#6373 = CARTESIAN_POINT ( 'NONE',  ( 2.149999999999999911, 3.500000000000000444, 1.657812502167881785 ) ) ;
#6374 = ORIENTED_EDGE ( 'NONE', *, *, #2238, .T. ) ;
#6375 = ORIENTED_EDGE ( 'NONE', *, *, #1631, .F. ) ;
#6376 = EDGE_CURVE ( 'NONE', #6732, #4401, #5630, .T. ) ;
#6377 = AXIS2_PLACEMENT_3D ( 'NONE', #481, #4955, #1501 ) ;
#6378 = CARTESIAN_POINT ( 'NONE',  ( 2.579629788281250224, 3.500000000000000444, 1.905859376083941070 ) ) ;
#6379 = CARTESIAN_POINT ( 'NONE',  ( -2.579629788281249780, 4.568517644207729766, 5.428125001083941470 ) ) ;
#6380 = CARTESIAN_POINT ( 'NONE',  ( -0.3955102489749169337, 1.386691670935592535, 6.000557625050733535 ) ) ;
#6381 = TOROIDAL_SURFACE ( 'NONE', #143, 0.5000000000000000000, 0.5000000000000000000 ) ;
#6382 = FACE_OUTER_BOUND ( 'NONE', #3727, .T. ) ;
#6383 = CARTESIAN_POINT ( 'NONE',  ( -2.579629788281249336, 2.431482355792268013, 0.07031250108394289378 ) ) ;
#6384 = CARTESIAN_POINT ( 'NONE',  ( -1.068517644207729766, 6.079629788281250669, -0.2273437489160590186 ) ) ;
#6385 = CARTESIAN_POINT ( 'NONE',  ( 2.149999999999999911, 4.390559159102155995, -0.07851562499999917288 ) ) ;
#6386 = AXIS2_PLACEMENT_3D ( 'NONE', #5093, #5166, #5668 ) ;
#6387 = CARTESIAN_POINT ( 'NONE',  ( 2.579629788281249780, 4.568517644207729766, 8.305468751083939338 ) ) ;
#6388 = ORIENTED_EDGE ( 'NONE', *, *, #522, .T. ) ;
#6389 = AXIS2_PLACEMENT_3D ( 'NONE', #2644, #4885, #6005 ) ;
#6390 = PLANE ( 'NONE',  #1263 ) ;
#6391 = CARTESIAN_POINT ( 'NONE',  ( -0.09687811543427315986, 1.352166281092692657, 6.811736203448437443 ) ) ;
#6392 = EDGE_CURVE ( 'NONE', #2571, #1971, #5054, .T. ) ;
#6393 = LINE ( 'NONE', #3653, #4304 ) ;
#6394 = EDGE_CURVE ( 'NONE', #3573, #1420, #3361, .T. ) ;
#6395 = CARTESIAN_POINT ( 'NONE',  ( -2.579629788281239122, 2.431482355792272454, 0.07031250108394879184 ) ) ;
#6396 = EDGE_LOOP ( 'NONE', ( #2100, #413, #1069, #674 ) ) ;
#6397 = ORIENTED_EDGE ( 'NONE', *, *, #73, .T. ) ;
#6398 = DIRECTION ( 'NONE',  ( -1.000000000000000000, 0.000000000000000000, 0.000000000000000000 ) ) ;
#6399 = CARTESIAN_POINT ( 'NONE',  ( -2.116863665706572917, 3.123728206273276520, 1.877979147256623627 ) ) ;
#6400 = CARTESIAN_POINT ( 'NONE',  ( 0.2250617999466408559, 5.638192185983035287, 2.438742150013988752 ) ) ;
#6401 = CARTESIAN_POINT ( 'NONE',  ( 1.987525218701160945, 4.325603794718068329, 3.096695099118714989 ) ) ;
#6402 = CARTESIAN_POINT ( 'NONE',  ( 1.264033371402561778, 1.502449668007520112, 8.000000000000000000 ) ) ;
#6403 = LINE ( 'NONE', #2465, #4856 ) ;
#6404 = CARTESIAN_POINT ( 'NONE',  ( -0.9401015884313801418, 1.566137333626361983, 4.378575662714849770 ) ) ;
#6405 = CARTESIAN_POINT ( 'NONE',  ( -2.149999999999836930, 3.499999163337204067, 3.642187548774254324 ) ) ;
#6406 = CARTESIAN_POINT ( 'NONE',  ( -4.754299754299752934, 13.57716841122997664, 0.5000000000000000000 ) ) ;
#6407 = CARTESIAN_POINT ( 'NONE',  ( -1.799879322612658594, 4.677098031832934488, 5.751379767478141503 ) ) ;
#6408 = CARTESIAN_POINT ( 'NONE',  ( -2.579629788281249336, 2.431482355792268013, 0.07031250108394289378 ) ) ;
#6409 = AXIS2_PLACEMENT_3D ( 'NONE', #7158, #5708, #68 ) ;
#6410 = ORIENTED_EDGE ( 'NONE', *, *, #281, .F. ) ;
#6411 = CARTESIAN_POINT ( 'NONE',  ( -1.489499626673440824, 1.949531453708621909, 2.751636914490192876 ) ) ;
#6412 = CARTESIAN_POINT ( 'NONE',  ( -1.980237674439412343, 4.338956983441336845, 1.011797646286499930 ) ) ;
#6413 = CARTESIAN_POINT ( 'NONE',  ( -0.6377094119334023592, 1.446099895181393702, 7.573193273968347405 ) ) ;
#6414 = DIRECTION ( 'NONE',  ( 0.000000000000000000, 0.000000000000000000, -1.000000000000000000 ) ) ;
#6415 = DIRECTION ( 'NONE',  ( 0.9833321660356334482, -0.1818181818181816289, 0.000000000000000000 ) ) ;
#6416 = CARTESIAN_POINT ( 'NONE',  ( 0.8905591591021556619, 1.350000000000000533, 1.508984377167881696 ) ) ;
#6417 = EDGE_LOOP ( 'NONE', ( #5293, #4857, #2570, #4713 ) ) ;
#6418 = ORIENTED_EDGE ( 'NONE', *, *, #1577, .F. ) ;
#6419 = EDGE_CURVE ( 'NONE', #1182, #4357, #4821, .T. ) ;
#6420 = CARTESIAN_POINT ( 'NONE',  ( -1.068517644207729766, 6.079629788281250669, 1.360156251083940449 ) ) ;
#6421 = CARTESIAN_POINT ( 'NONE',  ( 4.738703044805694992E-16, 0.9203702117187499976, 4.882421876083941292 ) ) ;
#6422 = CARTESIAN_POINT ( 'NONE',  ( -12.00000000000000000, -2.700000000011730794, 0.4466508605399198695 ) ) ;
#6423 = CARTESIAN_POINT ( 'NONE',  ( -2.579629788281250224, 3.500000000000000000, -0.07851562391605892977 ) ) ;
#6424 = CARTESIAN_POINT ( 'NONE',  ( 4.738703044805694992E-16, 0.9203702117187499976, 8.156640626083941470 ) ) ;
#6425 = VECTOR ( 'NONE', #955, 1000.000000000000000 ) ;
#6426 = B_SPLINE_CURVE_WITH_KNOTS ( 'NONE', 3,
 ( #764, #2427, #4623, #4161, #5811, #3075, #5737, #3661, #835, #798, #5276, #1374, #332, #3035, #2997, #1915, #2537, #255, #4736, #6829, #1884, #4092, #2463, #7115, #3827, #1490, #6540, #1051, #3795, #6571, #5421, #5488, #4305, #3187, #4812, #5894, #7048, #6002, #1522, #6508, #945, #3733, #2168, #469, #5966, #2139, #541, #7085, #1594, #4372, #3150, #5353, #3763, #2676, #509, #3253, #1629, #404, #5388, #6032, #5935, #983, #2609, #3223, #3289, #1086, #1017, #2035, #2741, #1562, #7011, #4945, #6471, #438 ),
 .UNSPECIFIED., .F., .F.,
 ( 4, 2, 2, 2, 2, 1, 2, 2, 2, 1, 2, 2, 2, 2, 2, 2, 2, 2, 1, 1, 2, 2, 2, 2, 2, 1, 2, 2, 2, 2, 2, 2, 2, 2, 2, 2, 1, 2, 2, 4 ),
 ( 0.3214760627884922228, 0.3245766911915315966, 0.3253518482922914123, 0.3257394268426713757, 0.3261270053930512836, 0.3276773195945709150, 0.3292276337960906019, 0.3300027908968504176, 0.3303903694472303809, 0.3307779479976102888, 0.3323282621991299757, 0.3331034192998897914, 0.3338785764006496626, 0.3369792048036890364, 0.3385295190052087233, 0.3400798332067284102, 0.3431804616097677840, 0.3462810900128071578, 0.3470562471135669735, 0.3474438256639468814, 0.3476376149391368631, 0.3477345095767318539, 0.3478314042143267892, 0.3493817184158464761, 0.3509320326173661631, 0.3513196111677460709, 0.3515134004429360526, 0.3517071897181259788, 0.3524823468188858500, 0.3586836036249644866, 0.3590711821753443944, 0.3594587607257243578, 0.3602339178264841735, 0.3617842320280038049, 0.3648848604310431787, 0.3652724389814230865, 0.3656600175318029944, 0.3664351746325628101, 0.3679854888340824415, 0.3710861172371217043 ),
 .UNSPECIFIED. ) ;
#6427 = CARTESIAN_POINT ( 'NONE',  ( 1.824073716244490218, 1.675926283755510227, 8.156640626083941470 ) ) ;
#6428 = CARTESIAN_POINT ( 'NONE',  ( 1.614884282933828574, 4.926162620418157445, 4.725688316662431276 ) ) ;
#6429 = CARTESIAN_POINT ( 'NONE',  ( -1.278683456548599606, 5.228435036423356941, 4.119998250815156027 ) ) ;
#6430 = CARTESIAN_POINT ( 'NONE',  ( 1.469323449634215129, 5.069583934022017679, 1.562569838511085329 ) ) ;
#6431 = CARTESIAN_POINT ( 'NONE',  ( -0.8905591591021551068, 1.350000000000000533, 6.767578125000001776 ) ) ;
#6432 = ORIENTED_EDGE ( 'NONE', *, *, #4847, .F. ) ;
#6433 = ORIENTED_EDGE ( 'NONE', *, *, #6648, .T. ) ;
#6434 = CARTESIAN_POINT ( 'NONE',  ( 13.00000000000000178, -3.700000000000000178, 2.000000000000000000 ) ) ;
#6435 = CARTESIAN_POINT ( 'NONE',  ( 1.223206466633665279, 5.268125455843793326, 2.374611092722610284 ) ) ;
#6436 = ADVANCED_FACE ( 'NONE', ( #5237 ), #2494, .F. ) ;
#6437 = CARTESIAN_POINT ( 'NONE',  ( -2.149999999999345324, 3.499998321682876501, 0.2687500934927269935 ) ) ;
#6438 = CARTESIAN_POINT ( 'NONE',  ( 0.9377045870762180657, 1.290479976311342813, 8.000000000000001776 ) ) ;
#6439 = DIRECTION ( 'NONE',  ( 0.000000000000000000, 0.000000000000000000, -1.000000000000000000 ) ) ;
#6440 = CARTESIAN_POINT ( 'NONE',  ( 0.8905591591021556619, 1.350000000000000533, 6.271484377167881874 ) ) ;
#6441 = CARTESIAN_POINT ( 'NONE',  ( -1.250000000000002887, -8.150000000000000355, 0.000000000000000000 ) ) ;
#6442 = DIRECTION ( 'NONE',  ( 0.000000000000000000, 0.000000000000000000, 1.000000000000000000 ) ) ;
#6443 = CARTESIAN_POINT ( 'NONE',  ( 1.021625128058734511, 5.391820748009285680, 5.563693326232111325 ) ) ;
#6444 = CARTESIAN_POINT ( 'NONE',  ( -2.579629788281250224, 3.500000000000000000, 2.401953126083942180 ) ) ;
#6445 = ADVANCED_FACE ( 'NONE', ( #781 ), #1868, .F. ) ;
#6446 = VERTEX_POINT ( 'NONE', #201 ) ;
#6447 = CARTESIAN_POINT ( 'NONE',  ( -2.144226856599242836, 3.288609666039834512, 2.661973654106791543 ) ) ;
#6448 = CARTESIAN_POINT ( 'NONE',  ( 2.149999999983939869, 3.499994103589950001, 0.8639563627407317314 ) ) ;
#6449 = VECTOR ( 'NONE', #1642, 1000.000000000000000 ) ;
#6450 = CARTESIAN_POINT ( 'NONE',  ( -2.121658287089045913, 3.151169428314168020, 7.432586452099112506 ) ) ;
#6451 = CARTESIAN_POINT ( 'NONE',  ( 13.00000000000000178, -3.700000000000000178, 0.5000000000000000000 ) ) ;
#6452 = CYLINDRICAL_SURFACE ( 'NONE', #5171, 2.149999999999999911 ) ;
#6453 = CARTESIAN_POINT ( 'NONE',  ( 1.550505745120776435, 2.007652892154252466, 0.5687411728479191408 ) ) ;
#6454 = ORIENTED_EDGE ( 'NONE', *, *, #2227, .T. ) ;
#6455 = CARTESIAN_POINT ( 'NONE',  ( 1.068517644207729322, 6.079629788281250669, 2.848437501083941115 ) ) ;
#6456 = CARTESIAN_POINT ( 'NONE',  ( -1.824073716244489995, 5.324073716244490662, 5.378515626083940404 ) ) ;
#6457 = CARTESIAN_POINT ( 'NONE',  ( -11.83038085855876709, -3.208857424323551921, 0.1209298682369140399 ) ) ;
#6458 = CARTESIAN_POINT ( 'NONE',  ( -1.068517644207729766, 6.079629788281250669, 1.360156251083940449 ) ) ;
#6459 = CARTESIAN_POINT ( 'NONE',  ( 1.068517644207731321, 0.9203702117187504417, 6.618750001083941292 ) ) ;
#6460 = VECTOR ( 'NONE', #1412, 1000.000000000000000 ) ;
#6461 = DIRECTION ( 'NONE',  ( 0.000000000000000000, 0.000000000000000000, 1.000000000000000000 ) ) ;
#6462 = CARTESIAN_POINT ( 'NONE',  ( -0.2859614293781544414, 5.635477120031574749, 4.849135175864422997 ) ) ;
#6463 = CARTESIAN_POINT ( 'NONE',  ( -0.3465129858483766978, 5.621894833602480546, 4.059013848591642493 ) ) ;
#6464 = AXIS2_PLACEMENT_3D ( 'NONE', #5968, #3864, #2710 ) ;
#6465 = CARTESIAN_POINT ( 'NONE',  ( -2.579629788281250224, 3.500000000000000000, 7.164453126083941470 ) ) ;
#6466 = CARTESIAN_POINT ( 'NONE',  ( 2.149999999999999911, 3.500000000000000444, 7.809375000000001066 ) ) ;
#6467 = ORIENTED_EDGE ( 'NONE', *, *, #2380, .F. ) ;
#6468 = ORIENTED_EDGE ( 'NONE', *, *, #779, .F. ) ;
#6469 = DIRECTION ( 'NONE',  ( 0.000000000000000000, 0.000000000000000000, -1.000000000000000000 ) ) ;
#6470 = CARTESIAN_POINT ( 'NONE',  ( -0.3071916766258022125, 5.627950607801579075, 2.469183918369680875 ) ) ;
#6471 = CARTESIAN_POINT ( 'NONE',  ( -2.149999985064161567, 3.400736180688766375, 5.036779613856758431 ) ) ;
#6472 = FACE_OUTER_BOUND ( 'NONE', #6330, .T. ) ;
#6473 = CARTESIAN_POINT ( 'NONE',  ( -19.15000000000000213, -7.500000000000000000, 0.000000000000000000 ) ) ;
#6474 = DIRECTION ( 'NONE',  ( 0.000000000000000000, -0.000000000000000000, -1.000000000000000000 ) ) ;
#6475 = DIRECTION ( 'NONE',  ( -0.000000000000000000, 0.000000000000000000, 1.000000000000000000 ) ) ;
#6476 = CARTESIAN_POINT ( 'NONE',  ( -2.579629788281239122, 2.431482355792272454, 4.832812501083949108 ) ) ;
#6477 = CARTESIAN_POINT ( 'NONE',  ( -0.8663969343913384691, 5.468763235970920178, 5.679034551500298456 ) ) ;
#6478 = CARTESIAN_POINT ( 'NONE',  ( -1.068517644207730211, 0.9203702117187504417, -0.6242187489160586633 ) ) ;
#6479 = ORIENTED_EDGE ( 'NONE', *, *, #5639, .T. ) ;
#6480 = LINE ( 'NONE', #7124, #4957 ) ;
#6481 = CARTESIAN_POINT ( 'NONE',  ( -1.594266406707605332, 4.942729149242948594, 0.9693116746209353707 ) ) ;
#6482 = FACE_OUTER_BOUND ( 'NONE', #6603, .T. ) ;
#6483 = CARTESIAN_POINT ( 'NONE',  ( 1.523329116528105986, 5.017487444428324395, 7.908374332612060797 ) ) ;
#6484 = CARTESIAN_POINT ( 'NONE',  ( 0.5428996949216151613, 5.585728253613673644, 7.182334500886002004 ) ) ;
#6485 = CARTESIAN_POINT ( 'NONE',  ( 2.149999999999999911, 4.390559159102155995, -1.467578122832118304 ) ) ;
#6486 = VECTOR ( 'NONE', #2643, 1000.000000000000000 ) ;
#6487 = ORIENTED_EDGE ( 'NONE', *, *, #6206, .F. ) ;
#6488 = CARTESIAN_POINT ( 'NONE',  ( -1.824073716244489329, 1.675926283755509782, 0.8144531260839416031 ) ) ;
#6489 = CARTESIAN_POINT ( 'NONE',  ( 4.738703044805694992E-16, 0.9203702117187499976, 1.707421876083940360 ) ) ;
#6490 = DIRECTION ( 'NONE',  ( -1.000000000000000000, 5.204170427930426016E-15, 0.000000000000000000 ) ) ;
#6491 = DIRECTION ( 'NONE',  ( 0.000000000000000000, -0.000000000000000000, -1.000000000000000000 ) ) ;
#6492 = CARTESIAN_POINT ( 'NONE',  ( 2.579629788281250224, 3.500000000000000444, -0.4753906239160585745 ) ) ;
#6493 = CARTESIAN_POINT ( 'NONE',  ( 1.068517644207731321, 0.9203702117187504417, 8.206250001083942536 ) ) ;
#6494 = AXIS2_PLACEMENT_3D ( 'NONE', #2082, #2116, #450 ) ;
#6495 = CARTESIAN_POINT ( 'NONE',  ( -1.824073716244489329, 1.675926283755509782, 7.958203126083940759 ) ) ;
#6496 = CARTESIAN_POINT ( 'NONE',  ( 0.3954118719327966436, 5.613557949017677018, 4.809990564172873739 ) ) ;
#6497 = CARTESIAN_POINT ( 'NONE',  ( 0.1766759370857502454, 5.642734940668003851, 4.029082797193802357 ) ) ;
#6498 = VECTOR ( 'NONE', #1239, 1000.000000000000000 ) ;
#6499 = CARTESIAN_POINT ( 'NONE',  ( -1.824073716244489329, 1.675926283755509782, 6.469921876083941648 ) ) ;
#6500 = CARTESIAN_POINT ( 'NONE',  ( 0.8905591591021556619, 1.350000000000000533, 7.660546875000001421 ) ) ;
#6501 = ORIENTED_EDGE ( 'NONE', *, *, #2155, .T. ) ;
#6502 = EDGE_LOOP ( 'NONE', ( #3239, #3387, #3196, #5699 ) ) ;
#6503 = CARTESIAN_POINT ( 'NONE',  ( -2.149999999998878586, 3.500002196190579618, 3.443749877765378997 ) ) ;
#6504 = CARTESIAN_POINT ( 'NONE',  ( 2.062222196770653770, 4.133580904194561256, 2.290581820205095376 ) ) ;
#6505 = AXIS2_PLACEMENT_3D ( 'NONE', #1438, #6461, #1552 ) ;
#6506 = PRODUCT_DEFINITION ( 'UNKNOWN', '', #5478, #2943 ) ;
#6507 = ADVANCED_FACE ( 'NONE', ( #2411 ), #2849, .T. ) ;
#6508 = CARTESIAN_POINT ( 'NONE',  ( -0.1891994087570745553, 1.358340374201940426, 5.218973127604342288 ) ) ;
#6509 =( NAMED_UNIT ( * ) PLANE_ANGLE_UNIT ( ) SI_UNIT ( $, .RADIAN. ) );
#6510 = DIRECTION ( 'NONE',  ( 0.000000000000000000, 0.000000000000000000, -1.000000000000000000 ) ) ;
#6511 = CARTESIAN_POINT ( 'NONE',  ( 9.999999999999998224, -8.150000000000000355, 2.000000000000000000 ) ) ;
#6512 = LINE ( 'NONE', #7088, #6618 ) ;
#6513 = CARTESIAN_POINT ( 'NONE',  ( 1.068517644207727102, 0.9203702117187605447, 5.031250001083947154 ) ) ;
#6514 = CARTESIAN_POINT ( 'NONE',  ( -0.06842381009844127060, 5.650426830211220164, 5.630423471658183132 ) ) ;
#6515 = CARTESIAN_POINT ( 'NONE',  ( -1.520279579551076843, 1.979720420448922491, 2.153906252167881785 ) ) ;
#6516 = ORIENTED_EDGE ( 'NONE', *, *, #2846, .F. ) ;
#6517 = DIRECTION ( 'NONE',  ( 0.000000000000000000, 0.000000000000000000, -1.000000000000000000 ) ) ;
#6518 = CARTESIAN_POINT ( 'NONE',  ( 0.1619721188029283332, 5.644149511254773266, 0.8549697607564761270 ) ) ;
#6519 = DIRECTION ( 'NONE',  ( 1.000000000000000000, 0.000000000000000000, 0.000000000000000000 ) ) ;
#6520 = CARTESIAN_POINT ( 'NONE',  ( -1.129015157974140093, 1.180557261398204938, 7.999999999999996447 ) ) ;
#6521 = CARTESIAN_POINT ( 'NONE',  ( 2.149999999999999911, 3.500000000000000444, 8.000000000000000000 ) ) ;
#6522 = CARTESIAN_POINT ( 'NONE',  ( -6.408326913195983465, 1.000000000000000000, 8.000000000000000000 ) ) ;
#6523 = ORIENTED_EDGE ( 'NONE', *, *, #3064, .T. ) ;
#6524 =( BOUNDED_CURVE ( )  B_SPLINE_CURVE ( 3, ( #712, #5155, #3966, #6162 ),
 .UNSPECIFIED., .F., .T. ) 
 B_SPLINE_CURVE_WITH_KNOTS ( ( 4, 4 ),
 ( 0.000000000000000000, 1.230959417340774076 ),
 .UNSPECIFIED. ) 
 CURVE ( )  GEOMETRIC_REPRESENTATION_ITEM ( )  RATIONAL_B_SPLINE_CURVE ( ( 1.000000000000000000, 0.8776643872851508377, 0.8776643872851508377, 1.000000000000000000 ) ) 
 REPRESENTATION_ITEM ( '' )  );
#6525 = VECTOR ( 'NONE', #2428, 1000.000000000000114 ) ;
#6526 = ADVANCED_FACE ( 'NONE', ( #4493 ), #6777, .T. ) ;
#6527 = CARTESIAN_POINT ( 'NONE',  ( -1.824073716244489329, 1.675926283755509782, 0.02070312608394055121 ) ) ;
#6528 = DIRECTION ( 'NONE',  ( 0.000000000000000000, -0.000000000000000000, -1.000000000000000000 ) ) ;
#6529 = CARTESIAN_POINT ( 'NONE',  ( 0.8905591591021542186, 5.650000000000000355, 6.569140627167881163 ) ) ;
#6530 = CARTESIAN_POINT ( 'NONE',  ( 0.8905591591021542186, 5.650000000000000355, -0.7730468749999989120 ) ) ;
#6531 = CARTESIAN_POINT ( 'NONE',  ( -2.579629788281249780, 4.568517644207729766, 6.221875001083940759 ) ) ;
#6532 = CARTESIAN_POINT ( 'NONE',  ( 1.802552840790936139, 4.671946056739631814, 4.707706156572021960 ) ) ;
#6533 = CARTESIAN_POINT ( 'NONE',  ( -1.994918754748988610, 4.303119894591994843, 4.189140219216147543 ) ) ;
#6534 = CARTESIAN_POINT ( 'NONE',  ( 1.824073716244490218, 1.675926283755510227, 7.462109376083941648 ) ) ;
#6535 = CARTESIAN_POINT ( 'NONE',  ( -1.520279579551077287, 5.020279579551076843, 6.519531250000000888 ) ) ;
#6536 = ORIENTED_EDGE ( 'NONE', *, *, #3803, .T. ) ;
#6537 = ORIENTED_EDGE ( 'NONE', *, *, #4195, .F. ) ;
#6538 = DIRECTION ( 'NONE',  ( 1.387778780781445676E-16, -1.000000000000000000, 0.000000000000000000 ) ) ;
#6539 = CARTESIAN_POINT ( 'NONE',  ( 1.041692016136540611, 1.618697050677413873, 1.325167154986495843 ) ) ;
#6540 = CARTESIAN_POINT ( 'NONE',  ( 1.077542818134579194, 1.638161990658111522, 5.296387468501517759 ) ) ;
#6541 = CARTESIAN_POINT ( 'NONE',  ( 0.000000000000000000, 1.166476076187853824E-15, 6.000000000000000000 ) ) ;
#6542 = CARTESIAN_POINT ( 'NONE',  ( -2.149999999999999911, 3.500000000000000000, 8.000000000000000000 ) ) ;
#6543 = CARTESIAN_POINT ( 'NONE',  ( 1.068517644207727102, 0.9203702117187605447, 5.825000001083949108 ) ) ;
#6544 = CARTESIAN_POINT ( 'NONE',  ( 1.404420597216202715, 5.128236722572395934, 5.536292364756419282 ) ) ;
#6545 = DIRECTION ( 'NONE',  ( 0.000000000000000000, 0.000000000000000000, 1.000000000000000000 ) ) ;
#6546 = ORIENTED_EDGE ( 'NONE', *, *, #2765, .T. ) ;
#6547 = FACE_OUTER_BOUND ( 'NONE', #2120, .T. ) ;
#6548 = CARTESIAN_POINT ( 'NONE',  ( 1.654664372580730625, 4.872996927124311206, 0.7534653035189288195 ) ) ;
#6549 = CARTESIAN_POINT ( 'NONE',  ( -2.073203206498462237, 2.900255097806890614, 7.447721413319730033 ) ) ;
#6550 = CARTESIAN_POINT ( 'NONE',  ( 2.148443900444993115, 3.583551667752384429, 7.814084854624254284 ) ) ;
#6551 = CARTESIAN_POINT ( 'NONE',  ( -1.222194695437787582, 5.272915143103510616, 7.290579561208827108 ) ) ;
#6552 = CARTESIAN_POINT ( 'NONE',  ( 2.149999999999999911, 4.390559159102155995, -0.6738281228321190142 ) ) ;
#6553 = ORIENTED_EDGE ( 'NONE', *, *, #7101, .F. ) ;
#6554 = AXIS2_PLACEMENT_3D ( 'NONE', #6291, #3003, #1920 ) ;
#6555 = ORIENTED_EDGE ( 'NONE', *, *, #6667, .T. ) ;
#6556 = CARTESIAN_POINT ( 'NONE',  ( 4.738703044805694992E-16, 0.9203702117187499976, -0.6738281239160592850 ) ) ;
#6557 = CARTESIAN_POINT ( 'NONE',  ( 5.408326913195983465, 0.000000000000000000, 8.000000000000000000 ) ) ;
#6558 = LINE ( 'NONE', #234, #5333 ) ;
#6559 = CARTESIAN_POINT ( 'NONE',  ( 2.149999999999999911, 3.500000000000000444, 6.420312502167881519 ) ) ;
#6560 = CIRCLE ( 'NONE', #5295, 0.5000000000000004441 ) ;
#6561 = CARTESIAN_POINT ( 'NONE',  ( 2.073216101553454926, 4.069474050999823511, 4.667869761681882501 ) ) ;
#6562 = CARTESIAN_POINT ( 'NONE',  ( -1.918913727656244905, 4.469697383546096248, 4.178150051566546175 ) ) ;
#6563 = CARTESIAN_POINT ( 'NONE',  ( -1.579567681601898742E-16, 6.079629788281250669, 7.759765626083941825 ) ) ;
#6564 = CARTESIAN_POINT ( 'NONE',  ( 2.149999999999999911, 4.390559159102155995, 6.271484375000000888 ) ) ;
#6565 = EDGE_CURVE ( 'NONE', #1033, #5526, #3101, .T. ) ;
#6566 = ORIENTED_EDGE ( 'NONE', *, *, #3554, .T. ) ;
#6567 = ORIENTED_EDGE ( 'NONE', *, *, #431, .T. ) ;
#6568 = DIRECTION ( 'NONE',  ( 0.000000000000000000, 0.000000000000000000, -1.000000000000000000 ) ) ;
#6569 = CARTESIAN_POINT ( 'NONE',  ( 2.121643647896801266, 3.151855411363698067, 1.439297571038755663 ) ) ;
#6570 = AXIS2_PLACEMENT_3D ( 'NONE', #3663, #3114, #257 ) ;
#6571 = CARTESIAN_POINT ( 'NONE',  ( 0.6913797542986884759, 1.459252287244493518, 5.270986915509466186 ) ) ;
#6572 = CARTESIAN_POINT ( 'NONE',  ( 0.000000000000000000, -0.5171572875253820367, 6.200000000000000178 ) ) ;
#6573 = DIRECTION ( 'NONE',  ( -1.000000000000000000, 0.000000000000000000, 0.000000000000000000 ) ) ;
#6574 = CARTESIAN_POINT ( 'NONE',  ( -1.068517644207725992, 0.9203702117187605447, 7.313281251083947332 ) ) ;
#6575 = CARTESIAN_POINT ( 'NONE',  ( -0.5885012531628442956, 5.575866217784143153, 5.661235273724071426 ) ) ;
#6576 = CARTESIAN_POINT ( 'NONE',  ( 2.579629788281250224, 3.500000000000000444, -1.169921873916058397 ) ) ;
#6577 = ORIENTED_EDGE ( 'NONE', *, *, #3283, .F. ) ;
#6578 = EDGE_CURVE ( 'NONE', #327, #6661, #3866, .T. ) ;
#6579 = CARTESIAN_POINT ( 'NONE',  ( 0.000000000000000000, 3.500000000000000000, 8.000000000000000000 ) ) ;
#6580 = CARTESIAN_POINT ( 'NONE',  ( 2.074306389459681821, 4.068901547925094953, 0.6990881114076300529 ) ) ;
#6581 = CARTESIAN_POINT ( 'NONE',  ( 0.000000000000000000, 1.166476076187853824E-15, 6.341421356237309404 ) ) ;
#6582 = CARTESIAN_POINT ( 'NONE',  ( 1.864908460799930889, 4.570238283932825496, 7.875570433280772775 ) ) ;
#6583 = CARTESIAN_POINT ( 'NONE',  ( 19.15000000000000213, -7.500000000000000000, 2.000000000000000000 ) ) ;
#6584 = CARTESIAN_POINT ( 'NONE',  ( 2.084374363688317189, 2.971371329688811347, 0.6346572493061366504 ) ) ;
#6585 = ORIENTED_EDGE ( 'NONE', *, *, #3671, .F. ) ;
#6586 = VERTEX_POINT ( 'NONE', #1237 ) ;
#6587 = EDGE_CURVE ( 'NONE', #6928, #7110, #3448, .T. ) ;
#6588 = CARTESIAN_POINT ( 'NONE',  ( -1.579567681601898742E-16, 6.079629788281250669, 2.104296876083941115 ) ) ;
#6589 = CIRCLE ( 'NONE', #592, 1.000000000000000000 ) ;
#6590 = CARTESIAN_POINT ( 'NONE',  ( 1.375863645028029048, 1.739490288051807942, -1.200289796642943511E-15 ) ) ;
#6591 = LINE ( 'NONE', #1106, #596 ) ;
#6592 = CARTESIAN_POINT ( 'NONE',  ( 0.8905591591021542186, 5.650000000000000355, 8.156640627167883295 ) ) ;
#6593 = EDGE_CURVE ( 'NONE', #228, #6710, #6560, .T. ) ;
#6594 = AXIS2_PLACEMENT_3D ( 'NONE', #489, #2125, #4328 ) ;
#6595 = DIRECTION ( 'NONE',  ( 1.000000000000000000, 0.000000000000000000, 0.000000000000000000 ) ) ;
#6596 = CARTESIAN_POINT ( 'NONE',  ( 1.843526791574603863, 2.378308186758556708, 6.152600492151280243 ) ) ;
#6597 = ORIENTED_EDGE ( 'NONE', *, *, #189, .T. ) ;
#6598 = CARTESIAN_POINT ( 'NONE',  ( 2.579629788281249780, 4.568517644207729766, 6.023437501083940937 ) ) ;
#6599 = CARTESIAN_POINT ( 'NONE',  ( 0.8905591591021542186, 5.650000000000000355, 3.195703125000000977 ) ) ;
#6600 = EDGE_LOOP ( 'NONE', ( #2617, #2722, #1048, #5503 ) ) ;
#6601 = VERTEX_POINT ( 'NONE', #809 ) ;
#6602 = CARTESIAN_POINT ( 'NONE',  ( 1.966513959187123461, 2.630888619415466145, 1.406726596917256655 ) ) ;
#6603 = EDGE_LOOP ( 'NONE', ( #5657, #1557, #6, #5618, #1459 ) ) ;
#6604 = CIRCLE ( 'NONE', #4191, 1.650000000000002132 ) ;
#6605 = CARTESIAN_POINT ( 'NONE',  ( -0.1393291103424838528, 5.653376399554783660, 0.07836914135672568005 ) ) ;
#6606 = EDGE_CURVE ( 'NONE', #1467, #5848, #6211, .T. ) ;
#6607 = CARTESIAN_POINT ( 'NONE',  ( 4.754299754299753822, 13.57716841122997664, 0.5000000000000000000 ) ) ;
#6608 = EDGE_CURVE ( 'NONE', #5271, #1182, #6261, .T. ) ;
#6609 = DIRECTION ( 'NONE',  ( 0.000000000000000000, 0.000000000000000000, -1.000000000000000000 ) ) ;
#6610 = CARTESIAN_POINT ( 'NONE',  ( 1.068517644207725326, 6.079629788281240010, 3.741406251083948309 ) ) ;
#6611 = PLANE ( 'NONE',  #4421 ) ;
#6612 = CARTESIAN_POINT ( 'NONE',  ( 21.50000000000000000, 0.000000000000000000, 2.000000000000000000 ) ) ;
#6613 = VECTOR ( 'NONE', #2883, 1000.000000000000000 ) ;
#6614 = ORIENTED_EDGE ( 'NONE', *, *, #4396, .T. ) ;
#6615 = CARTESIAN_POINT ( 'NONE',  ( -21.50000000000000000, -3.700000000000000178, 0.5000000000000000000 ) ) ;
#6616 = CARTESIAN_POINT ( 'NONE',  ( 0.3431440223628131614, 5.622584804985263141, 0.8443202187690688199 ) ) ;
#6617 = CARTESIAN_POINT ( 'NONE',  ( -2.579629788281250224, 3.500000000000000000, 3.096484376083941115 ) ) ;
#6618 = VECTOR ( 'NONE', #3227, 1000.000000000000000 ) ;
#6619 = CARTESIAN_POINT ( 'NONE',  ( 0.8099719125628549454, 1.506150781865549737, 4.484755110070723028 ) ) ;
#6620 = CARTESIAN_POINT ( 'NONE',  ( -0.4295126994620074301, 5.606737940517192875, 1.682740860305920849 ) ) ;
#6621 = CARTESIAN_POINT ( 'NONE',  ( 2.056084830235449523, 4.128542207199593861, 7.052805580679837760 ) ) ;
#6622 = CARTESIAN_POINT ( 'NONE',  ( -1.990615270951202387, 2.687298845466001396, 0.3177059238737005575 ) ) ;
#6623 = EDGE_LOOP ( 'NONE', ( #5176, #6877, #1646, #6537 ) ) ;
#6624 = B_SPLINE_CURVE_WITH_KNOTS ( 'NONE', 3,
 ( #6160, #2300, #710, #15, #5544, #6670, #2229, #5578, #5614, #1716, #1682, #598, #634, #2802, #51, #86, #162, #4394, #4494, #6596, #6124, #669, #3095, #6814, #5724, #3605, #5834, #1975, #1433, #2377, #6270, #4039, #5260, #2481, #3533, #1869, #782, #4077, #314, #4181, #239, #6234, #1286, #5758, #4606, #818, #1325, #1901, #6920, #2981, #5298, #4679, #6380, #202, #4718, #3058, #2412, #859, #3493, #5693, #2517, #3644, #6881, #896, #1395, #5186, #4643, #750, #4109, #2446, #6849, #4572, #6306, #3017, #1358, #6778, #1936, #276, #1832, #2950, #3567, #5153, #5794, #5222, #4143, #6341, #2157, #6996, #455, #4220, #4289, #2053, #3715, #1615, #1072, #4253, #6960, #2660, #929, #3241 ),
 .UNSPECIFIED., .F., .F.,
 ( 4, 2, 2, 1, 1, 2, 2, 2, 2, 2, 2, 2, 2, 2, 2, 2, 2, 2, 2, 2, 2, 2, 2, 2, 2, 1, 1, 2, 2, 2, 2, 2, 2, 2, 2, 2, 2, 2, 1, 2, 2, 1, 2, 2, 2, 2, 2, 2, 2, 2, 2, 2, 4 ),
 ( 0.2223791098892919371, 0.2225723671397009107, 0.2226689957649053975, 0.2227656243901098565, 0.2231521388909277759, 0.2239251678925636424, 0.2254712258958353477, 0.2262442548974711864, 0.2266307693982891058, 0.2270172838991070252, 0.2285633419023787305, 0.2316554579089221688, 0.2332015159121938741, 0.2339745449138297129, 0.2343610594146476322, 0.2345543166650566336, 0.2347475739154656071, 0.2378396899220094340, 0.2409318059285532609, 0.2417048349301892107, 0.2420913494310071856, 0.2424778639318251883, 0.2440239219350971156, 0.2471160379416409425, 0.2486620959449128698, 0.2494351249465488474, 0.2498216394473668223, 0.2499182680725713090, 0.2500148966977757681, 0.2502081539481847972, 0.2517542119514567522, 0.2533002699547287073, 0.2536867844555467100, 0.2538800417059557391, 0.2540732989563647126, 0.2548463279580006624, 0.2563923859612726730, 0.2571654149629086783, 0.2575519294637266254, 0.2577451867141356545, 0.2579384439645446281, 0.2594845019678165832, 0.2610305599710885383, 0.2614170744719065409, 0.2618035889727245435, 0.2625766179743604933, 0.2641226759776323929, 0.2648957049792683982, 0.2652822194800863453, 0.2654754767304953189, 0.2656687339809042925, 0.2687608499874481471, 0.2718529659939919463 ),
 .UNSPECIFIED. ) ;
#6625 = ORIENTED_EDGE ( 'NONE', *, *, #323, .F. ) ;
#6626 = CARTESIAN_POINT ( 'NONE',  ( -1.068517644207729766, 6.079629788281250669, 0.5664062510839402709 ) ) ;
#6627 = CARTESIAN_POINT ( 'NONE',  ( -0.2257263791037129597, 1.111016702914106258, -3.630751384057425433E-15 ) ) ;
#6628 = CARTESIAN_POINT ( 'NONE',  ( 15.84999999999999964, -7.500000000000000000, 2.000000000000000000 ) ) ;
#6629 = CARTESIAN_POINT ( 'NONE',  ( -1.520279579551077287, 5.020279579551076843, 7.511718752167881874 ) ) ;
#6630 = EDGE_CURVE ( 'NONE', #23, #6695, #6886, .T. ) ;
#6631 =( BOUNDED_SURFACE ( )  B_SPLINE_SURFACE ( 3, 2, ( 
 ( #1389, #2908, #3527 ),
 ( #6773, #1320, #195 ),
 ( #2509, #3595, #6334 ),
 ( #6298, #2405, #2440 ),
 ( #5786, #5253, #155 ),
 ( #2475, #5214, #849 ),
 ( #3010, #3050, #6229 ),
 ( #6370, #4601, #2975 ),
 ( #5719, #6808, #2945 ),
 ( #4673, #4637, #1352 ) ),
 .UNSPECIFIED., .F., .F., .T. ) 
 B_SPLINE_SURFACE_WITH_KNOTS ( ( 4, 2, 2, 2, 4 ),
 ( 3, 3 ),
 ( 6.283185307179586232, 6.603254616814369982, 6.923323926449153731, 7.243393236083937481, 7.563462545718721231 ),
 ( 0.000000000000000000, 1.000000000000000000 ),
 .UNSPECIFIED. ) 
 GEOMETRIC_REPRESENTATION_ITEM ( )  RATIONAL_B_SPLINE_SURFACE ( (
 ( 1.000000000000000000, 0.7071067811865475727, 1.000000000000000000),
 ( 1.000000000000000000, 0.7068930454265157648, 1.000000000000000000),
 ( 1.000000000000000000, 0.7197884586381451122, 1.000000000000000000),
 ( 1.000000000000000000, 0.7627725123231068327, 1.000000000000000000),
 ( 1.000000000000000000, 0.7926164078504023269, 1.000000000000000000),
 ( 1.000000000000000000, 0.8546693597991728009, 1.000000000000000000),
 ( 1.000000000000000000, 0.8867180362763654733, 1.000000000000000000),
 ( 1.000000000000000000, 0.9415435370391121994, 1.000000000000000000),
 ( 1.000000000000000000, 0.9643968808782839019, 1.000000000000000000),
 ( 1.000000000000000000, 0.9792718281540114811, 1.000000000000000000) ) ) 
 REPRESENTATION_ITEM ( '' )  SURFACE ( )  );
#6632 = DIRECTION ( 'NONE',  ( -0.000000000000000000, 0.000000000000000000, 1.000000000000000000 ) ) ;
#6633 = CARTESIAN_POINT ( 'NONE',  ( 2.073104370368160865, 4.069904556325915301, 3.874146337706658727 ) ) ;
#6634 = CARTESIAN_POINT ( 'NONE',  ( -1.824073716244489329, 1.675926283755509782, 3.294921876083941825 ) ) ;
#6635 = CARTESIAN_POINT ( 'NONE',  ( 3.949485927250213853E-16, 1.350000000000000089, 2.848437500000001066 ) ) ;
#6636 = EDGE_LOOP ( 'NONE', ( #4877, #6063, #536, #6838 ) ) ;
#6637 = VERTEX_POINT ( 'NONE', #230 ) ;
#6638 = CARTESIAN_POINT ( 'NONE',  ( 2.103207823602717852, 3.048117159187561320, 1.433143958560334497 ) ) ;
#6639 = ADVANCED_FACE ( 'NONE', ( #1743 ), #342, .T. ) ;
#6640 = EDGE_LOOP ( 'NONE', ( #4278, #349, #2847, #6967 ) ) ;
#6641 = CARTESIAN_POINT ( 'NONE',  ( -1.164922507363192805, 5.310114238211812498, 0.1430330443932999462 ) ) ;
#6642 = CARTESIAN_POINT ( 'NONE',  ( 1.734035139502201561, 2.228899182534867407, 6.935219139184681580 ) ) ;
#6643 = FACE_OUTER_BOUND ( 'NONE', #2013, .T. ) ;
#6644 = CARTESIAN_POINT ( 'NONE',  ( -2.579629788281240010, 3.500000000000000000, 2.401953126083947510 ) ) ;
#6645 = CARTESIAN_POINT ( 'NONE',  ( 2.106092358904204431, 3.067433022344448812, 3.815512816608857882 ) ) ;
#6646 = CARTESIAN_POINT ( 'NONE',  ( 2.149507728565967835, 3.453897368943649848, 2.250545631346792419 ) ) ;
#6647 = VERTEX_POINT ( 'NONE', #993 ) ;
#6648 = EDGE_CURVE ( 'NONE', #1275, #3425, #264, .T. ) ;
#6649 = CARTESIAN_POINT ( 'NONE',  ( 1.062395027705513417, 5.374512523257047647, 3.180100181222812683 ) ) ;
#6650 = CARTESIAN_POINT ( 'NONE',  ( 2.009267235352306002, 4.266352530288430422, 0.7115721979785182283 ) ) ;
#6651 = DIRECTION ( 'NONE',  ( -0.000000000000000000, -0.000000000000000000, -1.000000000000000000 ) ) ;
#6652 = LINE ( 'NONE', #6218, #1985 ) ;
#6653 = CARTESIAN_POINT ( 'NONE',  ( -1.434421104474117081, 5.101546807461232902, 1.750367356690778031 ) ) ;
#6654 = EDGE_CURVE ( 'NONE', #5789, #1485, #6880, .T. ) ;
#6655 = CARTESIAN_POINT ( 'NONE',  ( 1.650000000000000577, 13.50000000000000000, 0.000000000000000000 ) ) ;
#6656 = CARTESIAN_POINT ( 'NONE',  ( 0.3961161758971347702, 1.386492762503590992, 0.4901012373537870781 ) ) ;
#6657 = CARTESIAN_POINT ( 'NONE',  ( 1.824073716244490218, 1.675926283755510227, 8.255859376083941825 ) ) ;
#6658 = VERTEX_POINT ( 'NONE', #1639 ) ;
#6659 = ADVANCED_FACE ( 'NONE', ( #3839 ), #4953, .T. ) ;
#6660 = CARTESIAN_POINT ( 'NONE',  ( 4.738703044805694992E-16, 0.9203702117187499976, 6.469921876083940759 ) ) ;
#6661 = VERTEX_POINT ( 'NONE', #220 ) ;
#6662 = CARTESIAN_POINT ( 'NONE',  ( 2.579629788281250224, 2.675928163013199690, -1.307400814573302705 ) ) ;
#6663 = CARTESIAN_POINT ( 'NONE',  ( -2.149999999992741273, 3.499994413020231843, 6.023437813396006035 ) ) ;
#6664 = CARTESIAN_POINT ( 'NONE',  ( -1.520279579551077287, 5.020279579551076843, 4.336718752167882052 ) ) ;
#6665 = CARTESIAN_POINT ( 'NONE',  ( -0.8905591591021546627, 5.650000000000000355, 4.287109377167881874 ) ) ;
#6666 = CARTESIAN_POINT ( 'NONE',  ( -2.579629788281250224, 3.500000000000000000, 7.858984376083941292 ) ) ;
#6667 = EDGE_CURVE ( 'NONE', #3968, #1732, #5249, .T. ) ;
#6668 = DIRECTION ( 'NONE',  ( -1.000000000000000000, 0.000000000000000000, -0.000000000000000000 ) ) ;
#6669 = CIRCLE ( 'NONE', #2746, 3.299999999999998934 ) ;
#6670 = CARTESIAN_POINT ( 'NONE',  ( 2.149140151628346374, 3.439090739012855558, 6.218462150937059896 ) ) ;
#6671 = CARTESIAN_POINT ( 'NONE',  ( 1.824073716244490218, 1.675926283755510227, 2.699609376083942358 ) ) ;
#6672 = CARTESIAN_POINT ( 'NONE',  ( 0.7060657061488685438, 1.467998172539090040, 2.890879633179415098 ) ) ;
#6673 = CARTESIAN_POINT ( 'NONE',  ( -2.149999999999999911, 3.500000000000000000, 3.443750000000001421 ) ) ;
#6674 = VERTEX_POINT ( 'NONE', #5135 ) ;
#6675 = VERTEX_POINT ( 'NONE', #6686 ) ;
#6676 =( BOUNDED_CURVE ( )  B_SPLINE_CURVE ( 2, ( #4593, #5677, #1272, #147, #6183, #2286, #6729, #736, #2937 ),
 .UNSPECIFIED., .F., .T. ) 
 B_SPLINE_CURVE_WITH_KNOTS ( ( 3, 2, 2, 2, 3 ),
 ( 0.5556388097258171399, 0.5655609272028286894, 0.5754830487327028399, 0.5854051702625768794, 0.5953273380562643657 ),
 .UNSPECIFIED. ) 
 CURVE ( )  GEOMETRIC_REPRESENTATION_ITEM ( )  RATIONAL_B_SPLINE_CURVE ( ( 1.000000000000000000, 0.9238795325112867385, 1.000000000000000000, 0.9238795325112867385, 1.000000000000000000, 0.9238795325112867385, 1.000000000000000000, 0.9238795325112867385, 1.000000000000000000 ) ) 
 REPRESENTATION_ITEM ( '' )  );
#6677 = CARTESIAN_POINT ( 'NONE',  ( 1.338263556975121338, 1.817189640435650011, 1.346215951902582475 ) ) ;
#6678 = ORIENTED_EDGE ( 'NONE', *, *, #5746, .F. ) ;
#6679 = CARTESIAN_POINT ( 'NONE',  ( -2.149999999998071676, 3.500002879163746528, 7.610937582062137885 ) ) ;
#6680 = DIRECTION ( 'NONE',  ( 0.000000000000000000, -1.000000000000000000, -0.000000000000000000 ) ) ;
#6681 = CARTESIAN_POINT ( 'NONE',  ( -1.824073716244482224, 1.675926283755517110, 3.294921876083947154 ) ) ;
#6682 = CARTESIAN_POINT ( 'NONE',  ( 2.016212251483394891, 2.750058653669331221, 3.795905559775679894 ) ) ;
#6683 = CARTESIAN_POINT ( 'NONE',  ( 1.913315826428825916, 2.518927053616549561, 2.192997188687745513 ) ) ;
#6684 = EDGE_LOOP ( 'NONE', ( #4928, #4971, #2703, #2636 ) ) ;
#6685 = CARTESIAN_POINT ( 'NONE',  ( -0.5668182388331035604, 5.578759328448586352, 3.278744954336171524 ) ) ;
#6686 = CARTESIAN_POINT ( 'NONE',  ( 2.149999999994934630, 3.499996750999292416, 3.046814484998594530 ) ) ;
#6687 = EDGE_CURVE ( 'NONE', #5681, #3445, #4093, .T. ) ;
#6688 = CARTESIAN_POINT ( 'NONE',  ( 2.106509660397453576, 3.069485981529238128, 4.609388134366567691 ) ) ;
#6689 = CARTESIAN_POINT ( 'NONE',  ( 2.148941432828080700, 3.568649457045546924, 7.813230983846505495 ) ) ;
#6690 = AXIS2_PLACEMENT_3D ( 'NONE', #1525, #5390, #5936 ) ;
#6691 = CARTESIAN_POINT ( 'NONE',  ( -3.000000000000002665, -8.150000000000000355, 2.000000000000000000 ) ) ;
#6692 = CARTESIAN_POINT ( 'NONE',  ( -0.4796272773709742698, 1.404176812398397534, 0.4392193042894262933 ) ) ;
#6693 = CARTESIAN_POINT ( 'NONE',  ( -1.824073716244489995, 5.324073716244490662, 3.096484376083942003 ) ) ;
#6694 = VECTOR ( 'NONE', #6839, 1000.000000000000114 ) ;
#6695 = VERTEX_POINT ( 'NONE', #6250 ) ;
#6696 = CARTESIAN_POINT ( 'NONE',  ( 2.579629788281250669, 2.431482355792271122, 5.825000001083940226 ) ) ;
#6697 = DIRECTION ( 'NONE',  ( -0.9886859966642596032, 0.1499999999999988565, 0.000000000000000000 ) ) ;
#6698 = CARTESIAN_POINT ( 'NONE',  ( 1.459448634387152444, 1.919694026270115206, 7.704960812942028170 ) ) ;
#6699 = DIRECTION ( 'NONE',  ( 0.000000000000000000, 0.000000000000000000, -1.000000000000000000 ) ) ;
#6700 = DIRECTION ( 'NONE',  ( -0.000000000000000000, -1.000000000000000000, -0.000000000000000000 ) ) ;
#6701 = CARTESIAN_POINT ( 'NONE',  ( -1.520279579551077287, 5.020279579551076843, 4.336718752167882052 ) ) ;
#6702 = ADVANCED_FACE ( 'NONE', ( #4477 ), #141, .F. ) ;
#6703 = CARTESIAN_POINT ( 'NONE',  ( -1.129015157974140093, 1.180557261398204938, 7.999999999999996447 ) ) ;
#6704 = DIRECTION ( 'NONE',  ( -0.000000000000000000, -0.000000000000000000, -1.000000000000000000 ) ) ;
#6705 = CARTESIAN_POINT ( 'NONE',  ( 2.146092024567179735, 3.633114747419441848, 3.848132861194482501 ) ) ;
#6706 = CARTESIAN_POINT ( 'NONE',  ( -2.579629788281249336, 2.431482355792268013, 1.657812501083942403 ) ) ;
#6707 = CARTESIAN_POINT ( 'NONE',  ( 2.071549557451614731, 2.921445478810313912, 3.012737211970659246 ) ) ;
#6708 = CARTESIAN_POINT ( 'NONE',  ( -0.8905591591021546627, 5.650000000000000355, 4.882421875000000355 ) ) ;
#6709 = VERTEX_POINT ( 'NONE', #3473 ) ;
#6710 = VERTEX_POINT ( 'NONE', #181 ) ;
#6711 = CARTESIAN_POINT ( 'NONE',  ( -1.795204056041538321, 2.316321418742432137, 1.136617664612396661 ) ) ;
#6712 = ORIENTED_EDGE ( 'NONE', *, *, #6593, .F. ) ;
#6713 = CARTESIAN_POINT ( 'NONE',  ( 0.8224475148174883454, 5.491211543660691419, 0.02064056956401481152 ) ) ;
#6714 = CARTESIAN_POINT ( 'NONE',  ( 1.391891610317368633, 1.861355643074154242, 6.906522461181612726 ) ) ;
#6715 = LINE ( 'NONE', #4978, #3254 ) ;
#6716 = CARTESIAN_POINT ( 'NONE',  ( -1.824073716244482890, 5.324073716244483556, 3.890234376083947954 ) ) ;
#6717 = CARTESIAN_POINT ( 'NONE',  ( 2.579629788281250669, 2.431482355792271122, 5.031250001083940937 ) ) ;
#6718 = DIRECTION ( 'NONE',  ( -0.000000000000000000, 0.000000000000000000, 1.000000000000000000 ) ) ;
#6719 = CARTESIAN_POINT ( 'NONE',  ( 2.148981244670582935, 3.432245735292526856, 2.249322387050608274 ) ) ;
#6720 = ORIENTED_EDGE ( 'NONE', *, *, #5908, .T. ) ;
#6721 = CIRCLE ( 'NONE', #4764, 3.299999999999998934 ) ;
#6722 = EDGE_CURVE ( 'NONE', #6658, #5019, #2393, .T. ) ;
#6723 = CARTESIAN_POINT ( 'NONE',  ( -1.798417950769922058, 4.678793928356713039, 3.369978138342649032 ) ) ;
#6724 = CARTESIAN_POINT ( 'NONE',  ( 11.66666666666666785, -3.700000000000000178, 0.02859547920896853349 ) ) ;
#6725 = CARTESIAN_POINT ( 'NONE',  ( -10.00000000000000000, -8.150000000000000355, 2.000000000000000000 ) ) ;
#6726 = LINE ( 'NONE', #3944, #4632 ) ;
#6727 = CARTESIAN_POINT ( 'NONE',  ( 1.665593013089534669, 4.877038992903520054, 1.546943199690525850 ) ) ;
#6728 = VECTOR ( 'NONE', #338, 1000.000000000000000 ) ;
#6729 = CARTESIAN_POINT ( 'NONE',  ( 1.520279579551077065, 5.020279579551076843, 2.550781252167881430 ) ) ;
#6730 = CARTESIAN_POINT ( 'NONE',  ( -1.316328539369304051, 1.798516303895656643, 0.3837910374442942696 ) ) ;
#6731 = CARTESIAN_POINT ( 'NONE',  ( -1.824073716244489995, 5.324073716244490662, 3.890234376083942180 ) ) ;
#6732 = VERTEX_POINT ( 'NONE', #4018 ) ;
#6733 = TOROIDAL_SURFACE ( 'NONE', #4778, 18.85000000000000142, 0.5000000000000000000 ) ;
#6734 = CARTESIAN_POINT ( 'NONE',  ( -2.579629788281249780, 4.568517644207729766, 7.015625001083940937 ) ) ;
#6735 = CARTESIAN_POINT ( 'NONE',  ( 2.150000000557362068, 3.703529404323613328, 6.233376080427212251 ) ) ;
#6736 = CARTESIAN_POINT ( 'NONE',  ( -2.579629788281250224, 3.500000000000000000, -0.8722656239160582192 ) ) ;
#6737 = DIRECTION ( 'NONE',  ( -1.000000000000000000, -0.000000000000000000, -0.000000000000000000 ) ) ;
#6738 = DIRECTION ( 'NONE',  ( 0.000000000000000000, -1.000000000000000000, -0.000000000000000000 ) ) ;
#6739 = CARTESIAN_POINT ( 'NONE',  ( -0.8905591591021546627, 5.650000000000000355, 5.080859377167881163 ) ) ;
#6740 = EDGE_CURVE ( 'NONE', #2064, #6601, #5671, .T. ) ;
#6741 = CARTESIAN_POINT ( 'NONE',  ( -2.579629788281249780, 4.568517644207729766, 7.015625001083940937 ) ) ;
#6742 = CARTESIAN_POINT ( 'NONE',  ( -0.3497687463080643155, 5.621568379746192612, 6.440457051603544869 ) ) ;
#6743 = CARTESIAN_POINT ( 'NONE',  ( 2.094055413151527212, 3.989399869471908833, 3.869180288997282169 ) ) ;
#6744 = CARTESIAN_POINT ( 'NONE',  ( 1.068517644207731321, 0.9203702117187504417, 1.856250001083942447 ) ) ;
#6745 = DIRECTION ( 'NONE',  ( -0.2457002457002465112, 0.9693458563705931175, 0.000000000000000000 ) ) ;
#6746 = CARTESIAN_POINT ( 'NONE',  ( 0.8905591591021556619, 1.350000000000000533, 3.691796875000000977 ) ) ;
#6747 = AXIS2_PLACEMENT_3D ( 'NONE', #3696, #4162, #5315 ) ;
#6748 = ORIENTED_EDGE ( 'NONE', *, *, #5219, .F. ) ;
#6749 = ORIENTED_EDGE ( 'NONE', *, *, #3641, .T. ) ;
#6750 = CARTESIAN_POINT ( 'NONE',  ( -1.341479419742474644, 1.807785913456395832, 1.175832181355294992 ) ) ;
#6751 = EDGE_CURVE ( 'NONE', #2487, #6928, #728, .T. ) ;
#6752 = EDGE_LOOP ( 'NONE', ( #906, #1949, #4944, #6566 ) ) ;
#6753 = CARTESIAN_POINT ( 'NONE',  ( 0.1224297152684980100, 5.646511990733137587, 0.06340951532745620067 ) ) ;
#6754 = CARTESIAN_POINT ( 'NONE',  ( 1.349875565781351261, 1.826163338313037343, 6.903441570883001255 ) ) ;
#6755 = DIRECTION ( 'NONE',  ( 1.000000000000000000, 0.000000000000000000, 0.000000000000000000 ) ) ;
#6756 = CARTESIAN_POINT ( 'NONE',  ( 4.738703044805676257E-16, 0.9203702117187601006, 4.187890626083948575 ) ) ;
#6757 = CARTESIAN_POINT ( 'NONE',  ( -2.579629788281249336, 2.431482355792268013, 3.939843751083941026 ) ) ;
#6758 = DIRECTION ( 'NONE',  ( 0.000000000000000000, -1.000000000000000000, 0.000000000000000000 ) ) ;
#6759 = CARTESIAN_POINT ( 'NONE',  ( 0.9688380394268197859, 1.575411608261373608, 2.113928795585431342 ) ) ;
#6760 = CARTESIAN_POINT ( 'NONE',  ( -1.527445316134986575, 5.017834392116522935, 2.550983406048237256 ) ) ;
#6761 = CARTESIAN_POINT ( 'NONE',  ( 0.3298377078213766134, 5.625723920265388145, 3.226376062637935416 ) ) ;
#6762 = DIRECTION ( 'NONE',  ( 0.000000000000000000, -1.000000000000000000, 0.000000000000000000 ) ) ;
#6763 = CARTESIAN_POINT ( 'NONE',  ( -1.824073716244489329, 1.675926283755509782, 0.02070312608394055121 ) ) ;
#6764 = LINE ( 'NONE', #4445, #2564 ) ;
#6765 = CARTESIAN_POINT ( 'NONE',  ( 2.095550145711810863, 3.985867068742385833, 1.487723973957036483 ) ) ;
#6766 = DIRECTION ( 'NONE',  ( -1.000000000000000000, 0.000000000000000000, 0.000000000000000000 ) ) ;
#6767 = CARTESIAN_POINT ( 'NONE',  ( 0.5907122424886614986, 1.432728344007231369, 0.5020005128247277959 ) ) ;
#6768 = CARTESIAN_POINT ( 'NONE',  ( 2.579629788281250224, 3.500000000000000444, 3.592578126083942003 ) ) ;
#6769 = ORIENTED_EDGE ( 'NONE', *, *, #2312, .T. ) ;
#6770 = CARTESIAN_POINT ( 'NONE',  ( -1.068517644207730211, 0.9203702117187504417, 6.420312501083940582 ) ) ;
#6771 = CARTESIAN_POINT ( 'NONE',  ( 0.4843395081844516503, 5.596816887818332198, 6.392118623181988646 ) ) ;
#6772 = CARTESIAN_POINT ( 'NONE',  ( 1.158400450446311014, 1.687460201939343429, 7.683268177968826329 ) ) ;
#6773 = CARTESIAN_POINT ( 'NONE',  ( 12.00000000000000000, -2.700000000011730794, 0.4466508605399198695 ) ) ;
#6774 = DIRECTION ( 'NONE',  ( 0.000000000000000000, 0.000000000000000000, -1.000000000000000000 ) ) ;
#6775 = CARTESIAN_POINT ( 'NONE',  ( -1.520279579551076843, 1.979720420448922491, 3.741406252167881252 ) ) ;
#6776 = CARTESIAN_POINT ( 'NONE',  ( 4.738703044805694992E-16, 0.9203702117187499976, 4.088671876083941115 ) ) ;
#6777 = PLANE ( 'NONE',  #1246 ) ;
#6778 = CARTESIAN_POINT ( 'NONE',  ( -1.364136068218293918, 1.838161424718659065, 5.936183229809176787 ) ) ;
#6779 = CARTESIAN_POINT ( 'NONE',  ( -1.068517644207730211, 0.9203702117187504417, 4.138281251083942180 ) ) ;
#6780 = DIRECTION ( 'NONE',  ( -1.000000000000000000, 0.000000000000000000, 0.000000000000000000 ) ) ;
#6781 = CARTESIAN_POINT ( 'NONE',  ( -1.520279579551076843, 1.979720420448922491, 0.3679687500000011213 ) ) ;
#6782 = ORIENTED_EDGE ( 'NONE', *, *, #4250, .F. ) ;
#6783 = CARTESIAN_POINT ( 'NONE',  ( -1.183470999251724276, 1.705034955967580368, 1.186803293038775298 ) ) ;
#6784 = ORIENTED_EDGE ( 'NONE', *, *, #4547, .T. ) ;
#6785 = CIRCLE ( 'NONE', #4473, 1.000000000000001776 ) ;
#6786 = CARTESIAN_POINT ( 'NONE',  ( -1.135496004246526747, 5.353235340405943177, 4.902744739037529165 ) ) ;
#6787 = DIRECTION ( 'NONE',  ( 0.000000000000000000, 0.000000000000000000, 1.000000000000000000 ) ) ;
#6788 = CARTESIAN_POINT ( 'NONE',  ( -1.068517644207725992, 0.9203702117187605447, 0.9632812510839475761 ) ) ;
#6789 = CARTESIAN_POINT ( 'NONE',  ( -2.579629788281249780, 4.568517644207729766, 3.046875001083940493 ) ) ;
#6790 = CARTESIAN_POINT ( 'NONE',  ( -1.129134692997704859, 1.667191470370288808, 3.571987514051565338 ) ) ;
#6791 = CARTESIAN_POINT ( 'NONE',  ( 2.149626740113837808, 3.459544212708283606, 2.250862798481578331 ) ) ;
#6792 = CARTESIAN_POINT ( 'NONE',  ( -1.345310565546734560, 5.177119414053698243, 2.537444953956309313 ) ) ;
#6793 = CARTESIAN_POINT ( 'NONE',  ( -2.117903851884511912, 3.889749365395569480, 3.421025715686304203 ) ) ;
#6794 = FACE_OUTER_BOUND ( 'NONE', #6636, .T. ) ;
#6795 = CARTESIAN_POINT ( 'NONE',  ( 1.068517644207731099, 0.9203702117187504417, 0.1695312510839406261 ) ) ;
#6796 = CARTESIAN_POINT ( 'NONE',  ( -2.149988202912623603, 3.491753402213846336, 4.237959660877391066 ) ) ;
#6797 = CARTESIAN_POINT ( 'NONE',  ( -1.824073716244489329, 1.675926283755509782, 8.057421876083941115 ) ) ;
#6798 = CARTESIAN_POINT ( 'NONE',  ( 7.374991245267253248, 1.363636363636363313, 6.000000000000000000 ) ) ;
#6799 = DIRECTION ( 'NONE',  ( 0.000000000000000000, 0.000000000000000000, -1.000000000000000000 ) ) ;
#6800 = CARTESIAN_POINT ( 'NONE',  ( -2.082644716671425478, 4.040463689243539491, 5.793338133139918966 ) ) ;
#6801 = CARTESIAN_POINT ( 'NONE',  ( -1.068517644207729766, 6.079629788281250669, 3.840625001083942003 ) ) ;
#6802 = ORIENTED_EDGE ( 'NONE', *, *, #5094, .T. ) ;
#6803 = CARTESIAN_POINT ( 'NONE',  ( -2.579629788281249780, 4.568517644207729766, 7.809375001083940226 ) ) ;
#6804 = ADVANCED_FACE ( 'NONE', ( #6794 ), #2896, .T. ) ;
#6805 = CARTESIAN_POINT ( 'NONE',  ( 2.043340243518014798, 4.172534780150168210, 6.262155023307307999 ) ) ;
#6806 = AXIS2_PLACEMENT_3D ( 'NONE', #1206, #2262, #1108 ) ;
#6807 = CARTESIAN_POINT ( 'NONE',  ( -2.579629788281249336, 2.431482355792268013, -0.8226562489160593739 ) ) ;
#6808 = CARTESIAN_POINT ( 'NONE',  ( 11.87727751489777361, -3.822722485102230117, 0.1071108951779198154 ) ) ;
#6809 = FACE_OUTER_BOUND ( 'NONE', #3880, .T. ) ;
#6810 = CARTESIAN_POINT ( 'NONE',  ( 0.8905591591021542186, 5.650000000000000355, 3.394140627167880897 ) ) ;
#6811 = EDGE_CURVE ( 'NONE', #433, #7027, #3987, .T. ) ;
#6812 = CARTESIAN_POINT ( 'NONE',  ( 1.824073716244489773, 5.324073716244490662, 5.180078126083940582 ) ) ;
#6813 = CARTESIAN_POINT ( 'NONE',  ( -1.256289986519430579, 5.244791851452753839, 6.499670967656317799 ) ) ;
#6814 = CARTESIAN_POINT ( 'NONE',  ( 1.581540259035445040, 2.043427546068517842, 6.127648259063348313 ) ) ;
#6815 = CARTESIAN_POINT ( 'NONE',  ( -1.824073716244489329, 1.675926283755509782, 0.9136718760839428466 ) ) ;
#6816 = DIRECTION ( 'NONE',  ( 0.000000000000000000, 0.000000000000000000, 1.000000000000000000 ) ) ;
#6817 = CARTESIAN_POINT ( 'NONE',  ( -1.316495309083404618E-16, 5.650000000000000355, 0.8640625000000019540 ) ) ;
#6818 = CARTESIAN_POINT ( 'NONE',  ( -0.8901280875983824670, 1.541636692099094486, 1.207330977846412745 ) ) ;
#6819 = VERTEX_POINT ( 'NONE', #651 ) ;
#6820 = CARTESIAN_POINT ( 'NONE',  ( -5.408326913195983465, 1.000000000000000000, 7.000000000000000000 ) ) ;
#6821 = CARTESIAN_POINT ( 'NONE',  ( -0.02986602564680533589, 1.350158587045055203, 6.815541659193659285 ) ) ;
#6822 = CARTESIAN_POINT ( 'NONE',  ( -2.579629788281240010, 3.500000000000000000, 0.02070312608394818052 ) ) ;
#6823 = CARTESIAN_POINT ( 'NONE',  ( -1.824073716244489329, 1.675926283755509782, 4.783203126083940937 ) ) ;
#6824 = CARTESIAN_POINT ( 'NONE',  ( -2.070652198629661100, 2.891491884725396755, 3.479563704406896552 ) ) ;
#6825 = CARTESIAN_POINT ( 'NONE',  ( -1.895046366993028863, 2.483188084569521781, 1.918773245032994623 ) ) ;
#6826 = CARTESIAN_POINT ( 'NONE',  ( -1.296015480641529605, 5.215671108070983664, 2.533832313463691754 ) ) ;
#6827 = VECTOR ( 'NONE', #1396, 1000.000000000000000 ) ;
#6828 = EDGE_CURVE ( 'NONE', #1962, #1518, #3290, .T. ) ;
#6829 = CARTESIAN_POINT ( 'NONE',  ( 1.644240765795110804, 2.114275775912779487, 5.339233781540116297 ) ) ;
#6830 = CARTESIAN_POINT ( 'NONE',  ( 2.149999999988438049, 3.500004806722674111, 0.07040249399494158400 ) ) ;
#6831 = FACE_OUTER_BOUND ( 'NONE', #7044, .T. ) ;
#6832 = CARTESIAN_POINT ( 'NONE',  ( 0.07829658209673980018, 1.351361114896457716, 4.440356111424705432 ) ) ;
#6833 = DIRECTION ( 'NONE',  ( -1.000000000000000000, 0.000000000000000000, 0.000000000000000000 ) ) ;
#6834 = FACE_OUTER_BOUND ( 'NONE', #340, .T. ) ;
#6835 = CARTESIAN_POINT ( 'NONE',  ( -6.700000000000000178, -8.150000000000000355, 2.000000000000000000 ) ) ;
#6836 = CARTESIAN_POINT ( 'NONE',  ( 2.579629788281249780, 4.568517644207729766, 2.848437501083942003 ) ) ;
#6837 = AXIS2_PLACEMENT_3D ( 'NONE', #4382, #3773, #3742 ) ;
#6838 = ORIENTED_EDGE ( 'NONE', *, *, #1243, .F. ) ;
#6839 = DIRECTION ( 'NONE',  ( -0.6953208427626524912, 0.1285648693066449022, -0.7071067811865474617 ) ) ;
#6840 = CARTESIAN_POINT ( 'NONE',  ( 1.756750669064575110, 4.741519016383094254, 6.300192427069332801 ) ) ;
#6841 = UNCERTAINTY_MEASURE_WITH_UNIT (LENGTH_MEASURE( 1.000000000000000082E-05 ), #2559, 'distance_accuracy_value', 'NONE');
#6842 = CARTESIAN_POINT ( 'NONE',  ( 0.7621239299316092675, 1.489594458751393846, 7.656613152750075812 ) ) ;
#6843 = CARTESIAN_POINT ( 'NONE',  ( -2.149999999992741273, 3.499994413020231843, 6.023437813396006035 ) ) ;
#6844 = CARTESIAN_POINT ( 'NONE',  ( -2.149999999999949285, 3.500000466213071260, 7.412499974030132499 ) ) ;
#6845 = CARTESIAN_POINT ( 'NONE',  ( 1.520279579551077065, 5.020279579551076843, 0.1695312521678808693 ) ) ;
#6846 = AXIS2_PLACEMENT_3D ( 'NONE', #7112, #4198, #6398 ) ;
#6847 = CARTESIAN_POINT ( 'NONE',  ( -1.824073716244489329, 1.675926283755509782, 3.989453126083940759 ) ) ;
#6848 = CARTESIAN_POINT ( 'NONE',  ( -1.824073716244489995, 5.324073716244490662, 4.584765626083941115 ) ) ;
#6849 = CARTESIAN_POINT ( 'NONE',  ( -1.279090247790027668, 1.771620833483476876, 5.942461957307474840 ) ) ;
#6850 = CARTESIAN_POINT ( 'NONE',  ( -2.579629788281249336, 2.431482355792268013, -0.7234374989160581304 ) ) ;
#6851 = CARTESIAN_POINT ( 'NONE',  ( 1.824073716244489773, 5.324073716244490662, 0.4175781260839401821 ) ) ;
#6852 = CARTESIAN_POINT ( 'NONE',  ( -1.520279579551076843, 1.979720420448922491, 1.161718750000002132 ) ) ;
#6853 = CARTESIAN_POINT ( 'NONE',  ( -1.991646912482040177, 2.684708877746853961, 1.111647398371958584 ) ) ;
#6854 = CARTESIAN_POINT ( 'NONE',  ( -1.825750713917288826, 4.651027257442658325, 4.960020010589575534 ) ) ;
#6855 = CARTESIAN_POINT ( 'NONE',  ( -2.148801603944819671, 3.427307840871964828, 6.622827029957711886 ) ) ;
#6856 = DIRECTION ( 'NONE',  ( -0.000000000000000000, 0.000000000000000000, 1.000000000000000000 ) ) ;
#6857 = CARTESIAN_POINT ( 'NONE',  ( -1.068517644207730211, 0.9203702117187504417, 4.832812501083940226 ) ) ;
#6858 = ORIENTED_EDGE ( 'NONE', *, *, #779, .T. ) ;
#6859 = CARTESIAN_POINT ( 'NONE',  ( 1.176365994907274004, 1.700356517224185238, 3.715802275324068926 ) ) ;
#6860 = CARTESIAN_POINT ( 'NONE',  ( -2.132673410298733252, 3.225047289539853423, 1.871966343504389396 ) ) ;
#6861 = CARTESIAN_POINT ( 'NONE',  ( -2.149999999999948841, 3.499999531280277409, 2.650000026111216211 ) ) ;
#6862 = CARTESIAN_POINT ( 'NONE',  ( 2.143960153221772025, 3.661236476158353792, 3.055999437310185307 ) ) ;
#6863 = CARTESIAN_POINT ( 'NONE',  ( -0.9464969183813600750, 1.110533656978648365, 8.000000000000000000 ) ) ;
#6864 = CARTESIAN_POINT ( 'NONE',  ( -11.87340136762890985, -3.079795897113271952, 0.1016872336874557609 ) ) ;
#6865 = CARTESIAN_POINT ( 'NONE',  ( -1.681271217715284205, 2.159458088386890129, 4.322618039765746545 ) ) ;
#6866 = CARTESIAN_POINT ( 'NONE',  ( 2.150000000000000355, 2.609440840897845781, 3.195703127167881519 ) ) ;
#6867 = DIRECTION ( 'NONE',  ( 1.000000000000000000, 1.387778780781445676E-16, 0.000000000000000000 ) ) ;
#6868 = CARTESIAN_POINT ( 'NONE',  ( -6.408326913195986130, 1.000000000000000000, 7.000000000000000000 ) ) ;
#6869 = CARTESIAN_POINT ( 'NONE',  ( 4.738703044805694992E-16, 0.9203702117187499976, 0.2191406260839412479 ) ) ;
#6870 = ORIENTED_EDGE ( 'NONE', *, *, #3261, .F. ) ;
#6871 = CARTESIAN_POINT ( 'NONE',  ( -2.149999999999999911, 3.500000000000000000, 8.000000000000000000 ) ) ;
#6872 = CARTESIAN_POINT ( 'NONE',  ( -1.213531503469886363, 5.274831290771440528, 0.9403154554704006296 ) ) ;
#6873 = CARTESIAN_POINT ( 'NONE',  ( -1.252113952589343215, 1.752151615937648454, 7.531909292242365161 ) ) ;
#6874 = CARTESIAN_POINT ( 'NONE',  ( -6.391659079231616580, 1.181818181818181435, 2.000000000000000000 ) ) ;
#6875 = CARTESIAN_POINT ( 'NONE',  ( 2.150000000000000355, 2.609440840897845781, 1.608203127167881163 ) ) ;
#6876 = CARTESIAN_POINT ( 'NONE',  ( 2.149999999999999911, 4.390559159102155995, 0.1199218771678819961 ) ) ;
#6877 = ORIENTED_EDGE ( 'NONE', *, *, #5604, .T. ) ;
#6878 = CARTESIAN_POINT ( 'NONE',  ( 2.579629788281250224, 3.500000000000000444, 4.287109376083940937 ) ) ;
#6879 = CARTESIAN_POINT ( 'NONE',  ( -2.579629788281249336, 2.431482355792268013, 5.527343751083940049 ) ) ;
#6880 = B_SPLINE_CURVE_WITH_KNOTS ( 'NONE', 3,
 ( #2586, #5363, #5905, #4281, #4785, #1500, #4707, #6950, #6412, #415, #1386, #4212, #887, #5944, #447, #6368, #4133, #6988, #304, #2619, #6481, #956, #3198, #1535, #3741, #4670, #3634, #6332, #6872, #3673, #5866, #5286, #5824, #2044, #1964, #1925, #3593, #5784, #845, #2549, #4244, #3086, #3048, #2507, #6910, #4746, #2005, #3772, #6518, #1124, #2210, #6616, #5497, #4413, #3873, #5977, #1668, #3233, #3331, #1571, #1027, #2687, #1094, #4922, #4352, #2247, #6041, #6074, #7125, #3263, #2717, #7094, #36, #4892, #1698, #5465, #583, #4859, #2149, #6548, #6106, #3299, #5529, #2784, #4985, #550, #4443, #1605, #2177, #4381, #6650, #5433, #6580, #6012, #3904, #3365, #3805, #2114, #2751, #480, #1157, #1063, #5561, #2651, #7059, #4317, #518 ),
 .UNSPECIFIED., .F., .F.,
 ( 4, 2, 2, 2, 2, 2, 2, 2, 2, 2, 2, 2, 2, 2, 1, 2, 2, 1, 2, 2, 2, 2, 2, 2, 2, 2, 2, 2, 2, 1, 1, 2, 2, 2, 1, 2, 2, 1, 2, 2, 2, 2, 1, 1, 2, 2, 2, 2, 2, 2, 2, 2, 1, 2, 2, 2, 2, 4 ),
 ( 0.8672509164427997241, 0.8688172152581792318, 0.8703835140735588505, 0.8735161117043178658, 0.8742992611120077306, 0.8746908358158526076, 0.8750824105196974845, 0.8766487093350769921, 0.8782150081504566108, 0.8786065828543014877, 0.8789981575581463646, 0.8797813069658361185, 0.8813476057812156261, 0.8821307551889053800, 0.8825223298927502569, 0.8827181172446727508, 0.8828160109206338868, 0.8829139045965951338, 0.8860465022273538160, 0.8891790998581124983, 0.8907453986734918949, 0.8923116974888712916, 0.8927032721927160575, 0.8928990595446385514, 0.8930948468965609344, 0.8938779963042505772, 0.8946611457119402200, 0.8950527204157850969, 0.8951016672537657204, 0.8951506140917463439, 0.8952485077677075909, 0.8954442951196299738, 0.8985768927503889891, 0.8993600421580786319, 0.8994579358340398789, 0.8995068826720205024, 0.8995558295100011259, 0.8997516168619235088, 0.9001431915657683858, 0.9017094903811478934, 0.9032757891965275121, 0.9048420880119070198, 0.9056252374195967736, 0.9060168121234416505, 0.9062125994753640335, 0.9064083868272865274, 0.9079746856426657020, 0.9095409844580449876, 0.9103241338657346304, 0.9111072832734241622, 0.9126735820888034478, 0.9134567314964930906, 0.9138483062003378565, 0.9140440935522602395, 0.9141419872282214865, 0.9142398809041827334, 0.9158061797195622411, 0.9173724785349417488 ),
 .UNSPECIFIED. ) ;
#6881 = CARTESIAN_POINT ( 'NONE',  ( -0.8851388171401811666, 1.540587874976707461, 5.969732228231105609 ) ) ;
#6882 = CARTESIAN_POINT ( 'NONE',  ( -13.00000000000000000, -3.700000000000000178, 0.5000000000000000000 ) ) ;
#6883 = CARTESIAN_POINT ( 'NONE',  ( -1.824073716244489995, 5.324073716244490662, 0.7152343760839421360 ) ) ;
#6884 = CARTESIAN_POINT ( 'NONE',  ( 4.738703044805694992E-16, 0.9203702117187499976, 0.1199218760839400322 ) ) ;
#6885 = CARTESIAN_POINT ( 'NONE',  ( -2.149999999999999911, 4.390559159102155995, -0.5746093749999982014 ) ) ;
#6886 = CIRCLE ( 'NONE', #4696, 0.5000000000000007772 ) ;
#6887 = CARTESIAN_POINT ( 'NONE',  ( 1.824073716244489773, 5.324073716244490662, 6.767578126083940937 ) ) ;
#6888 = CARTESIAN_POINT ( 'NONE',  ( -2.071706874538095988, 4.075132886066860749, 4.997410364450031395 ) ) ;
#6889 = CARTESIAN_POINT ( 'NONE',  ( -2.127597382771730494, 3.176538329997447008, 6.637589368109778398 ) ) ;
#6890 = CARTESIAN_POINT ( 'NONE',  ( -2.149999999999999911, 4.390559159102155995, 8.950390625000000711 ) ) ;
#6891 = VERTEX_POINT ( 'NONE', #6140 ) ;
#6892 = ORIENTED_EDGE ( 'NONE', *, *, #2765, .F. ) ;
#6893 = CARTESIAN_POINT ( 'NONE',  ( -1.675161113846241667, 2.151891276923039165, 3.529870950219732073 ) ) ;
#6894 = CARTESIAN_POINT ( 'NONE',  ( -1.564124534183171766, 2.023195487662988512, 1.951805583034454061 ) ) ;
#6895 = CARTESIAN_POINT ( 'NONE',  ( -12.00000000000000000, -2.700000000000000178, 2.000000000000000000 ) ) ;
#6896 = AXIS2_PLACEMENT_3D ( 'NONE', #5574, #5032, #2372 ) ;
#6897 = EDGE_CURVE ( 'NONE', #6446, #127, #868, .T. ) ;
#6898 = CARTESIAN_POINT ( 'NONE',  ( 1.880262650621978393, 4.542674018588994223, 3.111182022576995720 ) ) ;
#6899 = CARTESIAN_POINT ( 'NONE',  ( 2.149999999999999911, 3.500000000000000444, 0.000000000000000000 ) ) ;
#6900 = DIRECTION ( 'NONE',  ( -0.9833321660356334482, 0.1818181818181816567, 0.000000000000000000 ) ) ;
#6901 = CARTESIAN_POINT ( 'NONE',  ( -0.7961042799791245850, 1.502303138119731374, 4.388010445084041145 ) ) ;
#6902 = AXIS2_PLACEMENT_3D ( 'NONE', #4157, #5577, #709 ) ;
#6903 = DIRECTION ( 'NONE',  ( 0.000000000000000000, 0.000000000000000000, -1.000000000000000000 ) ) ;
#6904 = CARTESIAN_POINT ( 'NONE',  ( -2.149999999997296740, 3.499996590659818274, 4.435937692089797935 ) ) ;
#6905 = CARTESIAN_POINT ( 'NONE',  ( -1.853908687755066564, 4.590021986007554844, 5.757523642507045736 ) ) ;
#6906 = CARTESIAN_POINT ( 'NONE',  ( -1.824073716244489329, 1.675926283755509782, 0.9136718760839428466 ) ) ;
#6907 = ORIENTED_EDGE ( 'NONE', *, *, #1248, .F. ) ;
#6908 =( BOUNDED_CURVE ( )  B_SPLINE_CURVE ( 3, ( #4513, #6107, #1776, #2322 ),
 .UNSPECIFIED., .F., .F. ) 
 B_SPLINE_CURVE_WITH_KNOTS ( ( 4, 4 ),
 ( 3.141592653589793116, 4.712388980384689674 ),
 .UNSPECIFIED. ) 
 CURVE ( )  GEOMETRIC_REPRESENTATION_ITEM ( )  RATIONAL_B_SPLINE_CURVE ( ( 1.000000000000000000, 0.8047378541243649375, 0.8047378541243649375, 1.000000000000000000 ) ) 
 REPRESENTATION_ITEM ( '' )  );
#6909 = CARTESIAN_POINT ( 'NONE',  ( -0.1472332692934333054, 1.354809034671780044, 2.840122422876242059 ) ) ;
#6910 = CARTESIAN_POINT ( 'NONE',  ( 0.1050832653305516506, 5.647432933357607432, 0.8581459300040308324 ) ) ;
#6911 = CARTESIAN_POINT ( 'NONE',  ( 0.7365695568151080508, 1.480105738046795238, 7.654970884057314962 ) ) ;
#6912 = DIRECTION ( 'NONE',  ( -1.000000000000000000, 0.000000000000000000, 0.000000000000000000 ) ) ;
#6913 = CARTESIAN_POINT ( 'NONE',  ( -1.491626740937888496, 5.048498820167520940, 7.311030599343562031 ) ) ;
#6914 = CARTESIAN_POINT ( 'NONE',  ( -1.316495309083404618E-16, 5.650000000000000355, 2.650000002167881785 ) ) ;
#6915 = EDGE_LOOP ( 'NONE', ( #6870, #4509, #1626, #5403 ) ) ;
#6916 = ORIENTED_EDGE ( 'NONE', *, *, #410, .F. ) ;
#6917 = VECTOR ( 'NONE', #1735, 1000.000000000000000 ) ;
#6918 = CARTESIAN_POINT ( 'NONE',  ( 4.738703044805694992E-16, 0.9203702117187499976, 5.676171876083940582 ) ) ;
#6919 = CARTESIAN_POINT ( 'NONE',  ( 2.579629788281250669, 2.431482355792271122, 2.650000001083940404 ) ) ;
#6920 = CARTESIAN_POINT ( 'NONE',  ( -0.3033364623981708030, 1.371006133497491897, 6.005806019220938374 ) ) ;
#6921 = CARTESIAN_POINT ( 'NONE',  ( 11.00000000000000178, 9.507820771309093644, 0.5000000000000000000 ) ) ;
#6922 = CARTESIAN_POINT ( 'NONE',  ( 2.579629788281250224, 3.500000000000000444, -1.169921873916058397 ) ) ;
#6923 = CARTESIAN_POINT ( 'NONE',  ( 1.824073716244490218, 1.675926283755510227, 1.806640626083940715 ) ) ;
#6924 = AXIS2_PLACEMENT_3D ( 'NONE', #4307, #3255, #5355 ) ;
#6925 = CARTESIAN_POINT ( 'NONE',  ( 1.520279579551077509, 1.979720420448922935, 1.360156250000001066 ) ) ;
#6926 = ADVANCED_FACE ( 'NONE', ( #5596 ), #3863, .T. ) ;
#6927 = CARTESIAN_POINT ( 'NONE',  ( -2.579629788281249780, 4.568517644207729766, 7.809375001083940226 ) ) ;
#6928 = VERTEX_POINT ( 'NONE', #1813 ) ;
#6929 = CARTESIAN_POINT ( 'NONE',  ( 1.520279579551077065, 5.020279579551076843, 6.519531252167881874 ) ) ;
#6930 = CARTESIAN_POINT ( 'NONE',  ( -0.1900703020812543609, 1.357824593058939655, 6.806286314892344258 ) ) ;
#6931 = CARTESIAN_POINT ( 'NONE',  ( 1.464237706134017936, 5.074329908674068079, 1.562963668420694452 ) ) ;
#6932 = CARTESIAN_POINT ( 'NONE',  ( -11.00000000000000178, 9.507820771309093644, 0.5000000000000000000 ) ) ;
#6933 = ORIENTED_EDGE ( 'NONE', *, *, #6348, .T. ) ;
#6934 = VERTEX_POINT ( 'NONE', #2858 ) ;
#6935 = CARTESIAN_POINT ( 'NONE',  ( 0.5637760830467603013, 1.405774758352100529, 3.674971664943567085 ) ) ;
#6936 = CARTESIAN_POINT ( 'NONE',  ( -1.667574449071635323, 2.142795510181181307, 1.942848133736871041 ) ) ;
#6937 = CARTESIAN_POINT ( 'NONE',  ( 1.510699766103556607, 5.030919868205216083, 2.353253251189379114 ) ) ;
#6938 = CARTESIAN_POINT ( 'NONE',  ( 2.145545205863994997, 3.638440348376514866, 3.054689526711830805 ) ) ;
#6939 = LINE ( 'NONE', #5774, #6169 ) ;
#6940 = DIRECTION ( 'NONE',  ( 0.000000000000000000, 0.000000000000000000, -1.000000000000000000 ) ) ;
#6941 = CARTESIAN_POINT ( 'NONE',  ( -2.120889249189039649, 3.145803625879890042, 4.257911942883100487 ) ) ;
#6942 = CYLINDRICAL_SURFACE ( 'NONE', #4535, 3.300000000000000266 ) ;
#6943 = CARTESIAN_POINT ( 'NONE',  ( 2.149999999998930100, 3.499998520391076617, 3.245285119891112124 ) ) ;
#6944 = CARTESIAN_POINT ( 'NONE',  ( -2.049844958506240378, 4.148777524277113216, 5.786548609167567747 ) ) ;
#6945 = CARTESIAN_POINT ( 'NONE',  ( 2.579629788281250669, 2.431482355792271122, 0.3679687510839413367 ) ) ;
#6946 = EDGE_CURVE ( 'NONE', #6658, #5235, #5950, .T. ) ;
#6947 = EDGE_LOOP ( 'NONE', ( #6467, #5619, #7045, #4378 ) ) ;
#6948 = AXIS2_PLACEMENT_3D ( 'NONE', #4479, #6108, #1815 ) ;
#6949 = CARTESIAN_POINT ( 'NONE',  ( -2.098231735599972669, 3.010287564407048144, 2.678550088452980038 ) ) ;
#6950 = CARTESIAN_POINT ( 'NONE',  ( -1.999080449441574592, 4.292759586543791528, 1.014779786241327253 ) ) ;
#6951 = CARTESIAN_POINT ( 'NONE',  ( 0.8273712999424089887, 1.515361156501023210, 7.660838490956203728 ) ) ;
#6952 = CARTESIAN_POINT ( 'NONE',  ( 1.114792051686594121, 5.338426400930978311, 7.938607392772198956 ) ) ;
#6953 = CARTESIAN_POINT ( 'NONE',  ( -2.149999999999999467, 2.609440840897844449, 1.310546877167881874 ) ) ;
#6954 = CARTESIAN_POINT ( 'NONE',  ( -1.520279579551076843, 1.979720420448922491, 2.947656252167881075 ) ) ;
#6955 = ORIENTED_EDGE ( 'NONE', *, *, #5472, .T. ) ;
#6956 = EDGE_LOOP ( 'NONE', ( #5217, #934, #3129, #7065 ) ) ;
#6957 = AXIS2_PLACEMENT_3D ( 'NONE', #3413, #4931, #5539 ) ;
#6958 = CARTESIAN_POINT ( 'NONE',  ( 1.068517644207731099, 0.9203702117187504417, 2.550781251083940493 ) ) ;
#6959 = CARTESIAN_POINT ( 'NONE',  ( 4.738703044805694992E-16, 0.9203702117187499976, 2.501171876083940759 ) ) ;
#6960 = CARTESIAN_POINT ( 'NONE',  ( -2.098779407610907644, 3.012944399325863554, 5.853387116372393173 ) ) ;
#6961 = DIRECTION ( 'NONE',  ( 0.000000000000000000, -0.000000000000000000, -1.000000000000000000 ) ) ;
#6962 = CARTESIAN_POINT ( 'NONE',  ( -1.824073716244489329, 1.675926283755509782, 0.8144531260839416031 ) ) ;
#6963 = CARTESIAN_POINT ( 'NONE',  ( -1.068517644207730211, 0.9203702117187504417, 6.519531251083941825 ) ) ;
#6964 = AXIS2_PLACEMENT_3D ( 'NONE', #3977, #1120, #3396 ) ;
#6965 = EDGE_CURVE ( 'NONE', #673, #5438, #4793, .T. ) ;
#6966 = DIRECTION ( 'NONE',  ( 0.000000000000000000, 0.000000000000000000, 1.000000000000000000 ) ) ;
#6967 = ORIENTED_EDGE ( 'NONE', *, *, #5995, .F. ) ;
#6968 = CARTESIAN_POINT ( 'NONE',  ( 0.4473650744965727566, 5.604249556367411955, 4.806859894411801726 ) ) ;
#6969 = CARTESIAN_POINT ( 'NONE',  ( -1.836082996919412347, 2.381266788360256736, 6.688312940659231209 ) ) ;
#6970 = EDGE_CURVE ( 'NONE', #228, #1016, #3179, .T. ) ;
#6971 = CARTESIAN_POINT ( 'NONE',  ( 0.6502425475686222089, 5.549516185628935006, 1.619293675399541721 ) ) ;
#6972 = CARTESIAN_POINT ( 'NONE',  ( 2.149999999999999911, 4.390559159102155995, 7.065234375000001954 ) ) ;
#6973 = ADVANCED_FACE ( 'NONE', ( #2070 ), #5895, .F. ) ;
#6974 = ORIENTED_EDGE ( 'NONE', *, *, #2739, .F. ) ;
#6975 = VERTEX_POINT ( 'NONE', #912 ) ;
#6976 = CARTESIAN_POINT ( 'NONE',  ( 6.391659079231616580, 1.181818181818181435, 8.000000000000000000 ) ) ;
#6977 = CARTESIAN_POINT ( 'NONE',  ( -0.3010260128313427264, 5.628830768393270567, 2.468819932802669648 ) ) ;
#6978 = EDGE_LOOP ( 'NONE', ( #3121, #3931, #2715, #853 ) ) ;
#6979 = CARTESIAN_POINT ( 'NONE',  ( 1.849186592435457577, 4.597132023828361724, 3.114931995040158164 ) ) ;
#6980 = CARTESIAN_POINT ( 'NONE',  ( -2.141886027294604311, 2.052570860715949408, 8.000000000000003553 ) ) ;
#6981 = CYLINDRICAL_SURFACE ( 'NONE', #4066, 2.149999999999999911 ) ;
#6982 = CARTESIAN_POINT ( 'NONE',  ( -21.49999999999999645, -3.700000000000000178, 0.2071067811865474895 ) ) ;
#6983 = CARTESIAN_POINT ( 'NONE',  ( 4.000000000000000000, 15.27371993328518762, 2.000000000000000000 ) ) ;
#6984 = CARTESIAN_POINT ( 'NONE',  ( -1.421877202076493596, 5.112704806383089995, 5.718166909784057061 ) ) ;
#6985 = CARTESIAN_POINT ( 'NONE',  ( 2.579629788281250224, 3.500000000000000444, 2.798828126083941825 ) ) ;
#6986 = ORIENTED_EDGE ( 'NONE', *, *, #3877, .T. ) ;
#6987 = CARTESIAN_POINT ( 'NONE',  ( -1.500802604080224700, 1.960469748759305686, 2.750748649276550939 ) ) ;
#6988 = CARTESIAN_POINT ( 'NONE',  ( -1.631790229838838258, 4.900002193799561923, 0.9725564692097959929 ) ) ;
#6989 = CARTESIAN_POINT ( 'NONE',  ( -1.475276920187027274, 1.934486531568378131, 7.515210556976250622 ) ) ;
#6990 = CARTESIAN_POINT ( 'NONE',  ( 1.555782301167823567, 4.983931983226850271, 7.905749780656525338 ) ) ;
#6991 = DIRECTION ( 'NONE',  ( -1.000000000000000000, 0.000000000000000000, 0.000000000000000000 ) ) ;
#6992 = CARTESIAN_POINT ( 'NONE',  ( 0.8905591591021556619, 1.350000000000000533, 0.7152343771678814077 ) ) ;
#6993 = ORIENTED_EDGE ( 'NONE', *, *, #1929, .T. ) ;
#6994 = CARTESIAN_POINT ( 'NONE',  ( 1.068517644207731099, 0.9203702117187504417, 0.9632812510839408038 ) ) ;
#6995 = CARTESIAN_POINT ( 'NONE',  ( 1.824073716244490218, 1.675926283755510227, 4.187890626083940582 ) ) ;
#6996 = CARTESIAN_POINT ( 'NONE',  ( -1.874922686012525430, 2.446984116595571468, 5.890006583050313438 ) ) ;
#6997 = CARTESIAN_POINT ( 'NONE',  ( -12.97417249625976332, -3.708609167913425431, 0.3933195120613668938 ) ) ;
#6998 = CARTESIAN_POINT ( 'NONE',  ( 1.824073716244490218, 1.675926283755510227, 2.600390626083941115 ) ) ;
#6999 = CARTESIAN_POINT ( 'NONE',  ( -2.579629788281249780, 4.568517644207729766, 6.321093751083942891 ) ) ;
#7000 = CARTESIAN_POINT ( 'NONE',  ( 2.579629788281249780, 4.568517644207729766, 7.511718751083940049 ) ) ;
#7001 = EDGE_LOOP ( 'NONE', ( #6093, #1439, #6082, #1428 ) ) ;
#7002 = CARTESIAN_POINT ( 'NONE',  ( 0.2810665728281968589, 5.631925047799645867, 4.816590303880663448 ) ) ;
#7003 = CARTESIAN_POINT ( 'NONE',  ( -1.260610797275236283, 5.241674338354679996, 4.118734528094550207 ) ) ;
#7004 = CARTESIAN_POINT ( 'NONE',  ( -1.068517644207729766, 6.079629788281250669, 5.428125001083942358 ) ) ;
#7005 = CARTESIAN_POINT ( 'NONE',  ( -2.149999999999999911, 4.390559159102155995, 8.156640625000001421 ) ) ;
#7006 = VERTEX_POINT ( 'NONE', #7012 ) ;
#7007 = ORIENTED_EDGE ( 'NONE', *, *, #6056, .T. ) ;
#7008 = CARTESIAN_POINT ( 'NONE',  ( 0.2583622532036086716, 5.741237417309639213, -2.097404151547503631E-14 ) ) ;
#7009 = CARTESIAN_POINT ( 'NONE',  ( 0.6366414737648566913, 5.554274323528243684, 2.413889115595052370 ) ) ;
#7010 = VERTEX_POINT ( 'NONE', #3036 ) ;
#7011 = CARTESIAN_POINT ( 'NONE',  ( -2.107324285915882278, 3.067798036856762778, 5.056360687446520785 ) ) ;
#7012 = CARTESIAN_POINT ( 'NONE',  ( -15.85000000000000675, -7.500000000000000000, 0.000000000000000000 ) ) ;
#7013 = FACE_OUTER_BOUND ( 'NONE', #364, .T. ) ;
#7014 = DIRECTION ( 'NONE',  ( -0.000000000000000000, 0.000000000000000000, 1.000000000000000000 ) ) ;
#7015 = LINE ( 'NONE', #2107, #5466 ) ;
#7016 = CARTESIAN_POINT ( 'NONE',  ( -1.824073716244482224, 1.675926283755517110, 4.882421876083948398 ) ) ;
#7017 = CARTESIAN_POINT ( 'NONE',  ( 1.182642341022016819, 5.295893727274864737, 5.552517220271393050 ) ) ;
#7018 = DIRECTION ( 'NONE',  ( 0.9833321660356338922, -0.1818181818181797971, 0.000000000000000000 ) ) ;
#7019 = ORIENTED_EDGE ( 'NONE', *, *, #3084, .T. ) ;
#7020 = CARTESIAN_POINT ( 'NONE',  ( -6.408326913195983465, 1.000000000000000000, 2.000000000000000000 ) ) ;
#7021 = CARTESIAN_POINT ( 'NONE',  ( 0.8905591591021542186, 5.650000000000000355, 1.012890627167881696 ) ) ;
#7022 = VECTOR ( 'NONE', #6799, 1000.000000000000000 ) ;
#7023 = DIRECTION ( 'NONE',  ( 1.000000000000000000, -1.421627043727334733E-14, 0.000000000000000000 ) ) ;
#7024 = CARTESIAN_POINT ( 'NONE',  ( 1.329581563950400058, 5.191449412576378819, 7.923149923301380682 ) ) ;
#7025 = CARTESIAN_POINT ( 'NONE',  ( -5.408326913195983465, -0.5171572875253820367, 6.200000000000000178 ) ) ;
#7026 = CARTESIAN_POINT ( 'NONE',  ( 2.138563827294025721, 3.276354199581555271, 0.6528995843060455551 ) ) ;
#7027 = VERTEX_POINT ( 'NONE', #2610 ) ;
#7028 =( BOUNDED_CURVE ( )  B_SPLINE_CURVE ( 2, ( #3109, #2572, #2033 ),
 .UNSPECIFIED., .F., .F. ) 
 B_SPLINE_CURVE_WITH_KNOTS ( ( 3, 3 ),
 ( 0.8334581484206969870, 0.8404236981291616226 ),
 .UNSPECIFIED. ) 
 CURVE ( )  GEOMETRIC_REPRESENTATION_ITEM ( )  RATIONAL_B_SPLINE_CURVE ( ( 1.000000000000000000, 0.9465622019903919826, 0.9681527991108870301 ) ) 
 REPRESENTATION_ITEM ( '' )  );
#7029 = EDGE_CURVE ( 'NONE', #2673, #4357, #1916, .T. ) ;
#7030 = CARTESIAN_POINT ( 'NONE',  ( -1.824073716244489995, 5.324073716244490662, 0.6160156260839408926 ) ) ;
#7031 = CARTESIAN_POINT ( 'NONE',  ( -2.579629788281249336, 2.431482355792268013, -0.02890624891605832192 ) ) ;
#7032 = CARTESIAN_POINT ( 'NONE',  ( -3.499999999999998224, 0.000000000000000000, 0.5000000000000000000 ) ) ;
#7033 = FACE_OUTER_BOUND ( 'NONE', #2289, .T. ) ;
#7034 = CARTESIAN_POINT ( 'NONE',  ( -2.149999999999999911, 4.390559159102155995, 8.355078127167880453 ) ) ;
#7035 = CARTESIAN_POINT ( 'NONE',  ( -1.824073716244489995, 5.324073716244490662, 7.065234376083942003 ) ) ;
#7036 = CIRCLE ( 'NONE', #1719, 3.499999999999999556 ) ;
#7037 = EDGE_CURVE ( 'NONE', #6586, #2843, #6939, .T. ) ;
#7038 = CARTESIAN_POINT ( 'NONE',  ( 5.408326913195983465, -0.5171572875253828139, 6.200000000000000178 ) ) ;
#7039 = CARTESIAN_POINT ( 'NONE',  ( 1.988492739392814013, 4.317912754304413347, 4.683667600312441337 ) ) ;
#7040 = CARTESIAN_POINT ( 'NONE',  ( 0.1621674919710212603, 5.643880709944290253, 4.029899504461752713 ) ) ;
#7041 = AXIS2_PLACEMENT_3D ( 'NONE', #370, #334, #1376 ) ;
#7042 = CARTESIAN_POINT ( 'NONE',  ( 1.824073716244490218, 1.675926283755510227, 5.080859376083942003 ) ) ;
#7043 = CARTESIAN_POINT ( 'NONE',  ( -2.149999999999999467, 2.609440840897844893, 5.874609375000000355 ) ) ;
#7044 = EDGE_LOOP ( 'NONE', ( #384, #4864, #3561, #167, #6597 ) ) ;
#7045 = ORIENTED_EDGE ( 'NONE', *, *, #4671, .F. ) ;
#7046 = CARTESIAN_POINT ( 'NONE',  ( -2.494594710778808455, 4.120031454643791058, -1.172904128780768173E-15 ) ) ;
#7047 = CARTESIAN_POINT ( 'NONE',  ( 1.368392896740134423, 5.160941102048659523, 2.364262423372832433 ) ) ;
#7048 = CARTESIAN_POINT ( 'NONE',  ( -0.1729655227609898926, 1.356951218703480899, 5.219849628228452332 ) ) ;
#7049 = PRODUCT_CONTEXT ( 'NONE', #6299, 'mechanical' ) ;
#7050 = FACE_OUTER_BOUND ( 'NONE', #4169, .T. ) ;
#7051 = LINE ( 'NONE', #5424, #7064 ) ;
#7052 = CYLINDRICAL_SURFACE ( 'NONE', #1760, 0.9999999999999991118 ) ;
#7053 = CARTESIAN_POINT ( 'NONE',  ( -1.068517644207725548, 6.079629788281240010, 5.428125001083948575 ) ) ;
#7054 = CARTESIAN_POINT ( 'NONE',  ( -1.405506567852356170, 5.127091471086457020, 5.716922469998275247 ) ) ;
#7055 = CARTESIAN_POINT ( 'NONE',  ( 3.949485927250213853E-16, 1.350000000000000089, 2.253125002167881252 ) ) ;
#7056 = VERTEX_POINT ( 'NONE', #4271 ) ;
#7057 = ADVANCED_FACE ( 'NONE', ( #6472 ), #5738, .F. ) ;
#7058 = DIRECTION ( 'NONE',  ( 0.000000000000000000, 0.000000000000000000, -1.000000000000000000 ) ) ;
#7059 = CARTESIAN_POINT ( 'NONE',  ( 2.140792361180988479, 3.708423726884717109, 0.6776535131653496080 ) ) ;
#7060 = LINE ( 'NONE', #2115, #2332 ) ;
#7061 = DIRECTION ( 'NONE',  ( -1.000000000000000000, 0.000000000000000000, 0.000000000000000000 ) ) ;
#7062 = CARTESIAN_POINT ( 'NONE',  ( -0.8381579225734994143, 5.482142231562772139, 7.264536733020733550 ) ) ;
#7063 = CARTESIAN_POINT ( 'NONE',  ( 1.477902290338878322, 1.938490109866049194, 0.5630940493320309992 ) ) ;
#7064 = VECTOR ( 'NONE', #5457, 1000.000000000000000 ) ;
#7065 = ORIENTED_EDGE ( 'NONE', *, *, #5111, .F. ) ;
#7066 = VECTOR ( 'NONE', #897, 1000.000000000000000 ) ;
#7067 = CARTESIAN_POINT ( 'NONE',  ( -1.824073716244489329, 1.675926283755509782, 1.608203126083940893 ) ) ;
#7068 = SURFACE_STYLE_USAGE ( .BOTH. , #2696 ) ;
#7069 = PLANE ( 'NONE',  #6594 ) ;
#7070 = CARTESIAN_POINT ( 'NONE',  ( 2.579629788281250224, 2.675928163560478801, -1.307400814547893919 ) ) ;
#7071 = CARTESIAN_POINT ( 'NONE',  ( -1.316495309083404618E-16, 5.650000000000000355, -0.7234374999999984013 ) ) ;
#7072 = AXIS2_PLACEMENT_3D ( 'NONE', #3841, #5399, #4245 ) ;
#7073 = CARTESIAN_POINT ( 'NONE',  ( 4.738703044805694992E-16, 0.9203702117187499976, 6.469921876083940759 ) ) ;
#7074 = CARTESIAN_POINT ( 'NONE',  ( 1.703819748771439935, 4.818631613018421689, 4.717768463336388329 ) ) ;
#7075 = CARTESIAN_POINT ( 'NONE',  ( -1.060902824424490465, 5.370454967988127493, 4.104615776261018034 ) ) ;
#7076 = VECTOR ( 'NONE', #5608, 1000.000000000000000 ) ;
#7077 = CIRCLE ( 'NONE', #3959, 0.5000000000000003331 ) ;
#7078 = CARTESIAN_POINT ( 'NONE',  ( -1.824073716244489995, 5.324073716244490662, 4.683984376083942358 ) ) ;
#7079 = CARTESIAN_POINT ( 'NONE',  ( -0.8905591591021546627, 5.650000000000000355, 5.676171875000001421 ) ) ;
#7080 = ORIENTED_EDGE ( 'NONE', *, *, #4899, .T. ) ;
#7081 = VERTEX_POINT ( 'NONE', #1993 ) ;
#7082 = CARTESIAN_POINT ( 'NONE',  ( 0.8905591591021556619, 1.350000000000000533, 7.065234377167881163 ) ) ;
#7083 = CARTESIAN_POINT ( 'NONE',  ( 2.143994469377946910, 3.710702918264203731, 2.265223217003053513 ) ) ;
#7084 = AXIS2_PLACEMENT_3D ( 'NONE', #6326, #6903, #1271 ) ;
#7085 = CARTESIAN_POINT ( 'NONE',  ( -0.6801122336754700237, 1.460352444493184354, 5.189255032591463035 ) ) ;
#7086 = DIRECTION ( 'NONE',  ( 1.000000000000000000, -0.000000000000000000, 0.000000000000000000 ) ) ;
#7087 = FACE_OUTER_BOUND ( 'NONE', #5769, .T. ) ;
#7088 = CARTESIAN_POINT ( 'NONE',  ( -6.391659079231618357, 1.181818181818181879, 8.000000000000000000 ) ) ;
#7089 = CARTESIAN_POINT ( 'NONE',  ( -1.824073716244482890, 5.324073716244483556, 7.065234376083947332 ) ) ;
#7090 = CARTESIAN_POINT ( 'NONE',  ( 0.04421937895082050929, 5.649607096552978547, 5.624088620671451544 ) ) ;
#7091 = CYLINDRICAL_SURFACE ( 'NONE', #1927, 0.5000000000000000000 ) ;
#7092 = ORIENTED_EDGE ( 'NONE', *, *, #6970, .T. ) ;
#7093 = CARTESIAN_POINT ( 'NONE',  ( 3.949485927250213853E-16, 1.350000000000000089, 3.840625002167881608 ) ) ;
#7094 = CARTESIAN_POINT ( 'NONE',  ( 1.135213720502642687, 5.327611506325135693, 0.7933907226491944131 ) ) ;
#7095 = CARTESIAN_POINT ( 'NONE',  ( 11.50000000000000000, -1.595945597898662330E-15, 0.5000000000000000000 ) ) ;
#7096 = DIRECTION ( 'NONE',  ( 0.000000000000000000, 0.000000000000000000, -1.000000000000000000 ) ) ;
#7097 = DIRECTION ( 'NONE',  ( -0.000000000000000000, -0.000000000000000000, -1.000000000000000000 ) ) ;
#7098 = CARTESIAN_POINT ( 'NONE',  ( -2.149999999999999467, 2.609440840897844893, -1.070703122832118659 ) ) ;
#7099 = ORIENTED_EDGE ( 'NONE', *, *, #5639, .F. ) ;
#7100 = VECTOR ( 'NONE', #1267, 1000.000000000000000 ) ;
#7101 = EDGE_CURVE ( 'NONE', #4367, #3599, #3430, .T. ) ;
#7102 = EDGE_CURVE ( 'NONE', #3599, #2183, #851, .T. ) ;
#7103 = CARTESIAN_POINT ( 'NONE',  ( -1.824073716244489329, 1.675926283755509782, 2.401953126083941292 ) ) ;
#7104 = CARTESIAN_POINT ( 'NONE',  ( 7.039260643507595283, 1.301559753411398068, 6.341421356237309404 ) ) ;
#7105 = CARTESIAN_POINT ( 'NONE',  ( -0.8905591591021551068, 1.350000000000000533, 6.966015627167879920 ) ) ;
#7106 = CARTESIAN_POINT ( 'NONE',  ( 1.943052857103511277, 4.420798733827010274, 4.690443859125259962 ) ) ;
#7107 = CARTESIAN_POINT ( 'NONE',  ( -1.621601793567664096, 4.918598668563167742, 4.146297863716950971 ) ) ;
#7108 = CARTESIAN_POINT ( 'NONE',  ( 1.068517644207731321, 0.9203702117187504417, 6.618750001083941292 ) ) ;
#7109 = CARTESIAN_POINT ( 'NONE',  ( -0.8905591591021546627, 5.650000000000000355, 7.263671875000000888 ) ) ;
#7110 = VERTEX_POINT ( 'NONE', #6899 ) ;
#7111 = ORIENTED_EDGE ( 'NONE', *, *, #25, .F. ) ;
#7112 = CARTESIAN_POINT ( 'NONE',  ( -17.50000000000000355, -7.500000000000000000, 0.000000000000000000 ) ) ;
#7113 = EDGE_CURVE ( 'NONE', #6586, #885, #2826, .T. ) ;
#7114 = CARTESIAN_POINT ( 'NONE',  ( -0.1911293836669516466, 1.358494007513297630, 1.250094933548820064 ) ) ;
#7115 = CARTESIAN_POINT ( 'NONE',  ( 1.419960310819158744, 1.879515040885740618, 5.320946331344815761 ) ) ;
#7116 = CARTESIAN_POINT ( 'NONE',  ( 0.000000000000000000, -5.179673909541009813, 0.5000000000000000000 ) ) ;
#7117 = CARTESIAN_POINT ( 'NONE',  ( 12.00000000000000355, -4.200000000000000178, 0.5000000000000000000 ) ) ;
#7118 = CARTESIAN_POINT ( 'NONE',  ( -6.408326913195986130, 1.000000000000000000, 6.000000000000000000 ) ) ;
#7119 = CARTESIAN_POINT ( 'NONE',  ( 1.068517644207727102, 0.9203702117187605447, 7.412500001083947687 ) ) ;
#7120 = CARTESIAN_POINT ( 'NONE',  ( -1.329344814566350674, 5.190892742075512878, 5.711201932107616841 ) ) ;
#7121 = CARTESIAN_POINT ( 'NONE',  ( 2.579629788281249780, 4.568517644207729766, -1.120312498916057553 ) ) ;
#7122 = ORIENTED_EDGE ( 'NONE', *, *, #802, .F. ) ;
#7123 = ADVANCED_FACE ( 'NONE', ( #1413 ), #1100, .T. ) ;
#7124 = CARTESIAN_POINT ( 'NONE',  ( 4.000000000000000000, 14.54651426760056765, 2.000000000000000000 ) ) ;
#7125 = CARTESIAN_POINT ( 'NONE',  ( 0.9940402587402780155, 5.406435270548143990, 0.8030685779424261428 ) ) ;
#7126 = EDGE_CURVE ( 'NONE', #7027, #4411, #333, .T. ) ;
#7127 = DIRECTION ( 'NONE',  ( -1.000000000000000000, -0.000000000000000000, -0.000000000000000000 ) ) ;
#7128 = CARTESIAN_POINT ( 'NONE',  ( 2.149427491495982778, 3.549698341761596154, 7.812157119867330302 ) ) ;
#7129 = CARTESIAN_POINT ( 'NONE',  ( 0.7112542756729816062, 5.535081354811071996, 7.171793910273883910 ) ) ;
#7130 = CARTESIAN_POINT ( 'NONE',  ( 2.144144230137650542, 3.341387851219112637, 0.6566541635390878984 ) ) ;
#7131 = ORIENTED_EDGE ( 'NONE', *, *, #4599, .F. ) ;
#7132 = ADVANCED_FACE ( 'NONE', ( #510 ), #4334, .T. ) ;
#7133 = AXIS2_PLACEMENT_3D ( 'NONE', #5308, #3614, #870 ) ;
#7134 = VERTEX_POINT ( 'NONE', #542 ) ;
#7135 = CARTESIAN_POINT ( 'NONE',  ( -2.579629788281250224, 3.500000000000000000, 0.7152343760839403597 ) ) ;
#7136 = CYLINDRICAL_SURFACE ( 'NONE', #2690, 2.149999999999999911 ) ;
#7137 = CARTESIAN_POINT ( 'NONE',  ( 2.149999999980091836, 3.499993560177024232, 1.459255014377407900 ) ) ;
#7138 = CARTESIAN_POINT ( 'NONE',  ( -2.149999999999999911, 3.500000000000000000, 6.817187502167881163 ) ) ;
#7139 = EDGE_CURVE ( 'NONE', #4752, #4323, #2026, .T. ) ;
#7140 =( BOUNDED_SURFACE ( )  B_SPLINE_SURFACE ( 1, 2, ( 
 ( #5767, #6890, #828, #4690, #6026, #5961, #2133, #3216, #1080, #1046, #4907, #1556, #2569, #2702, #4842, #5346, #3282, #7005, #5927, #3789, #5482, #2163, #1624, #4766, #6466, #4229, #4366, #6500, #3758, #3181, #2062, #5415, #4264, #3822, #5448, #7109, #5887, #5381, #4876, #6972, #1517, #3248, #2030, #432, #1483, #6431, #939, #464, #5996, #4336, #6535, #2671, #1589, #501, #3144, #6564, #398, #3690, #2604, #4807, #3726, #977, #2635, #7043, #2098, #4299, #1011, #7079, #3386, #19, #672, #6126, #4462, #2879, #5080, #4429, #1251, #4939, #4497, #3927, #5581, #1178, #6163, #6708, #125, #637, #1756, #568, #2807, #2267, #1211, #4397, #54, #3890, #1797, #3460, #2232, #7144, #2842, #1111, #3421, #2342, #4538, #89, #1720, #534, #5041, #6746, #2194, #2304, #2770, #6199, #6673, #2733, #4002, #3316, #5617, #6599, #1654, #5006, #3857, #3967, #4969, #6060, #6635, #5514, #1684, #6091, #1141, #3350, #5547, #602, #5121, #753, #165, #5264, #1328, #6274, #2952, #4722, #6237, #2415, #5157, #863, #1941, #1399, #5697, #822, #205, #318, #3609, #3570, #4112, #713, #6925, #1437, #4575, #1835, #6852, #6309, #1361, #4610, #5797, #5190, #6817, #1979, #4044, #5762, #3062, #2381, #3021, #2485, #5227, #1872, #6781, #1289, #4147, #280, #4081, #2984, #5655, #4683, #3498, #6385, #3536, #5727, #786, #2522, #242, #2449, #4647, #4185, #1904, #6885, #6346, #2918, #7071, #6530, #3684, #5955, #5879, #5443, #1582, #1550, #2093 ),
 ( #4330, #3753, #900, #3783, #3099, #3718, #5301, #4449, #458, #1004, #6657, #6493, #6424, #3209, #42, #5410, #2664, #4870, #5990, #1039, #2127, #2056, #3244, #1475, #932, #493, #5838, #2791, #4993, #3137, #4292, #5921, #5340, #2254, #7035, #3648, #971, #4257, #3175, #391, #357, #2596, #2562, #6459, #4759, #6963, #2021, #4799, #4223, #6999, #1512, #5375, #2630, #426, #4835, #4026, #5175, #5103, #1274, #2365, #226, #188, #4064, #695, #1704, #1858, #3989, #4483, #2434, #6148, #5063, #2939, #4630, #1312, #771, #3909, #5602, #3372, #3520, #5641, #2901, #2327, #1199, #4560, #3406, #2969, #4595, #6257, #5027, #4518, #6223, #6113, #658, #2400, #2866, #5714, #1740, #1163, #6731, #6801, #5568, #3479, #111, #623, #6768, #1781, #2829, #149, #5679, #76, #738, #2288, #1820, #5142, #6693, #3949, #6185, #1233, #3444, #6836, #6985, #1960, #2470, #412, #4130, #3045, #918, #3158, #6444, #5901, #1891, #3590, #1347, #1496, #3631, #5820, #301, #6329, #339, #1381, #952, #2581, #2041, #3005, #2504, #2000, #2616, #5780, #375, #5359, #4704, #5745, #4098, #5207, #2545, #3119, #4241, #884, #6906, #4743, #6293, #1418, #3552, #3082, #5283, #806, #261, #4667, #5322, #6945, #4209, #4167, #6869, #3702, #6365, #6408, #1458, #1922, #4782, #841, #5247, #3668, #5861, #5494, #2714, #2076, #2747, #4276, #4888, #6478, #5525, #1635, #2174, #580, #515, #444, #4919, #1121, #4377, #7121, #6576, #547, #7155, #3836, #3230 ) ),
 .UNSPECIFIED., .F., .F., .T. ) 
 B_SPLINE_SURFACE_WITH_KNOTS ( ( 2, 2 ),
 ( 3, 2, 2, 2, 2, 2, 2, 2, 2, 2, 2, 2, 2, 2, 2, 2, 2, 2, 2, 2, 2, 2, 2, 2, 2, 2, 2, 2, 2, 2, 2, 2, 2, 2, 2, 2, 2, 2, 2, 2, 2, 2, 2, 2, 2, 2, 2, 2, 2, 2, 2, 2, 2, 2, 2, 2, 2, 2, 2, 2, 2, 2, 2, 2, 2, 2, 2, 2, 2, 2, 2, 2, 2, 2, 2, 2, 2, 2, 2, 2, 2, 2, 2, 2, 2, 2, 2, 2, 2, 2, 2, 2, 2, 2, 2, 2, 2, 2, 2, 2, 2, 2, 3 ),
 ( 0.000000000000000000, 1.000000000000000000 ),
 ( 0.000000000000000000, 0.009615384615384615918, 0.01923076923076923184, 0.02884615384615384776, 0.03846153846153846367, 0.04807692307692307959, 0.05769230769230769551, 0.06730769230769230449, 0.07692307692307692735, 0.08653846153846153633, 0.09615384615384615918, 0.1057692307692307682, 0.1153846153846153910, 0.1250000000000000000, 0.1346153846153846090, 0.1442307692307692180, 0.1538461538461538547, 0.1634615384615384637, 0.1730769230769230727, 0.1826923076923076816, 0.1923076923076923184, 0.2019230769230769273, 0.2115384615384615363, 0.2211538461538461453, 0.2307692307692307820, 0.2403846153846153910, 0.2500000000000000000, 0.2596153846153846367, 0.2692307692307692180, 0.2788461538461538547, 0.2884615384615384359, 0.2980769230769230727, 0.3076923076923077094, 0.3173076923076922906, 0.3269230769230769273, 0.3365384615384615641, 0.3461538461538461453, 0.3557692307692307820, 0.3653846153846153633, 0.3750000000000000000, 0.3846153846153846367, 0.3942307692307692180, 0.4038461538461538547, 0.4134615384615384359, 0.4230769230769230727, 0.4326923076923077094, 0.4423076923076922906, 0.4519230769230769273, 0.4615384615384615641, 0.4711538461538461453, 0.4807692307692307820, 0.4903846153846153633, 0.5000000000000000000, 0.5096153846153845812, 0.5192307692307692735, 0.5288461538461538547, 0.5384615384615384359, 0.5480769230769231282, 0.5576923076923077094, 0.5673076923076922906, 0.5769230769230768718, 0.5865384615384615641, 0.5961538461538461453, 0.6057692307692307265, 0.6153846153846154188, 0.6250000000000000000, 0.6346153846153845812, 0.6442307692307692735, 0.6538461538461538547, 0.6634615384615384359, 0.6730769230769231282, 0.6826923076923077094, 0.6923076923076922906, 0.7019230769230768718, 0.7115384615384615641, 0.7211538461538461453, 0.7307692307692307265, 0.7403846153846154188, 0.7500000000000000000, 0.7596153846153845812, 0.7692307692307692735, 0.7788461538461538547, 0.7884615384615384359, 0.7980769230769231282, 0.8076923076923077094, 0.8173076923076922906, 0.8269230769230768718, 0.8365384615384615641, 0.8461538461538461453, 0.8557692307692307265, 0.8653846153846154188, 0.8750000000000000000, 0.8846153846153845812, 0.8942307692307692735, 0.9038461538461538547, 0.9134615384615384359, 0.9230769230769231282, 0.9326923076923077094, 0.9423076923076922906, 0.9519230769230768718, 0.9615384615384615641, 0.9690855009299265133, 0.9787763559392257395 ),
 .UNSPECIFIED. ) 
 GEOMETRIC_REPRESENTATION_ITEM ( )  RATIONAL_B_SPLINE_SURFACE ( (
 ( 1.000000000000000000, 0.9238795325112867385, 1.000000000000000000, 0.9238795325112867385, 1.000000000000000000, 0.9238795325112867385, 1.000000000000000000, 0.9238795325112867385, 1.000000000000000000, 0.9238795325112867385, 1.000000000000000000, 0.9238795325112867385, 1.000000000000000000, 0.9238795325112867385, 1.000000000000000000, 0.9238795325112867385, 1.000000000000000000, 0.9238795325112867385, 1.000000000000000000, 0.9238795325112867385, 1.000000000000000000, 0.9238795325112867385, 1.000000000000000000, 0.9238795325112867385, 1.000000000000000000, 0.9238795325112867385, 1.000000000000000000, 0.9238795325112867385, 1.000000000000000000, 0.9238795325112867385, 1.000000000000000000, 0.9238795325112867385, 1.000000000000000000, 0.9238795325112867385, 1.000000000000000000, 0.9238795325112867385, 1.000000000000000000, 0.9238795325112867385, 1.000000000000000000, 0.9238795325112867385, 1.000000000000000000, 0.9238795325112867385, 1.000000000000000000, 0.9238795325112867385, 1.000000000000000000, 0.9238795325112867385, 1.000000000000000000, 0.9238795325112867385, 1.000000000000000000, 0.9238795325112867385, 1.000000000000000000, 0.9238795325112867385, 1.000000000000000000, 0.9238795325112867385, 1.000000000000000000, 0.9238795325112867385, 1.000000000000000000, 0.9238795325112867385, 1.000000000000000000, 0.9238795325112867385, 1.000000000000000000, 0.9238795325112867385, 1.000000000000000000, 0.9238795325112867385, 1.000000000000000000, 0.9238795325112867385, 1.000000000000000000, 0.9238795325112867385, 1.000000000000000000, 0.9238795325112867385, 1.000000000000000000, 0.9238795325112867385, 1.000000000000000000, 0.9238795325112867385, 1.000000000000000000, 0.9238795325112867385, 1.000000000000000000, 0.9238795325112867385, 1.000000000000000000, 0.9238795325112867385, 1.000000000000000000, 0.9238795325112867385, 1.000000000000000000, 0.9238795325112867385, 1.000000000000000000, 0.9238795325112867385, 1.000000000000000000, 0.9238795325112867385, 1.000000000000000000, 0.9238795325112867385, 1.000000000000000000, 0.9238795325112867385, 1.000000000000000000, 0.9238795325112867385, 1.000000000000000000, 0.9238795325112867385, 1.000000000000000000, 0.9238795325112867385, 1.000000000000000000, 0.9238795325112867385, 1.000000000000000000, 0.9238795325112867385, 1.000000000000000000, 0.9238795325112867385, 1.000000000000000000, 0.9238795325112867385, 1.000000000000000000, 0.9238795325112867385, 1.000000000000000000, 0.9238795325112867385, 1.000000000000000000, 0.9238795325112867385, 1.000000000000000000, 0.9238795325112867385, 1.000000000000000000, 0.9238795325112867385, 1.000000000000000000, 0.9238795325112867385, 1.000000000000000000, 0.9238795325112867385, 1.000000000000000000, 0.9238795325112867385, 1.000000000000000000, 0.9238795325112867385, 1.000000000000000000, 0.9238795325112867385, 1.000000000000000000, 0.9238795325112867385, 1.000000000000000000, 0.9238795325112867385, 1.000000000000000000, 0.9238795325112867385, 1.000000000000000000, 0.9238795325112867385, 1.000000000000000000, 0.9238795325112867385, 1.000000000000000000, 0.9238795325112867385, 1.000000000000000000, 0.9238795325112867385, 1.000000000000000000, 0.9238795325112867385, 1.000000000000000000, 0.9238795325112867385, 1.000000000000000000, 0.9238795325112867385, 1.000000000000000000, 0.9238795325112867385, 1.000000000000000000, 0.9238795325112867385, 1.000000000000000000, 0.9238795325112867385, 1.000000000000000000, 0.9238795325112867385, 1.000000000000000000, 0.9238795325112867385, 1.000000000000000000, 0.9238795325112867385, 1.000000000000000000, 0.9238795325112867385, 1.000000000000000000, 0.9238795325112867385, 1.000000000000000000, 0.9238795325112867385, 1.000000000000000000, 0.9238795325112867385, 1.000000000000000000, 0.9238795325112867385, 1.000000000000000000, 0.9238795325112867385, 1.000000000000000000, 0.9238795325112867385, 1.000000000000000000, 0.9238795325112867385, 1.000000000000000000, 0.9238795325112867385, 1.000000000000000000, 0.9238795325112867385, 1.000000000000000000, 0.9238795325112867385, 1.000000000000000000, 0.9238795325112867385, 1.000000000000000000, 0.9238795325112867385, 1.000000000000000000, 0.9238795325112867385, 1.000000000000000000, 0.9238795325112867385, 1.000000000000000000, 0.9238795325112867385, 1.000000000000000000, 0.9238795325112867385, 1.000000000000000000, 0.9238795325112867385, 1.000000000000000000, 0.9238795325112867385, 1.000000000000000000, 0.9238795325112867385, 1.000000000000000000, 0.9238795325112867385, 1.000000000000000000, 0.9402536466700589513, 0.9742961744122273782, 0.9742961744122273782, 0.9742961744122273782),
 ( 1.000000000000000000, 0.9238795325112867385, 1.000000000000000000, 0.9238795325112867385, 1.000000000000000000, 0.9238795325112867385, 1.000000000000000000, 0.9238795325112867385, 1.000000000000000000, 0.9238795325112867385, 1.000000000000000000, 0.9238795325112867385, 1.000000000000000000, 0.9238795325112867385, 1.000000000000000000, 0.9238795325112867385, 1.000000000000000000, 0.9238795325112867385, 1.000000000000000000, 0.9238795325112867385, 1.000000000000000000, 0.9238795325112867385, 1.000000000000000000, 0.9238795325112867385, 1.000000000000000000, 0.9238795325112867385, 1.000000000000000000, 0.9238795325112867385, 1.000000000000000000, 0.9238795325112867385, 1.000000000000000000, 0.9238795325112867385, 1.000000000000000000, 0.9238795325112867385, 1.000000000000000000, 0.9238795325112867385, 1.000000000000000000, 0.9238795325112867385, 1.000000000000000000, 0.9238795325112867385, 1.000000000000000000, 0.9238795325112867385, 1.000000000000000000, 0.9238795325112867385, 1.000000000000000000, 0.9238795325112867385, 1.000000000000000000, 0.9238795325112867385, 1.000000000000000000, 0.9238795325112867385, 1.000000000000000000, 0.9238795325112867385, 1.000000000000000000, 0.9238795325112867385, 1.000000000000000000, 0.9238795325112867385, 1.000000000000000000, 0.9238795325112867385, 1.000000000000000000, 0.9238795325112867385, 1.000000000000000000, 0.9238795325112867385, 1.000000000000000000, 0.9238795325112867385, 1.000000000000000000, 0.9238795325112867385, 1.000000000000000000, 0.9238795325112867385, 1.000000000000000000, 0.9238795325112867385, 1.000000000000000000, 0.9238795325112867385, 1.000000000000000000, 0.9238795325112867385, 1.000000000000000000, 0.9238795325112867385, 1.000000000000000000, 0.9238795325112867385, 1.000000000000000000, 0.9238795325112867385, 1.000000000000000000, 0.9238795325112867385, 1.000000000000000000, 0.9238795325112867385, 1.000000000000000000, 0.9238795325112867385, 1.000000000000000000, 0.9238795325112867385, 1.000000000000000000, 0.9238795325112867385, 1.000000000000000000, 0.9238795325112867385, 1.000000000000000000, 0.9238795325112867385, 1.000000000000000000, 0.9238795325112867385, 1.000000000000000000, 0.9238795325112867385, 1.000000000000000000, 0.9238795325112867385, 1.000000000000000000, 0.9238795325112867385, 1.000000000000000000, 0.9238795325112867385, 1.000000000000000000, 0.9238795325112867385, 1.000000000000000000, 0.9238795325112867385, 1.000000000000000000, 0.9238795325112867385, 1.000000000000000000, 0.9238795325112867385, 1.000000000000000000, 0.9238795325112867385, 1.000000000000000000, 0.9238795325112867385, 1.000000000000000000, 0.9238795325112867385, 1.000000000000000000, 0.9238795325112867385, 1.000000000000000000, 0.9238795325112867385, 1.000000000000000000, 0.9238795325112867385, 1.000000000000000000, 0.9238795325112867385, 1.000000000000000000, 0.9238795325112867385, 1.000000000000000000, 0.9238795325112867385, 1.000000000000000000, 0.9238795325112867385, 1.000000000000000000, 0.9238795325112867385, 1.000000000000000000, 0.9238795325112867385, 1.000000000000000000, 0.9238795325112867385, 1.000000000000000000, 0.9238795325112867385, 1.000000000000000000, 0.9238795325112867385, 1.000000000000000000, 0.9238795325112867385, 1.000000000000000000, 0.9238795325112867385, 1.000000000000000000, 0.9238795325112867385, 1.000000000000000000, 0.9238795325112867385, 1.000000000000000000, 0.9238795325112867385, 1.000000000000000000, 0.9238795325112867385, 1.000000000000000000, 0.9238795325112867385, 1.000000000000000000, 0.9238795325112867385, 1.000000000000000000, 0.9238795325112867385, 1.000000000000000000, 0.9238795325112867385, 1.000000000000000000, 0.9238795325112867385, 1.000000000000000000, 0.9238795325112867385, 1.000000000000000000, 0.9238795325112867385, 1.000000000000000000, 0.9238795325112867385, 1.000000000000000000, 0.9238795325112867385, 1.000000000000000000, 0.9238795325112867385, 1.000000000000000000, 0.9238795325112867385, 1.000000000000000000, 0.9238795325112867385, 1.000000000000000000, 0.9238795325112867385, 1.000000000000000000, 0.9238795325112867385, 1.000000000000000000, 0.9238795325112867385, 1.000000000000000000, 0.9238795325112867385, 1.000000000000000000, 0.9238795325112867385, 1.000000000000000000, 0.9238795325112867385, 1.000000000000000000, 0.9238795325112867385, 1.000000000000000000, 0.9238795325112867385, 1.000000000000000000, 0.9238795325112867385, 1.000000000000000000, 0.9238795325112867385, 1.000000000000000000, 0.9238795325112867385, 1.000000000000000000, 0.9402536466700589513, 0.9742961744122273782, 0.9742961744122273782, 0.9742961744122273782) ) ) 
 REPRESENTATION_ITEM ( '' )  SURFACE ( )  );
#7141 = CARTESIAN_POINT ( 'NONE',  ( -5.408326913195983465, -2.385244779468109755E-15, 7.000000000000000000 ) ) ;
#7142 = CARTESIAN_POINT ( 'NONE',  ( -2.077778551403210994, 4.083587818197194963, 4.203180940274203969 ) ) ;
#7143 = CARTESIAN_POINT ( 'NONE',  ( -2.579629788281250224, 3.500000000000000000, 5.576953126083942003 ) ) ;
#7144 = CARTESIAN_POINT ( 'NONE',  ( -2.149999999999999911, 4.390559159102155995, 4.187890625000000533 ) ) ;
#7145 = EDGE_LOOP ( 'NONE', ( #3006, #2042, #624, #1836 ) ) ;
#7146 = ORIENTED_EDGE ( 'NONE', *, *, #5736, .T. ) ;
#7147 = CARTESIAN_POINT ( 'NONE',  ( 1.316742612361679443, 1.800382004203332942, 1.344688957223583170 ) ) ;
#7148 = EDGE_LOOP ( 'NONE', ( #5368, #1012, #6585, #1542 ) ) ;
#7149 = CARTESIAN_POINT ( 'NONE',  ( 0.1355152015787085829, 5.645741462835529134, 0.06264087180543972955 ) ) ;
#7150 = DIRECTION ( 'NONE',  ( 0.000000000000000000, 0.000000000000000000, -1.000000000000000000 ) ) ;
#7151 = PLANE ( 'NONE',  #4277 ) ;
#7152 = DIRECTION ( 'NONE',  ( 0.000000000000000000, -0.7071067811865474617, -0.7071067811865474617 ) ) ;
#7153 = CARTESIAN_POINT ( 'NONE',  ( 1.824073716244482668, 5.324073716244483556, 7.660546876083948575 ) ) ;
#7154 = CARTESIAN_POINT ( 'NONE',  ( -11.92260141062491030, -4.009298770933735767, 0.03709298023677169015 ) ) ;
#7155 = CARTESIAN_POINT ( 'NONE',  ( 2.101885377344259620, 2.004484134121490513, -1.248543615445908861 ) ) ;
#7156 = VERTEX_POINT ( 'NONE', #2200 ) ;
#7157 = CARTESIAN_POINT ( 'NONE',  ( -2.149999999999999911, 3.500000000000000000, 8.000000000000000000 ) ) ;
#7158 = CARTESIAN_POINT ( 'NONE',  ( 0.000000000000000000, -5.179673909541009813, 2.000000000000000000 ) ) ;
#7159 = CARTESIAN_POINT ( 'NONE',  ( 1.824073716244490218, 1.675926283755510227, 1.806640626083940715 ) ) ;
ENDSEC;
END-ISO-10303-21;
