ISO-10303-21;
HEADER;
FILE_DESCRIPTION (( 'STEP AP214' ),
    '1' );
FILE_NAME ('Fingertip_Spacer_Standoff.STEP',
    '2025-10-13T15:42:42',
    ( '' ),
    ( '' ),
    'SwSTEP 2.0',
    'SolidWorks 2025',
    '' );
FILE_SCHEMA (( 'AUTOMOTIVE_DESIGN' ));
ENDSEC;

DATA;
#1 = B_SPLINE_CURVE_WITH_KNOTS ( 'NONE', 3,
 ( #649, #473, #318, #665, #653, #1120, #1010, #1016, #565, #1028, #658, #840, #919, #926, #233, #761, #133, #1022 ),
 .UNSPECIFIED., .F., .F.,
 ( 4, 1, 1, 1, 2, 2, 1, 1, 2, 2, 1, 4 ),
 ( 0.3346117301039752689, 0.4177852638409768060, 0.4593720307094778521, 0.4801654141437285972, 0.4905621058608540808, 0.5009587975779795643, 0.6673058650519851920, 0.7088926319204861271, 0.7296860153547368721, 0.7504793987889876172, 0.8336529325259915968, 1.000000000000000000 ),
 .UNSPECIFIED. ) ;
#2 = CARTESIAN_POINT ( 'NONE',  ( -14.68177074468433219, -4.987329993433319608E-15, -4.321360518346547330 ) ) ;
#3 = CARTESIAN_POINT ( 'NONE',  ( 13.67351832826662950, 3.819322938917227674E-14, -4.921070878841538487 ) ) ;
#4 = ORIENTED_EDGE ( 'NONE', *, *, #911, .T. ) ;
#5 = CARTESIAN_POINT ( 'NONE',  ( -15.93069868398337974, 2.950546814360019088, -1.921519098395386926 ) ) ;
#6 = CARTESIAN_POINT ( 'NONE',  ( 13.41844079430000569, 3.857187776442678295, -4.141548953814372602 ) ) ;
#7 = PLANE ( 'NONE',  #930 ) ;
#8 = CARTESIAN_POINT ( 'NONE',  ( -15.69309378485023387, 4.683093784850318464, -2.872974596971897387 ) ) ;
#9 = CARTESIAN_POINT ( 'NONE',  ( -13.01000000000020762, 1.999999999999994893, -5.000000000000000000 ) ) ;
#10 = VECTOR ( 'NONE', #363, 1000.000000000000000 ) ;
#11 =( BOUNDED_SURFACE ( )  B_SPLINE_SURFACE ( 3, 2, ( 
 ( #225, #755, #994 ),
 ( #1111, #317, #576 ),
 ( #198, #144, #493 ),
 ( #850, #56, #760 ),
 ( #61, #68, #777 ),
 ( #165, #2, #682 ) ),
 .UNSPECIFIED., .F., .F., .F. ) 
 B_SPLINE_SURFACE_WITH_KNOTS ( ( 4, 2, 4 ),
 ( 3, 3 ),
 ( 0.000000000000000000, 0.0005543681587922576247, 0.001108736317584515249 ),
 ( 0.000000000000000000, 1.000000000000000000 ),
 .UNSPECIFIED. ) 
 GEOMETRIC_REPRESENTATION_ITEM ( )  RATIONAL_B_SPLINE_SURFACE ( (
 ( 1.000000000000000000, 0.7071067811865471286, 1.000000000000000000),
 ( 1.000000000000000000, 0.7071067811865471286, 1.000000000000000000),
 ( 1.000000000000000000, 0.7071067811865475727, 1.000000000000000000),
 ( 1.000000000000000000, 0.7071067811865475727, 1.000000000000000000),
 ( 1.000000000000000000, 0.7071067811865475727, 1.000000000000000000),
 ( 1.000000000000000000, 0.7071067811865475727, 1.000000000000000000) ) ) 
 REPRESENTATION_ITEM ( '' )  SURFACE ( )  );
#12 = CARTESIAN_POINT ( 'NONE',  ( -14.41529326246867271, 2.250608116985612472, -4.534170605653813801 ) ) ;
#13 = CARTESIAN_POINT ( 'NONE',  ( -14.00999999999999623, -4.999999999999998224, -3.580557819087474503 ) ) ;
#14 = AXIS2_PLACEMENT_3D ( 'NONE', #537, #979, #197 ) ;
#15 = CARTESIAN_POINT ( 'NONE',  ( 16.01000000000000156, -2.933333333333332238, -1.000000000000000000 ) ) ;
#16 = CARTESIAN_POINT ( 'NONE',  ( -15.71190157642599416, 2.820988119409094885, -2.748344974600689383 ) ) ;
#17 = CARTESIAN_POINT ( 'NONE',  ( 13.01000000000000156, 1.524659305057739994E-17, -4.261799387799150018 ) ) ;
#18 = CARTESIAN_POINT ( 'NONE',  ( -15.82846844876739389, 2.889309861829299830, -2.370332253977327941 ) ) ;
#19 = CARTESIAN_POINT ( 'NONE',  ( 13.10291352258944997, 2.714268341417128472, -4.884983847900915777 ) ) ;
#20 = CARTESIAN_POINT ( 'NONE',  ( -14.20694515249987333, 2.191604182020008285, -4.672684610023989826 ) ) ;
#21 = CYLINDRICAL_SURFACE ( 'NONE', #395, 0.9999999999999995559 ) ;
#22 = CARTESIAN_POINT ( 'NONE',  ( -13.34333333333333194, 1.999999999999994893, -5.000000000000000000 ) ) ;
#23 = AXIS2_PLACEMENT_3D ( 'NONE', #434, #952, #344 ) ;
#24 = DIRECTION ( 'NONE',  ( -1.000000000000000000, 0.000000000000000000, 0.000000000000000000 ) ) ;
#25 = CARTESIAN_POINT ( 'NONE',  ( 15.75757277670851408, 4.007237960741799832, -1.000000000000000000 ) ) ;
#26 = CARTESIAN_POINT ( 'NONE',  ( -13.77576980512822402, 2.765769805128503567, -4.920676976998918484 ) ) ;
#27 = CARTESIAN_POINT ( 'NONE',  ( 15.06584515465410590, 2.489353380720175757, -3.924727328128637449 ) ) ;
#28 = CARTESIAN_POINT ( 'NONE',  ( 15.41099999999999959, 5.000000000000000888, -1.000000000000000000 ) ) ;
#29 = DIRECTION ( 'NONE',  ( 0.000000000000000000, 0.000000000000000000, -1.000000000000000000 ) ) ;
#30 = CARTESIAN_POINT ( 'NONE',  ( -13.04952661644939305, 2.349770136375631147, -4.977260186471228920 ) ) ;
#31 = ORIENTED_EDGE ( 'NONE', *, *, #186, .F. ) ;
#32 = ORIENTED_EDGE ( 'NONE', *, *, #890, .F. ) ;
#33 = ADVANCED_FACE ( 'NONE', ( #470 ), #21, .T. ) ;
#34 = CARTESIAN_POINT ( 'NONE',  ( -14.00999999999999979, 4.999999999999996447, -1.356475229479814359 ) ) ;
#35 = CARTESIAN_POINT ( 'NONE',  ( 13.83098811940969242, 4.701901576426101848, -2.748344974600370083 ) ) ;
#36 = CARTESIAN_POINT ( 'NONE',  ( -14.00999999999999979, 4.999999999999994671, -1.000000000000000000 ) ) ;
#37 = ORIENTED_EDGE ( 'NONE', *, *, #186, .T. ) ;
#38 = CARTESIAN_POINT ( 'NONE',  ( -13.30736301561083046, 3.556445425631225454, -4.422918003827777333 ) ) ;
#39 = CARTESIAN_POINT ( 'NONE',  ( -13.00999999999999979, 0.4780133412367125745, -4.892226903609812716 ) ) ;
#40 = DIRECTION ( 'NONE',  ( -0.000000000000000000, -0.000000000000000000, 1.000000000000000000 ) ) ;
#41 = VERTEX_POINT ( 'NONE', #9 ) ;
#42 = CARTESIAN_POINT ( 'NONE',  ( -13.20160418582604223, 3.196945310666125195, -4.672684506312187125 ) ) ;
#43 = CARTESIAN_POINT ( 'NONE',  ( 16.00999998647794342, 4.999999986489137349, -1.490079994147880615 ) ) ;
#44 = CARTESIAN_POINT ( 'NONE',  ( 4.336666666666666003, 2.000000000000000000, -5.000000000000000000 ) ) ;
#45 = AXIS2_PLACEMENT_3D ( 'NONE', #100, #377, #190 ) ;
#46 = CARTESIAN_POINT ( 'NONE',  ( -16.01000000000000156, 3.399999999999994582, -1.000000000000000000 ) ) ;
#47 = ORIENTED_EDGE ( 'NONE', *, *, #604, .F. ) ;
#48 = CARTESIAN_POINT ( 'NONE',  ( -13.66146526835978570, 4.391822843139710386, -3.424491854025205839 ) ) ;
#49 = CARTESIAN_POINT ( 'NONE',  ( -13.01000000000000156, 0.9999999999999965583, -4.999999999999999112 ) ) ;
#50 = CARTESIAN_POINT ( 'NONE',  ( -14.47699999999959353, 4.999999999999994671, -5.000000000000000888 ) ) ;
#51 = CARTESIAN_POINT ( 'NONE',  ( 14.00999999999999979, 5.000000000000000000, -5.000000000000000000 ) ) ;
#52 = EDGE_LOOP ( 'NONE', ( #914, #460, #540, #1068, #1070, #791 ) ) ;
#53 = ADVANCED_FACE ( 'NONE', ( #721 ), #985, .T. ) ;
#54 = CARTESIAN_POINT ( 'NONE',  ( 16.01000000000000156, 3.133333333333332860, -5.000000000000000888 ) ) ;
#55 = CARTESIAN_POINT ( 'NONE',  ( 0.000000000000000000, -4.999999999999998224, -11.54752010819512087 ) ) ;
#56 = CARTESIAN_POINT ( 'NONE',  ( -14.23839986665762858, -2.495130642600836087E-14, -4.670813155363742197 ) ) ;
#57 = LINE ( 'NONE', #669, #339 ) ;
#58 = VERTEX_POINT ( 'NONE', #822 ) ;
#59 = CARTESIAN_POINT ( 'NONE',  ( 13.04952661644938239, 2.349770136375777252, -4.977260186471190728 ) ) ;
#60 = VECTOR ( 'NONE', #768, 1000.000000000000000 ) ;
#61 = CARTESIAN_POINT ( 'NONE',  ( -13.87648659080153735, -5.178737069971111865E-15, -3.700042931279329039 ) ) ;
#62 = CARTESIAN_POINT ( 'NONE',  ( 14.47806226129815599, 6.852308081116725183E-13, -4.503644049530862503 ) ) ;
#63 = ORIENTED_EDGE ( 'NONE', *, *, #203, .T. ) ;
#64 = FACE_OUTER_BOUND ( 'NONE', #1017, .T. ) ;
#65 = EDGE_CURVE ( 'NONE', #212, #442, #76, .T. ) ;
#66 = DIRECTION ( 'NONE',  ( 0.000000000000000000, -1.000000000000000000, 0.000000000000000000 ) ) ;
#67 = ADVANCED_FACE ( 'NONE', ( #464 ), #728, .T. ) ;
#68 = CARTESIAN_POINT ( 'NONE',  ( -14.47806226129716123, 1.559373207129696768E-13, -4.503644049529769156 ) ) ;
#69 = CARTESIAN_POINT ( 'NONE',  ( 14.68177074468429844, 1.000000000000000222, -4.321360518346579305 ) ) ;
#70 = VERTEX_POINT ( 'NONE', #550 ) ;
#71 = CARTESIAN_POINT ( 'NONE',  ( 14.36988646579881568, 3.359886465798849198, -4.654286772754674395 ) ) ;
#72 = CARTESIAN_POINT ( 'NONE',  ( -15.82203045674321373, -4.999999999999998224, -2.394181804439288630 ) ) ;
#73 = CARTESIAN_POINT ( 'NONE',  ( -15.75757277670851408, 4.007237960741793614, -1.000000000000000000 ) ) ;
#74 = VECTOR ( 'NONE', #898, 1000.000000000000000 ) ;
#75 = ORIENTED_EDGE ( 'NONE', *, *, #577, .T. ) ;
#76 = B_SPLINE_CURVE_WITH_KNOTS ( 'NONE', 3,
 ( #734, #17, #365, #906, #112, #455 ),
 .UNSPECIFIED., .F., .F.,
 ( 4, 2, 4 ),
 ( 0.000000000000000000, 0.5000000000000000000, 1.000000000000000000 ),
 .UNSPECIFIED. ) ;
#77 = CARTESIAN_POINT ( 'NONE',  ( -15.28638837126611527, 2.594719933185462679, -3.605377160780057988 ) ) ;
#78 = CARTESIAN_POINT ( 'NONE',  ( 14.46089593377622329, 2.262864337959885841, -4.506165509205454001 ) ) ;
#79 = CARTESIAN_POINT ( 'NONE',  ( -15.25778758908102084, -4.999999999999998224, -3.649209286440968647 ) ) ;
#80 =( GEOMETRIC_REPRESENTATION_CONTEXT ( 3 ) GLOBAL_UNCERTAINTY_ASSIGNED_CONTEXT ( ( #1038 ) ) GLOBAL_UNIT_ASSIGNED_CONTEXT ( ( #617, #98, #526 ) ) REPRESENTATION_CONTEXT ( 'NONE', 'WORKASPACE' ) );
#81 = CARTESIAN_POINT ( 'NONE',  ( 13.19608550247369827, 3.418335224582706453E-17, -3.999999978396955314 ) ) ;
#82 = EDGE_CURVE ( 'NONE', #150, #192, #918, .T. ) ;
#83 = ORIENTED_EDGE ( 'NONE', *, *, #751, .T. ) ;
#84 = CARTESIAN_POINT ( 'NONE',  ( -15.70940553716817334, 2.817885687335872191, -2.762096130769326141 ) ) ;
#85 = CARTESIAN_POINT ( 'NONE',  ( 13.96054681436005218, 4.920698683983404820, -1.921519098395275682 ) ) ;
#86 = CARTESIAN_POINT ( 'NONE',  ( 16.01000000000000156, -0.4666666666666660079, -1.000000000000000000 ) ) ;
#87 = CARTESIAN_POINT ( 'NONE',  ( -13.00999999999999979, 0.000000000000000000, -11.54752010819512087 ) ) ;
#88 = CARTESIAN_POINT ( 'NONE',  ( -16.01000000000000156, -0.4666666666666695051, -1.000000000000000000 ) ) ;
#89 = ORIENTED_EDGE ( 'NONE', *, *, #444, .T. ) ;
#90 = CARTESIAN_POINT ( 'NONE',  ( -14.22292041095943027, 2.196347819135043622, -4.661462245554470307 ) ) ;
#91 = EDGE_CURVE ( 'NONE', #1023, #423, #452, .T. ) ;
#92 = CARTESIAN_POINT ( 'NONE',  ( -13.10070418438278850, -4.794621575234446611E-15, -3.996708176171348104 ) ) ;
#93 = CARTESIAN_POINT ( 'NONE',  ( -4.336666666666735281, 1.999999999999996669, -5.000000000000000000 ) ) ;
#94 = CARTESIAN_POINT ( 'NONE',  ( 13.10070418438278672, 1.849905855976906942E-17, -3.996708176171348992 ) ) ;
#95 = CARTESIAN_POINT ( 'NONE',  ( 14.00999999999999979, 3.000000000000000000, 0.000000000000000000 ) ) ;
#96 = CARTESIAN_POINT ( 'NONE',  ( -15.99571212038642898, 2.990580345592362299, -1.455872835492139084 ) ) ;
#97 = CARTESIAN_POINT ( 'NONE',  ( 13.04140763072460985, 2.282656762244719584, -5.000000000000001776 ) ) ;
#98 =( NAMED_UNIT ( * ) PLANE_ANGLE_UNIT ( ) SI_UNIT ( $, .RADIAN. ) );
#99 = CARTESIAN_POINT ( 'NONE',  ( -14.46089593377604032, 2.262864337959671346, -4.506165509205569464 ) ) ;
#100 = CARTESIAN_POINT ( 'NONE',  ( 14.00999999999999979, 3.000000000000000000, 0.000000000000000000 ) ) ;
#101 =( NAMED_UNIT ( * ) SI_UNIT ( $, .STERADIAN. ) SOLID_ANGLE_UNIT ( ) );
#102 = DIRECTION ( 'NONE',  ( 0.000000000000000000, -1.000000000000000000, 0.000000000000000000 ) ) ;
#103 = EDGE_CURVE ( 'NONE', #670, #774, #950, .T. ) ;
#104 = CARTESIAN_POINT ( 'NONE',  ( -15.49217113187959605, 2.699268300542387422, -3.255195613986425318 ) ) ;
#105 = EDGE_CURVE ( 'NONE', #1140, #277, #1107, .T. ) ;
#106 = CARTESIAN_POINT ( 'NONE',  ( 15.49217113638597176, 2.699268301884668819, -3.255195604158692912 ) ) ;
#107 = CARTESIAN_POINT ( 'NONE',  ( -15.41099999999999959, 4.999999999999993783, -5.000000000000000888 ) ) ;
#108 = ORIENTED_EDGE ( 'NONE', *, *, #1058, .F. ) ;
#109 = CARTESIAN_POINT ( 'NONE',  ( 13.09934579038606373, 2.692691450694802313, -4.891919400700722953 ) ) ;
#110 = CARTESIAN_POINT ( 'NONE',  ( 15.01723796074179873, 4.747572776708515185, -0.9999999999999997780 ) ) ;
#111 = CARTESIAN_POINT ( 'NONE',  ( -15.64689587428966178, 2.783822389435091083, -2.917765601872890802 ) ) ;
#112 = CARTESIAN_POINT ( 'NONE',  ( 13.01000000000000156, 0.7382006122008508697, -5.000000000000000000 ) ) ;
#113 = CARTESIAN_POINT ( 'NONE',  ( 15.41099999999999959, 2.000000000000000444, -5.000000000000000000 ) ) ;
#114 = VECTOR ( 'NONE', #155, 1000.000000000000000 ) ;
#115 = CARTESIAN_POINT ( 'NONE',  ( -13.00999999999999979, 0.000000000000000000, -4.000000000000001776 ) ) ;
#116 = CARTESIAN_POINT ( 'NONE',  ( -13.79382238943563088, 4.636895874289723274, -2.917765601872751358 ) ) ;
#117 = CARTESIAN_POINT ( 'NONE',  ( 14.00999999999999979, 5.000000000000000000, -1.000000000000000000 ) ) ;
#118 = ORIENTED_EDGE ( 'NONE', *, *, #390, .T. ) ;
#119 = EDGE_CURVE ( 'NONE', #277, #654, #194, .T. ) ;
#120 = VECTOR ( 'NONE', #159, 1000.000000000000000 ) ;
#121 = CARTESIAN_POINT ( 'NONE',  ( -13.33201874181129831, 0.05599857552776949660, -4.339993319973262764 ) ) ;
#122 = CARTESIAN_POINT ( 'NONE',  ( 13.92291681382133284, 4.858152838742130442, -2.228864091386200119 ) ) ;
#123 = LINE ( 'NONE', #398, #538 ) ;
#124 = ORIENTED_EDGE ( 'NONE', *, *, #223, .F. ) ;
#125 = CARTESIAN_POINT ( 'NONE',  ( -13.00999999999999979, 0.000000000000000000, 0.000000000000000000 ) ) ;
#126 = CARTESIAN_POINT ( 'NONE',  ( 14.01000000000000156, 5.000000000000004441, -1.000000000000000000 ) ) ;
#127 = CARTESIAN_POINT ( 'NONE',  ( -16.01000000000000156, -2.333333333333334370, -1.000000000000000888 ) ) ;
#128 = ORIENTED_EDGE ( 'NONE', *, *, #119, .T. ) ;
#129 = DIRECTION ( 'NONE',  ( 0.000000000000000000, -1.000000000000000000, 0.000000000000000000 ) ) ;
#130 = VECTOR ( 'NONE', #66, 1000.000000000000000 ) ;
#131 = CARTESIAN_POINT ( 'NONE',  ( 13.00999999999999979, 0.000000000000000000, -4.000000000000001776 ) ) ;
#132 = CARTESIAN_POINT ( 'NONE',  ( 15.41099999999999959, 5.000000000000000888, -5.000000000000000888 ) ) ;
#133 = CARTESIAN_POINT ( 'NONE',  ( 16.00999999999999801, -4.999999999999998224, -1.312179403822939516 ) ) ;
#134 = EDGE_LOOP ( 'NONE', ( #607, #89, #769, #968, #206 ) ) ;
#135 = VECTOR ( 'NONE', #129, 1000.000000000000000 ) ;
#136 = CARTESIAN_POINT ( 'NONE',  ( -13.10070418438278850, -4.794621575234446611E-15, -3.996708176171348104 ) ) ;
#137 = CARTESIAN_POINT ( 'NONE',  ( -13.01000000000000156, 0.9999999999999965583, -4.999999999999999112 ) ) ;
#138 = EDGE_CURVE ( 'NONE', #216, #981, #743, .T. ) ;
#139 = DIRECTION ( 'NONE',  ( -0.000000000000000000, 1.000000000000000000, -0.000000000000000000 ) ) ;
#140 = ORIENTED_EDGE ( 'NONE', *, *, #65, .F. ) ;
#141 = LINE ( 'NONE', #859, #211 ) ;
#142 = CARTESIAN_POINT ( 'NONE',  ( 13.01000000000000156, 2.333333333333333481, -5.000000000000000000 ) ) ;
#143 = CARTESIAN_POINT ( 'NONE',  ( -13.01000000000000156, 0.1077730963901823019, -4.521986658763283096 ) ) ;
#144 = CARTESIAN_POINT ( 'NONE',  ( -13.67351832826681957, 1.541032730813592501E-14, -4.921070878841768526 ) ) ;
#145 = CARTESIAN_POINT ( 'NONE',  ( 14.67448893079297711, -5.000000000000000888, -4.327855926172992973 ) ) ;
#146 = EDGE_LOOP ( 'NONE', ( #949, #1012, #158, #852, #833 ) ) ;
#147 = CARTESIAN_POINT ( 'NONE',  ( 14.06020601652373436, 2.154607032305244196, -4.757445868472397699 ) ) ;
#148 = CARTESIAN_POINT ( 'NONE',  ( -16.00999999999999801, -4.999999999999999112, -1.310808484869950830 ) ) ;
#149 = CARTESIAN_POINT ( 'NONE',  ( 13.72108494461827810, -2.137142439181312075E-15, -3.806254991433457580 ) ) ;
#150 = VERTEX_POINT ( 'NONE', #570 ) ;
#151 = EDGE_CURVE ( 'NONE', #654, #304, #489, .T. ) ;
#152 = DIRECTION ( 'NONE',  ( 1.000000000000000000, 1.836970198721029934E-16, 0.000000000000000000 ) ) ;
#153 = EDGE_CURVE ( 'NONE', #495, #1042, #123, .T. ) ;
#154 = CARTESIAN_POINT ( 'NONE',  ( 13.16460703230536033, 3.050206016522670538, -4.757445868472824912 ) ) ;
#155 = DIRECTION ( 'NONE',  ( -0.000000000000000000, -0.000000000000000000, -1.000000000000000000 ) ) ;
#156 = CARTESIAN_POINT ( 'NONE',  ( -13.01000000000000156, 3.266666666666661722, -5.000000000000000000 ) ) ;
#157 = B_SPLINE_CURVE_WITH_KNOTS ( 'NONE', 3,
 ( #1076, #93, #880, #182 ),
 .UNSPECIFIED., .F., .F.,
 ( 4, 4 ),
 ( 0.000000000000000000, 1.000000000000000000 ),
 .UNSPECIFIED. ) ;
#158 = ORIENTED_EDGE ( 'NONE', *, *, #506, .F. ) ;
#159 = DIRECTION ( 'NONE',  ( 0.000000000000000000, 0.000000000000000000, 1.000000000000000000 ) ) ;
#160 = CARTESIAN_POINT ( 'NONE',  ( 14.75666193044435737, 2.364491708302056683, -4.255668911812325206 ) ) ;
#161 = FACE_OUTER_BOUND ( 'NONE', #896, .T. ) ;
#162 = DIRECTION ( 'NONE',  ( -0.000000000000000000, -1.000000000000000000, 0.000000000000000000 ) ) ;
#163 = ORIENTED_EDGE ( 'NONE', *, *, #839, .F. ) ;
#164 = CARTESIAN_POINT ( 'NONE',  ( 14.09168574902497184, 3.081685749024515530, -4.806197922997172967 ) ) ;
#165 = CARTESIAN_POINT ( 'NONE',  ( -14.01493934293119636, -5.204170427930421283E-15, -3.576151902161826435 ) ) ;
#166 = CARTESIAN_POINT ( 'NONE',  ( -1.836970198721025497E-16, 0.9999999999999976685, -4.000000000000000000 ) ) ;
#167 = AXIS2_PLACEMENT_3D ( 'NONE', #598, #1138, #693 ) ;
#168 = VERTEX_POINT ( 'NONE', #756 ) ;
#169 = CARTESIAN_POINT ( 'NONE',  ( -15.89555564511068297, 2.929352591942896211, -2.095937719925469178 ) ) ;
#170 = CARTESIAN_POINT ( 'NONE',  ( 16.01000000000000156, -2.333333333333337034, -1.000000000000000888 ) ) ;
#171 = CARTESIAN_POINT ( 'NONE',  ( 0.000000000000000000, 0.000000000000000000, -5.000000000000000000 ) ) ;
#172 = CARTESIAN_POINT ( 'NONE',  ( -15.23502981616375251, -4.999999999999999112, -3.683193624035300928 ) ) ;
#173 = CARTESIAN_POINT ( 'NONE',  ( -16.01000000000000156, -5.399999999999997691, -1.000000000000000000 ) ) ;
#174 = EDGE_CURVE ( 'NONE', #774, #358, #386, .T. ) ;
#175 = ORIENTED_EDGE ( 'NONE', *, *, #644, .T. ) ;
#176 = CARTESIAN_POINT ( 'NONE',  ( -15.77510141426304457, 2.857638669391712849, -2.563239545899234528 ) ) ;
#177 = PLANE ( 'NONE',  #426 ) ;
#178 = CARTESIAN_POINT ( 'NONE',  ( 15.95794535333663156, 3.523495768718560406, -0.9999999999999997780 ) ) ;
#179 = CARTESIAN_POINT ( 'NONE',  ( -16.01000000000000512, 4.999999999999994671, -0.9999999999999996669 ) ) ;
#180 = EDGE_LOOP ( 'NONE', ( #239, #75, #1000, #650 ) ) ;
#181 = CARTESIAN_POINT ( 'NONE',  ( 13.44124234358541692, 3.912412416982205432, -4.082065650697175307 ) ) ;
#182 = CARTESIAN_POINT ( 'NONE',  ( 13.01000000000021295, 2.000000000000000000, -5.000000000000000000 ) ) ;
#183 = CARTESIAN_POINT ( 'NONE',  ( -14.00999999517161321, 4.999999999999995559, -1.356471751546391102 ) ) ;
#184 = CARTESIAN_POINT ( 'NONE',  ( 16.01000000000000512, 2.999999999999984013, -1.356475229479819467 ) ) ;
#185 = CARTESIAN_POINT ( 'NONE',  ( -15.43573458556612010, 2.669461845411440493, -3.354523604904002809 ) ) ;
#186 = EDGE_CURVE ( 'NONE', #70, #1121, #57, .T. ) ;
#187 = CARTESIAN_POINT ( 'NONE',  ( 13.91293340497159470, 4.841383829403488548, -2.284057438002389251 ) ) ;
#188 = DIRECTION ( 'NONE',  ( 1.000000000000000000, 0.000000000000000000, -0.000000000000000000 ) ) ;
#189 = CARTESIAN_POINT ( 'NONE',  ( -15.40182285358352665, 2.651465269010533365, -3.424491837660438520 ) ) ;
#190 = DIRECTION ( 'NONE',  ( 1.000000000000000000, 0.000000000000000000, 0.000000000000000000 ) ) ;
#191 = CARTESIAN_POINT ( 'NONE',  ( -13.70269145070384020, 2.089345790387550750, -4.891919400697886111 ) ) ;
#192 = VERTEX_POINT ( 'NONE', #478 ) ;
#193 = CARTESIAN_POINT ( 'NONE',  ( 13.01000000000021295, 2.000000000000000000, -5.000000000000000000 ) ) ;
#194 = CIRCLE ( 'NONE', #745, 1.000000000000000000 ) ;
#195 = CARTESIAN_POINT ( 'NONE',  ( 16.01000000000000156, 2.333333333333333481, -1.000000000000000000 ) ) ;
#196 = LINE ( 'NONE', #638, #514 ) ;
#197 = DIRECTION ( 'NONE',  ( 0.000000000000000000, 0.000000000000000000, -1.000000000000000000 ) ) ;
#198 = CARTESIAN_POINT ( 'NONE',  ( -13.38072116722590899, -4.739227653146522322E-15, -3.957045325014886039 ) ) ;
#199 = VERTEX_POINT ( 'NONE', #313 ) ;
#200 = DIRECTION ( 'NONE',  ( 0.000000000000000000, -1.000000000000000000, 0.000000000000000000 ) ) ;
#201 = LINE ( 'NONE', #795, #74 ) ;
#202 = B_SPLINE_CURVE_WITH_KNOTS ( 'NONE', 3,
 ( #1105, #563, #143, #39, #553, #49 ),
 .UNSPECIFIED., .F., .F.,
 ( 4, 2, 4 ),
 ( 0.000000000000000000, 0.5000000000000000000, 1.000000000000000000 ),
 .UNSPECIFIED. ) ;
#203 = EDGE_CURVE ( 'NONE', #708, #212, #219, .T. ) ;
#204 = CARTESIAN_POINT ( 'NONE',  ( 13.09735665040758867, 2.009706294489303602, -4.999999999999999112 ) ) ;
#205 = CARTESIAN_POINT ( 'NONE',  ( -14.47700000000000031, 1.999999999999994893, -5.000000000000000000 ) ) ;
#206 = ORIENTED_EDGE ( 'NONE', *, *, #911, .F. ) ;
#207 = CARTESIAN_POINT ( 'NONE',  ( -13.01970629448961070, 2.087356650405820968, -5.000000000000000000 ) ) ;
#208 =( BOUNDED_SURFACE ( )  B_SPLINE_SURFACE ( 3, 2, ( 
 ( #492, #481, #126 ),
 ( #385, #43, #741 ),
 ( #396, #1093, #568 ),
 ( #936, #747, #122 ),
 ( #656, #472, #830 ),
 ( #486, #663, #35 ),
 ( #1027, #231, #737 ),
 ( #301, #647, #580 ),
 ( #941, #1132, #252 ),
 ( #343, #781, #507 ),
 ( #597, #1117, #951 ),
 ( #864, #71, #241 ),
 ( #160, #1039, #776 ),
 ( #955, #164, #432 ),
 ( #78, #322, #425 ),
 ( #497, #513, #871 ),
 ( #147, #673, #154 ),
 ( #1137, #766, #327 ),
 ( #1122, #1126, #854 ),
 ( #336, #331, #59 ),
 ( #686, #1046, #1034 ),
 ( #681, #584, #692 ) ),
 .UNSPECIFIED., .F., .F., .F. ) 
 B_SPLINE_SURFACE_WITH_KNOTS ( ( 4, 2, 2, 2, 2, 2, 2, 2, 2, 2, 4 ),
 ( 3, 3 ),
 ( 0.000000000000000000, 0.0006588818247464501123, 0.0009883227371196752226, 0.001317763649492900225, 0.001647204561866125443, 0.001976645474239350445, 0.002141365930425962946, 0.002306086386612575447, 0.002470806842799187948, 0.002553167070892494415, 0.002635527298985800449 ),
 ( 0.000000000000000000, 1.000000000000000000 ),
 .UNSPECIFIED. ) 
 GEOMETRIC_REPRESENTATION_ITEM ( )  RATIONAL_B_SPLINE_SURFACE ( (
 ( 1.000000000000000000, 0.7071067811865446862, 1.000000000000000000),
 ( 1.000000000000000000, 0.7071792558652524319, 1.000000000000000000),
 ( 1.000000000000000000, 0.7116545738144919309, 1.000000000000000000),
 ( 1.000000000000000000, 0.7259852995822915211, 1.000000000000000000),
 ( 1.000000000000000000, 0.7320938021971895582, 1.000000000000000000),
 ( 1.000000000000000000, 0.7469215983200917508, 1.000000000000000000),
 ( 1.000000000000000000, 0.7556633017959720755, 1.000000000000000000),
 ( 1.000000000000000000, 0.7764788353804851218, 1.000000000000000000),
 ( 1.000000000000000000, 0.7886500143500234650, 1.000000000000000000),
 ( 1.000000000000000000, 0.8172216329298934712, 1.000000000000000000),
 ( 1.000000000000000000, 0.8334427726744553233, 1.000000000000000000),
 ( 1.000000000000000000, 0.8623791834013343482, 1.000000000000000000),
 ( 1.000000000000000000, 0.8728150678823578534, 1.000000000000000000),
 ( 1.000000000000000000, 0.8957926037947951947, 1.000000000000000000),
 ( 1.000000000000000000, 0.9081851119013968354, 1.000000000000000000),
 ( 1.000000000000000000, 0.9353548519120753468, 1.000000000000000000),
 ( 1.000000000000000000, 0.9504512940343677885, 1.000000000000000000),
 ( 1.000000000000000000, 0.9737816543121096124, 1.000000000000000000),
 ( 1.000000000000000000, 0.9816900185800098155, 1.000000000000000000),
 ( 1.000000000000000000, 0.9949104095148552096, 1.000000000000000000),
 ( 1.000000000000000000, 1.000070702940207390, 1.000000000000000000),
 ( 1.000000000000000000, 1.000000000000000000, 1.000000000000000000) ) ) 
 REPRESENTATION_ITEM ( '' )  SURFACE ( )  );
#209 = DIRECTION ( 'NONE',  ( 0.000000000000000000, 0.000000000000000000, 1.000000000000000000 ) ) ;
#210 = CARTESIAN_POINT ( 'NONE',  ( 15.18774138601190415, 2.546243385637430912, -3.759943442455225604 ) ) ;
#212 = VERTEX_POINT ( 'NONE', #1032 ) ;
#211 = VECTOR ( 'NONE', #770, 1000.000000000000000 ) ;
#213 = FACE_OUTER_BOUND ( 'NONE', #266, .T. ) ;
#214 = CARTESIAN_POINT ( 'NONE',  ( -14.00999999999999979, 4.999999999999993783, 0.000000000000000000 ) ) ;
#215 = DIRECTION ( 'NONE',  ( 0.000000000000000000, 0.000000000000000000, 1.000000000000000000 ) ) ;
#216 = VERTEX_POINT ( 'NONE', #738 ) ;
#217 = CARTESIAN_POINT ( 'NONE',  ( -14.00999999999999979, 4.999999999999994671, -1.000000000000000000 ) ) ;
#218 = DIRECTION ( 'NONE',  ( -1.000000000000000000, 0.000000000000000000, 0.000000000000000000 ) ) ;
#219 = LINE ( 'NONE', #410, #992 ) ;
#220 = ORIENTED_EDGE ( 'NONE', *, *, #731, .T. ) ;
#221 = CARTESIAN_POINT ( 'NONE',  ( -14.00999999999999623, -2.499999999999998224, -3.580557819087474503 ) ) ;
#222 = VECTOR ( 'NONE', #668, 1000.000000000000000 ) ;
#223 = EDGE_CURVE ( 'NONE', #358, #234, #826, .T. ) ;
#224 = CARTESIAN_POINT ( 'NONE',  ( -13.19082839767392201, 2.020091481811114420, -5.000000000000005329 ) ) ;
#225 = CARTESIAN_POINT ( 'NONE',  ( -13.01000000000000334, -6.505213034913026604E-15, -3.999999999999999112 ) ) ;
#226 = DIRECTION ( 'NONE',  ( -1.000000000000000000, 0.000000000000000000, 0.000000000000000000 ) ) ;
#227 = ORIENTED_EDGE ( 'NONE', *, *, #1116, .T. ) ;
#228 = AXIS2_PLACEMENT_3D ( 'NONE', #400, #29, #394 ) ;
#229 = PLANE ( 'NONE',  #648 ) ;
#230 = CARTESIAN_POINT ( 'NONE',  ( 16.01000000000000156, 3.266666666666668828, -5.000000000000000888 ) ) ;
#231 = CARTESIAN_POINT ( 'NONE',  ( 15.41627296362108801, 4.406272963621510108, -3.486805350923509295 ) ) ;
#232 = CARTESIAN_POINT ( 'NONE',  ( 13.67666666666666764, 2.000000000000000000, -5.000000000000000000 ) ) ;
#233 = CARTESIAN_POINT ( 'NONE',  ( 15.87052333480680488, -4.999999999999998224, -2.215597667055453801 ) ) ;
#234 = VERTEX_POINT ( 'NONE', #1113 ) ;
#235 = CARTESIAN_POINT ( 'NONE',  ( -16.01000000000000156, 0.000000000000000000, 0.000000000000000000 ) ) ;
#236 = EDGE_CURVE ( 'NONE', #654, #551, #1, .T. ) ;
#237 = CARTESIAN_POINT ( 'NONE',  ( -9.358113442270978194E-16, 4.999999999999997335, 0.000000000000000000 ) ) ;
#238 = CARTESIAN_POINT ( 'NONE',  ( -16.01000000000000156, 2.333333333333328152, -1.000000000000000000 ) ) ;
#239 = ORIENTED_EDGE ( 'NONE', *, *, #662, .T. ) ;
#240 = FACE_OUTER_BOUND ( 'NONE', #430, .T. ) ;
#241 = CARTESIAN_POINT ( 'NONE',  ( 13.40665846494974112, 3.829538425462188478, -4.172751891017115966 ) ) ;
#242 = CARTESIAN_POINT ( 'NONE',  ( -16.01000000000000156, -4.999999999999998224, -1.000000000000007772 ) ) ;
#243 = CARTESIAN_POINT ( 'NONE',  ( -14.53349576871855930, 4.947945353336626439, -1.000000000000000000 ) ) ;
#244 = ORIENTED_EDGE ( 'NONE', *, *, #308, .T. ) ;
#245 = FILL_AREA_STYLE ('',( #685 ) ) ;
#246 = AXIS2_PLACEMENT_3D ( 'NONE', #631, #462, #1065 ) ;
#247 = CARTESIAN_POINT ( 'NONE',  ( 16.01000000000000156, -4.999999999999998224, -1.000000000000007772 ) ) ;
#248 = PLANE ( 'NONE',  #23 ) ;
#249 = CARTESIAN_POINT ( 'NONE',  ( -13.01000000000000156, 3.399999999999994582, -5.000000000000000000 ) ) ;
#250 = VECTOR ( 'NONE', #560, 1000.000000000000000 ) ;
#251 = ORIENTED_EDGE ( 'NONE', *, *, #321, .T. ) ;
#252 = CARTESIAN_POINT ( 'NONE',  ( 13.66146526901130009, 4.391822853583884800, -3.424491837659895843 ) ) ;
#253 = CARTESIAN_POINT ( 'NONE',  ( -15.97042746457751683, -4.999999999999999112, -1.767903856788722639 ) ) ;
#254 = CARTESIAN_POINT ( 'NONE',  ( -16.01000000000000156, 2.666666666666662078, -5.000000000000000888 ) ) ;
#255 = EDGE_LOOP ( 'NONE', ( #695, #819, #32 ) ) ;
#256 = CARTESIAN_POINT ( 'NONE',  ( -15.40485809121336658, 2.653658128706851915, -3.410154414656207944 ) ) ;
#257 = DIRECTION ( 'NONE',  ( 0.000000000000000000, -1.000000000000000000, 0.000000000000000000 ) ) ;
#258 = EDGE_CURVE ( 'NONE', #723, #495, #578, .T. ) ;
#259 = CARTESIAN_POINT ( 'NONE',  ( -14.67448893079302152, 0.9999999999999956701, -4.327855926172952117 ) ) ;
#260 = CARTESIAN_POINT ( 'NONE',  ( 14.00999999999999446, -4.999999999999998224, -4.580557819087474947 ) ) ;
#261 = ORIENTED_EDGE ( 'NONE', *, *, #1011, .F. ) ;
#262 = CARTESIAN_POINT ( 'NONE',  ( -13.01000000000000156, 0.9999999999999965583, -4.999999999999999112 ) ) ;
#263 = CARTESIAN_POINT ( 'NONE',  ( 13.26060811698556563, 3.405293262468700011, -4.534170605653805808 ) ) ;
#264 = CARTESIAN_POINT ( 'NONE',  ( -13.00999999999999979, 0.000000000000000000, -4.000000000000001776 ) ) ;
#265 = COLOUR_RGB ( '',0.7921568627450980005, 0.8196078431372548767, 0.9333333333333333481 ) ;
#266 = EDGE_LOOP ( 'NONE', ( #1114, #927, #227, #417, #594, #954 ) ) ;
#267 = CARTESIAN_POINT ( 'NONE',  ( -14.86718777644264833, 2.408440794299988585, -4.141548953814374379 ) ) ;
#268 = CARTESIAN_POINT ( 'NONE',  ( 13.30252286320932775, 3.541095583548297121, -4.432573318783274985 ) ) ;
#269 = CARTESIAN_POINT ( 'NONE',  ( -13.30736301419999101, 3.556445379273324381, -4.422918044588256770 ) ) ;
#270 = ADVANCED_FACE ( 'NONE', ( #494 ), #596, .T. ) ;
#271 = CARTESIAN_POINT ( 'NONE',  ( -14.00999999999999623, -2.499999999999998224, -3.580557819087474503 ) ) ;
#272 = ADVANCED_FACE ( 'NONE', ( #862 ), #943, .T. ) ;
#273 = CARTESIAN_POINT ( 'NONE',  ( -14.26466870036130530, 0.6129903620248678964, -4.580557819087470506 ) ) ;
#274 = ORIENTED_EDGE ( 'NONE', *, *, #119, .F. ) ;
#275 = CARTESIAN_POINT ( 'NONE',  ( 13.53407085849593017, 4.127469494496762259, -3.823147578623458998 ) ) ;
#276 = CARTESIAN_POINT ( 'NONE',  ( -15.76827357806868335, 4.758273578068091147, -2.650808962714842565 ) ) ;
#277 = VERTEX_POINT ( 'NONE', #260 ) ;
#278 = CIRCLE ( 'NONE', #925, 0.9999999999999995559 ) ;
#279 = CARTESIAN_POINT ( 'NONE',  ( -14.67448893079302152, 0.9999999999999956701, -4.327855926172952117 ) ) ;
#280 = VERTEX_POINT ( 'NONE', #338 ) ;
#281 = FACE_OUTER_BOUND ( 'NONE', #841, .T. ) ;
#282 = CARTESIAN_POINT ( 'NONE',  ( 16.01000000000000156, 3.133333333333333304, -1.000000000000000000 ) ) ;
#283 = CARTESIAN_POINT ( 'NONE',  ( -13.16460703230547580, 3.050206016524930952, -4.757445868471925188 ) ) ;
#284 = CARTESIAN_POINT ( 'NONE',  ( 13.64090003265254936, 2.078354098440973186, -4.915159357434699672 ) ) ;
#285 = DIRECTION ( 'NONE',  ( -0.000000000000000000, -1.000000000000000000, 0.000000000000000000 ) ) ;
#286 = EDGE_LOOP ( 'NONE', ( #1050, #399, #383, #175 ) ) ;
#287 = ADVANCED_FACE ( 'NONE', ( #1134 ), #720, .T. ) ;
#288 = CARTESIAN_POINT ( 'NONE',  ( 13.90507756037774101, 4.828177696086666693, -2.334426322508052376 ) ) ;
#289 =( BOUNDED_CURVE ( )  B_SPLINE_CURVE ( 2, ( #262, #627, #889 ),
 .UNSPECIFIED., .F., .T. ) 
 B_SPLINE_CURVE_WITH_KNOTS ( ( 3, 3 ),
 ( -5.999999998416031971E-08, 0.001821955834604586065 ),
 .UNSPECIFIED. ) 
 CURVE ( )  GEOMETRIC_REPRESENTATION_ITEM ( )  RATIONAL_B_SPLINE_CURVE ( ( 1.000000000000000000, 0.8885343021979239531, 0.8619090922489800466 ) ) 
 REPRESENTATION_ITEM ( '' )  );
#290 = APPLICATION_PROTOCOL_DEFINITION ( 'draft international standard', 'automotive_design', 1998, #724 ) ;
#291 = CARTESIAN_POINT ( 'NONE',  ( 14.01000000000001577, 0.4406129564733719528, -4.580557819087474947 ) ) ;
#292 = CARTESIAN_POINT ( 'NONE',  ( 13.18797117676998809, 2.019809176540095397, -4.994488592698823837 ) ) ;
#293 = CARTESIAN_POINT ( 'NONE',  ( -4.336666666666666003, 4.999999999999996447, -1.000000000000000000 ) ) ;
#294 = CARTESIAN_POINT ( 'NONE',  ( -13.79382238809286498, 4.636895869783245416, -2.917765611700632533 ) ) ;
#295 = CARTESIAN_POINT ( 'NONE',  ( -13.65936538882722751, 2.649365388828011980, -4.950060380255585812 ) ) ;
#296 = EDGE_CURVE ( 'NONE', #150, #670, #953, .T. ) ;
#297 = CARTESIAN_POINT ( 'NONE',  ( 14.46089577560971762, 2.262864334153645629, -4.506165612917488517 ) ) ;
#298 = EDGE_LOOP ( 'NONE', ( #1131, #566, #128, #1108, #863, #37 ) ) ;
#299 = B_SPLINE_CURVE_WITH_KNOTS ( 'NONE', 3,
 ( #780, #529, #96, #869, #5, #169, #807, #969, #608, #1136, #18, #450, #176, #84, #798, #980, #185, #256, #512, #354, #524, #77, #341, #534, #602, #347, #895, #962, #518, #267, #437, #785, #1141, #696, #12, #1056, #884, #90, #443, #792, #615, #974, #359, #709, #1069, #818, #191, #931, #547, #459 ),
 .UNSPECIFIED., .F., .F.,
 ( 4, 2, 2, 1, 1, 1, 2, 2, 2, 2, 2, 1, 2, 2, 2, 1, 2, 2, 2, 1, 2, 2, 2, 2, 1, 1, 2, 2, 4 ),
 ( 0.000000000000000000, 0.1249999999999802935, 0.1874999999999704403, 0.2187499999999653610, 0.2343749999999628075, 0.2421874999999615030, 0.2460937499999612255, 0.2499999999999609201, 0.3749999999999710232, 0.4374999999999764633, 0.4687499999999792388, 0.4843749999999805711, 0.4921874999999814038, 0.4999999999999822364, 0.5624999999999859002, 0.5937499999999877875, 0.6093749999999884537, 0.6249999999999890088, 0.6874999999999897859, 0.7187499999999895639, 0.7343749999999900080, 0.7499999999999904521, 0.8124999999999914513, 0.8437499999999915623, 0.8593749999999911182, 0.8671874999999913403, 0.8710937499999914513, 0.8749999999999915623, 1.000000000000000000 ),
 .UNSPECIFIED. ) ;
#300 = CARTESIAN_POINT ( 'NONE',  ( -13.01000000000000334, 1.666666666666588359, -5.000000000000000000 ) ) ;
#301 = CARTESIAN_POINT ( 'NONE',  ( 15.49217113187960138, 2.699268300542268406, -3.255195613986385350 ) ) ;
#302 = DIRECTION ( 'NONE',  ( -1.000000000000000000, 0.000000000000000000, 0.000000000000000000 ) ) ;
#304 = VERTEX_POINT ( 'NONE', #422 ) ;
#303 = MECHANICAL_DESIGN_GEOMETRIC_PRESENTATION_REPRESENTATION (  '', ( #948 ), #609 ) ;
#305 = CARTESIAN_POINT ( 'NONE',  ( -14.01000000000001222, 0.4406129564733629600, -4.580557819087474947 ) ) ;
#306 = CARTESIAN_POINT ( 'NONE',  ( -13.10754343546974710, 2.746567869774555248, -4.876715564815184756 ) ) ;
#307 = CARTESIAN_POINT ( 'NONE',  ( -13.00999999999999979, 0.000000000000000000, -3.580557819087474947 ) ) ;
#308 = EDGE_CURVE ( 'NONE', #666, #806, #329, .T. ) ;
#309 = EDGE_LOOP ( 'NONE', ( #1103, #353, #910, #83, #1037, #474, #614, #920, #1125, #31 ) ) ;
#310 = CARTESIAN_POINT ( 'NONE',  ( -13.98816197195705513, 4.965598469273084348, -1.704420281383642211 ) ) ;
#311 = DIRECTION ( 'NONE',  ( -1.000000000000000000, 0.000000000000000000, 0.000000000000000000 ) ) ;
#312 = CARTESIAN_POINT ( 'NONE',  ( -14.00999999999999623, -4.999999999999998224, -3.580557819087474503 ) ) ;
#313 = CARTESIAN_POINT ( 'NONE',  ( -14.67468634625600821, -4.999999999999998224, -4.328079759661835446 ) ) ;
#314 = VERTEX_POINT ( 'NONE', #1048 ) ;
#315 = CARTESIAN_POINT ( 'NONE',  ( -13.40665846683488738, 3.829538447222012199, -4.172751867169088413 ) ) ;
#316 = CIRCLE ( 'NONE', #465, 2.000000000000000000 ) ;
#317 = CARTESIAN_POINT ( 'NONE',  ( -13.34653577388659151, 5.408039017419758356E-13, -4.999999960794261789 ) ) ;
#318 = CARTESIAN_POINT ( 'NONE',  ( 14.94642461157741664, -4.999999999999998224, -4.065465254667450345 ) ) ;
#319 = ORIENTED_EDGE ( 'NONE', *, *, #153, .F. ) ;
#320 = CARTESIAN_POINT ( 'NONE',  ( 13.01000000000000156, -2.933333333333332238, -5.000000000000000000 ) ) ;
#321 = EDGE_CURVE ( 'NONE', #234, #1023, #729, .T. ) ;
#322 = CARTESIAN_POINT ( 'NONE',  ( 13.99263036785054659, 2.982630367850012565, -4.848988367436743552 ) ) ;
#323 = CARTESIAN_POINT ( 'NONE',  ( 14.47700000000000031, 5.000000000000000000, -1.000000000000000000 ) ) ;
#324 = CARTESIAN_POINT ( 'NONE',  ( -16.01000000000000156, -4.999999999999998224, -1.000000000000007772 ) ) ;
#325 = ORIENTED_EDGE ( 'NONE', *, *, #836, .F. ) ;
#326 = DIRECTION ( 'NONE',  ( 0.000000000000000000, 0.000000000000000000, -1.000000000000000000 ) ) ;
#327 = CARTESIAN_POINT ( 'NONE',  ( 13.10754343546977374, 2.746567869775565107, -4.876715564814785075 ) ) ;
#328 = CARTESIAN_POINT ( 'NONE',  ( 13.01000000000000156, 0.9999999999999993339, -5.000000000000000000 ) ) ;
#329 = LINE ( 'NONE', #1036, #762 ) ;
#330 = ORIENTED_EDGE ( 'NONE', *, *, #65, .T. ) ;
#331 = CARTESIAN_POINT ( 'NONE',  ( 13.20594935385569180, 2.195949353856472275, -4.997630103708704752 ) ) ;
#332 = CARTESIAN_POINT ( 'NONE',  ( -15.44166960943678646, -4.999999999999999112, -3.365627826690357427 ) ) ;
#333 = CARTESIAN_POINT ( 'NONE',  ( 14.68177074468430021, 1.301042606982605321E-15, -4.321360518346578417 ) ) ;
#334 = EDGE_LOOP ( 'NONE', ( #479, #690, #993, #274 ) ) ;
#335 = DIRECTION ( 'NONE',  ( 1.836970198721029934E-16, -1.000000000000000000, 0.000000000000000000 ) ) ;
#336 = CARTESIAN_POINT ( 'NONE',  ( 13.35977013637436173, 2.039526616449540253, -4.977260186471502479 ) ) ;
#337 = CARTESIAN_POINT ( 'NONE',  ( -15.11850954623401222, -4.999999999999997335, -3.848405780079807936 ) ) ;
#338 = CARTESIAN_POINT ( 'NONE',  ( 13.10070418438278672, 1.849905855976906942E-17, -3.996708176171348992 ) ) ;
#339 = VECTOR ( 'NONE', #302, 1000.000000000000000 ) ;
#340 = ORIENTED_EDGE ( 'NONE', *, *, #577, .F. ) ;
#341 = CARTESIAN_POINT ( 'NONE',  ( -15.27618507075064791, 2.589743162261739506, -3.621128152094529540 ) ) ;
#342 = ADVANCED_FACE ( 'NONE', ( #545 ), #796, .T. ) ;
#343 = CARTESIAN_POINT ( 'NONE',  ( 15.18774137556753701, 2.546243384985530600, -3.759943458820889539 ) ) ;
#344 = DIRECTION ( 'NONE',  ( 0.000000000000000000, 0.000000000000000000, 1.000000000000000000 ) ) ;
#345 = CARTESIAN_POINT ( 'NONE',  ( -13.01000000000000156, 2.333333333333328152, -5.000000000000000000 ) ) ;
#346 = ORIENTED_EDGE ( 'NONE', *, *, #138, .F. ) ;
#347 = CARTESIAN_POINT ( 'NONE',  ( -15.03193668747250555, 2.477669354537519908, -3.955704905089798995 ) ) ;
#348 = CARTESIAN_POINT ( 'NONE',  ( 13.61343644031430955, 4.294176826734954489, -3.577489274066646630 ) ) ;
#349 = CARTESIAN_POINT ( 'NONE',  ( 0.000000000000000000, 0.000000000000000000, 0.000000000000000000 ) ) ;
#350 = CARTESIAN_POINT ( 'NONE',  ( -14.36988646579888496, 3.359886465798676003, -4.654286772754701929 ) ) ;
#351 = CARTESIAN_POINT ( 'NONE',  ( -13.01000000000000156, -2.933333333333333126, -5.000000000000000000 ) ) ;
#352 = B_SPLINE_CURVE_WITH_KNOTS ( 'NONE', 3,
 ( #136, #1014, #121, #1104, #820, #305 ),
 .UNSPECIFIED., .F., .F.,
 ( 4, 2, 4 ),
 ( 0.000000000000000000, 0.0006169405689395373671, 0.001233881137879074734 ),
 .UNSPECIFIED. ) ;
#353 = ORIENTED_EDGE ( 'NONE', *, *, #103, .T. ) ;
#354 = CARTESIAN_POINT ( 'NONE',  ( -15.33049907662877764, 2.616389003690920756, -3.535640666205643878 ) ) ;
#355 = CARTESIAN_POINT ( 'NONE',  ( 13.28110383300167108, 3.474063256252558851, -4.485044976696157981 ) ) ;
#356 = EDGE_CURVE ( 'NONE', #216, #495, #619, .T. ) ;
#357 = CARTESIAN_POINT ( 'NONE',  ( 16.00999999999999801, 3.261799387799149574, -0.9999999999999997780 ) ) ;
#358 = VERTEX_POINT ( 'NONE', #117 ) ;
#359 = CARTESIAN_POINT ( 'NONE',  ( -13.79127214773349230, 2.104368532026439809, -4.862285667601963901 ) ) ;
#360 = CARTESIAN_POINT ( 'NONE',  ( 13.24091133132979081, 3.337193008120326709, -4.580857449560485684 ) ) ;
#361 = DIRECTION ( 'NONE',  ( 0.000000000000000000, -0.000000000000000000, 1.000000000000000000 ) ) ;
#362 = CARTESIAN_POINT ( 'NONE',  ( -13.89546889502874905, 4.812456114271853380, -2.404603348347986280 ) ) ;
#363 = DIRECTION ( 'NONE',  ( 0.000000000000000000, 0.000000000000000000, 1.000000000000000000 ) ) ;
#364 = B_SPLINE_CURVE_WITH_KNOTS ( 'NONE', 3,
 ( #217, #34, #310, #1088, #562, #928, #294, #843, #48, #384, #736, #315, #922, #38, #642, #42, #480, #908, #746, #655, #1018, #1002, #207, #552 ),
 .UNSPECIFIED., .F., .F.,
 ( 4, 2, 2, 2, 2, 2, 2, 2, 2, 2, 2, 4 ),
 ( 0.000000000000000000, 0.2499999999999999445, 0.3749999999999998890, 0.4999999999999997780, 0.6249999999999996669, 0.7499999999999996669, 0.8124999999999996669, 0.8749999999999997780, 0.9374999999999998890, 0.9687500000000000000, 0.9843750000000000000, 1.000000000000000000 ),
 .UNSPECIFIED. ) ;
#365 = CARTESIAN_POINT ( 'NONE',  ( 13.01000000000000156, 0.1077730963901871314, -4.521986658763283096 ) ) ;
#366 = CARTESIAN_POINT ( 'NONE',  ( 13.07090225238865422, 2.518089682498279025, -4.946720193444515523 ) ) ;
#367 = LINE ( 'NONE', #1072, #1080 ) ;
#368 = CARTESIAN_POINT ( 'NONE',  ( -14.09168574902490789, 3.081685749024528409, -4.806197922997024641 ) ) ;
#369 = CARTESIAN_POINT ( 'NONE',  ( 14.83953844722198312, 2.396658466834860945, -4.172751867169094631 ) ) ;
#370 = AXIS2_PLACEMENT_3D ( 'NONE', #759, #860, #414 ) ;
#371 = CARTESIAN_POINT ( 'NONE',  ( -14.94399999999999729, 1.999999999999994449, -5.000000000000000000 ) ) ;
#372 = ORIENTED_EDGE ( 'NONE', *, *, #874, .T. ) ;
#373 = CARTESIAN_POINT ( 'NONE',  ( 13.18122951726553715, 3.110482787715137309, -4.718812264294404812 ) ) ;
#374 = CARTESIAN_POINT ( 'NONE',  ( 16.01000000000000156, 2.666666666666666519, -1.000000000000000000 ) ) ;
#375 = FACE_OUTER_BOUND ( 'NONE', #988, .T. ) ;
#376 = CARTESIAN_POINT ( 'NONE',  ( 14.00999999999999446, -2.499999999999998668, -3.580557819087474947 ) ) ;
#377 = DIRECTION ( 'NONE',  ( 0.000000000000000000, 0.000000000000000000, 1.000000000000000000 ) ) ;
#378 = CARTESIAN_POINT ( 'NONE',  ( 14.94399999999999729, 5.000000000000000888, -1.000000000000000000 ) ) ;
#379 = ADVANCED_FACE ( 'NONE', ( #64 ), #671, .F. ) ;
#380 = CARTESIAN_POINT ( 'NONE',  ( 14.49885644212261049, 0.8065169361054890240, -4.484026326582807087 ) ) ;
#381 = CARTESIAN_POINT ( 'NONE',  ( -13.75656786977511814, 2.097543435469615414, -4.876715564814968040 ) ) ;
#382 = ORIENTED_EDGE ( 'NONE', *, *, #1013, .F. ) ;
#383 = ORIENTED_EDGE ( 'NONE', *, *, #296, .T. ) ;
#384 = CARTESIAN_POINT ( 'NONE',  ( -13.55624338563751508, 4.177741386011934566, -3.759943442455206064 ) ) ;
#385 = CARTESIAN_POINT ( 'NONE',  ( 16.01000000000000512, 2.999999995187301760, -1.356471751545965221 ) ) ;
#386 = LINE ( 'NONE', #51, #687 ) ;
#387 = ORIENTED_EDGE ( 'NONE', *, *, #675, .F. ) ;
#388 = LINE ( 'NONE', #732, #837 ) ;
#389 = CARTESIAN_POINT ( 'NONE',  ( 14.00999999999999801, 5.000000000000000000, 0.000000000000000000 ) ) ;
#390 = EDGE_CURVE ( 'NONE', #423, #723, #1024, .T. ) ;
#391 = CARTESIAN_POINT ( 'NONE',  ( 14.00999999999999446, -4.999999999999998224, -3.580557819087474947 ) ) ;
#392 = PRODUCT_DEFINITION_FORMATION_WITH_SPECIFIED_SOURCE ( 'ANY', '', #959, .NOT_KNOWN. ) ;
#393 = ORIENTED_EDGE ( 'NONE', *, *, #203, .F. ) ;
#394 = DIRECTION ( 'NONE',  ( -1.000000000000000000, 0.000000000000000000, -0.000000000000000000 ) ) ;
#395 = AXIS2_PLACEMENT_3D ( 'NONE', #271, #620, #546 ) ;
#396 = CARTESIAN_POINT ( 'NONE',  ( 15.97559847132893829, 2.978161974178850979, -1.704420271349056382 ) ) ;
#397 = CARTESIAN_POINT ( 'NONE',  ( 13.34333333333333194, 2.000000000000000000, -5.000000000000000000 ) ) ;
#398 = CARTESIAN_POINT ( 'NONE',  ( -13.00999999999999979, 0.000000000000000000, 0.000000000000000000 ) ) ;
#399 = ORIENTED_EDGE ( 'NONE', *, *, #804, .T. ) ;
#400 = CARTESIAN_POINT ( 'NONE',  ( 0.000000000000000000, 0.000000000000000000, 0.000000000000000000 ) ) ;
#401 = DIRECTION ( 'NONE',  ( -0.000000000000000000, -0.000000000000000000, 1.000000000000000000 ) ) ;
#402 = CARTESIAN_POINT ( 'NONE',  ( -15.41099999999999959, 1.999999999999994449, -5.000000000000000000 ) ) ;
#403 = CARTESIAN_POINT ( 'NONE',  ( 4.670000000000113616, 4.999999999999998224, -1.000000000000000000 ) ) ;
#404 = ORIENTED_EDGE ( 'NONE', *, *, #1095, .F. ) ;
#405 = ADVANCED_FACE ( 'NONE', ( #240 ), #229, .T. ) ;
#406 = CARTESIAN_POINT ( 'NONE',  ( 16.01000000000000156, -0.4666666666666660079, -5.000000000000000888 ) ) ;
#407 = B_SPLINE_CURVE_WITH_KNOTS ( 'NONE', 3,
 ( #812, #989, #982, #995, #85, #704, #439, #187, #288, #800, #445, #808, #1071, #637, #530, #787, #541, #519, #1143, #535, #348, #622, #1064, #697, #275, #897, #725, #181, #451, #6, #1057, #1075, #268, #355, #263, #610, #360, #525, #373, #892, #975, #630, #1082, #616, #19, #970, #109, #366, #97, #193 ),
 .UNSPECIFIED., .F., .F.,
 ( 4, 2, 2, 1, 1, 1, 2, 2, 2, 2, 2, 1, 2, 2, 2, 1, 2, 2, 2, 1, 2, 2, 2, 2, 1, 1, 2, 2, 4 ),
 ( 0.000000000000000000, 0.1250000000000031364, 0.1875000000000046352, 0.2187500000000054678, 0.2343750000000057732, 0.2421875000000059119, 0.2460937500000059674, 0.2500000000000060507, 0.3750000000000030531, 0.4375000000000014988, 0.4687500000000006106, 0.4843750000000002220, 0.4921874999999999445, 0.4999999999999997224, 0.5624999999999985567, 0.5937499999999980016, 0.6093749999999977796, 0.6249999999999975575, 0.6874999999999965583, 0.7187499999999957812, 0.7343749999999955591, 0.7499999999999952260, 0.8124999999999947820, 0.8437499999999944489, 0.8593749999999944489, 0.8671874999999945599, 0.8710937499999946709, 0.8749999999999947820, 1.000000000000000000 ),
 .UNSPECIFIED. ) ;
#408 = CARTESIAN_POINT ( 'NONE',  ( 13.00999999999999979, -4.999999999999998224, -11.54752010819512087 ) ) ;
#409 = CARTESIAN_POINT ( 'NONE',  ( -13.34333333333333194, 4.999999999999994671, -1.000000000000000000 ) ) ;
#410 = CARTESIAN_POINT ( 'NONE',  ( 13.00999999999999979, 1.836970198720779224E-18, -4.000000000000000000 ) ) ;
#411 = ORIENTED_EDGE ( 'NONE', *, *, #604, .T. ) ;
#412 = B_SPLINE_CURVE_WITH_KNOTS ( 'NONE', 3,
 ( #621, #273, #1051, #279 ),
 .UNSPECIFIED., .F., .F.,
 ( 4, 4 ),
 ( 0.001233881137879074734, 0.002147139359048437415 ),
 .UNSPECIFIED. ) ;
#413 = AXIS2_PLACEMENT_3D ( 'NONE', #501, #680, #326 ) ;
#414 = DIRECTION ( 'NONE',  ( 1.000000000000000000, 1.836970198721035111E-16, -3.469446951953617344E-15 ) ) ;
#415 = LINE ( 'NONE', #515, #719 ) ;
#416 = CARTESIAN_POINT ( 'NONE',  ( 14.01493934293117505, 1.301042606982605321E-15, -3.576151902161846419 ) ) ;
#417 = ORIENTED_EDGE ( 'NONE', *, *, #662, .F. ) ;
#418 = CARTESIAN_POINT ( 'NONE',  ( -16.01000000000000156, -4.999999999999998224, -1.000000000000007772 ) ) ;
#419 = B_SPLINE_CURVE_WITH_KNOTS ( 'NONE', 3,
 ( #711, #357, #178, #25, #904, #813, #110, #983, #705, #717 ),
 .UNSPECIFIED., .F., .F.,
 ( 4, 2, 2, 2, 4 ),
 ( 0.000000000000000000, 0.2499999999999994449, 0.4999999999999988898, 0.7499999999999994449, 1.000000000000000000 ),
 .UNSPECIFIED. ) ;
#420 = FACE_OUTER_BOUND ( 'NONE', #1091, .T. ) ;
#421 = CARTESIAN_POINT ( 'NONE',  ( -14.78706211899556777, -4.999999999999999112, -4.228826333368416179 ) ) ;
#422 = CARTESIAN_POINT ( 'NONE',  ( 14.67448893079299133, 1.000000000000000444, -4.327855926172982315 ) ) ;
#423 = VERTEX_POINT ( 'NONE', #418 ) ;
#424 = CARTESIAN_POINT ( 'NONE',  ( -13.00000000000000178, -4.776122516674677878E-15, -3.000000000000000000 ) ) ;
#425 = CARTESIAN_POINT ( 'NONE',  ( 13.27286433795977416, 3.450895933775357971, -4.506165509206033093 ) ) ;
#426 = AXIS2_PLACEMENT_3D ( 'NONE', #716, #885, #903 ) ;
#427 = EDGE_CURVE ( 'NONE', #744, #774, #141, .T. ) ;
#428 = DIRECTION ( 'NONE',  ( -1.000000000000000000, -1.836970198721029934E-16, 0.000000000000000000 ) ) ;
#429 = CARTESIAN_POINT ( 'NONE',  ( -13.01000000000000156, -5.399999999999997691, -5.000000000000000000 ) ) ;
#430 = EDGE_LOOP ( 'NONE', ( #875, #4, #63, #757, #894, #684, #961, #490 ) ) ;
#431 = CIRCLE ( 'NONE', #246, 1.000000000000000888 ) ;
#432 = CARTESIAN_POINT ( 'NONE',  ( 13.30736301419973699, 3.556445379273148522, -4.422918044588405095 ) ) ;
#433 = MANIFOLD_SOLID_BREP ( 'Fillet2', #805 ) ;
#434 = CARTESIAN_POINT ( 'NONE',  ( 0.000000000000000000, -4.999999999999998224, -11.54752010819512087 ) ) ;
#435 = CARTESIAN_POINT ( 'NONE',  ( 13.00999999999999979, 0.000000000000000000, -5.000000000000000000 ) ) ;
#436 = ORIENTED_EDGE ( 'NONE', *, *, #427, .T. ) ;
#437 = CARTESIAN_POINT ( 'NONE',  ( -14.76683951130724637, 2.367612887334292981, -4.245188270082278059 ) ) ;
#438 = UNCERTAINTY_MEASURE_WITH_UNIT (LENGTH_MEASURE( 1.000000000000000082E-05 ), #691, 'distance_accuracy_value', 'NONE');
#439 = CARTESIAN_POINT ( 'NONE',  ( 13.92787238813365391, 4.866430076973694341, -2.182998833864496557 ) ) ;
#440 = CARTESIAN_POINT ( 'NONE',  ( 13.01000000000000156, 1.333333333333265314, -5.000000000000000000 ) ) ;
#441 = CARTESIAN_POINT ( 'NONE',  ( -16.01000000000000156, 2.666666666666661190, -1.000000000000000000 ) ) ;
#442 = VERTEX_POINT ( 'NONE', #1063 ) ;
#443 = CARTESIAN_POINT ( 'NONE',  ( -14.12048278771498921, 2.171229517265567566, -4.718812264294475867 ) ) ;
#444 = EDGE_CURVE ( 'NONE', #58, #601, #412, .T. ) ;
#445 = CARTESIAN_POINT ( 'NONE',  ( 13.89930986182933381, 4.818468448767400325, -2.370332253977322168 ) ) ;
#446 = CARTESIAN_POINT ( 'NONE',  ( 13.91858169023125491, 1.000000000000000000, -5.000000000000000000 ) ) ;
#447 = CARTESIAN_POINT ( 'NONE',  ( -13.40665846494981039, 3.829538425462393203, -4.172751891016893033 ) ) ;
#448 = CARTESIAN_POINT ( 'NONE',  ( -16.01000000000000156, 2.999999999999994671, -1.000000000000000888 ) ) ;
#449 = CARTESIAN_POINT ( 'NONE',  ( -16.01000000000000156, 2.999999999999994671, -1.000000000000000888 ) ) ;
#450 = CARTESIAN_POINT ( 'NONE',  ( -15.82606074474859170, 2.887880568287307437, -2.379095859328314244 ) ) ;
#451 = CARTESIAN_POINT ( 'NONE',  ( 13.42576060017427331, 3.875018663202272506, -4.122644504639558782 ) ) ;
#452 = B_SPLINE_CURVE_WITH_KNOTS ( 'NONE', 3,
 ( #449, #797, #127, #324 ),
 .UNSPECIFIED., .F., .F.,
 ( 4, 4 ),
 ( 0.000000000000000000, 1.000000000000000000 ),
 .UNSPECIFIED. ) ;
#453 = FACE_OUTER_BOUND ( 'NONE', #180, .T. ) ;
#454 = CARTESIAN_POINT ( 'NONE',  ( -16.00999998648411093, 4.999999986491252102, -1.490079994149798637 ) ) ;
#455 = CARTESIAN_POINT ( 'NONE',  ( 13.01000000000000156, 0.9999999999999993339, -5.000000000000000000 ) ) ;
#456 = DIRECTION ( 'NONE',  ( 0.000000000000000000, 0.000000000000000000, -1.000000000000000000 ) ) ;
#457 = CARTESIAN_POINT ( 'NONE',  ( -13.92291681382103086, 4.858152838742079815, -2.228864091386430157 ) ) ;
#458 = CARTESIAN_POINT ( 'NONE',  ( 15.40182284313968886, 2.651465268359666005, -3.424491854025231596 ) ) ;
#459 = CARTESIAN_POINT ( 'NONE',  ( -13.01000000000020762, 1.999999999999994893, -5.000000000000000000 ) ) ;
#460 = ORIENTED_EDGE ( 'NONE', *, *, #1013, .T. ) ;
#461 = DIRECTION ( 'NONE',  ( 0.000000000000000000, 0.000000000000000000, 1.000000000000000000 ) ) ;
#462 = DIRECTION ( 'NONE',  ( -1.836970198721029934E-16, 1.000000000000000000, -0.000000000000000000 ) ) ;
#463 = CARTESIAN_POINT ( 'NONE',  ( -14.77749172516343101, 3.767491725163296667, -4.337789181729836407 ) ) ;
#464 = FACE_OUTER_BOUND ( 'NONE', #146, .T. ) ;
#465 = AXIS2_PLACEMENT_3D ( 'NONE', #1009, #401, #311 ) ;
#466 = EDGE_CURVE ( 'NONE', #779, #601, #289, .T. ) ;
#467 = CARTESIAN_POINT ( 'NONE',  ( 14.47699999999959353, 5.000000000000000888, -5.000000000000000888 ) ) ;
#468 = CYLINDRICAL_SURFACE ( 'NONE', #987, 0.9999999999999995559 ) ;
#469 = CARTESIAN_POINT ( 'NONE',  ( -13.66146526901083647, 4.391822853583811970, -3.424491837660001092 ) ) ;
#470 = FACE_OUTER_BOUND ( 'NONE', #847, .T. ) ;
#471 = CARTESIAN_POINT ( 'NONE',  ( -13.04025463264556883, -4.783517172727715144E-15, -4.000000000000000000 ) ) ;
#472 = CARTESIAN_POINT ( 'NONE',  ( 15.69309378484926043, 4.683093784850747454, -2.872974596972582617 ) ) ;
#473 = CARTESIAN_POINT ( 'NONE',  ( 14.78685471914934979, -4.999999999999998224, -4.229041845891412521 ) ) ;
#474 = ORIENTED_EDGE ( 'NONE', *, *, #258, .T. ) ;
#475 = CARTESIAN_POINT ( 'NONE',  ( 14.26466870036129997, 0.6129903620248715601, -4.580557819087469618 ) ) ;
#476 = EDGE_CURVE ( 'NONE', #1023, #41, #299, .T. ) ;
#477 = PLANE ( 'NONE',  #660 ) ;
#478 = CARTESIAN_POINT ( 'NONE',  ( 13.01000000000021295, 2.000000000000000000, -5.000000000000000000 ) ) ;
#479 = ORIENTED_EDGE ( 'NONE', *, *, #105, .F. ) ;
#480 = CARTESIAN_POINT ( 'NONE',  ( -13.16460702853129838, 3.050205387279937952, -4.757446115640668438 ) ) ;
#481 = CARTESIAN_POINT ( 'NONE',  ( 16.01000000000002288, 5.000000000000003553, -1.000000000000001332 ) ) ;
#482 = CARTESIAN_POINT ( 'NONE',  ( -13.34333333333304239, 5.000000000000139444, -5.000000000000000888 ) ) ;
#483 = DIRECTION ( 'NONE',  ( 1.000000000000000000, 0.000000000000000000, 0.000000000000000000 ) ) ;
#484 = ORIENTED_EDGE ( 'NONE', *, *, #138, .T. ) ;
#485 = CARTESIAN_POINT ( 'NONE',  ( -13.00999999999999979, 0.000000000000000000, -3.580557819087478055 ) ) ;
#486 = CARTESIAN_POINT ( 'NONE',  ( 15.71190157642626772, 2.820988119408313288, -2.748344974599861157 ) ) ;
#487 = ADVANCED_FACE ( 'NONE', ( #1106 ), #1001, .T. ) ;
#488 = DIRECTION ( 'NONE',  ( 0.000000000000000000, 0.000000000000000000, -1.000000000000000000 ) ) ;
#489 = LINE ( 'NONE', #145, #842 ) ;
#490 = ORIENTED_EDGE ( 'NONE', *, *, #589, .F. ) ;
#491 = CARTESIAN_POINT ( 'NONE',  ( 16.01000000000000156, 3.399999999999999911, -5.000000000000000888 ) ) ;
#492 = CARTESIAN_POINT ( 'NONE',  ( 16.01000000000000512, 2.999999999999988454, -1.000000000000000000 ) ) ;
#493 = CARTESIAN_POINT ( 'NONE',  ( -13.67351834460722593, 0.9999999999999751310, -4.921070915725308303 ) ) ;
#494 = FACE_OUTER_BOUND ( 'NONE', #52, .T. ) ;
#495 = VERTEX_POINT ( 'NONE', #924 ) ;
#496 = EDGE_CURVE ( 'NONE', #199, #561, #1062, .T. ) ;
#497 = CARTESIAN_POINT ( 'NONE',  ( 14.20694515249962464, 2.191604182019764036, -4.672684610024149698 ) ) ;
#498 = CARTESIAN_POINT ( 'NONE',  ( -14.00999999999999623, -4.999999999999998224, -4.580557819087474059 ) ) ;
#499 = CARTESIAN_POINT ( 'NONE',  ( -16.01000000000000156, -2.933333333333332682, -5.000000000000000888 ) ) ;
#500 = ORIENTED_EDGE ( 'NONE', *, *, #1058, .T. ) ;
#501 = CARTESIAN_POINT ( 'NONE',  ( 13.00999999999999979, 0.000000000000000000, -11.54752010819512087 ) ) ;
#502 = CARTESIAN_POINT ( 'NONE',  ( 16.01000000000000156, 3.000000000000000000, -1.000000000000000000 ) ) ;
#503 = FACE_OUTER_BOUND ( 'NONE', #1061, .T. ) ;
#504 = CARTESIAN_POINT ( 'NONE',  ( -15.23909343994982812, 4.599333684796355293, -1.000000000000000000 ) ) ;
#505 = ORIENTED_EDGE ( 'NONE', *, *, #258, .F. ) ;
#506 = EDGE_CURVE ( 'NONE', #806, #277, #857, .T. ) ;
#507 = CARTESIAN_POINT ( 'NONE',  ( 13.55624338498601489, 4.177741375567756599, -3.759943458820568907 ) ) ;
#508 = ADVANCED_FACE ( 'NONE', ( #748 ), #11, .T. ) ;
#509 = DIRECTION ( 'NONE',  ( -1.000000000000000000, -1.896168696414373855E-16, 0.000000000000000000 ) ) ;
#510 = CARTESIAN_POINT ( 'NONE',  ( -14.27179938779915247, 4.999999999999995559, -1.000000000000000222 ) ) ;
#511 = ORIENTED_EDGE ( 'NONE', *, *, #997, .F. ) ;
#512 = CARTESIAN_POINT ( 'NONE',  ( -15.35575062044469696, 2.628974975118194557, -3.493782161379449747 ) ) ;
#513 = CARTESIAN_POINT ( 'NONE',  ( 13.77576980512791138, 2.765769805128481362, -4.920676976998998420 ) ) ;
#514 = VECTOR ( 'NONE', #549, 1000.000000000000000 ) ;
#515 = CARTESIAN_POINT ( 'NONE',  ( -13.00999999999999979, 0.9999999999999952260, -5.000000000000000000 ) ) ;
#516 = CARTESIAN_POINT ( 'NONE',  ( 13.00999999999999979, 0.000000000000000000, -4.000000000000000000 ) ) ;
#517 = ORIENTED_EDGE ( 'NONE', *, *, #556, .F. ) ;
#518 = CARTESIAN_POINT ( 'NONE',  ( -14.88501866320224210, 2.415760600174245099, -4.122644504639560559 ) ) ;
#519 = CARTESIAN_POINT ( 'NONE',  ( 13.66365812870690633, 4.394858091213300177, -3.410154414656349608 ) ) ;
#520 = CARTESIAN_POINT ( 'NONE',  ( 13.01000000000000156, 1.666666666666531293, -5.000000000000000000 ) ) ;
#521 = CARTESIAN_POINT ( 'NONE',  ( -16.01000000000000156, -5.399999999999997691, -5.000000000000000888 ) ) ;
#522 = ADVANCED_FACE ( 'NONE', ( #855 ), #248, .F. ) ;
#523 = EDGE_LOOP ( 'NONE', ( #220, #340, #140, #393 ) ) ;
#524 = CARTESIAN_POINT ( 'NONE',  ( -15.30417682673496671, 2.603436440314234268, -3.577489274066602665 ) ) ;
#525 = CARTESIAN_POINT ( 'NONE',  ( 13.20634781913500433, 3.212920410959545503, -4.661462245554404582 ) ) ;
#526 =( NAMED_UNIT ( * ) SI_UNIT ( $, .STERADIAN. ) SOLID_ANGLE_UNIT ( ) );
#527 = CARTESIAN_POINT ( 'NONE',  ( -13.55624338498649450, 4.177741375567850746, -3.759943458820420137 ) ) ;
#528 = ORIENTED_EDGE ( 'NONE', *, *, #103, .F. ) ;
#529 = CARTESIAN_POINT ( 'NONE',  ( -16.01000000000000867, 2.999999999999973799, -1.224695279602604492 ) ) ;
#530 = CARTESIAN_POINT ( 'NONE',  ( 13.75261495774379483, 4.564245118431075277, -3.079736196403509485 ) ) ;
#531 = CARTESIAN_POINT ( 'NONE',  ( 16.01000000000000156, -5.399999999999998579, -1.000000000000000000 ) ) ;
#532 = CARTESIAN_POINT ( 'NONE',  ( -13.70926830054202128, 4.482171131879535864, -3.255195613986559877 ) ) ;
#533 = CARTESIAN_POINT ( 'NONE',  ( 14.20694531066610722, 2.191604185826099727, -4.672684506312188901 ) ) ;
#534 = CARTESIAN_POINT ( 'NONE',  ( -15.20466435955645323, 2.554985760568055486, -3.730168695265076995 ) ) ;
#535 = CARTESIAN_POINT ( 'NONE',  ( 13.62638900369099026, 4.320499076628744106, -3.535640666205716265 ) ) ;
#536 = CARTESIAN_POINT ( 'NONE',  ( -15.06584519817455536, 2.489353384491798771, -3.924727280431681731 ) ) ;
#537 = CARTESIAN_POINT ( 'NONE',  ( 14.00999999999999446, -2.499999999999998668, -3.580557819087474947 ) ) ;
#538 = VECTOR ( 'NONE', #846, 1000.000000000000000 ) ;
#539 = CARTESIAN_POINT ( 'NONE',  ( -13.67666666666695541, 4.999999999999994671, -5.000000000000000888 ) ) ;
#540 = ORIENTED_EDGE ( 'NONE', *, *, #544, .F. ) ;
#541 = CARTESIAN_POINT ( 'NONE',  ( 13.67946184541148824, 4.425734585566045709, -3.354523604904172451 ) ) ;
#542 = CARTESIAN_POINT ( 'NONE',  ( 13.00999999999999979, 0.000000000000000000, 0.000000000000000000 ) ) ;
#543 = CARTESIAN_POINT ( 'NONE',  ( -15.82245611427185139, 2.885468895028633796, -2.404603348348012481 ) ) ;
#544 = EDGE_CURVE ( 'NONE', #423, #199, #707, .T. ) ;
#545 = FACE_OUTER_BOUND ( 'NONE', #334, .T. ) ;
#546 = DIRECTION ( 'NONE',  ( 0.000000000000000000, 0.000000000000000000, -1.000000000000000000 ) ) ;
#547 = CARTESIAN_POINT ( 'NONE',  ( -13.29265676197005064, 2.031407630677362075, -5.000000000000000888 ) ) ;
#548 = CARTESIAN_POINT ( 'NONE',  ( 14.67448893079299133, 1.000000000000000444, -4.327855926172982315 ) ) ;
#549 = DIRECTION ( 'NONE',  ( 1.000000000000000000, 1.836970198721029934E-16, 0.000000000000000000 ) ) ;
#550 = CARTESIAN_POINT ( 'NONE',  ( 16.01000000000000156, -4.999999999999998224, 0.000000000000000000 ) ) ;
#551 = VERTEX_POINT ( 'NONE', #881 ) ;
#552 = CARTESIAN_POINT ( 'NONE',  ( -13.01000000000020762, 1.999999999999994893, -5.000000000000000000 ) ) ;
#553 = CARTESIAN_POINT ( 'NONE',  ( -13.01000000000000156, 0.7382006122008457627, -5.000000000000000000 ) ) ;
#554 = B_SPLINE_CURVE_WITH_KNOTS ( 'NONE', 3,
 ( #131, #1019, #825, #1110 ),
 .UNSPECIFIED., .F., .F.,
 ( 4, 4 ),
 ( 0.000000000000000000, 9.076389793671022811E-05 ),
 .UNSPECIFIED. ) ;
#555 = AXIS2_PLACEMENT_3D ( 'NONE', #312, #838, #488 ) ;
#556 = EDGE_CURVE ( 'NONE', #234, #744, #1133, .T. ) ;
#557 = EDGE_LOOP ( 'NONE', ( #330, #902, #261, #387, #702 ) ) ;
#558 = CARTESIAN_POINT ( 'NONE',  ( 13.01000000000000156, 3.266666666666667496, -5.000000000000000000 ) ) ;
#559 = FACE_OUTER_BOUND ( 'NONE', #255, .T. ) ;
#560 = DIRECTION ( 'NONE',  ( 0.000000000000000000, 1.000000000000000000, -0.000000000000000000 ) ) ;
#561 = VERTEX_POINT ( 'NONE', #498 ) ;
#562 = CARTESIAN_POINT ( 'NONE',  ( -13.89546889512732086, 4.812456112374683848, -2.404603354246759750 ) ) ;
#563 = CARTESIAN_POINT ( 'NONE',  ( -13.01000000000000156, -4.779806921356015236E-15, -4.261799387799150018 ) ) ;
#564 = CARTESIAN_POINT ( 'NONE',  ( -15.41099999999999959, 4.999999999999993783, -1.000000000000000000 ) ) ;
#565 = CARTESIAN_POINT ( 'NONE',  ( 15.44049047887758164, -5.000000000000000000, -3.367768479723856956 ) ) ;
#566 = ORIENTED_EDGE ( 'NONE', *, *, #506, .T. ) ;
#567 = PLANE ( 'NONE',  #228 ) ;
#568 = CARTESIAN_POINT ( 'NONE',  ( 13.98816197417787777, 4.965598471328951824, -1.704420271348968230 ) ) ;
#569 = CARTESIAN_POINT ( 'NONE',  ( 14.47700000000000031, 2.000000000000000000, -5.000000000000000000 ) ) ;
#570 = CARTESIAN_POINT ( 'NONE',  ( 16.01000000000000156, 3.000000000000000000, -1.000000000000000000 ) ) ;
#571 = VECTOR ( 'NONE', #990, 1000.000000000000000 ) ;
#572 = ORIENTED_EDGE ( 'NONE', *, *, #1026, .T. ) ;
#573 = PRESENTATION_STYLE_ASSIGNMENT (( #752 ) ) ;
#574 = CARTESIAN_POINT ( 'NONE',  ( 16.01000000000000156, 2.666666666666666075, -5.000000000000000888 ) ) ;
#575 = CARTESIAN_POINT ( 'NONE',  ( -16.01000000000000156, 0.000000000000000000, -11.54752010819512087 ) ) ;
#576 = CARTESIAN_POINT ( 'NONE',  ( -13.34653576177891843, 1.000000000000156763, -5.000000000000000000 ) ) ;
#577 = EDGE_CURVE ( 'NONE', #442, #779, #415, .T. ) ;
#578 = LINE ( 'NONE', #939, #634 ) ;
#579 = ORIENTED_EDGE ( 'NONE', *, *, #589, .T. ) ;
#580 = CARTESIAN_POINT ( 'NONE',  ( 13.70926830054305690, 4.482171131879507442, -3.255195613986631376 ) ) ;
#581 = CARTESIAN_POINT ( 'NONE',  ( -15.75300884676517121, -4.999999999999996447, -2.623989151262454911 ) ) ;
#582 = CARTESIAN_POINT ( 'NONE',  ( -16.01000000000000156, -2.933333333333333126, -1.000000000000000000 ) ) ;
#583 = ORIENTED_EDGE ( 'NONE', *, *, #496, .F. ) ;
#584 = CARTESIAN_POINT ( 'NONE',  ( 13.01000000000003176, 1.999999999999965361, -5.000000000000000888 ) ) ;
#585 = CARTESIAN_POINT ( 'NONE',  ( -14.67468634625600821, -4.999999999999998224, -4.328079759661835446 ) ) ;
#586 = CARTESIAN_POINT ( 'NONE',  ( 16.01000000000000156, 3.000000000000000000, 0.000000000000000000 ) ) ;
#587 = ORIENTED_EDGE ( 'NONE', *, *, #296, .F. ) ;
#588 = ADVANCED_FACE ( 'NONE', ( #161 ), #1047, .T. ) ;
#589 = EDGE_CURVE ( 'NONE', #981, #1042, #772, .T. ) ;
#590 = PRODUCT_DEFINITION_CONTEXT ( 'detailed design', #865, 'design' ) ;
#591 = PLANE ( 'NONE',  #775 ) ;
#592 = CARTESIAN_POINT ( 'NONE',  ( -15.20062882723849285, -4.999999999999999112, -3.733714369272558287 ) ) ;
#593 = CARTESIAN_POINT ( 'NONE',  ( 13.34653577388671941, -1.621656636385186168E-13, -4.999999960794585974 ) ) ;
#594 = ORIENTED_EDGE ( 'NONE', *, *, #82, .F. ) ;
#595 = SURFACE_SIDE_STYLE ('',( #1044 ) ) ;
#596 =( BOUNDED_SURFACE ( )  B_SPLINE_SURFACE ( 2, 3, ( 
 ( #46, #749, #882, #441, #238, #88, #582, #173 ),
 ( #1129, #677, #778, #254, #1041, #683, #499, #521 ),
 ( #249, #156, #958, #694, #345, #1124, #351, #429 ) ),
 .UNSPECIFIED., .F., .F., .F. ) 
 B_SPLINE_SURFACE_WITH_KNOTS ( ( 3, 3 ),
 ( 4, 2, 2, 4 ),
 ( 0.000000000000000000, 1.000000000000000000 ),
 ( -0.003399999999999994606, -0.002999999999999994858, -0.001999999999999994837, 0.005399999999999997684 ),
 .UNSPECIFIED. ) 
 GEOMETRIC_REPRESENTATION_ITEM ( )  RATIONAL_B_SPLINE_SURFACE ( (
 ( 1.000000000000000000, 1.000000000000000000, 1.000000000000000000, 1.000000000000000000, 1.000000000000000000, 1.000000000000000000, 1.000000000000000000, 1.000000000000000000),
 ( 0.7071067811865475727, 0.7071067811865475727, 0.7071067811865475727, 0.7071067811865475727, 0.7071067811865475727, 0.7071067811865475727, 0.7071067811865475727, 0.7071067811865475727),
 ( 1.000000000000000000, 1.000000000000000000, 1.000000000000000000, 1.000000000000000000, 1.000000000000000000, 1.000000000000000000, 1.000000000000000000, 1.000000000000000000) ) ) 
 REPRESENTATION_ITEM ( '' )  SURFACE ( )  );
#597 = CARTESIAN_POINT ( 'NONE',  ( 15.06584519817411838, 2.489353384490923471, -3.924727280432159571 ) ) ;
#598 = CARTESIAN_POINT ( 'NONE',  ( -14.00999999999999979, 2.999999999999994671, 0.000000000000000000 ) ) ;
#599 = CARTESIAN_POINT ( 'NONE',  ( 14.23839986665775115, -4.253003807911430079E-14, -4.670813155364003322 ) ) ;
#600 = APPLICATION_PROTOCOL_DEFINITION ( 'draft international standard', 'automotive_design', 1998, #865 ) ;
#601 = VERTEX_POINT ( 'NONE', #259 ) ;
#602 = CARTESIAN_POINT ( 'NONE',  ( -15.13746949449673274, 2.524070858495862435, -3.823147578623464771 ) ) ;
#603 = DIRECTION ( 'NONE',  ( 0.000000000000000000, -0.000000000000000000, -1.000000000000000000 ) ) ;
#604 = EDGE_CURVE ( 'NONE', #168, #1023, #606, .T. ) ;
#605 = VECTOR ( 'NONE', #872, 1000.000000000000000 ) ;
#606 = LINE ( 'NONE', #1128, #114 ) ;
#607 = ORIENTED_EDGE ( 'NONE', *, *, #937, .T. ) ;
#608 = CARTESIAN_POINT ( 'NONE',  ( -15.83817769608665849, 2.895077560377705694, -2.334426322508071028 ) ) ;
#609 =( GEOMETRIC_REPRESENTATION_CONTEXT ( 3 ) GLOBAL_UNCERTAINTY_ASSIGNED_CONTEXT ( ( #438 ) ) GLOBAL_UNIT_ASSIGNED_CONTEXT ( ( #691, #876, #101 ) ) REPRESENTATION_CONTEXT ( 'NONE', 'WORKASPACE' ) );
#610 = CARTESIAN_POINT ( 'NONE',  ( 13.24714948723960894, 3.359082970355653952, -4.566154775734926119 ) ) ;
#611 = DIRECTION ( 'NONE',  ( 1.000000000000000000, 0.000000000000000000, 0.000000000000000000 ) ) ;
#612 = CARTESIAN_POINT ( 'NONE',  ( -13.49935338449039257, 4.055845198173364530, -3.924727280433006893 ) ) ;
#613 = CARTESIAN_POINT ( 'NONE',  ( -15.95794535333663156, 3.523495768718555965, -1.000000000000000000 ) ) ;
#614 = ORIENTED_EDGE ( 'NONE', *, *, #153, .T. ) ;
#615 = CARTESIAN_POINT ( 'NONE',  ( -13.91098453099793097, 2.126691056270933800, -4.816058711898724809 ) ) ;
#616 = CARTESIAN_POINT ( 'NONE',  ( 13.10628770198427162, 2.734397462935107992, -4.878371879220848584 ) ) ;
#617 =( LENGTH_UNIT ( ) NAMED_UNIT ( * ) SI_UNIT ( .MILLI., .METRE. ) );
#618 = CARTESIAN_POINT ( 'NONE',  ( -13.27286433795973153, 3.450895933775483204, -4.506165509205950492 ) ) ;
#619 = LINE ( 'NONE', #639, #10 ) ;
#620 = DIRECTION ( 'NONE',  ( 0.000000000000000000, -1.000000000000000000, 0.000000000000000000 ) ) ;
#621 = CARTESIAN_POINT ( 'NONE',  ( -14.01000000000001222, 0.4406129564733629600, -4.580557819087474947 ) ) ;
#622 = CARTESIAN_POINT ( 'NONE',  ( 13.60471993318554240, 4.276388371266115485, -3.605377160780087298 ) ) ;
#623 = CARTESIAN_POINT ( 'NONE',  ( 13.01000000000000156, 0.9999999999999993339, -5.000000000000000000 ) ) ;
#624 = CARTESIAN_POINT ( 'NONE',  ( -15.51666261980876449, 4.506662619808561310, -3.290553299111929064 ) ) ;
#625 = CIRCLE ( 'NONE', #370, 0.9999999999999991118 ) ;
#626 = ORIENTED_EDGE ( 'NONE', *, *, #1142, .T. ) ;
#627 = CARTESIAN_POINT ( 'NONE',  ( -13.91858169023127623, 0.9999999999999952260, -5.000000000000001776 ) ) ;
#628 = ADVANCED_FACE ( 'NONE', ( #503 ), #861, .T. ) ;
#629 = EDGE_LOOP ( 'NONE', ( #973, #404, #750, #124 ) ) ;
#630 = CARTESIAN_POINT ( 'NONE',  ( 13.12165109169835908, 2.821271992230669046, -4.847372461900473439 ) ) ;
#631 = CARTESIAN_POINT ( 'NONE',  ( 14.00999999999999446, 0.000000000000000000, -3.580557819087474947 ) ) ;
#632 = CARTESIAN_POINT ( 'NONE',  ( 13.18775401661927660, 4.955142741437655135E-17, -4.186913583556991725 ) ) ;
#633 = CARTESIAN_POINT ( 'NONE',  ( 13.35334931663613389, 2.039469818028031955, -4.975256970578989524 ) ) ;
#634 = VECTOR ( 'NONE', #483, 1000.000000000000000 ) ;
#635 = DIRECTION ( 'NONE',  ( 0.000000000000000000, 0.000000000000000000, 1.000000000000000000 ) ) ;
#636 = EDGE_LOOP ( 'NONE', ( #587, #626, #858, #528 ) ) ;
#637 = CARTESIAN_POINT ( 'NONE',  ( 13.82788568733589152, 4.699405537168082070, -2.762096130769594815 ) ) ;
#638 = CARTESIAN_POINT ( 'NONE',  ( -13.00000000000000178, -4.776122516674677878E-15, 0.000000000000000000 ) ) ;
#639 = CARTESIAN_POINT ( 'NONE',  ( -13.00999999999999979, -4.999999999999998224, -11.54752010819512087 ) ) ;
#640 = CARTESIAN_POINT ( 'NONE',  ( 13.43005276049430563, 2.049233489624646243, -4.961734946066571617 ) ) ;
#641 = CARTESIAN_POINT ( 'NONE',  ( 4.336666666674187987, 4.999999999996238564, -5.000000000000000888 ) ) ;
#642 = CARTESIAN_POINT ( 'NONE',  ( -13.27286433415359745, 3.450895775609737370, -4.506165612917484076 ) ) ;
#643 = CARTESIAN_POINT ( 'NONE',  ( -13.44954340728528308, 2.439543407284896048, -4.980154906103912538 ) ) ;
#644 = EDGE_CURVE ( 'NONE', #670, #70, #767, .T. ) ;
#645 = CARTESIAN_POINT ( 'NONE',  ( 13.01000000000021295, 2.000000000000000000, -5.000000000000000000 ) ) ;
#646 = CARTESIAN_POINT ( 'NONE',  ( -16.01000000000000156, 2.999999999999994671, -1.000000000000000888 ) ) ;
#647 = CARTESIAN_POINT ( 'NONE',  ( 15.18771963672552161, 4.177719636724990693, -3.854839553415420728 ) ) ;
#648 = AXIS2_PLACEMENT_3D ( 'NONE', #424, #335, #152 ) ;
#649 = CARTESIAN_POINT ( 'NONE',  ( 14.67470057038650744, -4.999999999999999112, -4.328095702199437511 ) ) ;
#650 = ORIENTED_EDGE ( 'NONE', *, *, #1095, .T. ) ;
#651 = LINE ( 'NONE', #1109, #135 ) ;
#652 = CARTESIAN_POINT ( 'NONE',  ( -13.37472948038645093, 2.364729480386026150, -4.987747650741501282 ) ) ;
#653 = CARTESIAN_POINT ( 'NONE',  ( 15.20012283569534439, -4.999999999999997335, -3.734379459909632271 ) ) ;
#654 = VERTEX_POINT ( 'NONE', #676 ) ;
#655 = CARTESIAN_POINT ( 'NONE',  ( -13.05923348962464026, 2.420052760494423083, -4.961734946066547636 ) ) ;
#656 = CARTESIAN_POINT ( 'NONE',  ( 15.82245611427157783, 2.885468895029428271, -2.404603348348882008 ) ) ;
#657 = CARTESIAN_POINT ( 'NONE',  ( 14.00999999999999446, -4.999999999999998224, -3.580557819087474947 ) ) ;
#658 = CARTESIAN_POINT ( 'NONE',  ( 15.75160101612033081, -4.999999999999997335, -2.628093771481013086 ) ) ;
#659 = ORIENTED_EDGE ( 'NONE', *, *, #1130, .T. ) ;
#660 = AXIS2_PLACEMENT_3D ( 'NONE', #575, #218, #209 ) ;
#661 = DIRECTION ( 'NONE',  ( 0.000000000000000000, 0.000000000000000000, -1.000000000000000000 ) ) ;
#662 = EDGE_CURVE ( 'NONE', #192, #442, #878, .T. ) ;
#663 = CARTESIAN_POINT ( 'NONE',  ( 15.51666261980969530, 4.506662619808127879, -3.290553299111327767 ) ) ;
#664 = CARTESIAN_POINT ( 'NONE',  ( 14.94400000000029927, 5.000000000000000888, -5.000000000000000888 ) ) ;
#665 = CARTESIAN_POINT ( 'NONE',  ( 15.11799000743043742, -4.999999999999997335, -3.849010606744704077 ) ) ;
#666 = VERTEX_POINT ( 'NONE', #789 ) ;
#667 = DIRECTION ( 'NONE',  ( 0.000000000000000000, 0.000000000000000000, 1.000000000000000000 ) ) ;
#668 = DIRECTION ( 'NONE',  ( 0.000000000000000000, -1.000000000000000000, 0.000000000000000000 ) ) ;
#669 = CARTESIAN_POINT ( 'NONE',  ( -0.000000000000000000, -4.999999999999998224, 0.000000000000000000 ) ) ;
#670 = VERTEX_POINT ( 'NONE', #1035 ) ;
#671 = PLANE ( 'NONE',  #413 ) ;
#672 =( BOUNDED_SURFACE ( )  B_SPLINE_SURFACE ( 2, 3, ( 
 ( #1099, #558, #916, #829, #142, #1115, #320, #848 ),
 ( #491, #230, #54, #574, #935, #406, #1025, #758 ),
 ( #699, #1083, #282, #374, #195, #86, #15, #531 ) ),
 .UNSPECIFIED., .F., .F., .F. ) 
 B_SPLINE_SURFACE_WITH_KNOTS ( ( 3, 3 ),
 ( 4, 2, 2, 4 ),
 ( 0.000000000000000000, 1.000000000000000000 ),
 ( -0.003400000000000000244, -0.003000000000000000062, -0.002000000000000000042, 0.005399999999999998551 ),
 .UNSPECIFIED. ) 
 GEOMETRIC_REPRESENTATION_ITEM ( )  RATIONAL_B_SPLINE_SURFACE ( (
 ( 1.000000000000000000, 1.000000000000000000, 1.000000000000000000, 1.000000000000000000, 1.000000000000000000, 1.000000000000000000, 1.000000000000000000, 1.000000000000000000),
 ( 0.7071067811865475727, 0.7071067811865475727, 0.7071067811865475727, 0.7071067811865475727, 0.7071067811865475727, 0.7071067811865475727, 0.7071067811865475727, 0.7071067811865475727),
 ( 1.000000000000000000, 1.000000000000000000, 1.000000000000000000, 1.000000000000000000, 1.000000000000000000, 1.000000000000000000, 1.000000000000000000, 1.000000000000000000) ) ) 
 REPRESENTATION_ITEM ( '' )  SURFACE ( )  );
#673 = CARTESIAN_POINT ( 'NONE',  ( 13.65936538882701434, 2.649365388826376844, -4.950060380255719927 ) ) ;
#674 = B_SPLINE_CURVE_WITH_KNOTS ( 'NONE', 3,
 ( #1092, #740, #300, #1007 ),
 .UNSPECIFIED., .F., .F.,
 ( 4, 4 ),
 ( 0.5000000000000270894, 1.000000000000000000 ),
 .UNSPECIFIED. ) ;
#675 = EDGE_CURVE ( 'NONE', #280, #1140, #1087, .T. ) ;
#676 = CARTESIAN_POINT ( 'NONE',  ( 14.67470057038650744, -4.999999999999999112, -4.328095702199437511 ) ) ;
#677 = CARTESIAN_POINT ( 'NONE',  ( -16.01000000000000156, 3.266666666666659502, -5.000000000000000888 ) ) ;
#678 = EDGE_CURVE ( 'NONE', #551, #70, #201, .T. ) ;
#679 = ORIENTED_EDGE ( 'NONE', *, *, #444, .F. ) ;
#680 = DIRECTION ( 'NONE',  ( 1.000000000000000000, -0.000000000000000000, 0.000000000000000000 ) ) ;
#681 = CARTESIAN_POINT ( 'NONE',  ( 13.01000000000000334, 1.999999999999930722, -5.000000000000000888 ) ) ;
#682 = CARTESIAN_POINT ( 'NONE',  ( -14.68177074468433396, 0.9999999999999950040, -4.321360518346547330 ) ) ;
#683 = CARTESIAN_POINT ( 'NONE',  ( -16.01000000000000156, -0.4666666666666694496, -5.000000000000000888 ) ) ;
#684 = ORIENTED_EDGE ( 'NONE', *, *, #997, .T. ) ;
#685 = FILL_AREA_STYLE_COLOUR ( '', #265 ) ;
#686 = CARTESIAN_POINT ( 'NONE',  ( 13.19082839767378879, 2.020091481810870615, -5.000000000000005329 ) ) ;
#687 = VECTOR ( 'NONE', #851, 1000.000000000000000 ) ;
#688 = CARTESIAN_POINT ( 'NONE',  ( -14.94686975684295227, -4.999999999999998224, -4.065027289375578334 ) ) ;
#689 = CARTESIAN_POINT ( 'NONE',  ( 13.67351834460714954, 1.000000000000079714, -4.921070915725335837 ) ) ;
#690 = ORIENTED_EDGE ( 'NONE', *, *, #1011, .T. ) ;
#691 =( LENGTH_UNIT ( ) NAMED_UNIT ( * ) SI_UNIT ( .MILLI., .METRE. ) );
#692 = CARTESIAN_POINT ( 'NONE',  ( 13.01000000000005841, 2.000000000000000000, -5.000000000000000888 ) ) ;
#693 = DIRECTION ( 'NONE',  ( 1.000000000000000000, 0.000000000000000000, 0.000000000000000000 ) ) ;
#694 = CARTESIAN_POINT ( 'NONE',  ( -13.01000000000000156, 2.666666666666661190, -5.000000000000000000 ) ) ;
#695 = ORIENTED_EDGE ( 'NONE', *, *, #1142, .F. ) ;
#696 = CARTESIAN_POINT ( 'NONE',  ( -14.48406325625253110, 2.271103833001717476, -4.485044976696160646 ) ) ;
#697 = CARTESIAN_POINT ( 'NONE',  ( 13.56498576056813654, 4.194664359556473876, -3.730168695265077883 ) ) ;
#698 = EDGE_CURVE ( 'NONE', #1042, #1097, #196, .T. ) ;
#699 = CARTESIAN_POINT ( 'NONE',  ( 16.01000000000000156, 3.400000000000000355, -1.000000000000000000 ) ) ;
#700 = CARTESIAN_POINT ( 'NONE',  ( 13.65925098225387302, 0.2187756957011563197, -4.536264883522448166 ) ) ;
#701 = CARTESIAN_POINT ( 'NONE',  ( 14.23839985031723110, 0.9999999999999185096, -4.670813118480204196 ) ) ;
#702 = ORIENTED_EDGE ( 'NONE', *, *, #765, .F. ) ;
#703 = AXIS2_PLACEMENT_3D ( 'NONE', #376, #978, #727 ) ;
#704 = CARTESIAN_POINT ( 'NONE',  ( 13.93935259194293153, 4.885555645110700063, -2.095937719925388798 ) ) ;
#705 = CARTESIAN_POINT ( 'NONE',  ( 14.27179938779914359, 4.999999999999998224, -0.9999999999999997780 ) ) ;
#706 = CARTESIAN_POINT ( 'NONE',  ( -14.28142904714745320, 3.271429047147826008, -4.708575267348884985 ) ) ;
#707 = B_SPLINE_CURVE_WITH_KNOTS ( 'NONE', 3,
 ( #242, #148, #253, #1053, #72, #866, #946, #581, #1040, #332, #942, #79, #172, #592, #337, #688, #421, #585 ),
 .UNSPECIFIED., .F., .F.,
 ( 4, 1, 2, 2, 1, 1, 2, 2, 1, 1, 1, 4 ),
 ( 0.000000000000000000, 0.1665373776660556693, 0.2498060664990833235, 0.2706232387073406187, 0.2914404109155978584, 0.3330747553321118937, 0.4996121329981692560, 0.5100207191022981812, 0.5204293052064271619, 0.5412464774146854563, 0.5828808218312027112, 0.6661495106642372210 ),
 .UNSPECIFIED. ) ;
#708 = VERTEX_POINT ( 'NONE', #264 ) ;
#709 = CARTESIAN_POINT ( 'NONE',  ( -13.74439746293505848, 2.096287701984292262, -4.878371879220866347 ) ) ;
#710 = FACE_OUTER_BOUND ( 'NONE', #1074, .T. ) ;
#711 = CARTESIAN_POINT ( 'NONE',  ( 16.01000000000000156, 3.000000000000000000, -1.000000000000000000 ) ) ;
#712 = CARTESIAN_POINT ( 'NONE',  ( -15.06028208199137097, 4.050282081991385397, -4.027006787900289986 ) ) ;
#713 = ADVANCED_FACE ( 'NONE', ( #375 ), #1118, .T. ) ;
#714 = CARTESIAN_POINT ( 'NONE',  ( 15.64689586978323632, 2.783822388092778599, -2.917765611700659178 ) ) ;
#715 = ADVANCED_FACE ( 'NONE', ( #1089 ), #477, .T. ) ;
#716 = CARTESIAN_POINT ( 'NONE',  ( -13.00999999999999979, 0.000000000000000000, -11.54752010819512087 ) ) ;
#717 = CARTESIAN_POINT ( 'NONE',  ( 14.00999999999999979, 5.000000000000000000, -1.000000000000000000 ) ) ;
#718 = CARTESIAN_POINT ( 'NONE',  ( -15.97559847132906263, 2.978161974179999394, -1.704420271348410898 ) ) ;
#719 = VECTOR ( 'NONE', #428, 1000.000000000000000 ) ;
#720 =( BOUNDED_SURFACE ( )  B_SPLINE_SURFACE ( 3, 2, ( 
 ( #790, #435, #516 ),
 ( #873, #593, #81 ),
 ( #689, #3, #783 ),
 ( #701, #599, #149 ),
 ( #867, #62, #1139 ),
 ( #69, #333, #416 ) ),
 .UNSPECIFIED., .F., .F., .F. ) 
 B_SPLINE_SURFACE_WITH_KNOTS ( ( 4, 2, 4 ),
 ( 3, 3 ),
 ( 0.000000000000000000, 0.0005543681587922445059, 0.001108736317584489012 ),
 ( 0.000000000000000000, 1.000000000000000000 ),
 .UNSPECIFIED. ) 
 GEOMETRIC_REPRESENTATION_ITEM ( )  RATIONAL_B_SPLINE_SURFACE ( (
 ( 1.000000000000000000, 0.7071067811865474617, 1.000000000000000000),
 ( 1.000000000000000000, 0.7071067811865474617, 1.000000000000000000),
 ( 1.000000000000000000, 0.7071067811865471286, 1.000000000000000000),
 ( 1.000000000000000000, 0.7071067811865471286, 1.000000000000000000),
 ( 1.000000000000000000, 0.7071067811865479058, 1.000000000000000000),
 ( 1.000000000000000000, 0.7071067811865479058, 1.000000000000000000) ) ) 
 REPRESENTATION_ITEM ( '' )  SURFACE ( )  );
#721 = FACE_OUTER_BOUND ( 'NONE', #636, .T. ) ;
#722 = CARTESIAN_POINT ( 'NONE',  ( -14.94400000000000617, 4.999999999999993783, -1.000000000000000000 ) ) ;
#723 = VERTEX_POINT ( 'NONE', #917 ) ;
#724 = APPLICATION_CONTEXT ( 'automotive_design' ) ;
#725 = CARTESIAN_POINT ( 'NONE',  ( 13.46446131484587738, 3.967987482710829905, -4.020258513716392201 ) ) ;
#726 = CARTESIAN_POINT ( 'NONE',  ( -13.83098811940911510, 4.701901576425983720, -2.748344974600716473 ) ) ;
#727 = DIRECTION ( 'NONE',  ( 0.000000000000000000, 0.000000000000000000, -1.000000000000000000 ) ) ;
#728 = CYLINDRICAL_SURFACE ( 'NONE', #14, 1.000000000000000000 ) ;
#729 = B_SPLINE_CURVE_WITH_KNOTS ( 'NONE', 3,
 ( #773, #510, #243, #1054, #504, #967, #73, #613, #1067, #448 ),
 .UNSPECIFIED., .F., .F.,
 ( 4, 2, 2, 2, 4 ),
 ( 0.000000000000000000, 0.2500000000000005551, 0.5000000000000011102, 0.7500000000000005551, 1.000000000000000000 ),
 .UNSPECIFIED. ) ;
#730 = CARTESIAN_POINT ( 'NONE',  ( -14.94400000000029927, 4.999999999999993783, -5.000000000000000888 ) ) ;
#731 = EDGE_CURVE ( 'NONE', #708, #779, #202, .T. ) ;
#732 = CARTESIAN_POINT ( 'NONE',  ( 13.00999999999999979, 0.000000000000000000, -11.54752010819512087 ) ) ;
#733 = CARTESIAN_POINT ( 'NONE',  ( -13.11005215453870854, 2.100052154500836377, -5.000000002089985962 ) ) ;
#734 = CARTESIAN_POINT ( 'NONE',  ( 13.00999999999999979, 0.000000000000000000, -4.000000000000001776 ) ) ;
#735 = ORIENTED_EDGE ( 'NONE', *, *, #223, .T. ) ;
#736 = CARTESIAN_POINT ( 'NONE',  ( -13.49935338072023505, 4.055845154654130091, -3.924727328128624571 ) ) ;
#737 = CARTESIAN_POINT ( 'NONE',  ( 13.79382238943457040, 4.636895874289748143, -2.917765601872707837 ) ) ;
#738 = CARTESIAN_POINT ( 'NONE',  ( -13.00999999999999979, -4.999999999999998224, -3.580557819087478055 ) ) ;
#739 = ORIENTED_EDGE ( 'NONE', *, *, #937, .F. ) ;
#740 = CARTESIAN_POINT ( 'NONE',  ( -13.01000000000000334, 1.333333333333292403, -5.000000000000000000 ) ) ;
#741 = CARTESIAN_POINT ( 'NONE',  ( 14.00999999517663852, 5.000000000000004441, -1.356471751546040272 ) ) ;
#742 = AXIS2_PLACEMENT_3D ( 'NONE', #349, #1059, #611 ) ;
#743 = LINE ( 'NONE', #307, #250 ) ;
#744 = VERTEX_POINT ( 'NONE', #214 ) ;
#745 = AXIS2_PLACEMENT_3D ( 'NONE', #391, #1102, #215 ) ;
#746 = CARTESIAN_POINT ( 'NONE',  ( -13.08835409844094677, 2.630900032652632170, -4.915159357434674803 ) ) ;
#747 = CARTESIAN_POINT ( 'NONE',  ( 15.76827357806832808, 4.758273578067487186, -2.650808962713662176 ) ) ;
#748 = FACE_OUTER_BOUND ( 'NONE', #134, .T. ) ;
#749 = CARTESIAN_POINT ( 'NONE',  ( -16.01000000000000156, 3.266666666666661722, -1.000000000000000000 ) ) ;
#750 = ORIENTED_EDGE ( 'NONE', *, *, #1026, .F. ) ;
#751 = EDGE_CURVE ( 'NONE', #744, #168, #316, .T. ) ;
#752 = SURFACE_STYLE_USAGE ( .BOTH. , #595 ) ;
#753 = CARTESIAN_POINT ( 'NONE',  ( 14.01000000000001577, 0.4406129564733719528, -4.580557819087474947 ) ) ;
#754 = CARTESIAN_POINT ( 'NONE',  ( -14.06020601652393331, 2.154607032305855263, -4.757445868472313322 ) ) ;
#755 = CARTESIAN_POINT ( 'NONE',  ( -13.01000000000000334, -6.505213034913025026E-15, -5.000000000000000000 ) ) ;
#756 = CARTESIAN_POINT ( 'NONE',  ( -16.01000000000000156, 2.999999999999994671, 0.000000000000000000 ) ) ;
#757 = ORIENTED_EDGE ( 'NONE', *, *, #765, .T. ) ;
#758 = CARTESIAN_POINT ( 'NONE',  ( 16.01000000000000156, -5.399999999999998579, -5.000000000000000888 ) ) ;
#759 = CARTESIAN_POINT ( 'NONE',  ( -14.00999999999999623, -4.770489558936219510E-15, -3.580557819087474503 ) ) ;
#760 = CARTESIAN_POINT ( 'NONE',  ( -14.23839985031722399, 1.000000000000015321, -4.670813118480201531 ) ) ;
#761 = CARTESIAN_POINT ( 'NONE',  ( 15.97014952423050893, -4.999999999999999112, -1.770985667204118652 ) ) ;
#762 = VECTOR ( 'NONE', #162, 1000.000000000000000 ) ;
#763 = ORIENTED_EDGE ( 'NONE', *, *, #496, .T. ) ;
#764 = CARTESIAN_POINT ( 'NONE',  ( -16.01000000000000156, -4.999999999999998224, -11.54752010819512087 ) ) ;
#765 = EDGE_CURVE ( 'NONE', #212, #280, #554, .T. ) ;
#766 = CARTESIAN_POINT ( 'NONE',  ( 13.44954340728529196, 2.439543407285611476, -4.980154906103859247 ) ) ;
#767 = LINE ( 'NONE', #966, #222 ) ;
#768 = DIRECTION ( 'NONE',  ( -0.000000000000000000, -0.000000000000000000, 1.000000000000000000 ) ) ;
#769 = ORIENTED_EDGE ( 'NONE', *, *, #466, .F. ) ;
#770 = DIRECTION ( 'NONE',  ( 1.000000000000000000, 1.896168696414373855E-16, 0.000000000000000000 ) ) ;
#771 = CARTESIAN_POINT ( 'NONE',  ( 13.00999999999999979, -4.999999999999998224, -3.580557819087478055 ) ) ;
#772 = LINE ( 'NONE', #87, #605 ) ;
#773 = CARTESIAN_POINT ( 'NONE',  ( -14.00999999999999979, 4.999999999999994671, -1.000000000000000000 ) ) ;
#774 = VERTEX_POINT ( 'NONE', #389 ) ;
#775 = AXIS2_PLACEMENT_3D ( 'NONE', #877, #24, #461 ) ;
#776 = CARTESIAN_POINT ( 'NONE',  ( 13.37449170830184997, 3.746661930444942445, -4.255668911811819832 ) ) ;
#777 = CARTESIAN_POINT ( 'NONE',  ( -14.47806222462525483, 0.9999999999999749090, -4.503644022629570642 ) ) ;
#778 = CARTESIAN_POINT ( 'NONE',  ( -16.01000000000000156, 3.133333333333328419, -5.000000000000000888 ) ) ;
#779 = VERTEX_POINT ( 'NONE', #137 ) ;
#780 = CARTESIAN_POINT ( 'NONE',  ( -16.01000000000000156, 2.999999999999994671, -1.000000000000000888 ) ) ;
#781 = CARTESIAN_POINT ( 'NONE',  ( 14.77749172516259613, 3.767491725162434690, -4.337789181729790222 ) ) ;
#782 = CARTESIAN_POINT ( 'NONE',  ( -14.00999999999999979, 4.999999999999994671, 0.000000000000000000 ) ) ;
#783 = CARTESIAN_POINT ( 'NONE',  ( 13.38072116722589122, -2.199666250760705661E-15, -3.957045325014691528 ) ) ;
#784 = ORIENTED_EDGE ( 'NONE', *, *, #356, .T. ) ;
#785 = CARTESIAN_POINT ( 'NONE',  ( -14.68259802024880400, 2.336592009213350085, -4.323472702671531387 ) ) ;
#786 = ADVANCED_FACE ( 'NONE', ( #559 ), #208, .T. ) ;
#787 = CARTESIAN_POINT ( 'NONE',  ( 13.72491783846171032, 4.513076115475027628, -3.188742802976059831 ) ) ;
#788 = CARTESIAN_POINT ( 'NONE',  ( 14.01000000000001577, 0.4406129564733719528, -4.580557819087474947 ) ) ;
#789 = CARTESIAN_POINT ( 'NONE',  ( 13.00999999999999979, 0.000000000000000000, -3.580557819087478055 ) ) ;
#790 = CARTESIAN_POINT ( 'NONE',  ( 13.00999999999999979, 1.000000000000000222, -5.000000000000000000 ) ) ;
#791 = ORIENTED_EDGE ( 'NONE', *, *, #1043, .F. ) ;
#792 = CARTESIAN_POINT ( 'NONE',  ( -13.96374310018809695, 2.137350826290898897, -4.793198505910037710 ) ) ;
#793 = CARTESIAN_POINT ( 'NONE',  ( -13.07052897950064185, -4.789078480023566813E-15, -3.998899022318141316 ) ) ;
#794 = CARTESIAN_POINT ( 'NONE',  ( 13.00999999999999979, 0.000000000000000000, 0.000000000000000000 ) ) ;
#795 = CARTESIAN_POINT ( 'NONE',  ( 16.01000000000000156, -4.999999999999998224, -11.54752010819512087 ) ) ;
#796 = CYLINDRICAL_SURFACE ( 'NONE', #703, 1.000000000000000000 ) ;
#797 = CARTESIAN_POINT ( 'NONE',  ( -16.01000000000000156, 0.3333333333333265425, -1.000000000000000888 ) ) ;
#798 = CARTESIAN_POINT ( 'NONE',  ( -15.57424511843118786, 2.742614957743763959, -3.079736196403249249 ) ) ;
#799 = PRESENTATION_LAYER_ASSIGNMENT (  '', '', ( #948 ) ) ;
#800 = CARTESIAN_POINT ( 'NONE',  ( 13.90162797990620014, 4.822371643430440891, -2.355975156504969359 ) ) ;
#801 = ADVANCED_FACE ( 'NONE', ( #420 ), #1052, .T. ) ;
#802 = LINE ( 'NONE', #794, #571 ) ;
#803 = CARTESIAN_POINT ( 'NONE',  ( -13.20160418201982822, 3.196945152500420217, -4.672684610023639884 ) ) ;
#804 = EDGE_CURVE ( 'NONE', #551, #150, #933, .T. ) ;
#805 = CLOSED_SHELL ( 'NONE', ( #67, #921, #405, #956, #853, #522, #379, #715, #801, #891, #588, #1094, #53, #628, #1045, #786, #487, #713, #270, #33, #508, #272, #287, #342 ) ) ;
#806 = VERTEX_POINT ( 'NONE', #771 ) ;
#807 = CARTESIAN_POINT ( 'NONE',  ( -15.87643007697368525, 2.917872388133623929, -2.182998833864558286 ) ) ;
#808 = CARTESIAN_POINT ( 'NONE',  ( 13.89788056828734675, 4.816060744748598133, -2.379095859328309359 ) ) ;
#809 = CARTESIAN_POINT ( 'NONE',  ( -13.98816197417843910, 4.965598471329043306, -1.704420271348501270 ) ) ;
#810 = CARTESIAN_POINT ( 'NONE',  ( 13.75656818439699336, 2.097543437356856444, -4.876715441230826009 ) ) ;
#811 = CARTESIAN_POINT ( 'NONE',  ( 14.94399999999999729, 2.000000000000000444, -5.000000000000000000 ) ) ;
#812 = CARTESIAN_POINT ( 'NONE',  ( 14.00999999999999979, 5.000000000000000000, -1.000000000000000000 ) ) ;
#813 = CARTESIAN_POINT ( 'NONE',  ( 15.23909343994982635, 4.599333684796360622, -1.000000000000000000 ) ) ;
#814 = CARTESIAN_POINT ( 'NONE',  ( -14.83953842546178059, 2.396658464949056988, -4.172751891017543180 ) ) ;
#815 = VECTOR ( 'NONE', #1031, 1000.000000000000000 ) ;
#816 = CARTESIAN_POINT ( 'NONE',  ( 15.71190157832315037, 2.820988119310462228, -2.748344968701968760 ) ) ;
#817 = EDGE_CURVE ( 'NONE', #806, #1121, #964, .T. ) ;
#818 = CARTESIAN_POINT ( 'NONE',  ( -13.71084056056355749, 2.090683854877443348, -4.889329045843464172 ) ) ;
#819 = ORIENTED_EDGE ( 'NONE', *, *, #82, .T. ) ;
#820 = CARTESIAN_POINT ( 'NONE',  ( -13.83796163313941996, 0.3241654806246436205, -4.580557819087477611 ) ) ;
#821 = CARTESIAN_POINT ( 'NONE',  ( -15.95015495941068373, 4.940154959411827917, -1.962385875306053684 ) ) ;
#822 = CARTESIAN_POINT ( 'NONE',  ( -14.01000000000001222, 0.4406129564733629600, -4.580557819087474947 ) ) ;
#823 = B_SPLINE_CURVE_WITH_KNOTS ( 'NONE', 3,
 ( #92, #793, #471, #115 ),
 .UNSPECIFIED., .F., .F.,
 ( 4, 4 ),
 ( 0.000000000000000000, 9.076389793671197639E-05 ),
 .UNSPECIFIED. ) ;
#824 = FACE_OUTER_BOUND ( 'NONE', #309, .T. ) ;
#825 = CARTESIAN_POINT ( 'NONE',  ( 13.07052897950064008, 1.295596334888822970E-17, -3.998899022318141316 ) ) ;
#826 = B_SPLINE_CURVE_WITH_KNOTS ( 'NONE', 3,
 ( #913, #403, #832, #36 ),
 .UNSPECIFIED., .F., .F.,
 ( 4, 4 ),
 ( 0.000000000000000000, 1.000000000000000000 ),
 .UNSPECIFIED. ) ;
#827 = DIRECTION ( 'NONE',  ( 1.000000000000000000, 1.836970198721029934E-16, -0.000000000000000000 ) ) ;
#828 = ORIENTED_EDGE ( 'NONE', *, *, #174, .T. ) ;
#829 = CARTESIAN_POINT ( 'NONE',  ( 13.01000000000000156, 2.666666666666666519, -5.000000000000000000 ) ) ;
#830 = CARTESIAN_POINT ( 'NONE',  ( 13.89546889502818061, 4.812456114271742358, -2.404603348348357095 ) ) ;
#831 = B_SPLINE_CURVE_WITH_KNOTS ( 'NONE', 3,
 ( #753, #475, #380, #548 ),
 .UNSPECIFIED., .F., .F.,
 ( 4, 4 ),
 ( 0.001233881137879080806, 0.002147139359048412261 ),
 .UNSPECIFIED. ) ;
#832 = CARTESIAN_POINT ( 'NONE',  ( -4.669999999999853380, 4.999999999999996447, -1.000000000000000000 ) ) ;
#833 = ORIENTED_EDGE ( 'NONE', *, *, #1127, .F. ) ;
#834 = DIRECTION ( 'NONE',  ( 0.000000000000000000, 0.000000000000000000, 1.000000000000000000 ) ) ;
#835 = CARTESIAN_POINT ( 'NONE',  ( -13.20594935385591384, 2.195949353856394115, -4.997630103708698535 ) ) ;
#836 = EDGE_CURVE ( 'NONE', #981, #314, #625, .T. ) ;
#837 = VECTOR ( 'NONE', #834, 1000.000000000000000 ) ;
#838 = DIRECTION ( 'NONE',  ( 0.000000000000000000, -1.000000000000000000, 0.000000000000000000 ) ) ;
#839 = EDGE_CURVE ( 'NONE', #168, #723, #1030, .T. ) ;
#840 = CARTESIAN_POINT ( 'NONE',  ( 15.78670784261602655, -4.999999999999997335, -2.515042553824428317 ) ) ;
#841 = EDGE_LOOP ( 'NONE', ( #679, #500, #583, #382 ) ) ;
#842 = VECTOR ( 'NONE', #139, 1000.000000000000000 ) ;
#843 = CARTESIAN_POINT ( 'NONE',  ( -13.70926830188476764, 4.482171136385994181, -3.255195604158660494 ) ) ;
#844 = CARTESIAN_POINT ( 'NONE',  ( -13.64090023271978858, 2.078354102010663063, -4.915159313240375916 ) ) ;
#845 = CARTESIAN_POINT ( 'NONE',  ( 4.336666666666666003, 4.999999999999998224, -1.000000000000000000 ) ) ;
#846 = DIRECTION ( 'NONE',  ( 0.000000000000000000, 1.000000000000000000, -0.000000000000000000 ) ) ;
#847 = EDGE_LOOP ( 'NONE', ( #108, #739, #325, #346, #883 ) ) ;
#848 = CARTESIAN_POINT ( 'NONE',  ( 13.01000000000000156, -5.399999999999998579, -5.000000000000000000 ) ) ;
#849 = CARTESIAN_POINT ( 'NONE',  ( 16.01000000000000156, 0.3333333333333248216, -1.000000000000000888 ) ) ;
#850 = CARTESIAN_POINT ( 'NONE',  ( -13.72108494461830119, -4.801751464725916697E-15, -3.806254991433245749 ) ) ;
#851 = DIRECTION ( 'NONE',  ( 0.000000000000000000, 0.000000000000000000, -1.000000000000000000 ) ) ;
#852 = ORIENTED_EDGE ( 'NONE', *, *, #308, .F. ) ;
#853 = ADVANCED_FACE ( 'NONE', ( #945 ), #591, .F. ) ;
#854 = CARTESIAN_POINT ( 'NONE',  ( 13.08835410201073834, 2.630900232718618614, -4.915159313240642369 ) ) ;
#855 = FACE_OUTER_BOUND ( 'NONE', #298, .T. ) ;
#856 = DIRECTION ( 'NONE',  ( -1.836970198721030427E-16, 1.000000000000000000, 0.000000000000000000 ) ) ;
#857 = CIRCLE ( 'NONE', #1021, 1.000000000000000000 ) ;
#858 = ORIENTED_EDGE ( 'NONE', *, *, #174, .F. ) ;
#859 = CARTESIAN_POINT ( 'NONE',  ( -16.01000000000000156, 4.999999999999993783, 0.000000000000000000 ) ) ;
#860 = DIRECTION ( 'NONE',  ( -1.836970198721029934E-16, 1.000000000000000000, -0.000000000000000000 ) ) ;
#861 = CYLINDRICAL_SURFACE ( 'NONE', #167, 2.000000000000000000 ) ;
#862 = FACE_OUTER_BOUND ( 'NONE', #523, .T. ) ;
#863 = ORIENTED_EDGE ( 'NONE', *, *, #678, .T. ) ;
#864 = CARTESIAN_POINT ( 'NONE',  ( 14.83953842546196533, 2.396658464949475320, -4.172751891017336234 ) ) ;
#865 = APPLICATION_CONTEXT ( 'automotive_design' ) ;
#866 = CARTESIAN_POINT ( 'NONE',  ( -15.81060338678258503, -4.999999999999998224, -2.434616519645524502 ) ) ;
#867 = CARTESIAN_POINT ( 'NONE',  ( 14.47806222462520687, 1.000000000000482947, -4.503644022629605281 ) ) ;
#868 = ORIENTED_EDGE ( 'NONE', *, *, #390, .F. ) ;
#869 = CARTESIAN_POINT ( 'NONE',  ( -15.94997738142231469, 2.962321382369531797, -1.804848536869332554 ) ) ;
#870 = VECTOR ( 'NONE', #667, 1000.000000000000000 ) ;
#871 = CARTESIAN_POINT ( 'NONE',  ( 13.20160418201977315, 3.196945152500478837, -4.672684610023595475 ) ) ;
#872 = DIRECTION ( 'NONE',  ( 0.000000000000000000, 0.000000000000000000, 1.000000000000000000 ) ) ;
#873 = CARTESIAN_POINT ( 'NONE',  ( 13.34653576177896284, 0.9999999999996758149, -5.000000000000000000 ) ) ;
#874 = EDGE_CURVE ( 'NONE', #561, #216, #278, .T. ) ;
#875 = ORIENTED_EDGE ( 'NONE', *, *, #836, .T. ) ;
#876 =( NAMED_UNIT ( * ) PLANE_ANGLE_UNIT ( ) SI_UNIT ( $, .RADIAN. ) );
#877 = CARTESIAN_POINT ( 'NONE',  ( 16.01000000000000156, 0.000000000000000000, -11.54752010819512087 ) ) ;
#878 = B_SPLINE_CURVE_WITH_KNOTS ( 'NONE', 3,
 ( #1123, #520, #440, #328 ),
 .UNSPECIFIED., .F., .F.,
 ( 4, 4 ),
 ( 0.000000000000000000, 0.4999999999999494849 ),
 .UNSPECIFIED. ) ;
#879 = PRODUCT_DEFINITION_SHAPE ( 'NONE', 'NONE',  #1049 ) ;
#880 = CARTESIAN_POINT ( 'NONE',  ( 4.336666666666740610, 1.999999999999998224, -5.000000000000000000 ) ) ;
#881 = CARTESIAN_POINT ( 'NONE',  ( 16.01000000000000156, -4.999999999999998224, -1.000000000000007772 ) ) ;
#882 = CARTESIAN_POINT ( 'NONE',  ( -16.01000000000000156, 3.133333333333328419, -1.000000000000000000 ) ) ;
#883 = ORIENTED_EDGE ( 'NONE', *, *, #874, .F. ) ;
#884 = CARTESIAN_POINT ( 'NONE',  ( -14.34719300812030696, 2.230911331329846092, -4.580857449560488348 ) ) ;
#885 = DIRECTION ( 'NONE',  ( 1.000000000000000000, -0.000000000000000000, 0.000000000000000000 ) ) ;
#886 = CARTESIAN_POINT ( 'NONE',  ( 14.67448893079299133, 1.000000000000000444, -4.327855926172982315 ) ) ;
#887 = CARTESIAN_POINT ( 'NONE',  ( -14.62636691063709726, 3.616366910637471399, -4.475060945469732765 ) ) ;
#888 = CARTESIAN_POINT ( 'NONE',  ( 14.06020538727990221, 2.154607028531353219, -4.757446115640684425 ) ) ;
#889 = CARTESIAN_POINT ( 'NONE',  ( -14.67448893079302152, 0.9999999999999956701, -4.327855926172952117 ) ) ;
#890 = EDGE_CURVE ( 'NONE', #358, #192, #407, .T. ) ;
#891 = ADVANCED_FACE ( 'NONE', ( #710 ), #177, .T. ) ;
#892 = CARTESIAN_POINT ( 'NONE',  ( 13.14735082629088048, 2.953743100188244597, -4.793198505909979090 ) ) ;
#893 = CARTESIAN_POINT ( 'NONE',  ( -15.18774137556810544, 2.546243384986623060, -3.759943458819994255 ) ) ;
#894 = ORIENTED_EDGE ( 'NONE', *, *, #1127, .T. ) ;
#895 = CARTESIAN_POINT ( 'NONE',  ( -14.97798748271079816, 2.454461314845837183, -4.020258513716401971 ) ) ;
#896 = EDGE_LOOP ( 'NONE', ( #828, #735, #1006, #436 ) ) ;
#897 = CARTESIAN_POINT ( 'NONE',  ( 13.48766935453756410, 4.021936687472535965, -3.955704905089789669 ) ) ;
#898 = DIRECTION ( 'NONE',  ( 0.000000000000000000, 0.000000000000000000, 1.000000000000000000 ) ) ;
#899 = VECTOR ( 'NONE', #932, 1000.000000000000000 ) ;
#900 = CARTESIAN_POINT ( 'NONE',  ( 15.82245611237468097, 2.885468895127275335, -2.404603354246771296 ) ) ;
#901 = CARTESIAN_POINT ( 'NONE',  ( -4.336666666674187987, 4.999999999996233235, -5.000000000000000888 ) ) ;
#902 = ORIENTED_EDGE ( 'NONE', *, *, #1116, .F. ) ;
#903 = DIRECTION ( 'NONE',  ( 0.000000000000000000, 0.000000000000000000, -1.000000000000000000 ) ) ;
#904 = CARTESIAN_POINT ( 'NONE',  ( 15.60933368479636130, 4.229093439949831001, -1.000000000000000222 ) ) ;
#905 = CARTESIAN_POINT ( 'NONE',  ( 13.33201874181129831, 0.05599857552777604691, -4.339993319973265429 ) ) ;
#906 = CARTESIAN_POINT ( 'NONE',  ( 13.00999999999999979, 0.4780133412367177370, -4.892226903609812716 ) ) ;
#907 = CARTESIAN_POINT ( 'NONE',  ( 13.34333333333333194, 5.000000000000000000, -1.000000000000000000 ) ) ;
#908 = CARTESIAN_POINT ( 'NONE',  ( -13.10754343735681360, 2.746568184397067736, -4.876715441230805581 ) ) ;
#909 = CARTESIAN_POINT ( 'NONE',  ( -16.01000000000000512, 2.999999995177211165, -1.356471751546469706 ) ) ;
#910 = ORIENTED_EDGE ( 'NONE', *, *, #427, .F. ) ;
#911 = EDGE_CURVE ( 'NONE', #314, #708, #823, .T. ) ;
#912 = CARTESIAN_POINT ( 'NONE',  ( -13.01000000000002821, 1.999999999999973133, -5.000000000000000888 ) ) ;
#913 = CARTESIAN_POINT ( 'NONE',  ( 14.00999999999999979, 5.000000000000000000, -1.000000000000000000 ) ) ;
#914 = ORIENTED_EDGE ( 'NONE', *, *, #466, .T. ) ;
#915 =( BOUNDED_CURVE ( )  B_SPLINE_CURVE ( 2, ( #886, #446, #623 ),
 .UNSPECIFIED., .F., .T. ) 
 B_SPLINE_CURVE_WITH_KNOTS ( ( 3, 3 ),
 ( 0.000000000000000000, 0.001845436029780037589 ),
 .UNSPECIFIED. ) 
 CURVE ( )  GEOMETRIC_REPRESENTATION_ITEM ( )  RATIONAL_B_SPLINE_CURVE ( ( 0.8619090922489811568, 0.8885343021979263956, 1.000000000000000000 ) ) 
 REPRESENTATION_ITEM ( '' )  );
#916 = CARTESIAN_POINT ( 'NONE',  ( 13.01000000000000156, 3.133333333333333304, -5.000000000000000000 ) ) ;
#917 = CARTESIAN_POINT ( 'NONE',  ( -16.01000000000000156, -4.999999999999998224, 0.000000000000000000 ) ) ;
#918 = B_SPLINE_CURVE_WITH_KNOTS ( 'NONE', 3,
 ( #998, #184, #1005, #1078, #900, #816, #714, #106, #458, #210, #27, #369, #1085, #1090, #297, #533, #888, #810, #284, #640, #633, #292, #204, #645 ),
 .UNSPECIFIED., .F., .F.,
 ( 4, 2, 2, 2, 2, 2, 2, 2, 2, 2, 2, 4 ),
 ( 0.000000000000000000, 0.2500000000000004996, 0.3750000000000007772, 0.5000000000000009992, 0.6250000000000007772, 0.7500000000000005551, 0.8125000000000005551, 0.8750000000000004441, 0.9375000000000003331, 0.9687500000000001110, 0.9843750000000001110, 1.000000000000000000 ),
 .UNSPECIFIED. ) ;
#919 = CARTESIAN_POINT ( 'NONE',  ( 15.80931039665889948, -5.000000000000000000, -2.439040918143104975 ) ) ;
#920 = ORIENTED_EDGE ( 'NONE', *, *, #698, .T. ) ;
#921 = ADVANCED_FACE ( 'NONE', ( #281 ), #468, .T. ) ;
#922 = CARTESIAN_POINT ( 'NONE',  ( -13.37449170689077249, 3.746661884086917027, -4.255668952572420949 ) ) ;
#923 = CARTESIAN_POINT ( 'NONE',  ( -13.01000000000000156, 1.999999999999951816, -5.000000000000000888 ) ) ;
#924 = CARTESIAN_POINT ( 'NONE',  ( -13.00999999999999979, -4.999999999999998224, 0.000000000000000000 ) ) ;
#925 = AXIS2_PLACEMENT_3D ( 'NONE', #13, #102, #456 ) ;
#926 = CARTESIAN_POINT ( 'NONE',  ( 15.82071024009495908, -4.999999999999999112, -2.398881241503253658 ) ) ;
#927 = ORIENTED_EDGE ( 'NONE', *, *, #151, .T. ) ;
#928 = CARTESIAN_POINT ( 'NONE',  ( -13.83098811931054151, 4.701901578323151476, -2.748344968701950997 ) ) ;
#929 = CARTESIAN_POINT ( 'NONE',  ( -13.08835410201075078, 2.630900232718999643, -4.915159313240547334 ) ) ;
#930 = AXIS2_PLACEMENT_3D ( 'NONE', #171, #361, #188 ) ;
#931 = CARTESIAN_POINT ( 'NONE',  ( -13.52808968220847952, 2.060902252341447305, -4.946720193535466770 ) ) ;
#932 = DIRECTION ( 'NONE',  ( 0.000000000000000000, -1.000000000000000000, 0.000000000000000000 ) ) ;
#933 = B_SPLINE_CURVE_WITH_KNOTS ( 'NONE', 3,
 ( #247, #170, #849, #502 ),
 .UNSPECIFIED., .F., .F.,
 ( 4, 4 ),
 ( 0.000000000000000000, 1.000000000000000000 ),
 .UNSPECIFIED. ) ;
#934 = EDGE_LOOP ( 'NONE', ( #411, #1033, #118, #163 ) ) ;
#935 = CARTESIAN_POINT ( 'NONE',  ( 16.01000000000000156, 2.333333333333333481, -5.000000000000000888 ) ) ;
#936 = CARTESIAN_POINT ( 'NONE',  ( 15.86815283874214444, 2.912916813820794371, -2.228864091386155710 ) ) ;
#937 = EDGE_CURVE ( 'NONE', #314, #58, #352, .T. ) ;
#938 = CARTESIAN_POINT ( 'NONE',  ( 13.67666666666695541, 5.000000000000000888, -5.000000000000000888 ) ) ;
#939 = CARTESIAN_POINT ( 'NONE',  ( 0.000000000000000000, -4.999999999999998224, 0.000000000000000000 ) ) ;
#940 = ORIENTED_EDGE ( 'NONE', *, *, #544, .T. ) ;
#941 = CARTESIAN_POINT ( 'NONE',  ( 15.40182285358407377, 2.651465269011585857, -3.424491837659593418 ) ) ;
#942 = CARTESIAN_POINT ( 'NONE',  ( -15.27006268027804481, -5.000000000000000000, -3.630543633914237844 ) ) ;
#943 = CYLINDRICAL_SURFACE ( 'NONE', #1008, 0.9999999999999997780 ) ;
#944 = ORIENTED_EDGE ( 'NONE', *, *, #751, .F. ) ;
#945 = FACE_OUTER_BOUND ( 'NONE', #286, .T. ) ;
#946 = CARTESIAN_POINT ( 'NONE',  ( -15.78805174698978320, -5.000000000000000888, -2.510741719625062096 ) ) ;
#947 = DIRECTION ( 'NONE',  ( 1.000000000000000000, 1.836970198721029934E-16, 0.000000000000000000 ) ) ;
#948 = STYLED_ITEM ( 'NONE', ( #573 ), #433 ) ;
#949 = ORIENTED_EDGE ( 'NONE', *, *, #675, .T. ) ;
#950 = CIRCLE ( 'NONE', #1101, 2.000000000000000000 ) ;
#951 = CARTESIAN_POINT ( 'NONE',  ( 13.49935338449046895, 4.055845198173733124, -3.924727280432603660 ) ) ;
#952 = DIRECTION ( 'NONE',  ( 0.000000000000000000, 1.000000000000000000, -0.000000000000000000 ) ) ;
#953 = LINE ( 'NONE', #586, #60 ) ;
#954 = ORIENTED_EDGE ( 'NONE', *, *, #804, .F. ) ;
#955 = CARTESIAN_POINT ( 'NONE',  ( 14.56644537927373761, 2.297363014199579112, -4.422918044587882846 ) ) ;
#956 = ADVANCED_FACE ( 'NONE', ( #824 ), #567, .F. ) ;
#957 = DIRECTION ( 'NONE',  ( -1.896168696414373855E-16, 1.000000000000000000, 0.000000000000000000 ) ) ;
#958 = CARTESIAN_POINT ( 'NONE',  ( -13.01000000000000156, 3.133333333333328419, -5.000000000000000000 ) ) ;
#959 = PRODUCT ( 'Fingertip_Spacer_Standoff', 'Fingertip_Spacer_Standoff', '', ( #971 ) ) ;
#960 = SHAPE_DEFINITION_REPRESENTATION ( #879, #1098 ) ;
#961 = ORIENTED_EDGE ( 'NONE', *, *, #698, .F. ) ;
#962 = CARTESIAN_POINT ( 'NONE',  ( -14.92241241698217813, 2.431242343585383825, -4.082065650697181525 ) ) ;
#963 = AXIS2_PLACEMENT_3D ( 'NONE', #237, #957, #509 ) ;
#964 = LINE ( 'NONE', #408, #870 ) ;
#965 = CARTESIAN_POINT ( 'NONE',  ( 13.00999999999999979, -4.999999999999998224, 0.000000000000000000 ) ) ;
#966 = CARTESIAN_POINT ( 'NONE',  ( 16.01000000000000156, 0.000000000000000000, 0.000000000000000000 ) ) ;
#967 = CARTESIAN_POINT ( 'NONE',  ( -15.60933368479636663, 4.229093439949824784, -1.000000000000000222 ) ) ;
#968 = ORIENTED_EDGE ( 'NONE', *, *, #731, .F. ) ;
#969 = CARTESIAN_POINT ( 'NONE',  ( -15.85138382940348656, 2.902933404971555831, -2.284057438002421225 ) ) ;
#970 = CARTESIAN_POINT ( 'NONE',  ( 13.10068385487742937, 2.700840560563585235, -4.889329045843459731 ) ) ;
#971 = PRODUCT_CONTEXT ( 'NONE', #724, 'mechanical' ) ;
#972 = CARTESIAN_POINT ( 'NONE',  ( -15.41627296362137756, 4.406272963621113981, -3.486805350923068314 ) ) ;
#973 = ORIENTED_EDGE ( 'NONE', *, *, #890, .T. ) ;
#974 = CARTESIAN_POINT ( 'NONE',  ( -13.83127199223056714, 2.111651091698373950, -4.847372461900506302 ) ) ;
#975 = CARTESIAN_POINT ( 'NONE',  ( 13.13669105627091760, 2.900984530998067967, -4.816058711898674183 ) ) ;
#976 = DIRECTION ( 'NONE',  ( 0.000000000000000000, -1.000000000000000000, 0.000000000000000000 ) ) ;
#977 = CARTESIAN_POINT ( 'NONE',  ( -13.99263036785028547, 2.982630367850056086, -4.848988367436809277 ) ) ;
#978 = DIRECTION ( 'NONE',  ( 0.000000000000000000, -1.000000000000000000, 0.000000000000000000 ) ) ;
#979 = DIRECTION ( 'NONE',  ( 0.000000000000000000, -1.000000000000000000, 0.000000000000000000 ) ) ;
#980 = CARTESIAN_POINT ( 'NONE',  ( -15.52307611547513311, 2.714917838461669675, -3.188742802975825352 ) ) ;
#981 = VERTEX_POINT ( 'NONE', #485 ) ;
#982 = CARTESIAN_POINT ( 'NONE',  ( 14.00058034559238962, 4.985712120386440738, -1.455872835492020512 ) ) ;
#983 = CARTESIAN_POINT ( 'NONE',  ( 14.53349576871855930, 4.947945353336631769, -1.000000000000000222 ) ) ;
#984 = CARTESIAN_POINT ( 'NONE',  ( -14.01000000000000156, 4.999999999999995559, -1.000000000000000000 ) ) ;
#985 = CYLINDRICAL_SURFACE ( 'NONE', #45, 2.000000000000000000 ) ;
#986 = CARTESIAN_POINT ( 'NONE',  ( 13.34333333333304239, 5.000000000000144773, -5.000000000000000888 ) ) ;
#987 = AXIS2_PLACEMENT_3D ( 'NONE', #221, #200, #661 ) ;
#988 = EDGE_LOOP ( 'NONE', ( #1135, #572, #1055 ) ) ;
#989 = CARTESIAN_POINT ( 'NONE',  ( 14.01000000000000512, 5.000000000000000000, -1.224695279602528553 ) ) ;
#990 = DIRECTION ( 'NONE',  ( 0.000000000000000000, 1.000000000000000000, -0.000000000000000000 ) ) ;
#991 = CARTESIAN_POINT ( 'NONE',  ( -15.86815283874207161, 2.912916813820217943, -2.228864091386470569 ) ) ;
#992 = VECTOR ( 'NONE', #827, 1000.000000000000000 ) ;
#993 = ORIENTED_EDGE ( 'NONE', *, *, #151, .F. ) ;
#994 = CARTESIAN_POINT ( 'NONE',  ( -13.01000000000000156, 0.9999999999999945599, -4.999999999999999112 ) ) ;
#995 = CARTESIAN_POINT ( 'NONE',  ( 13.97232138236955912, 4.939977381422338887, -1.804848536869212428 ) ) ;
#996 = CARTESIAN_POINT ( 'NONE',  ( 13.83796163313941996, 0.3241654806246521137, -4.580557819087478499 ) ) ;
#997 = EDGE_CURVE ( 'NONE', #666, #1097, #388, .T. ) ;
#998 = CARTESIAN_POINT ( 'NONE',  ( 16.01000000000000156, 3.000000000000000000, -1.000000000000000000 ) ) ;
#999 = CARTESIAN_POINT ( 'NONE',  ( -13.67666666666666764, 1.999999999999994893, -5.000000000000000000 ) ) ;
#1000 = ORIENTED_EDGE ( 'NONE', *, *, #1043, .T. ) ;
#1001 =( BOUNDED_SURFACE ( )  B_SPLINE_SURFACE ( 2, 3, ( 
 ( #28, #378, #323, #1020, #907, #845, #293, #409, #1079, #1119, #722, #564 ),
 ( #132, #664, #467, #938, #986, #641, #901, #482, #539, #50, #730, #107 ),
 ( #113, #811, #569, #232, #397, #44, #1086, #22, #999, #205, #371, #402 ) ),
 .UNSPECIFIED., .F., .F., .F. ) 
 B_SPLINE_SURFACE_WITH_KNOTS ( ( 3, 3 ),
 ( 4, 2, 2, 2, 2, 4 ),
 ( 0.000000000000000000, 1.000000000000000000 ),
 ( -0.01541099999999999935, -0.01400999999999999988, -0.01300999999999999900, 0.01300999999999999900, 0.01400999999999999988, 0.01541099999999999935 ),
 .UNSPECIFIED. ) 
 GEOMETRIC_REPRESENTATION_ITEM ( )  RATIONAL_B_SPLINE_SURFACE ( (
 ( 1.000000000000000000, 1.000000000000000000, 1.000000000000000000, 1.000000000000000000, 1.000000000000000000, 1.000000000000000000, 1.000000000000000000, 1.000000000000000000, 1.000000000000000000, 1.000000000000000000, 1.000000000000000000, 1.000000000000000000),
 ( 0.7071067811865475727, 0.7071067811865475727, 0.7071067811865475727, 0.7071067811865475727, 0.7071067811865475727, 0.7071067811865475727, 0.7071067811865475727, 0.7071067811865475727, 0.7071067811865475727, 0.7071067811865475727, 0.7071067811865475727, 0.7071067811865475727),
 ( 1.000000000000000000, 1.000000000000000000, 1.000000000000000000, 1.000000000000000000, 1.000000000000000000, 1.000000000000000000, 1.000000000000000000, 1.000000000000000000, 1.000000000000000000, 1.000000000000000000, 1.000000000000000000, 1.000000000000000000) ) ) 
 REPRESENTATION_ITEM ( '' )  SURFACE ( )  );
#1002 = CARTESIAN_POINT ( 'NONE',  ( -13.02980917654010362, 2.177971176770062467, -4.994488592698816731 ) ) ;
#1003 = PRODUCT_RELATED_PRODUCT_CATEGORY ( 'part', '', ( #959 ) ) ;
#1004 = CARTESIAN_POINT ( 'NONE',  ( -13.35977013637477206, 2.039526616449524710, -4.977260186471416326 ) ) ;
#1005 = CARTESIAN_POINT ( 'NONE',  ( 15.97559846927309657, 2.978161971957050014, -1.704420281383651092 ) ) ;
#1006 = ORIENTED_EDGE ( 'NONE', *, *, #556, .T. ) ;
#1007 = CARTESIAN_POINT ( 'NONE',  ( -13.01000000000020762, 1.999999999999994893, -5.000000000000000000 ) ) ;
#1008 = AXIS2_PLACEMENT_3D ( 'NONE', #166, #947, #856 ) ;
#1009 = CARTESIAN_POINT ( 'NONE',  ( -14.00999999999999979, 2.999999999999994671, 0.000000000000000000 ) ) ;
#1010 = CARTESIAN_POINT ( 'NONE',  ( 15.25731181340249343, -4.999999999999998224, -3.649908045769037379 ) ) ;
#1011 = EDGE_CURVE ( 'NONE', #1140, #304, #831, .T. ) ;
#1012 = ORIENTED_EDGE ( 'NONE', *, *, #105, .T. ) ;
#1013 = EDGE_CURVE ( 'NONE', #601, #199, #651, .T. ) ;
#1014 = CARTESIAN_POINT ( 'NONE',  ( -13.18775401661927305, -5.568818111723396001E-15, -4.186913583556988172 ) ) ;
#1015 = CARTESIAN_POINT ( 'NONE',  ( -13.03009148181575050, 2.180828397672873287, -4.999999999999997335 ) ) ;
#1016 = CARTESIAN_POINT ( 'NONE',  ( 15.26944290897133882, -4.999999999999999112, -3.631481729093022359 ) ) ;
#1017 = EDGE_LOOP ( 'NONE', ( #511, #244, #1081, #659 ) ) ;
#1018 = CARTESIAN_POINT ( 'NONE',  ( -13.04946981802802242, 2.343349316636216706, -4.975256970578975313 ) ) ;
#1019 = CARTESIAN_POINT ( 'NONE',  ( 13.04025463264556883, 7.394656053037241354E-18, -4.000000000000000000 ) ) ;
#1020 = CARTESIAN_POINT ( 'NONE',  ( 13.67666666666666764, 5.000000000000000000, -1.000000000000000000 ) ) ;
#1021 = AXIS2_PLACEMENT_3D ( 'NONE', #657, #285, #635 ) ;
#1022 = CARTESIAN_POINT ( 'NONE',  ( 16.01000000000000156, -4.999999999999998224, -1.000000000000007772 ) ) ;
#1023 = VERTEX_POINT ( 'NONE', #646 ) ;
#1024 = LINE ( 'NONE', #764, #120 ) ;
#1025 = CARTESIAN_POINT ( 'NONE',  ( 16.01000000000000156, -2.933333333333331350, -5.000000000000000888 ) ) ;
#1026 = EDGE_CURVE ( 'NONE', #234, #41, #364, .T. ) ;
#1027 = CARTESIAN_POINT ( 'NONE',  ( 15.64689587428962092, 2.783822389435211431, -2.917765601872952974 ) ) ;
#1028 = CARTESIAN_POINT ( 'NONE',  ( 15.60964303589066837, -5.000000000000000000, -3.032151308369133602 ) ) ;
#1029 = ORIENTED_EDGE ( 'NONE', *, *, #356, .F. ) ;
#1030 = LINE ( 'NONE', #235, #130 ) ;
#1031 = DIRECTION ( 'NONE',  ( 0.000000000000000000, 0.000000000000000000, 1.000000000000000000 ) ) ;
#1032 = CARTESIAN_POINT ( 'NONE',  ( 13.00999999999999979, 0.000000000000000000, -4.000000000000001776 ) ) ;
#1033 = ORIENTED_EDGE ( 'NONE', *, *, #91, .T. ) ;
#1034 = CARTESIAN_POINT ( 'NONE',  ( 13.03009148181691401, 2.180828397672425201, -4.999999999999994671 ) ) ;
#1035 = CARTESIAN_POINT ( 'NONE',  ( 16.01000000000000156, 3.000000000000000000, 0.000000000000000000 ) ) ;
#1036 = CARTESIAN_POINT ( 'NONE',  ( 13.00999999999999979, -4.999999999999996447, -3.580557819087474947 ) ) ;
#1037 = ORIENTED_EDGE ( 'NONE', *, *, #839, .T. ) ;
#1038 = UNCERTAINTY_MEASURE_WITH_UNIT (LENGTH_MEASURE( 1.000000000000000082E-05 ), #617, 'distance_accuracy_value', 'NONE');
#1039 = CARTESIAN_POINT ( 'NONE',  ( 14.28142904714732353, 3.271429047147815350, -4.708575267348741100 ) ) ;
#1040 = CARTESIAN_POINT ( 'NONE',  ( -15.61114836671902673, -4.999999999999999112, -3.028885682281877045 ) ) ;
#1041 = CARTESIAN_POINT ( 'NONE',  ( -16.01000000000000156, 2.333333333333328152, -5.000000000000000888 ) ) ;
#1042 = VERTEX_POINT ( 'NONE', #125 ) ;
#1043 = EDGE_CURVE ( 'NONE', #779, #41, #674, .T. ) ;
#1044 = SURFACE_STYLE_FILL_AREA ( #245 ) ;
#1045 = ADVANCED_FACE ( 'NONE', ( #213 ), #672, .T. ) ;
#1046 = CARTESIAN_POINT ( 'NONE',  ( 13.11005215453139705, 2.100052154507908053, -5.000000002415452727 ) ) ;
#1047 = PLANE ( 'NONE',  #963 ) ;
#1048 = CARTESIAN_POINT ( 'NONE',  ( -13.10070418438278850, -4.794621575234446611E-15, -3.996708176171348104 ) ) ;
#1049 = PRODUCT_DEFINITION ( 'UNKNOWN', '', #392, #590 ) ;
#1050 = ORIENTED_EDGE ( 'NONE', *, *, #678, .F. ) ;
#1051 = CARTESIAN_POINT ( 'NONE',  ( -14.49885644210891478, 0.8065169361278214932, -4.484026326595043521 ) ) ;
#1052 = PLANE ( 'NONE',  #1112 ) ;
#1053 = CARTESIAN_POINT ( 'NONE',  ( -15.87149612602131299, -4.999999999999999112, -2.211323195628261740 ) ) ;
#1054 = CARTESIAN_POINT ( 'NONE',  ( -15.01723796074179695, 4.747572776708509856, -1.000000000000000000 ) ) ;
#1055 = ORIENTED_EDGE ( 'NONE', *, *, #476, .F. ) ;
#1056 = CARTESIAN_POINT ( 'NONE',  ( -14.36908297035562221, 2.237149487239659784, -4.566154775734940330 ) ) ;
#1057 = CARTESIAN_POINT ( 'NONE',  ( 13.37761288733429055, 3.756839511307267010, -4.245188270082286053 ) ) ;
#1058 = EDGE_CURVE ( 'NONE', #58, #561, #367, .T. ) ;
#1059 = DIRECTION ( 'NONE',  ( 0.000000000000000000, 0.000000000000000000, 1.000000000000000000 ) ) ;
#1060 = CARTESIAN_POINT ( 'NONE',  ( -15.18771963672524805, 4.177719636725361063, -3.854839553415880360 ) ) ;
#1061 = EDGE_LOOP ( 'NONE', ( #517, #251, #47, #944 ) ) ;
#1062 = CIRCLE ( 'NONE', #555, 0.9999999999999995559 ) ;
#1063 = CARTESIAN_POINT ( 'NONE',  ( 13.01000000000000156, 0.9999999999999993339, -5.000000000000000000 ) ) ;
#1064 = CARTESIAN_POINT ( 'NONE',  ( 13.59974316226181656, 4.266185070750655228, -3.621128152094539754 ) ) ;
#1065 = DIRECTION ( 'NONE',  ( 1.000000000000000000, 1.836970198721028455E-16, 0.000000000000000000 ) ) ;
#1066 = CARTESIAN_POINT ( 'NONE',  ( -13.37449170830161727, 3.746661930444790123, -4.255668911811960164 ) ) ;
#1067 = CARTESIAN_POINT ( 'NONE',  ( -16.01000000000000512, 3.261799387799145133, -1.000000000000000222 ) ) ;
#1068 = ORIENTED_EDGE ( 'NONE', *, *, #91, .F. ) ;
#1069 = CARTESIAN_POINT ( 'NONE',  ( -13.72426834141709406, 2.092913522589465281, -4.884983847900925547 ) ) ;
#1070 = ORIENTED_EDGE ( 'NONE', *, *, #476, .T. ) ;
#1071 = CARTESIAN_POINT ( 'NONE',  ( 13.86763866939173440, 4.765101414263002155, -2.563239545899416605 ) ) ;
#1072 = CARTESIAN_POINT ( 'NONE',  ( -14.00999999999999623, -2.499999999999998224, -4.580557819087474059 ) ) ;
#1073 = CARTESIAN_POINT ( 'NONE',  ( -14.56644537927343031, 2.297363014199493403, -4.422918044588156405 ) ) ;
#1074 = EDGE_LOOP ( 'NONE', ( #1029, #484, #579, #319 ) ) ;
#1075 = CARTESIAN_POINT ( 'NONE',  ( 13.34659200921332989, 3.672598020248820205, -4.323472702671540269 ) ) ;
#1076 = CARTESIAN_POINT ( 'NONE',  ( -13.01000000000020762, 1.999999999999994893, -5.000000000000000000 ) ) ;
#1077 = CARTESIAN_POINT ( 'NONE',  ( -16.01000000000000512, 2.999999999999994671, -1.000000000000000000 ) ) ;
#1078 = CARTESIAN_POINT ( 'NONE',  ( 15.86815283977005464, 2.912916814931696852, -2.228864086368869124 ) ) ;
#1079 = CARTESIAN_POINT ( 'NONE',  ( -13.67666666666666764, 4.999999999999994671, -1.000000000000000000 ) ) ;
#1080 = VECTOR ( 'NONE', #976, 1000.000000000000000 ) ;
#1081 = ORIENTED_EDGE ( 'NONE', *, *, #817, .T. ) ;
#1082 = CARTESIAN_POINT ( 'NONE',  ( 13.11436853202642716, 2.781272147733574229, -4.862285667601939920 ) ) ;
#1083 = CARTESIAN_POINT ( 'NONE',  ( 16.01000000000000156, 3.266666666666667496, -1.000000000000000000 ) ) ;
#1084 = CARTESIAN_POINT ( 'NONE',  ( -14.75666193044471974, 2.364491708302139727, -4.255668911812009014 ) ) ;
#1085 = CARTESIAN_POINT ( 'NONE',  ( 14.75666188408688662, 2.364491706890777589, -4.255668952572430719 ) ) ;
#1086 = CARTESIAN_POINT ( 'NONE',  ( -4.336666666666666003, 1.999999999999994893, -5.000000000000000000 ) ) ;
#1087 = B_SPLINE_CURVE_WITH_KNOTS ( 'NONE', 3,
 ( #94, #632, #905, #700, #996, #291 ),
 .UNSPECIFIED., .F., .F.,
 ( 4, 2, 4 ),
 ( 0.000000000000000000, 0.0006169405689395404029, 0.001233881137879080806 ),
 .UNSPECIFIED. ) ;
#1088 = CARTESIAN_POINT ( 'NONE',  ( -13.92291681493172639, 4.858152839770053966, -2.228864086368855801 ) ) ;
#1089 = FACE_OUTER_BOUND ( 'NONE', #934, .T. ) ;
#1090 = CARTESIAN_POINT ( 'NONE',  ( 14.56644542563119771, 2.297363015610866199, -4.422918003827780886 ) ) ;
#1091 = EDGE_LOOP ( 'NONE', ( #940, #763, #372, #784, #505, #868 ) ) ;
#1092 = CARTESIAN_POINT ( 'NONE',  ( -13.01000000000000156, 0.9999999999999965583, -4.999999999999999112 ) ) ;
#1093 = CARTESIAN_POINT ( 'NONE',  ( 15.95015495941154882, 4.940154959413163738, -1.962385875308056082 ) ) ;
#1094 = ADVANCED_FACE ( 'NONE', ( #453 ), #7, .F. ) ;
#1095 = EDGE_CURVE ( 'NONE', #41, #192, #157, .T. ) ;
#1096 = CARTESIAN_POINT ( 'NONE',  ( 14.00999999999999446, -2.499999999999998668, -4.580557819087474947 ) ) ;
#1097 = VERTEX_POINT ( 'NONE', #542 ) ;
#1098 = ADVANCED_BREP_SHAPE_REPRESENTATION ( 'Fingertip_Spacer_Standoff', ( #433, #742 ), #80 ) ;
#1099 = CARTESIAN_POINT ( 'NONE',  ( 13.01000000000000156, 3.400000000000000355, -5.000000000000000000 ) ) ;
#1100 = CARTESIAN_POINT ( 'NONE',  ( -13.01000000000005485, 1.999999999999994893, -5.000000000000000888 ) ) ;
#1101 = AXIS2_PLACEMENT_3D ( 'NONE', #95, #40, #226 ) ;
#1102 = DIRECTION ( 'NONE',  ( -0.000000000000000000, -1.000000000000000000, 0.000000000000000000 ) ) ;
#1103 = ORIENTED_EDGE ( 'NONE', *, *, #644, .F. ) ;
#1104 = CARTESIAN_POINT ( 'NONE',  ( -13.65925098225387302, 0.2187756957011496028, -4.536264883522447278 ) ) ;
#1105 = CARTESIAN_POINT ( 'NONE',  ( -13.00999999999999979, 0.000000000000000000, -4.000000000000001776 ) ) ;
#1106 = FACE_OUTER_BOUND ( 'NONE', #629, .T. ) ;
#1107 = LINE ( 'NONE', #1096, #899 ) ;
#1108 = ORIENTED_EDGE ( 'NONE', *, *, #236, .T. ) ;
#1109 = CARTESIAN_POINT ( 'NONE',  ( -14.67448893079298777, 2.334663828109960981, -4.327855926172982315 ) ) ;
#1110 = CARTESIAN_POINT ( 'NONE',  ( 13.10070418438278672, 1.849905855976906942E-17, -3.996708176171348992 ) ) ;
#1111 = CARTESIAN_POINT ( 'NONE',  ( -13.19608550247369472, -6.539396387158826317E-15, -3.999999978396873601 ) ) ;
#1112 = AXIS2_PLACEMENT_3D ( 'NONE', #55, #257, #603 ) ;
#1113 = CARTESIAN_POINT ( 'NONE',  ( -14.00999999999999979, 4.999999999999994671, -1.000000000000000000 ) ) ;
#1114 = ORIENTED_EDGE ( 'NONE', *, *, #236, .F. ) ;
#1115 = CARTESIAN_POINT ( 'NONE',  ( 13.01000000000000156, -0.4666666666666660079, -5.000000000000000000 ) ) ;
#1116 = EDGE_CURVE ( 'NONE', #304, #442, #915, .T. ) ;
#1117 = CARTESIAN_POINT ( 'NONE',  ( 14.62636691063718253, 3.616366910637070831, -4.475060945469845564 ) ) ;
#1118 =( BOUNDED_SURFACE ( )  B_SPLINE_SURFACE ( 3, 2, ( 
 ( #984, #179, #1077 ),
 ( #183, #454, #909 ),
 ( #809, #821, #718 ),
 ( #457, #276, #991 ),
 ( #362, #8, #543 ),
 ( #726, #624, #16 ),
 ( #116, #972, #111 ),
 ( #532, #1060, #104 ),
 ( #469, #712, #189 ),
 ( #527, #463, #893 ),
 ( #612, #887, #536 ),
 ( #447, #350, #814 ),
 ( #1066, #706, #1084 ),
 ( #269, #368, #1073 ),
 ( #618, #977, #99 ),
 ( #803, #26, #20 ),
 ( #283, #295, #754 ),
 ( #306, #643, #381 ),
 ( #929, #652, #844 ),
 ( #30, #835, #1004 ),
 ( #1015, #733, #224 ),
 ( #1100, #912, #923 ) ),
 .UNSPECIFIED., .F., .F., .F. ) 
 B_SPLINE_SURFACE_WITH_KNOTS ( ( 4, 2, 2, 2, 2, 2, 2, 2, 2, 2, 4 ),
 ( 3, 3 ),
 ( -4.336808689942017736E-19, 0.0006588818247464427397, 0.0009883227371196643806, 0.001317763649492885913, 0.001647204561866107662, 0.001976645474239329195, 0.002141365930425939961, 0.002306086386612550727, 0.002470806842799161494, 0.002553167070892466660, 0.002635527298985772260 ),
 ( 0.000000000000000000, 1.000000000000000000 ),
 .UNSPECIFIED. ) 
 GEOMETRIC_REPRESENTATION_ITEM ( )  RATIONAL_B_SPLINE_SURFACE ( (
 ( 1.000000000000000000, 0.7071067811865474617, 1.000000000000000000),
 ( 1.000000000000000000, 0.7071792558649308003, 1.000000000000000000),
 ( 1.000000000000000000, 0.7116545738149206990, 1.000000000000000000),
 ( 1.000000000000000000, 0.7259852995820760269, 1.000000000000000000),
 ( 1.000000000000000000, 0.7320938021971332699, 1.000000000000000000),
 ( 1.000000000000000000, 0.7469215983201453746, 1.000000000000000000),
 ( 1.000000000000000000, 0.7556633017960746601, 1.000000000000000000),
 ( 1.000000000000000000, 0.7764788353803799836, 1.000000000000000000),
 ( 1.000000000000000000, 0.7886500143500524418, 1.000000000000000000),
 ( 1.000000000000000000, 0.8172216329298668258, 1.000000000000000000),
 ( 1.000000000000000000, 0.8334427726744857434, 1.000000000000000000),
 ( 1.000000000000000000, 0.8623791834013184721, 1.000000000000000000),
 ( 1.000000000000000000, 0.8728150678823179964, 1.000000000000000000),
 ( 1.000000000000000000, 0.8957926037948295006, 1.000000000000000000),
 ( 1.000000000000000000, 0.9081851119013814033, 1.000000000000000000),
 ( 1.000000000000000000, 0.9353548519120843396, 1.000000000000000000),
 ( 1.000000000000000000, 0.9504512940342809690, 1.000000000000000000),
 ( 1.000000000000000000, 0.9737816543121434743, 1.000000000000000000),
 ( 1.000000000000000000, 0.9816900185800050416, 1.000000000000000000),
 ( 1.000000000000000000, 0.9949104095148502136, 1.000000000000000000),
 ( 1.000000000000000000, 1.000070702940204059, 1.000000000000000000),
 ( 1.000000000000000000, 1.000000000000000000, 1.000000000000000000) ) ) 
 REPRESENTATION_ITEM ( '' )  SURFACE ( )  );
#1119 = CARTESIAN_POINT ( 'NONE',  ( -14.47700000000000031, 4.999999999999994671, -1.000000000000000000 ) ) ;
#1120 = CARTESIAN_POINT ( 'NONE',  ( 15.23454050430996887, -4.999999999999999112, -3.683879577793096605 ) ) ;
#1121 = VERTEX_POINT ( 'NONE', #965 ) ;
#1122 = CARTESIAN_POINT ( 'NONE',  ( 13.64090023272002128, 2.078354102010618654, -4.915159313240330619 ) ) ;
#1123 = CARTESIAN_POINT ( 'NONE',  ( 13.01000000000021295, 2.000000000000000000, -5.000000000000000000 ) ) ;
#1124 = CARTESIAN_POINT ( 'NONE',  ( -13.01000000000000156, -0.4666666666666695051, -5.000000000000000000 ) ) ;
#1125 = ORIENTED_EDGE ( 'NONE', *, *, #1130, .F. ) ;
#1126 = CARTESIAN_POINT ( 'NONE',  ( 13.37472948038656639, 2.364729480385805882, -4.987747650741509275 ) ) ;
#1127 = EDGE_CURVE ( 'NONE', #280, #666, #431, .T. ) ;
#1128 = CARTESIAN_POINT ( 'NONE',  ( -16.01000000000000156, 2.999999999999994671, -11.54752010819512087 ) ) ;
#1129 = CARTESIAN_POINT ( 'NONE',  ( -16.01000000000000156, 3.399999999999994138, -5.000000000000000888 ) ) ;
#1130 = EDGE_CURVE ( 'NONE', #1121, #1097, #802, .T. ) ;
#1131 = ORIENTED_EDGE ( 'NONE', *, *, #817, .F. ) ;
#1132 = CARTESIAN_POINT ( 'NONE',  ( 15.06028208199221829, 4.050282081992246930, -4.027006787900403673 ) ) ;
#1133 = LINE ( 'NONE', #782, #815 ) ;
#1134 = FACE_OUTER_BOUND ( 'NONE', #557, .T. ) ;
#1135 = ORIENTED_EDGE ( 'NONE', *, *, #321, .F. ) ;
#1136 = CARTESIAN_POINT ( 'NONE',  ( -15.83237164343043801, 2.891627979906171042, -2.355975156504979573 ) ) ;
#1137 = CARTESIAN_POINT ( 'NONE',  ( 13.75656786977509682, 2.097543435469912065, -4.876715564814971593 ) ) ;
#1138 = DIRECTION ( 'NONE',  ( 0.000000000000000000, 0.000000000000000000, 1.000000000000000000 ) ) ;
#1139 = CARTESIAN_POINT ( 'NONE',  ( 13.87648659080269731, 1.275609249023439869E-15, -3.700042931280503655 ) ) ;
#1140 = VERTEX_POINT ( 'NONE', #788 ) ;
#1141 = CARTESIAN_POINT ( 'NONE',  ( -14.55109558354827648, 2.292522863209359052, -4.432573318783273209 ) ) ;
#1142 = EDGE_CURVE ( 'NONE', #150, #358, #419, .T. ) ;
#1143 = CARTESIAN_POINT ( 'NONE',  ( 13.63897497511825918, 4.345750620444651879, -3.493782161379545670 ) ) ;
ENDSEC;
END-ISO-10303-21;
