ISO-10303-21;
HEADER;
FILE_DESCRIPTION (( 'STEP AP214' ),
    '1' );
FILE_NAME ('White_Calibration_Mount.STEP',
    '2025-10-14T16:55:29',
    ( '' ),
    ( '' ),
    'SwSTEP 2.0',
    'SolidWorks 2025',
    '' );
FILE_SCHEMA (( 'AUTOMOTIVE_DESIGN' ));
ENDSEC;

DATA;
#1 = ORIENTED_EDGE ( 'NONE', *, *, #760, .T. ) ;
#2 = VERTEX_POINT ( 'NONE', #837 ) ;
#3 = CARTESIAN_POINT ( 'NONE',  ( -14.00000000000000000, 13.57387196049822897, 24.00000000000000000 ) ) ;
#4 = ORIENTED_EDGE ( 'NONE', *, *, #140, .T. ) ;
#5 = CIRCLE ( 'NONE', #828, 17.50000000000000355 ) ;
#6 = EDGE_CURVE ( 'NONE', #188, #1123, #198, .T. ) ;
#7 = DIRECTION ( 'NONE',  ( 1.000000000000000000, 0.000000000000000000, 0.000000000000000000 ) ) ;
#8 = CARTESIAN_POINT ( 'NONE',  ( 13.82241893294551005, -8.060542376365814832, 0.01134302622543706049 ) ) ;
#9 = AXIS2_PLACEMENT_3D ( 'NONE', #690, #317, #1613 ) ;
#10 = FACE_OUTER_BOUND ( 'NONE', #1177, .T. ) ;
#11 = AXIS2_PLACEMENT_3D ( 'NONE', #1480, #331, #314 ) ;
#12 = AXIS2_PLACEMENT_3D ( 'NONE', #580, #1611, #838 ) ;
#13 = EDGE_LOOP ( 'NONE', ( #1199, #889, #318, #604, #1540 ) ) ;
#14 = VECTOR ( 'NONE', #639, 1000.000000000000000 ) ;
#15 = CIRCLE ( 'NONE', #808, 1.000000000000000888 ) ;
#16 = FACE_OUTER_BOUND ( 'NONE', #425, .T. ) ;
#17 = EDGE_CURVE ( 'NONE', #1315, #1622, #861, .T. ) ;
#18 = DIRECTION ( 'NONE',  ( 0.000000000000000000, -1.000000000000000000, 0.000000000000000000 ) ) ;
#19 = VERTEX_POINT ( 'NONE', #1492 ) ;
#20 = CARTESIAN_POINT ( 'NONE',  ( -13.54645751893191807, 8.516038103310989982, 0.1018993014310381751 ) ) ;
#21 = FACE_OUTER_BOUND ( 'NONE', #416, .T. ) ;
#22 = EDGE_LOOP ( 'NONE', ( #90, #1312, #1217 ) ) ;
#23 = FACE_BOUND ( 'NONE', #951, .T. ) ;
#24 = CARTESIAN_POINT ( 'NONE',  ( 14.71794871794872073, -14.26996795847249366, 24.00000000000000000 ) ) ;
#25 = EDGE_CURVE ( 'NONE', #1447, #1043, #66, .T. ) ;
#26 = ORIENTED_EDGE ( 'NONE', *, *, #1222, .F. ) ;
#27 = DIRECTION ( 'NONE',  ( 0.000000000000000000, -0.000000000000000000, -1.000000000000000000 ) ) ;
#28 = DIRECTION ( 'NONE',  ( 0.000000000000000000, 0.000000000000000000, 1.000000000000000000 ) ) ;
#29 = ORIENTED_EDGE ( 'NONE', *, *, #310, .F. ) ;
#30 = ADVANCED_FACE ( 'NONE', ( #1466 ), #78, .F. ) ;
#31 = DIRECTION ( 'NONE',  ( -0.000000000000000000, -0.000000000000000000, 1.000000000000000000 ) ) ;
#32 = CYLINDRICAL_SURFACE ( 'NONE', #1157, 17.50000000000000355 ) ;
#33 = VERTEX_POINT ( 'NONE', #710 ) ;
#34 = DIRECTION ( 'NONE',  ( -0.000000000000000000, 0.000000000000000000, 1.000000000000000000 ) ) ;
#35 = EDGE_CURVE ( 'NONE', #1105, #1451, #1271, .T. ) ;
#36 = TOROIDAL_SURFACE ( 'NONE', #1616, 3.000000000000000000, 1.000000000000000000 ) ;
#37 = DIRECTION ( 'NONE',  ( 1.000000000000000000, 0.000000000000000000, 0.000000000000000000 ) ) ;
#38 = ORIENTED_EDGE ( 'NONE', *, *, #182, .F. ) ;
#39 = AXIS2_PLACEMENT_3D ( 'NONE', #1609, #461, #447 ) ;
#40 = VECTOR ( 'NONE', #404, 1000.000000000000000 ) ;
#41 = CARTESIAN_POINT ( 'NONE',  ( 18.00000000000000711, 0.000000000000000000, -5.799999999999999822 ) ) ;
#42 = CIRCLE ( 'NONE', #362, 0.9999999999999996669 ) ;
#43 = DIRECTION ( 'NONE',  ( -0.000000000000000000, 0.000000000000000000, 1.000000000000000000 ) ) ;
#44 = VERTEX_POINT ( 'NONE', #562 ) ;
#45 = DIRECTION ( 'NONE',  ( 0.000000000000000000, -0.000000000000000000, -1.000000000000000000 ) ) ;
#46 = CARTESIAN_POINT ( 'NONE',  ( -13.53863256127664627, 14.47328253646997176, 19.95915185375829282 ) ) ;
#47 = ORIENTED_EDGE ( 'NONE', *, *, #655, .F. ) ;
#48 = EDGE_CURVE ( 'NONE', #403, #1192, #184, .T. ) ;
#49 = DIRECTION ( 'NONE',  ( 1.000000000000000000, 0.000000000000000000, 0.000000000000000000 ) ) ;
#50 = DIRECTION ( 'NONE',  ( -0.7857142857142858094, -0.6185895741317417595, 0.000000000000000000 ) ) ;
#51 = ORIENTED_EDGE ( 'NONE', *, *, #355, .T. ) ;
#52 = ADVANCED_FACE ( 'NONE', ( #1473 ), #844, .T. ) ;
#53 = DIRECTION ( 'NONE',  ( 1.000000000000000000, 0.000000000000000000, 0.000000000000000000 ) ) ;
#54 = CARTESIAN_POINT ( 'NONE',  ( -12.99999999999999822, -9.156291206825274642, 19.35080012303851404 ) ) ;
#55 = VERTEX_POINT ( 'NONE', #1336 ) ;
#56 = CARTESIAN_POINT ( 'NONE',  ( -20.00000000000000000, 2.449293598294706513E-15, -5.799999999999999822 ) ) ;
#57 = CARTESIAN_POINT ( 'NONE',  ( 0.000000000000000000, 0.000000000000000000, -5.799999999999999822 ) ) ;
#58 = DIRECTION ( 'NONE',  ( 1.224646799147353207E-16, 1.000000000000000000, 0.000000000000000000 ) ) ;
#59 = EDGE_CURVE ( 'NONE', #1360, #773, #753, .T. ) ;
#60 = CARTESIAN_POINT ( 'NONE',  ( 13.00000000000000178, 10.95445115010332238, 20.00000000000000000 ) ) ;
#61 = APPLICATION_CONTEXT ( 'automotive_design' ) ;
#62 = CIRCLE ( 'NONE', #92, 17.00000000000000000 ) ;
#63 = ORIENTED_EDGE ( 'NONE', *, *, #1136, .T. ) ;
#64 = VECTOR ( 'NONE', #459, 1000.000000000000000 ) ;
#65 = CARTESIAN_POINT ( 'NONE',  ( 14.00000000000000178, 13.57387196049822542, 20.00000000000000000 ) ) ;
#66 = LINE ( 'NONE', #308, #726 ) ;
#67 = CIRCLE ( 'NONE', #12, 2.000000000000000000 ) ;
#68 = ADVANCED_FACE ( 'NONE', ( #191 ), #85, .F. ) ;
#69 = AXIS2_PLACEMENT_3D ( 'NONE', #783, #1175, #1568 ) ;
#70 = LINE ( 'NONE', #1324, #1296 ) ;
#71 = CARTESIAN_POINT ( 'NONE',  ( 13.95657573561816811, 14.58121090872214154, 19.74049813170390877 ) ) ;
#72 = ORIENTED_EDGE ( 'NONE', *, *, #722, .F. ) ;
#73 = ORIENTED_EDGE ( 'NONE', *, *, #242, .F. ) ;
#74 = EDGE_CURVE ( 'NONE', #839, #1144, #593, .T. ) ;
#75 = CARTESIAN_POINT ( 'NONE',  ( -13.00000000000000000, 9.942806975957832805, 19.79853490498782165 ) ) ;
#76 = DIRECTION ( 'NONE',  ( -0.000000000000000000, 0.000000000000000000, 1.000000000000000000 ) ) ;
#77 = CARTESIAN_POINT ( 'NONE',  ( 13.00000000000000178, -10.23484568108891679, 19.89072354283027622 ) ) ;
#78 = CYLINDRICAL_SURFACE ( 'NONE', #1485, 17.50000000000000355 ) ;
#79 = DIRECTION ( 'NONE',  ( 1.000000000000000000, 0.000000000000000000, 0.000000000000000000 ) ) ;
#80 = ORIENTED_EDGE ( 'NONE', *, *, #1010, .T. ) ;
#81 = CARTESIAN_POINT ( 'NONE',  ( 0.000000000000000000, 0.000000000000000000, -5.799999999999999822 ) ) ;
#82 = ORIENTED_EDGE ( 'NONE', *, *, #1254, .T. ) ;
#83 = CARTESIAN_POINT ( 'NONE',  ( 16.00000000000000000, 0.000000000000000000, 0.000000000000000000 ) ) ;
#84 = EDGE_CURVE ( 'NONE', #514, #154, #1035, .T. ) ;
#85 = CYLINDRICAL_SURFACE ( 'NONE', #1079, 2.000000000000000000 ) ;
#86 = DIRECTION ( 'NONE',  ( 1.000000000000000000, 0.000000000000000000, 0.000000000000000000 ) ) ;
#87 = ORIENTED_EDGE ( 'NONE', *, *, #963, .T. ) ;
#88 = CARTESIAN_POINT ( 'NONE',  ( 20.50000000000000000, 0.000000000000000000, -5.799999999999999822 ) ) ;
#89 = ADVANCED_FACE ( 'NONE', ( #1120 ), #1008, .T. ) ;
#90 = ORIENTED_EDGE ( 'NONE', *, *, #1263, .F. ) ;
#91 = CARTESIAN_POINT ( 'NONE',  ( -14.00000000000000000, -13.57387196049822897, 24.00000000000000000 ) ) ;
#92 = AXIS2_PLACEMENT_3D ( 'NONE', #428, #1083, #549 ) ;
#93 =( NAMED_UNIT ( * ) SI_UNIT ( $, .STERADIAN. ) SOLID_ANGLE_UNIT ( ) );
#94 = CARTESIAN_POINT ( 'NONE',  ( 0.000000000000000000, 0.000000000000000000, -6.299999999999999822 ) ) ;
#95 = AXIS2_PLACEMENT_3D ( 'NONE', #91, #1089, #591 ) ;
#96 = CLOSED_SHELL ( 'NONE', ( #372, #89, #384, #1377, #1599, #1017, #30, #475, #1115, #329, #1284, #52, #405, #1096, #986, #898, #671, #600, #1554, #935, #1412, #68, #1131, #1589, #483, #452, #846, #1326, #1090, #431, #270, #975, #1248, #1075, #1523, #1421, #341, #857, #548, #379, #586, #345, #851, #1344, #948, #1145, #497, #1548, #400, #395, #1519, #505, #302, #176 ) ) ;
#97 = AXIS2_PLACEMENT_3D ( 'NONE', #1189, #45, #316 ) ;
#98 = DIRECTION ( 'NONE',  ( 1.000000000000000000, 0.000000000000000000, 0.000000000000000000 ) ) ;
#99 = CARTESIAN_POINT ( 'NONE',  ( -13.99999999999999822, 13.57387196049822897, -6.299999999999999822 ) ) ;
#100 = ORIENTED_EDGE ( 'NONE', *, *, #606, .F. ) ;
#101 = EDGE_CURVE ( 'NONE', #1315, #822, #1623, .T. ) ;
#102 = CARTESIAN_POINT ( 'NONE',  ( 13.28572392656544565, 14.27373601223892763, 20.00000000000000000 ) ) ;
#103 = DIRECTION ( 'NONE',  ( 1.000000000000000000, 0.000000000000000000, 0.000000000000000000 ) ) ;
#104 = DIRECTION ( 'NONE',  ( 1.000000000000000000, 0.000000000000000000, 0.000000000000000000 ) ) ;
#105 = LINE ( 'NONE', #114, #1236 ) ;
#106 = ORIENTED_EDGE ( 'NONE', *, *, #1235, .T. ) ;
#107 = EDGE_CURVE ( 'NONE', #1514, #698, #250, .T. ) ;
#108 = DIRECTION ( 'NONE',  ( 0.000000000000000000, -1.000000000000000000, 0.000000000000000000 ) ) ;
#109 = DIRECTION ( 'NONE',  ( 0.000000000000000000, -1.000000000000000000, 0.000000000000000000 ) ) ;
#110 = UNCERTAINTY_MEASURE_WITH_UNIT (LENGTH_MEASURE( 1.000000000000000082E-05 ), #1369, 'distance_accuracy_value', 'NONE');
#111 =( LENGTH_UNIT ( ) NAMED_UNIT ( * ) SI_UNIT ( .MILLI., .METRE. ) );
#112 = EDGE_CURVE ( 'NONE', #44, #1358, #1118, .T. ) ;
#113 = LINE ( 'NONE', #1653, #1190 ) ;
#114 = CARTESIAN_POINT ( 'NONE',  ( 14.00000000000000178, -15.85086748414736491, 25.00000000000000000 ) ) ;
#115 = VERTEX_POINT ( 'NONE', #1405 ) ;
#116 = LINE ( 'NONE', #163, #754 ) ;
#117 = CARTESIAN_POINT ( 'NONE',  ( -11.00000000000000000, -8.660254037844389075, -2.500000000000000000 ) ) ;
#118 = CARTESIAN_POINT ( 'NONE',  ( 14.00000000000000178, -13.57387196049822720, 25.00000000000000000 ) ) ;
#119 = AXIS2_PLACEMENT_3D ( 'NONE', #3, #409, #1026 ) ;
#120 = CARTESIAN_POINT ( 'NONE',  ( 13.81824137363415339, -14.56823765913272695, 19.82817570347556213 ) ) ;
#121 = CARTESIAN_POINT ( 'NONE',  ( 13.00000000000000178, 0.000000000000000000, 20.00000000000000000 ) ) ;
#122 = PRODUCT_RELATED_PRODUCT_CATEGORY ( 'part', '', ( #821 ) ) ;
#123 = ORIENTED_EDGE ( 'NONE', *, *, #1281, .T. ) ;
#124 = MANIFOLD_SOLID_BREP ( 'Fillet4', #96 ) ;
#125 = PRODUCT_DEFINITION_FORMATION_WITH_SPECIFIED_SOURCE ( 'ANY', '', #821, .NOT_KNOWN. ) ;
#126 = CIRCLE ( 'NONE', #9, 1.000000000000000888 ) ;
#127 = AXIS2_PLACEMENT_3D ( 'NONE', #41, #1058, #1577 ) ;
#128 = ORIENTED_EDGE ( 'NONE', *, *, #84, .T. ) ;
#129 = EDGE_CURVE ( 'NONE', #476, #1027, #626, .T. ) ;
#130 = SURFACE_SIDE_STYLE ('',( #992 ) ) ;
#131 = FACE_OUTER_BOUND ( 'NONE', #337, .T. ) ;
#132 = FACE_OUTER_BOUND ( 'NONE', #743, .T. ) ;
#133 = EDGE_LOOP ( 'NONE', ( #588, #785, #1276, #1418, #387, #1267, #1538, #946 ) ) ;
#134 = DIRECTION ( 'NONE',  ( -0.000000000000000000, -0.000000000000000000, 1.000000000000000000 ) ) ;
#135 = EDGE_CURVE ( 'NONE', #173, #958, #1432, .T. ) ;
#136 = CARTESIAN_POINT ( 'NONE',  ( 13.00000000000000178, 10.23484568108891679, 19.89072354283027622 ) ) ;
#137 = ORIENTED_EDGE ( 'NONE', *, *, #841, .T. ) ;
#138 = CARTESIAN_POINT ( 'NONE',  ( -14.21345946601377008, 14.55929191144050883, 19.54699236089232528 ) ) ;
#139 = ORIENTED_EDGE ( 'NONE', *, *, #1124, .T. ) ;
#140 = EDGE_CURVE ( 'NONE', #154, #399, #1389, .T. ) ;
#141 = CARTESIAN_POINT ( 'NONE',  ( 13.00000000000000178, 0.000000000000000000, 1.000000000000000888 ) ) ;
#142 = CARTESIAN_POINT ( 'NONE',  ( 14.00000000000000178, 13.57387196049822720, 24.00000000000000000 ) ) ;
#143 = CARTESIAN_POINT ( 'NONE',  ( -13.99999999999999822, -13.57387196049822897, 24.00000000000000000 ) ) ;
#144 = ORIENTED_EDGE ( 'NONE', *, *, #1495, .F. ) ;
#145 = AXIS2_PLACEMENT_3D ( 'NONE', #143, #757, #1533 ) ;
#146 = DIRECTION ( 'NONE',  ( -1.000000000000000000, -1.734723475976805517E-15, 0.000000000000000000 ) ) ;
#147 = CIRCLE ( 'NONE', #1319, 0.5000000000000004441 ) ;
#148 = DIRECTION ( 'NONE',  ( 1.000000000000000000, 0.000000000000000000, 0.000000000000000000 ) ) ;
#149 = AXIS2_PLACEMENT_3D ( 'NONE', #1457, #1203, #1594 ) ;
#150 = AXIS2_PLACEMENT_3D ( 'NONE', #1520, #747, #104 ) ;
#151 = ORIENTED_EDGE ( 'NONE', *, *, #438, .T. ) ;
#152 = CARTESIAN_POINT ( 'NONE',  ( 12.57142857142857117, -9.897433186107869929, 19.00000000000000000 ) ) ;
#153 = DIRECTION ( 'NONE',  ( 0.000000000000000000, 0.000000000000000000, 1.000000000000000000 ) ) ;
#154 = VERTEX_POINT ( 'NONE', #1015 ) ;
#155 = DIRECTION ( 'NONE',  ( -0.000000000000000000, 0.000000000000000000, 1.000000000000000000 ) ) ;
#156 = EDGE_CURVE ( 'NONE', #33, #399, #1187, .T. ) ;
#157 = DIRECTION ( 'NONE',  ( 0.000000000000000000, 0.000000000000000000, 1.000000000000000000 ) ) ;
#158 = VERTEX_POINT ( 'NONE', #382 ) ;
#159 = CARTESIAN_POINT ( 'NONE',  ( 13.00000000000000178, -10.95445115010332238, 20.00000000000000000 ) ) ;
#160 = CARTESIAN_POINT ( 'NONE',  ( 0.000000000000000000, 0.000000000000000000, 25.00000000000000000 ) ) ;
#161 = ORIENTED_EDGE ( 'NONE', *, *, #457, .T. ) ;
#162 = EDGE_CURVE ( 'NONE', #403, #1385, #1003, .T. ) ;
#163 = CARTESIAN_POINT ( 'NONE',  ( 20.50000000000000000, 0.000000000000000000, -6.299999999999999822 ) ) ;
#164 = FACE_OUTER_BOUND ( 'NONE', #980, .T. ) ;
#165 = ORIENTED_EDGE ( 'NONE', *, *, #665, .T. ) ;
#166 = LINE ( 'NONE', #929, #942 ) ;
#167 = DIRECTION ( 'NONE',  ( 0.000000000000000000, 1.000000000000000000, 0.000000000000000000 ) ) ;
#168 = VERTEX_POINT ( 'NONE', #1262 ) ;
#169 = DIRECTION ( 'NONE',  ( 1.000000000000000000, 0.000000000000000000, 0.000000000000000000 ) ) ;
#170 = TOROIDAL_SURFACE ( 'NONE', #1101, 19.50000000000000000, 1.000000000000000000 ) ;
#171 = FACE_OUTER_BOUND ( 'NONE', #684, .T. ) ;
#172 = ORIENTED_EDGE ( 'NONE', *, *, #1317, .F. ) ;
#173 = VERTEX_POINT ( 'NONE', #883 ) ;
#174 = CIRCLE ( 'NONE', #1512, 17.50000000000000355 ) ;
#175 = CARTESIAN_POINT ( 'NONE',  ( -13.63989471133561437, -8.365696672884940455, 0.06228904866945585844 ) ) ;
#176 = ADVANCED_FACE ( 'NONE', ( #1370 ), #920, .T. ) ;
#177 = FACE_OUTER_BOUND ( 'NONE', #1546, .T. ) ;
#178 = ORIENTED_EDGE ( 'NONE', *, *, #1057, .T. ) ;
#179 = CARTESIAN_POINT ( 'NONE',  ( -13.00000000000000000, 0.000000000000000000, 20.00000000000000000 ) ) ;
#180 = CARTESIAN_POINT ( 'NONE',  ( 13.81824075334725777, 14.56823752403117389, 19.82817604502343656 ) ) ;
#181 = ORIENTED_EDGE ( 'NONE', *, *, #1294, .T. ) ;
#182 = EDGE_CURVE ( 'NONE', #1477, #1598, #812, .T. ) ;
#183 = DIRECTION ( 'NONE',  ( 1.224646799147353207E-16, 1.000000000000000000, 0.000000000000000000 ) ) ;
#184 = LINE ( 'NONE', #1227, #542 ) ;
#185 = B_SPLINE_CURVE_WITH_KNOTS ( 'NONE', 3,
 ( #559, #449, #1581, #1070, #1332, #1588 ),
 .UNSPECIFIED., .F., .F.,
 ( 4, 2, 4 ),
 ( 1.682426026191276770E-20, 0.0005388072954298653381, 0.001077614590859730676 ),
 .UNSPECIFIED. ) ;
#186 = CARTESIAN_POINT ( 'NONE',  ( -20.50000000000000000, 2.510525938252074481E-15, 24.00000000000000000 ) ) ;
#187 = CARTESIAN_POINT ( 'NONE',  ( 13.28572392656544565, 14.27373601223892763, 20.00000000000000000 ) ) ;
#188 = VERTEX_POINT ( 'NONE', #118 ) ;
#189 = EDGE_CURVE ( 'NONE', #1573, #2, #1310, .T. ) ;
#190 = CARTESIAN_POINT ( 'NONE',  ( 13.00000000000000355, -9.156323363680403560, 19.35082113243508317 ) ) ;
#191 = FACE_OUTER_BOUND ( 'NONE', #343, .T. ) ;
#192 = DIRECTION ( 'NONE',  ( 0.000000000000000000, -0.000000000000000000, -1.000000000000000000 ) ) ;
#193 = DIRECTION ( 'NONE',  ( 0.000000000000000000, -0.000000000000000000, -1.000000000000000000 ) ) ;
#194 = CIRCLE ( 'NONE', #1563, 1.000000000000000888 ) ;
#195 = ORIENTED_EDGE ( 'NONE', *, *, #618, .T. ) ;
#196 = DIRECTION ( 'NONE',  ( -0.000000000000000000, 0.000000000000000000, 1.000000000000000000 ) ) ;
#197 = CARTESIAN_POINT ( 'NONE',  ( 0.000000000000000000, 0.000000000000000000, 19.00000000000000000 ) ) ;
#198 = CIRCLE ( 'NONE', #303, 19.50000000000000000 ) ;
#199 = DIRECTION ( 'NONE',  ( 1.000000000000000000, 0.000000000000000000, 0.000000000000000000 ) ) ;
#200 = CIRCLE ( 'NONE', #1054, 16.00000000000000000 ) ;
#201 = DIRECTION ( 'NONE',  ( 0.000000000000000000, 0.000000000000000000, 1.000000000000000000 ) ) ;
#202 = CARTESIAN_POINT ( 'NONE',  ( 13.35714285714285943, 10.51602276023961124, 19.00000000000000000 ) ) ;
#203 = ORIENTED_EDGE ( 'NONE', *, *, #665, .F. ) ;
#204 = EDGE_CURVE ( 'NONE', #55, #631, #885, .T. ) ;
#205 = ORIENTED_EDGE ( 'NONE', *, *, #25, .T. ) ;
#206 = CARTESIAN_POINT ( 'NONE',  ( -13.81824137363415339, -14.56823765913273760, 19.82817570347556213 ) ) ;
#207 = CARTESIAN_POINT ( 'NONE',  ( 13.00000000000000178, 10.23484568108891679, 19.89072354283027622 ) ) ;
#208 = DIRECTION ( 'NONE',  ( 0.000000000000000000, 0.000000000000000000, 1.000000000000000000 ) ) ;
#209 = LINE ( 'NONE', #473, #674 ) ;
#210 = EDGE_CURVE ( 'NONE', #115, #168, #418, .T. ) ;
#211 = ORIENTED_EDGE ( 'NONE', *, *, #957, .F. ) ;
#212 = DIRECTION ( 'NONE',  ( -0.000000000000000000, 0.000000000000000000, 1.000000000000000000 ) ) ;
#213 = ORIENTED_EDGE ( 'NONE', *, *, #48, .F. ) ;
#214 = DIRECTION ( 'NONE',  ( 0.000000000000000000, -1.000000000000000000, 0.000000000000000000 ) ) ;
#215 = VERTEX_POINT ( 'NONE', #1440 ) ;
#216 = DIRECTION ( 'NONE',  ( 0.000000000000000000, 0.000000000000000000, 1.000000000000000000 ) ) ;
#217 = ORIENTED_EDGE ( 'NONE', *, *, #645, .T. ) ;
#218 = EDGE_LOOP ( 'NONE', ( #706, #1423 ) ) ;
#219 = DIRECTION ( 'NONE',  ( -0.000000000000000000, 0.000000000000000000, 1.000000000000000000 ) ) ;
#220 = TOROIDAL_SURFACE ( 'NONE', #1207, 17.00000000000000000, 1.000000000000000000 ) ;
#221 =( NAMED_UNIT ( * ) PLANE_ANGLE_UNIT ( ) SI_UNIT ( $, .RADIAN. ) );
#222 = EDGE_CURVE ( 'NONE', #55, #1641, #659, .T. ) ;
#223 = AXIS2_PLACEMENT_3D ( 'NONE', #1601, #196, #346 ) ;
#224 = AXIS2_PLACEMENT_3D ( 'NONE', #803, #1211, #1331 ) ;
#225 = DIRECTION ( 'NONE',  ( -0.000000000000000000, 0.000000000000000000, 1.000000000000000000 ) ) ;
#226 = CARTESIAN_POINT ( 'NONE',  ( 13.15445730752427167, -9.125006783398813326, 0.3576237789592335292 ) ) ;
#227 = VERTEX_POINT ( 'NONE', #1183 ) ;
#228 = TOROIDAL_SURFACE ( 'NONE', #1541, 3.000000000000000000, 1.000000000000000000 ) ;
#229 = CARTESIAN_POINT ( 'NONE',  ( -11.00000000000000000, 8.660254037844389075, 19.00000000000000000 ) ) ;
#230 = DIRECTION ( 'NONE',  ( -0.000000000000000000, 0.000000000000000000, 1.000000000000000000 ) ) ;
#231 = DIRECTION ( 'NONE',  ( -0.000000000000000000, 0.000000000000000000, 1.000000000000000000 ) ) ;
#232 = CARTESIAN_POINT ( 'NONE',  ( -12.57142857142856940, -9.897433186107871705, 19.00000000000000000 ) ) ;
#233 = CARTESIAN_POINT ( 'NONE',  ( 12.57142857142857117, -9.897433186107869929, -2.500000000000000000 ) ) ;
#234 = ORIENTED_EDGE ( 'NONE', *, *, #645, .F. ) ;
#235 = CARTESIAN_POINT ( 'NONE',  ( 14.71794871794872073, -14.26996795847249366, 19.00000000000000000 ) ) ;
#236 = CARTESIAN_POINT ( 'NONE',  ( 11.00000000000000178, -8.660254037844387298, 19.00000000000000000 ) ) ;
#237 = DIRECTION ( 'NONE',  ( 0.000000000000000000, -0.000000000000000000, -1.000000000000000000 ) ) ;
#238 = CARTESIAN_POINT ( 'NONE',  ( -13.00000000000000000, -10.46831458648151703, 19.96442329559784667 ) ) ;
#239 = CARTESIAN_POINT ( 'NONE',  ( 14.00000000000000178, 0.000000000000000000, 24.00000000000000000 ) ) ;
#240 = DIRECTION ( 'NONE',  ( 1.000000000000000000, 0.000000000000000000, 0.000000000000000000 ) ) ;
#241 = ORIENTED_EDGE ( 'NONE', *, *, #1436, .F. ) ;
#242 = EDGE_CURVE ( 'NONE', #958, #396, #166, .T. ) ;
#243 = ORIENTED_EDGE ( 'NONE', *, *, #1651, .T. ) ;
#244 = CARTESIAN_POINT ( 'NONE',  ( 14.00000000000000178, 13.57387196049822542, 24.00000000000000000 ) ) ;
#245 = AXIS2_PLACEMENT_3D ( 'NONE', #924, #453, #50 ) ;
#246 = FACE_OUTER_BOUND ( 'NONE', #1154, .T. ) ;
#247 = DIRECTION ( 'NONE',  ( 1.000000000000000000, 0.000000000000000000, 0.000000000000000000 ) ) ;
#248 = VERTEX_POINT ( 'NONE', #774 ) ;
#249 = AXIS2_PLACEMENT_3D ( 'NONE', #57, #811, #579 ) ;
#250 = CIRCLE ( 'NONE', #546, 17.00000000000000000 ) ;
#251 = VERTEX_POINT ( 'NONE', #280 ) ;
#252 = AXIS2_PLACEMENT_3D ( 'NONE', #534, #1180, #37 ) ;
#253 = EDGE_CURVE ( 'NONE', #703, #251, #1459, .T. ) ;
#254 = CARTESIAN_POINT ( 'NONE',  ( -11.00000000000000000, -8.660254037844389075, 19.00000000000000000 ) ) ;
#255 = CARTESIAN_POINT ( 'NONE',  ( -14.00000000000000000, -13.57387196049822897, 24.00000000000000000 ) ) ;
#256 = CARTESIAN_POINT ( 'NONE',  ( -13.00000000000000000, 10.70832880262943476, 20.00000000000000000 ) ) ;
#257 = ORIENTED_EDGE ( 'NONE', *, *, #618, .F. ) ;
#258 = EDGE_CURVE ( 'NONE', #399, #344, #200, .T. ) ;
#259 = CARTESIAN_POINT ( 'NONE',  ( -13.45362404707370629, -8.660254037844390851, 0.1624599603219641086 ) ) ;
#260 = ORIENTED_EDGE ( 'NONE', *, *, #189, .F. ) ;
#261 = LINE ( 'NONE', #522, #445 ) ;
#262 = PLANE ( 'NONE',  #937 ) ;
#263 = ORIENTED_EDGE ( 'NONE', *, *, #518, .T. ) ;
#264 = CARTESIAN_POINT ( 'NONE',  ( 14.00000000000000178, -7.745966692414830490, 0.000000000000000000 ) ) ;
#265 = DIRECTION ( 'NONE',  ( 1.000000000000000000, 0.000000000000000000, 0.000000000000000000 ) ) ;
#266 = ORIENTED_EDGE ( 'NONE', *, *, #112, .T. ) ;
#267 = ORIENTED_EDGE ( 'NONE', *, *, #981, .T. ) ;
#268 = APPLICATION_PROTOCOL_DEFINITION ( 'draft international standard', 'automotive_design', 1998, #1121 ) ;
#269 = DIRECTION ( 'NONE',  ( 0.000000000000000000, 0.000000000000000000, 1.000000000000000000 ) ) ;
#270 = ADVANCED_FACE ( 'NONE', ( #923 ), #287, .T. ) ;
#271 = FACE_OUTER_BOUND ( 'NONE', #1378, .T. ) ;
#272 = EDGE_LOOP ( 'NONE', ( #733, #1649, #1012 ) ) ;
#273 = AXIS2_PLACEMENT_3D ( 'NONE', #660, #1414, #153 ) ;
#274 = CARTESIAN_POINT ( 'NONE',  ( -13.99999999999999822, 13.57387196049822720, 24.00000000000000000 ) ) ;
#275 = TOROIDAL_SURFACE ( 'NONE', #492, 3.000000000000000000, 1.000000000000000000 ) ;
#276 = CYLINDRICAL_SURFACE ( 'NONE', #1028, 2.000000000000000000 ) ;
#277 = CIRCLE ( 'NONE', #97, 1.000000000000000888 ) ;
#278 =( GEOMETRIC_REPRESENTATION_CONTEXT ( 3 ) GLOBAL_UNCERTAINTY_ASSIGNED_CONTEXT ( ( #653 ) ) GLOBAL_UNIT_ASSIGNED_CONTEXT ( ( #111, #628, #613 ) ) REPRESENTATION_CONTEXT ( 'NONE', 'WORKASPACE' ) );
#279 = EDGE_CURVE ( 'NONE', #1451, #1560, #755, .T. ) ;
#280 = CARTESIAN_POINT ( 'NONE',  ( 20.00000000000000000, 0.000000000000000000, -6.299999999999999822 ) ) ;
#281 = DIRECTION ( 'NONE',  ( 1.000000000000000000, 0.000000000000000000, 0.000000000000000000 ) ) ;
#282 = ORIENTED_EDGE ( 'NONE', *, *, #990, .F. ) ;
#283 = CARTESIAN_POINT ( 'NONE',  ( 13.63989471133562326, -8.365696672884936902, 0.06228904866945698948 ) ) ;
#284 = CARTESIAN_POINT ( 'NONE',  ( 0.000000000000000000, 0.000000000000000000, 19.00000000000000000 ) ) ;
#285 = ORIENTED_EDGE ( 'NONE', *, *, #35, .T. ) ;
#286 = ORIENTED_EDGE ( 'NONE', *, *, #135, .F. ) ;
#287 = CYLINDRICAL_SURFACE ( 'NONE', #836, 1.000000000000000000 ) ;
#288 = CARTESIAN_POINT ( 'NONE',  ( 14.00000000000000178, -13.57387196049822720, 24.00000000000000000 ) ) ;
#289 = ORIENTED_EDGE ( 'NONE', *, *, #526, .T. ) ;
#290 = CARTESIAN_POINT ( 'NONE',  ( -13.00000000000000000, 13.57387196049822897, 20.00000000000000000 ) ) ;
#291 = DIRECTION ( 'NONE',  ( 0.000000000000000000, 0.000000000000000000, 1.000000000000000000 ) ) ;
#292 = VERTEX_POINT ( 'NONE', #633 ) ;
#293 = EDGE_CURVE ( 'NONE', #1363, #999, #547, .T. ) ;
#294 = FACE_OUTER_BOUND ( 'NONE', #577, .T. ) ;
#295 = CARTESIAN_POINT ( 'NONE',  ( 11.00000000000000178, -8.660254037844387298, 1.000000000000000000 ) ) ;
#296 = ORIENTED_EDGE ( 'NONE', *, *, #1172, .T. ) ;
#297 = DIRECTION ( 'NONE',  ( 0.6960959979742666892, -0.7179487179487192838, -0.000000000000000000 ) ) ;
#298 = CIRCLE ( 'NONE', #145, 1.000000000000000888 ) ;
#299 = DIRECTION ( 'NONE',  ( -0.000000000000000000, 0.000000000000000000, 1.000000000000000000 ) ) ;
#300 = EDGE_LOOP ( 'NONE', ( #1374, #1394, #1625, #1286 ) ) ;
#301 = CIRCLE ( 'NONE', #670, 16.00000000000000000 ) ;
#302 = ADVANCED_FACE ( 'NONE', ( #294 ), #393, .T. ) ;
#303 = AXIS2_PLACEMENT_3D ( 'NONE', #1234, #1330, #1100 ) ;
#304 = CARTESIAN_POINT ( 'NONE',  ( -13.82241893294550295, -8.060542376365820161, 0.01134302622543612721 ) ) ;
#305 = AXIS2_PLACEMENT_3D ( 'NONE', #739, #1146, #1525 ) ;
#306 = CIRCLE ( 'NONE', #1325, 16.50000000000000000 ) ;
#307 = CARTESIAN_POINT ( 'NONE',  ( 12.72062666700652755, 9.707926152689948296, 0.8404681284110374628 ) ) ;
#308 = CARTESIAN_POINT ( 'NONE',  ( -20.50000000000000000, 2.510525938252074481E-15, -6.299999999999999822 ) ) ;
#309 = DIRECTION ( 'NONE',  ( 1.000000000000000000, 0.000000000000000000, 0.000000000000000000 ) ) ;
#310 = EDGE_CURVE ( 'NONE', #879, #925, #510, .T. ) ;
#311 = CARTESIAN_POINT ( 'NONE',  ( 13.53863256127664982, 14.47328253646996998, 19.95915185375829282 ) ) ;
#312 = ORIENTED_EDGE ( 'NONE', *, *, #957, .T. ) ;
#313 = CARTESIAN_POINT ( 'NONE',  ( 12.86685093365379728, 9.513509214204319164, 0.6796107286563125571 ) ) ;
#314 = DIRECTION ( 'NONE',  ( 0.000000000000000000, 0.000000000000000000, -1.000000000000000000 ) ) ;
#315 = ADVANCED_BREP_SHAPE_REPRESENTATION ( 'White_Calibration_Mount', ( #124, #641 ), #882 ) ;
#316 = DIRECTION ( 'NONE',  ( 1.000000000000000000, 0.000000000000000000, 0.000000000000000000 ) ) ;
#317 = DIRECTION ( 'NONE',  ( 0.6185895741317409824, 0.7857142857142865866, -0.000000000000000000 ) ) ;
#318 = ORIENTED_EDGE ( 'NONE', *, *, #1393, .F. ) ;
#319 = CARTESIAN_POINT ( 'NONE',  ( -13.28572392656544210, -14.27373601223893118, 20.00000000000000000 ) ) ;
#320 = DIRECTION ( 'NONE',  ( 0.000000000000000000, 0.000000000000000000, 1.000000000000000000 ) ) ;
#321 = DIRECTION ( 'NONE',  ( 1.224646799147353207E-16, 1.000000000000000000, 0.000000000000000000 ) ) ;
#322 = EDGE_CURVE ( 'NONE', #1027, #1633, #261, .T. ) ;
#323 = CYLINDRICAL_SURFACE ( 'NONE', #622, 20.50000000000000000 ) ;
#324 = CARTESIAN_POINT ( 'NONE',  ( 13.39985925698459646, 14.39022168606255470, 19.99999999999999645 ) ) ;
#325 = AXIS2_PLACEMENT_3D ( 'NONE', #866, #342, #1113 ) ;
#326 = ORIENTED_EDGE ( 'NONE', *, *, #1201, .F. ) ;
#327 = DIRECTION ( 'NONE',  ( 1.000000000000000000, 0.000000000000000000, 0.000000000000000000 ) ) ;
#328 = CIRCLE ( 'NONE', #1240, 0.9999999999999994449 ) ;
#329 = ADVANCED_FACE ( 'NONE', ( #23, #16 ), #1032, .F. ) ;
#330 = DIRECTION ( 'NONE',  ( 1.000000000000000000, 0.000000000000000000, 0.000000000000000000 ) ) ;
#331 = DIRECTION ( 'NONE',  ( 0.000000000000000000, -1.000000000000000000, 0.000000000000000000 ) ) ;
#332 = AXIS2_PLACEMENT_3D ( 'NONE', #1587, #1460, #309 ) ;
#333 = TOROIDAL_SURFACE ( 'NONE', #1379, 3.000000000000000000, 1.000000000000000000 ) ;
#334 = CARTESIAN_POINT ( 'NONE',  ( 19.50000000000000000, 0.000000000000000000, 25.00000000000000000 ) ) ;
#335 = ORIENTED_EDGE ( 'NONE', *, *, #1651, .F. ) ;
#336 = CARTESIAN_POINT ( 'NONE',  ( 14.33039404162220265, 14.52516346026060567, 19.44276196774414700 ) ) ;
#337 = EDGE_LOOP ( 'NONE', ( #161, #1114, #374, #73, #286 ) ) ;
#338 = CARTESIAN_POINT ( 'NONE',  ( -13.00000000000000000, 8.660254037844389075, 19.00000000000000000 ) ) ;
#339 = LINE ( 'NONE', #347, #967 ) ;
#340 = DIRECTION ( 'NONE',  ( 0.000000000000000000, 0.000000000000000000, 1.000000000000000000 ) ) ;
#341 = ADVANCED_FACE ( 'NONE', ( #1420 ), #333, .T. ) ;
#342 = DIRECTION ( 'NONE',  ( 0.000000000000000000, -1.000000000000000000, 0.000000000000000000 ) ) ;
#343 = EDGE_LOOP ( 'NONE', ( #1575, #1600, #939, #741 ) ) ;
#344 = VERTEX_POINT ( 'NONE', #152 ) ;
#345 = ADVANCED_FACE ( 'NONE', ( #555 ), #673, .T. ) ;
#346 = DIRECTION ( 'NONE',  ( 1.000000000000000000, 0.000000000000000000, 0.000000000000000000 ) ) ;
#347 = CARTESIAN_POINT ( 'NONE',  ( 13.00000000000000178, 8.660254037844387298, 0.000000000000000000 ) ) ;
#348 = DIRECTION ( 'NONE',  ( 1.000000000000000000, -1.734723475976807094E-15, 0.000000000000000000 ) ) ;
#349 = FACE_BOUND ( 'NONE', #218, .T. ) ;
#350 = DIRECTION ( 'NONE',  ( 0.000000000000000000, -1.000000000000000000, 0.000000000000000000 ) ) ;
#351 = ORIENTED_EDGE ( 'NONE', *, *, #1495, .T. ) ;
#352 = ORIENTED_EDGE ( 'NONE', *, *, #736, .T. ) ;
#353 = SPHERICAL_SURFACE ( 'NONE', #1349, 1.000000000000000000 ) ;
#354 = AXIS2_PLACEMENT_3D ( 'NONE', #642, #1275, #386 ) ;
#355 = EDGE_CURVE ( 'NONE', #508, #514, #831, .T. ) ;
#356 = CIRCLE ( 'NONE', #1076, 1.000000000000000000 ) ;
#357 = FACE_OUTER_BOUND ( 'NONE', #300, .T. ) ;
#358 = CARTESIAN_POINT ( 'NONE',  ( -12.72062666700810141, -9.707926152687946342, 0.8404681284148964870 ) ) ;
#359 = CIRCLE ( 'NONE', #1210, 1.000000000000000888 ) ;
#360 = B_SPLINE_CURVE_WITH_KNOTS ( 'NONE', 3,
 ( #1238, #988, #226, #1501 ),
 .UNSPECIFIED., .F., .F.,
 ( 4, 4 ),
 ( -9.561829081282507948E-06, 0.001733065273976972832 ),
 .UNSPECIFIED. ) ;
#361 = B_SPLINE_CURVE_WITH_KNOTS ( 'NONE', 3,
 ( #601, #1630, #629, #120, #877, #1396, #987, #756, #1386, #235 ),
 .UNSPECIFIED., .F., .F.,
 ( 4, 2, 2, 2, 4 ),
 ( 0.000000000000000000, 0.0004807593732222973423, 0.0009615187464445946845, 0.001442278119666892027, 0.001923037492889189369 ),
 .UNSPECIFIED. ) ;
#362 = AXIS2_PLACEMENT_3D ( 'NONE', #827, #297, #1197 ) ;
#363 = CARTESIAN_POINT ( 'NONE',  ( -13.00000000000000000, 8.660254037844389075, 1.000000000000000888 ) ) ;
#364 = DIRECTION ( 'NONE',  ( -0.000000000000000000, 0.000000000000000000, 1.000000000000000000 ) ) ;
#365 = EDGE_LOOP ( 'NONE', ( #503, #1056, #910, #931, #282, #260 ) ) ;
#366 = AXIS2_PLACEMENT_3D ( 'NONE', #255, #1129, #98 ) ;
#367 = EDGE_CURVE ( 'NONE', #1105, #1229, #1257, .T. ) ;
#368 = CARTESIAN_POINT ( 'NONE',  ( 13.45362404707370807, -8.660254037844390851, 0.1624599603219643029 ) ) ;
#369 = CARTESIAN_POINT ( 'NONE',  ( 13.00000000000000178, 10.95445115010332238, 20.00000000000000000 ) ) ;
#370 = CARTESIAN_POINT ( 'NONE',  ( -13.30403707913416156, -8.892636000337164504, 0.2600442169322393915 ) ) ;
#371 = FACE_OUTER_BOUND ( 'NONE', #921, .T. ) ;
#372 = ADVANCED_FACE ( 'NONE', ( #614 ), #1272, .T. ) ;
#373 = DIRECTION ( 'NONE',  ( 1.000000000000000000, 0.000000000000000000, 0.000000000000000000 ) ) ;
#374 = ORIENTED_EDGE ( 'NONE', *, *, #772, .F. ) ;
#375 = DIRECTION ( 'NONE',  ( 0.000000000000000000, -0.000000000000000000, -1.000000000000000000 ) ) ;
#376 = DIRECTION ( 'NONE',  ( -0.000000000000000000, 0.000000000000000000, 1.000000000000000000 ) ) ;
#377 = CARTESIAN_POINT ( 'NONE',  ( 0.000000000000000000, 0.000000000000000000, -5.799999999999999822 ) ) ;
#378 = ORIENTED_EDGE ( 'NONE', *, *, #1619, .F. ) ;
#379 = ADVANCED_FACE ( 'NONE', ( #1658 ), #228, .T. ) ;
#380 = B_SPLINE_CURVE_WITH_KNOTS ( 'NONE', 3,
 ( #702, #1065, #190, #1602, #1456, #930 ),
 .UNSPECIFIED., .F., .F.,
 ( 4, 2, 4 ),
 ( -8.944271910028262127E-06, 0.0009013242987136385739, 0.001811592869337305374 ),
 .UNSPECIFIED. ) ;
#381 = ORIENTED_EDGE ( 'NONE', *, *, #655, .T. ) ;
#382 = CARTESIAN_POINT ( 'NONE',  ( 12.57142857142857117, -9.897433186107869929, 1.000000000000000000 ) ) ;
#383 = AXIS2_PLACEMENT_3D ( 'NONE', #1137, #1099, #485 ) ;
#384 = ADVANCED_FACE ( 'NONE', ( #1249 ), #806, .T. ) ;
#385 = DIRECTION ( 'NONE',  ( -0.000000000000000000, 0.000000000000000000, 1.000000000000000000 ) ) ;
#386 = DIRECTION ( 'NONE',  ( 1.000000000000000000, 0.000000000000000000, 0.000000000000000000 ) ) ;
#387 = ORIENTED_EDGE ( 'NONE', *, *, #293, .T. ) ;
#388 = TOROIDAL_SURFACE ( 'NONE', #1322, 3.000000000000000000, 1.000000000000000000 ) ;
#389 = VECTOR ( 'NONE', #1152, 1000.000000000000000 ) ;
#390 = EDGE_LOOP ( 'NONE', ( #1496, #668, #792, #750, #181, #651 ) ) ;
#391 = DIRECTION ( 'NONE',  ( 1.000000000000000000, 0.000000000000000000, 0.000000000000000000 ) ) ;
#392 = ORIENTED_EDGE ( 'NONE', *, *, #1576, .T. ) ;
#393 = SPHERICAL_SURFACE ( 'NONE', #1138, 1.000000000000000000 ) ;
#394 = CARTESIAN_POINT ( 'NONE',  ( 13.00000000000000355, 9.156291206825271090, 19.35080012303851404 ) ) ;
#395 = ADVANCED_FACE ( 'NONE', ( #246 ), #1264, .T. ) ;
#396 = VERTEX_POINT ( 'NONE', #854 ) ;
#397 = PLANE ( 'NONE',  #515 ) ;
#398 = DIRECTION ( 'NONE',  ( 1.000000000000000000, 0.000000000000000000, 0.000000000000000000 ) ) ;
#399 = VERTEX_POINT ( 'NONE', #232 ) ;
#400 = ADVANCED_FACE ( 'NONE', ( #131 ), #1274, .T. ) ;
#401 = DIRECTION ( 'NONE',  ( -0.000000000000000000, 1.000000000000000000, -0.000000000000000000 ) ) ;
#402 = CARTESIAN_POINT ( 'NONE',  ( -13.00000000000000000, 10.23484568108891857, 19.89072354283027622 ) ) ;
#403 = VERTEX_POINT ( 'NONE', #363 ) ;
#404 = DIRECTION ( 'NONE',  ( 0.000000000000000000, 0.000000000000000000, 1.000000000000000000 ) ) ;
#405 = ADVANCED_FACE ( 'NONE', ( #349, #1383 ), #1406, .F. ) ;
#406 = CARTESIAN_POINT ( 'NONE',  ( -14.71794871794871895, -14.26996795847249722, -6.299999999999999822 ) ) ;
#407 = ORIENTED_EDGE ( 'NONE', *, *, #6, .T. ) ;
#408 = DIRECTION ( 'NONE',  ( 0.000000000000000000, 0.000000000000000000, -1.000000000000000000 ) ) ;
#409 = DIRECTION ( 'NONE',  ( 0.6960959979742684656, 0.7179487179487176185, 3.790842635362419762E-17 ) ) ;
#410 = ORIENTED_EDGE ( 'NONE', *, *, #74, .F. ) ;
#411 = AXIS2_PLACEMENT_3D ( 'NONE', #1654, #1258, #855 ) ;
#412 = CARTESIAN_POINT ( 'NONE',  ( 0.000000000000000000, 0.000000000000000000, 25.00000000000000000 ) ) ;
#413 = CIRCLE ( 'NONE', #1400, 2.000000000000000000 ) ;
#414 = CARTESIAN_POINT ( 'NONE',  ( -13.28572392656544210, 14.27373601223893118, 20.00000000000000000 ) ) ;
#415 = AXIS2_PLACEMENT_3D ( 'NONE', #558, #563, #1085 ) ;
#416 = EDGE_LOOP ( 'NONE', ( #351, #1444, #1398 ) ) ;
#417 = AXIS2_PLACEMENT_3D ( 'NONE', #745, #1531, #348 ) ;
#418 = LINE ( 'NONE', #654, #972 ) ;
#419 = DIRECTION ( 'NONE',  ( 0.000000000000000000, -0.000000000000000000, -1.000000000000000000 ) ) ;
#420 = ORIENTED_EDGE ( 'NONE', *, *, #253, .F. ) ;
#421 = B_SPLINE_CURVE_WITH_KNOTS ( 'NONE', 3,
 ( #402, #896, #256, #904 ),
 .UNSPECIFIED., .F., .F.,
 ( 4, 4 ),
 ( 8.915791912987304198E-05, 0.0008168773150247186920 ),
 .UNSPECIFIED. ) ;
#422 = EDGE_CURVE ( 'NONE', #1573, #476, #1081, .T. ) ;
#423 = CYLINDRICAL_SURFACE ( 'NONE', #970, 1.000000000000000888 ) ;
#424 = CARTESIAN_POINT ( 'NONE',  ( -14.71794871794871717, 14.26996795847249722, 19.00000000000000000 ) ) ;
#425 = EDGE_LOOP ( 'NONE', ( #203, #437 ) ) ;
#426 = ORIENTED_EDGE ( 'NONE', *, *, #537, .T. ) ;
#427 = CARTESIAN_POINT ( 'NONE',  ( 0.000000000000000000, 0.000000000000000000, -6.299999999999999822 ) ) ;
#428 = CARTESIAN_POINT ( 'NONE',  ( 0.000000000000000000, 0.000000000000000000, 20.00000000000000000 ) ) ;
#429 = ORIENTED_EDGE ( 'NONE', *, *, #101, .F. ) ;
#430 = CARTESIAN_POINT ( 'NONE',  ( -13.99999999999999822, -13.57387196049822720, 25.00000000000000000 ) ) ;
#431 = ADVANCED_FACE ( 'NONE', ( #480 ), #1297, .T. ) ;
#432 = CARTESIAN_POINT ( 'NONE',  ( 14.63806402931746220, 14.35236048759698946, 19.11192700849035120 ) ) ;
#433 = ORIENTED_EDGE ( 'NONE', *, *, #355, .F. ) ;
#434 = ORIENTED_EDGE ( 'NONE', *, *, #1309, .T. ) ;
#435 = CARTESIAN_POINT ( 'NONE',  ( 0.000000000000000000, 0.000000000000000000, 24.00000000000000000 ) ) ;
#436 = DIRECTION ( 'NONE',  ( 1.000000000000000000, -1.734723475976805517E-15, 0.000000000000000000 ) ) ;
#437 = ORIENTED_EDGE ( 'NONE', *, *, #1277, .F. ) ;
#438 = EDGE_CURVE ( 'NONE', #1171, #403, #113, .T. ) ;
#439 = CARTESIAN_POINT ( 'NONE',  ( -13.99999999999999822, -13.57387196049822720, 24.00000000000000000 ) ) ;
#440 = AXIS2_PLACEMENT_3D ( 'NONE', #1208, #679, #953 ) ;
#441 = CIRCLE ( 'NONE', #1481, 20.00000000000000000 ) ;
#442 = CARTESIAN_POINT ( 'NONE',  ( 13.00000000000000178, 8.660254037844387298, 1.000000000000000888 ) ) ;
#443 = AXIS2_PLACEMENT_3D ( 'NONE', #715, #973, #484 ) ;
#444 = VERTEX_POINT ( 'NONE', #1004 ) ;
#445 = VECTOR ( 'NONE', #401, 1000.000000000000000 ) ;
#446 = DIRECTION ( 'NONE',  ( 0.000000000000000000, -0.000000000000000000, -1.000000000000000000 ) ) ;
#447 = DIRECTION ( 'NONE',  ( 1.000000000000000000, 0.000000000000000000, 0.000000000000000000 ) ) ;
#448 = FACE_OUTER_BOUND ( 'NONE', #1082, .T. ) ;
#449 = CARTESIAN_POINT ( 'NONE',  ( 13.91215164632286339, 7.904743124113702279, 8.671499797515896763E-16 ) ) ;
#450 = ORIENTED_EDGE ( 'NONE', *, *, #1530, .T. ) ;
#451 = LINE ( 'NONE', #959, #1537 ) ;
#452 = ADVANCED_FACE ( 'NONE', ( #371 ), #974, .T. ) ;
#453 = DIRECTION ( 'NONE',  ( -0.6185895741317417595, 0.7857142857142859205, -0.000000000000000000 ) ) ;
#454 = ORIENTED_EDGE ( 'NONE', *, *, #864, .T. ) ;
#455 = CARTESIAN_POINT ( 'NONE',  ( -11.00000000000000000, 8.660254037844389075, 1.000000000000000000 ) ) ;
#456 = DIRECTION ( 'NONE',  ( 1.000000000000000000, 0.000000000000000000, 0.000000000000000000 ) ) ;
#457 = EDGE_CURVE ( 'NONE', #173, #999, #361, .T. ) ;
#458 = ORIENTED_EDGE ( 'NONE', *, *, #310, .T. ) ;
#459 = DIRECTION ( 'NONE',  ( 0.000000000000000000, 0.000000000000000000, 1.000000000000000000 ) ) ;
#460 = CARTESIAN_POINT ( 'NONE',  ( 12.57142857142857117, 9.897433186107869929, 19.00000000000000000 ) ) ;
#461 = DIRECTION ( 'NONE',  ( 0.000000000000000000, 0.000000000000000000, 1.000000000000000000 ) ) ;
#462 = ORIENTED_EDGE ( 'NONE', *, *, #688, .F. ) ;
#463 = FACE_OUTER_BOUND ( 'NONE', #758, .T. ) ;
#464 = CIRCLE ( 'NONE', #245, 0.9999999999999994449 ) ;
#465 = ORIENTED_EDGE ( 'NONE', *, *, #809, .T. ) ;
#466 = CARTESIAN_POINT ( 'NONE',  ( 16.50000000000000000, 0.000000000000000000, -2.500000000000000000 ) ) ;
#467 = AXIS2_PLACEMENT_3D ( 'NONE', #954, #321, #826 ) ;
#468 = CIRCLE ( 'NONE', #644, 17.50000000000000355 ) ;
#469 = DIRECTION ( 'NONE',  ( -0.000000000000000000, 1.000000000000000000, 0.000000000000000000 ) ) ;
#470 = VECTOR ( 'NONE', #269, 1000.000000000000000 ) ;
#471 = ORIENTED_EDGE ( 'NONE', *, *, #746, .T. ) ;
#472 = CIRCLE ( 'NONE', #676, 1.000000000000000888 ) ;
#473 = CARTESIAN_POINT ( 'NONE',  ( -12.57142857142856940, 9.897433186107871705, -2.500000000000000000 ) ) ;
#474 = VERTEX_POINT ( 'NONE', #1134 ) ;
#475 = ADVANCED_FACE ( 'NONE', ( #164 ), #1174, .F. ) ;
#476 = VERTEX_POINT ( 'NONE', #1410 ) ;
#477 = CARTESIAN_POINT ( 'NONE',  ( -13.53863285853552156, -14.47328271296685998, 19.95915176550350267 ) ) ;
#478 = CARTESIAN_POINT ( 'NONE',  ( 14.00000000000000178, 13.57387196049822720, 25.00000000000000000 ) ) ;
#479 = FILL_AREA_STYLE ('',( #1278 ) ) ;
#480 = FACE_OUTER_BOUND ( 'NONE', #22, .T. ) ;
#481 = DIRECTION ( 'NONE',  ( -0.000000000000000000, 0.000000000000000000, 1.000000000000000000 ) ) ;
#482 = ORIENTED_EDGE ( 'NONE', *, *, #1619, .T. ) ;
#483 = ADVANCED_FACE ( 'NONE', ( #171 ), #276, .F. ) ;
#484 = DIRECTION ( 'NONE',  ( 0.7179487179487183957, -0.6960959979742675774, 0.000000000000000000 ) ) ;
#485 = DIRECTION ( 'NONE',  ( 1.000000000000000000, 0.000000000000000000, 0.000000000000000000 ) ) ;
#486 = CARTESIAN_POINT ( 'NONE',  ( 13.00000000000000178, 13.57387196049822542, 20.00000000000000000 ) ) ;
#487 = EDGE_CURVE ( 'NONE', #818, #879, #15, .T. ) ;
#488 = ORIENTED_EDGE ( 'NONE', *, *, #963, .F. ) ;
#489 = ORIENTED_EDGE ( 'NONE', *, *, #760, .F. ) ;
#490 = CARTESIAN_POINT ( 'NONE',  ( -13.91215164632286161, 7.904743124113707609, -4.235164736271499288E-19 ) ) ;
#491 = AXIS2_PLACEMENT_3D ( 'NONE', #1572, #419, #1304 ) ;
#492 = AXIS2_PLACEMENT_3D ( 'NONE', #605, #1634, #327 ) ;
#493 = DIRECTION ( 'NONE',  ( -0.000000000000000000, 1.000000000000000000, -0.000000000000000000 ) ) ;
#494 = FACE_OUTER_BOUND ( 'NONE', #1299, .T. ) ;
#495 = ORIENTED_EDGE ( 'NONE', *, *, #1333, .T. ) ;
#496 = AXIS2_PLACEMENT_3D ( 'NONE', #244, #761, #1524 ) ;
#497 = ADVANCED_FACE ( 'NONE', ( #663 ), #1461, .T. ) ;
#498 = ORIENTED_EDGE ( 'NONE', *, *, #1448, .T. ) ;
#499 = CARTESIAN_POINT ( 'NONE',  ( -12.57142857142856940, -9.897433186107871705, 1.000000000000000000 ) ) ;
#500 = DIRECTION ( 'NONE',  ( -0.000000000000000000, 0.000000000000000000, 1.000000000000000000 ) ) ;
#501 = CARTESIAN_POINT ( 'NONE',  ( 0.000000000000000000, 0.000000000000000000, -2.500000000000000000 ) ) ;
#502 = ORIENTED_EDGE ( 'NONE', *, *, #692, .F. ) ;
#503 = ORIENTED_EDGE ( 'NONE', *, *, #422, .T. ) ;
#504 = VERTEX_POINT ( 'NONE', #424 ) ;
#505 = ADVANCED_FACE ( 'NONE', ( #21 ), #1564, .T. ) ;
#506 = PRODUCT_CONTEXT ( 'NONE', #1121, 'mechanical' ) ;
#507 = FACE_OUTER_BOUND ( 'NONE', #590, .T. ) ;
#508 = VERTEX_POINT ( 'NONE', #796 ) ;
#509 = ORIENTED_EDGE ( 'NONE', *, *, #135, .T. ) ;
#510 = LINE ( 'NONE', #1161, #781 ) ;
#511 = CIRCLE ( 'NONE', #354, 16.00000000000000000 ) ;
#512 = VECTOR ( 'NONE', #109, 1000.000000000000000 ) ;
#513 = CYLINDRICAL_SURFACE ( 'NONE', #273, 1.000000000000000000 ) ;
#514 = VERTEX_POINT ( 'NONE', #259 ) ;
#515 = AXIS2_PLACEMENT_3D ( 'NONE', #786, #1313, #1643 ) ;
#516 = CARTESIAN_POINT ( 'NONE',  ( -13.82241893294550650, 8.060542376365818384, 0.01134302622543611680 ) ) ;
#517 = AXIS2_PLACEMENT_3D ( 'NONE', #1139, #1430, #1022 ) ;
#518 = EDGE_CURVE ( 'NONE', #504, #818, #1339, .T. ) ;
#519 = VECTOR ( 'NONE', #291, 1000.000000000000000 ) ;
#520 = CYLINDRICAL_SURFACE ( 'NONE', #1021, 1.000000000000000888 ) ;
#521 = ORIENTED_EDGE ( 'NONE', *, *, #707, .T. ) ;
#522 = CARTESIAN_POINT ( 'NONE',  ( -13.99999999999999822, 0.000000000000000000, 25.00000000000000000 ) ) ;
#523 = DIRECTION ( 'NONE',  ( 0.000000000000000000, 0.000000000000000000, 1.000000000000000000 ) ) ;
#524 = ORIENTED_EDGE ( 'NONE', *, *, #787, .T. ) ;
#525 = CARTESIAN_POINT ( 'NONE',  ( -13.45362404707370629, 8.660254037844390851, 0.1624599603219641086 ) ) ;
#526 = EDGE_CURVE ( 'NONE', #773, #1144, #306, .T. ) ;
#527 = CARTESIAN_POINT ( 'NONE',  ( 0.000000000000000000, 0.000000000000000000, -2.500000000000000000 ) ) ;
#528 = ORIENTED_EDGE ( 'NONE', *, *, #707, .F. ) ;
#529 = SHAPE_DEFINITION_REPRESENTATION ( #794, #315 ) ;
#530 = DIRECTION ( 'NONE',  ( 1.000000000000000000, 0.000000000000000000, 0.000000000000000000 ) ) ;
#531 = ORIENTED_EDGE ( 'NONE', *, *, #1642, .F. ) ;
#532 = EDGE_CURVE ( 'NONE', #1419, #1149, #1556, .T. ) ;
#533 = DIRECTION ( 'NONE',  ( 1.000000000000000000, 0.000000000000000000, 0.000000000000000000 ) ) ;
#534 = CARTESIAN_POINT ( 'NONE',  ( 14.00000000000000178, -13.57387196049822720, 24.00000000000000000 ) ) ;
#535 = ORIENTED_EDGE ( 'NONE', *, *, #816, .T. ) ;
#536 = DIRECTION ( 'NONE',  ( 1.000000000000000000, 0.000000000000000000, 0.000000000000000000 ) ) ;
#537 = EDGE_CURVE ( 'NONE', #19, #925, #472, .T. ) ;
#538 = DIRECTION ( 'NONE',  ( -0.000000000000000000, 0.000000000000000000, 1.000000000000000000 ) ) ;
#539 = ORIENTED_EDGE ( 'NONE', *, *, #1069, .F. ) ;
#540 = VECTOR ( 'NONE', #320, 1000.000000000000000 ) ;
#541 = CARTESIAN_POINT ( 'NONE',  ( 13.00000000000000178, 10.23484568108891679, 19.89072354283027622 ) ) ;
#542 = VECTOR ( 'NONE', #1092, 1000.000000000000000 ) ;
#543 = AXIS2_PLACEMENT_3D ( 'NONE', #274, #1562, #146 ) ;
#544 = CARTESIAN_POINT ( 'NONE',  ( -11.00000000000000000, 8.660254037844389075, -2.500000000000000000 ) ) ;
#545 = ORIENTED_EDGE ( 'NONE', *, *, #1368, .T. ) ;
#546 = AXIS2_PLACEMENT_3D ( 'NONE', #1518, #375, #597 ) ;
#547 = LINE ( 'NONE', #1445, #389 ) ;
#548 = ADVANCED_FACE ( 'NONE', ( #788 ), #1404, .T. ) ;
#549 = DIRECTION ( 'NONE',  ( 1.000000000000000000, 0.000000000000000000, 0.000000000000000000 ) ) ;
#550 = ORIENTED_EDGE ( 'NONE', *, *, #880, .F. ) ;
#551 = DIRECTION ( 'NONE',  ( 0.7179487179487176185, 0.6960959979742684656, 0.000000000000000000 ) ) ;
#552 = DIRECTION ( 'NONE',  ( -0.000000000000000000, 0.000000000000000000, -1.000000000000000000 ) ) ;
#553 = ORIENTED_EDGE ( 'NONE', *, *, #457, .F. ) ;
#554 = EDGE_CURVE ( 'NONE', #822, #1582, #730, .T. ) ;
#555 = FACE_OUTER_BOUND ( 'NONE', #13, .T. ) ;
#556 = CARTESIAN_POINT ( 'NONE',  ( 13.45362404707370807, 8.660254037844390851, 0.1624599603219643029 ) ) ;
#557 = ORIENTED_EDGE ( 'NONE', *, *, #787, .F. ) ;
#558 = CARTESIAN_POINT ( 'NONE',  ( 0.000000000000000000, 0.000000000000000000, -5.799999999999999822 ) ) ;
#559 = CARTESIAN_POINT ( 'NONE',  ( 14.00000000000000178, 7.745966692414830490, 0.000000000000000000 ) ) ;
#560 = EDGE_LOOP ( 'NONE', ( #1565, #1164, #429, #1143, #768 ) ) ;
#561 = LINE ( 'NONE', #1219, #540 ) ;
#562 = CARTESIAN_POINT ( 'NONE',  ( -13.00000000000000000, -10.95445115010332415, 20.00000000000000000 ) ) ;
#563 = DIRECTION ( 'NONE',  ( -0.000000000000000000, 0.000000000000000000, 1.000000000000000000 ) ) ;
#564 = AXIS2_PLACEMENT_3D ( 'NONE', #1397, #1422, #18 ) ;
#565 = DIRECTION ( 'NONE',  ( 1.000000000000000000, 0.000000000000000000, 0.000000000000000000 ) ) ;
#566 = EDGE_CURVE ( 'NONE', #403, #215, #943, .T. ) ;
#567 = CIRCLE ( 'NONE', #917, 18.00000000000000711 ) ;
#568 = ORIENTED_EDGE ( 'NONE', *, *, #841, .F. ) ;
#569 = AXIS2_PLACEMENT_3D ( 'NONE', #455, #955, #53 ) ;
#570 = AXIS2_PLACEMENT_3D ( 'NONE', #1647, #376, #1638 ) ;
#571 = CARTESIAN_POINT ( 'NONE',  ( 0.000000000000000000, 0.000000000000000000, 19.00000000000000000 ) ) ;
#572 = ORIENTED_EDGE ( 'NONE', *, *, #1277, .T. ) ;
#573 = LINE ( 'NONE', #141, #1592 ) ;
#574 = DIRECTION ( 'NONE',  ( 0.6960959979742684656, -0.7179487179487176185, 0.000000000000000000 ) ) ;
#575 = EDGE_CURVE ( 'NONE', #1560, #1051, #567, .T. ) ;
#576 = DIRECTION ( 'NONE',  ( 1.000000000000000000, 0.000000000000000000, 0.000000000000000000 ) ) ;
#577 = EDGE_LOOP ( 'NONE', ( #764, #1522, #1014 ) ) ;
#578 = CARTESIAN_POINT ( 'NONE',  ( -13.28572392656544210, 14.27373601223893118, 20.00000000000000000 ) ) ;
#579 = DIRECTION ( 'NONE',  ( 1.000000000000000000, 0.000000000000000000, 0.000000000000000000 ) ) ;
#580 = CARTESIAN_POINT ( 'NONE',  ( -11.00000000000000000, -8.660254037844389075, 1.000000000000000000 ) ) ;
#581 = EDGE_LOOP ( 'NONE', ( #420, #982, #1292, #1047 ) ) ;
#582 = CARTESIAN_POINT ( 'NONE',  ( 0.000000000000000000, 0.000000000000000000, -5.799999999999999822 ) ) ;
#583 = ORIENTED_EDGE ( 'NONE', *, *, #681, .F. ) ;
#584 = CARTESIAN_POINT ( 'NONE',  ( 0.000000000000000000, 0.000000000000000000, -5.799999999999999822 ) ) ;
#585 = ORIENTED_EDGE ( 'NONE', *, *, #438, .F. ) ;
#586 = ADVANCED_FACE ( 'NONE', ( #10 ), #520, .T. ) ;
#587 = LINE ( 'NONE', #740, #1020 ) ;
#588 = ORIENTED_EDGE ( 'NONE', *, *, #25, .F. ) ;
#589 = AXIS2_PLACEMENT_3D ( 'NONE', #1119, #469, #1635 ) ;
#590 = EDGE_LOOP ( 'NONE', ( #1463, #691, #909 ) ) ;
#591 = DIRECTION ( 'NONE',  ( 1.000000000000000000, 0.000000000000000000, 0.000000000000000000 ) ) ;
#592 = CIRCLE ( 'NONE', #443, 1.000000000000000888 ) ;
#593 = CIRCLE ( 'NONE', #467, 0.5000000000000004441 ) ;
#594 = CIRCLE ( 'NONE', #1186, 20.50000000000000000 ) ;
#595 = LINE ( 'NONE', #728, #512 ) ;
#596 = PRESENTATION_LAYER_ASSIGNMENT (  '', '', ( #729 ) ) ;
#597 = DIRECTION ( 'NONE',  ( 1.000000000000000000, 0.000000000000000000, 0.000000000000000000 ) ) ;
#598 = AXIS2_PLACEMENT_3D ( 'NONE', #932, #58, #1449 ) ;
#599 = AXIS2_PLACEMENT_3D ( 'NONE', #1282, #1030, #658 ) ;
#600 = ADVANCED_FACE ( 'NONE', ( #1450 ), #1605, .T. ) ;
#601 = CARTESIAN_POINT ( 'NONE',  ( 13.28572392656544565, -14.27373601223892763, 20.00000000000000000 ) ) ;
#602 = LINE ( 'NONE', #121, #1212 ) ;
#603 = ORIENTED_EDGE ( 'NONE', *, *, #422, .F. ) ;
#604 = ORIENTED_EDGE ( 'NONE', *, *, #1057, .F. ) ;
#605 = CARTESIAN_POINT ( 'NONE',  ( -11.00000000000000000, -8.660254037844389075, 1.000000000000000000 ) ) ;
#606 = EDGE_CURVE ( 'NONE', #1358, #33, #1018, .T. ) ;
#607 = CARTESIAN_POINT ( 'NONE',  ( 18.00000000000000711, 0.000000000000000000, -6.299999999999999822 ) ) ;
#608 = DIRECTION ( 'NONE',  ( 0.000000000000000000, -1.000000000000000000, 0.000000000000000000 ) ) ;
#609 = CARTESIAN_POINT ( 'NONE',  ( -13.00000000000000000, -8.660254037844389075, 1.000000000000000888 ) ) ;
#610 = ORIENTED_EDGE ( 'NONE', *, *, #1268, .T. ) ;
#611 = DIRECTION ( 'NONE',  ( -0.000000000000000000, 0.000000000000000000, 1.000000000000000000 ) ) ;
#612 = CARTESIAN_POINT ( 'NONE',  ( -13.99999999999999822, 13.57387196049822720, 25.00000000000000000 ) ) ;
#613 =( NAMED_UNIT ( * ) SI_UNIT ( $, .STERADIAN. ) SOLID_ANGLE_UNIT ( ) );
#614 = FACE_OUTER_BOUND ( 'NONE', #680, .T. ) ;
#615 = DIRECTION ( 'NONE',  ( -0.000000000000000000, 0.000000000000000000, 1.000000000000000000 ) ) ;
#616 = ORIENTED_EDGE ( 'NONE', *, *, #554, .F. ) ;
#617 = ORIENTED_EDGE ( 'NONE', *, *, #1124, .F. ) ;
#618 = EDGE_CURVE ( 'NONE', #718, #1494, #126, .T. ) ;
#619 = AXIS2_PLACEMENT_3D ( 'NONE', #1033, #538, #1407 ) ;
#620 = DIRECTION ( 'NONE',  ( 0.000000000000000000, -0.000000000000000000, -1.000000000000000000 ) ) ;
#621 = VECTOR ( 'NONE', #1359, 1000.000000000000000 ) ;
#622 = AXIS2_PLACEMENT_3D ( 'NONE', #1580, #682, #1338 ) ;
#623 = CARTESIAN_POINT ( 'NONE',  ( 0.000000000000000000, 0.000000000000000000, -2.000000000000000000 ) ) ;
#624 = DIRECTION ( 'NONE',  ( 0.000000000000000000, 0.000000000000000000, 1.000000000000000000 ) ) ;
#625 = ORIENTED_EDGE ( 'NONE', *, *, #322, .F. ) ;
#626 = CIRCLE ( 'NONE', #648, 1.000000000000000888 ) ;
#627 = EDGE_CURVE ( 'NONE', #292, #173, #832, .T. ) ;
#628 =( NAMED_UNIT ( * ) PLANE_ANGLE_UNIT ( ) SI_UNIT ( $, .RADIAN. ) );
#629 = CARTESIAN_POINT ( 'NONE',  ( 13.53863285853552156, -14.47328271296685642, 19.95915176550350267 ) ) ;
#630 = FACE_OUTER_BOUND ( 'NONE', #1006, .T. ) ;
#631 = VERTEX_POINT ( 'NONE', #442 ) ;
#632 = ORIENTED_EDGE ( 'NONE', *, *, #1627, .T. ) ;
#633 = CARTESIAN_POINT ( 'NONE',  ( -13.28572392656544210, -14.27373601223893118, 20.00000000000000000 ) ) ;
#634 = CARTESIAN_POINT ( 'NONE',  ( 13.00000000000000178, 8.660254037844387298, 19.00000000000000000 ) ) ;
#635 = ORIENTED_EDGE ( 'NONE', *, *, #606, .T. ) ;
#636 = FACE_OUTER_BOUND ( 'NONE', #1489, .T. ) ;
#637 = CARTESIAN_POINT ( 'NONE',  ( 0.000000000000000000, 0.000000000000000000, -6.299999999999999822 ) ) ;
#638 = VERTEX_POINT ( 'NONE', #88 ) ;
#639 = DIRECTION ( 'NONE',  ( -0.000000000000000000, -0.000000000000000000, -1.000000000000000000 ) ) ;
#640 = CIRCLE ( 'NONE', #1590, 1.000000000000000000 ) ;
#641 = AXIS2_PLACEMENT_3D ( 'NONE', #902, #1295, #875 ) ;
#642 = CARTESIAN_POINT ( 'NONE',  ( 0.000000000000000000, 0.000000000000000000, 0.000000000000000000 ) ) ;
#643 = ORIENTED_EDGE ( 'NONE', *, *, #575, .F. ) ;
#644 = AXIS2_PLACEMENT_3D ( 'NONE', #1213, #212, #1462 ) ;
#645 = EDGE_CURVE ( 'NONE', #977, #227, #941, .T. ) ;
#646 = CIRCLE ( 'NONE', #598, 0.5000000000000004441 ) ;
#647 = CARTESIAN_POINT ( 'NONE',  ( 0.000000000000000000, 0.000000000000000000, 0.000000000000000000 ) ) ;
#648 = AXIS2_PLACEMENT_3D ( 'NONE', #876, #872, #1657 ) ;
#649 = DIRECTION ( 'NONE',  ( 0.000000000000000000, 1.734723475976805517E-15, 1.000000000000000000 ) ) ;
#650 = ORIENTED_EDGE ( 'NONE', *, *, #1166, .F. ) ;
#651 = ORIENTED_EDGE ( 'NONE', *, *, #487, .T. ) ;
#652 = B_SPLINE_CURVE_WITH_KNOTS ( 'NONE', 3,
 ( #136, #1552, #656, #394, #784, #634 ),
 .UNSPECIFIED., .F., .F.,
 ( 4, 2, 4 ),
 ( 0.000000000000000000, 0.0009044606030990597848, 0.001808921206198119570 ),
 .UNSPECIFIED. ) ;
#653 = UNCERTAINTY_MEASURE_WITH_UNIT (LENGTH_MEASURE( 1.000000000000000082E-05 ), #111, 'distance_accuracy_value', 'NONE');
#654 = CARTESIAN_POINT ( 'NONE',  ( 13.00000000000000178, -8.660254037844387298, 20.00000000000000000 ) ) ;
#655 = EDGE_CURVE ( 'NONE', #33, #1171, #1487, .T. ) ;
#656 = CARTESIAN_POINT ( 'NONE',  ( 13.00000000000000355, 9.673948381468687074, 19.66204403836499282 ) ) ;
#657 = ORIENTED_EDGE ( 'NONE', *, *, #1235, .F. ) ;
#658 = DIRECTION ( 'NONE',  ( 0.000000000000000000, 0.000000000000000000, 1.000000000000000000 ) ) ;
#659 = LINE ( 'NONE', #666, #470 ) ;
#660 = CARTESIAN_POINT ( 'NONE',  ( -13.99999999999999822, 0.000000000000000000, 1.000000000000000000 ) ) ;
#661 = ORIENTED_EDGE ( 'NONE', *, *, #627, .F. ) ;
#662 = CARTESIAN_POINT ( 'NONE',  ( 13.00000000000000178, -13.57387196049822542, 20.00000000000000000 ) ) ;
#663 = FACE_OUTER_BOUND ( 'NONE', #848, .T. ) ;
#664 = EDGE_LOOP ( 'NONE', ( #617, #749, #1586 ) ) ;
#665 = EDGE_CURVE ( 'NONE', #1231, #1229, #468, .T. ) ;
#666 = CARTESIAN_POINT ( 'NONE',  ( 12.57142857142857117, 9.897433186107869929, -2.500000000000000000 ) ) ;
#667 = CIRCLE ( 'NONE', #881, 1.000000000000000888 ) ;
#668 = ORIENTED_EDGE ( 'NONE', *, *, #107, .T. ) ;
#669 = CARTESIAN_POINT ( 'NONE',  ( 0.000000000000000000, 0.000000000000000000, 20.00000000000000000 ) ) ;
#670 = AXIS2_PLACEMENT_3D ( 'NONE', #1000, #27, #899 ) ;
#671 = ADVANCED_FACE ( 'NONE', ( #463 ), #713, .F. ) ;
#672 = DIRECTION ( 'NONE',  ( 1.000000000000000000, 0.000000000000000000, 0.000000000000000000 ) ) ;
#673 = TOROIDAL_SURFACE ( 'NONE', #1243, 19.50000000000000000, 1.000000000000000000 ) ;
#674 = VECTOR ( 'NONE', #711, 1000.000000000000000 ) ;
#675 = ORIENTED_EDGE ( 'NONE', *, *, #210, .T. ) ;
#676 = AXIS2_PLACEMENT_3D ( 'NONE', #1426, #552, #1046 ) ;
#677 = ORIENTED_EDGE ( 'NONE', *, *, #1024, .F. ) ;
#678 = DIRECTION ( 'NONE',  ( -0.000000000000000000, 0.000000000000000000, 1.000000000000000000 ) ) ;
#679 = DIRECTION ( 'NONE',  ( -0.000000000000000000, 0.000000000000000000, 1.000000000000000000 ) ) ;
#680 = EDGE_LOOP ( 'NONE', ( #677, #1259, #1060, #1209 ) ) ;
#681 = EDGE_CURVE ( 'NONE', #1614, #508, #1230, .T. ) ;
#682 = DIRECTION ( 'NONE',  ( 0.000000000000000000, 0.000000000000000000, 1.000000000000000000 ) ) ;
#683 = DIRECTION ( 'NONE',  ( -0.000000000000000000, 1.000000000000000000, -0.000000000000000000 ) ) ;
#684 = EDGE_LOOP ( 'NONE', ( #1441, #524, #213, #1503 ) ) ;
#685 = EDGE_CURVE ( 'NONE', #227, #1618, #185, .T. ) ;
#686 = FACE_OUTER_BOUND ( 'NONE', #1353, .T. ) ;
#687 = EDGE_LOOP ( 'NONE', ( #1341, #72, #241, #1270, #234, #1094 ) ) ;
#688 = EDGE_CURVE ( 'NONE', #1451, #1105, #174, .T. ) ;
#689 = DIRECTION ( 'NONE',  ( 0.000000000000000000, -1.000000000000000000, 0.000000000000000000 ) ) ;
#690 = CARTESIAN_POINT ( 'NONE',  ( -13.35714285714285943, 10.51602276023961302, 19.00000000000000000 ) ) ;
#691 = ORIENTED_EDGE ( 'NONE', *, *, #892, .T. ) ;
#692 = EDGE_CURVE ( 'NONE', #248, #1557, #1068, .T. ) ;
#693 = CARTESIAN_POINT ( 'NONE',  ( -11.00000000000000000, 8.660254037844389075, 19.00000000000000000 ) ) ;
#694 = CARTESIAN_POINT ( 'NONE',  ( 11.00000000000000178, 8.660254037844387298, -2.500000000000000000 ) ) ;
#695 = DIRECTION ( 'NONE',  ( 1.000000000000000000, 0.000000000000000000, 0.000000000000000000 ) ) ;
#696 = AXIS2_PLACEMENT_3D ( 'NONE', #1153, #1559, #1050 ) ;
#697 = CARTESIAN_POINT ( 'NONE',  ( 0.000000000000000000, 0.000000000000000000, 25.00000000000000000 ) ) ;
#698 = VERTEX_POINT ( 'NONE', #60 ) ;
#699 = AXIS2_PLACEMENT_3D ( 'NONE', #236, #155, #533 ) ;
#700 = ORIENTED_EDGE ( 'NONE', *, *, #1281, .F. ) ;
#701 = CARTESIAN_POINT ( 'NONE',  ( -14.71794871794871717, -14.26996795847249722, 19.00000000000000000 ) ) ;
#702 = CARTESIAN_POINT ( 'NONE',  ( 13.00000000000000178, -8.660254037844387298, 19.00000000000000000 ) ) ;
#703 = VERTEX_POINT ( 'NONE', #820 ) ;
#704 = DIRECTION ( 'NONE',  ( 1.000000000000000000, 0.000000000000000000, 0.000000000000000000 ) ) ;
#705 = DIRECTION ( 'NONE',  ( 0.6185895741317417595, -0.7857142857142859205, -0.000000000000000000 ) ) ;
#706 = ORIENTED_EDGE ( 'NONE', *, *, #575, .T. ) ;
#707 = EDGE_CURVE ( 'NONE', #901, #1641, #1052, .T. ) ;
#708 = DIRECTION ( 'NONE',  ( -0.000000000000000000, 0.000000000000000000, 1.000000000000000000 ) ) ;
#709 = CARTESIAN_POINT ( 'NONE',  ( -13.15445730752426989, 9.125006783398815102, 0.3576237789592334182 ) ) ;
#710 = CARTESIAN_POINT ( 'NONE',  ( -13.00000000000000000, -8.660254037844389075, 19.00000000000000000 ) ) ;
#711 = DIRECTION ( 'NONE',  ( -0.000000000000000000, -0.000000000000000000, -1.000000000000000000 ) ) ;
#712 = EDGE_LOOP ( 'NONE', ( #1427, #495 ) ) ;
#713 = PLANE ( 'NONE',  #802 ) ;
#714 = EDGE_LOOP ( 'NONE', ( #29, #1453, #1334, #1302, #426 ) ) ;
#715 = CARTESIAN_POINT ( 'NONE',  ( 14.00000000000000178, -13.57387196049822542, 24.00000000000000000 ) ) ;
#716 = EDGE_CURVE ( 'NONE', #638, #1447, #594, .T. ) ;
#717 = DIRECTION ( 'NONE',  ( -0.000000000000000000, 0.000000000000000000, 1.000000000000000000 ) ) ;
#718 = VERTEX_POINT ( 'NONE', #1036 ) ;
#719 = DIRECTION ( 'NONE',  ( -0.000000000000000000, 0.000000000000000000, 1.000000000000000000 ) ) ;
#720 = ORIENTED_EDGE ( 'NONE', *, *, #1151, .F. ) ;
#721 = CIRCLE ( 'NONE', #491, 20.50000000000000000 ) ;
#722 = EDGE_CURVE ( 'NONE', #631, #115, #573, .T. ) ;
#723 = VECTOR ( 'NONE', #976, 1000.000000000000000 ) ;
#724 = CARTESIAN_POINT ( 'NONE',  ( 17.50000000000000355, 0.000000000000000000, -6.299999999999999822 ) ) ;
#725 = AXIS2_PLACEMENT_3D ( 'NONE', #669, #1357, #704 ) ;
#726 = VECTOR ( 'NONE', #208, 1000.000000000000000 ) ;
#727 = CIRCLE ( 'NONE', #1215, 2.000000000000000000 ) ;
#728 = CARTESIAN_POINT ( 'NONE',  ( -13.00000000000000000, 0.000000000000000000, 20.00000000000000000 ) ) ;
#729 = STYLED_ITEM ( 'NONE', ( #863 ), #124 ) ;
#730 = CIRCLE ( 'NONE', #1109, 1.000000000000000888 ) ;
#731 = DIRECTION ( 'NONE',  ( 1.000000000000000000, 0.000000000000000000, 0.000000000000000000 ) ) ;
#732 = CARTESIAN_POINT ( 'NONE',  ( 11.00000000000000178, -8.660254037844387298, -2.500000000000000000 ) ) ;
#733 = ORIENTED_EDGE ( 'NONE', *, *, #824, .F. ) ;
#734 = ORIENTED_EDGE ( 'NONE', *, *, #1428, .F. ) ;
#735 = DIRECTION ( 'NONE',  ( 0.000000000000000000, -1.000000000000000000, 0.000000000000000000 ) ) ;
#736 = EDGE_CURVE ( 'NONE', #977, #807, #778, .T. ) ;
#737 = CARTESIAN_POINT ( 'NONE',  ( 13.45362404707370807, 8.660254037844390851, 0.1624599603219643029 ) ) ;
#738 = CARTESIAN_POINT ( 'NONE',  ( -13.45362404707370629, -8.660254037844390851, 0.1624599603219641086 ) ) ;
#739 = CARTESIAN_POINT ( 'NONE',  ( 0.000000000000000000, 0.000000000000000000, -6.299999999999999822 ) ) ;
#740 = CARTESIAN_POINT ( 'NONE',  ( 13.00000000000000178, 15.85086748414736491, 24.00000000000000000 ) ) ;
#741 = ORIENTED_EDGE ( 'NONE', *, *, #204, .T. ) ;
#742 = EDGE_CURVE ( 'NONE', #1447, #638, #1135, .T. ) ;
#743 = EDGE_LOOP ( 'NONE', ( #1239, #285, #137, #165 ) ) ;
#744 = DIRECTION ( 'NONE',  ( 0.000000000000000000, 0.000000000000000000, 1.000000000000000000 ) ) ;
#745 = CARTESIAN_POINT ( 'NONE',  ( -11.00000000000000000, 8.660254037844389075, 1.000000000000000000 ) ) ;
#746 = EDGE_CURVE ( 'NONE', #925, #1573, #451, .T. ) ;
#747 = DIRECTION ( 'NONE',  ( 0.000000000000000000, 0.000000000000000000, 1.000000000000000000 ) ) ;
#748 = CARTESIAN_POINT ( 'NONE',  ( -14.71794871794871717, -14.26996795847249722, 24.00000000000000000 ) ) ;
#749 = ORIENTED_EDGE ( 'NONE', *, *, #84, .F. ) ;
#750 = ORIENTED_EDGE ( 'NONE', *, *, #1536, .T. ) ;
#751 = AXIS2_PLACEMENT_3D ( 'NONE', #377, #481, #1364 ) ;
#752 = DIRECTION ( 'NONE',  ( 0.000000000000000000, 0.000000000000000000, 1.000000000000000000 ) ) ;
#753 = CIRCLE ( 'NONE', #11, 0.5000000000000000000 ) ;
#754 = VECTOR ( 'NONE', #744, 1000.000000000000000 ) ;
#755 = CIRCLE ( 'NONE', #127, 0.5000000000000004441 ) ;
#756 = CARTESIAN_POINT ( 'NONE',  ( 14.54409633386960543, -14.42126498763714615, 19.22396833039159603 ) ) ;
#757 = DIRECTION ( 'NONE',  ( 0.000000000000000000, -1.000000000000000000, 1.734723475976805714E-15 ) ) ;
#758 = EDGE_LOOP ( 'NONE', ( #296, #1342, #545, #1031, #1206, #675, #867, #934, #392, #1579, #610, #82 ) ) ;
#759 = AXIS2_PLACEMENT_3D ( 'NONE', #254, #231, #103 ) ;
#760 = EDGE_CURVE ( 'NONE', #344, #168, #1269, .T. ) ;
#761 = DIRECTION ( 'NONE',  ( 0.000000000000000000, -0.000000000000000000, 1.000000000000000000 ) ) ;
#762 = SPHERICAL_SURFACE ( 'NONE', #564, 1.000000000000000000 ) ;
#763 = ORIENTED_EDGE ( 'NONE', *, *, #204, .F. ) ;
#764 = ORIENTED_EDGE ( 'NONE', *, *, #101, .T. ) ;
#765 = CARTESIAN_POINT ( 'NONE',  ( 13.00000000000000178, -10.70832880262943299, 20.00000000000000000 ) ) ;
#766 = EDGE_CURVE ( 'NONE', #251, #638, #147, .T. ) ;
#767 = DIRECTION ( 'NONE',  ( -0.000000000000000000, 0.000000000000000000, 1.000000000000000000 ) ) ;
#768 = ORIENTED_EDGE ( 'NONE', *, *, #692, .T. ) ;
#769 = PLANE ( 'NONE',  #725 ) ;
#770 = CARTESIAN_POINT ( 'NONE',  ( -14.63806402931592565, 14.35236048759857930, 19.11192700848809523 ) ) ;
#771 = ORIENTED_EDGE ( 'NONE', *, *, #222, .T. ) ;
#772 = EDGE_CURVE ( 'NONE', #396, #1363, #359, .T. ) ;
#773 = VERTEX_POINT ( 'NONE', #466 ) ;
#774 = CARTESIAN_POINT ( 'NONE',  ( 14.71794871794872073, 14.26996795847249366, 19.00000000000000000 ) ) ;
#775 = CIRCLE ( 'NONE', #1425, 0.5000000000000004441 ) ;
#776 = DIRECTION ( 'NONE',  ( 1.000000000000000000, 0.000000000000000000, 0.000000000000000000 ) ) ;
#777 = ORIENTED_EDGE ( 'NONE', *, *, #880, .T. ) ;
#778 = CIRCLE ( 'NONE', #223, 16.00000000000000000 ) ;
#779 = TOROIDAL_SURFACE ( 'NONE', #415, 20.00000000000000000, 0.5000000000000000000 ) ;
#780 = CARTESIAN_POINT ( 'NONE',  ( 13.54645751893191630, -8.516038103310989982, 0.1018993014310398265 ) ) ;
#781 = VECTOR ( 'NONE', #1413, 1000.000000000000000 ) ;
#782 = CARTESIAN_POINT ( 'NONE',  ( -13.39985925698459290, 14.39022168606255647, 19.99999999999999645 ) ) ;
#783 = CARTESIAN_POINT ( 'NONE',  ( 11.00000000000000178, 8.660254037844387298, 1.000000000000000000 ) ) ;
#784 = CARTESIAN_POINT ( 'NONE',  ( 13.00000000000000178, 8.906417444785699189, 19.17406294401283517 ) ) ;
#785 = ORIENTED_EDGE ( 'NONE', *, *, #742, .T. ) ;
#786 = CARTESIAN_POINT ( 'NONE',  ( -13.00000000000000000, 0.000000000000000000, 25.00000000000000000 ) ) ;
#787 = EDGE_CURVE ( 'NONE', #1494, #1192, #413, .T. ) ;
#788 = FACE_OUTER_BOUND ( 'NONE', #1087, .T. ) ;
#789 = ORIENTED_EDGE ( 'NONE', *, *, #922, .F. ) ;
#790 = DIRECTION ( 'NONE',  ( 0.000000000000000000, -1.000000000000000000, 0.000000000000000000 ) ) ;
#791 = DIRECTION ( 'NONE',  ( 0.000000000000000000, -0.000000000000000000, -1.000000000000000000 ) ) ;
#792 = ORIENTED_EDGE ( 'NONE', *, *, #1172, .F. ) ;
#793 = EDGE_CURVE ( 'NONE', #188, #1363, #592, .T. ) ;
#794 = PRODUCT_DEFINITION_SHAPE ( 'NONE', 'NONE',  #1408 ) ;
#795 = CARTESIAN_POINT ( 'NONE',  ( 13.35714285714285943, -10.51602276023961124, 19.00000000000000000 ) ) ;
#796 = CARTESIAN_POINT ( 'NONE',  ( -13.99999999999999822, -7.745966692414835819, 0.000000000000000000 ) ) ;
#797 = ORIENTED_EDGE ( 'NONE', *, *, #1061, .T. ) ;
#798 = CARTESIAN_POINT ( 'NONE',  ( 13.00000000000000178, -10.46831458648151525, 19.96442329559784667 ) ) ;
#799 = CIRCLE ( 'NONE', #1371, 16.00000000000000000 ) ;
#800 = FACE_OUTER_BOUND ( 'NONE', #560, .T. ) ;
#801 = ORIENTED_EDGE ( 'NONE', *, *, #107, .F. ) ;
#802 = AXIS2_PLACEMENT_3D ( 'NONE', #1205, #968, #1351 ) ;
#803 = CARTESIAN_POINT ( 'NONE',  ( 0.000000000000000000, 0.000000000000000000, 24.00000000000000000 ) ) ;
#804 = CIRCLE ( 'NONE', #224, 20.50000000000000000 ) ;
#805 = CARTESIAN_POINT ( 'NONE',  ( -13.00000000000000000, -8.660254037844389075, 25.00000000000000000 ) ) ;
#806 = TOROIDAL_SURFACE ( 'NONE', #1162, 20.00000000000000000, 0.5000000000000000000 ) ;
#807 = VERTEX_POINT ( 'NONE', #83 ) ;
#808 = AXIS2_PLACEMENT_3D ( 'NONE', #1314, #1038, #672 ) ;
#809 = EDGE_CURVE ( 'NONE', #292, #1419, #1435, .T. ) ;
#810 = CARTESIAN_POINT ( 'NONE',  ( -16.00000000000000000, 1.959434878635765131E-15, 0.000000000000000000 ) ) ;
#811 = DIRECTION ( 'NONE',  ( 0.000000000000000000, -0.000000000000000000, -1.000000000000000000 ) ) ;
#812 = B_SPLINE_CURVE_WITH_KNOTS ( 'NONE', 3,
 ( #1048, #798, #765, #159 ),
 .UNSPECIFIED., .F., .F.,
 ( 4, 4 ),
 ( 8.915791912987304198E-05, 0.0008168773150247186920 ),
 .UNSPECIFIED. ) ;
#813 = CARTESIAN_POINT ( 'NONE',  ( -14.71794871794871895, 14.26996795847249722, -6.299999999999999822 ) ) ;
#814 = CARTESIAN_POINT ( 'NONE',  ( -13.00000000000000000, -9.942797716765623406, 19.79853198211389298 ) ) ;
#815 = ORIENTED_EDGE ( 'NONE', *, *, #1502, .F. ) ;
#816 = EDGE_CURVE ( 'NONE', #1192, #718, #906, .T. ) ;
#817 = CARTESIAN_POINT ( 'NONE',  ( 14.00000000000000178, 8.660254037844387298, 1.000000000000000888 ) ) ;
#818 = VERTEX_POINT ( 'NONE', #578 ) ;
#819 = DIRECTION ( 'NONE',  ( -0.000000000000000000, -0.000000000000000000, -1.000000000000000000 ) ) ;
#820 = CARTESIAN_POINT ( 'NONE',  ( -20.00000000000000000, 2.479909768273390300E-15, -6.299999999999999822 ) ) ;
#821 = PRODUCT ( 'White_Calibration_Mount', 'White_Calibration_Mount', '', ( #506 ) ) ;
#822 = VERTEX_POINT ( 'NONE', #1232 ) ;
#823 = DIRECTION ( 'NONE',  ( 0.000000000000000000, -1.000000000000000000, 0.000000000000000000 ) ) ;
#824 = EDGE_CURVE ( 'NONE', #476, #1149, #1001, .T. ) ;
#825 = CYLINDRICAL_SURFACE ( 'NONE', #966, 1.000000000000000888 ) ;
#826 = DIRECTION ( 'NONE',  ( -1.000000000000000000, 1.224646799147349509E-16, 0.000000000000000000 ) ) ;
#827 = CARTESIAN_POINT ( 'NONE',  ( 14.00000000000000178, 13.57387196049822720, 24.00000000000000000 ) ) ;
#828 = AXIS2_PLACEMENT_3D ( 'NONE', #1005, #1521, #373 ) ;
#829 = AXIS2_PLACEMENT_3D ( 'NONE', #117, #984, #1388 ) ;
#830 = DIRECTION ( 'NONE',  ( 0.000000000000000000, -1.000000000000000000, 0.000000000000000000 ) ) ;
#831 = B_SPLINE_CURVE_WITH_KNOTS ( 'NONE', 3,
 ( #1584, #1454, #304, #175, #1532, #1390 ),
 .UNSPECIFIED., .F., .F.,
 ( 4, 2, 4 ),
 ( 0.000000000000000000, 0.0005388072954298632781, 0.001077614590859726556 ),
 .UNSPECIFIED. ) ;
#832 = CIRCLE ( 'NONE', #860, 19.50000000000000000 ) ;
#833 = EDGE_LOOP ( 'NONE', ( #1181, #378, #1640, #1097 ) ) ;
#834 = AXIS2_PLACEMENT_3D ( 'NONE', #964, #192, #695 ) ;
#835 = DIRECTION ( 'NONE',  ( 1.000000000000000000, 0.000000000000000000, 0.000000000000000000 ) ) ;
#836 = AXIS2_PLACEMENT_3D ( 'NONE', #1041, #790, #408 ) ;
#837 = CARTESIAN_POINT ( 'NONE',  ( -13.00000000000000000, -13.57387196049822897, 20.00000000000000000 ) ) ;
#838 = DIRECTION ( 'NONE',  ( 1.000000000000000000, 4.336808689942017736E-15, 0.000000000000000000 ) ) ;
#839 = VERTEX_POINT ( 'NONE', #1607 ) ;
#840 = CARTESIAN_POINT ( 'NONE',  ( 14.00000000000000178, 0.000000000000000000, 0.000000000000000000 ) ) ;
#841 = EDGE_CURVE ( 'NONE', #1451, #1231, #1626, .T. ) ;
#842 = EDGE_LOOP ( 'NONE', ( #1328, #205, #178, #80, #243, #797, #1527, #789 ) ) ;
#843 = CARTESIAN_POINT ( 'NONE',  ( -13.00000000000000178, 9.156323363680403560, 19.35082113243508317 ) ) ;
#844 = CYLINDRICAL_SURFACE ( 'NONE', #39, 20.50000000000000000 ) ;
#845 = CARTESIAN_POINT ( 'NONE',  ( 0.000000000000000000, 0.000000000000000000, 19.00000000000000000 ) ) ;
#846 = ADVANCED_FACE ( 'NONE', ( #1478 ), #275, .T. ) ;
#847 = ORIENTED_EDGE ( 'NONE', *, *, #1216, .F. ) ;
#848 = EDGE_LOOP ( 'NONE', ( #465, #1583, #553, #661 ) ) ;
#849 = ORIENTED_EDGE ( 'NONE', *, *, #1627, .F. ) ;
#850 = CARTESIAN_POINT ( 'NONE',  ( -14.54409633386960010, -14.42126498763714970, 19.22396833039159603 ) ) ;
#851 = ADVANCED_FACE ( 'NONE', ( #1117 ), #353, .T. ) ;
#852 = DIRECTION ( 'NONE',  ( 1.000000000000000000, 8.881784197001252323E-16, 0.000000000000000000 ) ) ;
#853 = CARTESIAN_POINT ( 'NONE',  ( -12.57142857142856940, -9.897433186107871705, -2.500000000000000000 ) ) ;
#854 = CARTESIAN_POINT ( 'NONE',  ( 13.00000000000000178, -13.57387196049822542, 24.00000000000000000 ) ) ;
#855 = DIRECTION ( 'NONE',  ( 1.000000000000000000, 0.000000000000000000, 0.000000000000000000 ) ) ;
#856 = ORIENTED_EDGE ( 'NONE', *, *, #1045, .T. ) ;
#857 = ADVANCED_FACE ( 'NONE', ( #1505 ), #1429, .T. ) ;
#858 = AXIS2_PLACEMENT_3D ( 'NONE', #845, #615, #1639 ) ;
#859 = DIRECTION ( 'NONE',  ( 1.000000000000000000, 0.000000000000000000, 0.000000000000000000 ) ) ;
#860 = AXIS2_PLACEMENT_3D ( 'NONE', #1063, #1340, #565 ) ;
#861 = CIRCLE ( 'NONE', #149, 20.50000000000000000 ) ;
#862 = CARTESIAN_POINT ( 'NONE',  ( 0.000000000000000000, 0.000000000000000000, -6.299999999999999822 ) ) ;
#863 = PRESENTATION_STYLE_ASSIGNMENT (( #1645 ) ) ;
#864 = EDGE_CURVE ( 'NONE', #1614, #1534, #1650, .T. ) ;
#865 = CARTESIAN_POINT ( 'NONE',  ( 0.000000000000000000, 0.000000000000000000, 24.00000000000000000 ) ) ;
#866 = CARTESIAN_POINT ( 'NONE',  ( 19.50000000000000000, 0.000000000000000000, 24.00000000000000000 ) ) ;
#867 = ORIENTED_EDGE ( 'NONE', *, *, #1442, .T. ) ;
#868 = ORIENTED_EDGE ( 'NONE', *, *, #990, .T. ) ;
#869 = CARTESIAN_POINT ( 'NONE',  ( 13.91215164632286694, -7.904743124113702279, 8.665147050411492469E-16 ) ) ;
#870 = EDGE_CURVE ( 'NONE', #1360, #839, #301, .T. ) ;
#871 = CARTESIAN_POINT ( 'NONE',  ( 13.00000000000000178, 10.46831458648151525, 19.96442329559784667 ) ) ;
#872 = DIRECTION ( 'NONE',  ( -1.000000000000000000, 0.000000000000000000, 0.000000000000000000 ) ) ;
#873 = CYLINDRICAL_SURFACE ( 'NONE', #1403, 2.000000000000000000 ) ;
#874 = ORIENTED_EDGE ( 'NONE', *, *, #1530, .F. ) ;
#875 = DIRECTION ( 'NONE',  ( 1.000000000000000000, 0.000000000000000000, 0.000000000000000000 ) ) ;
#876 = CARTESIAN_POINT ( 'NONE',  ( -13.99999999999999822, -13.57387196049822897, 24.00000000000000000 ) ) ;
#877 = CARTESIAN_POINT ( 'NONE',  ( 13.95657649196665773, -14.58121095364306541, 19.74049763523407108 ) ) ;
#878 = DIRECTION ( 'NONE',  ( -0.000000000000000000, -0.000000000000000000, -1.000000000000000000 ) ) ;
#879 = VERTEX_POINT ( 'NONE', #290 ) ;
#880 = EDGE_CURVE ( 'NONE', #1477, #344, #328, .T. ) ;
#881 = AXIS2_PLACEMENT_3D ( 'NONE', #65, #791, #1329 ) ;
#882 =( GEOMETRIC_REPRESENTATION_CONTEXT ( 3 ) GLOBAL_UNCERTAINTY_ASSIGNED_CONTEXT ( ( #110 ) ) GLOBAL_UNIT_ASSIGNED_CONTEXT ( ( #1369, #221, #93 ) ) REPRESENTATION_CONTEXT ( 'NONE', 'WORKASPACE' ) );
#883 = CARTESIAN_POINT ( 'NONE',  ( 13.28572392656544565, -14.27373601223892763, 20.00000000000000000 ) ) ;
#884 = AXIS2_PLACEMENT_3D ( 'NONE', #412, #1424, #1555 ) ;
#885 = CIRCLE ( 'NONE', #69, 2.000000000000000000 ) ;
#886 = VECTOR ( 'NONE', #819, 1000.000000000000000 ) ;
#887 = CARTESIAN_POINT ( 'NONE',  ( -11.00000000000000000, -8.660254037844389075, 19.00000000000000000 ) ) ;
#888 = CARTESIAN_POINT ( 'NONE',  ( 16.00000000000000000, 0.000000000000000000, -2.000000000000000000 ) ) ;
#889 = ORIENTED_EDGE ( 'NONE', *, *, #1333, .F. ) ;
#890 = AXIS2_PLACEMENT_3D ( 'NONE', #1289, #1539, #391 ) ;
#891 = ORIENTED_EDGE ( 'NONE', *, *, #627, .T. ) ;
#892 = EDGE_CURVE ( 'NONE', #1633, #925, #1376, .T. ) ;
#893 = CARTESIAN_POINT ( 'NONE',  ( 14.00000000000000178, 13.57387196049822542, 24.00000000000000000 ) ) ;
#894 = ORIENTED_EDGE ( 'NONE', *, *, #1263, .T. ) ;
#895 = DIRECTION ( 'NONE',  ( 1.000000000000000000, 0.000000000000000000, 0.000000000000000000 ) ) ;
#896 = CARTESIAN_POINT ( 'NONE',  ( -13.00000000000000000, 10.46831458648151880, 19.96442329559784667 ) ) ;
#897 = ORIENTED_EDGE ( 'NONE', *, *, #258, .F. ) ;
#898 = ADVANCED_FACE ( 'NONE', ( #636 ), #1287, .F. ) ;
#899 = DIRECTION ( 'NONE',  ( 1.000000000000000000, 0.000000000000000000, 0.000000000000000000 ) ) ;
#900 = DIRECTION ( 'NONE',  ( -0.000000000000000000, 0.000000000000000000, 1.000000000000000000 ) ) ;
#901 = VERTEX_POINT ( 'NONE', #541 ) ;
#902 = CARTESIAN_POINT ( 'NONE',  ( 0.000000000000000000, 0.000000000000000000, 0.000000000000000000 ) ) ;
#903 = DIRECTION ( 'NONE',  ( 1.000000000000000000, 0.000000000000000000, 0.000000000000000000 ) ) ;
#904 = CARTESIAN_POINT ( 'NONE',  ( -13.00000000000000000, 10.95445115010332415, 20.00000000000000000 ) ) ;
#905 = ORIENTED_EDGE ( 'NONE', *, *, #1642, .T. ) ;
#906 = B_SPLINE_CURVE_WITH_KNOTS ( 'NONE', 3,
 ( #338, #1218, #843, #1367, #75, #1361 ),
 .UNSPECIFIED., .F., .F.,
 ( 4, 2, 4 ),
 ( -8.944271910028262127E-06, 0.0009013242987136385739, 0.001811592869337305374 ),
 .UNSPECIFIED. ) ;
#907 = CARTESIAN_POINT ( 'NONE',  ( -13.63989471133561970, 8.365696672884940455, 0.06228904866945587232 ) ) ;
#908 = DIRECTION ( 'NONE',  ( -0.000000000000000000, 0.000000000000000000, 1.000000000000000000 ) ) ;
#909 = ORIENTED_EDGE ( 'NONE', *, *, #537, .F. ) ;
#910 = ORIENTED_EDGE ( 'NONE', *, *, #532, .F. ) ;
#911 = CARTESIAN_POINT ( 'NONE',  ( 0.000000000000000000, 0.000000000000000000, -2.500000000000000000 ) ) ;
#912 = TOROIDAL_SURFACE ( 'NONE', #696, 18.00000000000000711, 0.5000000000000000000 ) ;
#913 = AXIS2_PLACEMENT_3D ( 'NONE', #1233, #237, #852 ) ;
#914 = EDGE_CURVE ( 'NONE', #215, #1614, #978, .T. ) ;
#915 = CARTESIAN_POINT ( 'NONE',  ( 0.000000000000000000, 0.000000000000000000, -6.299999999999999822 ) ) ;
#916 = ORIENTED_EDGE ( 'NONE', *, *, #736, .F. ) ;
#917 = AXIS2_PLACEMENT_3D ( 'NONE', #637, #908, #1158 ) ;
#918 = AXIS2_PLACEMENT_3D ( 'NONE', #439, #574, #551 ) ;
#919 = DIRECTION ( 'NONE',  ( 1.000000000000000000, 0.000000000000000000, 0.000000000000000000 ) ) ;
#920 = TOROIDAL_SURFACE ( 'NONE', #517, 19.50000000000000000, 1.000000000000000000 ) ;
#921 = EDGE_LOOP ( 'NONE', ( #410, #1305, #1251, #847 ) ) ;
#922 = EDGE_CURVE ( 'NONE', #638, #1622, #116, .T. ) ;
#923 = FACE_OUTER_BOUND ( 'NONE', #687, .T. ) ;
#924 = CARTESIAN_POINT ( 'NONE',  ( -13.35714285714285765, -10.51602276023961302, 19.00000000000000000 ) ) ;
#925 = VERTEX_POINT ( 'NONE', #1173 ) ;
#926 = CARTESIAN_POINT ( 'NONE',  ( -13.99999999999999822, -13.57387196049822897, -6.299999999999999822 ) ) ;
#927 = CARTESIAN_POINT ( 'NONE',  ( -14.54409525675810855, 14.42126566582825475, 19.22396953856578605 ) ) ;
#928 = ORIENTED_EDGE ( 'NONE', *, *, #156, .F. ) ;
#929 = CARTESIAN_POINT ( 'NONE',  ( 13.00000000000000178, -13.57387196049822542, 25.00000000000000000 ) ) ;
#930 = CARTESIAN_POINT ( 'NONE',  ( 13.00000000000000178, -10.23484568108891679, 19.89072354283027622 ) ) ;
#931 = ORIENTED_EDGE ( 'NONE', *, *, #809, .F. ) ;
#932 = CARTESIAN_POINT ( 'NONE',  ( -18.00000000000000711, 2.204364238465236217E-15, -5.799999999999999822 ) ) ;
#933 = CARTESIAN_POINT ( 'NONE',  ( -13.00000000000000000, -8.906417444785702742, 19.17406294401283517 ) ) ;
#934 = ORIENTED_EDGE ( 'NONE', *, *, #182, .T. ) ;
#935 = ADVANCED_FACE ( 'NONE', ( #1126 ), #397, .T. ) ;
#936 = DIRECTION ( 'NONE',  ( -0.000000000000000000, 0.000000000000000000, 1.000000000000000000 ) ) ;
#937 = AXIS2_PLACEMENT_3D ( 'NONE', #160, #767, #247 ) ;
#938 = DIRECTION ( 'NONE',  ( -0.000000000000000000, 0.000000000000000000, 1.000000000000000000 ) ) ;
#939 = ORIENTED_EDGE ( 'NONE', *, *, #222, .F. ) ;
#940 = VECTOR ( 'NONE', #830, 1000.000000000000000 ) ;
#941 = LINE ( 'NONE', #840, #1293 ) ;
#942 = VECTOR ( 'NONE', #31, 1000.000000000000000 ) ;
#943 = CIRCLE ( 'NONE', #599, 1.000000000000000000 ) ;
#944 = ORIENTED_EDGE ( 'NONE', *, *, #189, .T. ) ;
#945 = DIRECTION ( 'NONE',  ( 0.000000000000000000, 0.000000000000000000, 1.000000000000000000 ) ) ;
#946 = ORIENTED_EDGE ( 'NONE', *, *, #1395, .T. ) ;
#947 = CARTESIAN_POINT ( 'NONE',  ( -17.50000000000000355, 2.143131898507868643E-15, -5.799999999999999822 ) ) ;
#948 = ADVANCED_FACE ( 'NONE', ( #1260 ), #423, .T. ) ;
#949 = CARTESIAN_POINT ( 'NONE',  ( 14.71794871794872073, 14.26996795847249366, 19.00000000000000000 ) ) ;
#950 = ORIENTED_EDGE ( 'NONE', *, *, #279, .T. ) ;
#951 = EDGE_LOOP ( 'NONE', ( #289, #1074 ) ) ;
#952 = DIRECTION ( 'NONE',  ( 0.000000000000000000, 0.000000000000000000, -1.000000000000000000 ) ) ;
#953 = DIRECTION ( 'NONE',  ( 1.000000000000000000, 0.000000000000000000, 0.000000000000000000 ) ) ;
#954 = CARTESIAN_POINT ( 'NONE',  ( -16.50000000000000000, 2.020667218593133100E-15, -2.000000000000000000 ) ) ;
#955 = DIRECTION ( 'NONE',  ( -0.000000000000000000, 0.000000000000000000, 1.000000000000000000 ) ) ;
#956 = CARTESIAN_POINT ( 'NONE',  ( 14.21345946601377364, 14.55929191144050527, 19.54699236089232173 ) ) ;
#957 = EDGE_CURVE ( 'NONE', #1360, #807, #1179, .T. ) ;
#958 = VERTEX_POINT ( 'NONE', #662 ) ;
#959 = CARTESIAN_POINT ( 'NONE',  ( -13.00000000000000000, 0.000000000000000000, 24.00000000000000000 ) ) ;
#960 = DIRECTION ( 'NONE',  ( 0.000000000000000000, 1.000000000000000000, 0.000000000000000000 ) ) ;
#961 = EDGE_LOOP ( 'NONE', ( #482, #1039 ) ) ;
#962 = CIRCLE ( 'NONE', #858, 16.00000000000000000 ) ;
#963 = EDGE_CURVE ( 'NONE', #1123, #1582, #1455, .T. ) ;
#964 = CARTESIAN_POINT ( 'NONE',  ( 0.000000000000000000, 0.000000000000000000, 24.00000000000000000 ) ) ;
#965 = EDGE_LOOP ( 'NONE', ( #1224, #763, #874 ) ) ;
#966 = AXIS2_PLACEMENT_3D ( 'NONE', #1059, #945, #1320 ) ;
#967 = VECTOR ( 'NONE', #1362, 1000.000000000000000 ) ;
#968 = DIRECTION ( 'NONE',  ( 1.000000000000000000, 0.000000000000000000, -0.000000000000000000 ) ) ;
#969 = ORIENTED_EDGE ( 'NONE', *, *, #1040, .F. ) ;
#970 = AXIS2_PLACEMENT_3D ( 'NONE', #926, #1037, #169 ) ;
#971 = ORIENTED_EDGE ( 'NONE', *, *, #746, .F. ) ;
#972 = VECTOR ( 'NONE', #134, 1000.000000000000000 ) ;
#973 = DIRECTION ( 'NONE',  ( 0.6960959979742675774, 0.7179487179487185067, 1.245442495573092187E-15 ) ) ;
#974 = TOROIDAL_SURFACE ( 'NONE', #1624, 16.50000000000000000, 0.5000000000000000000 ) ;
#975 = ADVANCED_FACE ( 'NONE', ( #1547 ), #388, .T. ) ;
#976 = DIRECTION ( 'NONE',  ( 0.000000000000000000, -1.000000000000000000, 0.000000000000000000 ) ) ;
#977 = VERTEX_POINT ( 'NONE', #1156 ) ;
#978 = B_SPLINE_CURVE_WITH_KNOTS ( 'NONE', 3,
 ( #525, #20, #907, #516, #490, #1416 ),
 .UNSPECIFIED., .F., .F.,
 ( 4, 2, 4 ),
 ( 0.0003221974505742176715, 0.0008667538418373371993, 0.001411310233100456727 ),
 .UNSPECIFIED. ) ;
#979 = FACE_OUTER_BOUND ( 'NONE', #714, .T. ) ;
#980 = EDGE_LOOP ( 'NONE', ( #1185, #1071, #1007, #51, #128, #4, #1150, #1529, #894, #267, #352, #211 ) ) ;
#981 = EDGE_CURVE ( 'NONE', #444, #977, #1476, .T. ) ;
#982 = ORIENTED_EDGE ( 'NONE', *, *, #1469, .T. ) ;
#983 = CARTESIAN_POINT ( 'NONE',  ( -14.21346039561391450, -14.55929172266272253, 19.54699158736770670 ) ) ;
#984 = DIRECTION ( 'NONE',  ( 0.000000000000000000, 0.000000000000000000, 1.000000000000000000 ) ) ;
#985 = CARTESIAN_POINT ( 'NONE',  ( -13.00000000000000000, -10.70832880262943476, 20.00000000000000000 ) ) ;
#986 = ADVANCED_FACE ( 'NONE', ( #1387 ), #769, .T. ) ;
#987 = CARTESIAN_POINT ( 'NONE',  ( 14.33039506831769927, -14.52516311561601903, 19.44276102198923439 ) ) ;
#988 = CARTESIAN_POINT ( 'NONE',  ( 12.87112569433523568, -9.516766714019725626, 0.6795452197836701069 ) ) ;
#989 = EDGE_LOOP ( 'NONE', ( #1016, #498, #632, #868, #891, #509 ) ) ;
#990 = EDGE_CURVE ( 'NONE', #2, #292, #277, .T. ) ;
#991 = LINE ( 'NONE', #1506, #723 ) ;
#992 = SURFACE_STYLE_FILL_AREA ( #479 ) ;
#993 = DIRECTION ( 'NONE',  ( 1.000000000000000000, 0.000000000000000000, 0.000000000000000000 ) ) ;
#994 = B_SPLINE_CURVE_WITH_KNOTS ( 'NONE', 3,
 ( #369, #1002, #871, #207 ),
 .UNSPECIFIED., .F., .F.,
 ( 4, 4 ),
 ( 0.000000000000000000, 0.0007277193958948466801 ),
 .UNSPECIFIED. ) ;
#995 = DIRECTION ( 'NONE',  ( 1.000000000000000000, 0.000000000000000000, 0.000000000000000000 ) ) ;
#996 = EDGE_LOOP ( 'NONE', ( #521, #1168, #1439 ) ) ;
#997 = EDGE_CURVE ( 'NONE', #1027, #1149, #1023, .T. ) ;
#998 = CIRCLE ( 'NONE', #325, 1.000000000000000888 ) ;
#999 = VERTEX_POINT ( 'NONE', #1204 ) ;
#1000 = CARTESIAN_POINT ( 'NONE',  ( 0.000000000000000000, 0.000000000000000000, -2.000000000000000000 ) ) ;
#1001 = CIRCLE ( 'NONE', #95, 0.9999999999999991118 ) ;
#1002 = CARTESIAN_POINT ( 'NONE',  ( 13.00000000000000178, 10.70832880262943299, 20.00000000000000000 ) ) ;
#1003 = CIRCLE ( 'NONE', #417, 2.000000000000000000 ) ;
#1004 = CARTESIAN_POINT ( 'NONE',  ( 13.45362404707370807, -8.660254037844390851, 0.1624599603219643029 ) ) ;
#1005 = CARTESIAN_POINT ( 'NONE',  ( 0.000000000000000000, 0.000000000000000000, -2.500000000000000000 ) ) ;
#1006 = EDGE_LOOP ( 'NONE', ( #583, #1434, #1214, #585, #1266, #433 ) ) ;
#1007 = ORIENTED_EDGE ( 'NONE', *, *, #1151, .T. ) ;
#1008 = SPHERICAL_SURFACE ( 'NONE', #1106, 1.000000000000000000 ) ;
#1009 = DIRECTION ( 'NONE',  ( 1.000000000000000000, 0.000000000000000000, 0.000000000000000000 ) ) ;
#1010 = EDGE_CURVE ( 'NONE', #19, #504, #1062, .T. ) ;
#1011 = CYLINDRICAL_SURFACE ( 'NONE', #1542, 1.000000000000000888 ) ;
#1012 = ORIENTED_EDGE ( 'NONE', *, *, #997, .T. ) ;
#1013 = ORIENTED_EDGE ( 'NONE', *, *, #279, .F. ) ;
#1014 = ORIENTED_EDGE ( 'NONE', *, *, #1045, .F. ) ;
#1015 = CARTESIAN_POINT ( 'NONE',  ( -12.57142857142856940, -9.897433186107871705, 1.000000000000000000 ) ) ;
#1016 = ORIENTED_EDGE ( 'NONE', *, *, #1576, .F. ) ;
#1017 = ADVANCED_FACE ( 'NONE', ( #1596 ), #323, .T. ) ;
#1018 = B_SPLINE_CURVE_WITH_KNOTS ( 'NONE', 3,
 ( #1597, #814, #1086, #54, #933, #1095 ),
 .UNSPECIFIED., .F., .F.,
 ( 4, 2, 4 ),
 ( 0.000000000000000000, 0.0009044606030990597848, 0.001808921206198119570 ),
 .UNSPECIFIED. ) ;
#1019 = EDGE_LOOP ( 'NONE', ( #650, #1, #1632, #1290 ) ) ;
#1020 = VECTOR ( 'NONE', #1130, 1000.000000000000000 ) ;
#1021 = AXIS2_PLACEMENT_3D ( 'NONE', #1475, #1198, #1080 ) ;
#1022 = DIRECTION ( 'NONE',  ( 1.000000000000000000, 0.000000000000000000, 0.000000000000000000 ) ) ;
#1023 = CIRCLE ( 'NONE', #918, 0.9999999999999996669 ) ;
#1024 = EDGE_CURVE ( 'NONE', #1622, #1363, #1431, .T. ) ;
#1025 = AXIS2_PLACEMENT_3D ( 'NONE', #239, #1500, #1122 ) ;
#1026 = DIRECTION ( 'NONE',  ( -0.7179487179487176185, 0.6960959979742684656, 0.000000000000000000 ) ) ;
#1027 = VERTEX_POINT ( 'NONE', #430 ) ;
#1028 = AXIS2_PLACEMENT_3D ( 'NONE', #544, #157, #265 ) ;
#1029 = DIRECTION ( 'NONE',  ( -0.6185895741317417595, -0.7857142857142859205, 0.000000000000000000 ) ) ;
#1030 = DIRECTION ( 'NONE',  ( -0.000000000000000000, 1.000000000000000000, 0.000000000000000000 ) ) ;
#1031 = ORIENTED_EDGE ( 'NONE', *, *, #1637, .T. ) ;
#1032 = PLANE ( 'NONE',  #1352 ) ;
#1033 = CARTESIAN_POINT ( 'NONE',  ( 0.000000000000000000, 0.000000000000000000, 20.00000000000000000 ) ) ;
#1034 = EDGE_LOOP ( 'NONE', ( #1321, #489, #550 ) ) ;
#1035 = B_SPLINE_CURVE_WITH_KNOTS ( 'NONE', 3,
 ( #738, #370, #1636, #1629, #358, #499 ),
 .UNSPECIFIED., .F., .F.,
 ( 4, 2, 4 ),
 ( 0.000000000000000000, 0.0008675313348262865413, 0.001735062669652573083 ),
 .UNSPECIFIED. ) ;
#1036 = CARTESIAN_POINT ( 'NONE',  ( -13.00000000000000000, 10.23484568108891857, 19.89072354283027622 ) ) ;
#1037 = DIRECTION ( 'NONE',  ( 0.000000000000000000, 0.000000000000000000, 1.000000000000000000 ) ) ;
#1038 = DIRECTION ( 'NONE',  ( 0.000000000000000000, -0.000000000000000000, -1.000000000000000000 ) ) ;
#1039 = ORIENTED_EDGE ( 'NONE', *, *, #253, .T. ) ;
#1040 = EDGE_CURVE ( 'NONE', #1105, #1051, #646, .T. ) ;
#1041 = CARTESIAN_POINT ( 'NONE',  ( 14.00000000000000178, 0.000000000000000000, 1.000000000000000888 ) ) ;
#1042 = CARTESIAN_POINT ( 'NONE',  ( -12.57142857142856940, 9.897433186107871705, 1.000000000000000000 ) ) ;
#1043 = VERTEX_POINT ( 'NONE', #186 ) ;
#1044 = DIRECTION ( 'NONE',  ( 1.000000000000000000, 0.000000000000000000, 0.000000000000000000 ) ) ;
#1045 = EDGE_CURVE ( 'NONE', #1315, #1582, #42, .T. ) ;
#1046 = DIRECTION ( 'NONE',  ( 1.000000000000000000, 0.000000000000000000, 0.000000000000000000 ) ) ;
#1047 = ORIENTED_EDGE ( 'NONE', *, *, #766, .F. ) ;
#1048 = CARTESIAN_POINT ( 'NONE',  ( 13.00000000000000178, -10.23484568108891679, 19.89072354283027622 ) ) ;
#1049 = CIRCLE ( 'NONE', #440, 18.00000000000000711 ) ;
#1050 = DIRECTION ( 'NONE',  ( 1.000000000000000000, 0.000000000000000000, 0.000000000000000000 ) ) ;
#1051 = VERTEX_POINT ( 'NONE', #1093 ) ;
#1052 = CIRCLE ( 'NONE', #1077, 0.9999999999999994449 ) ;
#1053 = CARTESIAN_POINT ( 'NONE',  ( 0.000000000000000000, 0.000000000000000000, 0.000000000000000000 ) ) ;
#1054 = AXIS2_PLACEMENT_3D ( 'NONE', #1303, #1544, #536 ) ;
#1055 = CARTESIAN_POINT ( 'NONE',  ( -14.71794871794871717, 14.26996795847249722, 19.00000000000000000 ) ) ;
#1056 = ORIENTED_EDGE ( 'NONE', *, *, #824, .T. ) ;
#1057 = EDGE_CURVE ( 'NONE', #1043, #19, #804, .T. ) ;
#1058 = DIRECTION ( 'NONE',  ( 0.000000000000000000, -1.000000000000000000, 0.000000000000000000 ) ) ;
#1059 = CARTESIAN_POINT ( 'NONE',  ( 14.00000000000000178, 13.57387196049822542, -6.299999999999999822 ) ) ;
#1060 = ORIENTED_EDGE ( 'NONE', *, *, #6, .F. ) ;
#1061 = EDGE_CURVE ( 'NONE', #248, #1315, #70, .T. ) ;
#1062 = LINE ( 'NONE', #813, #886 ) ;
#1063 = CARTESIAN_POINT ( 'NONE',  ( 0.000000000000000000, 0.000000000000000000, 20.00000000000000000 ) ) ;
#1064 = EDGE_LOOP ( 'NONE', ( #195, #657, #528, #1308, #801, #172 ) ) ;
#1065 = CARTESIAN_POINT ( 'NONE',  ( 13.00000000000000000, -8.907998175962225318, 19.17518068415828481 ) ) ;
#1066 = ORIENTED_EDGE ( 'NONE', *, *, #685, .T. ) ;
#1067 = PLANE ( 'NONE',  #332 ) ;
#1068 = B_SPLINE_CURVE_WITH_KNOTS ( 'NONE', 3,
 ( #949, #432, #1468, #336, #956, #71, #180, #311, #324, #187 ),
 .UNSPECIFIED., .F., .F.,
 ( 4, 2, 2, 2, 4 ),
 ( -6.484704940632450344E-06, 0.0004744301414072351199, 0.0009553449877551027604, 0.001436259834102970347, 0.001917174680450837825 ),
 .UNSPECIFIED. ) ;
#1069 = EDGE_CURVE ( 'NONE', #879, #1514, #1467, .T. ) ;
#1070 = CARTESIAN_POINT ( 'NONE',  ( 13.63989471133561970, 8.365696672884936902, 0.06228904866945700336 ) ) ;
#1071 = ORIENTED_EDGE ( 'NONE', *, *, #1502, .T. ) ;
#1072 = AXIS2_PLACEMENT_3D ( 'NONE', #501, #364, #86 ) ;
#1073 = CARTESIAN_POINT ( 'NONE',  ( -13.00000000000000000, 10.95445115010332415, 20.00000000000000000 ) ) ;
#1074 = ORIENTED_EDGE ( 'NONE', *, *, #1216, .T. ) ;
#1075 = ADVANCED_FACE ( 'NONE', ( #1221 ), #779, .T. ) ;
#1076 = AXIS2_PLACEMENT_3D ( 'NONE', #1498, #960, #1479 ) ;
#1077 = AXIS2_PLACEMENT_3D ( 'NONE', #202, #705, #1223 ) ;
#1078 = DIRECTION ( 'NONE',  ( 0.000000000000000000, 0.000000000000000000, 1.000000000000000000 ) ) ;
#1079 = AXIS2_PLACEMENT_3D ( 'NONE', #694, #1603, #1084 ) ;
#1080 = DIRECTION ( 'NONE',  ( 0.000000000000000000, 0.000000000000000000, -1.000000000000000000 ) ) ;
#1081 = CIRCLE ( 'NONE', #366, 0.9999999999999991118 ) ;
#1082 = EDGE_LOOP ( 'NONE', ( #531, #1132, #1220 ) ) ;
#1083 = DIRECTION ( 'NONE',  ( 0.000000000000000000, -0.000000000000000000, -1.000000000000000000 ) ) ;
#1084 = DIRECTION ( 'NONE',  ( 1.000000000000000000, 0.000000000000000000, 0.000000000000000000 ) ) ;
#1085 = DIRECTION ( 'NONE',  ( 1.000000000000000000, 0.000000000000000000, 0.000000000000000000 ) ) ;
#1086 = CARTESIAN_POINT ( 'NONE',  ( -13.00000000000000178, -9.673948381468688851, 19.66204403836499282 ) ) ;
#1087 = EDGE_LOOP ( 'NONE', ( #777, #897, #1242, #1504, #1347, #38 ) ) ;
#1088 = ORIENTED_EDGE ( 'NONE', *, *, #48, .T. ) ;
#1089 = DIRECTION ( 'NONE',  ( 0.000000000000000000, -0.000000000000000000, -1.000000000000000000 ) ) ;
#1090 = ADVANCED_FACE ( 'NONE', ( #448 ), #1569, .T. ) ;
#1091 = CARTESIAN_POINT ( 'NONE',  ( 12.57142857142857117, 9.897433186107869929, 1.000000000000000000 ) ) ;
#1092 = DIRECTION ( 'NONE',  ( 0.000000000000000000, 0.000000000000000000, 1.000000000000000000 ) ) ;
#1093 = CARTESIAN_POINT ( 'NONE',  ( -18.00000000000000711, 2.204364238465236217E-15, -6.299999999999999822 ) ) ;
#1094 = ORIENTED_EDGE ( 'NONE', *, *, #981, .F. ) ;
#1095 = CARTESIAN_POINT ( 'NONE',  ( -13.00000000000000000, -8.660254037844389075, 19.00000000000000000 ) ) ;
#1096 = ADVANCED_FACE ( 'NONE', ( #1483 ), #1067, .T. ) ;
#1097 = ORIENTED_EDGE ( 'NONE', *, *, #742, .F. ) ;
#1098 = CARTESIAN_POINT ( 'NONE',  ( 11.00000000000000178, -8.660254037844387298, 19.00000000000000000 ) ) ;
#1099 = DIRECTION ( 'NONE',  ( -0.000000000000000000, 0.000000000000000000, 1.000000000000000000 ) ) ;
#1100 = DIRECTION ( 'NONE',  ( 1.000000000000000000, 0.000000000000000000, 0.000000000000000000 ) ) ;
#1101 = AXIS2_PLACEMENT_3D ( 'NONE', #571, #717, #1261 ) ;
#1102 = FACE_OUTER_BOUND ( 'NONE', #1019, .T. ) ;
#1103 = ORIENTED_EDGE ( 'NONE', *, *, #688, .T. ) ;
#1104 = AXIS2_PLACEMENT_3D ( 'NONE', #584, #708, #859 ) ;
#1105 = VERTEX_POINT ( 'NONE', #947 ) ;
#1106 = AXIS2_PLACEMENT_3D ( 'NONE', #1273, #1128, #608 ) ;
#1107 = CIRCLE ( 'NONE', #1241, 16.00000000000000000 ) ;
#1108 = CARTESIAN_POINT ( 'NONE',  ( -13.95657649196665773, -14.58121095364306719, 19.74049763523406753 ) ) ;
#1109 = AXIS2_PLACEMENT_3D ( 'NONE', #893, #1307, #649 ) ;
#1110 = CARTESIAN_POINT ( 'NONE',  ( -12.57142857142856940, 9.897433186107871705, 1.000000000000000000 ) ) ;
#1111 = CARTESIAN_POINT ( 'NONE',  ( -13.00000000000000000, -10.95445115010332415, 20.00000000000000000 ) ) ;
#1112 = CARTESIAN_POINT ( 'NONE',  ( -17.50000000000000355, 2.143131898507868643E-15, -6.299999999999999822 ) ) ;
#1113 = DIRECTION ( 'NONE',  ( 0.000000000000000000, 0.000000000000000000, -1.000000000000000000 ) ) ;
#1114 = ORIENTED_EDGE ( 'NONE', *, *, #293, .F. ) ;
#1115 = ADVANCED_FACE ( 'NONE', ( #1604 ), #1474, .F. ) ;
#1116 = EDGE_LOOP ( 'NONE', ( #1470, #407, #87 ) ) ;
#1117 = FACE_OUTER_BOUND ( 'NONE', #1484, .T. ) ;
#1118 = B_SPLINE_CURVE_WITH_KNOTS ( 'NONE', 3,
 ( #1111, #985, #238, #1256 ),
 .UNSPECIFIED., .F., .F.,
 ( 4, 4 ),
 ( 0.000000000000000000, 0.0007277193958948466801 ),
 .UNSPECIFIED. ) ;
#1119 = CARTESIAN_POINT ( 'NONE',  ( -13.99999999999999822, -8.660254037844389075, 1.000000000000000000 ) ) ;
#1120 = FACE_OUTER_BOUND ( 'NONE', #272, .T. ) ;
#1121 = APPLICATION_CONTEXT ( 'automotive_design' ) ;
#1122 = DIRECTION ( 'NONE',  ( 0.000000000000000000, 0.000000000000000000, 1.000000000000000000 ) ) ;
#1123 = VERTEX_POINT ( 'NONE', #334 ) ;
#1124 = EDGE_CURVE ( 'NONE', #154, #1171, #67, .T. ) ;
#1125 = EDGE_LOOP ( 'NONE', ( #1612, #502, #335, #263 ) ) ;
#1126 = FACE_OUTER_BOUND ( 'NONE', #1159, .T. ) ;
#1127 = CARTESIAN_POINT ( 'NONE',  ( -13.45362404707370629, 8.660254037844390851, 0.1624599603219641086 ) ) ;
#1128 = DIRECTION ( 'NONE',  ( 1.000000000000000000, 0.000000000000000000, -0.000000000000000000 ) ) ;
#1129 = DIRECTION ( 'NONE',  ( 0.000000000000000000, -0.000000000000000000, -1.000000000000000000 ) ) ;
#1130 = DIRECTION ( 'NONE',  ( -0.000000000000000000, 1.000000000000000000, -0.000000000000000000 ) ) ;
#1131 = ADVANCED_FACE ( 'NONE', ( #1102 ), #873, .F. ) ;
#1132 = ORIENTED_EDGE ( 'NONE', *, *, #162, .F. ) ;
#1133 = CIRCLE ( 'NONE', #1072, 16.50000000000000000 ) ;
#1134 = CARTESIAN_POINT ( 'NONE',  ( 13.00000000000000178, 8.660254037844387298, 19.00000000000000000 ) ) ;
#1135 = CIRCLE ( 'NONE', #1104, 20.50000000000000000 ) ;
#1136 = EDGE_CURVE ( 'NONE', #1494, #1385, #209, .T. ) ;
#1137 = CARTESIAN_POINT ( 'NONE',  ( 0.000000000000000000, 0.000000000000000000, 0.000000000000000000 ) ) ;
#1138 = AXIS2_PLACEMENT_3D ( 'NONE', #142, #1551, #895 ) ;
#1139 = CARTESIAN_POINT ( 'NONE',  ( 0.000000000000000000, 0.000000000000000000, 24.00000000000000000 ) ) ;
#1140 = CARTESIAN_POINT ( 'NONE',  ( 0.000000000000000000, 0.000000000000000000, -5.799999999999999822 ) ) ;
#1141 = CARTESIAN_POINT ( 'NONE',  ( -13.00000000000000000, 8.660254037844389075, 19.00000000000000000 ) ) ;
#1142 = ORIENTED_EDGE ( 'NONE', *, *, #1337, .T. ) ;
#1143 = ORIENTED_EDGE ( 'NONE', *, *, #1061, .F. ) ;
#1144 = VERTEX_POINT ( 'NONE', #1631 ) ;
#1145 = ADVANCED_FACE ( 'NONE', ( #979 ), #1011, .T. ) ;
#1146 = DIRECTION ( 'NONE',  ( -0.000000000000000000, 0.000000000000000000, 1.000000000000000000 ) ) ;
#1147 = DIRECTION ( 'NONE',  ( 0.000000000000000000, -0.000000000000000000, -1.000000000000000000 ) ) ;
#1148 = ORIENTED_EDGE ( 'NONE', *, *, #816, .F. ) ;
#1149 = VERTEX_POINT ( 'NONE', #748 ) ;
#1150 = ORIENTED_EDGE ( 'NONE', *, *, #258, .T. ) ;
#1151 = EDGE_CURVE ( 'NONE', #1534, #508, #1107, .T. ) ;
#1152 = DIRECTION ( 'NONE',  ( -0.000000000000000000, -0.000000000000000000, -1.000000000000000000 ) ) ;
#1153 = CARTESIAN_POINT ( 'NONE',  ( 0.000000000000000000, 0.000000000000000000, -5.799999999999999822 ) ) ;
#1154 = EDGE_LOOP ( 'NONE', ( #616, #1365, #144, #326 ) ) ;
#1155 = B_SPLINE_CURVE_WITH_KNOTS ( 'NONE', 3,
 ( #1110, #1355, #709, #1127 ),
 .UNSPECIFIED., .F., .F.,
 ( 4, 4 ),
 ( -9.561829081282340235E-06, 0.001733065273976927079 ),
 .UNSPECIFIED. ) ;
#1156 = CARTESIAN_POINT ( 'NONE',  ( 14.00000000000000178, -7.745966692414830490, 0.000000000000000000 ) ) ;
#1157 = AXIS2_PLACEMENT_3D ( 'NONE', #915, #523, #776 ) ;
#1158 = DIRECTION ( 'NONE',  ( 1.000000000000000000, 0.000000000000000000, 0.000000000000000000 ) ) ;
#1159 = EDGE_LOOP ( 'NONE', ( #849, #266, #635, #381, #151, #1088, #535, #1200, #539, #458, #471, #944 ) ) ;
#1160 = AXIS2_PLACEMENT_3D ( 'NONE', #1098, #611, #1615 ) ;
#1161 = CARTESIAN_POINT ( 'NONE',  ( -13.00000000000000000, 13.57387196049822897, 25.00000000000000000 ) ) ;
#1162 = AXIS2_PLACEMENT_3D ( 'NONE', #1140, #1509, #1237 ) ;
#1163 = CARTESIAN_POINT ( 'NONE',  ( 0.000000000000000000, 0.000000000000000000, 25.00000000000000000 ) ) ;
#1164 = ORIENTED_EDGE ( 'NONE', *, *, #1254, .F. ) ;
#1165 = DIRECTION ( 'NONE',  ( 1.000000000000000000, 0.000000000000000000, 0.000000000000000000 ) ) ;
#1166 = EDGE_CURVE ( 'NONE', #344, #158, #1526, .T. ) ;
#1167 = CARTESIAN_POINT ( 'NONE',  ( -13.81824075334725421, 14.56823752403117922, 19.82817604502343656 ) ) ;
#1168 = ORIENTED_EDGE ( 'NONE', *, *, #1178, .F. ) ;
#1169 = CARTESIAN_POINT ( 'NONE',  ( -13.00000000000000000, -13.57387196049822897, 25.00000000000000000 ) ) ;
#1170 = CARTESIAN_POINT ( 'NONE',  ( 0.000000000000000000, 0.000000000000000000, -2.000000000000000000 ) ) ;
#1171 = VERTEX_POINT ( 'NONE', #609 ) ;
#1172 = EDGE_CURVE ( 'NONE', #1511, #698, #602, .T. ) ;
#1173 = CARTESIAN_POINT ( 'NONE',  ( -13.00000000000000000, 13.57387196049822897, 24.00000000000000000 ) ) ;
#1174 = CYLINDRICAL_SURFACE ( 'NONE', #1245, 16.00000000000000000 ) ;
#1175 = DIRECTION ( 'NONE',  ( 0.000000000000000000, -0.000000000000000000, -1.000000000000000000 ) ) ;
#1176 = FACE_OUTER_BOUND ( 'NONE', #1064, .T. ) ;
#1177 = EDGE_LOOP ( 'NONE', ( #1366, #625, #700, #971 ) ) ;
#1178 = EDGE_CURVE ( 'NONE', #474, #1641, #727, .T. ) ;
#1179 = LINE ( 'NONE', #1306, #40 ) ;
#1180 = DIRECTION ( 'NONE',  ( 0.000000000000000000, 1.000000000000000000, 0.000000000000000000 ) ) ;
#1181 = ORIENTED_EDGE ( 'NONE', *, *, #1469, .F. ) ;
#1182 = CIRCLE ( 'NONE', #119, 0.9999999999999996669 ) ;
#1183 = CARTESIAN_POINT ( 'NONE',  ( 14.00000000000000178, 7.745966692414830490, 0.000000000000000000 ) ) ;
#1184 = CARTESIAN_POINT ( 'NONE',  ( -12.57142857142856940, 9.897433186107871705, 19.00000000000000000 ) ) ;
#1185 = ORIENTED_EDGE ( 'NONE', *, *, #870, .T. ) ;
#1186 = AXIS2_PLACEMENT_3D ( 'NONE', #81, #76, #7 ) ;
#1187 = CIRCLE ( 'NONE', #759, 2.000000000000000000 ) ;
#1188 = VECTOR ( 'NONE', #689, 1000.000000000000000 ) ;
#1189 = CARTESIAN_POINT ( 'NONE',  ( -13.99999999999999822, -13.57387196049822897, 20.00000000000000000 ) ) ;
#1190 = VECTOR ( 'NONE', #493, 1000.000000000000000 ) ;
#1191 = CARTESIAN_POINT ( 'NONE',  ( -14.33039404162218844, 14.52516346026061456, 19.44276196774413989 ) ) ;
#1192 = VERTEX_POINT ( 'NONE', #1141 ) ;
#1193 = CARTESIAN_POINT ( 'NONE',  ( 11.00000000000000178, 8.660254037844387298, 19.00000000000000000 ) ) ;
#1194 = EDGE_CURVE ( 'NONE', #999, #1419, #1566, .T. ) ;
#1195 = DIRECTION ( 'NONE',  ( 1.000000000000000000, 0.000000000000000000, 0.000000000000000000 ) ) ;
#1196 = ORIENTED_EDGE ( 'NONE', *, *, #367, .T. ) ;
#1197 = DIRECTION ( 'NONE',  ( -0.7179487179487192838, -0.6960959979742666892, 0.000000000000000000 ) ) ;
#1198 = DIRECTION ( 'NONE',  ( 0.000000000000000000, -1.000000000000000000, 0.000000000000000000 ) ) ;
#1199 = ORIENTED_EDGE ( 'NONE', *, *, #997, .F. ) ;
#1200 = ORIENTED_EDGE ( 'NONE', *, *, #1317, .T. ) ;
#1201 = EDGE_CURVE ( 'NONE', #1582, #188, #105, .T. ) ;
#1202 = DIRECTION ( 'NONE',  ( -1.734723475976805319E-15, -1.000000000000000000, 0.000000000000000000 ) ) ;
#1203 = DIRECTION ( 'NONE',  ( 0.000000000000000000, -0.000000000000000000, -1.000000000000000000 ) ) ;
#1204 = CARTESIAN_POINT ( 'NONE',  ( 14.71794871794872073, -14.26996795847249366, 19.00000000000000000 ) ) ;
#1205 = CARTESIAN_POINT ( 'NONE',  ( 13.00000000000000178, 0.000000000000000000, 25.00000000000000000 ) ) ;
#1206 = ORIENTED_EDGE ( 'NONE', *, *, #722, .T. ) ;
#1207 = AXIS2_PLACEMENT_3D ( 'NONE', #197, #938, #1335 ) ;
#1208 = CARTESIAN_POINT ( 'NONE',  ( 0.000000000000000000, 0.000000000000000000, -6.299999999999999822 ) ) ;
#1209 = ORIENTED_EDGE ( 'NONE', *, *, #793, .T. ) ;
#1210 = AXIS2_PLACEMENT_3D ( 'NONE', #1497, #1471, #1354 ) ;
#1211 = DIRECTION ( 'NONE',  ( 0.000000000000000000, -0.000000000000000000, -1.000000000000000000 ) ) ;
#1212 = VECTOR ( 'NONE', #350, 1000.000000000000000 ) ;
#1213 = CARTESIAN_POINT ( 'NONE',  ( 0.000000000000000000, 0.000000000000000000, -2.500000000000000000 ) ) ;
#1214 = ORIENTED_EDGE ( 'NONE', *, *, #566, .F. ) ;
#1215 = AXIS2_PLACEMENT_3D ( 'NONE', #1250, #719, #1510 ) ;
#1216 = EDGE_CURVE ( 'NONE', #1144, #773, #1133, .T. ) ;
#1217 = ORIENTED_EDGE ( 'NONE', *, *, #1610, .F. ) ;
#1218 = CARTESIAN_POINT ( 'NONE',  ( -13.00000000000000000, 8.907998175962230647, 19.17518068415828481 ) ) ;
#1219 = CARTESIAN_POINT ( 'NONE',  ( -16.00000000000000000, 1.959434878635765131E-15, -2.500000000000000000 ) ) ;
#1220 = ORIENTED_EDGE ( 'NONE', *, *, #566, .T. ) ;
#1221 = FACE_OUTER_BOUND ( 'NONE', #833, .T. ) ;
#1222 = EDGE_CURVE ( 'NONE', #1622, #1123, #998, .T. ) ;
#1223 = DIRECTION ( 'NONE',  ( 0.7857142857142858094, 0.6185895741317417595, 0.000000000000000000 ) ) ;
#1224 = ORIENTED_EDGE ( 'NONE', *, *, #1436, .T. ) ;
#1225 = CARTESIAN_POINT ( 'NONE',  ( -14.33039506831769572, -14.52516311561602258, 19.44276102198923439 ) ) ;
#1226 = CARTESIAN_POINT ( 'NONE',  ( -13.00000000000000000, -13.57387196049822897, 24.00000000000000000 ) ) ;
#1227 = CARTESIAN_POINT ( 'NONE',  ( -13.00000000000000000, 8.660254037844389075, 25.00000000000000000 ) ) ;
#1228 = LINE ( 'NONE', #486, #1345 ) ;
#1229 = VERTEX_POINT ( 'NONE', #1384 ) ;
#1230 = LINE ( 'NONE', #1327, #940 ) ;
#1231 = VERTEX_POINT ( 'NONE', #1621 ) ;
#1232 = CARTESIAN_POINT ( 'NONE',  ( 13.00000000000000178, 13.57387196049822542, 24.00000000000000000 ) ) ;
#1233 = CARTESIAN_POINT ( 'NONE',  ( 0.000000000000000000, 0.000000000000000000, 19.00000000000000000 ) ) ;
#1234 = CARTESIAN_POINT ( 'NONE',  ( 0.000000000000000000, 0.000000000000000000, 25.00000000000000000 ) ) ;
#1235 = EDGE_CURVE ( 'NONE', #1641, #1494, #962, .T. ) ;
#1236 = VECTOR ( 'NONE', #1648, 1000.000000000000000 ) ;
#1237 = DIRECTION ( 'NONE',  ( 1.000000000000000000, 0.000000000000000000, 0.000000000000000000 ) ) ;
#1238 = CARTESIAN_POINT ( 'NONE',  ( 12.57142857142857117, -9.897433186107869929, 1.000000000000000000 ) ) ;
#1239 = ORIENTED_EDGE ( 'NONE', *, *, #367, .F. ) ;
#1240 = AXIS2_PLACEMENT_3D ( 'NONE', #795, #1029, #1574 ) ;
#1241 = AXIS2_PLACEMENT_3D ( 'NONE', #1391, #1493, #1265 ) ;
#1242 = ORIENTED_EDGE ( 'NONE', *, *, #1486, .F. ) ;
#1243 = AXIS2_PLACEMENT_3D ( 'NONE', #435, #936, #49 ) ;
#1244 = CARTESIAN_POINT ( 'NONE',  ( 20.00000000000000000, 0.000000000000000000, -5.799999999999999822 ) ) ;
#1245 = AXIS2_PLACEMENT_3D ( 'NONE', #1549, #28, #148 ) ;
#1246 = CARTESIAN_POINT ( 'NONE',  ( 13.00000000000000178, -10.95445115010332238, 20.00000000000000000 ) ) ;
#1247 = DIRECTION ( 'NONE',  ( 1.000000000000000000, 0.000000000000000000, 0.000000000000000000 ) ) ;
#1248 = ADVANCED_FACE ( 'NONE', ( #494 ), #1399, .T. ) ;
#1249 = FACE_OUTER_BOUND ( 'NONE', #581, .T. ) ;
#1250 = CARTESIAN_POINT ( 'NONE',  ( 11.00000000000000178, 8.660254037844387298, 19.00000000000000000 ) ) ;
#1251 = ORIENTED_EDGE ( 'NONE', *, *, #59, .T. ) ;
#1252 = ORIENTED_EDGE ( 'NONE', *, *, #914, .T. ) ;
#1253 = DIRECTION ( 'NONE',  ( 1.000000000000000000, 0.000000000000000000, -0.000000000000000000 ) ) ;
#1254 = EDGE_CURVE ( 'NONE', #822, #1511, #1228, .T. ) ;
#1255 = CARTESIAN_POINT ( 'NONE',  ( 20.50000000000000000, 0.000000000000000000, 24.00000000000000000 ) ) ;
#1256 = CARTESIAN_POINT ( 'NONE',  ( -13.00000000000000000, -10.23484568108891857, 19.89072354283027622 ) ) ;
#1257 = LINE ( 'NONE', #1112, #1595 ) ;
#1258 = DIRECTION ( 'NONE',  ( 0.000000000000000000, -0.000000000000000000, -1.000000000000000000 ) ) ;
#1259 = ORIENTED_EDGE ( 'NONE', *, *, #1222, .T. ) ;
#1260 = FACE_OUTER_BOUND ( 'NONE', #365, .T. ) ;
#1261 = DIRECTION ( 'NONE',  ( 1.000000000000000000, 0.000000000000000000, 0.000000000000000000 ) ) ;
#1262 = CARTESIAN_POINT ( 'NONE',  ( 13.00000000000000178, -8.660254037844387298, 19.00000000000000000 ) ) ;
#1263 = EDGE_CURVE ( 'NONE', #158, #444, #360, .T. ) ;
#1264 = CYLINDRICAL_SURFACE ( 'NONE', #1025, 1.000000000000000888 ) ;
#1265 = DIRECTION ( 'NONE',  ( 1.000000000000000000, 0.000000000000000000, 0.000000000000000000 ) ) ;
#1266 = ORIENTED_EDGE ( 'NONE', *, *, #1571, .T. ) ;
#1267 = ORIENTED_EDGE ( 'NONE', *, *, #1194, .T. ) ;
#1268 = EDGE_CURVE ( 'NONE', #396, #822, #587, .T. ) ;
#1269 = CIRCLE ( 'NONE', #1160, 2.000000000000000000 ) ;
#1270 = ORIENTED_EDGE ( 'NONE', *, *, #685, .F. ) ;
#1271 = CIRCLE ( 'NONE', #249, 17.50000000000000355 ) ;
#1272 = TOROIDAL_SURFACE ( 'NONE', #1323, 19.50000000000000000, 1.000000000000000000 ) ;
#1273 = CARTESIAN_POINT ( 'NONE',  ( -13.99999999999999822, -13.57387196049822897, 24.00000000000000000 ) ) ;
#1274 = CYLINDRICAL_SURFACE ( 'NONE', #150, 1.000000000000000888 ) ;
#1275 = DIRECTION ( 'NONE',  ( -0.000000000000000000, 0.000000000000000000, 1.000000000000000000 ) ) ;
#1276 = ORIENTED_EDGE ( 'NONE', *, *, #922, .T. ) ;
#1277 = EDGE_CURVE ( 'NONE', #1229, #1231, #5, .T. ) ;
#1278 = FILL_AREA_STYLE_COLOUR ( '', #1402 ) ;
#1279 = CARTESIAN_POINT ( 'NONE',  ( 14.71794871794872073, 14.26996795847249366, 24.00000000000000000 ) ) ;
#1280 = EDGE_LOOP ( 'NONE', ( #1415, #928, #100 ) ) ;
#1281 = EDGE_CURVE ( 'NONE', #1573, #1027, #298, .T. ) ;
#1282 = CARTESIAN_POINT ( 'NONE',  ( -13.99999999999999822, 8.660254037844389075, 1.000000000000000000 ) ) ;
#1283 = DIRECTION ( 'NONE',  ( 0.000000000000000000, -0.000000000000000000, -1.000000000000000000 ) ) ;
#1284 = ADVANCED_FACE ( 'NONE', ( #132 ), #32, .F. ) ;
#1285 = CARTESIAN_POINT ( 'NONE',  ( -14.71794871794871717, -14.26996795847249722, 19.00000000000000000 ) ) ;
#1286 = ORIENTED_EDGE ( 'NONE', *, *, #59, .F. ) ;
#1287 = PLANE ( 'NONE',  #1482 ) ;
#1288 = CIRCLE ( 'NONE', #1452, 19.50000000000000000 ) ;
#1289 = CARTESIAN_POINT ( 'NONE',  ( 0.000000000000000000, 0.000000000000000000, 19.00000000000000000 ) ) ;
#1290 = ORIENTED_EDGE ( 'NONE', *, *, #1464, .T. ) ;
#1291 = AXIS2_PLACEMENT_3D ( 'NONE', #1517, #230, #330 ) ;
#1292 = ORIENTED_EDGE ( 'NONE', *, *, #716, .F. ) ;
#1293 = VECTOR ( 'NONE', #683, 1000.000000000000000 ) ;
#1294 = EDGE_CURVE ( 'NONE', #1557, #818, #1535, .T. ) ;
#1295 = DIRECTION ( 'NONE',  ( 0.000000000000000000, 0.000000000000000000, 1.000000000000000000 ) ) ;
#1296 = VECTOR ( 'NONE', #1078, 1000.000000000000000 ) ;
#1297 = TOROIDAL_SURFACE ( 'NONE', #570, 3.000000000000000000, 1.000000000000000000 ) ;
#1298 = CARTESIAN_POINT ( 'NONE',  ( -13.00000000000000000, -10.23484568108891857, 19.89072354283027622 ) ) ;
#1299 = EDGE_LOOP ( 'NONE', ( #969, #462, #950, #734 ) ) ;
#1300 = CARTESIAN_POINT ( 'NONE',  ( 11.00000000000000178, 8.660254037844387298, 1.000000000000000000 ) ) ;
#1301 = DIRECTION ( 'NONE',  ( -0.000000000000000000, 0.000000000000000000, 1.000000000000000000 ) ) ;
#1302 = ORIENTED_EDGE ( 'NONE', *, *, #1010, .F. ) ;
#1303 = CARTESIAN_POINT ( 'NONE',  ( 0.000000000000000000, 0.000000000000000000, 19.00000000000000000 ) ) ;
#1304 = DIRECTION ( 'NONE',  ( 1.000000000000000000, 1.776356839400250465E-15, 0.000000000000000000 ) ) ;
#1305 = ORIENTED_EDGE ( 'NONE', *, *, #870, .F. ) ;
#1306 = CARTESIAN_POINT ( 'NONE',  ( 16.00000000000000000, 0.000000000000000000, -2.500000000000000000 ) ) ;
#1307 = DIRECTION ( 'NONE',  ( 0.000000000000000000, 1.000000000000000000, -1.734723475976805319E-15 ) ) ;
#1308 = ORIENTED_EDGE ( 'NONE', *, *, #1659, .F. ) ;
#1309 = EDGE_CURVE ( 'NONE', #807, #227, #511, .T. ) ;
#1310 = LINE ( 'NONE', #1169, #14 ) ;
#1311 = FACE_OUTER_BOUND ( 'NONE', #1125, .T. ) ;
#1312 = ORIENTED_EDGE ( 'NONE', *, *, #1464, .F. ) ;
#1313 = DIRECTION ( 'NONE',  ( 1.000000000000000000, 0.000000000000000000, -0.000000000000000000 ) ) ;
#1314 = CARTESIAN_POINT ( 'NONE',  ( -13.99999999999999822, 13.57387196049822897, 20.00000000000000000 ) ) ;
#1315 = VERTEX_POINT ( 'NONE', #1279 ) ;
#1316 = CIRCLE ( 'NONE', #589, 1.000000000000000000 ) ;
#1317 = EDGE_CURVE ( 'NONE', #718, #1514, #421, .T. ) ;
#1318 = DIRECTION ( 'NONE',  ( 1.000000000000000000, 0.000000000000000000, 0.000000000000000000 ) ) ;
#1319 = AXIS2_PLACEMENT_3D ( 'NONE', #1244, #735, #952 ) ;
#1320 = DIRECTION ( 'NONE',  ( 1.000000000000000000, 0.000000000000000000, 0.000000000000000000 ) ) ;
#1321 = ORIENTED_EDGE ( 'NONE', *, *, #1442, .F. ) ;
#1322 = AXIS2_PLACEMENT_3D ( 'NONE', #1300, #1516, #919 ) ;
#1323 = AXIS2_PLACEMENT_3D ( 'NONE', #865, #385, #731 ) ;
#1324 = CARTESIAN_POINT ( 'NONE',  ( 14.71794871794872073, 14.26996795847249544, -6.299999999999999822 ) ) ;
#1325 = AXIS2_PLACEMENT_3D ( 'NONE', #527, #1301, #1417 ) ;
#1326 = ADVANCED_FACE ( 'NONE', ( #630 ), #513, .T. ) ;
#1327 = CARTESIAN_POINT ( 'NONE',  ( -13.99999999999999822, -8.660254037844389075, 0.000000000000000000 ) ) ;
#1328 = ORIENTED_EDGE ( 'NONE', *, *, #716, .T. ) ;
#1329 = DIRECTION ( 'NONE',  ( 1.000000000000000000, 0.000000000000000000, 0.000000000000000000 ) ) ;
#1330 = DIRECTION ( 'NONE',  ( -0.000000000000000000, 0.000000000000000000, 1.000000000000000000 ) ) ;
#1331 = DIRECTION ( 'NONE',  ( 1.000000000000000000, 0.000000000000000000, 0.000000000000000000 ) ) ;
#1332 = CARTESIAN_POINT ( 'NONE',  ( 13.54645751893192340, 8.516038103310988205, 0.1018993014310396739 ) ) ;
#1333 = EDGE_CURVE ( 'NONE', #1633, #1027, #1288, .T. ) ;
#1334 = ORIENTED_EDGE ( 'NONE', *, *, #518, .F. ) ;
#1335 = DIRECTION ( 'NONE',  ( 1.000000000000000000, 0.000000000000000000, 0.000000000000000000 ) ) ;
#1336 = CARTESIAN_POINT ( 'NONE',  ( 12.57142857142857117, 9.897433186107869929, 1.000000000000000000 ) ) ;
#1337 = EDGE_CURVE ( 'NONE', #839, #1360, #799, .T. ) ;
#1338 = DIRECTION ( 'NONE',  ( 1.000000000000000000, 0.000000000000000000, 0.000000000000000000 ) ) ;
#1339 = B_SPLINE_CURVE_WITH_KNOTS ( 'NONE', 3,
 ( #1055, #770, #927, #1191, #138, #1443, #1167, #46, #782, #414 ),
 .UNSPECIFIED., .F., .F.,
 ( 4, 2, 2, 2, 4 ),
 ( -6.484704940634421390E-06, 0.0004744301414072327346, 0.0009553449877550998330, 0.001436259834102967094, 0.001917174680450834138 ),
 .UNSPECIFIED. ) ;
#1340 = DIRECTION ( 'NONE',  ( -0.000000000000000000, 0.000000000000000000, 1.000000000000000000 ) ) ;
#1341 = ORIENTED_EDGE ( 'NONE', *, *, #1610, .T. ) ;
#1342 = ORIENTED_EDGE ( 'NONE', *, *, #1659, .T. ) ;
#1343 = CARTESIAN_POINT ( 'NONE',  ( -13.39985938183118108, -14.39022181348005880, 19.99999999999999645 ) ) ;
#1344 = ADVANCED_FACE ( 'NONE', ( #507 ), #762, .T. ) ;
#1345 = VECTOR ( 'NONE', #1373, 1000.000000000000000 ) ;
#1346 = CARTESIAN_POINT ( 'NONE',  ( 13.30403707913416689, 8.892636000337166280, 0.2600442169322395025 ) ) ;
#1347 = ORIENTED_EDGE ( 'NONE', *, *, #1448, .F. ) ;
#1348 = TOROIDAL_SURFACE ( 'NONE', #1291, 16.50000000000000000, 0.5000000000000000000 ) ;
#1349 = AXIS2_PLACEMENT_3D ( 'NONE', #1380, #1253, #108 ) ;
#1350 = CARTESIAN_POINT ( 'NONE',  ( 0.000000000000000000, 0.000000000000000000, -2.500000000000000000 ) ) ;
#1351 = DIRECTION ( 'NONE',  ( -0.000000000000000000, 0.000000000000000000, -1.000000000000000000 ) ) ;
#1352 = AXIS2_PLACEMENT_3D ( 'NONE', #911, #1558, #903 ) ;
#1353 = EDGE_LOOP ( 'NONE', ( #1661, #1356, #720 ) ) ;
#1354 = DIRECTION ( 'NONE',  ( 1.000000000000000000, 0.000000000000000000, 0.000000000000000000 ) ) ;
#1355 = CARTESIAN_POINT ( 'NONE',  ( -12.87112569433839937, 9.516766714015712836, 0.6795452197914317871 ) ) ;
#1356 = ORIENTED_EDGE ( 'NONE', *, *, #681, .T. ) ;
#1357 = DIRECTION ( 'NONE',  ( -0.000000000000000000, 0.000000000000000000, 1.000000000000000000 ) ) ;
#1358 = VERTEX_POINT ( 'NONE', #1298 ) ;
#1359 = DIRECTION ( 'NONE',  ( -0.000000000000000000, -0.000000000000000000, -1.000000000000000000 ) ) ;
#1360 = VERTEX_POINT ( 'NONE', #888 ) ;
#1361 = CARTESIAN_POINT ( 'NONE',  ( -13.00000000000000000, 10.23484568108891857, 19.89072354283027622 ) ) ;
#1362 = DIRECTION ( 'NONE',  ( 0.000000000000000000, 0.000000000000000000, -1.000000000000000000 ) ) ;
#1363 = VERTEX_POINT ( 'NONE', #24 ) ;
#1364 = DIRECTION ( 'NONE',  ( 1.000000000000000000, 0.000000000000000000, 0.000000000000000000 ) ) ;
#1365 = ORIENTED_EDGE ( 'NONE', *, *, #1268, .F. ) ;
#1366 = ORIENTED_EDGE ( 'NONE', *, *, #892, .F. ) ;
#1367 = CARTESIAN_POINT ( 'NONE',  ( -12.99999999999999822, 9.673965460636786418, 19.66205263220956567 ) ) ;
#1368 = EDGE_CURVE ( 'NONE', #901, #474, #652, .T. ) ;
#1369 =( LENGTH_UNIT ( ) NAMED_UNIT ( * ) SI_UNIT ( .MILLI., .METRE. ) );
#1370 = FACE_OUTER_BOUND ( 'NONE', #1606, .T. ) ;
#1371 = AXIS2_PLACEMENT_3D ( 'NONE', #1170, #1147, #1660 ) ;
#1372 = DIRECTION ( 'NONE',  ( 0.000000000000000000, 0.000000000000000000, 1.000000000000000000 ) ) ;
#1373 = DIRECTION ( 'NONE',  ( 0.000000000000000000, 0.000000000000000000, -1.000000000000000000 ) ) ;
#1374 = ORIENTED_EDGE ( 'NONE', *, *, #1337, .F. ) ;
#1375 = CIRCLE ( 'NONE', #913, 20.50000000000000000 ) ;
#1376 = CIRCLE ( 'NONE', #543, 1.000000000000000888 ) ;
#1377 = ADVANCED_FACE ( 'NONE', ( #271 ), #912, .T. ) ;
#1378 = EDGE_LOOP ( 'NONE', ( #1550, #1392, #643, #1013 ) ) ;
#1379 = AXIS2_PLACEMENT_3D ( 'NONE', #1193, #678, #1318 ) ;
#1380 = CARTESIAN_POINT ( 'NONE',  ( -13.99999999999999822, -13.57387196049822897, 24.00000000000000000 ) ) ;
#1381 = PLANE ( 'NONE',  #383 ) ;
#1382 = PRODUCT_DEFINITION_CONTEXT ( 'detailed design', #61, 'design' ) ;
#1383 = FACE_OUTER_BOUND ( 'NONE', #961, .T. ) ;
#1384 = CARTESIAN_POINT ( 'NONE',  ( -17.50000000000000355, 2.143131898507868643E-15, -2.500000000000000000 ) ) ;
#1385 = VERTEX_POINT ( 'NONE', #1042 ) ;
#1386 = CARTESIAN_POINT ( 'NONE',  ( 14.63808985493362336, -14.35233385123064664, 19.11189082403487305 ) ) ;
#1387 = FACE_OUTER_BOUND ( 'NONE', #989, .T. ) ;
#1388 = DIRECTION ( 'NONE',  ( 1.000000000000000000, 0.000000000000000000, 0.000000000000000000 ) ) ;
#1389 = LINE ( 'NONE', #853, #1652 ) ;
#1390 = CARTESIAN_POINT ( 'NONE',  ( -13.45362404707370629, -8.660254037844390851, 0.1624599603219641086 ) ) ;
#1391 = CARTESIAN_POINT ( 'NONE',  ( 0.000000000000000000, 0.000000000000000000, 0.000000000000000000 ) ) ;
#1392 = ORIENTED_EDGE ( 'NONE', *, *, #1040, .T. ) ;
#1393 = EDGE_CURVE ( 'NONE', #19, #1633, #1182, .T. ) ;
#1394 = ORIENTED_EDGE ( 'NONE', *, *, #74, .T. ) ;
#1395 = EDGE_CURVE ( 'NONE', #1149, #1043, #721, .T. ) ;
#1396 = CARTESIAN_POINT ( 'NONE',  ( 14.21346039561391450, -14.55929172266271898, 19.54699158736771381 ) ) ;
#1397 = CARTESIAN_POINT ( 'NONE',  ( -13.99999999999999822, 13.57387196049822897, 24.00000000000000000 ) ) ;
#1398 = ORIENTED_EDGE ( 'NONE', *, *, #793, .F. ) ;
#1399 = TOROIDAL_SURFACE ( 'NONE', #751, 18.00000000000000711, 0.5000000000000000000 ) ;
#1400 = AXIS2_PLACEMENT_3D ( 'NONE', #229, #219, #835 ) ;
#1401 = EDGE_LOOP ( 'NONE', ( #815, #1142, #312, #434, #1066, #450, #771, #106, #63, #905, #1252, #454 ) ) ;
#1402 = COLOUR_RGB ( '',0.7921568627450980005, 0.8196078431372548767, 0.9333333333333333481 ) ;
#1403 = AXIS2_PLACEMENT_3D ( 'NONE', #732, #216, #995 ) ;
#1404 = TOROIDAL_SURFACE ( 'NONE', #890, 17.00000000000000000, 1.000000000000000000 ) ;
#1405 = CARTESIAN_POINT ( 'NONE',  ( 13.00000000000000178, -8.660254037844387298, 1.000000000000000888 ) ) ;
#1406 = PLANE ( 'NONE',  #305 ) ;
#1407 = DIRECTION ( 'NONE',  ( 1.000000000000000000, 0.000000000000000000, 0.000000000000000000 ) ) ;
#1408 = PRODUCT_DEFINITION ( 'UNKNOWN', '', #125, #1382 ) ;
#1409 = EDGE_LOOP ( 'NONE', ( #47, #1591, #1528, #139 ) ) ;
#1410 = CARTESIAN_POINT ( 'NONE',  ( -13.99999999999999822, -14.57387196049822897, 24.00000000000000000 ) ) ;
#1411 = EDGE_LOOP ( 'NONE', ( #1103, #1196, #572, #568 ) ) ;
#1412 = ADVANCED_FACE ( 'NONE', ( #1433 ), #262, .T. ) ;
#1413 = DIRECTION ( 'NONE',  ( 0.000000000000000000, 0.000000000000000000, 1.000000000000000000 ) ) ;
#1414 = DIRECTION ( 'NONE',  ( 0.000000000000000000, 1.000000000000000000, 0.000000000000000000 ) ) ;
#1415 = ORIENTED_EDGE ( 'NONE', *, *, #1486, .T. ) ;
#1416 = CARTESIAN_POINT ( 'NONE',  ( -13.99999999999999822, 7.745966692414835819, 0.000000000000000000 ) ) ;
#1417 = DIRECTION ( 'NONE',  ( 1.000000000000000000, 0.000000000000000000, 0.000000000000000000 ) ) ;
#1418 = ORIENTED_EDGE ( 'NONE', *, *, #1024, .T. ) ;
#1419 = VERTEX_POINT ( 'NONE', #1285 ) ;
#1420 = FACE_OUTER_BOUND ( 'NONE', #996, .T. ) ;
#1421 = ADVANCED_FACE ( 'NONE', ( #1176 ), #220, .T. ) ;
#1422 = DIRECTION ( 'NONE',  ( 1.000000000000000000, 0.000000000000000000, 0.000000000000000000 ) ) ;
#1423 = ORIENTED_EDGE ( 'NONE', *, *, #1428, .T. ) ;
#1424 = DIRECTION ( 'NONE',  ( -0.000000000000000000, 0.000000000000000000, 1.000000000000000000 ) ) ;
#1425 = AXIS2_PLACEMENT_3D ( 'NONE', #56, #183, #1465 ) ;
#1426 = CARTESIAN_POINT ( 'NONE',  ( -13.99999999999999822, 13.57387196049822897, 24.00000000000000000 ) ) ;
#1427 = ORIENTED_EDGE ( 'NONE', *, *, #322, .T. ) ;
#1428 = EDGE_CURVE ( 'NONE', #1051, #1560, #1049, .T. ) ;
#1429 = TOROIDAL_SURFACE ( 'NONE', #699, 3.000000000000000000, 1.000000000000000000 ) ;
#1430 = DIRECTION ( 'NONE',  ( -0.000000000000000000, 0.000000000000000000, 1.000000000000000000 ) ) ;
#1431 = CIRCLE ( 'NONE', #834, 20.50000000000000000 ) ;
#1432 = CIRCLE ( 'NONE', #1488, 1.000000000000000888 ) ;
#1433 = FACE_OUTER_BOUND ( 'NONE', #712, .T. ) ;
#1434 = ORIENTED_EDGE ( 'NONE', *, *, #914, .F. ) ;
#1435 = B_SPLINE_CURVE_WITH_KNOTS ( 'NONE', 3,
 ( #319, #1343, #477, #206, #1108, #983, #1225, #850, #1490, #701 ),
 .UNSPECIFIED., .F., .F.,
 ( 4, 2, 2, 2, 4 ),
 ( 0.000000000000000000, 0.0004807593732222975049, 0.0009615187464445950098, 0.001442278119666892460, 0.001923037492889190020 ),
 .UNSPECIFIED. ) ;
#1436 = EDGE_CURVE ( 'NONE', #1618, #631, #640, .T. ) ;
#1437 = DIRECTION ( 'NONE',  ( -0.000000000000000000, 0.000000000000000000, 1.000000000000000000 ) ) ;
#1438 = ORIENTED_EDGE ( 'NONE', *, *, #17, .F. ) ;
#1439 = ORIENTED_EDGE ( 'NONE', *, *, #1368, .F. ) ;
#1440 = CARTESIAN_POINT ( 'NONE',  ( -13.45362404707370629, 8.660254037844390851, 0.1624599603219641086 ) ) ;
#1441 = ORIENTED_EDGE ( 'NONE', *, *, #1136, .F. ) ;
#1442 = EDGE_CURVE ( 'NONE', #168, #1477, #380, .T. ) ;
#1443 = CARTESIAN_POINT ( 'NONE',  ( -13.95657573561816278, 14.58121090872214509, 19.74049813170390877 ) ) ;
#1444 = ORIENTED_EDGE ( 'NONE', *, *, #772, .T. ) ;
#1445 = CARTESIAN_POINT ( 'NONE',  ( 14.71794871794872073, -14.26996795847249544, -6.299999999999999822 ) ) ;
#1446 = CARTESIAN_POINT ( 'NONE',  ( -20.50000000000000000, 2.510525938252074481E-15, -5.799999999999999822 ) ) ;
#1447 = VERTEX_POINT ( 'NONE', #1446 ) ;
#1448 = EDGE_CURVE ( 'NONE', #1598, #44, #62, .T. ) ;
#1449 = DIRECTION ( 'NONE',  ( -1.000000000000000000, 1.224646799147349509E-16, 0.000000000000000000 ) ) ;
#1450 = FACE_OUTER_BOUND ( 'NONE', #1116, .T. ) ;
#1451 = VERTEX_POINT ( 'NONE', #1472 ) ;
#1452 = AXIS2_PLACEMENT_3D ( 'NONE', #1163, #1545, #281 ) ;
#1453 = ORIENTED_EDGE ( 'NONE', *, *, #487, .F. ) ;
#1454 = CARTESIAN_POINT ( 'NONE',  ( -13.91215164632286339, -7.904743124113709385, 2.858736196983262874E-18 ) ) ;
#1455 = CIRCLE ( 'NONE', #884, 19.50000000000000000 ) ;
#1456 = CARTESIAN_POINT ( 'NONE',  ( 13.00000000000000178, -9.942806975957829252, 19.79853490498782165 ) ) ;
#1457 = CARTESIAN_POINT ( 'NONE',  ( 0.000000000000000000, 0.000000000000000000, 24.00000000000000000 ) ) ;
#1458 = VECTOR ( 'NONE', #878, 1000.000000000000000 ) ;
#1459 = CIRCLE ( 'NONE', #1570, 20.00000000000000000 ) ;
#1460 = DIRECTION ( 'NONE',  ( -0.000000000000000000, 0.000000000000000000, 1.000000000000000000 ) ) ;
#1461 = TOROIDAL_SURFACE ( 'NONE', #1543, 19.50000000000000000, 1.000000000000000000 ) ;
#1462 = DIRECTION ( 'NONE',  ( 1.000000000000000000, 0.000000000000000000, 0.000000000000000000 ) ) ;
#1463 = ORIENTED_EDGE ( 'NONE', *, *, #1393, .T. ) ;
#1464 = EDGE_CURVE ( 'NONE', #115, #158, #1508, .T. ) ;
#1465 = DIRECTION ( 'NONE',  ( -1.000000000000000000, 1.224646799147349509E-16, 0.000000000000000000 ) ) ;
#1466 = FACE_OUTER_BOUND ( 'NONE', #1411, .T. ) ;
#1467 = LINE ( 'NONE', #179, #1188 ) ;
#1468 = CARTESIAN_POINT ( 'NONE',  ( 14.54409525675811565, 14.42126566582825120, 19.22396953856577895 ) ) ;
#1469 = EDGE_CURVE ( 'NONE', #703, #1447, #775, .T. ) ;
#1470 = ORIENTED_EDGE ( 'NONE', *, *, #1201, .T. ) ;
#1471 = DIRECTION ( 'NONE',  ( 0.000000000000000000, 0.000000000000000000, 1.000000000000000000 ) ) ;
#1472 = CARTESIAN_POINT ( 'NONE',  ( 17.50000000000000355, 0.000000000000000000, -5.799999999999999822 ) ) ;
#1473 = FACE_OUTER_BOUND ( 'NONE', #133, .T. ) ;
#1474 = CYLINDRICAL_SURFACE ( 'NONE', #1513, 16.00000000000000000 ) ;
#1475 = CARTESIAN_POINT ( 'NONE',  ( -13.99999999999999822, 0.000000000000000000, 24.00000000000000000 ) ) ;
#1476 = B_SPLINE_CURVE_WITH_KNOTS ( 'NONE', 3,
 ( #368, #780, #283, #8, #869, #264 ),
 .UNSPECIFIED., .F., .F.,
 ( 4, 2, 4 ),
 ( 0.0003221974505742165331, 0.0008667538418373377414, 0.001411310233100458895 ),
 .UNSPECIFIED. ) ;
#1477 = VERTEX_POINT ( 'NONE', #77 ) ;
#1478 = FACE_OUTER_BOUND ( 'NONE', #664, .T. ) ;
#1479 = DIRECTION ( 'NONE',  ( 0.000000000000000000, 0.000000000000000000, 1.000000000000000000 ) ) ;
#1480 = CARTESIAN_POINT ( 'NONE',  ( 16.50000000000000000, 0.000000000000000000, -2.000000000000000000 ) ) ;
#1481 = AXIS2_PLACEMENT_3D ( 'NONE', #862, #620, #1644 ) ;
#1482 = AXIS2_PLACEMENT_3D ( 'NONE', #1053, #1437, #1165 ) ;
#1483 = FACE_OUTER_BOUND ( 'NONE', #390, .T. ) ;
#1484 = EDGE_LOOP ( 'NONE', ( #1655, #603, #123 ) ) ;
#1485 = AXIS2_PLACEMENT_3D ( 'NONE', #94, #340, #199 ) ;
#1486 = EDGE_CURVE ( 'NONE', #1358, #399, #464, .T. ) ;
#1487 = LINE ( 'NONE', #805, #621 ) ;
#1488 = AXIS2_PLACEMENT_3D ( 'NONE', #1507, #1499, #1247 ) ;
#1489 = EDGE_LOOP ( 'NONE', ( #916, #217, #1553 ) ) ;
#1490 = CARTESIAN_POINT ( 'NONE',  ( -14.63808985493208681, -14.35233385123224181, 19.11189082403260997 ) ) ;
#1491 = CARTESIAN_POINT ( 'NONE',  ( -13.99999999999999822, 7.745966692414835819, 0.000000000000000000 ) ) ;
#1492 = CARTESIAN_POINT ( 'NONE',  ( -14.71794871794871717, 14.26996795847249722, 24.00000000000000000 ) ) ;
#1493 = DIRECTION ( 'NONE',  ( -0.000000000000000000, 0.000000000000000000, 1.000000000000000000 ) ) ;
#1494 = VERTEX_POINT ( 'NONE', #1184 ) ;
#1495 = EDGE_CURVE ( 'NONE', #188, #396, #194, .T. ) ;
#1496 = ORIENTED_EDGE ( 'NONE', *, *, #1069, .T. ) ;
#1497 = CARTESIAN_POINT ( 'NONE',  ( 14.00000000000000178, -13.57387196049822542, 24.00000000000000000 ) ) ;
#1498 = CARTESIAN_POINT ( 'NONE',  ( 14.00000000000000178, -8.660254037844387298, 1.000000000000000000 ) ) ;
#1499 = DIRECTION ( 'NONE',  ( 0.000000000000000000, -0.000000000000000000, -1.000000000000000000 ) ) ;
#1500 = DIRECTION ( 'NONE',  ( 0.000000000000000000, 1.000000000000000000, 0.000000000000000000 ) ) ;
#1501 = CARTESIAN_POINT ( 'NONE',  ( 13.45362404707370807, -8.660254037844390851, 0.1624599603219643029 ) ) ;
#1502 = EDGE_CURVE ( 'NONE', #839, #1534, #561, .T. ) ;
#1503 = ORIENTED_EDGE ( 'NONE', *, *, #162, .T. ) ;
#1504 = ORIENTED_EDGE ( 'NONE', *, *, #112, .F. ) ;
#1505 = FACE_OUTER_BOUND ( 'NONE', #1034, .T. ) ;
#1506 = CARTESIAN_POINT ( 'NONE',  ( 13.00000000000000178, 0.000000000000000000, 20.00000000000000000 ) ) ;
#1507 = CARTESIAN_POINT ( 'NONE',  ( 14.00000000000000178, -13.57387196049822542, 20.00000000000000000 ) ) ;
#1508 = CIRCLE ( 'NONE', #1646, 2.000000000000000000 ) ;
#1509 = DIRECTION ( 'NONE',  ( -0.000000000000000000, 0.000000000000000000, 1.000000000000000000 ) ) ;
#1510 = DIRECTION ( 'NONE',  ( 1.000000000000000000, 0.000000000000000000, 0.000000000000000000 ) ) ;
#1511 = VERTEX_POINT ( 'NONE', #1585 ) ;
#1512 = AXIS2_PLACEMENT_3D ( 'NONE', #582, #193, #456 ) ;
#1513 = AXIS2_PLACEMENT_3D ( 'NONE', #1350, #201, #79 ) ;
#1514 = VERTEX_POINT ( 'NONE', #1073 ) ;
#1515 = MECHANICAL_DESIGN_GEOMETRIC_PRESENTATION_REPRESENTATION (  '', ( #729 ), #278 ) ;
#1516 = DIRECTION ( 'NONE',  ( -0.000000000000000000, 0.000000000000000000, 1.000000000000000000 ) ) ;
#1517 = CARTESIAN_POINT ( 'NONE',  ( 0.000000000000000000, 0.000000000000000000, -2.000000000000000000 ) ) ;
#1518 = CARTESIAN_POINT ( 'NONE',  ( 0.000000000000000000, 0.000000000000000000, 20.00000000000000000 ) ) ;
#1519 = ADVANCED_FACE ( 'NONE', ( #800 ), #825, .T. ) ;
#1520 = CARTESIAN_POINT ( 'NONE',  ( 14.00000000000000178, -13.57387196049822542, -6.299999999999999822 ) ) ;
#1521 = DIRECTION ( 'NONE',  ( -0.000000000000000000, 0.000000000000000000, 1.000000000000000000 ) ) ;
#1522 = ORIENTED_EDGE ( 'NONE', *, *, #554, .T. ) ;
#1523 = ADVANCED_FACE ( 'NONE', ( #177 ), #36, .T. ) ;
#1524 = DIRECTION ( 'NONE',  ( 1.000000000000000000, 0.000000000000000000, 0.000000000000000000 ) ) ;
#1525 = DIRECTION ( 'NONE',  ( 1.000000000000000000, 0.000000000000000000, 0.000000000000000000 ) ) ;
#1526 = LINE ( 'NONE', #233, #1458 ) ;
#1527 = ORIENTED_EDGE ( 'NONE', *, *, #17, .T. ) ;
#1528 = ORIENTED_EDGE ( 'NONE', *, *, #140, .F. ) ;
#1529 = ORIENTED_EDGE ( 'NONE', *, *, #1166, .T. ) ;
#1530 = EDGE_CURVE ( 'NONE', #1618, #55, #1561, .T. ) ;
#1531 = DIRECTION ( 'NONE',  ( 0.000000000000000000, -0.000000000000000000, -1.000000000000000000 ) ) ;
#1532 = CARTESIAN_POINT ( 'NONE',  ( -13.54645751893191985, -8.516038103310991758, 0.1018993014310382167 ) ) ;
#1533 = DIRECTION ( 'NONE',  ( 0.000000000000000000, -1.734723475976805517E-15, -1.000000000000000000 ) ) ;
#1534 = VERTEX_POINT ( 'NONE', #810 ) ;
#1535 = CIRCLE ( 'NONE', #619, 19.50000000000000000 ) ;
#1536 = EDGE_CURVE ( 'NONE', #1511, #1557, #667, .T. ) ;
#1537 = VECTOR ( 'NONE', #214, 1000.000000000000000 ) ;
#1538 = ORIENTED_EDGE ( 'NONE', *, *, #532, .T. ) ;
#1539 = DIRECTION ( 'NONE',  ( -0.000000000000000000, 0.000000000000000000, 1.000000000000000000 ) ) ;
#1540 = ORIENTED_EDGE ( 'NONE', *, *, #1395, .F. ) ;
#1541 = AXIS2_PLACEMENT_3D ( 'NONE', #887, #225, #993 ) ;
#1542 = AXIS2_PLACEMENT_3D ( 'NONE', #99, #624, #240 ) ;
#1543 = AXIS2_PLACEMENT_3D ( 'NONE', #284, #900, #398 ) ;
#1544 = DIRECTION ( 'NONE',  ( -0.000000000000000000, 0.000000000000000000, 1.000000000000000000 ) ) ;
#1545 = DIRECTION ( 'NONE',  ( -0.000000000000000000, 0.000000000000000000, 1.000000000000000000 ) ) ;
#1546 = EDGE_LOOP ( 'NONE', ( #1148, #557, #257 ) ) ;
#1547 = FACE_OUTER_BOUND ( 'NONE', #965, .T. ) ;
#1548 = ADVANCED_FACE ( 'NONE', ( #1311 ), #170, .T. ) ;
#1549 = CARTESIAN_POINT ( 'NONE',  ( 0.000000000000000000, 0.000000000000000000, -2.500000000000000000 ) ) ;
#1550 = ORIENTED_EDGE ( 'NONE', *, *, #35, .F. ) ;
#1551 = DIRECTION ( 'NONE',  ( 0.000000000000000000, 1.000000000000000000, 0.000000000000000000 ) ) ;
#1552 = CARTESIAN_POINT ( 'NONE',  ( 13.00000000000000000, 9.942797716765623406, 19.79853198211389298 ) ) ;
#1553 = ORIENTED_EDGE ( 'NONE', *, *, #1309, .F. ) ;
#1554 = ADVANCED_FACE ( 'NONE', ( #686 ), #1381, .F. ) ;
#1555 = DIRECTION ( 'NONE',  ( 1.000000000000000000, 0.000000000000000000, 0.000000000000000000 ) ) ;
#1556 = LINE ( 'NONE', #406, #519 ) ;
#1557 = VERTEX_POINT ( 'NONE', #102 ) ;
#1558 = DIRECTION ( 'NONE',  ( -0.000000000000000000, 0.000000000000000000, 1.000000000000000000 ) ) ;
#1559 = DIRECTION ( 'NONE',  ( -0.000000000000000000, 0.000000000000000000, 1.000000000000000000 ) ) ;
#1560 = VERTEX_POINT ( 'NONE', #607 ) ;
#1561 = B_SPLINE_CURVE_WITH_KNOTS ( 'NONE', 3,
 ( #556, #1346, #1578, #313, #307, #1091 ),
 .UNSPECIFIED., .F., .F.,
 ( 4, 2, 4 ),
 ( 0.000000000000000000, 0.0008675313348262822044, 0.001735062669652564409 ),
 .UNSPECIFIED. ) ;
#1562 = DIRECTION ( 'NONE',  ( -1.734723475976808672E-15, 1.000000000000000000, 0.000000000000000000 ) ) ;
#1563 = AXIS2_PLACEMENT_3D ( 'NONE', #288, #1202, #436 ) ;
#1564 = SPHERICAL_SURFACE ( 'NONE', #252, 1.000000000000000000 ) ;
#1565 = ORIENTED_EDGE ( 'NONE', *, *, #1536, .F. ) ;
#1566 = CIRCLE ( 'NONE', #411, 20.50000000000000000 ) ;
#1567 = AXIS2_PLACEMENT_3D ( 'NONE', #647, #34, #1044 ) ;
#1568 = DIRECTION ( 'NONE',  ( 1.000000000000000000, 7.806255641895631925E-15, 0.000000000000000000 ) ) ;
#1569 = TOROIDAL_SURFACE ( 'NONE', #569, 3.000000000000000000, 1.000000000000000000 ) ;
#1570 = AXIS2_PLACEMENT_3D ( 'NONE', #427, #1283, #530 ) ;
#1571 = EDGE_CURVE ( 'NONE', #1171, #514, #1316, .T. ) ;
#1572 = CARTESIAN_POINT ( 'NONE',  ( 0.000000000000000000, 0.000000000000000000, 24.00000000000000000 ) ) ;
#1573 = VERTEX_POINT ( 'NONE', #1226 ) ;
#1574 = DIRECTION ( 'NONE',  ( 0.7857142857142858094, -0.6185895741317417595, 0.000000000000000000 ) ) ;
#1575 = ORIENTED_EDGE ( 'NONE', *, *, #1637, .F. ) ;
#1576 = EDGE_CURVE ( 'NONE', #1598, #958, #991, .T. ) ;
#1577 = DIRECTION ( 'NONE',  ( 0.000000000000000000, 0.000000000000000000, -1.000000000000000000 ) ) ;
#1578 = CARTESIAN_POINT ( 'NONE',  ( 13.15827317459300971, 9.106182382338069203, 0.3899711533270411312 ) ) ;
#1579 = ORIENTED_EDGE ( 'NONE', *, *, #242, .T. ) ;
#1580 = CARTESIAN_POINT ( 'NONE',  ( 0.000000000000000000, 0.000000000000000000, -6.299999999999999822 ) ) ;
#1581 = CARTESIAN_POINT ( 'NONE',  ( 13.82241893294551183, 8.060542376365818384, 0.01134302622543708304 ) ) ;
#1582 = VERTEX_POINT ( 'NONE', #478 ) ;
#1583 = ORIENTED_EDGE ( 'NONE', *, *, #1194, .F. ) ;
#1584 = CARTESIAN_POINT ( 'NONE',  ( -13.99999999999999822, -7.745966692414835819, 0.000000000000000000 ) ) ;
#1585 = CARTESIAN_POINT ( 'NONE',  ( 13.00000000000000178, 13.57387196049822542, 20.00000000000000000 ) ) ;
#1586 = ORIENTED_EDGE ( 'NONE', *, *, #1571, .F. ) ;
#1587 = CARTESIAN_POINT ( 'NONE',  ( 0.000000000000000000, 0.000000000000000000, 20.00000000000000000 ) ) ;
#1588 = CARTESIAN_POINT ( 'NONE',  ( 13.45362404707370807, 8.660254037844390851, 0.1624599603219643029 ) ) ;
#1589 = ADVANCED_FACE ( 'NONE', ( #1617 ), #1628, .F. ) ;
#1590 = AXIS2_PLACEMENT_3D ( 'NONE', #817, #167, #1593 ) ;
#1591 = ORIENTED_EDGE ( 'NONE', *, *, #156, .T. ) ;
#1592 = VECTOR ( 'NONE', #823, 1000.000000000000000 ) ;
#1593 = DIRECTION ( 'NONE',  ( 0.000000000000000000, 0.000000000000000000, 1.000000000000000000 ) ) ;
#1594 = DIRECTION ( 'NONE',  ( 1.000000000000000000, -2.664535259100375697E-15, 0.000000000000000000 ) ) ;
#1595 = VECTOR ( 'NONE', #1372, 1000.000000000000000 ) ;
#1596 = FACE_OUTER_BOUND ( 'NONE', #842, .T. ) ;
#1597 = CARTESIAN_POINT ( 'NONE',  ( -13.00000000000000000, -10.23484568108891857, 19.89072354283027622 ) ) ;
#1598 = VERTEX_POINT ( 'NONE', #1246 ) ;
#1599 = ADVANCED_FACE ( 'NONE', ( #357 ), #1348, .T. ) ;
#1600 = ORIENTED_EDGE ( 'NONE', *, *, #1178, .T. ) ;
#1601 = CARTESIAN_POINT ( 'NONE',  ( 0.000000000000000000, 0.000000000000000000, 0.000000000000000000 ) ) ;
#1602 = CARTESIAN_POINT ( 'NONE',  ( 13.00000000000000355, -9.673965460636786418, 19.66205263220956567 ) ) ;
#1603 = DIRECTION ( 'NONE',  ( 0.000000000000000000, 0.000000000000000000, 1.000000000000000000 ) ) ;
#1604 = FACE_OUTER_BOUND ( 'NONE', #1401, .T. ) ;
#1605 = PLANE ( 'NONE',  #1620 ) ;
#1606 = EDGE_LOOP ( 'NONE', ( #26, #1438, #856, #488 ) ) ;
#1607 = CARTESIAN_POINT ( 'NONE',  ( -16.00000000000000000, 1.959434878635765131E-15, -2.000000000000000000 ) ) ;
#1608 = DIRECTION ( 'NONE',  ( 1.000000000000000000, 0.000000000000000000, 0.000000000000000000 ) ) ;
#1609 = CARTESIAN_POINT ( 'NONE',  ( 0.000000000000000000, 0.000000000000000000, -6.299999999999999822 ) ) ;
#1610 = EDGE_CURVE ( 'NONE', #444, #115, #356, .T. ) ;
#1611 = DIRECTION ( 'NONE',  ( 0.000000000000000000, -0.000000000000000000, -1.000000000000000000 ) ) ;
#1612 = ORIENTED_EDGE ( 'NONE', *, *, #1294, .F. ) ;
#1613 = DIRECTION ( 'NONE',  ( -0.7857142857142864756, 0.6185895741317408714, 0.000000000000000000 ) ) ;
#1614 = VERTEX_POINT ( 'NONE', #1491 ) ;
#1615 = DIRECTION ( 'NONE',  ( 1.000000000000000000, 0.000000000000000000, 0.000000000000000000 ) ) ;
#1616 = AXIS2_PLACEMENT_3D ( 'NONE', #693, #43, #1608 ) ;
#1617 = FACE_OUTER_BOUND ( 'NONE', #1409, .T. ) ;
#1618 = VERTEX_POINT ( 'NONE', #737 ) ;
#1619 = EDGE_CURVE ( 'NONE', #251, #703, #441, .T. ) ;
#1620 = AXIS2_PLACEMENT_3D ( 'NONE', #697, #299, #576 ) ;
#1621 = CARTESIAN_POINT ( 'NONE',  ( 17.50000000000000355, 0.000000000000000000, -2.500000000000000000 ) ) ;
#1622 = VERTEX_POINT ( 'NONE', #1255 ) ;
#1623 = CIRCLE ( 'NONE', #496, 1.000000000000000888 ) ;
#1624 = AXIS2_PLACEMENT_3D ( 'NONE', #623, #500, #1009 ) ;
#1625 = ORIENTED_EDGE ( 'NONE', *, *, #526, .F. ) ;
#1626 = LINE ( 'NONE', #724, #64 ) ;
#1627 = EDGE_CURVE ( 'NONE', #44, #2, #595, .T. ) ;
#1628 = CYLINDRICAL_SURFACE ( 'NONE', #829, 2.000000000000000000 ) ;
#1629 = CARTESIAN_POINT ( 'NONE',  ( -12.86685093365379196, -9.513509214204324493, 0.6796107286563161098 ) ) ;
#1630 = CARTESIAN_POINT ( 'NONE',  ( 13.39985938183118286, -14.39022181348005525, 19.99999999999999645 ) ) ;
#1631 = CARTESIAN_POINT ( 'NONE',  ( -16.50000000000000000, 2.020667218593133100E-15, -2.500000000000000000 ) ) ;
#1632 = ORIENTED_EDGE ( 'NONE', *, *, #210, .F. ) ;
#1633 = VERTEX_POINT ( 'NONE', #612 ) ;
#1634 = DIRECTION ( 'NONE',  ( -0.000000000000000000, 0.000000000000000000, 1.000000000000000000 ) ) ;
#1635 = DIRECTION ( 'NONE',  ( 0.000000000000000000, 0.000000000000000000, 1.000000000000000000 ) ) ;
#1636 = CARTESIAN_POINT ( 'NONE',  ( -13.15827317459300794, -9.106182382338065651, 0.3899711533270411867 ) ) ;
#1637 = EDGE_CURVE ( 'NONE', #474, #631, #339, .T. ) ;
#1638 = DIRECTION ( 'NONE',  ( 1.000000000000000000, 0.000000000000000000, 0.000000000000000000 ) ) ;
#1639 = DIRECTION ( 'NONE',  ( 1.000000000000000000, 0.000000000000000000, 0.000000000000000000 ) ) ;
#1640 = ORIENTED_EDGE ( 'NONE', *, *, #766, .T. ) ;
#1641 = VERTEX_POINT ( 'NONE', #460 ) ;
#1642 = EDGE_CURVE ( 'NONE', #1385, #215, #1155, .T. ) ;
#1643 = DIRECTION ( 'NONE',  ( -0.000000000000000000, 0.000000000000000000, -1.000000000000000000 ) ) ;
#1644 = DIRECTION ( 'NONE',  ( 1.000000000000000000, 0.000000000000000000, 0.000000000000000000 ) ) ;
#1645 = SURFACE_STYLE_USAGE ( .BOTH. , #130 ) ;
#1646 = AXIS2_PLACEMENT_3D ( 'NONE', #295, #446, #1195 ) ;
#1647 = CARTESIAN_POINT ( 'NONE',  ( 11.00000000000000178, -8.660254037844387298, 1.000000000000000000 ) ) ;
#1648 = DIRECTION ( 'NONE',  ( 0.000000000000000000, -1.000000000000000000, 0.000000000000000000 ) ) ;
#1649 = ORIENTED_EDGE ( 'NONE', *, *, #129, .T. ) ;
#1650 = CIRCLE ( 'NONE', #1567, 16.00000000000000000 ) ;
#1651 = EDGE_CURVE ( 'NONE', #504, #248, #1375, .T. ) ;
#1652 = VECTOR ( 'NONE', #752, 1000.000000000000000 ) ;
#1653 = CARTESIAN_POINT ( 'NONE',  ( -13.00000000000000000, 8.660254037844389075, 1.000000000000000000 ) ) ;
#1654 = CARTESIAN_POINT ( 'NONE',  ( 0.000000000000000000, 0.000000000000000000, 19.00000000000000000 ) ) ;
#1655 = ORIENTED_EDGE ( 'NONE', *, *, #129, .F. ) ;
#1656 = APPLICATION_PROTOCOL_DEFINITION ( 'draft international standard', 'automotive_design', 1998, #61 ) ;
#1657 = DIRECTION ( 'NONE',  ( 0.000000000000000000, 0.000000000000000000, 1.000000000000000000 ) ) ;
#1658 = FACE_OUTER_BOUND ( 'NONE', #1280, .T. ) ;
#1659 = EDGE_CURVE ( 'NONE', #698, #901, #994, .T. ) ;
#1660 = DIRECTION ( 'NONE',  ( 1.000000000000000000, 0.000000000000000000, 0.000000000000000000 ) ) ;
#1661 = ORIENTED_EDGE ( 'NONE', *, *, #864, .F. ) ;
ENDSEC;
END-ISO-10303-21;
