ISO-10303-21;
HEADER;
FILE_DESCRIPTION (( 'STEP AP214' ),
    '1' );
FILE_NAME ('Bladder_Mold_Bottom.STEP',
    '2025-10-13T15:18:06',
    ( '' ),
    ( '' ),
    'SwSTEP 2.0',
    'SolidWorks 2025',
    '' );
FILE_SCHEMA (( 'AUTOMOTIVE_DESIGN' ));
ENDSEC;

DATA;
#1 = ORIENTED_EDGE ( 'NONE', *, *, #1072, .T. ) ;
#2 = CARTESIAN_POINT ( 'NONE',  ( 0.000000000000000000, -9.000000000000001776, 7.000000000000000888 ) ) ;
#3 = CARTESIAN_POINT ( 'NONE',  ( 7.194117647058824616, -6.582352941176469407, 6.600000000000000533 ) ) ;
#4 = CARTESIAN_POINT ( 'NONE',  ( 10.91764705882352793, -6.299999999999999822, 6.600000000000000533 ) ) ;
#5 = CARTESIAN_POINT ( 'NONE',  ( 12.04705882352941160, -6.299999999999999822, 6.600000000000000533 ) ) ;
#6 = CARTESIAN_POINT ( 'NONE',  ( 8.698615620852008234, -2.305190753856581232, 6.599999999999999645 ) ) ;
#7 = CARTESIAN_POINT ( 'NONE',  ( 14.02022058823529349, -6.441176470588234615, 7.000000000000001776 ) ) ;
#8 = CARTESIAN_POINT ( 'NONE',  ( 14.32717853708332711, -3.140805843584632662, 7.000000000000000888 ) ) ;
#9 = VECTOR ( 'NONE', #1105, 1000.000000000000000 ) ;
#10 = CYLINDRICAL_SURFACE ( 'NONE', #1706, 1.000000000000000888 ) ;
#11 = EDGE_CURVE ( 'NONE', #1213, #1127, #1203, .T. ) ;
#12 = ADVANCED_FACE ( 'NONE', ( #2943 ), #1745, .T. ) ;
#13 = CARTESIAN_POINT ( 'NONE',  ( 7.478084662732910282, -1.916752810210594848, 6.999999999999999112 ) ) ;
#14 = ORIENTED_EDGE ( 'NONE', *, *, #1518, .F. ) ;
#15 = CARTESIAN_POINT ( 'NONE',  ( 8.844117647058824971, -2.276470588235293135, 6.600000000000000533 ) ) ;
#16 = CARTESIAN_POINT ( 'NONE',  ( 12.39999999999999858, -3.261397058823528816, 7.000000000000000888 ) ) ;
#17 = EDGE_LOOP ( 'NONE', ( #792, #107, #2685, #2122 ) ) ;
#18 = PLANE ( 'NONE',  #2914 ) ;
#19 = CARTESIAN_POINT ( 'NONE',  ( 8.550775240387414655, -6.000000000000000000, 0.09999999999999890921 ) ) ;
#20 = DIRECTION ( 'NONE',  ( 1.000000000000000000, -0.000000000000000000, -0.000000000000000000 ) ) ;
#21 = CARTESIAN_POINT ( 'NONE',  ( 5.138853031627050427, -3.679768747027841069, 6.999999999999999112 ) ) ;
#22 = LINE ( 'NONE', #501, #332 ) ;
#23 = VECTOR ( 'NONE', #1660, 1000.000000000000000 ) ;
#24 = CARTESIAN_POINT ( 'NONE',  ( 8.811147627226864287, -3.814415872631197413, 6.999999999999999112 ) ) ;
#25 = CARTESIAN_POINT ( 'NONE',  ( 8.527667468911243276, -2.670772664561498644, 6.600000000000002309 ) ) ;
#26 = CARTESIAN_POINT ( 'NONE',  ( 9.993941097320586664, -1.694732403274157972, 6.600000000000003197 ) ) ;
#27 = CARTESIAN_POINT ( 'NONE',  ( 13.66174312916047029, -4.486282729355410837, 7.000000000000000888 ) ) ;
#28 = PLANE ( 'NONE',  #2341 ) ;
#29 = DIRECTION ( 'NONE',  ( 0.000000000000000000, 0.000000000000000000, 1.000000000000000000 ) ) ;
#30 = CARTESIAN_POINT ( 'NONE',  ( 15.21747050908528820, -1.694732403274157528, 6.600000000000002309 ) ) ;
#31 = ORIENTED_EDGE ( 'NONE', *, *, #734, .F. ) ;
#32 = LINE ( 'NONE', #1700, #1414 ) ;
#33 = CIRCLE ( 'NONE', #2883, 1.000000000000000888 ) ;
#34 = ORIENTED_EDGE ( 'NONE', *, *, #3071, .T. ) ;
#35 = DIRECTION ( 'NONE',  ( 0.000000000000000000, -0.000000000000000000, 1.000000000000000000 ) ) ;
#36 = LINE ( 'NONE', #1936, #2686 ) ;
#37 = CARTESIAN_POINT ( 'NONE',  ( 14.39411764705882213, -2.758455882352940591, 6.600000000000000533 ) ) ;
#38 = B_SPLINE_CURVE_WITH_KNOTS ( 'NONE', 3,
 ( #1792, #2757, #592, #1122, #3039, #610, #2551, #1404, #1155, #1106, #1359, #411, #163, #2325, #2520, #1584, #1567, #902, #176, #2294, #380, #2064, #1803, #871, #2340, #884, #428 ),
 .UNSPECIFIED., .F., .F.,
 ( 4, 1, 1, 1, 1, 1, 1, 1, 1, 1, 1, 1, 1, 1, 1, 1, 1, 1, 1, 1, 1, 1, 1, 1, 4 ),
 ( 0.000000000000000000, 0.03233836612938372629, 0.06535045975697141574, 0.09914269457500862748, 0.1335436458252357017, 0.1692560224231898780, 0.2055102093036293431, 0.2431765376944867163, 0.2819144820702519927, 0.3032919227675339169, 0.3273814436838706210, 0.3549399424438569040, 0.3856069936089843164, 0.4192532667432052329, 0.4561582912936343881, 0.4961894850518845379, 0.5395856280371508218, 0.5860259654031484411, 0.6356868246814194601, 0.6884831127618969981, 0.7443358704240018442, 0.8034075275879936084, 0.8657711897571781501, 0.9313529862909942780, 1.000000000000000000 ),
 .UNSPECIFIED. ) ;
#39 = AXIS2_PLACEMENT_3D ( 'NONE', #641, #2770, #1598 ) ;
#40 = CARTESIAN_POINT ( 'NONE',  ( 7.252638763675530065, -6.485701164710222955, 6.600000000000001421 ) ) ;
#41 = CARTESIAN_POINT ( 'NONE',  ( 8.517681207089992768, -2.890798520054167042, 7.000000000000001776 ) ) ;
#42 = CARTESIAN_POINT ( 'NONE',  ( 10.39031021299685520, -2.164680255633829375, 6.599999999999998757 ) ) ;
#43 = CARTESIAN_POINT ( 'NONE',  ( 13.75354230231594954, -4.323084654257449699, 6.600000000000001421 ) ) ;
#44 = CARTESIAN_POINT ( 'NONE',  ( 13.92786353637925600, -1.360421891417595841, 6.600000000000001421 ) ) ;
#45 = ORIENTED_EDGE ( 'NONE', *, *, #191, .F. ) ;
#46 = CARTESIAN_POINT ( 'NONE',  ( 9.973769469462601123, -4.621691167227703900, 7.000000000000000000 ) ) ;
#47 = EDGE_LOOP ( 'NONE', ( #662, #1976, #1107, #1062, #1288, #989 ) ) ;
#48 = CARTESIAN_POINT ( 'NONE',  ( 8.989013188388481623, -2.302902050922903676, 7.000000000000001776 ) ) ;
#49 = ORIENTED_EDGE ( 'NONE', *, *, #2649, .T. ) ;
#50 = DIRECTION ( 'NONE',  ( 0.000000000000000000, 0.000000000000000000, 1.000000000000000000 ) ) ;
#51 = CARTESIAN_POINT ( 'NONE',  ( 8.517647058823531125, -2.921691176470587958, 6.600000000000000533 ) ) ;
#52 = CARTESIAN_POINT ( 'NONE',  ( 4.952941176470589291, -5.761764705882353788, 6.600000000000000533 ) ) ;
#53 = CARTESIAN_POINT ( 'NONE',  ( 30.00000000000000000, 169.0000000000000000, 3.000000000000000000 ) ) ;
#54 = EDGE_CURVE ( 'NONE', #2238, #1395, #1988, .T. ) ;
#55 = CIRCLE ( 'NONE', #2186, 6.450000000000000178 ) ;
#56 = CARTESIAN_POINT ( 'NONE',  ( 8.909232517611929580, -3.620588089578936408, 7.000000000000000888 ) ) ;
#57 = ORIENTED_EDGE ( 'NONE', *, *, #705, .T. ) ;
#58 = CARTESIAN_POINT ( 'NONE',  ( 9.170588235294118817, -2.758455882352940591, 6.600000000000000533 ) ) ;
#59 = ORIENTED_EDGE ( 'NONE', *, *, #2199, .F. ) ;
#60 = DIRECTION ( 'NONE',  ( -1.000000000000000000, 0.000000000000000000, -0.000000000000000000 ) ) ;
#61 = AXIS2_PLACEMENT_3D ( 'NONE', #98, #2430, #817 ) ;
#62 = EDGE_LOOP ( 'NONE', ( #541, #2850, #2643, #31 ) ) ;
#63 = DIRECTION ( 'NONE',  ( -1.000000000000000000, 0.000000000000000000, -0.000000000000000000 ) ) ;
#64 = EDGE_CURVE ( 'NONE', #677, #76, #1524, .T. ) ;
#65 = B_SPLINE_CURVE_WITH_KNOTS ( 'NONE', 3,
 ( #448, #2363, #1228, #1698, #259, #988, #2161, #2657, #30, #509, #1930, #2395, #2897, #743, #581, #122, #1541, #1777, #2976 ),
 .UNSPECIFIED., .F., .F.,
 ( 4, 1, 1, 1, 1, 1, 1, 1, 1, 1, 1, 1, 1, 1, 1, 1, 4 ),
 ( 0.000000000000000000, 0.07978038261732485481, 0.1549966759828371732, 0.2260262074332097526, 0.2930463131284858358, 0.3574699384536035862, 0.4190577750378779442, 0.4785681621137724551, 0.5377311650149058098, 0.5959078447940504564, 0.6525497461507092645, 0.7088040383606813988, 0.7647012907638117696, 0.8211145403181796532, 0.8789431283378744686, 0.9382943128318724790, 1.000000000000000000 ),
 .UNSPECIFIED. ) ;
#66 = AXIS2_PLACEMENT_3D ( 'NONE', #632, #142, #3013 ) ;
#67 = PRODUCT_DEFINITION_CONTEXT ( 'detailed design', #700, 'design' ) ;
#68 = ORIENTED_EDGE ( 'NONE', *, *, #2085, .F. ) ;
#69 = CARTESIAN_POINT ( 'NONE',  ( 2.899999999999999911, 0.000000000000000000, 0.000000000000000000 ) ) ;
#70 = CARTESIAN_POINT ( 'NONE',  ( 12.39999999999999858, -7.500000000000000000, 7.000000000000000888 ) ) ;
#71 = CARTESIAN_POINT ( 'NONE',  ( 4.726162463976020689, -3.248523952013490756, 7.000000000000002665 ) ) ;
#72 = EDGE_CURVE ( 'NONE', #666, #278, #580, .T. ) ;
#73 = CARTESIAN_POINT ( 'NONE',  ( 5.238602941176470296, -2.596323529411763698, 7.000000000000000888 ) ) ;
#74 = VECTOR ( 'NONE', #885, 1000.000000000000000 ) ;
#75 = LINE ( 'NONE', #1027, #2870 ) ;
#76 = VERTEX_POINT ( 'NONE', #840 ) ;
#77 = VECTOR ( 'NONE', #2823, 1000.000000000000000 ) ;
#78 = SURFACE_SIDE_STYLE ('',( #2219 ) ) ;
#79 = CARTESIAN_POINT ( 'NONE',  ( 12.59020566516398354, -6.297360158885916270, 6.600000000000001421 ) ) ;
#80 = ORIENTED_EDGE ( 'NONE', *, *, #524, .T. ) ;
#81 = CARTESIAN_POINT ( 'NONE',  ( 30.00000000000000000, 0.000000000000000000, 5.999999999999992895 ) ) ;
#82 = VERTEX_POINT ( 'NONE', #368 ) ;
#83 = ORIENTED_EDGE ( 'NONE', *, *, #1342, .T. ) ;
#84 = CARTESIAN_POINT ( 'NONE',  ( 6.964705882352941302, -1.499999999999998668, 7.000000000000000888 ) ) ;
#85 = PLANE ( 'NONE',  #2972 ) ;
#86 = CARTESIAN_POINT ( 'NONE',  ( 14.06764705882352828, -2.276470588235293135, 7.000000000000000888 ) ) ;
#87 = FACE_OUTER_BOUND ( 'NONE', #878, .T. ) ;
#88 = CARTESIAN_POINT ( 'NONE',  ( 7.836987248899290215, -5.511966128881380378, 6.599999999999999645 ) ) ;
#89 = ORIENTED_EDGE ( 'NONE', *, *, #519, .T. ) ;
#90 = CARTESIAN_POINT ( 'NONE',  ( 10.56185789775651784, -3.049507983706079450, 6.600000000000002309 ) ) ;
#91 = B_SPLINE_CURVE_WITH_KNOTS ( 'NONE', 3,
 ( #2262, #2504, #625, #2769, #1330, #135, #883, #839, #2292, #590, #3038, #1802, #379, #1387, #2796, #2045, #1551, #2565, #366 ),
 .UNSPECIFIED., .F., .F.,
 ( 4, 1, 1, 1, 1, 1, 1, 1, 1, 1, 1, 1, 1, 1, 1, 1, 4 ),
 ( 0.000000000000000000, 0.08139563477395464486, 0.1540355650068307158, 0.2176072054905874575, 0.2722793937359643257, 0.3233038746443256950, 0.3759210310763163587, 0.4306915252434624919, 0.4886151326871890355, 0.5475014344304887093, 0.6056573898398994737, 0.6644397328713907980, 0.7245362256938467915, 0.7874448363049996180, 0.8538334618786097563, 0.9243087280376095505, 1.000000000000000000 ),
 .UNSPECIFIED. ) ;
#92 = EDGE_CURVE ( 'NONE', #1256, #344, #38, .T. ) ;
#93 = CARTESIAN_POINT ( 'NONE',  ( 12.39999999999999858, -3.261397058823528816, 7.000000000000000888 ) ) ;
#94 = CARTESIAN_POINT ( 'NONE',  ( 12.47616817544023426, -6.485701164710222066, 6.600000000000001421 ) ) ;
#95 = VERTEX_POINT ( 'NONE', #1140 ) ;
#96 = CARTESIAN_POINT ( 'NONE',  ( 9.801099764148231586, -4.906429620087931376, 7.000000000000002665 ) ) ;
#97 = ORIENTED_EDGE ( 'NONE', *, *, #1791, .T. ) ;
#98 = CARTESIAN_POINT ( 'NONE',  ( 15.00000000000000178, 169.0000000000000000, 0.000000000000000000 ) ) ;
#99 = VERTEX_POINT ( 'NONE', #1832 ) ;
#100 = CARTESIAN_POINT ( 'NONE',  ( 1.000000000000000000, -9.000000000000001776, 6.000000000000000888 ) ) ;
#101 = CARTESIAN_POINT ( 'NONE',  ( 10.22665347782604250, -4.174562649691596405, 7.000000000000002665 ) ) ;
#102 = EDGE_CURVE ( 'NONE', #1835, #2792, #2080, .T. ) ;
#103 = CARTESIAN_POINT ( 'NONE',  ( 14.06764705882352828, -2.276470588235293135, 6.600000000000000533 ) ) ;
#104 = CARTESIAN_POINT ( 'NONE',  ( 0.000000000000000000, -10.00000000000000000, 6.000000000000000888 ) ) ;
#105 = B_SPLINE_SURFACE_WITH_KNOTS ( 'NONE', 3, 1, ( 
 ( #331, #1326 ),
 ( #1787, #2229 ),
 ( #1038, #2748 ),
 ( #1983, #2952 ),
 ( #1054, #2712 ),
 ( #586, #2259 ),
 ( #1338, #1086 ),
 ( #804, #1756 ),
 ( #2027, #3003 ),
 ( #850, #2766 ),
 ( #603, #648 ) ),
 .UNSPECIFIED., .F., .F., .F.,
 ( 4, 1, 1, 1, 1, 1, 1, 1, 4 ),
 ( 2, 2 ),
 ( 0.000000000000000000, 0.1423605791776208496, 0.2795409537655422771, 0.4120544316284847630, 0.5393877434263835147, 0.6620542508623459277, 0.7795406429867911546, 0.8923603451553445698, 1.000000000000000000 ),
 ( 0.000000000000000000, 1.000000000000000000 ),
 .UNSPECIFIED. ) ;
#106 = CARTESIAN_POINT ( 'NONE',  ( 13.55849466607734932, -4.662523910439277941, 6.600000000000000533 ) ) ;
#107 = ORIENTED_EDGE ( 'NONE', *, *, #316, .F. ) ;
#108 = ADVANCED_FACE ( 'NONE', ( #672 ), #1820, .T. ) ;
#109 = VERTEX_POINT ( 'NONE', #626 ) ;
#110 = CARTESIAN_POINT ( 'NONE',  ( 14.21043523221662852, -1.361988015459638213, 7.000000000000000888 ) ) ;
#111 = EDGE_CURVE ( 'NONE', #2655, #1543, #2813, .T. ) ;
#112 = CARTESIAN_POINT ( 'NONE',  ( 14.13276192937663467, -3.620588089578936408, 7.000000000000000888 ) ) ;
#113 = ORIENTED_EDGE ( 'NONE', *, *, #591, .F. ) ;
#114 = CARTESIAN_POINT ( 'NONE',  ( 5.173063613483675383, -3.305873338254285088, 6.600000000000002309 ) ) ;
#115 = CARTESIAN_POINT ( 'NONE',  ( 8.848010919272470076, -6.365585828466783447, 6.600000000000001421 ) ) ;
#116 = CARTESIAN_POINT ( 'NONE',  ( 13.92214503261670799, -2.305190753856581232, 7.000000000000000000 ) ) ;
#117 = CARTESIAN_POINT ( 'NONE',  ( 8.796691176470590179, -6.441176470588234615, 7.000000000000000888 ) ) ;
#118 = VECTOR ( 'NONE', #400, 1000.000000000000000 ) ;
#119 = CARTESIAN_POINT ( 'NONE',  ( 15.75292485663732833, -3.314245222160256965, 6.600000000000001421 ) ) ;
#120 = CARTESIAN_POINT ( 'NONE',  ( 14.28783025014866759, -3.254475232851130162, 6.599999999999998757 ) ) ;
#121 = ORIENTED_EDGE ( 'NONE', *, *, #1296, .T. ) ;
#122 = CARTESIAN_POINT ( 'NONE',  ( 15.76187910815784043, -2.597230362318973196, 6.600000000000000533 ) ) ;
#123 = LINE ( 'NONE', #1077, #1493 ) ;
#124 = ORIENTED_EDGE ( 'NONE', *, *, #2882, .F. ) ;
#125 = DIRECTION ( 'NONE',  ( -0.000000000000000000, 0.000000000000000000, 1.000000000000000000 ) ) ;
#126 = FACE_OUTER_BOUND ( 'NONE', #2328, .T. ) ;
#127 = ORIENTED_EDGE ( 'NONE', *, *, #2437, .F. ) ;
#128 = CARTESIAN_POINT ( 'NONE',  ( 14.07175142032573767, -1.359898864068360691, 7.000000000000000888 ) ) ;
#129 = DIRECTION ( 'NONE',  ( -0.1312087190280829818, -0.9913547659899605291, 0.000000000000000000 ) ) ;
#130 = CARTESIAN_POINT ( 'NONE',  ( 28.99999999999999645, -9.000000000000001776, 6.000000000000000888 ) ) ;
#131 = LINE ( 'NONE', #1564, #723 ) ;
#132 = LINE ( 'NONE', #604, #1120 ) ;
#133 = EDGE_CURVE ( 'NONE', #2569, #1178, #2280, .T. ) ;
#134 = VECTOR ( 'NONE', #835, 1000.000000000000000 ) ;
#135 = CARTESIAN_POINT ( 'NONE',  ( 7.223825659441352798, -2.484588863844385376, 6.599999999999999645 ) ) ;
#136 = ORIENTED_EDGE ( 'NONE', *, *, #605, .T. ) ;
#137 = CARTESIAN_POINT ( 'NONE',  ( 15.72515541783368498, -3.449795804609073979, 6.999999999999999112 ) ) ;
#138 = CARTESIAN_POINT ( 'NONE',  ( 5.341176470588235858, -1.499999999999998668, 7.000000000000000888 ) ) ;
#139 = CARTESIAN_POINT ( 'NONE',  ( 15.72694733239093523, -2.445820818614690140, 6.599999999999997868 ) ) ;
#140 = CARTESIAN_POINT ( 'NONE',  ( 7.202878168066381370, -2.645489834037155763, 6.599999999999998757 ) ) ;
#141 = ORIENTED_EDGE ( 'NONE', *, *, #2844, .T. ) ;
#142 = DIRECTION ( 'NONE',  ( -1.495451272393799296E-16, 0.000000000000000000, -1.000000000000000000 ) ) ;
#143 = CARTESIAN_POINT ( 'NONE',  ( 8.517681207089992768, -2.890798520054167042, 7.000000000000000888 ) ) ;
#144 = CARTESIAN_POINT ( 'NONE',  ( 9.376198347905777553, -1.416828137547501365, 6.599999999999998757 ) ) ;
#145 = LINE ( 'NONE', #1340, #2354 ) ;
#146 = CARTESIAN_POINT ( 'NONE',  ( 14.04170253219049336, -2.277716052005691161, 6.600000000000001421 ) ) ;
#147 = VECTOR ( 'NONE', #2266, 1000.000000000000000 ) ;
#148 = CARTESIAN_POINT ( 'NONE',  ( 15.64397726910794439, -3.725594365504438787, 6.599999999999998757 ) ) ;
#149 = DIRECTION ( 'NONE',  ( 1.000000000000000000, 0.000000000000000000, 0.000000000000000000 ) ) ;
#150 = ORIENTED_EDGE ( 'NONE', *, *, #2584, .F. ) ;
#151 = DIRECTION ( 'NONE',  ( 0.000000000000000000, 0.000000000000000000, -1.000000000000000000 ) ) ;
#152 = CARTESIAN_POINT ( 'NONE',  ( 14.93566464547890149, -1.528213786405475227, 6.600000000000000533 ) ) ;
#153 = CARTESIAN_POINT ( 'NONE',  ( 7.223825659441352798, -2.484588863844385376, 6.599999999999999645 ) ) ;
#154 = ORIENTED_EDGE ( 'NONE', *, *, #2410, .T. ) ;
#155 = DIRECTION ( 'NONE',  ( -0.000000000000000000, -1.000000000000000000, -0.000000000000000000 ) ) ;
#156 = CARTESIAN_POINT ( 'NONE',  ( 5.227925755732598212, -2.711395634496873264, 7.000000000000000888 ) ) ;
#157 = CARTESIAN_POINT ( 'NONE',  ( 13.92214503261670799, -2.305190753856581232, 7.000000000000000000 ) ) ;
#158 = LINE ( 'NONE', #880, #2061 ) ;
#159 = EDGE_CURVE ( 'NONE', #2221, #2223, #2096, .T. ) ;
#160 = AXIS2_PLACEMENT_3D ( 'NONE', #2638, #1191, #1879 ) ;
#161 = CARTESIAN_POINT ( 'NONE',  ( 9.131575980793479985, -3.033909099944821719, 7.000000000000000000 ) ) ;
#162 = CARTESIAN_POINT ( 'NONE',  ( 15.78538730952121938, -3.049507983706079006, 7.000000000000001776 ) ) ;
#163 = CARTESIAN_POINT ( 'NONE',  ( 15.39831562099316820, -4.271077606315657249, 6.599999999999999645 ) ) ;
#164 = CARTESIAN_POINT ( 'NONE',  ( 12.93309302556899354, -1.673122836829341153, 6.999999999999999112 ) ) ;
#165 = EDGE_LOOP ( 'NONE', ( #150, #1915, #1797, #415 ) ) ;
#166 = LINE ( 'NONE', #1603, #1166 ) ;
#167 = VECTOR ( 'NONE', #1320, 1000.000000000000000 ) ;
#168 = CARTESIAN_POINT ( 'NONE',  ( 8.536056009925824029, -2.602133346995949115, 7.000000000000000000 ) ) ;
#169 = EDGE_LOOP ( 'NONE', ( #2589, #1848, #573, #1491 ) ) ;
#170 = CARTESIAN_POINT ( 'NONE',  ( 8.796691176470590179, -6.441176470588234615, 6.600000000000000533 ) ) ;
#171 = DIRECTION ( 'NONE',  ( -1.000000000000000000, 0.000000000000000000, 0.000000000000000000 ) ) ;
#172 = CARTESIAN_POINT ( 'NONE',  ( 15.19729888122730266, -4.621691167227703900, 7.000000000000000000 ) ) ;
#173 = CARTESIAN_POINT ( 'NONE',  ( 7.366676253399278451, -6.297360158885915382, 7.000000000000000888 ) ) ;
#174 = CARTESIAN_POINT ( 'NONE',  ( 15.49356228767937971, -4.087575816759381198, 6.600000000000002309 ) ) ;
#175 = AXIS2_PLACEMENT_3D ( 'NONE', #2104, #663, #3077 ) ;
#176 = CARTESIAN_POINT ( 'NONE',  ( 14.92424525736595520, -5.062624897365417098, 6.600000000000001421 ) ) ;
#177 = EDGE_CURVE ( 'NONE', #1496, #1568, #394, .T. ) ;
#178 = CARTESIAN_POINT ( 'NONE',  ( 12.41160152221134005, -2.827708346045784804, 7.000000000000002665 ) ) ;
#179 = CARTESIAN_POINT ( 'NONE',  ( 7.387094340460072850, -2.053921815687308250, 6.600000000000001421 ) ) ;
#180 = ORIENTED_EDGE ( 'NONE', *, *, #111, .F. ) ;
#181 = CARTESIAN_POINT ( 'NONE',  ( 7.176470588235295267, -3.476470588235293757, 7.000000000000000888 ) ) ;
#182 = DIRECTION ( 'NONE',  ( 1.224646799147353207E-16, 0.000000000000000000, 1.000000000000000000 ) ) ;
#183 = VERTEX_POINT ( 'NONE', #1632 ) ;
#184 = DIRECTION ( 'NONE',  ( -0.000000000000000000, -0.000000000000000000, 1.000000000000000000 ) ) ;
#185 = EDGE_LOOP ( 'NONE', ( #2185, #2775, #1427 ) ) ;
#186 = DIRECTION ( 'NONE',  ( -0.000000000000000000, -1.000000000000000000, -0.000000000000000000 ) ) ;
#187 = CARTESIAN_POINT ( 'NONE',  ( 9.230548729709491695, -5.792293568502145718, 7.000000000000000888 ) ) ;
#188 = B_SPLINE_CURVE_WITH_KNOTS ( 'NONE', 3,
 ( #651, #1644, #173, #1165, #423, #2534, #1355, #3098, #668, #1873, #1610, #1185, #638, #1815, #2093, #3037, #3081, #440, #392, #2291, #1400, #1134, #161, #2107, #1118, #3064, #2060 ),
 .UNSPECIFIED., .F., .F.,
 ( 4, 1, 1, 1, 1, 1, 1, 1, 1, 1, 1, 1, 1, 1, 1, 1, 1, 1, 1, 1, 1, 1, 1, 1, 4 ),
 ( 0.000000000000000000, 0.07827633828671931582, 0.1525336090466239691, 0.2231219132570322061, 0.2896040683600175081, 0.3522877825963165455, 0.4110844052557481310, 0.4659940411668905824, 0.5170168191162921589, 0.5641528997498652664, 0.6074968809278183945, 0.6467339618486792618, 0.6823082234005912738, 0.7138766837235936968, 0.7415641451233397907, 0.7655992754982040571, 0.7855327298922762935, 0.8203997083652065925, 0.8530411242244017034, 0.8830309398099085438, 0.9109795874592304665, 0.9363117096487123536, 0.9595453510161894295, 0.9808703259482693948, 1.000000000000000000 ),
 .UNSPECIFIED. ) ;
#189 = EDGE_CURVE ( 'NONE', #2019, #1573, #2738, .T. ) ;
#190 = CARTESIAN_POINT ( 'NONE',  ( 30.00000000000000000, 169.0000000000000000, -13.00000000000000178 ) ) ;
#191 = EDGE_CURVE ( 'NONE', #301, #842, #1386, .T. ) ;
#192 = CARTESIAN_POINT ( 'NONE',  ( 7.584303662962288861, -1.786594521431802640, 6.600000000000002309 ) ) ;
#193 = ORIENTED_EDGE ( 'NONE', *, *, #1537, .F. ) ;
#194 = LINE ( 'NONE', #1425, #2245 ) ;
#195 = CARTESIAN_POINT ( 'NONE',  ( 12.41764705882352793, -6.582352941176469407, 6.600000000000000533 ) ) ;
#196 = EDGE_CURVE ( 'NONE', #2737, #1651, #2715, .T. ) ;
#197 = EDGE_LOOP ( 'NONE', ( #1453, #860, #2069, #831 ) ) ;
#198 = EDGE_CURVE ( 'NONE', #1458, #2221, #855, .T. ) ;
#199 = ORIENTED_EDGE ( 'NONE', *, *, #2731, .F. ) ;
#200 = CARTESIAN_POINT ( 'NONE',  ( 12.39999999999999858, -3.261397058823528816, 6.600000000000000533 ) ) ;
#201 = CARTESIAN_POINT ( 'NONE',  ( 8.848010919272470076, -6.365585828466783447, 7.000000000000001776 ) ) ;
#202 = VECTOR ( 'NONE', #1223, 1000.000000000000000 ) ;
#203 = DIRECTION ( 'NONE',  ( -0.000000000000000000, -0.000000000000000000, 1.000000000000000000 ) ) ;
#204 = CARTESIAN_POINT ( 'NONE',  ( 14.81892444753853155, -5.230488693548616119, 7.000000000000000888 ) ) ;
#205 = CARTESIAN_POINT ( 'NONE',  ( 12.04705882352941160, -6.299999999999999822, 7.000000000000000888 ) ) ;
#206 = CYLINDRICAL_SURFACE ( 'NONE', #160, 6.450000000000000178 ) ;
#207 = VECTOR ( 'NONE', #618, 1000.000000000000000 ) ;
#208 = CARTESIAN_POINT ( 'NONE',  ( 8.361980347370890243, -1.389842632940669453, 7.000000000000001776 ) ) ;
#209 = ORIENTED_EDGE ( 'NONE', *, *, #916, .T. ) ;
#210 = DIRECTION ( 'NONE',  ( 1.000000000000000000, -0.000000000000000000, 0.000000000000000000 ) ) ;
#211 = FACE_OUTER_BOUND ( 'NONE', #1718, .T. ) ;
#212 = ORIENTED_EDGE ( 'NONE', *, *, #2178, .T. ) ;
#213 = CARTESIAN_POINT ( 'NONE',  ( 8.870018489250034222, -2.277898549626389268, 6.599999999999999645 ) ) ;
#214 = VECTOR ( 'NONE', #2733, 1000.000000000000000 ) ;
#215 = ORIENTED_EDGE ( 'NONE', *, *, #1104, .T. ) ;
#216 = FACE_OUTER_BOUND ( 'NONE', #1654, .T. ) ;
#217 = EDGE_CURVE ( 'NONE', #938, #1593, #1863, .T. ) ;
#218 = CARTESIAN_POINT ( 'NONE',  ( 4.564705882352940947, -1.499999999999998668, 6.600000000000000533 ) ) ;
#219 = CARTESIAN_POINT ( 'NONE',  ( 10.11402629641715833, -1.798286785565264889, 6.999999999999999112 ) ) ;
#220 = CARTESIAN_POINT ( 'NONE',  ( 8.818173120425788269, -2.277716052005691161, 6.600000000000001421 ) ) ;
#221 = FACE_OUTER_BOUND ( 'NONE', #1321, .T. ) ;
#222 = FACE_OUTER_BOUND ( 'NONE', #2319, .T. ) ;
#223 = EDGE_CURVE ( 'NONE', #301, #991, #1786, .T. ) ;
#224 = PLANE ( 'NONE',  #757 ) ;
#225 = CARTESIAN_POINT ( 'NONE',  ( 9.129028293713160380, -2.466308339457318421, 6.999999999999998224 ) ) ;
#226 = ORIENTED_EDGE ( 'NONE', *, *, #653, .T. ) ;
#227 = DIRECTION ( 'NONE',  ( -0.000000000000000000, -0.000000000000000000, 1.000000000000000000 ) ) ;
#228 = DIRECTION ( 'NONE',  ( -0.000000000000000000, -0.000000000000000000, 1.000000000000000000 ) ) ;
#229 = VECTOR ( 'NONE', #1921, 1000.000000000000000 ) ;
#230 = EDGE_LOOP ( 'NONE', ( #1028, #275, #212, #215 ) ) ;
#231 = CARTESIAN_POINT ( 'NONE',  ( 13.74127570374233720, -2.831918662295244360, 7.000000000000000000 ) ) ;
#232 = ORIENTED_EDGE ( 'NONE', *, *, #636, .T. ) ;
#233 = CARTESIAN_POINT ( 'NONE',  ( 8.754377081398789784, -3.920400198462843377, 6.600000000000001421 ) ) ;
#234 = CARTESIAN_POINT ( 'NONE',  ( 14.37752937226036387, -2.550352058953419210, 6.600000000000001421 ) ) ;
#235 = CARTESIAN_POINT ( 'NONE',  ( 14.09354790101473753, -2.277898549626389268, 7.000000000000000000 ) ) ;
#236 = EDGE_CURVE ( 'NONE', #1256, #2051, #2156, .T. ) ;
#237 = CARTESIAN_POINT ( 'NONE',  ( 8.536056009925824029, -2.602133346995949115, 6.599999999999999645 ) ) ;
#238 = CARTESIAN_POINT ( 'NONE',  ( 15.39831562099316820, -4.271077606315657249, 6.599999999999999645 ) ) ;
#239 = CARTESIAN_POINT ( 'NONE',  ( 14.08157500178874955, -3.722223187858454185, 6.600000000000001421 ) ) ;
#240 = DIRECTION ( 'NONE',  ( 0.000000000000000000, -1.000000000000000000, 0.000000000000000000 ) ) ;
#241 = CARTESIAN_POINT ( 'NONE',  ( 0.000000000000000000, -9.000000000000001776, 6.000000000000000888 ) ) ;
#242 = ORIENTED_EDGE ( 'NONE', *, *, #639, .T. ) ;
#243 = DIRECTION ( 'NONE',  ( 0.000000000000000000, 1.000000000000000000, 0.000000000000000000 ) ) ;
#244 = DIRECTION ( 'NONE',  ( 0.000000000000000000, 1.000000000000000000, 0.000000000000000000 ) ) ;
#245 = ORIENTED_EDGE ( 'NONE', *, *, #2252, .T. ) ;
#246 = CARTESIAN_POINT ( 'NONE',  ( 9.129028293713160380, -2.466308339457318421, 6.599999999999997868 ) ) ;
#247 = CARTESIAN_POINT ( 'NONE',  ( 10.56470588235294272, -2.919485294117646568, 6.600000000000000533 ) ) ;
#248 = DIRECTION ( 'NONE',  ( 1.000000000000000000, 0.000000000000000000, 0.000000000000000000 ) ) ;
#249 = ADVANCED_FACE ( 'NONE', ( #1170 ), #475, .T. ) ;
#250 = CARTESIAN_POINT ( 'NONE',  ( 5.066881694476549569, -4.471255677394505135, 6.599999999999999645 ) ) ;
#251 = CARTESIAN_POINT ( 'NONE',  ( 0.000000000000000000, 0.000000000000000000, 0.000000000000000000 ) ) ;
#252 = CARTESIAN_POINT ( 'NONE',  ( 15.33849428004423388, -4.377717477313018968, 6.600000000000002309 ) ) ;
#253 = CARTESIAN_POINT ( 'NONE',  ( 13.66174312916047029, -4.486282729355410837, 6.600000000000000533 ) ) ;
#254 = AXIS2_PLACEMENT_3D ( 'NONE', #729, #482, #1688 ) ;
#255 = DIRECTION ( 'NONE',  ( 0.000000000000000000, -1.000000000000000000, 0.000000000000000000 ) ) ;
#256 = CARTESIAN_POINT ( 'NONE',  ( 10.52939544487263035, -3.314245222160257853, 6.600000000000001421 ) ) ;
#257 = ORIENTED_EDGE ( 'NONE', *, *, #1356, .T. ) ;
#258 = CARTESIAN_POINT ( 'NONE',  ( 9.700715845601251885, -5.062624897365417098, 7.000000000000001776 ) ) ;
#259 = CARTESIAN_POINT ( 'NONE',  ( 14.59972775967048442, -1.416828137547501809, 6.599999999999999645 ) ) ;
#260 = ORIENTED_EDGE ( 'NONE', *, *, #1319, .T. ) ;
#261 = CARTESIAN_POINT ( 'NONE',  ( 12.48334291620179215, -2.336878553981419859, 6.600000000000001421 ) ) ;
#262 = VECTOR ( 'NONE', #3089, 1000.000000000000000 ) ;
#263 = ORIENTED_EDGE ( 'NONE', *, *, #2312, .F. ) ;
#264 = LINE ( 'NONE', #1164, #805 ) ;
#265 = CARTESIAN_POINT ( 'NONE',  ( 30.00000000000000000, -9.000000000000001776, 6.000000000000000888 ) ) ;
#266 = CARTESIAN_POINT ( 'NONE',  ( 15.78823529411764426, -2.919485294117646568, 7.000000000000000888 ) ) ;
#267 = FACE_OUTER_BOUND ( 'NONE', #2301, .T. ) ;
#268 = CARTESIAN_POINT ( 'NONE',  ( 8.523067368484364081, -2.747392666266005534, 7.000000000000001776 ) ) ;
#269 = CARTESIAN_POINT ( 'NONE',  ( 10.50341792062623547, -2.445820818614690584, 6.599999999999997868 ) ) ;
#270 = CARTESIAN_POINT ( 'NONE',  ( 12.41764705882352793, -6.582352941176469407, 7.000000000000000888 ) ) ;
#271 = DIRECTION ( 'NONE',  ( 0.000000000000000000, 0.000000000000000000, -1.000000000000000000 ) ) ;
#272 = ORIENTED_EDGE ( 'NONE', *, *, #3007, .T. ) ;
#273 = LINE ( 'NONE', #796, #2572 ) ;
#274 = ADVANCED_FACE ( 'NONE', ( #222 ), #1490, .T. ) ;
#275 = ORIENTED_EDGE ( 'NONE', *, *, #1080, .F. ) ;
#276 = DIRECTION ( 'NONE',  ( 0.000000000000000000, 0.000000000000000000, 1.000000000000000000 ) ) ;
#277 = VECTOR ( 'NONE', #2696, 1000.000000000000000 ) ;
#278 = VERTEX_POINT ( 'NONE', #2337 ) ;
#279 = CARTESIAN_POINT ( 'NONE',  ( 9.595395035773826464, -5.230488693548616119, 6.599999999999999645 ) ) ;
#280 = CARTESIAN_POINT ( 'NONE',  ( 8.796691176470590179, -6.441176470588234615, 6.600000000000000533 ) ) ;
#281 = FACE_OUTER_BOUND ( 'NONE', #1281, .T. ) ;
#282 = LINE ( 'NONE', #978, #1088 ) ;
#283 = CLOSED_SHELL ( 'NONE', ( #3060, #2700, #1945, #1751, #2971, #1589, #786, #381, #572, #1991, #1628, #1725, #2987, #2462, #750, #2781, #2044, #946, #1401, #2736, #1075, #2602, #2798, #521, #2299, #294, #994, #1087, #285, #652, #1710, #517, #429, #810, #3100, #2742, #774, #108, #779, #2964, #891, #1249, #287, #2559, #1773, #1774, #1853, #2652, #732, #849, #1860, #274, #2109, #420, #1180, #2909, #1657, #2632, #2598, #2940, #1171, #2965, #1585, #2431, #1124, #2113, #1446, #1371, #2679, #2333, #797, #12, #3069, #249 ) ) ;
#284 = CARTESIAN_POINT ( 'NONE',  ( 8.962731189835828616, -3.506234959614521696, 7.000000000000000888 ) ) ;
#285 = ADVANCED_FACE ( 'NONE', ( #281 ), #769, .T. ) ;
#286 = EDGE_LOOP ( 'NONE', ( #2573, #2529, #307, #2962 ) ) ;
#287 = ADVANCED_FACE ( 'NONE', ( #977 ), #993, .T. ) ;
#288 = DIRECTION ( 'NONE',  ( -1.000000000000000000, 0.000000000000000000, 0.000000000000000000 ) ) ;
#289 = EDGE_CURVE ( 'NONE', #2254, #842, #1217, .T. ) ;
#290 = ORIENTED_EDGE ( 'NONE', *, *, #1905, .F. ) ;
#291 = FACE_BOUND ( 'NONE', #1018, .T. ) ;
#292 = ORIENTED_EDGE ( 'NONE', *, *, #1663, .T. ) ;
#293 = CARTESIAN_POINT ( 'NONE',  ( 9.170588235294118817, -2.758455882352940591, 7.000000000000000888 ) ) ;
#294 = ADVANCED_FACE ( 'NONE', ( #1704 ), #1025, .T. ) ;
#295 = VERTEX_POINT ( 'NONE', #2886 ) ;
#296 = FACE_OUTER_BOUND ( 'NONE', #554, .T. ) ;
#297 = LINE ( 'NONE', #1260, #1222 ) ;
#298 = DIRECTION ( 'NONE',  ( 0.000000000000000000, 0.000000000000000000, -1.000000000000000000 ) ) ;
#299 = LINE ( 'NONE', #1218, #427 ) ;
#300 = LINE ( 'NONE', #1263, #518 ) ;
#301 = VERTEX_POINT ( 'NONE', #265 ) ;
#302 = FACE_OUTER_BOUND ( 'NONE', #1590, .T. ) ;
#303 = CARTESIAN_POINT ( 'NONE',  ( 14.24126915758562539, -3.376655405364093365, 6.600000000000000533 ) ) ;
#304 = EDGE_LOOP ( 'NONE', ( #2723, #3015, #1242, #2676 ) ) ;
#305 = CARTESIAN_POINT ( 'NONE',  ( 8.517746291977635664, -2.831918662295244360, 6.599999999999999645 ) ) ;
#306 = VECTOR ( 'NONE', #2701, 1000.000000000000000 ) ;
#307 = ORIENTED_EDGE ( 'NONE', *, *, #1309, .T. ) ;
#308 = DIRECTION ( 'NONE',  ( -0.000000000000000000, -0.000000000000000000, 1.000000000000000000 ) ) ;
#309 = ORIENTED_EDGE ( 'NONE', *, *, #483, .F. ) ;
#310 = DIRECTION ( 'NONE',  ( -0.000000000000000000, -0.000000000000000000, 1.000000000000000000 ) ) ;
#311 = CARTESIAN_POINT ( 'NONE',  ( 10.36917239890763298, -3.866545773319259194, 6.600000000000003197 ) ) ;
#312 = FACE_OUTER_BOUND ( 'NONE', #972, .T. ) ;
#313 = LINE ( 'NONE', #2483, #2072 ) ;
#314 = EDGE_CURVE ( 'NONE', #1127, #1317, #895, .T. ) ;
#315 = AXIS2_PLACEMENT_3D ( 'NONE', #1410, #1671, #1196 ) ;
#316 = EDGE_CURVE ( 'NONE', #1076, #2238, #36, .T. ) ;
#317 = CARTESIAN_POINT ( 'NONE',  ( 8.754377081398789784, -3.920400198462843377, 6.600000000000001421 ) ) ;
#318 = AXIS2_PLACEMENT_3D ( 'NONE', #100, #1934, #1051 ) ;
#319 = ORIENTED_EDGE ( 'NONE', *, *, #2452, .F. ) ;
#320 = CARTESIAN_POINT ( 'NONE',  ( 14.07154033103717516, -6.365585828466784335, 7.000000000000001776 ) ) ;
#321 = CARTESIAN_POINT ( 'NONE',  ( 12.40053462656482353, -3.183443128691500146, 7.000000000000000000 ) ) ;
#322 = ORIENTED_EDGE ( 'NONE', *, *, #1356, .F. ) ;
#323 = ORIENTED_EDGE ( 'NONE', *, *, #2076, .T. ) ;
#324 = CARTESIAN_POINT ( 'NONE',  ( 10.11496486827953056, -4.377717477313018968, 7.000000000000002665 ) ) ;
#325 = ORIENTED_EDGE ( 'NONE', *, *, #2979, .F. ) ;
#326 = CARTESIAN_POINT ( 'NONE',  ( 14.00036764705882320, -1.358823529411763875, 6.600000000000000533 ) ) ;
#327 = ORIENTED_EDGE ( 'NONE', *, *, #2500, .F. ) ;
#328 = CYLINDRICAL_SURFACE ( 'NONE', #466, 1.000000000000000000 ) ;
#329 = CARTESIAN_POINT ( 'NONE',  ( 5.103606957474752903, -4.068375881436323560, 7.000000000000002665 ) ) ;
#330 = CARTESIAN_POINT ( 'NONE',  ( 13.78453565577041928, -2.489184056055177674, 7.000000000000003553 ) ) ;
#331 = CARTESIAN_POINT ( 'NONE',  ( 4.564705882352940947, -1.499999999999998668, 6.600000000000000533 ) ) ;
#332 = VECTOR ( 'NONE', #1461, 1000.000000000000000 ) ;
#333 = VERTEX_POINT ( 'NONE', #515 ) ;
#334 = CARTESIAN_POINT ( 'NONE',  ( 1.000000000000000000, -9.000000000000001776, -13.00000000000000178 ) ) ;
#335 = VECTOR ( 'NONE', #656, 1000.000000000000000 ) ;
#336 = LINE ( 'NONE', #3036, #1811 ) ;
#337 = EDGE_CURVE ( 'NONE', #944, #659, #1474, .T. ) ;
#338 = EDGE_CURVE ( 'NONE', #2792, #2879, #2352, .T. ) ;
#339 = CARTESIAN_POINT ( 'NONE',  ( 12.93309302556899354, -1.673122836829341153, 6.999999999999999112 ) ) ;
#340 = CARTESIAN_POINT ( 'NONE',  ( 8.550775240387414655, -6.000000000000000000, 0.09999999999999890921 ) ) ;
#341 = ORIENTED_EDGE ( 'NONE', *, *, #2178, .F. ) ;
#342 = CARTESIAN_POINT ( 'NONE',  ( 14.21043523221662852, -1.361988015459638213, 6.600000000000000533 ) ) ;
#343 = CARTESIAN_POINT ( 'NONE',  ( 14.39304988570840571, -2.786055129638735028, 7.000000000000000888 ) ) ;
#344 = VERTEX_POINT ( 'NONE', #2435 ) ;
#345 = CARTESIAN_POINT ( 'NONE',  ( 10.22665347782604250, -4.174562649691596405, 6.600000000000001421 ) ) ;
#346 = CARTESIAN_POINT ( 'NONE',  ( 5.173063613483675383, -3.305873338254285088, 7.000000000000002665 ) ) ;
#347 = CARTESIAN_POINT ( 'NONE',  ( 13.74659678024906917, -2.747392666266005534, 7.000000000000000888 ) ) ;
#348 = CARTESIAN_POINT ( 'NONE',  ( 3.876470588235294112, -7.500000000000000000, 6.600000000000000533 ) ) ;
#349 = VECTOR ( 'NONE', #452, 1000.000000000000000 ) ;
#350 = CARTESIAN_POINT ( 'NONE',  ( 3.876470588235294112, -7.500000000000000000, 6.600000000000000533 ) ) ;
#351 = EDGE_LOOP ( 'NONE', ( #2315, #1366, #263, #611 ) ) ;
#352 = ORIENTED_EDGE ( 'NONE', *, *, #2199, .T. ) ;
#353 = ORIENTED_EDGE ( 'NONE', *, *, #2548, .F. ) ;
#354 = CARTESIAN_POINT ( 'NONE',  ( 13.66174312916047029, -4.486282729355410837, 7.000000000000000888 ) ) ;
#355 = VECTOR ( 'NONE', #689, 1000.000000000000000 ) ;
#356 = ORIENTED_EDGE ( 'NONE', *, *, #3021, .T. ) ;
#357 = CARTESIAN_POINT ( 'NONE',  ( 10.42352941176470615, -7.500000000000000000, 6.600000000000000533 ) ) ;
#358 = CARTESIAN_POINT ( 'NONE',  ( 6.964705882352941302, -1.499999999999998668, 6.600000000000000533 ) ) ;
#359 = EDGE_CURVE ( 'NONE', #991, #842, #730, .T. ) ;
#360 = CARTESIAN_POINT ( 'NONE',  ( 13.80138154546788343, -2.444563656209963742, 7.000000000000000000 ) ) ;
#361 = LINE ( 'NONE', #104, #1874 ) ;
#362 = CARTESIAN_POINT ( 'NONE',  ( 4.583461705158047295, -1.702205338828605141, 6.600000000000000533 ) ) ;
#363 = CIRCLE ( 'NONE', #2016, 6.450000000000000178 ) ;
#364 = VECTOR ( 'NONE', #2102, 1000.000000000000000 ) ;
#365 = CARTESIAN_POINT ( 'NONE',  ( 0.4142135623730950345, 168.5857864376269220, -13.99999999999999645 ) ) ;
#366 = CARTESIAN_POINT ( 'NONE',  ( 8.776838235294119883, -1.358823529411763875, 6.600000000000000533 ) ) ;
#367 = AXIS2_PLACEMENT_3D ( 'NONE', #1102, #2075, #2767 ) ;
#368 = CARTESIAN_POINT ( 'NONE',  ( 0.000000000000000000, -9.000000000000001776, -13.00000000000000178 ) ) ;
#369 = B_SPLINE_SURFACE_WITH_KNOTS ( 'NONE', 3, 1, ( 
 ( #1757, #790 ),
 ( #40, #1011 ),
 ( #1956, #2953 ),
 ( #549, #772 ),
 ( #2650, #1294 ),
 ( #88, #2922 ),
 ( #1235, #1968 ),
 ( #2453, #1475 ),
 ( #1707, #2697 ),
 ( #2889, #1519 ),
 ( #2183, #2168 ),
 ( #996, #1726 ),
 ( #520, #1503 ),
 ( #2938, #1489 ),
 ( #317, #2469 ),
 ( #1280, #24 ),
 ( #2906, #1693 ),
 ( #979, #56 ),
 ( #2423, #284 ),
 ( #2214, #1923 ),
 ( #502, #1040 ),
 ( #1984, #2683 ),
 ( #1742, #535 ),
 ( #806, #1462 ),
 ( #1939, #753 ),
 ( #2404, #2666 ),
 ( #2438, #2714 ) ),
 .UNSPECIFIED., .F., .F., .F.,
 ( 4, 1, 1, 1, 1, 1, 1, 1, 1, 1, 1, 1, 1, 1, 1, 1, 1, 1, 1, 1, 1, 1, 1, 1, 4 ),
 ( 2, 2 ),
 ( 0.000000000000000000, 0.07827633828671931582, 0.1525336090466239691, 0.2231219132570322061, 0.2896040683600175081, 0.3522877825963165455, 0.4110844052557481310, 0.4659940411668905824, 0.5170168191162921589, 0.5641528997498652664, 0.6074968809278183945, 0.6467339618486792618, 0.6823082234005912738, 0.7138766837235936968, 0.7415641451233397907, 0.7655992754982040571, 0.7855327298922762935, 0.8203997083652065925, 0.8530411242244017034, 0.8830309398099085438, 0.9109795874592304665, 0.9363117096487123536, 0.9595453510161894295, 0.9808703259482693948, 1.000000000000000000 ),
 ( 0.000000000000000000, 1.000000000000000000 ),
 .UNSPECIFIED. ) ;
#370 = CARTESIAN_POINT ( 'NONE',  ( 10.42352941176470615, -7.500000000000000000, 6.600000000000000533 ) ) ;
#371 = CARTESIAN_POINT ( 'NONE',  ( 15.78722817985648419, -2.864253073835259844, 6.600000000000000533 ) ) ;
#372 = CARTESIAN_POINT ( 'NONE',  ( 7.178016958307124717, -3.035920749810411934, 6.600000000000003197 ) ) ;
#373 = ORIENTED_EDGE ( 'NONE', *, *, #990, .T. ) ;
#374 = CARTESIAN_POINT ( 'NONE',  ( 15.67877385627482845, -2.301110198727988276, 7.000000000000004441 ) ) ;
#375 = CARTESIAN_POINT ( 'NONE',  ( 3.673940397442059868E-16, 169.0000000000000000, 3.000000000000000000 ) ) ;
#376 = DIRECTION ( 'NONE',  ( -0.1540222675599416391, 0.9880673767996257517, 0.000000000000000000 ) ) ;
#377 = LINE ( 'NONE', #2277, #2514 ) ;
#378 = VECTOR ( 'NONE', #2353, 1000.000000000000114 ) ;
#379 = CARTESIAN_POINT ( 'NONE',  ( 7.849639868311294677, -1.576887491078280856, 6.600000000000001421 ) ) ;
#380 = CARTESIAN_POINT ( 'NONE',  ( 14.70572012384348071, -5.408203269472836361, 6.600000000000001421 ) ) ;
#381 = ADVANCED_FACE ( 'NONE', ( #2935 ), #2951, .F. ) ;
#382 = CARTESIAN_POINT ( 'NONE',  ( 15.00000000000000178, 170.0000000000000000, 0.000000000000000000 ) ) ;
#383 = CARTESIAN_POINT ( 'NONE',  ( 14.77444033693254610, -1.465658736832566200, 7.000000000000002665 ) ) ;
#384 = EDGE_CURVE ( 'NONE', #2862, #1573, #1307, .T. ) ;
#385 = CARTESIAN_POINT ( 'NONE',  ( 12.39999999999999858, -3.261397058823528816, 6.600000000000000533 ) ) ;
#386 = VERTEX_POINT ( 'NONE', #3002 ) ;
#387 = CARTESIAN_POINT ( 'NONE',  ( 7.202878168066381370, -2.645489834037155763, 6.999999999999999112 ) ) ;
#388 = CARTESIAN_POINT ( 'NONE',  ( 8.561006244005714194, -2.489184056055177674, 7.000000000000003553 ) ) ;
#389 = ORIENTED_EDGE ( 'NONE', *, *, #1840, .T. ) ;
#390 = DIRECTION ( 'NONE',  ( -0.000000000000000000, -0.000000000000000000, 1.000000000000000000 ) ) ;
#391 = CARTESIAN_POINT ( 'NONE',  ( 10.42352941176470615, -7.500000000000000000, 7.000000000000000888 ) ) ;
#392 = CARTESIAN_POINT ( 'NONE',  ( 8.962731189835828616, -3.506234959614521696, 7.000000000000000888 ) ) ;
#393 = CARTESIAN_POINT ( 'NONE',  ( 28.99999999999999645, 0.000000000000000000, 7.000000000000000888 ) ) ;
#394 = LINE ( 'NONE', #1345, #335 ) ;
#395 = AXIS2_PLACEMENT_3D ( 'NONE', #715, #35, #248 ) ;
#396 = CARTESIAN_POINT ( 'NONE',  ( 12.61062375222477350, -2.053921815687308694, 7.000000000000000000 ) ) ;
#397 = CARTESIAN_POINT ( 'NONE',  ( 7.177005214800121990, -3.183443128691500146, 6.600000000000001421 ) ) ;
#398 = ORIENTED_EDGE ( 'NONE', *, *, #653, .F. ) ;
#399 = CARTESIAN_POINT ( 'NONE',  ( 15.44288498886453098, -1.913218041690127436, 7.000000000000003553 ) ) ;
#400 = DIRECTION ( 'NONE',  ( -1.000000000000000000, -0.000000000000000000, 0.000000000000000000 ) ) ;
#401 = ORIENTED_EDGE ( 'NONE', *, *, #2500, .T. ) ;
#402 = DIRECTION ( 'NONE',  ( -1.000000000000000000, 0.000000000000000000, 0.000000000000000000 ) ) ;
#403 = FACE_OUTER_BOUND ( 'NONE', #1684, .T. ) ;
#404 = DIRECTION ( 'NONE',  ( -0.000000000000000000, -0.000000000000000000, 1.000000000000000000 ) ) ;
#405 = AXIS2_PLACEMENT_3D ( 'NONE', #854, #1375, #868 ) ;
#406 = CARTESIAN_POINT ( 'NONE',  ( 10.31188327222576184, -2.035379566318810785, 7.000000000000000888 ) ) ;
#407 = EDGE_CURVE ( 'NONE', #875, #76, #2195, .T. ) ;
#408 = EDGE_CURVE ( 'NONE', #2879, #1540, #1099, .T. ) ;
#409 = B_SPLINE_CURVE_WITH_KNOTS ( 'NONE', 3,
 ( #574, #1083, #2541, #600, #3044, #2764, #416, #114, #3030, #2286, #1097 ),
 .UNSPECIFIED., .F., .F.,
 ( 4, 1, 1, 1, 1, 1, 1, 1, 4 ),
 ( 0.000000000000000000, 0.1407521535060345663, 0.2773256867772103673, 0.4089987030839292159, 0.5365237558145051766, 0.6591790083098872932, 0.7773101083674658351, 0.8909170920724854836, 1.000000000000000000 ),
 .UNSPECIFIED. ) ;
#410 = PLANE ( 'NONE',  #405 ) ;
#411 = CARTESIAN_POINT ( 'NONE',  ( 15.45018288959075115, -4.174562649691596405, 6.600000000000001421 ) ) ;
#412 = CARTESIAN_POINT ( 'NONE',  ( 15.44288498886453098, -1.913218041690127436, 7.000000000000003553 ) ) ;
#413 = EDGE_CURVE ( 'NONE', #2175, #1395, #2695, .T. ) ;
#414 = CARTESIAN_POINT ( 'NONE',  ( 8.175844516715327970, -1.435339545018472718, 7.000000000000000000 ) ) ;
#415 = ORIENTED_EDGE ( 'NONE', *, *, #2979, .T. ) ;
#416 = CARTESIAN_POINT ( 'NONE',  ( 5.138853031627050427, -3.679768747027841069, 6.599999999999998757 ) ) ;
#417 = CARTESIAN_POINT ( 'NONE',  ( 5.206128562069443966, -2.946312314829218071, 7.000000000000001776 ) ) ;
#418 = ORIENTED_EDGE ( 'NONE', *, *, #1818, .T. ) ;
#419 = CARTESIAN_POINT ( 'NONE',  ( 8.848222008561036134, -1.359898864068360691, 6.600000000000000533 ) ) ;
#420 = ADVANCED_FACE ( 'NONE', ( #312 ), #3005, .T. ) ;
#421 = CARTESIAN_POINT ( 'NONE',  ( 4.564705882352940947, -1.499999999999998668, 6.600000000000000533 ) ) ;
#422 = CARTESIAN_POINT ( 'NONE',  ( 4.952941176470588402, -5.761764705882352899, 6.600000000000000533 ) ) ;
#423 = CARTESIAN_POINT ( 'NONE',  ( 7.688260566322707490, -5.758987081303165390, 7.000000000000003553 ) ) ;
#424 = EDGE_CURVE ( 'NONE', #2862, #1885, #771, .T. ) ;
#425 = CARTESIAN_POINT ( 'NONE',  ( 15.78729251312121029, -2.962527282829123365, 6.600000000000000533 ) ) ;
#426 = EDGE_CURVE ( 'NONE', #2560, #82, #609, .T. ) ;
#427 = VECTOR ( 'NONE', #2154, 1000.000000000000000 ) ;
#428 = CARTESIAN_POINT ( 'NONE',  ( 14.02022058823529349, -6.441176470588234615, 6.600000000000000533 ) ) ;
#429 = ADVANCED_FACE ( 'NONE', ( #267 ), #369, .T. ) ;
#430 = CARTESIAN_POINT ( 'NONE',  ( 15.72694733239093523, -2.445820818614690140, 6.999999999999998224 ) ) ;
#431 = CARTESIAN_POINT ( 'NONE',  ( 7.584303662962288861, -1.786594521431802640, 7.000000000000002665 ) ) ;
#432 = ORIENTED_EDGE ( 'NONE', *, *, #916, .F. ) ;
#433 = LINE ( 'NONE', #2877, #1073 ) ;
#434 = DIRECTION ( 'NONE',  ( -0.000000000000000000, -0.000000000000000000, 1.000000000000000000 ) ) ;
#435 = VERTEX_POINT ( 'NONE', #564 ) ;
#436 = CARTESIAN_POINT ( 'NONE',  ( 10.91764705882352793, -7.500000000000000000, 6.600000000000000533 ) ) ;
#437 = CARTESIAN_POINT ( 'NONE',  ( 12.75592949204299842, -6.021203638637410371, 7.000000000000000000 ) ) ;
#438 = ORIENTED_EDGE ( 'NONE', *, *, #2531, .F. ) ;
#439 = DIRECTION ( 'NONE',  ( 0.000000000000000000, 0.000000000000000000, -1.000000000000000000 ) ) ;
#440 = CARTESIAN_POINT ( 'NONE',  ( 8.909232517611929580, -3.620588089578936408, 7.000000000000000888 ) ) ;
#441 = DIRECTION ( 'NONE',  ( 0.09315453181102842373, 0.9956516625823853550, 0.000000000000000000 ) ) ;
#442 = CARTESIAN_POINT ( 'NONE',  ( 9.712135233714198179, -1.528213786405475005, 6.599999999999998757 ) ) ;
#443 = DIRECTION ( 'NONE',  ( -0.000000000000000000, -0.000000000000000000, 1.000000000000000000 ) ) ;
#444 = CARTESIAN_POINT ( 'NONE',  ( 8.517647058823531125, -2.921691176470587958, 6.600000000000000533 ) ) ;
#445 = CARTESIAN_POINT ( 'NONE',  ( 9.093505951666138287, -2.397052198627206643, 6.600000000000002309 ) ) ;
#446 = ORIENTED_EDGE ( 'NONE', *, *, #1060, .F. ) ;
#447 = DIRECTION ( 'NONE',  ( -0.000000000000000000, 1.000000000000000000, -0.000000000000000000 ) ) ;
#448 = CARTESIAN_POINT ( 'NONE',  ( 14.00036764705882320, -1.358823529411763875, 6.600000000000000533 ) ) ;
#449 = ORIENTED_EDGE ( 'NONE', *, *, #1206, .T. ) ;
#450 = FACE_OUTER_BOUND ( 'NONE', #185, .T. ) ;
#451 = EDGE_CURVE ( 'NONE', #986, #2238, #300, .T. ) ;
#452 = DIRECTION ( 'NONE',  ( 0.000000000000000000, 1.000000000000000000, 0.000000000000000000 ) ) ;
#453 = CARTESIAN_POINT ( 'NONE',  ( 14.35255770547786192, -2.466308339457318421, 6.599999999999997868 ) ) ;
#454 = LINE ( 'NONE', #1843, #378 ) ;
#455 = VECTOR ( 'NONE', #1649, 1000.000000000000000 ) ;
#456 = FACE_OUTER_BOUND ( 'NONE', #2247, .T. ) ;
#457 = CARTESIAN_POINT ( 'NONE',  ( 14.58217241237043815, -5.594126133692548741, 6.599999999999998757 ) ) ;
#458 = AXIS2_PLACEMENT_3D ( 'NONE', #1619, #1144, #726 ) ;
#459 = CARTESIAN_POINT ( 'NONE',  ( 13.97790649316349310, -3.920400198462843377, 6.600000000000001421 ) ) ;
#460 = CARTESIAN_POINT ( 'NONE',  ( 8.517647058823531125, -2.921691176470587958, 6.600000000000000533 ) ) ;
#461 = SPHERICAL_SURFACE ( 'NONE', #1910, 1.000000000000000000 ) ;
#462 = CARTESIAN_POINT ( 'NONE',  ( 10.42352941176470615, -6.441176470588234615, 7.000000000000000888 ) ) ;
#463 = PLANE ( 'NONE',  #1019 ) ;
#464 = ORIENTED_EDGE ( 'NONE', *, *, #1674, .T. ) ;
#465 = CARTESIAN_POINT ( 'NONE',  ( 12.40154637007182536, -3.035920749810411490, 6.600000000000001421 ) ) ;
#466 = AXIS2_PLACEMENT_3D ( 'NONE', #544, #747, #767 ) ;
#467 = AXIS2_PLACEMENT_3D ( 'NONE', #533, #2086, #1186 ) ;
#468 = PLANE ( 'NONE',  #1069 ) ;
#469 = EDGE_CURVE ( 'NONE', #1252, #725, #75, .T. ) ;
#470 = VERTEX_POINT ( 'NONE', #621 ) ;
#471 = CARTESIAN_POINT ( 'NONE',  ( 10.54915750935425756, -3.180958666954135428, 6.599999999999999645 ) ) ;
#472 = CARTESIAN_POINT ( 'NONE',  ( 5.227925755732598212, -2.711395634496873264, 7.000000000000000888 ) ) ;
#473 = LINE ( 'NONE', #53, #2682 ) ;
#474 = CARTESIAN_POINT ( 'NONE',  ( 14.81892444753853155, -5.230488693548616119, 6.599999999999999645 ) ) ;
#475 = CYLINDRICAL_SURFACE ( 'NONE', #789, 1.000000000000000888 ) ;
#476 = FACE_OUTER_BOUND ( 'NONE', #2704, .T. ) ;
#477 = CARTESIAN_POINT ( 'NONE',  ( 8.870018489250034222, -2.277898549626389268, 7.000000000000000000 ) ) ;
#478 = ORIENTED_EDGE ( 'NONE', *, *, #2502, .T. ) ;
#479 = CARTESIAN_POINT ( 'NONE',  ( 2.899999999999999911, 169.0000000000000000, 0.000000000000000000 ) ) ;
#480 = CARTESIAN_POINT ( 'NONE',  ( 2.941176470588235059, -1.499999999999998668, 6.600000000000000533 ) ) ;
#481 = ORIENTED_EDGE ( 'NONE', *, *, #1948, .T. ) ;
#482 = DIRECTION ( 'NONE',  ( -1.000000000000000000, 0.000000000000000000, 0.000000000000000000 ) ) ;
#483 = EDGE_CURVE ( 'NONE', #2792, #1508, #1138, .T. ) ;
#484 = PLANE ( 'NONE',  #1517 ) ;
#485 = CARTESIAN_POINT ( 'NONE',  ( 8.962731189835828616, -3.506234959614521696, 6.600000000000000533 ) ) ;
#486 = CARTESIAN_POINT ( 'NONE',  ( 4.992144817388100897, -5.320576301747178327, 7.000000000000002665 ) ) ;
#487 = DIRECTION ( 'NONE',  ( 1.000000000000000000, 0.000000000000000000, 0.000000000000000000 ) ) ;
#488 =( NAMED_UNIT ( * ) SI_UNIT ( $, .STERADIAN. ) SOLID_ANGLE_UNIT ( ) );
#489 = CARTESIAN_POINT ( 'NONE',  ( 8.776838235294119883, -1.358823529411763875, 7.000000000000000888 ) ) ;
#490 = CARTESIAN_POINT ( 'NONE',  ( 14.37872844553514540, -2.935763653844529752, 7.000000000000000888 ) ) ;
#491 = DIRECTION ( 'NONE',  ( 1.000000000000000000, 0.000000000000000000, 0.000000000000000000 ) ) ;
#492 = CARTESIAN_POINT ( 'NONE',  ( 10.56376310135650165, -2.962527282829122921, 7.000000000000000888 ) ) ;
#493 = ORIENTED_EDGE ( 'NONE', *, *, #1880, .T. ) ;
#494 = CARTESIAN_POINT ( 'NONE',  ( 7.478084662732910282, -1.916752810210594848, 6.999999999999999112 ) ) ;
#495 = CARTESIAN_POINT ( 'NONE',  ( 28.99999999999999645, -9.000000000000001776, 6.000000000000000888 ) ) ;
#496 = ORIENTED_EDGE ( 'NONE', *, *, #2029, .T. ) ;
#497 = DIRECTION ( 'NONE',  ( 0.000000000000000000, -1.000000000000000000, 0.000000000000000000 ) ) ;
#498 = VERTEX_POINT ( 'NONE', #649 ) ;
#499 = CARTESIAN_POINT ( 'NONE',  ( 8.811147627226864287, -3.814415872631197413, 6.599999999999998757 ) ) ;
#500 = CARTESIAN_POINT ( 'NONE',  ( 14.27117466048714434, -2.341687678967129038, 6.599999999999998757 ) ) ;
#501 = CARTESIAN_POINT ( 'NONE',  ( 30.00000000000000000, 0.000000000000000000, -14.00000000000000000 ) ) ;
#502 = CARTESIAN_POINT ( 'NONE',  ( 9.064300838383966052, -3.254475232851130162, 6.599999999999998757 ) ) ;
#503 = EDGE_CURVE ( 'NONE', #295, #602, #145, .T. ) ;
#504 = CARTESIAN_POINT ( 'NONE',  ( 13.44725654226088984, -4.853423947869027977, 6.599999999999998757 ) ) ;
#505 = EDGE_CURVE ( 'NONE', #2895, #828, #1328, .T. ) ;
#506 = CARTESIAN_POINT ( 'NONE',  ( 13.39937392848002951, -1.435339545018472718, 6.999999999999998224 ) ) ;
#507 = ORIENTED_EDGE ( 'NONE', *, *, #314, .F. ) ;
#508 = CARTESIAN_POINT ( 'NONE',  ( 12.39999999999999858, -7.500000000000000000, 6.600000000000000533 ) ) ;
#509 = CARTESIAN_POINT ( 'NONE',  ( 15.33755570818186165, -1.798286785565265111, 6.599999999999997868 ) ) ;
#510 = ORIENTED_EDGE ( 'NONE', *, *, #316, .T. ) ;
#511 = CARTESIAN_POINT ( 'NONE',  ( 13.74659678024906917, -2.747392666266005534, 7.000000000000000888 ) ) ;
#512 = EDGE_LOOP ( 'NONE', ( #1020, #2525, #2941, #780, #59, #744, #2349, #1130, #507, #954, #2105, #2203, #1240 ) ) ;
#513 = CARTESIAN_POINT ( 'NONE',  ( 10.17478620922846488, -4.271077606315657249, 6.599999999999999645 ) ) ;
#514 = CARTESIAN_POINT ( 'NONE',  ( 9.595395035773826464, -5.230488693548616119, 7.000000000000000888 ) ) ;
#515 = CARTESIAN_POINT ( 'NONE',  ( 15.00000000000000000, -6.000000000000000000, -6.450000000000001066 ) ) ;
#516 = CARTESIAN_POINT ( 'NONE',  ( 14.35255770547786192, -2.466308339457318421, 6.599999999999997868 ) ) ;
#517 = ADVANCED_FACE ( 'NONE', ( #403 ), #1841, .T. ) ;
#518 = VECTOR ( 'NONE', #2197, 1000.000000000000000 ) ;
#519 = EDGE_CURVE ( 'NONE', #2463, #1762, #2808, .T. ) ;
#520 = CARTESIAN_POINT ( 'NONE',  ( 8.614507352421192365, -4.174936232754474119, 6.600000000000000533 ) ) ;
#521 = ADVANCED_FACE ( 'NONE', ( #1579 ), #1801, .T. ) ;
#522 = CARTESIAN_POINT ( 'NONE',  ( 14.28783025014866759, -3.254475232851130162, 6.599999999999998757 ) ) ;
#523 = CARTESIAN_POINT ( 'NONE',  ( 0.000000000000000000, 169.0000000000000000, -13.00000000000000178 ) ) ;
#524 = EDGE_CURVE ( 'NONE', #2454, #1161, #866, .T. ) ;
#525 = ORIENTED_EDGE ( 'NONE', *, *, #289, .T. ) ;
#526 = CARTESIAN_POINT ( 'NONE',  ( 8.549118751497974955, -2.542093370188200918, 6.599999999999999645 ) ) ;
#527 = ORIENTED_EDGE ( 'NONE', *, *, #384, .T. ) ;
#528 = CARTESIAN_POINT ( 'NONE',  ( 8.796691176470590179, -6.441176470588234615, 7.000000000000001776 ) ) ;
#529 = AXIS2_PLACEMENT_3D ( 'NONE', #2088, #2561, #402 ) ;
#530 = EDGE_LOOP ( 'NONE', ( #2806, #1047, #1469, #1115 ) ) ;
#531 = DIRECTION ( 'NONE',  ( 0.000000000000000000, 0.000000000000000000, -1.000000000000000000 ) ) ;
#532 = CARTESIAN_POINT ( 'NONE',  ( 9.890676087086525570, -4.758595881124172422, 7.000000000000000888 ) ) ;
#533 = CARTESIAN_POINT ( 'NONE',  ( 28.99999999999999645, 0.000000000000000000, 6.000000000000000888 ) ) ;
#534 = CARTESIAN_POINT ( 'NONE',  ( 14.14308378998344473, -2.280629554911806078, 7.000000000000000888 ) ) ;
#535 = CARTESIAN_POINT ( 'NONE',  ( 9.131575980793479985, -3.033909099944821719, 7.000000000000000000 ) ) ;
#536 =( LENGTH_UNIT ( ) NAMED_UNIT ( * ) SI_UNIT ( .MILLI., .METRE. ) );
#537 = ORIENTED_EDGE ( 'NONE', *, *, #2170, .F. ) ;
#538 = DIRECTION ( 'NONE',  ( -0.000000000000000000, -0.000000000000000000, 1.000000000000000000 ) ) ;
#539 = CARTESIAN_POINT ( 'NONE',  ( 13.44725654226088984, -4.853423947869027977, 6.599999999999998757 ) ) ;
#540 = CARTESIAN_POINT ( 'NONE',  ( 8.517647058823531125, -2.921691176470587958, 6.600000000000000533 ) ) ;
#541 = ORIENTED_EDGE ( 'NONE', *, *, #424, .F. ) ;
#542 = CARTESIAN_POINT ( 'NONE',  ( 12.93309302556899354, -1.673122836829341153, 6.599999999999998757 ) ) ;
#543 = ORIENTED_EDGE ( 'NONE', *, *, #1859, .T. ) ;
#544 = CARTESIAN_POINT ( 'NONE',  ( 1.000000000000000000, 169.0000000000000000, 6.000000000000000888 ) ) ;
#545 = CARTESIAN_POINT ( 'NONE',  ( 8.796691176470590179, -6.441176470588234615, 6.600000000000000533 ) ) ;
#546 = CARTESIAN_POINT ( 'NONE',  ( 4.823234822452847403, -4.313963975187747657, 6.999999999999999112 ) ) ;
#547 = LINE ( 'NONE', #348, #2318 ) ;
#548 = CIRCLE ( 'NONE', #1357, 6.450000000000000178 ) ;
#549 = CARTESIAN_POINT ( 'NONE',  ( 7.532400080278295107, -6.021203638637409483, 6.599999999999997868 ) ) ;
#550 = EDGE_LOOP ( 'NONE', ( #2281, #800, #80, #2379, #1001, #3033, #2272, #136, #1996, #389, #1438, #496, #3055 ) ) ;
#551 = CARTESIAN_POINT ( 'NONE',  ( 13.82571409878263680, -2.396612628414425572, 6.600000000000002309 ) ) ;
#552 = CARTESIAN_POINT ( 'NONE',  ( 12.40154637007182536, -3.035920749810411490, 7.000000000000001776 ) ) ;
#553 = ORIENTED_EDGE ( 'NONE', *, *, #519, .F. ) ;
#554 = EDGE_LOOP ( 'NONE', ( #2930, #762, #2708, #582, #1556, #694, #199, #2540, #2640, #323, #1808, #2188, #537 ) ) ;
#555 = FACE_BOUND ( 'NONE', #1989, .T. ) ;
#556 = AXIS2_PLACEMENT_3D ( 'NONE', #3052, #2050, #1156 ) ;
#557 = ORIENTED_EDGE ( 'NONE', *, *, #2312, .T. ) ;
#558 = FACE_OUTER_BOUND ( 'NONE', #286, .T. ) ;
#559 = ORIENTED_EDGE ( 'NONE', *, *, #1300, .T. ) ;
#560 = CARTESIAN_POINT ( 'NONE',  ( 10.36917239890763298, -3.866545773319259194, 6.600000000000003197 ) ) ;
#561 = CARTESIAN_POINT ( 'NONE',  ( 15.00000000000000000, -6.000000000000000000, -1.099120502234749572E-15 ) ) ;
#562 = CARTESIAN_POINT ( 'NONE',  ( 4.583461705158047295, -1.702205338828605141, 7.000000000000000888 ) ) ;
#563 = LINE ( 'NONE', #1549, #2522 ) ;
#564 = CARTESIAN_POINT ( 'NONE',  ( 15.00000000000000178, 169.0000000000000000, -9.350000000000001421 ) ) ;
#565 = CARTESIAN_POINT ( 'NONE',  ( 13.75958542169052734, -2.602133346995949115, 6.599999999999999645 ) ) ;
#566 = VECTOR ( 'NONE', #665, 1000.000000000000000 ) ;
#567 = CARTESIAN_POINT ( 'NONE',  ( 12.53857772515762470, -2.195216710144686445, 7.000000000000000888 ) ) ;
#568 = CARTESIAN_POINT ( 'NONE',  ( 14.39411764705882213, -2.758455882352940591, 6.600000000000000533 ) ) ;
#569 = ORIENTED_EDGE ( 'NONE', *, *, #1537, .T. ) ;
#570 = ORIENTED_EDGE ( 'NONE', *, *, #2508, .F. ) ;
#571 = CARTESIAN_POINT ( 'NONE',  ( 14.07175142032573767, -1.359898864068360691, 7.000000000000000888 ) ) ;
#572 = ADVANCED_FACE ( 'NONE', ( #1068 ), #2015, .F. ) ;
#573 = ORIENTED_EDGE ( 'NONE', *, *, #92, .T. ) ;
#574 = CARTESIAN_POINT ( 'NONE',  ( 4.952941176470588402, -5.761764705882352899, 6.600000000000000533 ) ) ;
#575 = CARTESIAN_POINT ( 'NONE',  ( 5.138853031627050427, -3.679768747027841069, 6.999999999999999112 ) ) ;
#576 = CARTESIAN_POINT ( 'NONE',  ( 13.75119688067594836, -2.670772664561498644, 7.000000000000002665 ) ) ;
#577 = CARTESIAN_POINT ( 'NONE',  ( 2.899999999999999911, 169.0000000000000000, 0.000000000000000000 ) ) ;
#578 = VECTOR ( 'NONE', #390, 1000.000000000000000 ) ;
#579 = DIRECTION ( 'NONE',  ( -0.000000000000000000, -0.000000000000000000, 1.000000000000000000 ) ) ;
#580 = LINE ( 'NONE', #1553, #838 ) ;
#581 = CARTESIAN_POINT ( 'NONE',  ( 15.72694733239093523, -2.445820818614690140, 6.599999999999997868 ) ) ;
#582 = ORIENTED_EDGE ( 'NONE', *, *, #424, .T. ) ;
#583 = ORIENTED_EDGE ( 'NONE', *, *, #196, .T. ) ;
#584 = PLANE ( 'NONE',  #66 ) ;
#585 = CARTESIAN_POINT ( 'NONE',  ( 8.577852133703181892, -2.444563656209963742, 7.000000000000000000 ) ) ;
#586 = CARTESIAN_POINT ( 'NONE',  ( 4.775964506020300426, -3.791890885988164595, 6.600000000000000533 ) ) ;
#587 = CARTESIAN_POINT ( 'NONE',  ( 8.844117647058824971, -2.276470588235293135, 7.000000000000000888 ) ) ;
#588 = CARTESIAN_POINT ( 'NONE',  ( 10.56470588235294272, -2.919485294117646568, 6.600000000000000533 ) ) ;
#589 = B_SPLINE_CURVE_WITH_KNOTS ( 'NONE', 3,
 ( #1830, #685, #1858, #2579, #2795, #898, #1384, #2323, #1596, #219, #2547, #406, #2826, #1372, #1417, #1626, #2078, #3050, #2597 ),
 .UNSPECIFIED., .F., .F.,
 ( 4, 1, 1, 1, 1, 1, 1, 1, 1, 1, 1, 1, 1, 1, 1, 1, 4 ),
 ( 0.000000000000000000, 0.07978038261732484093, 0.1549966759828371454, 0.2260262074332097249, 0.2930463131284857803, 0.3574699384536035307, 0.4190577750378778887, 0.4785681621137723996, 0.5377311650149056987, 0.5959078447940503453, 0.6525497461507091534, 0.7088040383606812878, 0.7647012907638116586, 0.8211145403181795421, 0.8789431283378743576, 0.9382943128318724790, 1.000000000000000000 ),
 .UNSPECIFIED. ) ;
#590 = CARTESIAN_POINT ( 'NONE',  ( 7.478084662732910282, -1.916752810210594848, 6.599999999999998757 ) ) ;
#591 = EDGE_CURVE ( 'NONE', #960, #2463, #158, .T. ) ;
#592 = CARTESIAN_POINT ( 'NONE',  ( 15.78538730952121938, -3.049507983706079006, 6.600000000000000533 ) ) ;
#593 = VERTEX_POINT ( 'NONE', #2986 ) ;
#594 = DIRECTION ( 'NONE',  ( -1.000000000000000000, 0.000000000000000000, 0.000000000000000000 ) ) ;
#595 = ORIENTED_EDGE ( 'NONE', *, *, #2030, .F. ) ;
#596 = CARTESIAN_POINT ( 'NONE',  ( 12.48334291620179215, -2.336878553981419859, 6.600000000000001421 ) ) ;
#597 = DIRECTION ( 'NONE',  ( 0.000000000000000000, -0.000000000000000000, 1.000000000000000000 ) ) ;
#598 = MECHANICAL_DESIGN_GEOMETRIC_PRESENTATION_REPRESENTATION (  '', ( #2550 ), #2293 ) ;
#599 = ORIENTED_EDGE ( 'NONE', *, *, #1633, .F. ) ;
#600 = CARTESIAN_POINT ( 'NONE',  ( 5.031129217995883529, -4.889024880252959449, 6.599999999999997868 ) ) ;
#601 = DIRECTION ( 'NONE',  ( 0.9956516625823853550, -0.09315453181102842373, 0.000000000000000000 ) ) ;
#602 = VERTEX_POINT ( 'NONE', #587 ) ;
#603 = CARTESIAN_POINT ( 'NONE',  ( 4.952941176470588402, -5.761764705882352899, 6.600000000000000533 ) ) ;
#604 = CARTESIAN_POINT ( 'NONE',  ( 12.04705882352941160, -6.299999999999999822, 6.600000000000000533 ) ) ;
#605 = EDGE_CURVE ( 'NONE', #912, #2900, #1550, .T. ) ;
#606 = VECTOR ( 'NONE', #228, 1000.000000000000000 ) ;
#607 = EDGE_CURVE ( 'NONE', #2048, #593, #132, .T. ) ;
#608 = CARTESIAN_POINT ( 'NONE',  ( 0.000000000000000000, 0.000000000000000000, 0.09999999999999890921 ) ) ;
#609 = CIRCLE ( 'NONE', #1717, 1.000000000000000888 ) ;
#610 = CARTESIAN_POINT ( 'NONE',  ( 15.72515541783368498, -3.449795804609073979, 6.599999999999998757 ) ) ;
#611 = ORIENTED_EDGE ( 'NONE', *, *, #2974, .F. ) ;
#612 = B_SPLINE_CURVE_WITH_KNOTS ( 'NONE', 3,
 ( #2490, #1525, #1314, #2994, #1569, #137, #1108, #2049, #2234, #628, #3024, #2475, #1587, #2296, #1354, #172, #2306, #622, #1282, #3063, #2216, #1150, #1043, #2699, #1580, #320, #2322 ),
 .UNSPECIFIED., .F., .F.,
 ( 4, 1, 1, 1, 1, 1, 1, 1, 1, 1, 1, 1, 1, 1, 1, 1, 1, 1, 1, 1, 1, 1, 1, 1, 4 ),
 ( 0.000000000000000000, 0.03233836612938372629, 0.06535045975697141574, 0.09914269457500862748, 0.1335436458252357017, 0.1692560224231898780, 0.2055102093036293431, 0.2431765376944867163, 0.2819144820702519927, 0.3032919227675339169, 0.3273814436838706210, 0.3549399424438569040, 0.3856069936089843164, 0.4192532667432052329, 0.4561582912936343881, 0.4961894850518845379, 0.5395856280371508218, 0.5860259654031484411, 0.6356868246814194601, 0.6884831127618969981, 0.7443358704240018442, 0.8034075275879936084, 0.8657711897571781501, 0.9313529862909942780, 1.000000000000000000 ),
 .UNSPECIFIED. ) ;
#613 = DIRECTION ( 'NONE',  ( 1.000000000000000000, 0.000000000000000000, 0.000000000000000000 ) ) ;
#614 = PLANE ( 'NONE',  #556 ) ;
#615 = CARTESIAN_POINT ( 'NONE',  ( 7.176470588235295267, -3.476470588235293757, 6.600000000000000533 ) ) ;
#616 = EDGE_LOOP ( 'NONE', ( #1812, #1959, #1527 ) ) ;
#617 = CARTESIAN_POINT ( 'NONE',  ( 15.08347187638971221, -1.604402531515020325, 7.000000000000000888 ) ) ;
#618 = DIRECTION ( 'NONE',  ( 1.000000000000000000, 0.000000000000000000, 0.000000000000000000 ) ) ;
#619 = EDGE_LOOP ( 'NONE', ( #2763, #926, #1286, #3023 ) ) ;
#620 = CARTESIAN_POINT ( 'NONE',  ( 10.56369876809177910, -2.864253073835259400, 6.600000000000000533 ) ) ;
#621 = CARTESIAN_POINT ( 'NONE',  ( -1.592040838891559293E-15, 169.0000000000000000, -13.00000000000000178 ) ) ;
#622 = CARTESIAN_POINT ( 'NONE',  ( 15.02462917591293667, -4.906429620087931376, 7.000000000000002665 ) ) ;
#623 = FACE_OUTER_BOUND ( 'NONE', #1441, .T. ) ;
#624 = VECTOR ( 'NONE', #1367, 1000.000000000000000 ) ;
#625 = CARTESIAN_POINT ( 'NONE',  ( 7.178016958307124717, -3.035920749810411934, 6.600000000000003197 ) ) ;
#626 = CARTESIAN_POINT ( 'NONE',  ( 5.650000000000000355, 0.000000000000000000, -1.145044757202775450E-15 ) ) ;
#627 = ORIENTED_EDGE ( 'NONE', *, *, #2270, .F. ) ;
#628 = CARTESIAN_POINT ( 'NONE',  ( 15.54146875360966540, -3.986255849943769025, 6.999999999999997335 ) ) ;
#629 = CARTESIAN_POINT ( 'NONE',  ( 12.40154637007182536, -3.035920749810411490, 6.600000000000001421 ) ) ;
#630 = DIRECTION ( 'NONE',  ( 0.000000000000000000, 1.000000000000000000, 0.000000000000000000 ) ) ;
#631 = ORIENTED_EDGE ( 'NONE', *, *, #2869, .T. ) ;
#632 = CARTESIAN_POINT ( 'NONE',  ( 30.00000000000000000, 169.0000000000000000, 3.000000000000000000 ) ) ;
#633 = CARTESIAN_POINT ( 'NONE',  ( 3.876470588235294112, -7.500000000000000000, 7.000000000000000888 ) ) ;
#634 = ORIENTED_EDGE ( 'NONE', *, *, #985, .F. ) ;
#635 = CARTESIAN_POINT ( 'NONE',  ( 10.56172296800822785, -2.755896127997814027, 6.599999999999998757 ) ) ;
#636 = EDGE_CURVE ( 'NONE', #593, #2223, #377, .T. ) ;
#637 = CARTESIAN_POINT ( 'NONE',  ( 4.868615190999136644, -4.815420237924010749, 6.600000000000002309 ) ) ;
#638 = CARTESIAN_POINT ( 'NONE',  ( 8.614507352421192365, -4.174936232754474119, 7.000000000000000888 ) ) ;
#639 = EDGE_CURVE ( 'NONE', #760, #991, #943, .T. ) ;
#640 = CARTESIAN_POINT ( 'NONE',  ( 15.54146875360966540, -3.986255849943769025, 6.599999999999996980 ) ) ;
#641 = CARTESIAN_POINT ( 'NONE',  ( 28.99999999999999645, -9.000000000000001776, 6.000000000000000888 ) ) ;
#642 = CARTESIAN_POINT ( 'NONE',  ( 15.08347187638971221, -1.604402531515020325, 6.600000000000000533 ) ) ;
#643 = PLANE ( 'NONE',  #1026 ) ;
#644 = ORIENTED_EDGE ( 'NONE', *, *, #1908, .F. ) ;
#645 = CARTESIAN_POINT ( 'NONE',  ( 7.315048313392919610, -2.195216710144686001, 6.999999999999998224 ) ) ;
#646 = CARTESIAN_POINT ( 'NONE',  ( 5.341176470588235858, -1.499999999999998668, 6.600000000000000533 ) ) ;
#647 = ORIENTED_EDGE ( 'NONE', *, *, #2791, .T. ) ;
#648 = CARTESIAN_POINT ( 'NONE',  ( 4.952941176470588402, -5.761764705882352899, 7.000000000000000888 ) ) ;
#649 = CARTESIAN_POINT ( 'NONE',  ( 28.99999999999999645, -9.000000000000001776, -14.00000000000000000 ) ) ;
#650 = CYLINDRICAL_SURFACE ( 'NONE', #2596, 9.350000000000001421 ) ;
#651 = CARTESIAN_POINT ( 'NONE',  ( 7.194117647058824616, -6.582352941176469407, 7.000000000000000888 ) ) ;
#652 = ADVANCED_FACE ( 'NONE', ( #2628 ), #484, .T. ) ;
#653 = EDGE_CURVE ( 'NONE', #1573, #760, #1887, .T. ) ;
#654 = VECTOR ( 'NONE', #2588, 1000.000000000000000 ) ;
#655 = CARTESIAN_POINT ( 'NONE',  ( 15.72515541783368498, -3.449795804609073979, 7.000000000000000000 ) ) ;
#656 = DIRECTION ( 'NONE',  ( -0.000000000000000000, -0.000000000000000000, 1.000000000000000000 ) ) ;
#657 = CARTESIAN_POINT ( 'NONE',  ( 12.93309302556899354, -1.673122836829341153, 6.599999999999998757 ) ) ;
#658 = CARTESIAN_POINT ( 'NONE',  ( 8.844117647058824971, -2.276470588235293135, 7.000000000000000888 ) ) ;
#659 = VERTEX_POINT ( 'NONE', #1641 ) ;
#660 = PLANE ( 'NONE',  #3019 ) ;
#661 = DIRECTION ( 'NONE',  ( 0.000000000000000000, 0.000000000000000000, 1.000000000000000000 ) ) ;
#662 = ORIENTED_EDGE ( 'NONE', *, *, #2002, .T. ) ;
#663 = DIRECTION ( 'NONE',  ( 1.000000000000000000, 0.000000000000000000, 0.000000000000000000 ) ) ;
#664 = AXIS2_PLACEMENT_3D ( 'NONE', #2101, #1211, #924 ) ;
#665 = DIRECTION ( 'NONE',  ( -0.000000000000000000, -1.000000000000000000, -0.000000000000000000 ) ) ;
#666 = VERTEX_POINT ( 'NONE', #247 ) ;
#667 = CYLINDRICAL_SURFACE ( 'NONE', #395, 1.000000000000000888 ) ;
#668 = CARTESIAN_POINT ( 'NONE',  ( 8.223727130496191862, -4.853423947869028865, 7.000000000000000000 ) ) ;
#669 = DIRECTION ( 'NONE',  ( 0.000000000000000000, 0.000000000000000000, -1.000000000000000000 ) ) ;
#670 = CARTESIAN_POINT ( 'NONE',  ( 8.848222008561036134, -1.359898864068360691, 7.000000000000000888 ) ) ;
#671 = VECTOR ( 'NONE', #1577, 1000.000000000000000 ) ;
#672 = FACE_OUTER_BOUND ( 'NONE', #619, .T. ) ;
#673 = FACE_OUTER_BOUND ( 'NONE', #304, .T. ) ;
#674 = EDGE_CURVE ( 'NONE', #766, #1779, #2592, .T. ) ;
#675 = AXIS2_PLACEMENT_3D ( 'NONE', #1507, #1074, #2018 ) ;
#676 = CARTESIAN_POINT ( 'NONE',  ( 7.849639868311294677, -1.576887491078280856, 7.000000000000001776 ) ) ;
#677 = VERTEX_POINT ( 'NONE', #19 ) ;
#678 = CARTESIAN_POINT ( 'NONE',  ( 10.91764705882352793, -7.500000000000000000, 7.000000000000000888 ) ) ;
#679 = CARTESIAN_POINT ( 'NONE',  ( 8.517647058823531125, -3.476470588235293757, 6.600000000000000533 ) ) ;
#680 = ORIENTED_EDGE ( 'NONE', *, *, #1981, .F. ) ;
#681 = LINE ( 'NONE', #170, #1922 ) ;
#682 = DIRECTION ( 'NONE',  ( 1.000000000000000000, -0.000000000000000000, -0.000000000000000000 ) ) ;
#683 = ORIENTED_EDGE ( 'NONE', *, *, #1713, .T. ) ;
#684 = CARTESIAN_POINT ( 'NONE',  ( 2.941176470588235059, -1.499999999999998668, 7.000000000000000888 ) ) ;
#685 = CARTESIAN_POINT ( 'NONE',  ( 8.848222008561036134, -1.359898864068360691, 7.000000000000000888 ) ) ;
#686 = LINE ( 'NONE', #1645, #1353 ) ;
#687 = CARTESIAN_POINT ( 'NONE',  ( 15.19729888122730266, -4.621691167227703900, 7.000000000000000888 ) ) ;
#688 = DIRECTION ( 'NONE',  ( 0.000000000000000000, -1.000000000000000000, 0.000000000000000000 ) ) ;
#689 = DIRECTION ( 'NONE',  ( -0.000000000000000000, -1.000000000000000000, -0.000000000000000000 ) ) ;
#690 = DIRECTION ( 'NONE',  ( 0.000000000000000000, -0.000000000000000000, 1.000000000000000000 ) ) ;
#691 = ORIENTED_EDGE ( 'NONE', *, *, #2030, .T. ) ;
#692 = CARTESIAN_POINT ( 'NONE',  ( 8.004531472140445914, -1.496286281582237310, 7.000000000000000000 ) ) ;
#693 = CARTESIAN_POINT ( 'NONE',  ( 30.00000000000000000, 169.0000000000000000, 3.000000000000000000 ) ) ;
#694 = ORIENTED_EDGE ( 'NONE', *, *, #2410, .F. ) ;
#695 = DIRECTION ( 'NONE',  ( -0.000000000000000000, -0.000000000000000000, 1.000000000000000000 ) ) ;
#696 = VERTEX_POINT ( 'NONE', #3093 ) ;
#697 = CARTESIAN_POINT ( 'NONE',  ( 7.176470588235295267, -3.261397058823528816, 6.600000000000000533 ) ) ;
#698 = CARTESIAN_POINT ( 'NONE',  ( 5.173063613483675383, -3.305873338254285088, 7.000000000000002665 ) ) ;
#699 = DIRECTION ( 'NONE',  ( 0.000000000000000000, 0.000000000000000000, 1.000000000000000000 ) ) ;
#700 = APPLICATION_CONTEXT ( 'automotive_design' ) ;
#701 = VECTOR ( 'NONE', #288, 1000.000000000000000 ) ;
#702 = LINE ( 'NONE', #2619, #2801 ) ;
#703 = B_SPLINE_CURVE_WITH_KNOTS ( 'NONE', 3,
 ( #861, #2070, #2526, #889, #387, #1350, #1113, #645, #2052, #494, #3056, #2329, #955, #692, #3105, #2316, #1409, #1175, #2117 ),
 .UNSPECIFIED., .F., .F.,
 ( 4, 1, 1, 1, 1, 1, 1, 1, 1, 1, 1, 1, 1, 1, 1, 1, 4 ),
 ( 0.000000000000000000, 0.08139563477395464486, 0.1540355650068307158, 0.2176072054905874575, 0.2722793937359643257, 0.3233038746443256950, 0.3759210310763163587, 0.4306915252434624919, 0.4886151326871890355, 0.5475014344304887093, 0.6056573898398994737, 0.6644397328713907980, 0.7245362256938467915, 0.7874448363049996180, 0.8538334618786097563, 0.9243087280376095505, 1.000000000000000000 ),
 .UNSPECIFIED. ) ;
#704 = CARTESIAN_POINT ( 'NONE',  ( 13.75354230231594954, -4.323084654257449699, 7.000000000000001776 ) ) ;
#705 = EDGE_CURVE ( 'NONE', #1335, #1057, #1658, .T. ) ;
#706 = CARTESIAN_POINT ( 'NONE',  ( 30.00000000000000000, 169.0000000000000000, -13.00000000000000178 ) ) ;
#707 = CARTESIAN_POINT ( 'NONE',  ( 8.919554378218743196, -2.280629554911806078, 7.000000000000000888 ) ) ;
#708 = EDGE_LOOP ( 'NONE', ( #527, #226, #242, #481 ) ) ;
#709 = DIRECTION ( 'NONE',  ( 0.000000000000000000, 0.000000000000000000, -1.000000000000000000 ) ) ;
#710 = LINE ( 'NONE', #480, #606 ) ;
#711 = ORIENTED_EDGE ( 'NONE', *, *, #1067, .T. ) ;
#712 = CARTESIAN_POINT ( 'NONE',  ( 12.61062375222477350, -2.053921815687308694, 6.599999999999999645 ) ) ;
#713 = AXIS2_PLACEMENT_3D ( 'NONE', #1546, #876, #2273 ) ;
#714 = VECTOR ( 'NONE', #2261, 1000.000000000000000 ) ;
#715 = CARTESIAN_POINT ( 'NONE',  ( 28.99999999999999645, -9.000000000000001776, 0.000000000000000000 ) ) ;
#716 = CARTESIAN_POINT ( 'NONE',  ( 5.138853031627050427, -3.679768747027841069, 6.599999999999997868 ) ) ;
#717 = CARTESIAN_POINT ( 'NONE',  ( 15.00000000000000178, 0.000000000000000000, 0.000000000000000000 ) ) ;
#718 = ADVANCED_BREP_SHAPE_REPRESENTATION ( 'Bladder_Mold_Bottom', ( #2751, #1402 ), #900 ) ;
#719 = PRODUCT_CONTEXT ( 'NONE', #2912, 'mechanical' ) ;
#720 = CARTESIAN_POINT ( 'NONE',  ( 9.550910925167841015, -1.465658736832566200, 7.000000000000000888 ) ) ;
#721 = CARTESIAN_POINT ( 'NONE',  ( 14.35510539255818507, -3.033909099944821719, 7.000000000000000000 ) ) ;
#722 = CARTESIAN_POINT ( 'NONE',  ( 13.92786353637925600, -1.360421891417595841, 7.000000000000001776 ) ) ;
#723 = VECTOR ( 'NONE', #2516, 1000.000000000000000 ) ;
#724 = CARTESIAN_POINT ( 'NONE',  ( 2.885785830794729204E-16, 168.9999999999999432, -13.58578643762690064 ) ) ;
#725 = VERTEX_POINT ( 'NONE', #1854 ) ;
#726 = DIRECTION ( 'NONE',  ( 0.000000000000000000, -0.000000000000000000, 1.000000000000000000 ) ) ;
#727 = DIRECTION ( 'NONE',  ( -1.000000000000000000, 0.000000000000000000, -5.144873829381286772E-12 ) ) ;
#728 = ORIENTED_EDGE ( 'NONE', *, *, #975, .T. ) ;
#729 = CARTESIAN_POINT ( 'NONE',  ( 0.000000000000000000, -9.000000000000001776, 6.000000000000000888 ) ) ;
#730 = CIRCLE ( 'NONE', #2528, 1.000000000000000000 ) ;
#731 = CARTESIAN_POINT ( 'NONE',  ( 10.56470588235294272, -2.919485294117646568, 6.600000000000000533 ) ) ;
#732 = ADVANCED_FACE ( 'NONE', ( #2611 ), #468, .T. ) ;
#733 = DIRECTION ( 'NONE',  ( 0.000000000000000000, 1.000000000000000000, 0.000000000000000000 ) ) ;
#734 = EDGE_CURVE ( 'NONE', #1885, #301, #2881, .T. ) ;
#735 = DIRECTION ( 'NONE',  ( 0.000000000000000000, 0.000000000000000000, -1.000000000000000000 ) ) ;
#736 = SHAPE_DEFINITION_REPRESENTATION ( #1772, #718 ) ;
#737 = CARTESIAN_POINT ( 'NONE',  ( 13.19784295347764314, -5.277969311062510549, 7.000000000000001776 ) ) ;
#738 = DIRECTION ( 'NONE',  ( -1.000000000000000000, 0.000000000000000000, -0.000000000000000000 ) ) ;
#739 = DIRECTION ( 'NONE',  ( 0.000000000000000000, 1.000000000000000000, 0.000000000000000000 ) ) ;
#740 = ORIENTED_EDGE ( 'NONE', *, *, #338, .F. ) ;
#741 = CARTESIAN_POINT ( 'NONE',  ( 0.000000000000000000, -9.000000000000007105, 0.000000000000000000 ) ) ;
#742 = EDGE_CURVE ( 'NONE', #1593, #2884, #2200, .T. ) ;
#743 = CARTESIAN_POINT ( 'NONE',  ( 15.67877385627482845, -2.301110198727988276, 6.600000000000004086 ) ) ;
#744 = ORIENTED_EDGE ( 'NONE', *, *, #1492, .F. ) ;
#745 = CYLINDRICAL_SURFACE ( 'NONE', #254, 1.000000000000000000 ) ;
#746 = ORIENTED_EDGE ( 'NONE', *, *, #1039, .F. ) ;
#747 = DIRECTION ( 'NONE',  ( 0.000000000000000000, 1.000000000000000000, 0.000000000000000000 ) ) ;
#748 = CARTESIAN_POINT ( 'NONE',  ( 9.890676087086525570, -4.758595881124172422, 6.599999999999999645 ) ) ;
#749 = DIRECTION ( 'NONE',  ( -0.000000000000000000, -0.000000000000000000, 1.000000000000000000 ) ) ;
#750 = ADVANCED_FACE ( 'NONE', ( #126 ), #1558, .F. ) ;
#751 = CARTESIAN_POINT ( 'NONE',  ( 14.39083917437210225, -2.649579060163613775, 6.599999999999999645 ) ) ;
#752 = EDGE_CURVE ( 'NONE', #344, #1076, #1110, .T. ) ;
#753 = CARTESIAN_POINT ( 'NONE',  ( 9.167262416095313782, -2.844420884232613744, 7.000000000000000000 ) ) ;
#754 = CARTESIAN_POINT ( 'NONE',  ( 14.00036764705882320, -1.358823529411763875, 6.600000000000000533 ) ) ;
#755 = CARTESIAN_POINT ( 'NONE',  ( 10.11402629641715833, -1.798286785565264889, 6.999999999999999112 ) ) ;
#756 = EDGE_CURVE ( 'NONE', #1480, #1229, #1572, .T. ) ;
#757 = AXIS2_PLACEMENT_3D ( 'NONE', #460, #738, #1422 ) ;
#758 = CARTESIAN_POINT ( 'NONE',  ( 12.75592949204299842, -6.021203638637410371, 6.599999999999999645 ) ) ;
#759 = CARTESIAN_POINT ( 'NONE',  ( 13.78785168847599252, -1.363508469764082909, 7.000000000000001776 ) ) ;
#760 = VERTEX_POINT ( 'NONE', #2253 ) ;
#761 = LINE ( 'NONE', #741, #1578 ) ;
#762 = ORIENTED_EDGE ( 'NONE', *, *, #189, .T. ) ;
#763 = CARTESIAN_POINT ( 'NONE',  ( 9.169446793157266740, -2.720549026188791242, 6.600000000000000533 ) ) ;
#764 = VECTOR ( 'NONE', #1575, 1000.000000000000000 ) ;
#765 = CARTESIAN_POINT ( 'NONE',  ( 12.91178997808740725, -5.758987081303163613, 7.000000000000000888 ) ) ;
#766 = VERTEX_POINT ( 'NONE', #615 ) ;
#767 = DIRECTION ( 'NONE',  ( 0.000000000000000000, 0.000000000000000000, 1.000000000000000000 ) ) ;
#768 = CARTESIAN_POINT ( 'NONE',  ( 8.517647058823531125, -2.921691176470587958, 7.000000000000000888 ) ) ;
#769 = PLANE ( 'NONE',  #2992 ) ;
#770 = CARTESIAN_POINT ( 'NONE',  ( 14.37752937226036387, -2.550352058953419210, 6.600000000000001421 ) ) ;
#771 = CIRCLE ( 'NONE', #467, 1.000000000000000000 ) ;
#772 = CARTESIAN_POINT ( 'NONE',  ( 7.532400080278295107, -6.021203638637409483, 6.999999999999998224 ) ) ;
#773 = ORIENTED_EDGE ( 'NONE', *, *, #2649, .F. ) ;
#774 = ADVANCED_FACE ( 'NONE', ( #858 ), #1081, .T. ) ;
#775 = CARTESIAN_POINT ( 'NONE',  ( 12.70161407449761626, -1.916752810210594848, 7.000000000000001776 ) ) ;
#776 = CARTESIAN_POINT ( 'NONE',  ( 12.75592949204299842, -6.021203638637410371, 6.599999999999999645 ) ) ;
#777 = ORIENTED_EDGE ( 'NONE', *, *, #1224, .F. ) ;
#778 = CARTESIAN_POINT ( 'NONE',  ( 8.561006244005714194, -2.489184056055177674, 6.600000000000003197 ) ) ;
#779 = ADVANCED_FACE ( 'NONE', ( #1095 ), #899, .T. ) ;
#780 = ORIENTED_EDGE ( 'NONE', *, *, #2502, .F. ) ;
#781 = PLANE ( 'NONE',  #1552 ) ;
#782 = AXIS2_PLACEMENT_3D ( 'NONE', #2166, #995, #699 ) ;
#783 = ORIENTED_EDGE ( 'NONE', *, *, #1405, .F. ) ;
#784 = CARTESIAN_POINT ( 'NONE',  ( 5.341176470588235858, -1.499999999999997780, 7.000000000000000888 ) ) ;
#785 = CARTESIAN_POINT ( 'NONE',  ( 9.230548729709491695, -5.792293568502145718, 6.600000000000000533 ) ) ;
#786 = ADVANCED_FACE ( 'NONE', ( #3072 ), #643, .T. ) ;
#787 = DIRECTION ( 'NONE',  ( 0.000000000000000000, -1.000000000000000000, 0.000000000000000000 ) ) ;
#788 = LINE ( 'NONE', #1066, #1189 ) ;
#789 = AXIS2_PLACEMENT_3D ( 'NONE', #1694, #2873, #934 ) ;
#790 = CARTESIAN_POINT ( 'NONE',  ( 7.194117647058824616, -6.582352941176469407, 7.000000000000000888 ) ) ;
#791 = CARTESIAN_POINT ( 'NONE',  ( 8.698615620852008234, -2.305190753856581232, 7.000000000000000888 ) ) ;
#792 = ORIENTED_EDGE ( 'NONE', *, *, #54, .F. ) ;
#793 = LINE ( 'NONE', #2735, #2451 ) ;
#794 = EDGE_LOOP ( 'NONE', ( #2250, #2837, #872, #2476 ) ) ;
#795 = ORIENTED_EDGE ( 'NONE', *, *, #2139, .T. ) ;
#796 = CARTESIAN_POINT ( 'NONE',  ( 12.39999999999999858, -3.476470588235293757, 6.600000000000000533 ) ) ;
#797 = ADVANCED_FACE ( 'NONE', ( #2099 ), #461, .T. ) ;
#798 = ORIENTED_EDGE ( 'NONE', *, *, #1937, .T. ) ;
#799 = CARTESIAN_POINT ( 'NONE',  ( 14.09354790101473753, -2.277898549626389268, 7.000000000000000000 ) ) ;
#800 = ORIENTED_EDGE ( 'NONE', *, *, #2637, .T. ) ;
#801 = CARTESIAN_POINT ( 'NONE',  ( 9.230548729709491695, -5.792293568502145718, 6.600000000000000533 ) ) ;
#802 = CARTESIAN_POINT ( 'NONE',  ( 4.952941176470588402, -5.761764705882352899, 7.000000000000000888 ) ) ;
#803 = CARTESIAN_POINT ( 'NONE',  ( 13.82571409878263680, -2.396612628414425572, 6.600000000000002309 ) ) ;
#804 = CARTESIAN_POINT ( 'NONE',  ( 4.868615190999136644, -4.815420237924010749, 6.600000000000002309 ) ) ;
#805 = VECTOR ( 'NONE', #2106, 1000.000000000000000 ) ;
#806 = CARTESIAN_POINT ( 'NONE',  ( 9.155199033770443862, -2.935763653844529752, 6.600000000000000533 ) ) ;
#807 = ORIENTED_EDGE ( 'NONE', *, *, #1523, .F. ) ;
#808 = CARTESIAN_POINT ( 'NONE',  ( 13.74117647058823444, -2.921691176470587958, 6.600000000000000533 ) ) ;
#809 = CARTESIAN_POINT ( 'NONE',  ( 10.50162600606897811, -3.449795804609072203, 6.599999999999997868 ) ) ;
#810 = ADVANCED_FACE ( 'NONE', ( #2146 ), #1542, .T. ) ;
#811 = DIRECTION ( 'NONE',  ( -0.1540222675599416391, 0.9880673767996257517, 0.000000000000000000 ) ) ;
#812 = CARTESIAN_POINT ( 'NONE',  ( 14.08157500178874955, -3.722223187858454185, 6.600000000000001421 ) ) ;
#813 = ORIENTED_EDGE ( 'NONE', *, *, #2985, .T. ) ;
#814 = CARTESIAN_POINT ( 'NONE',  ( 0.000000000000000000, -10.00000000000000000, 7.000000000000000888 ) ) ;
#815 = AXIS2_PLACEMENT_3D ( 'NONE', #3102, #255, #2874 ) ;
#816 = VERTEX_POINT ( 'NONE', #1847 ) ;
#817 = DIRECTION ( 'NONE',  ( 0.000000000000000000, 0.000000000000000000, 1.000000000000000000 ) ) ;
#818 = ORIENTED_EDGE ( 'NONE', *, *, #2487, .T. ) ;
#819 = CARTESIAN_POINT ( 'NONE',  ( 27.09999999999999787, 169.0000000000000000, 0.000000000000000000 ) ) ;
#820 = CARTESIAN_POINT ( 'NONE',  ( 4.966139668121519968, -5.613232035646003482, 7.000000000000002665 ) ) ;
#821 = CARTESIAN_POINT ( 'NONE',  ( 13.75958542169052734, -2.602133346995949115, 6.599999999999999645 ) ) ;
#822 = CIRCLE ( 'NONE', #1325, 6.450000000000000178 ) ;
#823 = DIRECTION ( 'NONE',  ( -0.000000000000000000, 1.000000000000000000, -0.000000000000000000 ) ) ;
#824 = DIRECTION ( 'NONE',  ( -0.000000000000000000, -1.000000000000000000, 0.000000000000000000 ) ) ;
#825 = B_SPLINE_CURVE_WITH_KNOTS ( 'NONE', 3,
 ( #1990, #1697, #1454, #1467, #2414, #1241, #1509, #1944, #2222, #1002, #1763, #2394, #2459, #324, #1255, #46, #1716, #96, #258, #1048, #2961, #1227, #187, #2783, #1151, #201, #2811 ),
 .UNSPECIFIED., .F., .F.,
 ( 4, 1, 1, 1, 1, 1, 1, 1, 1, 1, 1, 1, 1, 1, 1, 1, 1, 1, 1, 1, 1, 1, 1, 1, 4 ),
 ( 0.000000000000000000, 0.03233836612938374017, 0.06535045975697138798, 0.09914269457500861360, 0.1335436458252357572, 0.1692560224231898225, 0.2055102093036293986, 0.2431765376944867996, 0.2819144820702521037, 0.3032919227675340279, 0.3273814436838707320, 0.3549399424438570150, 0.3856069936089844274, 0.4192532667432053439, 0.4561582912936344991, 0.4961894850518846489, 0.5395856280371509328, 0.5860259654031485521, 0.6356868246814195711, 0.6884831127618971092, 0.7443358704240019552, 0.8034075275879937195, 0.8657711897571782611, 0.9313529862909943891, 1.000000000000000000 ),
 .UNSPECIFIED. ) ;
#826 = CARTESIAN_POINT ( 'NONE',  ( 15.64705882352940947, -6.441176470588234615, 7.000000000000000888 ) ) ;
#827 = ORIENTED_EDGE ( 'NONE', *, *, #2531, .T. ) ;
#828 = VERTEX_POINT ( 'NONE', #241 ) ;
#829 = CARTESIAN_POINT ( 'NONE',  ( 14.31703536343084160, -2.397052198627206643, 7.000000000000002665 ) ) ;
#830 = DIRECTION ( 'NONE',  ( 0.000000000000000000, 0.000000000000000000, -1.000000000000000000 ) ) ;
#831 = ORIENTED_EDGE ( 'NONE', *, *, #2887, .T. ) ;
#832 = FACE_OUTER_BOUND ( 'NONE', #1283, .T. ) ;
#833 = CARTESIAN_POINT ( 'NONE',  ( 8.602184687017931708, -2.396612628414425572, 7.000000000000002665 ) ) ;
#834 = CARTESIAN_POINT ( 'NONE',  ( 13.75958542169052734, -2.602133346995949115, 7.000000000000000000 ) ) ;
#835 = DIRECTION ( 'NONE',  ( -0.000000000000000000, -0.000000000000000000, -1.000000000000000000 ) ) ;
#836 = VECTOR ( 'NONE', #910, 1000.000000000000000 ) ;
#837 = CARTESIAN_POINT ( 'NONE',  ( 4.674479222916055221, -2.684539067483885155, 6.599999999999999645 ) ) ;
#838 = VECTOR ( 'NONE', #2991, 1000.000000000000000 ) ;
#839 = CARTESIAN_POINT ( 'NONE',  ( 7.315048313392919610, -2.195216710144686001, 6.599999999999997868 ) ) ;
#840 = CARTESIAN_POINT ( 'NONE',  ( 21.44922475961258357, -6.000000000000000000, 0.09999999999999890921 ) ) ;
#841 = DIRECTION ( 'NONE',  ( 0.000000000000000000, 1.000000000000000000, 0.000000000000000000 ) ) ;
#842 = VERTEX_POINT ( 'NONE', #1209 ) ;
#843 = CARTESIAN_POINT ( 'NONE',  ( 14.14308378998344473, -2.280629554911806078, 7.000000000000000888 ) ) ;
#844 = EDGE_CURVE ( 'NONE', #183, #2202, #2816, .T. ) ;
#845 = CARTESIAN_POINT ( 'NONE',  ( 13.97790649316349310, -3.920400198462843377, 7.000000000000001776 ) ) ;
#846 = VERTEX_POINT ( 'NONE', #2752 ) ;
#847 = CARTESIAN_POINT ( 'NONE',  ( 14.21043523221662852, -1.361988015459638213, 7.000000000000000888 ) ) ;
#848 = DIRECTION ( 'NONE',  ( -0.000000000000000000, -0.000000000000000000, 1.000000000000000000 ) ) ;
#849 = ADVANCED_FACE ( 'NONE', ( #2484 ), #1310, .T. ) ;
#850 = CARTESIAN_POINT ( 'NONE',  ( 4.939350041898196153, -5.608822481898290135, 6.600000000000000533 ) ) ;
#851 = CARTESIAN_POINT ( 'NONE',  ( 4.911513713425815553, -5.295577847210843458, 6.599999999999999645 ) ) ;
#852 = EDGE_CURVE ( 'NONE', #906, #912, #1521, .T. ) ;
#853 = EDGE_CURVE ( 'NONE', #2658, #470, #932, .T. ) ;
#854 = CARTESIAN_POINT ( 'NONE',  ( 13.74117647058823444, -3.476470588235293757, 6.600000000000000533 ) ) ;
#855 = LINE ( 'NONE', #919, #2634 ) ;
#856 = CARTESIAN_POINT ( 'NONE',  ( 10.56470588235294272, -2.919485294117646568, 7.000000000000000888 ) ) ;
#857 = CARTESIAN_POINT ( 'NONE',  ( 12.41160152221134005, -2.827708346045784804, 6.600000000000002309 ) ) ;
#858 = FACE_OUTER_BOUND ( 'NONE', #1482, .T. ) ;
#859 = AXIS2_PLACEMENT_3D ( 'NONE', #958, #1916, #2675 ) ;
#860 = ORIENTED_EDGE ( 'NONE', *, *, #2703, .F. ) ;
#861 = CARTESIAN_POINT ( 'NONE',  ( 7.176470588235295267, -3.261397058823528816, 7.000000000000000888 ) ) ;
#862 = CARTESIAN_POINT ( 'NONE',  ( 4.761154215403120560, -3.630670239914801645, 6.600000000000000533 ) ) ;
#863 = VERTEX_POINT ( 'NONE', #1789 ) ;
#864 = CARTESIAN_POINT ( 'NONE',  ( 28.99999999999999645, -9.000000000000001776, -13.00000000000000178 ) ) ;
#865 = AXIS2_PLACEMENT_3D ( 'NONE', #1652, #210, #2607 ) ;
#866 = LINE ( 'NONE', #391, #3031 ) ;
#867 = DIRECTION ( 'NONE',  ( 0.000000000000000000, 1.000000000000000000, 0.000000000000000000 ) ) ;
#868 = DIRECTION ( 'NONE',  ( 0.000000000000000000, -0.000000000000000000, 1.000000000000000000 ) ) ;
#869 = CIRCLE ( 'NONE', #318, 1.000000000000000000 ) ;
#870 = VECTOR ( 'NONE', #3028, 1000.000000000000000 ) ;
#871 = CARTESIAN_POINT ( 'NONE',  ( 14.31521652651139931, -5.998872006215072439, 6.599999999999998757 ) ) ;
#872 = ORIENTED_EDGE ( 'NONE', *, *, #1136, .T. ) ;
#873 = CARTESIAN_POINT ( 'NONE',  ( 12.40053462656482353, -3.183443128691500146, 6.599999999999999645 ) ) ;
#874 = CARTESIAN_POINT ( 'NONE',  ( 7.202878168066381370, -2.645489834037155763, 6.999999999999999112 ) ) ;
#875 = VERTEX_POINT ( 'NONE', #1329 ) ;
#876 = DIRECTION ( 'NONE',  ( 1.000000000000000000, -0.000000000000000000, 0.000000000000000000 ) ) ;
#877 = CARTESIAN_POINT ( 'NONE',  ( 15.00000000000000178, 170.0000000000000000, -9.350000000000001421 ) ) ;
#878 = EDGE_LOOP ( 'NONE', ( #2163, #740, #2347, #2629 ) ) ;
#879 = CARTESIAN_POINT ( 'NONE',  ( 13.80138154546788343, -2.444563656209963742, 7.000000000000000000 ) ) ;
#880 = CARTESIAN_POINT ( 'NONE',  ( 2.899999999999999911, 169.0000000000000000, 0.000000000000000000 ) ) ;
#881 = CARTESIAN_POINT ( 'NONE',  ( 15.00000000000000000, 0.000000000000000000, -1.099120502234749572E-15 ) ) ;
#882 = CARTESIAN_POINT ( 'NONE',  ( 30.00000000000000000, -9.000000000000007105, -4.000000000000000000 ) ) ;
#883 = CARTESIAN_POINT ( 'NONE',  ( 7.259813504437093279, -2.336878553981420747, 6.600000000000004974 ) ) ;
#884 = CARTESIAN_POINT ( 'NONE',  ( 14.07154033103717516, -6.365585828466784335, 6.600000000000001421 ) ) ;
#885 = DIRECTION ( 'NONE',  ( -0.000000000000000000, -0.000000000000000000, 1.000000000000000000 ) ) ;
#886 = CARTESIAN_POINT ( 'NONE',  ( 15.67877385627482845, -2.301110198727988276, 6.600000000000004086 ) ) ;
#887 = CARTESIAN_POINT ( 'NONE',  ( 14.32717853708332711, -3.140805843584632662, 7.000000000000000888 ) ) ;
#888 = ORIENTED_EDGE ( 'NONE', *, *, #607, .T. ) ;
#889 = CARTESIAN_POINT ( 'NONE',  ( 7.188072110446637630, -2.827708346045783916, 7.000000000000000000 ) ) ;
#890 = CARTESIAN_POINT ( 'NONE',  ( 8.517647058823531125, -2.921691176470587958, 7.000000000000000888 ) ) ;
#891 = ADVANCED_FACE ( 'NONE', ( #1683 ), #2537, .T. ) ;
#892 = ORIENTED_EDGE ( 'NONE', *, *, #2029, .F. ) ;
#893 = CARTESIAN_POINT ( 'NONE',  ( 13.75119688067594836, -2.670772664561498644, 7.000000000000002665 ) ) ;
#894 = EDGE_CURVE ( 'NONE', #2692, #2737, #297, .T. ) ;
#895 = B_SPLINE_CURVE_WITH_KNOTS ( 'NONE', 3,
 ( #1247, #2368, #1416, #234, #453, #2646, #500, #2182, #1233, #2165, #1201 ),
 .UNSPECIFIED., .F., .F.,
 ( 4, 1, 1, 1, 1, 1, 1, 1, 4 ),
 ( 0.000000000000000000, 0.1720516227588616553, 0.3221184518414669795, 0.4530032450370298780, 0.5679319607256979596, 0.6732552971111487317, 0.7755212437239799028, 0.8826267386609915055, 1.000000000000000000 ),
 .UNSPECIFIED. ) ;
#896 = DIRECTION ( 'NONE',  ( 0.9998151400298467273, -0.01922721423134313851, 0.000000000000000000 ) ) ;
#897 = LINE ( 'NONE', #422, #1497 ) ;
#898 = CARTESIAN_POINT ( 'NONE',  ( 9.550910925167841015, -1.465658736832566200, 7.000000000000000888 ) ) ;
#899 = B_SPLINE_SURFACE_WITH_KNOTS ( 'NONE', 3, 1, ( 
 ( #2998, #1796 ),
 ( #397, #2762 ),
 ( #372, #1334 ),
 ( #2271, #2284 ),
 ( #140, #874 ),
 ( #153, #2036 ),
 ( #1807, #2802 ),
 ( #1407, #2327 ),
 ( #179, #1193 ),
 ( #3086, #13 ),
 ( #192, #431 ),
 ( #2831, #2605 ),
 ( #2568, #676 ),
 ( #2343, #1834 ),
 ( #2115, #414 ),
 ( #937, #208 ),
 ( #1391, #1157 ),
 ( #1635, #1173 ),
 ( #2130, #3054 ) ),
 .UNSPECIFIED., .F., .F., .F.,
 ( 4, 1, 1, 1, 1, 1, 1, 1, 1, 1, 1, 1, 1, 1, 1, 1, 4 ),
 ( 2, 2 ),
 ( 0.000000000000000000, 0.08139563477395464486, 0.1540355650068307158, 0.2176072054905874575, 0.2722793937359643257, 0.3233038746443256950, 0.3759210310763163587, 0.4306915252434624919, 0.4886151326871890355, 0.5475014344304887093, 0.6056573898398994737, 0.6644397328713907980, 0.7245362256938467915, 0.7874448363049996180, 0.8538334618786097563, 0.9243087280376095505, 1.000000000000000000 ),
 ( 0.000000000000000000, 1.000000000000000000 ),
 .UNSPECIFIED. ) ;
#900 =( GEOMETRIC_REPRESENTATION_CONTEXT ( 3 ) GLOBAL_UNCERTAINTY_ASSIGNED_CONTEXT ( ( #1005 ) ) GLOBAL_UNIT_ASSIGNED_CONTEXT ( ( #536, #2890, #488 ) ) REPRESENTATION_CONTEXT ( 'NONE', 'WORKASPACE' ) );
#901 = CARTESIAN_POINT ( 'NONE',  ( 15.45018288959075115, -4.174562649691596405, 7.000000000000002665 ) ) ;
#902 = CARTESIAN_POINT ( 'NONE',  ( 15.02462917591293667, -4.906429620087931376, 6.600000000000002309 ) ) ;
#903 = B_SPLINE_CURVE_WITH_KNOTS ( 'NONE', 3,
 ( #3047, #1352, #2289, #157, #2057, #3034, #879, #1827, #1594, #2544, #893, #511, #231, #2416, #3092 ),
 .UNSPECIFIED., .F., .F.,
 ( 4, 1, 1, 1, 1, 1, 1, 1, 1, 1, 1, 1, 4 ),
 ( 0.000000000000000000, 0.09485443672280788330, 0.1822887538626286330, 0.2672447772636123431, 0.3565308500978746631, 0.4065830915892265640, 0.4641841358475286561, 0.5308962385203803702, 0.6052017996980795234, 0.6894918280688816514, 0.7841159886598220163, 0.8867315438254380622, 1.000000000000000000 ),
 .UNSPECIFIED. ) ;
#904 = CARTESIAN_POINT ( 'NONE',  ( 12.53857772515762470, -2.195216710144686445, 6.600000000000000533 ) ) ;
#905 = CARTESIAN_POINT ( 'NONE',  ( 9.167309762607400714, -2.649579060163613775, 7.000000000000000000 ) ) ;
#906 = VERTEX_POINT ( 'NONE', #51 ) ;
#907 = DIRECTION ( 'NONE',  ( -0.000000000000000000, -1.000000000000000000, -0.000000000000000000 ) ) ;
#908 = DIRECTION ( 'NONE',  ( -1.000000000000000000, 0.000000000000000000, -0.000000000000000000 ) ) ;
#909 = ORIENTED_EDGE ( 'NONE', *, *, #2390, .T. ) ;
#910 = DIRECTION ( 'NONE',  ( -1.000000000000000000, 0.000000000000000000, 0.000000000000000000 ) ) ;
#911 = DIRECTION ( 'NONE',  ( -0.000000000000000000, -1.000000000000000000, -0.000000000000000000 ) ) ;
#912 = VERTEX_POINT ( 'NONE', #768 ) ;
#913 = CARTESIAN_POINT ( 'NONE',  ( 13.86371282346321188, -2.347643873891812394, 6.600000000000000533 ) ) ;
#914 = CARTESIAN_POINT ( 'NONE',  ( 14.39304988570840571, -2.786055129638735028, 7.000000000000000888 ) ) ;
#915 = CARTESIAN_POINT ( 'NONE',  ( 0.000000000000000000, 0.000000000000000000, 5.999999999999992895 ) ) ;
#916 = EDGE_CURVE ( 'NONE', #2202, #1568, #2194, .T. ) ;
#917 = VECTOR ( 'NONE', #1098, 1000.000000000000000 ) ;
#918 = CARTESIAN_POINT ( 'NONE',  ( 15.33849428004423388, -4.377717477313018968, 7.000000000000003553 ) ) ;
#919 = CARTESIAN_POINT ( 'NONE',  ( 10.91764705882352793, -6.299999999999999822, 7.000000000000000888 ) ) ;
#920 = CARTESIAN_POINT ( 'NONE',  ( 15.44288498886453098, -1.913218041690127436, 6.600000000000003197 ) ) ;
#921 = VECTOR ( 'NONE', #1514, 1000.000000000000000 ) ;
#922 = CARTESIAN_POINT ( 'NONE',  ( 9.169446793157266740, -2.720549026188791242, 7.000000000000000888 ) ) ;
#923 = ORIENTED_EDGE ( 'NONE', *, *, #359, .T. ) ;
#924 = DIRECTION ( 'NONE',  ( -1.000000000000000000, 0.000000000000000000, -0.000000000000000000 ) ) ;
#925 = DIRECTION ( 'NONE',  ( 1.000000000000000000, 0.000000000000000000, 0.000000000000000000 ) ) ;
#926 = ORIENTED_EDGE ( 'NONE', *, *, #674, .F. ) ;
#927 = CARTESIAN_POINT ( 'NONE',  ( 14.39411764705882213, -2.758455882352940591, 6.600000000000000533 ) ) ;
#928 = CARTESIAN_POINT ( 'NONE',  ( 10.91764705882352793, -6.299999999999999822, 7.000000000000000888 ) ) ;
#929 = LINE ( 'NONE', #882, #984 ) ;
#930 = CYLINDRICAL_SURFACE ( 'NONE', #2091, 1.000000000000000888 ) ;
#931 = CARTESIAN_POINT ( 'NONE',  ( 15.02462917591293667, -4.906429620087931376, 7.000000000000003553 ) ) ;
#932 =( BOUNDED_CURVE ( )  B_SPLINE_CURVE ( 3, ( #2875, #365, #724, #1987 ),
 .UNSPECIFIED., .F., .F. ) 
 B_SPLINE_CURVE_WITH_KNOTS ( ( 4, 4 ),
 ( 1.570796326794896780, 3.141592653589793116 ),
 .UNSPECIFIED. ) 
 CURVE ( )  GEOMETRIC_REPRESENTATION_ITEM ( )  RATIONAL_B_SPLINE_CURVE ( ( 1.000000000000000000, 0.8047378541243650485, 0.8047378541243650485, 1.000000000000000000 ) ) 
 REPRESENTATION_ITEM ( '' )  );
#933 = VECTOR ( 'NONE', #2896, 1000.000000000000000 ) ;
#934 = DIRECTION ( 'NONE',  ( 0.000000000000000000, 0.000000000000000000, -1.000000000000000000 ) ) ;
#935 = LINE ( 'NONE', #2342, #3065 ) ;
#936 = VECTOR ( 'NONE', #1615, 1000.000000000000000 ) ;
#937 = CARTESIAN_POINT ( 'NONE',  ( 8.361980347370890243, -1.389842632940669453, 6.600000000000001421 ) ) ;
#938 = VERTEX_POINT ( 'NONE', #70 ) ;
#939 = CARTESIAN_POINT ( 'NONE',  ( 15.00000000000000000, -6.000000000000000000, -1.099120502234749572E-15 ) ) ;
#940 = CARTESIAN_POINT ( 'NONE',  ( 15.00000000000000000, 0.000000000000000000, -1.099120502234749572E-15 ) ) ;
#941 = VERTEX_POINT ( 'NONE', #1965 ) ;
#942 = DIRECTION ( 'NONE',  ( -0.000000000000000000, -1.000000000000000000, -0.000000000000000000 ) ) ;
#943 = LINE ( 'NONE', #2, #1961 ) ;
#944 = VERTEX_POINT ( 'NONE', #545 ) ;
#945 = LINE ( 'NONE', #1888, #23 ) ;
#946 = ADVANCED_FACE ( 'NONE', ( #1275 ), #85, .T. ) ;
#947 = CARTESIAN_POINT ( 'NONE',  ( 4.966139668121519968, -5.613232035646003482, 6.600000000000001421 ) ) ;
#948 = CARTESIAN_POINT ( 'NONE',  ( 14.31703536343084160, -2.397052198627206643, 7.000000000000002665 ) ) ;
#949 = CARTESIAN_POINT ( 'NONE',  ( 28.99999999999999645, -10.00000000000000000, 6.000000000000000888 ) ) ;
#950 = CARTESIAN_POINT ( 'NONE',  ( 9.550910925167841015, -1.465658736832566200, 6.600000000000000533 ) ) ;
#951 = CARTESIAN_POINT ( 'NONE',  ( 14.13276192937663467, -3.620588089578936408, 7.000000000000000888 ) ) ;
#952 = DIRECTION ( 'NONE',  ( -1.000000000000000000, 0.000000000000000000, 0.000000000000000000 ) ) ;
#953 = CARTESIAN_POINT ( 'NONE',  ( 9.047645248722442801, -2.341687678967129038, 6.999999999999999112 ) ) ;
#954 = ORIENTED_EDGE ( 'NONE', *, *, #11, .F. ) ;
#955 = CARTESIAN_POINT ( 'NONE',  ( 7.849639868311294677, -1.576887491078280856, 7.000000000000001776 ) ) ;
#956 = LINE ( 'NONE', #2330, #1419 ) ;
#957 = ORIENTED_EDGE ( 'NONE', *, *, #1405, .T. ) ;
#958 = CARTESIAN_POINT ( 'NONE',  ( 1.000000000000000000, -9.000000000000001776, 6.000000000000000888 ) ) ;
#959 = CARTESIAN_POINT ( 'NONE',  ( 10.42352941176470615, -6.441176470588234615, 6.600000000000000533 ) ) ;
#960 = VERTEX_POINT ( 'NONE', #2950 ) ;
#961 = CARTESIAN_POINT ( 'NONE',  ( 8.103470727920077721, -5.058551275703889516, 6.600000000000002309 ) ) ;
#962 = CARTESIAN_POINT ( 'NONE',  ( 1.000000000000000000, -9.000000000000001776, 6.000000000000000888 ) ) ;
#963 = VECTOR ( 'NONE', #824, 1000.000000000000000 ) ;
#964 = CARTESIAN_POINT ( 'NONE',  ( 8.517746291977635664, -2.831918662295244360, 6.599999999999999645 ) ) ;
#965 = CARTESIAN_POINT ( 'NONE',  ( 8.986905820451926985, -1.361988015459638435, 6.600000000000000533 ) ) ;
#966 = CARTESIAN_POINT ( 'NONE',  ( 14.35510539255818507, -3.033909099944821719, 6.599999999999999645 ) ) ;
#967 = CARTESIAN_POINT ( 'NONE',  ( 2.899999999999999911, 169.0000000000000000, 0.000000000000000000 ) ) ;
#968 = CARTESIAN_POINT ( 'NONE',  ( 10.56470588235294272, -2.919485294117646568, 7.000000000000001776 ) ) ;
#969 = ORIENTED_EDGE ( 'NONE', *, *, #2359, .F. ) ;
#970 = CARTESIAN_POINT ( 'NONE',  ( 8.818173120425788269, -2.277716052005691161, 6.600000000000001421 ) ) ;
#971 = FACE_OUTER_BOUND ( 'NONE', #1254, .T. ) ;
#972 = EDGE_LOOP ( 'NONE', ( #2179, #325, #260, #2996 ) ) ;
#973 = CARTESIAN_POINT ( 'NONE',  ( 9.167309762607400714, -2.649579060163613775, 7.000000000000000000 ) ) ;
#974 = VECTOR ( 'NONE', #1183, 1000.000000000000000 ) ;
#975 = EDGE_CURVE ( 'NONE', #1540, #2202, #2054, .T. ) ;
#976 = LINE ( 'NONE', #1643, #349 ) ;
#977 = FACE_OUTER_BOUND ( 'NONE', #1943, .T. ) ;
#978 = CARTESIAN_POINT ( 'NONE',  ( 10.91764705882352793, -6.299999999999999822, 6.600000000000000533 ) ) ;
#979 = CARTESIAN_POINT ( 'NONE',  ( 8.909232517611929580, -3.620588089578936408, 6.600000000000000533 ) ) ;
#980 = CARTESIAN_POINT ( 'NONE',  ( 8.517681207089992768, -2.890798520054167042, 6.600000000000000533 ) ) ;
#981 = CARTESIAN_POINT ( 'NONE',  ( 9.993941097320586664, -1.694732403274157972, 7.000000000000003553 ) ) ;
#982 = DIRECTION ( 'NONE',  ( -0.000000000000000000, -0.000000000000000000, 1.000000000000000000 ) ) ;
#983 = DIRECTION ( 'NONE',  ( 0.000000000000000000, -1.000000000000000000, 0.000000000000000000 ) ) ;
#984 = VECTOR ( 'NONE', #2843, 1000.000000000000000 ) ;
#985 = EDGE_CURVE ( 'NONE', #435, #1003, #1351, .T. ) ;
#986 = VERTEX_POINT ( 'NONE', #2982 ) ;
#987 = CARTESIAN_POINT ( 'NONE',  ( 8.768313613660563277, -2.280109551419433167, 6.600000000000000533 ) ) ;
#988 = CARTESIAN_POINT ( 'NONE',  ( 14.77444033693254610, -1.465658736832566200, 6.600000000000002309 ) ) ;
#989 = ORIENTED_EDGE ( 'NONE', *, *, #734, .T. ) ;
#990 = EDGE_CURVE ( 'NONE', #498, #2560, #3032, .T. ) ;
#991 = VERTEX_POINT ( 'NONE', #2287 ) ;
#992 = CARTESIAN_POINT ( 'NONE',  ( 9.801099764148231586, -4.906429620087931376, 6.600000000000002309 ) ) ;
#993 = PLANE ( 'NONE',  #1483 ) ;
#994 = ADVANCED_FACE ( 'NONE', ( #2527 ), #2790, .T. ) ;
#995 = DIRECTION ( 'NONE',  ( -1.000000000000000000, -0.000000000000000000, -0.000000000000000000 ) ) ;
#996 = CARTESIAN_POINT ( 'NONE',  ( 8.530012890551246230, -4.323084654257449699, 6.600000000000001421 ) ) ;
#997 = CARTESIAN_POINT ( 'NONE',  ( 8.640183411698510341, -2.347643873891812394, 6.600000000000000533 ) ) ;
#998 = CARTESIAN_POINT ( 'NONE',  ( 10.21935557709982767, -1.913218041690127658, 6.600000000000002309 ) ) ;
#999 = CARTESIAN_POINT ( 'NONE',  ( 13.91299940729280493, -4.040916462552746502, 7.000000000000000888 ) ) ;
#1000 =( NAMED_UNIT ( * ) SI_UNIT ( $, .STERADIAN. ) SOLID_ANGLE_UNIT ( ) );
#1001 = ORIENTED_EDGE ( 'NONE', *, *, #1995, .T. ) ;
#1002 = CARTESIAN_POINT ( 'NONE',  ( 10.31793934184496209, -3.986255849943769025, 6.999999999999998224 ) ) ;
#1003 = VERTEX_POINT ( 'NONE', #2274 ) ;
#1004 = CARTESIAN_POINT ( 'NONE',  ( 9.129028293713160380, -2.466308339457318421, 6.999999999999998224 ) ) ;
#1005 = UNCERTAINTY_MEASURE_WITH_UNIT (LENGTH_MEASURE( 1.000000000000000082E-05 ), #536, 'distance_accuracy_value', 'NONE');
#1006 = VERTEX_POINT ( 'NONE', #633 ) ;
#1007 = DIRECTION ( 'NONE',  ( -0.1312087190280830373, -0.9913547659899605291, 0.000000000000000000 ) ) ;
#1008 = CARTESIAN_POINT ( 'NONE',  ( 9.801099764148231586, -4.906429620087931376, 7.000000000000003553 ) ) ;
#1009 = DIRECTION ( 'NONE',  ( 1.000000000000000000, 0.000000000000000000, 0.000000000000000000 ) ) ;
#1010 = CARTESIAN_POINT ( 'NONE',  ( 14.39297620492197005, -2.720549026188791242, 7.000000000000000888 ) ) ;
#1011 = CARTESIAN_POINT ( 'NONE',  ( 7.252638763675530065, -6.485701164710222955, 7.000000000000001776 ) ) ;
#1012 = VECTOR ( 'NONE', #2157, 1000.000000000000000 ) ;
#1013 = VERTEX_POINT ( 'NONE', #1380 ) ;
#1014 = EDGE_CURVE ( 'NONE', #828, #2019, #1114, .T. ) ;
#1015 = CARTESIAN_POINT ( 'NONE',  ( 13.74117647058823444, -2.921691176470587958, 6.600000000000000533 ) ) ;
#1016 = ORIENTED_EDGE ( 'NONE', *, *, #844, .F. ) ;
#1017 = CARTESIAN_POINT ( 'NONE',  ( 28.99999999999999645, -10.00000000000000000, 7.000000000000000888 ) ) ;
#1018 = EDGE_LOOP ( 'NONE', ( #2543, #2660, #2004, #1605, #1659, #1761, #2235, #795, #2928, #2119, #141, #683, #2295 ) ) ;
#1019 = AXIS2_PLACEMENT_3D ( 'NONE', #2133, #908, #2149 ) ;
#1020 = ORIENTED_EDGE ( 'NONE', *, *, #752, .F. ) ;
#1021 = CARTESIAN_POINT ( 'NONE',  ( 12.41764705882352793, -6.582352941176469407, 7.000000000000000888 ) ) ;
#1022 = CARTESIAN_POINT ( 'NONE',  ( 10.42044785734323753, -3.725594365504438343, 7.000000000000000888 ) ) ;
#1023 = CARTESIAN_POINT ( 'NONE',  ( 4.939350041898196153, -5.608822481898290135, 7.000000000000000888 ) ) ;
#1024 = DIRECTION ( 'NONE',  ( 0.000000000000000000, 1.000000000000000000, 0.000000000000000000 ) ) ;
#1025 = B_SPLINE_SURFACE_WITH_KNOTS ( 'NONE', 3, 1, ( 
 ( #52, #2595 ),
 ( #947, #1460 ),
 ( #2631, #486 ),
 ( #2868, #1444 ),
 ( #250, #3097 ),
 ( #1952, #2663 ),
 ( #716, #21 ),
 ( #2903, #698 ),
 ( #2615, #2401 ),
 ( #2153, #472 ),
 ( #1920, #1431 ) ),
 .UNSPECIFIED., .F., .F., .F.,
 ( 4, 1, 1, 1, 1, 1, 1, 1, 4 ),
 ( 2, 2 ),
 ( 0.000000000000000000, 0.1407521535060345663, 0.2773256867772103673, 0.4089987030839292159, 0.5365237558145051766, 0.6591790083098872932, 0.7773101083674658351, 0.8909170920724854836, 1.000000000000000000 ),
 ( 0.000000000000000000, 1.000000000000000000 ),
 .UNSPECIFIED. ) ;
#1026 = AXIS2_PLACEMENT_3D ( 'NONE', #1377, #1142, #690 ) ;
#1027 = CARTESIAN_POINT ( 'NONE',  ( 8.776838235294119883, -1.358823529411763875, 6.600000000000000533 ) ) ;
#1028 = ORIENTED_EDGE ( 'NONE', *, *, #2172, .F. ) ;
#1029 = CARTESIAN_POINT ( 'NONE',  ( 13.83803676418589390, -4.174936232754474119, 6.600000000000000533 ) ) ;
#1030 = ORIENTED_EDGE ( 'NONE', *, *, #2842, .T. ) ;
#1031 = LINE ( 'NONE', #1285, #2835 ) ;
#1032 = ORIENTED_EDGE ( 'NONE', *, *, #2731, .T. ) ;
#1033 = CARTESIAN_POINT ( 'NONE',  ( 13.39937392848002951, -1.435339545018472718, 6.599999999999997868 ) ) ;
#1034 = ORIENTED_EDGE ( 'NONE', *, *, #1995, .F. ) ;
#1035 = DIRECTION ( 'NONE',  ( 0.000000000000000000, 1.000000000000000000, 0.000000000000000000 ) ) ;
#1036 = DIRECTION ( 'NONE',  ( 0.000000000000000000, 1.000000000000000000, 0.000000000000000000 ) ) ;
#1037 = CARTESIAN_POINT ( 'NONE',  ( 13.86371282346321188, -2.347643873891812394, 6.600000000000000533 ) ) ;
#1038 = CARTESIAN_POINT ( 'NONE',  ( 4.620290865490805032, -2.099258185895969575, 6.600000000000000533 ) ) ;
#1039 = EDGE_CURVE ( 'NONE', #1496, #1539, #2746, .T. ) ;
#1040 = CARTESIAN_POINT ( 'NONE',  ( 9.064300838383966052, -3.254475232851130162, 6.999999999999999112 ) ) ;
#1041 = EDGE_CURVE ( 'NONE', #2048, #2221, #2542, .T. ) ;
#1042 = ORIENTED_EDGE ( 'NONE', *, *, #407, .F. ) ;
#1043 = CARTESIAN_POINT ( 'NONE',  ( 14.45407814147419501, -5.792293568502145718, 7.000000000000000888 ) ) ;
#1044 = CARTESIAN_POINT ( 'NONE',  ( 10.56185789775651784, -3.049507983706079450, 7.000000000000003553 ) ) ;
#1045 = CARTESIAN_POINT ( 'NONE',  ( 12.44735507120605611, -2.484588863844386264, 7.000000000000001776 ) ) ;
#1046 = CARTESIAN_POINT ( 'NONE',  ( 13.97790649316349310, -3.920400198462843377, 6.600000000000001421 ) ) ;
#1047 = ORIENTED_EDGE ( 'NONE', *, *, #177, .F. ) ;
#1048 = CARTESIAN_POINT ( 'NONE',  ( 9.595395035773826464, -5.230488693548616119, 7.000000000000000000 ) ) ;
#1049 = CARTESIAN_POINT ( 'NONE',  ( 13.22806088390515100, -1.496286281582237310, 6.600000000000002309 ) ) ;
#1050 = ORIENTED_EDGE ( 'NONE', *, *, #2002, .F. ) ;
#1051 = DIRECTION ( 'NONE',  ( 0.000000000000000000, 0.000000000000000000, 1.000000000000000000 ) ) ;
#1052 = CARTESIAN_POINT ( 'NONE',  ( 10.17478620922846488, -4.271077606315657249, 7.000000000000000888 ) ) ;
#1053 = CARTESIAN_POINT ( 'NONE',  ( 13.99184302542526659, -2.280109551419433167, 7.000000000000000888 ) ) ;
#1054 = CARTESIAN_POINT ( 'NONE',  ( 4.726162463976020689, -3.248523952013490756, 6.600000000000002309 ) ) ;
#1055 = PRESENTATION_STYLE_ASSIGNMENT (( #2687 ) ) ;
#1056 = ORIENTED_EDGE ( 'NONE', *, *, #1041, .T. ) ;
#1057 = VERTEX_POINT ( 'NONE', #2317 ) ;
#1058 = EDGE_LOOP ( 'NONE', ( #1696, #2429, #464, #272 ) ) ;
#1059 = CARTESIAN_POINT ( 'NONE',  ( 14.41167819237813319, -1.383702607623102265, 6.599999999999997868 ) ) ;
#1060 = EDGE_CURVE ( 'NONE', #602, #912, #1515, .T. ) ;
#1061 = CARTESIAN_POINT ( 'NONE',  ( 14.24126915758562539, -3.376655405364093365, 7.000000000000000888 ) ) ;
#1062 = ORIENTED_EDGE ( 'NONE', *, *, #2067, .T. ) ;
#1063 = DIRECTION ( 'NONE',  ( 0.000000000000000000, -0.000000000000000000, 1.000000000000000000 ) ) ;
#1064 = CARTESIAN_POINT ( 'NONE',  ( 8.698615620852008234, -2.305190753856581232, 7.000000000000000000 ) ) ;
#1065 = DIRECTION ( 'NONE',  ( -0.000000000000000000, -0.000000000000000000, 1.000000000000000000 ) ) ;
#1066 = CARTESIAN_POINT ( 'NONE',  ( 2.900000000000000355, 169.0000000000000000, 3.000000000000000000 ) ) ;
#1067 = EDGE_CURVE ( 'NONE', #2175, #1963, #1784, .T. ) ;
#1068 = FACE_OUTER_BOUND ( 'NONE', #2304, .T. ) ;
#1069 = AXIS2_PLACEMENT_3D ( 'NONE', #2366, #1917, #1199 ) ;
#1070 = B_SPLINE_SURFACE_WITH_KNOTS ( 'NONE', 3, 1, ( 
 ( #1333, #2313 ),
 ( #873, #2761 ),
 ( #629, #3010 ),
 ( #857, #178 ),
 ( #1821, #3070 ),
 ( #1806, #2774 ),
 ( #596, #1833 ),
 ( #904, #2786 ),
 ( #1588, #396 ),
 ( #1571, #1141 ),
 ( #1360, #1557 ),
 ( #657, #164 ),
 ( #2510, #1125 ),
 ( #1599, #2848 ),
 ( #2171, #506 ),
 ( #1695, #2358 ),
 ( #2621, #1634 ),
 ( #44, #722 ),
 ( #2860, #1238 ) ),
 .UNSPECIFIED., .F., .F., .F.,
 ( 4, 1, 1, 1, 1, 1, 1, 1, 1, 1, 1, 1, 1, 1, 1, 1, 4 ),
 ( 2, 2 ),
 ( 0.000000000000000000, 0.08139563477395464486, 0.1540355650068307158, 0.2176072054905874853, 0.2722793937359643812, 0.3233038746443256395, 0.3759210310763163587, 0.4306915252434624919, 0.4886151326871888689, 0.5475014344304887093, 0.6056573898398996958, 0.6644397328713909090, 0.7245362256938467915, 0.7874448363049996180, 0.8538334618786097563, 0.9243087280376095505, 1.000000000000000000 ),
 ( 0.000000000000000000, 1.000000000000000000 ),
 .UNSPECIFIED. ) ;
#1071 = CARTESIAN_POINT ( 'NONE',  ( 8.517647058823531125, -3.476470588235293757, 7.000000000000000888 ) ) ;
#1072 = EDGE_CURVE ( 'NONE', #2512, #2159, #1547, .T. ) ;
#1073 = VECTOR ( 'NONE', #2084, 1000.000000000000114 ) ;
#1074 = DIRECTION ( 'NONE',  ( 0.000000000000000000, -1.000000000000000000, 0.000000000000000000 ) ) ;
#1075 = ADVANCED_FACE ( 'NONE', ( #2515 ), #2496, .T. ) ;
#1076 = VERTEX_POINT ( 'NONE', #3001 ) ;
#1077 = CARTESIAN_POINT ( 'NONE',  ( 7.176470588235295267, -7.500000000000000000, 6.600000000000000533 ) ) ;
#1078 = VERTEX_POINT ( 'NONE', #375 ) ;
#1079 = CARTESIAN_POINT ( 'NONE',  ( 13.74117647058823444, -3.476470588235293757, 6.600000000000000533 ) ) ;
#1080 = EDGE_CURVE ( 'NONE', #99, #1006, #2039, .T. ) ;
#1081 = PLANE ( 'NONE',  #1565 ) ;
#1082 = ORIENTED_EDGE ( 'NONE', *, *, #636, .F. ) ;
#1083 = CARTESIAN_POINT ( 'NONE',  ( 4.966139668121519968, -5.613232035646003482, 6.600000000000002309 ) ) ;
#1084 = CARTESIAN_POINT ( 'NONE',  ( 5.238602941176470296, -2.596323529411763698, 6.600000000000000533 ) ) ;
#1085 = CARTESIAN_POINT ( 'NONE',  ( 14.04170253219049336, -2.277716052005691161, 7.000000000000001776 ) ) ;
#1086 = CARTESIAN_POINT ( 'NONE',  ( 4.823234822452847403, -4.313963975187747657, 6.999999999999999112 ) ) ;
#1087 = ADVANCED_FACE ( 'NONE', ( #2765 ), #1337, .T. ) ;
#1088 = VECTOR ( 'NONE', #2888, 1000.000000000000000 ) ;
#1089 = CARTESIAN_POINT ( 'NONE',  ( 3.673940397442059868E-16, 169.0000000000000000, 3.000000000000000000 ) ) ;
#1090 = CARTESIAN_POINT ( 'NONE',  ( 15.78538730952121938, -3.049507983706079006, 6.600000000000000533 ) ) ;
#1091 = VERTEX_POINT ( 'NONE', #2864 ) ;
#1092 = ORIENTED_EDGE ( 'NONE', *, *, #1225, .F. ) ;
#1093 = FACE_OUTER_BOUND ( 'NONE', #2817, .T. ) ;
#1094 = CARTESIAN_POINT ( 'NONE',  ( 15.78823529411764426, -2.919485294117646568, 6.600000000000000533 ) ) ;
#1095 = FACE_OUTER_BOUND ( 'NONE', #2915, .T. ) ;
#1096 = ORIENTED_EDGE ( 'NONE', *, *, #3078, .F. ) ;
#1097 = CARTESIAN_POINT ( 'NONE',  ( 5.238602941176470296, -2.596323529411763698, 6.600000000000000533 ) ) ;
#1098 = DIRECTION ( 'NONE',  ( -1.000000000000000000, 0.000000000000000000, 0.000000000000000000 ) ) ;
#1099 = B_SPLINE_CURVE_WITH_KNOTS ( 'NONE', 3,
 ( #2482, #562, #2449, #2241, #71, #1324, #546, #1740, #1999, #1023, #1966 ),
 .UNSPECIFIED., .F., .F.,
 ( 4, 1, 1, 1, 1, 1, 1, 1, 4 ),
 ( 0.000000000000000000, 0.1423605791776208496, 0.2795409537655422771, 0.4120544316284847630, 0.5393877434263835147, 0.6620542508623459277, 0.7795406429867911546, 0.8923603451553445698, 1.000000000000000000 ),
 .UNSPECIFIED. ) ;
#1100 = ORIENTED_EDGE ( 'NONE', *, *, #2040, .F. ) ;
#1101 = CARTESIAN_POINT ( 'NONE',  ( 9.550910925167841015, -1.465658736832566200, 6.600000000000000533 ) ) ;
#1102 = CARTESIAN_POINT ( 'NONE',  ( 1.000000000000000000, -9.000000000000001776, 6.000000000000000888 ) ) ;
#1103 = CARTESIAN_POINT ( 'NONE',  ( 14.06764705882352828, -2.276470588235293135, 6.600000000000000533 ) ) ;
#1104 = EDGE_CURVE ( 'NONE', #1835, #1511, #710, .T. ) ;
#1105 = DIRECTION ( 'NONE',  ( -1.000000000000000000, 0.000000000000000000, 0.000000000000000000 ) ) ;
#1106 = CARTESIAN_POINT ( 'NONE',  ( 15.54146875360966540, -3.986255849943769025, 6.599999999999996980 ) ) ;
#1107 = ORIENTED_EDGE ( 'NONE', *, *, #2158, .F. ) ;
#1108 = CARTESIAN_POINT ( 'NONE',  ( 15.68890614556065621, -3.586725183556102259, 7.000000000000004441 ) ) ;
#1109 = CARTESIAN_POINT ( 'NONE',  ( 15.53541268399046693, -2.035379566318810785, 6.600000000000000533 ) ) ;
#1110 = LINE ( 'NONE', #2493, #167 ) ;
#1111 = AXIS2_PLACEMENT_3D ( 'NONE', #350, #1253, #811 ) ;
#1112 = ORIENTED_EDGE ( 'NONE', *, *, #2172, .T. ) ;
#1113 = CARTESIAN_POINT ( 'NONE',  ( 7.259813504437093279, -2.336878553981420747, 7.000000000000005329 ) ) ;
#1114 = LINE ( 'NONE', #1799, #2614 ) ;
#1115 = ORIENTED_EDGE ( 'NONE', *, *, #1311, .T. ) ;
#1116 = CARTESIAN_POINT ( 'NONE',  ( 9.993941097320586664, -1.694732403274157972, 6.600000000000003197 ) ) ;
#1117 = CARTESIAN_POINT ( 'NONE',  ( 1.000000000000000000, -9.000000000000001776, 0.000000000000000000 ) ) ;
#1118 = CARTESIAN_POINT ( 'NONE',  ( 9.167262416095313782, -2.844420884232613744, 7.000000000000000000 ) ) ;
#1119 = CARTESIAN_POINT ( 'NONE',  ( 15.72515541783368498, -3.449795804609073979, 6.599999999999998757 ) ) ;
#1120 = VECTOR ( 'NONE', #2518, 1000.000000000000000 ) ;
#1121 = EDGE_CURVE ( 'NONE', #470, #1078, #1440, .T. ) ;
#1122 = CARTESIAN_POINT ( 'NONE',  ( 15.77268692111895732, -3.180958666954134983, 6.599999999999998757 ) ) ;
#1123 = LINE ( 'NONE', #2740, #74 ) ;
#1124 = ADVANCED_FACE ( 'NONE', ( #1145 ), #2608, .T. ) ;
#1125 = CARTESIAN_POINT ( 'NONE',  ( 13.07316928007599977, -1.576887491078281300, 7.000000000000001776 ) ) ;
#1126 = CARTESIAN_POINT ( 'NONE',  ( 14.35510539255818507, -3.033909099944821719, 7.000000000000000000 ) ) ;
#1127 = VERTEX_POINT ( 'NONE', #2642 ) ;
#1128 = CARTESIAN_POINT ( 'NONE',  ( 14.93566464547890149, -1.528213786405475227, 7.000000000000000888 ) ) ;
#1129 = CARTESIAN_POINT ( 'NONE',  ( 8.527667468911243276, -2.670772664561498644, 7.000000000000002665 ) ) ;
#1130 = ORIENTED_EDGE ( 'NONE', *, *, #1319, .F. ) ;
#1131 = CARTESIAN_POINT ( 'NONE',  ( 13.74117647058823444, -3.476470588235293757, 7.000000000000000888 ) ) ;
#1132 = DIRECTION ( 'NONE',  ( 0.000000000000000000, 0.000000000000000000, -1.000000000000000000 ) ) ;
#1133 = DIRECTION ( 'NONE',  ( 0.000000000000000000, 0.000000000000000000, 1.000000000000000000 ) ) ;
#1134 = CARTESIAN_POINT ( 'NONE',  ( 9.103649125318623803, -3.140805843584632662, 7.000000000000000888 ) ) ;
#1135 = VECTOR ( 'NONE', #1293, 1000.000000000000000 ) ;
#1136 = EDGE_CURVE ( 'NONE', #1963, #1213, #1686, .T. ) ;
#1137 = AXIS2_PLACEMENT_3D ( 'NONE', #2893, #688, #2620 ) ;
#1138 = B_SPLINE_CURVE_WITH_KNOTS ( 'NONE', 3,
 ( #421, #362, #2532, #837, #1788, #2290, #2780, #637, #851, #3004, #2545 ),
 .UNSPECIFIED., .F., .F.,
 ( 4, 1, 1, 1, 1, 1, 1, 1, 4 ),
 ( 0.000000000000000000, 0.1423605791776208496, 0.2795409537655422771, 0.4120544316284847630, 0.5393877434263835147, 0.6620542508623459277, 0.7795406429867911546, 0.8923603451553445698, 1.000000000000000000 ),
 .UNSPECIFIED. ) ;
#1139 = CARTESIAN_POINT ( 'NONE',  ( 15.49356228767937971, -4.087575816759381198, 7.000000000000003553 ) ) ;
#1140 = CARTESIAN_POINT ( 'NONE',  ( 8.517647058823531125, -3.476470588235293757, 6.600000000000000533 ) ) ;
#1141 = CARTESIAN_POINT ( 'NONE',  ( 12.70161407449761626, -1.916752810210594848, 7.000000000000001776 ) ) ;
#1142 = DIRECTION ( 'NONE',  ( 0.000000000000000000, 1.000000000000000000, 0.000000000000000000 ) ) ;
#1143 = ORIENTED_EDGE ( 'NONE', *, *, #2076, .F. ) ;
#1144 = DIRECTION ( 'NONE',  ( 0.000000000000000000, 1.000000000000000000, 0.000000000000000000 ) ) ;
#1145 = FACE_OUTER_BOUND ( 'NONE', #2980, .T. ) ;
#1146 = ORIENTED_EDGE ( 'NONE', *, *, #2139, .F. ) ;
#1147 = CARTESIAN_POINT ( 'NONE',  ( 9.712135233714198179, -1.528213786405475005, 6.599999999999998757 ) ) ;
#1148 = CARTESIAN_POINT ( 'NONE',  ( 27.09999999999999787, 169.0000000000000000, 3.000000000000000444 ) ) ;
#1149 = ORIENTED_EDGE ( 'NONE', *, *, #2396, .T. ) ;
#1150 = CARTESIAN_POINT ( 'NONE',  ( 14.58217241237043815, -5.594126133692548741, 6.999999999999999112 ) ) ;
#1151 = CARTESIAN_POINT ( 'NONE',  ( 8.948358882658972391, -6.217779807356179411, 7.000000000000000000 ) ) ;
#1152 = B_SPLINE_SURFACE_WITH_KNOTS ( 'NONE', 3, 1, ( 
 ( #37, #2402 ),
 ( #2904, #1010 ),
 ( #751, #2681 ),
 ( #770, #2664 ),
 ( #516, #1248 ),
 ( #1954, #948 ),
 ( #1432, #2196 ),
 ( #2369, #1904 ),
 ( #2384, #534 ),
 ( #1662, #235 ),
 ( #2921, #1692 ) ),
 .UNSPECIFIED., .F., .F., .F.,
 ( 4, 1, 1, 1, 1, 1, 1, 1, 4 ),
 ( 2, 2 ),
 ( 0.000000000000000000, 0.1720516227588616553, 0.3221184518414669795, 0.4530032450370298780, 0.5679319607256979596, 0.6732552971111487317, 0.7755212437239799028, 0.8826267386609915055, 1.000000000000000000 ),
 ( 0.000000000000000000, 1.000000000000000000 ),
 .UNSPECIFIED. ) ;
#1153 = FACE_OUTER_BOUND ( 'NONE', #2190, .T. ) ;
#1154 = CARTESIAN_POINT ( 'NONE',  ( 15.27263556036500169, -4.495243318586074288, 6.600000000000001421 ) ) ;
#1155 = CARTESIAN_POINT ( 'NONE',  ( 15.59270181067233452, -3.866545773319259194, 6.600000000000003197 ) ) ;
#1156 = DIRECTION ( 'NONE',  ( 0.000000000000000000, -0.000000000000000000, 1.000000000000000000 ) ) ;
#1157 = CARTESIAN_POINT ( 'NONE',  ( 8.564322276711289206, -1.363508469764082909, 7.000000000000001776 ) ) ;
#1158 = VERTEX_POINT ( 'NONE', #2852 ) ;
#1159 = DIRECTION ( 'NONE',  ( -1.000000000000000000, 0.000000000000000000, -0.000000000000000000 ) ) ;
#1160 = CARTESIAN_POINT ( 'NONE',  ( 3.673940397442059868E-16, 169.0000000000000000, 3.000000000000000000 ) ) ;
#1161 = VERTEX_POINT ( 'NONE', #1620 ) ;
#1162 = CARTESIAN_POINT ( 'NONE',  ( 10.11402629641715833, -1.798286785565264889, 6.599999999999998757 ) ) ;
#1163 = VECTOR ( 'NONE', #497, 1000.000000000000000 ) ;
#1164 = CARTESIAN_POINT ( 'NONE',  ( 13.74117647058823444, -3.476470588235293757, 6.600000000000000533 ) ) ;
#1165 = CARTESIAN_POINT ( 'NONE',  ( 7.532400080278295107, -6.021203638637409483, 6.999999999999998224 ) ) ;
#1166 = VECTOR ( 'NONE', #2557, 1000.000000000000000 ) ;
#1167 = FACE_OUTER_BOUND ( 'NONE', #3062, .T. ) ;
#1168 = VECTOR ( 'NONE', #1769, 1000.000000000000000 ) ;
#1169 = CARTESIAN_POINT ( 'NONE',  ( 9.712135233714198179, -1.528213786405475005, 6.999999999999999112 ) ) ;
#1170 = FACE_OUTER_BOUND ( 'NONE', #2473, .T. ) ;
#1171 = ADVANCED_FACE ( 'NONE', ( #1883 ), #1455, .F. ) ;
#1172 = CARTESIAN_POINT ( 'NONE',  ( 2.899999999999999911, 169.0000000000000000, 0.000000000000000000 ) ) ;
#1173 = CARTESIAN_POINT ( 'NONE',  ( 8.704334124614550916, -1.360421891417595841, 7.000000000000001776 ) ) ;
#1174 = ORIENTED_EDGE ( 'NONE', *, *, #2067, .F. ) ;
#1175 = CARTESIAN_POINT ( 'NONE',  ( 8.704334124614550916, -1.360421891417595841, 7.000000000000001776 ) ) ;
#1176 = DIRECTION ( 'NONE',  ( 0.01922721423134407873, 0.9998151400298467273, 0.000000000000000000 ) ) ;
#1177 = ORIENTED_EDGE ( 'NONE', *, *, #1277, .T. ) ;
#1178 = VERTEX_POINT ( 'NONE', #2625 ) ;
#1179 = CARTESIAN_POINT ( 'NONE',  ( 9.047645248722442801, -2.341687678967129038, 6.599999999999998757 ) ) ;
#1180 = ADVANCED_FACE ( 'NONE', ( #211 ), #463, .T. ) ;
#1181 = DIRECTION ( 'NONE',  ( -1.000000000000000000, 0.000000000000000000, -0.000000000000000000 ) ) ;
#1182 = ORIENTED_EDGE ( 'NONE', *, *, #2485, .F. ) ;
#1183 = DIRECTION ( 'NONE',  ( -0.000000000000000000, -0.000000000000000000, 1.000000000000000000 ) ) ;
#1184 = DIRECTION ( 'NONE',  ( 0.000000000000000000, -1.000000000000000000, 0.000000000000000000 ) ) ;
#1185 = CARTESIAN_POINT ( 'NONE',  ( 8.530012890551246230, -4.323084654257449699, 7.000000000000001776 ) ) ;
#1186 = DIRECTION ( 'NONE',  ( 0.000000000000000000, 0.000000000000000000, 1.000000000000000000 ) ) ;
#1187 = PLANE ( 'NONE',  #1601 ) ;
#1188 = CARTESIAN_POINT ( 'NONE',  ( 14.70572012384348071, -5.408203269472836361, 6.600000000000001421 ) ) ;
#1189 = VECTOR ( 'NONE', #2984, 1000.000000000000000 ) ;
#1190 = CARTESIAN_POINT ( 'NONE',  ( 14.08157500178874955, -3.722223187858454185, 7.000000000000001776 ) ) ;
#1191 = DIRECTION ( 'NONE',  ( 0.000000000000000000, -1.000000000000000000, 0.000000000000000000 ) ) ;
#1192 = VECTOR ( 'NONE', #2032, 1000.000000000000000 ) ;
#1193 = CARTESIAN_POINT ( 'NONE',  ( 7.387094340460072850, -2.053921815687308250, 7.000000000000001776 ) ) ;
#1194 = ORIENTED_EDGE ( 'NONE', *, *, #111, .T. ) ;
#1195 = FACE_OUTER_BOUND ( 'NONE', #794, .T. ) ;
#1196 = DIRECTION ( 'NONE',  ( -1.000000000000000000, 0.000000000000000000, -3.976366041630435193E-12 ) ) ;
#1197 = ORIENTED_EDGE ( 'NONE', *, *, #674, .T. ) ;
#1198 = LINE ( 'NONE', #2380, #1163 ) ;
#1199 = DIRECTION ( 'NONE',  ( -0.000000000000000000, 0.000000000000000000, 1.000000000000000000 ) ) ;
#1200 = CARTESIAN_POINT ( 'NONE',  ( 10.50162600606897811, -3.449795804609072203, 6.599999999999997868 ) ) ;
#1201 = CARTESIAN_POINT ( 'NONE',  ( 14.06764705882352828, -2.276470588235293135, 6.600000000000000533 ) ) ;
#1202 = SPHERICAL_SURFACE ( 'NONE', #2989, 1.000000000000000000 ) ;
#1203 = B_SPLINE_CURVE_WITH_KNOTS ( 'NONE', 3,
 ( #1298, #94, #79, #776, #1331, #2688, #2441, #2232, #539, #106, #1313, #2457, #1029, #2975, #1046, #2246, #812, #1494, #2264, #303, #120, #1268, #1732, #2719, #1973, #2505, #568 ),
 .UNSPECIFIED., .F., .F.,
 ( 4, 1, 1, 1, 1, 1, 1, 1, 1, 1, 1, 1, 1, 1, 1, 1, 1, 1, 1, 1, 1, 1, 1, 1, 4 ),
 ( 0.000000000000000000, 0.07827633828671941296, 0.1525336090466238304, 0.2231219132570321784, 0.2896040683600174526, 0.3522877825963164899, 0.4110844052557481310, 0.4659940411668905824, 0.5170168191162921589, 0.5641528997498652664, 0.6074968809278183945, 0.6467339618486792618, 0.6823082234005912738, 0.7138766837235936968, 0.7415641451233397907, 0.7655992754982040571, 0.7855327298922762935, 0.8203997083652065925, 0.8530411242244017034, 0.8830309398099085438, 0.9109795874592304665, 0.9363117096487123536, 0.9595453510161894295, 0.9808703259482693948, 1.000000000000000000 ),
 .UNSPECIFIED. ) ;
#1204 = CARTESIAN_POINT ( 'NONE',  ( 8.517647058823531125, -2.921691176470587958, 6.600000000000000533 ) ) ;
#1205 = CARTESIAN_POINT ( 'NONE',  ( 14.58217241237043815, -5.594126133692548741, 7.000000000000000000 ) ) ;
#1206 = EDGE_CURVE ( 'NONE', #659, #1752, #1426, .T. ) ;
#1207 = CARTESIAN_POINT ( 'NONE',  ( 14.03467703899156582, -3.814415872631197413, 6.599999999999998757 ) ) ;
#1208 = DIRECTION ( 'NONE',  ( -0.000000000000000000, -0.000000000000000000, 1.000000000000000000 ) ) ;
#1209 = CARTESIAN_POINT ( 'NONE',  ( 28.99999999999999645, -10.00000000000000000, 6.000000000000000888 ) ) ;
#1210 = EDGE_LOOP ( 'NONE', ( #634, #2491, #1559, #1143 ) ) ;
#1211 = DIRECTION ( 'NONE',  ( 0.000000000000000000, 0.000000000000000000, -1.000000000000000000 ) ) ;
#1212 = CARTESIAN_POINT ( 'NONE',  ( 0.000000000000000000, 169.0000000000000000, 0.000000000000000000 ) ) ;
#1213 = VERTEX_POINT ( 'NONE', #195 ) ;
#1214 = CARTESIAN_POINT ( 'NONE',  ( 9.093505951666138287, -2.397052198627206643, 6.600000000000002309 ) ) ;
#1215 = EDGE_LOOP ( 'NONE', ( #2413, #83, #1733, #1042 ) ) ;
#1216 = CARTESIAN_POINT ( 'NONE',  ( 8.530012890551246230, -4.323084654257449699, 6.600000000000001421 ) ) ;
#1217 = LINE ( 'NONE', #2856, #1876 ) ;
#1218 = CARTESIAN_POINT ( 'NONE',  ( 13.74117647058823444, -2.921691176470587958, 7.000000000000000888 ) ) ;
#1219 = VECTOR ( 'NONE', #695, 1000.000000000000000 ) ;
#1220 = CARTESIAN_POINT ( 'NONE',  ( 9.859942464625005343, -1.604402531515019881, 6.999999999999999112 ) ) ;
#1221 = CARTESIAN_POINT ( 'NONE',  ( 13.32700013968478103, -5.058551275703889516, 6.600000000000000533 ) ) ;
#1222 = VECTOR ( 'NONE', #1246, 1000.000000000000000 ) ;
#1223 = DIRECTION ( 'NONE',  ( 0.000000000000000000, 0.000000000000000000, 1.000000000000000000 ) ) ;
#1224 = EDGE_CURVE ( 'NONE', #2900, #1779, #2118, .T. ) ;
#1225 = EDGE_CURVE ( 'NONE', #875, #1349, #822, .T. ) ;
#1226 = ORIENTED_EDGE ( 'NONE', *, *, #2396, .F. ) ;
#1227 = CARTESIAN_POINT ( 'NONE',  ( 9.358643000605736617, -5.594126133692548741, 6.999999999999999112 ) ) ;
#1228 = CARTESIAN_POINT ( 'NONE',  ( 14.21043523221662852, -1.361988015459638213, 6.600000000000000533 ) ) ;
#1229 = VERTEX_POINT ( 'NONE', #16 ) ;
#1230 = CARTESIAN_POINT ( 'NONE',  ( 12.42640757983108557, -2.645489834037156207, 6.599999999999999645 ) ) ;
#1231 = ORIENTED_EDGE ( 'NONE', *, *, #2407, .T. ) ;
#1232 = DIRECTION ( 'NONE',  ( 0.000000000000000000, 0.000000000000000000, 1.000000000000000000 ) ) ;
#1233 = CARTESIAN_POINT ( 'NONE',  ( 14.14308378998344473, -2.280629554911806078, 6.600000000000000533 ) ) ;
#1234 = DIRECTION ( 'NONE',  ( 0.000000000000000000, 0.000000000000000000, -1.000000000000000000 ) ) ;
#1235 = CARTESIAN_POINT ( 'NONE',  ( 7.974313541712940712, -5.277969311062510549, 6.600000000000001421 ) ) ;
#1236 = CARTESIAN_POINT ( 'NONE',  ( 8.768313613660563277, -2.280109551419433167, 7.000000000000001776 ) ) ;
#1237 = CARTESIAN_POINT ( 'NONE',  ( 10.50341792062623547, -2.445820818614690584, 6.999999999999998224 ) ) ;
#1238 = CARTESIAN_POINT ( 'NONE',  ( 14.00036764705882320, -1.358823529411763875, 7.000000000000000888 ) ) ;
#1239 = AXIS2_PLACEMENT_3D ( 'NONE', #717, #733, #2633 ) ;
#1240 = ORIENTED_EDGE ( 'NONE', *, *, #2065, .F. ) ;
#1241 = CARTESIAN_POINT ( 'NONE',  ( 10.50162600606897811, -3.449795804609072203, 6.999999999999998224 ) ) ;
#1242 = ORIENTED_EDGE ( 'NONE', *, *, #2089, .F. ) ;
#1243 = CARTESIAN_POINT ( 'NONE',  ( 9.093505951666138287, -2.397052198627206643, 7.000000000000002665 ) ) ;
#1244 = VECTOR ( 'NONE', #982, 1000.000000000000000 ) ;
#1245 = ORIENTED_EDGE ( 'NONE', *, *, #1518, .T. ) ;
#1246 = DIRECTION ( 'NONE',  ( -0.000000000000000000, 1.000000000000000000, -0.000000000000000000 ) ) ;
#1247 = CARTESIAN_POINT ( 'NONE',  ( 14.39411764705882213, -2.758455882352940591, 6.600000000000000533 ) ) ;
#1248 = CARTESIAN_POINT ( 'NONE',  ( 14.35255770547786192, -2.466308339457318421, 6.999999999999998224 ) ) ;
#1249 = ADVANCED_FACE ( 'NONE', ( #971 ), #1653, .F. ) ;
#1250 = DIRECTION ( 'NONE',  ( 0.000000000000000000, 1.000000000000000000, 0.000000000000000000 ) ) ;
#1251 = CARTESIAN_POINT ( 'NONE',  ( 8.517647058823531125, -2.921691176470587958, 7.000000000000001776 ) ) ;
#1252 = VERTEX_POINT ( 'NONE', #1850 ) ;
#1253 = DIRECTION ( 'NONE',  ( 0.9880673767996258627, 0.1540222675599416668, 0.000000000000000000 ) ) ;
#1254 = EDGE_LOOP ( 'NONE', ( #2803, #2041, #1429, #124, #1636, #2361, #773, #2056, #327, #783, #2771, #180, #1586 ) ) ;
#1255 = CARTESIAN_POINT ( 'NONE',  ( 10.04910614860029838, -4.495243318586074288, 7.000000000000001776 ) ) ;
#1256 = VERTEX_POINT ( 'NONE', #2819 ) ;
#1257 = CARTESIAN_POINT ( 'NONE',  ( 14.39297620492197005, -2.720549026188791242, 7.000000000000000888 ) ) ;
#1258 = ORIENTED_EDGE ( 'NONE', *, *, #159, .F. ) ;
#1259 = CARTESIAN_POINT ( 'NONE',  ( 28.99999999999999645, -9.000000000000001776, -13.00000000000000178 ) ) ;
#1260 = CARTESIAN_POINT ( 'NONE',  ( 30.00000000000000000, 169.0000000000000000, -13.00000000000000178 ) ) ;
#1261 = DIRECTION ( 'NONE',  ( 0.000000000000000000, 0.000000000000000000, -1.000000000000000000 ) ) ;
#1262 = CARTESIAN_POINT ( 'NONE',  ( 8.550775240387414655, 2.000000000000000000, 0.09999999999999890921 ) ) ;
#1263 = CARTESIAN_POINT ( 'NONE',  ( 14.02022058823529349, -6.441176470588234615, 7.000000000000000888 ) ) ;
#1264 = CIRCLE ( 'NONE', #859, 1.000000000000000000 ) ;
#1265 = ORIENTED_EDGE ( 'NONE', *, *, #639, .F. ) ;
#1266 = LINE ( 'NONE', #523, #963 ) ;
#1267 = CIRCLE ( 'NONE', #1368, 9.350000000000001421 ) ;
#1268 = CARTESIAN_POINT ( 'NONE',  ( 14.32717853708332711, -3.140805843584632662, 6.600000000000000533 ) ) ;
#1269 = VERTEX_POINT ( 'NONE', #693 ) ;
#1270 = CARTESIAN_POINT ( 'NONE',  ( 8.698615620852008234, -2.305190753856581232, 6.599999999999999645 ) ) ;
#1271 = ORIENTED_EDGE ( 'NONE', *, *, #1449, .F. ) ;
#1272 = CARTESIAN_POINT ( 'NONE',  ( 14.37752937226036387, -2.550352058953419210, 7.000000000000001776 ) ) ;
#1273 = ORIENTED_EDGE ( 'NONE', *, *, #605, .F. ) ;
#1274 = PLANE ( 'NONE',  #3027 ) ;
#1275 = FACE_OUTER_BOUND ( 'NONE', #2832, .T. ) ;
#1276 = CARTESIAN_POINT ( 'NONE',  ( 13.99184302542526659, -2.280109551419433167, 6.600000000000000533 ) ) ;
#1277 = EDGE_CURVE ( 'NONE', #95, #2900, #2571, .T. ) ;
#1278 = LINE ( 'NONE', #1967, #134 ) ;
#1279 = VECTOR ( 'NONE', #310, 1000.000000000000000 ) ;
#1280 = CARTESIAN_POINT ( 'NONE',  ( 8.811147627226864287, -3.814415872631197413, 6.599999999999998757 ) ) ;
#1281 = EDGE_LOOP ( 'NONE', ( #1928, #2440, #2853, #449 ) ) ;
#1282 = CARTESIAN_POINT ( 'NONE',  ( 14.92424525736595520, -5.062624897365417098, 7.000000000000001776 ) ) ;
#1283 = EDGE_LOOP ( 'NONE', ( #154, #1174, #68, #57 ) ) ;
#1284 = EDGE_LOOP ( 'NONE', ( #1258, #1301, #888, #232 ) ) ;
#1285 = CARTESIAN_POINT ( 'NONE',  ( 2.899999999999999911, 0.000000000000000000, 0.000000000000000000 ) ) ;
#1286 = ORIENTED_EDGE ( 'NONE', *, *, #2387, .T. ) ;
#1287 = CARTESIAN_POINT ( 'NONE',  ( 14.00036764705882320, -1.358823529411763875, 7.000000000000000888 ) ) ;
#1288 = ORIENTED_EDGE ( 'NONE', *, *, #2142, .T. ) ;
#1289 = FACE_BOUND ( 'NONE', #2876, .T. ) ;
#1290 = CARTESIAN_POINT ( 'NONE',  ( 9.973769469462601123, -4.621691167227703900, 7.000000000000000888 ) ) ;
#1291 = CARTESIAN_POINT ( 'NONE',  ( 13.77264816326267827, -2.542093370188200918, 6.599999999999999645 ) ) ;
#1292 = VECTOR ( 'NONE', #2959, 1000.000000000000000 ) ;
#1293 = DIRECTION ( 'NONE',  ( 1.000000000000000000, 0.000000000000000000, 0.000000000000000000 ) ) ;
#1294 = CARTESIAN_POINT ( 'NONE',  ( 7.688260566322707490, -5.758987081303165390, 7.000000000000003553 ) ) ;
#1295 = CARTESIAN_POINT ( 'NONE',  ( 10.46537673379595290, -3.586725183556103147, 7.000000000000001776 ) ) ;
#1296 = EDGE_CURVE ( 'NONE', #2103, #2254, #956, .T. ) ;
#1297 = EDGE_CURVE ( 'NONE', #1078, #2512, #1394, .T. ) ;
#1298 = CARTESIAN_POINT ( 'NONE',  ( 12.41764705882352793, -6.582352941176469407, 6.600000000000000533 ) ) ;
#1299 = EDGE_LOOP ( 'NONE', ( #3012, #1082, #292, #1149 ) ) ;
#1300 = EDGE_CURVE ( 'NONE', #816, #1006, #1868, .T. ) ;
#1301 = ORIENTED_EDGE ( 'NONE', *, *, #1041, .F. ) ;
#1302 = CARTESIAN_POINT ( 'NONE',  ( 10.91764705882352793, -7.500000000000000000, 7.000000000000000888 ) ) ;
#1303 = EDGE_LOOP ( 'NONE', ( #1978, #2623, #478, #1639 ) ) ;
#1304 = CARTESIAN_POINT ( 'NONE',  ( 8.848010919272470076, -6.365585828466783447, 6.600000000000001421 ) ) ;
#1305 = CARTESIAN_POINT ( 'NONE',  ( 9.700715845601251885, -5.062624897365417098, 7.000000000000002665 ) ) ;
#1306 = AXIS2_PLACEMENT_3D ( 'NONE', #2759, #594, #1555 ) ;
#1307 = LINE ( 'NONE', #2013, #2474 ) ;
#1308 = LINE ( 'NONE', #2970, #1479 ) ;
#1309 = EDGE_CURVE ( 'NONE', #3104, #1256, #65, .T. ) ;
#1310 = PLANE ( 'NONE',  #2206 ) ;
#1311 = EDGE_CURVE ( 'NONE', #1539, #1362, #1123, .T. ) ;
#1312 = CARTESIAN_POINT ( 'NONE',  ( 13.22806088390515100, -1.496286281582237310, 7.000000000000002665 ) ) ;
#1313 = CARTESIAN_POINT ( 'NONE',  ( 13.66174312916047029, -4.486282729355410837, 6.600000000000000533 ) ) ;
#1314 = CARTESIAN_POINT ( 'NONE',  ( 15.78538730952121938, -3.049507983706079006, 7.000000000000000888 ) ) ;
#1315 = DIRECTION ( 'NONE',  ( -1.000000000000000000, 0.000000000000000000, -0.000000000000000000 ) ) ;
#1316 = EDGE_CURVE ( 'NONE', #2051, #986, #612, .T. ) ;
#1317 = VERTEX_POINT ( 'NONE', #1103 ) ;
#1318 = CARTESIAN_POINT ( 'NONE',  ( 14.77444033693254610, -1.465658736832566200, 6.600000000000002309 ) ) ;
#1319 = EDGE_CURVE ( 'NONE', #1317, #2162, #2905, .T. ) ;
#1320 = DIRECTION ( 'NONE',  ( 1.000000000000000000, 0.000000000000000000, 0.000000000000000000 ) ) ;
#1321 = EDGE_LOOP ( 'NONE', ( #892, #1408, #1231, #2593 ) ) ;
#1322 = CARTESIAN_POINT ( 'NONE',  ( 3.673940397442059868E-16, 169.0000000000000000, 3.000000000000000000 ) ) ;
#1323 = CARTESIAN_POINT ( 'NONE',  ( 8.768313613660563277, -2.280109551419433167, 7.000000000000000888 ) ) ;
#1324 = CARTESIAN_POINT ( 'NONE',  ( 4.775964506020300426, -3.791890885988164595, 7.000000000000000888 ) ) ;
#1325 = AXIS2_PLACEMENT_3D ( 'NONE', #940, #244, #661 ) ;
#1326 = CARTESIAN_POINT ( 'NONE',  ( 4.564705882352940947, -1.499999999999998668, 7.000000000000000888 ) ) ;
#1327 = CARTESIAN_POINT ( 'NONE',  ( 8.517647058823531125, -2.921691176470587958, 7.000000000000000888 ) ) ;
#1328 = CIRCLE ( 'NONE', #367, 1.000000000000000000 ) ;
#1329 = CARTESIAN_POINT ( 'NONE',  ( 21.44922475961258357, 0.000000000000000000, 0.09999999999999890921 ) ) ;
#1330 = CARTESIAN_POINT ( 'NONE',  ( 7.202878168066381370, -2.645489834037155763, 6.599999999999998757 ) ) ;
#1331 = CARTESIAN_POINT ( 'NONE',  ( 12.91178997808740725, -5.758987081303163613, 6.600000000000000533 ) ) ;
#1332 = CARTESIAN_POINT ( 'NONE',  ( 10.56172296800822785, -2.755896127997814027, 6.599999999999998757 ) ) ;
#1333 = CARTESIAN_POINT ( 'NONE',  ( 12.39999999999999858, -3.261397058823528816, 6.600000000000000533 ) ) ;
#1334 = CARTESIAN_POINT ( 'NONE',  ( 7.178016958307124717, -3.035920749810411934, 7.000000000000003553 ) ) ;
#1335 = VERTEX_POINT ( 'NONE', #2470 ) ;
#1336 = CARTESIAN_POINT ( 'NONE',  ( 15.78823529411764426, -2.919485294117646568, 7.000000000000000888 ) ) ;
#1337 = PLANE ( 'NONE',  #1856 ) ;
#1338 = CARTESIAN_POINT ( 'NONE',  ( 4.823234822452847403, -4.313963975187747657, 6.599999999999998757 ) ) ;
#1339 = CIRCLE ( 'NONE', #782, 1.000000000000000888 ) ;
#1340 = CARTESIAN_POINT ( 'NONE',  ( 8.844117647058824971, -2.276470588235293135, 6.600000000000000533 ) ) ;
#1341 = DIRECTION ( 'NONE',  ( 0.000000000000000000, -1.000000000000000000, 0.000000000000000000 ) ) ;
#1342 = EDGE_CURVE ( 'NONE', #1349, #333, #336, .T. ) ;
#1343 = VECTOR ( 'NONE', #1009, 1000.000000000000000 ) ;
#1344 = CARTESIAN_POINT ( 'NONE',  ( 15.77268692111895732, -3.180958666954134983, 7.000000000000000000 ) ) ;
#1345 = CARTESIAN_POINT ( 'NONE',  ( 5.341176470588235858, -1.499999999999998668, 6.600000000000000533 ) ) ;
#1346 = ORIENTED_EDGE ( 'NONE', *, *, #426, .F. ) ;
#1347 = DIRECTION ( 'NONE',  ( -0.000000000000000000, -1.000000000000000000, -0.000000000000000000 ) ) ;
#1348 = CARTESIAN_POINT ( 'NONE',  ( 13.19784295347764314, -5.277969311062510549, 7.000000000000001776 ) ) ;
#1349 = VERTEX_POINT ( 'NONE', #1595 ) ;
#1350 = CARTESIAN_POINT ( 'NONE',  ( 7.223825659441352798, -2.484588863844385376, 7.000000000000000000 ) ) ;
#1351 = LINE ( 'NONE', #877, #2248 ) ;
#1352 = CARTESIAN_POINT ( 'NONE',  ( 14.04170253219049336, -2.277716052005691161, 7.000000000000001776 ) ) ;
#1353 = VECTOR ( 'NONE', #2599, 1000.000000000000000 ) ;
#1354 = CARTESIAN_POINT ( 'NONE',  ( 15.27263556036500169, -4.495243318586074288, 7.000000000000001776 ) ) ;
#1355 = CARTESIAN_POINT ( 'NONE',  ( 7.974313541712940712, -5.277969311062510549, 7.000000000000001776 ) ) ;
#1356 = EDGE_CURVE ( 'NONE', #1349, #386, #55, .T. ) ;
#1357 = AXIS2_PLACEMENT_3D ( 'NONE', #2336, #2367, #1232 ) ;
#1358 = CARTESIAN_POINT ( 'NONE',  ( 7.194117647058824616, -6.582352941176469407, 6.600000000000000533 ) ) ;
#1359 = CARTESIAN_POINT ( 'NONE',  ( 15.49356228767937971, -4.087575816759381198, 6.600000000000002309 ) ) ;
#1360 = CARTESIAN_POINT ( 'NONE',  ( 12.80783307472699306, -1.786594521431802862, 6.600000000000003197 ) ) ;
#1361 = CARTESIAN_POINT ( 'NONE',  ( 13.32700013968478103, -5.058551275703889516, 7.000000000000000888 ) ) ;
#1362 = VERTEX_POINT ( 'NONE', #1829 ) ;
#1363 = LINE ( 'NONE', #1322, #2297 ) ;
#1364 = DIRECTION ( 'NONE',  ( -0.000000000000000000, -1.000000000000000000, -0.000000000000000000 ) ) ;
#1365 = EDGE_CURVE ( 'NONE', #1213, #1593, #1383, .T. ) ;
#1366 = ORIENTED_EDGE ( 'NONE', *, *, #1971, .F. ) ;
#1367 = DIRECTION ( 'NONE',  ( -0.000000000000000000, -0.000000000000000000, 1.000000000000000000 ) ) ;
#1368 = AXIS2_PLACEMENT_3D ( 'NONE', #1913, #907, #1439 ) ;
#1369 = DIRECTION ( 'NONE',  ( -0.000000000000000000, -1.000000000000000000, -0.000000000000000000 ) ) ;
#1370 = CARTESIAN_POINT ( 'NONE',  ( 15.64705882352940947, -7.500000000000000000, 7.000000000000000888 ) ) ;
#1371 = ADVANCED_FACE ( 'NONE', ( #2533 ), #2809, .T. ) ;
#1372 = CARTESIAN_POINT ( 'NONE',  ( 10.45524444451011981, -2.301110198727988276, 7.000000000000004441 ) ) ;
#1373 = PRODUCT_RELATED_PRODUCT_CATEGORY ( 'part', '', ( #2062 ) ) ;
#1374 = B_SPLINE_CURVE_WITH_KNOTS ( 'NONE', 3,
 ( #3, #1902, #2645, #2152, #1690, #2138, #1443, #961, #2867, #2824, #2885, #1216, #3080, #1624, #233, #499, #2383, #1459, #485, #2400, #1398, #1415, #2164, #1855, #1675, #1872, #2350 ),
 .UNSPECIFIED., .F., .F.,
 ( 4, 1, 1, 1, 1, 1, 1, 1, 1, 1, 1, 1, 1, 1, 1, 1, 1, 1, 1, 1, 1, 1, 1, 1, 4 ),
 ( 0.000000000000000000, 0.07827633828671931582, 0.1525336090466239691, 0.2231219132570322061, 0.2896040683600175081, 0.3522877825963165455, 0.4110844052557481310, 0.4659940411668905824, 0.5170168191162921589, 0.5641528997498652664, 0.6074968809278183945, 0.6467339618486792618, 0.6823082234005912738, 0.7138766837235936968, 0.7415641451233397907, 0.7655992754982040571, 0.7855327298922762935, 0.8203997083652065925, 0.8530411242244017034, 0.8830309398099085438, 0.9109795874592304665, 0.9363117096487123536, 0.9595453510161894295, 0.9808703259482693948, 1.000000000000000000 ),
 .UNSPECIFIED. ) ;
#1375 = DIRECTION ( 'NONE',  ( 0.000000000000000000, 1.000000000000000000, 0.000000000000000000 ) ) ;
#1376 = CARTESIAN_POINT ( 'NONE',  ( 15.78722817985648419, -2.864253073835259844, 7.000000000000000888 ) ) ;
#1377 = CARTESIAN_POINT ( 'NONE',  ( 0.000000000000000000, 169.0000000000000000, 0.000000000000000000 ) ) ;
#1378 = ORIENTED_EDGE ( 'NONE', *, *, #426, .T. ) ;
#1379 = DIRECTION ( 'NONE',  ( 0.000000000000000000, 1.000000000000000000, 0.000000000000000000 ) ) ;
#1380 = CARTESIAN_POINT ( 'NONE',  ( 12.39999999999999858, -3.476470588235293757, 7.000000000000000888 ) ) ;
#1381 = ORIENTED_EDGE ( 'NONE', *, *, #894, .F. ) ;
#1382 = CARTESIAN_POINT ( 'NONE',  ( 14.00036764705882320, -1.358823529411763875, 7.000000000000000888 ) ) ;
#1383 = LINE ( 'NONE', #1813, #1994 ) ;
#1384 = CARTESIAN_POINT ( 'NONE',  ( 9.712135233714198179, -1.528213786405475005, 6.999999999999999112 ) ) ;
#1385 = VECTOR ( 'NONE', #1890, 1000.000000000000000 ) ;
#1386 = CIRCLE ( 'NONE', #39, 1.000000000000000888 ) ;
#1387 = CARTESIAN_POINT ( 'NONE',  ( 8.004531472140445914, -1.496286281582237310, 6.599999999999999645 ) ) ;
#1388 = DIRECTION ( 'NONE',  ( 0.000000000000000000, 1.000000000000000000, 0.000000000000000000 ) ) ;
#1389 = EDGE_CURVE ( 'NONE', #1508, #1540, #897, .T. ) ;
#1390 = CARTESIAN_POINT ( 'NONE',  ( 14.93566464547890149, -1.528213786405475227, 7.000000000000000888 ) ) ;
#1391 = CARTESIAN_POINT ( 'NONE',  ( 8.564322276711289206, -1.363508469764082909, 6.600000000000001421 ) ) ;
#1392 = ORIENTED_EDGE ( 'NONE', *, *, #1014, .F. ) ;
#1393 = PLANE ( 'NONE',  #664 ) ;
#1394 = LINE ( 'NONE', #1160, #2005 ) ;
#1395 = VERTEX_POINT ( 'NONE', #1370 ) ;
#1396 = CARTESIAN_POINT ( 'NONE',  ( 9.859942464625005343, -1.604402531515019881, 6.599999999999998757 ) ) ;
#1397 = ORIENTED_EDGE ( 'NONE', *, *, #2085, .T. ) ;
#1398 = CARTESIAN_POINT ( 'NONE',  ( 9.064300838383966052, -3.254475232851130162, 6.599999999999998757 ) ) ;
#1399 = CARTESIAN_POINT ( 'NONE',  ( 14.39411764705882213, -2.758455882352940591, 7.000000000000000888 ) ) ;
#1400 = CARTESIAN_POINT ( 'NONE',  ( 9.064300838383966052, -3.254475232851130162, 6.999999999999999112 ) ) ;
#1401 = ADVANCED_FACE ( 'NONE', ( #1842 ), #650, .F. ) ;
#1402 = AXIS2_PLACEMENT_3D ( 'NONE', #251, #1447, #2184 ) ;
#1403 = CARTESIAN_POINT ( 'NONE',  ( 14.02022058823529349, -6.441176470588234615, 6.600000000000000533 ) ) ;
#1404 = CARTESIAN_POINT ( 'NONE',  ( 15.64397726910794439, -3.725594365504438787, 6.599999999999998757 ) ) ;
#1405 = EDGE_CURVE ( 'NONE', #2898, #2977, #1374, .T. ) ;
#1406 = CARTESIAN_POINT ( 'NONE',  ( 1.000000000000000000, 168.0000000000000000, -14.00000000000000000 ) ) ;
#1407 = CARTESIAN_POINT ( 'NONE',  ( 7.315048313392919610, -2.195216710144686001, 6.599999999999997868 ) ) ;
#1408 = ORIENTED_EDGE ( 'NONE', *, *, #469, .F. ) ;
#1409 = CARTESIAN_POINT ( 'NONE',  ( 8.564322276711289206, -1.363508469764082909, 7.000000000000001776 ) ) ;
#1410 = CARTESIAN_POINT ( 'NONE',  ( 13.52423979525047315, -4.721355677282270236, 6.600000000000000533 ) ) ;
#1411 = EDGE_CURVE ( 'NONE', #76, #333, #548, .T. ) ;
#1412 = ORIENTED_EDGE ( 'NONE', *, *, #2218, .T. ) ;
#1413 = LINE ( 'NONE', #2120, #1219 ) ;
#1414 = VECTOR ( 'NONE', #942, 1000.000000000000000 ) ;
#1415 = CARTESIAN_POINT ( 'NONE',  ( 9.103649125318623803, -3.140805843584632662, 6.600000000000000533 ) ) ;
#1416 = CARTESIAN_POINT ( 'NONE',  ( 14.39083917437210225, -2.649579060163613775, 6.599999999999999645 ) ) ;
#1417 = CARTESIAN_POINT ( 'NONE',  ( 10.50341792062623547, -2.445820818614690584, 6.999999999999998224 ) ) ;
#1418 = CARTESIAN_POINT ( 'NONE',  ( 8.844117647058824971, -2.276470588235293135, 6.600000000000000533 ) ) ;
#1419 = VECTOR ( 'NONE', #2834, 1000.000000000000000 ) ;
#1420 = CARTESIAN_POINT ( 'NONE',  ( 15.27263556036500169, -4.495243318586074288, 7.000000000000002665 ) ) ;
#1421 = CARTESIAN_POINT ( 'NONE',  ( 13.91299940729280493, -4.040916462552746502, 6.600000000000000533 ) ) ;
#1422 = DIRECTION ( 'NONE',  ( -0.000000000000000000, 0.000000000000000000, 1.000000000000000000 ) ) ;
#1423 = DIRECTION ( 'NONE',  ( 1.000000000000000000, 0.000000000000000000, 0.000000000000000000 ) ) ;
#1424 = ORIENTED_EDGE ( 'NONE', *, *, #1449, .T. ) ;
#1425 = CARTESIAN_POINT ( 'NONE',  ( 12.39999999999999858, -3.476470588235293757, 7.000000000000000888 ) ) ;
#1426 = LINE ( 'NONE', #2378, #364 ) ;
#1427 = ORIENTED_EDGE ( 'NONE', *, *, #1880, .F. ) ;
#1428 = FACE_OUTER_BOUND ( 'NONE', #1701, .T. ) ;
#1429 = ORIENTED_EDGE ( 'NONE', *, *, #2407, .F. ) ;
#1430 = CARTESIAN_POINT ( 'NONE',  ( 10.52939544487263035, -3.314245222160257853, 6.600000000000001421 ) ) ;
#1431 = CARTESIAN_POINT ( 'NONE',  ( 5.238602941176470296, -2.596323529411763698, 7.000000000000000888 ) ) ;
#1432 = CARTESIAN_POINT ( 'NONE',  ( 14.27117466048714434, -2.341687678967129038, 6.599999999999998757 ) ) ;
#1433 = CARTESIAN_POINT ( 'NONE',  ( 8.602184687017931708, -2.396612628414425572, 7.000000000000003553 ) ) ;
#1434 = CARTESIAN_POINT ( 'NONE',  ( 14.45407814147419501, -5.792293568502145718, 6.600000000000000533 ) ) ;
#1435 = CARTESIAN_POINT ( 'NONE',  ( 14.32717853708332711, -3.140805843584632662, 6.600000000000000533 ) ) ;
#1436 = CARTESIAN_POINT ( 'NONE',  ( 27.09999999999999787, 0.000000000000000000, 0.000000000000000000 ) ) ;
#1437 = CARTESIAN_POINT ( 'NONE',  ( 9.153999960495658783, -2.550352058953419210, 6.600000000000001421 ) ) ;
#1438 = ORIENTED_EDGE ( 'NONE', *, *, #1728, .T. ) ;
#1439 = DIRECTION ( 'NONE',  ( 0.000000000000000000, 0.000000000000000000, 1.000000000000000000 ) ) ;
#1440 = LINE ( 'NONE', #1212, #3025 ) ;
#1441 = EDGE_LOOP ( 'NONE', ( #798, #2009, #1715, #1764 ) ) ;
#1442 = CARTESIAN_POINT ( 'NONE',  ( 9.153999960495658783, -2.550352058953419210, 6.600000000000001421 ) ) ;
#1443 = CARTESIAN_POINT ( 'NONE',  ( 7.974313541712940712, -5.277969311062510549, 6.600000000000001421 ) ) ;
#1444 = CARTESIAN_POINT ( 'NONE',  ( 5.031129217995883529, -4.889024880252959449, 6.999999999999998224 ) ) ;
#1445 = CARTESIAN_POINT ( 'NONE',  ( 15.64705882352940947, -6.441176470588234615, 6.600000000000000533 ) ) ;
#1446 = ADVANCED_FACE ( 'NONE', ( #216 ), #667, .T. ) ;
#1447 = DIRECTION ( 'NONE',  ( 0.000000000000000000, 0.000000000000000000, 1.000000000000000000 ) ) ;
#1448 = CARTESIAN_POINT ( 'NONE',  ( 15.39831562099316820, -4.271077606315657249, 7.000000000000000888 ) ) ;
#1449 = EDGE_CURVE ( 'NONE', #2658, #1651, #2630, .T. ) ;
#1450 = CARTESIAN_POINT ( 'NONE',  ( 12.91178997808740725, -5.758987081303163613, 6.600000000000000533 ) ) ;
#1451 = LINE ( 'NONE', #1436, #202 ) ;
#1452 = CARTESIAN_POINT ( 'NONE',  ( 10.54915750935425756, -3.180958666954135428, 6.599999999999999645 ) ) ;
#1453 = ORIENTED_EDGE ( 'NONE', *, *, #3082, .F. ) ;
#1454 = CARTESIAN_POINT ( 'NONE',  ( 10.56185789775651784, -3.049507983706079450, 7.000000000000002665 ) ) ;
#1455 = PLANE ( 'NONE',  #315 ) ;
#1456 = VERTEX_POINT ( 'NONE', #2577 ) ;
#1457 = FACE_OUTER_BOUND ( 'NONE', #2702, .T. ) ;
#1458 = VERTEX_POINT ( 'NONE', #928 ) ;
#1459 = CARTESIAN_POINT ( 'NONE',  ( 8.909232517611929580, -3.620588089578936408, 6.600000000000000533 ) ) ;
#1460 = CARTESIAN_POINT ( 'NONE',  ( 4.966139668121519968, -5.613232035646003482, 7.000000000000002665 ) ) ;
#1461 = DIRECTION ( 'NONE',  ( 0.000000000000000000, 0.000000000000000000, 1.000000000000000000 ) ) ;
#1462 = CARTESIAN_POINT ( 'NONE',  ( 9.155199033770443862, -2.935763653844529752, 7.000000000000000888 ) ) ;
#1463 = CARTESIAN_POINT ( 'NONE',  ( 10.21935557709982767, -1.913218041690127658, 7.000000000000002665 ) ) ;
#1464 = AXIS2_PLACEMENT_3D ( 'NONE', #357, #1379, #1063 ) ;
#1465 = CARTESIAN_POINT ( 'NONE',  ( 13.06051666066399264, -5.511966128881381266, 7.000000000000000888 ) ) ;
#1466 = CARTESIAN_POINT ( 'NONE',  ( 30.00000000000000000, -9.000000000000001776, -13.00000000000000178 ) ) ;
#1467 = CARTESIAN_POINT ( 'NONE',  ( 10.54915750935425756, -3.180958666954135428, 7.000000000000000000 ) ) ;
#1468 = AXIS2_PLACEMENT_3D ( 'NONE', #2749, #896, #3035 ) ;
#1469 = ORIENTED_EDGE ( 'NONE', *, *, #1039, .T. ) ;
#1470 = CARTESIAN_POINT ( 'NONE',  ( 0.000000000000000000, 169.0000000000000000, -14.00000000000000000 ) ) ;
#1471 = ORIENTED_EDGE ( 'NONE', *, *, #2040, .T. ) ;
#1472 = CARTESIAN_POINT ( 'NONE',  ( 10.04910614860029838, -4.495243318586074288, 6.600000000000001421 ) ) ;
#1473 = CARTESIAN_POINT ( 'NONE',  ( 9.091687114746699550, -5.998872006215073327, 6.599999999999999645 ) ) ;
#1474 = LINE ( 'NONE', #2420, #1343 ) ;
#1475 = CARTESIAN_POINT ( 'NONE',  ( 8.103470727920077721, -5.058551275703889516, 7.000000000000002665 ) ) ;
#1476 = CARTESIAN_POINT ( 'NONE',  ( 8.523067368484364081, -2.747392666266005534, 6.600000000000000533 ) ) ;
#1477 = CARTESIAN_POINT ( 'NONE',  ( 14.28783025014866759, -3.254475232851130162, 6.999999999999999112 ) ) ;
#1478 = LINE ( 'NONE', #2426, #701 ) ;
#1479 = VECTOR ( 'NONE', #1024, 1000.000000000000000 ) ;
#1480 = VERTEX_POINT ( 'NONE', #200 ) ;
#1481 = CARTESIAN_POINT ( 'NONE',  ( 8.577852133703181892, -2.444563656209963742, 6.599999999999999645 ) ) ;
#1482 = EDGE_LOOP ( 'NONE', ( #777, #2150, #3076, #1197 ) ) ;
#1483 = AXIS2_PLACEMENT_3D ( 'NONE', #4, #1184, #1903 ) ;
#1484 = EDGE_LOOP ( 'NONE', ( #1100, #14, #2382, #2393 ) ) ;
#1485 = CARTESIAN_POINT ( 'NONE',  ( 9.973769469462601123, -4.621691167227703900, 6.599999999999999645 ) ) ;
#1486 = CARTESIAN_POINT ( 'NONE',  ( 10.36917239890763298, -3.866545773319259194, 7.000000000000004441 ) ) ;
#1487 = DIRECTION ( 'NONE',  ( 1.000000000000000000, 0.000000000000000000, -0.000000000000000000 ) ) ;
#1488 = FACE_OUTER_BOUND ( 'NONE', #616, .T. ) ;
#1489 = CARTESIAN_POINT ( 'NONE',  ( 8.689469995528098067, -4.040916462552746502, 7.000000000000000888 ) ) ;
#1490 = B_SPLINE_SURFACE_WITH_KNOTS ( 'NONE', 3, 1, ( 
 ( #2601, #270 ),
 ( #2373, #2112 ),
 ( #1878, #2653 ),
 ( #758, #3101 ),
 ( #1450, #2847 ),
 ( #1941, #1465 ),
 ( #2389, #737 ),
 ( #1221, #3084 ),
 ( #504, #2357 ),
 ( #2636, #2908 ),
 ( #253, #27 ),
 ( #43, #704 ),
 ( #1648, #1926 ),
 ( #1421, #999 ),
 ( #459, #2424 ),
 ( #1207, #1711 ),
 ( #239, #1190 ),
 ( #2128, #951 ),
 ( #2144, #2668 ),
 ( #1894, #2859 ),
 ( #522, #1477 ),
 ( #1435, #8 ),
 ( #966, #721 ),
 ( #1679, #490 ),
 ( #2810, #2092 ),
 ( #2825, #914 ),
 ( #1857, #1399 ) ),
 .UNSPECIFIED., .F., .F., .F.,
 ( 4, 1, 1, 1, 1, 1, 1, 1, 1, 1, 1, 1, 1, 1, 1, 1, 1, 1, 1, 1, 1, 1, 1, 1, 4 ),
 ( 2, 2 ),
 ( 0.000000000000000000, 0.07827633828671941296, 0.1525336090466238304, 0.2231219132570321784, 0.2896040683600174526, 0.3522877825963164899, 0.4110844052557481310, 0.4659940411668905824, 0.5170168191162921589, 0.5641528997498652664, 0.6074968809278183945, 0.6467339618486792618, 0.6823082234005912738, 0.7138766837235936968, 0.7415641451233397907, 0.7655992754982040571, 0.7855327298922762935, 0.8203997083652065925, 0.8530411242244017034, 0.8830309398099085438, 0.9109795874592304665, 0.9363117096487123536, 0.9595453510161894295, 0.9808703259482693948, 1.000000000000000000 ),
 ( 0.000000000000000000, 1.000000000000000000 ),
 .UNSPECIFIED. ) ;
#1491 = ORIENTED_EDGE ( 'NONE', *, *, #3078, .T. ) ;
#1492 = EDGE_CURVE ( 'NONE', #2569, #863, #264, .T. ) ;
#1493 = VECTOR ( 'NONE', #2020, 1000.000000000000114 ) ;
#1494 = CARTESIAN_POINT ( 'NONE',  ( 14.13276192937663467, -3.620588089578936408, 6.600000000000000533 ) ) ;
#1495 = DIRECTION ( 'NONE',  ( 0.000000000000000000, 1.000000000000000000, 0.000000000000000000 ) ) ;
#1496 = VERTEX_POINT ( 'NONE', #2841 ) ;
#1497 = VECTOR ( 'NONE', #404, 1000.000000000000000 ) ;
#1498 = ORIENTED_EDGE ( 'NONE', *, *, #1818, .F. ) ;
#1499 = PLANE ( 'NONE',  #1666 ) ;
#1500 = CARTESIAN_POINT ( 'NONE',  ( 10.17478620922846488, -4.271077606315657249, 6.599999999999999645 ) ) ;
#1501 = CARTESIAN_POINT ( 'NONE',  ( 15.64705882352940947, -7.500000000000000000, 6.600000000000000533 ) ) ;
#1502 = LINE ( 'NONE', #1534, #1526 ) ;
#1503 = CARTESIAN_POINT ( 'NONE',  ( 8.614507352421192365, -4.174936232754474119, 7.000000000000000888 ) ) ;
#1504 = VECTOR ( 'NONE', #2456, 1000.000000000000000 ) ;
#1505 = ORIENTED_EDGE ( 'NONE', *, *, #742, .F. ) ;
#1506 = CARTESIAN_POINT ( 'NONE',  ( 12.48334291620179215, -2.336878553981419859, 7.000000000000001776 ) ) ;
#1507 = CARTESIAN_POINT ( 'NONE',  ( 28.99999999999999645, 169.0000000000000000, -13.00000000000000178 ) ) ;
#1508 = VERTEX_POINT ( 'NONE', #3095 ) ;
#1509 = CARTESIAN_POINT ( 'NONE',  ( 10.46537673379595290, -3.586725183556103147, 7.000000000000000888 ) ) ;
#1510 = DIRECTION ( 'NONE',  ( 0.000000000000000000, 1.000000000000000000, 0.000000000000000000 ) ) ;
#1511 = VERTEX_POINT ( 'NONE', #684 ) ;
#1512 = CARTESIAN_POINT ( 'NONE',  ( 10.42044785734323753, -3.725594365504438343, 6.599999999999999645 ) ) ;
#1513 = CARTESIAN_POINT ( 'NONE',  ( 8.948358882658972391, -6.217779807356179411, 6.599999999999999645 ) ) ;
#1514 = DIRECTION ( 'NONE',  ( -0.000000000000000000, -0.000000000000000000, 1.000000000000000000 ) ) ;
#1515 = B_SPLINE_CURVE_WITH_KNOTS ( 'NONE', 3,
 ( #2303, #1561, #1323, #1064, #2558, #833, #585, #388, #2012, #168, #1129, #2071, #3045, #143, #890 ),
 .UNSPECIFIED., .F., .F.,
 ( 4, 1, 1, 1, 1, 1, 1, 1, 1, 1, 1, 1, 4 ),
 ( 0.000000000000000000, 0.09485443672280788330, 0.1822887538626286330, 0.2672447772636123431, 0.3565308500978746631, 0.4065830915892265640, 0.4641841358475286561, 0.5308962385203803702, 0.6052017996980795234, 0.6894918280688816514, 0.7841159886598220163, 0.8867315438254380622, 1.000000000000000000 ),
 .UNSPECIFIED. ) ;
#1516 = CARTESIAN_POINT ( 'NONE',  ( 13.74117647058823444, -2.921691176470587958, 7.000000000000000888 ) ) ;
#1517 = AXIS2_PLACEMENT_3D ( 'NONE', #959, #1181, #3061 ) ;
#1518 = EDGE_CURVE ( 'NONE', #1669, #1985, #976, .T. ) ;
#1519 = CARTESIAN_POINT ( 'NONE',  ( 8.334965254312646010, -4.662523910439277941, 7.000000000000000888 ) ) ;
#1520 = CARTESIAN_POINT ( 'NONE',  ( 13.74121061885469430, -2.890798520054167042, 6.600000000000000533 ) ) ;
#1521 = LINE ( 'NONE', #2988, #2618 ) ;
#1522 = CARTESIAN_POINT ( 'NONE',  ( 12.61062375222477350, -2.053921815687308694, 7.000000000000000000 ) ) ;
#1523 = EDGE_CURVE ( 'NONE', #1851, #1091, #1919, .T. ) ;
#1524 = LINE ( 'NONE', #340, #1533 ) ;
#1525 = CARTESIAN_POINT ( 'NONE',  ( 15.78729251312121029, -2.962527282829123365, 7.000000000000000888 ) ) ;
#1526 = VECTOR ( 'NONE', #2450, 1000.000000000000000 ) ;
#1527 = ORIENTED_EDGE ( 'NONE', *, *, #505, .F. ) ;
#1528 = CARTESIAN_POINT ( 'NONE',  ( 13.55849466607734932, -4.662523910439277941, 7.000000000000000888 ) ) ;
#1529 = VERTEX_POINT ( 'NONE', #2123 ) ;
#1530 = CARTESIAN_POINT ( 'NONE',  ( 9.890676087086525570, -4.758595881124172422, 6.599999999999999645 ) ) ;
#1531 = CARTESIAN_POINT ( 'NONE',  ( 9.595395035773826464, -5.230488693548616119, 6.599999999999999645 ) ) ;
#1532 = CARTESIAN_POINT ( 'NONE',  ( 13.74659678024906917, -2.747392666266005534, 6.600000000000000533 ) ) ;
#1533 = VECTOR ( 'NONE', #1775, 1000.000000000000000 ) ;
#1534 = CARTESIAN_POINT ( 'NONE',  ( 3.673940397442059868E-16, 0.000000000000000000, 3.000000000000000000 ) ) ;
#1535 = EDGE_CURVE ( 'NONE', #2737, #470, #945, .T. ) ;
#1536 = EDGE_CURVE ( 'NONE', #666, #944, #2267, .T. ) ;
#1537 = EDGE_CURVE ( 'NONE', #2463, #1335, #2933, .T. ) ;
#1538 = CARTESIAN_POINT ( 'NONE',  ( 12.39999999999999858, -7.500000000000000000, 6.600000000000000533 ) ) ;
#1539 = VERTEX_POINT ( 'NONE', #1753 ) ;
#1540 = VERTEX_POINT ( 'NONE', #2210 ) ;
#1541 = CARTESIAN_POINT ( 'NONE',  ( 15.78525237977292761, -2.755896127997813583, 6.599999999999999645 ) ) ;
#1542 = B_SPLINE_SURFACE_WITH_KNOTS ( 'NONE', 3, 1, ( 
 ( #2555, #1650 ),
 ( #2360, #922 ),
 ( #2314, #905 ),
 ( #1437, #1865 ),
 ( #2585, #225 ),
 ( #445, #3103 ),
 ( #2082, #953 ),
 ( #1896, #1668 ),
 ( #2861, #707 ),
 ( #2622, #477 ),
 ( #2375, #658 ) ),
 .UNSPECIFIED., .F., .F., .F.,
 ( 4, 1, 1, 1, 1, 1, 1, 1, 4 ),
 ( 2, 2 ),
 ( 0.000000000000000000, 0.1720516227588616553, 0.3221184518414669795, 0.4530032450370298780, 0.5679319607256979596, 0.6732552971111487317, 0.7755212437239799028, 0.8826267386609915055, 1.000000000000000000 ),
 ( 0.000000000000000000, 1.000000000000000000 ),
 .UNSPECIFIED. ) ;
#1543 = VERTEX_POINT ( 'NONE', #2464 ) ;
#1544 = CARTESIAN_POINT ( 'NONE',  ( 14.07175142032573767, -1.359898864068360691, 6.600000000000000533 ) ) ;
#1545 = ORIENTED_EDGE ( 'NONE', *, *, #64, .F. ) ;
#1546 = CARTESIAN_POINT ( 'NONE',  ( 12.39999999999999858, -3.476470588235293757, 6.600000000000000533 ) ) ;
#1547 = LINE ( 'NONE', #2805, #2772 ) ;
#1548 = CARTESIAN_POINT ( 'NONE',  ( 13.74121061885469430, -2.890798520054167042, 7.000000000000000888 ) ) ;
#1549 = CARTESIAN_POINT ( 'NONE',  ( 1.000000000000000000, 169.0000000000000000, -14.00000000000000000 ) ) ;
#1550 = LINE ( 'NONE', #1327, #714 ) ;
#1551 = CARTESIAN_POINT ( 'NONE',  ( 8.564322276711289206, -1.363508469764082909, 6.600000000000001421 ) ) ;
#1552 = AXIS2_PLACEMENT_3D ( 'NONE', #1765, #63, #125 ) ;
#1553 = CARTESIAN_POINT ( 'NONE',  ( 10.56470588235294272, -2.919485294117646568, 6.600000000000000533 ) ) ;
#1554 = PRODUCT_DEFINITION ( 'UNKNOWN', '', #2648, #67 ) ;
#1555 = DIRECTION ( 'NONE',  ( 0.000000000000000000, 0.000000000000000000, 1.000000000000000000 ) ) ;
#1556 = ORIENTED_EDGE ( 'NONE', *, *, #2142, .F. ) ;
#1557 = CARTESIAN_POINT ( 'NONE',  ( 12.80783307472699306, -1.786594521431802862, 7.000000000000003553 ) ) ;
#1558 = PLANE ( 'NONE',  #2822 ) ;
#1559 = ORIENTED_EDGE ( 'NONE', *, *, #3082, .T. ) ;
#1560 = FACE_OUTER_BOUND ( 'NONE', #2321, .T. ) ;
#1561 = CARTESIAN_POINT ( 'NONE',  ( 8.818173120425788269, -2.277716052005691161, 7.000000000000001776 ) ) ;
#1562 = EDGE_CURVE ( 'NONE', #1362, #816, #1979, .T. ) ;
#1563 = ORIENTED_EDGE ( 'NONE', *, *, #1535, .T. ) ;
#1564 = CARTESIAN_POINT ( 'NONE',  ( 8.550775240387414655, 2.000000000000000000, 0.09999999999999890921 ) ) ;
#1565 = AXIS2_PLACEMENT_3D ( 'NONE', #2022, #630, #597 ) ;
#1566 = FACE_OUTER_BOUND ( 'NONE', #169, .T. ) ;
#1567 = CARTESIAN_POINT ( 'NONE',  ( 15.11420549885122711, -4.758595881124172422, 6.599999999999999645 ) ) ;
#1568 = VERTEX_POINT ( 'NONE', #784 ) ;
#1569 = CARTESIAN_POINT ( 'NONE',  ( 15.75292485663732833, -3.314245222160256965, 7.000000000000001776 ) ) ;
#1570 = CYLINDRICAL_SURFACE ( 'NONE', #2422, 1.000000000000000000 ) ;
#1571 = CARTESIAN_POINT ( 'NONE',  ( 12.70161407449761626, -1.916752810210594848, 6.600000000000001421 ) ) ;
#1572 = LINE ( 'NONE', #385, #870 ) ;
#1573 = VERTEX_POINT ( 'NONE', #1950 ) ;
#1574 = CARTESIAN_POINT ( 'NONE',  ( 15.72694733239093523, -2.445820818614690140, 6.999999999999998224 ) ) ;
#1575 = DIRECTION ( 'NONE',  ( -0.000000000000000000, -0.000000000000000000, 1.000000000000000000 ) ) ;
#1576 = ORIENTED_EDGE ( 'NONE', *, *, #2263, .F. ) ;
#1577 = DIRECTION ( 'NONE',  ( 1.000000000000000000, -0.000000000000000000, -1.495451272393799296E-16 ) ) ;
#1578 = VECTOR ( 'NONE', #2721, 1000.000000000000000 ) ;
#1579 = FACE_OUTER_BOUND ( 'NONE', #1962, .T. ) ;
#1580 = CARTESIAN_POINT ( 'NONE',  ( 14.17188829442367215, -6.217779807356179411, 7.000000000000000000 ) ) ;
#1581 = DIRECTION ( 'NONE',  ( 1.445602896647339410E-16, 0.000000000000000000, 1.000000000000000000 ) ) ;
#1582 = AXIS2_PLACEMENT_3D ( 'NONE', #1723, #787, #298 ) ;
#1583 = CARTESIAN_POINT ( 'NONE',  ( 15.59270181067233452, -3.866545773319259194, 6.600000000000003197 ) ) ;
#1584 = CARTESIAN_POINT ( 'NONE',  ( 15.19729888122730266, -4.621691167227703900, 6.599999999999999645 ) ) ;
#1585 = ADVANCED_FACE ( 'NONE', ( #2918 ), #328, .T. ) ;
#1586 = ORIENTED_EDGE ( 'NONE', *, *, #1674, .F. ) ;
#1587 = CARTESIAN_POINT ( 'NONE',  ( 15.39831562099316820, -4.271077606315657249, 7.000000000000000000 ) ) ;
#1588 = CARTESIAN_POINT ( 'NONE',  ( 12.61062375222477350, -2.053921815687308694, 6.599999999999999645 ) ) ;
#1589 = ADVANCED_FACE ( 'NONE', ( #1289, #296 ), #1274, .T. ) ;
#1590 = EDGE_LOOP ( 'NONE', ( #2331, #121, #525, #2458 ) ) ;
#1591 = CARTESIAN_POINT ( 'NONE',  ( 15.33755570818186165, -1.798286785565265111, 6.999999999999998224 ) ) ;
#1592 = CARTESIAN_POINT ( 'NONE',  ( 12.04705882352941160, -6.299999999999999822, 6.600000000000000533 ) ) ;
#1593 = VERTEX_POINT ( 'NONE', #1021 ) ;
#1594 = CARTESIAN_POINT ( 'NONE',  ( 13.77264816326267827, -2.542093370188200918, 7.000000000000000000 ) ) ;
#1595 = CARTESIAN_POINT ( 'NONE',  ( 15.00000000000000000, 0.000000000000000000, -6.450000000000001066 ) ) ;
#1596 = CARTESIAN_POINT ( 'NONE',  ( 9.993941097320586664, -1.694732403274157972, 7.000000000000003553 ) ) ;
#1597 = CARTESIAN_POINT ( 'NONE',  ( 15.77268692111895732, -3.180958666954134983, 6.599999999999998757 ) ) ;
#1598 = DIRECTION ( 'NONE',  ( 1.000000000000000000, 0.000000000000000000, 0.000000000000000000 ) ) ;
#1599 = CARTESIAN_POINT ( 'NONE',  ( 13.22806088390515100, -1.496286281582237310, 6.600000000000002309 ) ) ;
#1600 = DIRECTION ( 'NONE',  ( 0.000000000000000000, 0.000000000000000000, -1.000000000000000000 ) ) ;
#1601 = AXIS2_PLACEMENT_3D ( 'NONE', #1805, #1664, #1315 ) ;
#1602 = VERTEX_POINT ( 'NONE', #1721 ) ;
#1603 = CARTESIAN_POINT ( 'NONE',  ( 10.42352941176470615, -6.441176470588234615, 6.600000000000000533 ) ) ;
#1604 = DIRECTION ( 'NONE',  ( -1.445602896647339163E-16, -0.000000000000000000, -1.000000000000000000 ) ) ;
#1605 = ORIENTED_EDGE ( 'NONE', *, *, #217, .T. ) ;
#1606 = LINE ( 'NONE', #927, #578 ) ;
#1607 = DIRECTION ( 'NONE',  ( -0.000000000000000000, -0.000000000000000000, 1.000000000000000000 ) ) ;
#1608 = CARTESIAN_POINT ( 'NONE',  ( 15.00000000000000178, 170.0000000000000000, 0.000000000000000000 ) ) ;
#1609 = AXIS2_PLACEMENT_3D ( 'NONE', #358, #2257, #129 ) ;
#1610 = CARTESIAN_POINT ( 'NONE',  ( 8.438213717395766977, -4.486282729355410837, 7.000000000000000888 ) ) ;
#1611 = EDGE_CURVE ( 'NONE', #3104, #2364, #2447, .T. ) ;
#1612 = EDGE_CURVE ( 'NONE', #2692, #2254, #2205, .T. ) ;
#1613 = CARTESIAN_POINT ( 'NONE',  ( 15.78729251312121029, -2.962527282829123365, 7.000000000000001776 ) ) ;
#1614 = EDGE_CURVE ( 'NONE', #2895, #760, #869, .T. ) ;
#1615 = DIRECTION ( 'NONE',  ( 1.000000000000000000, 0.000000000000000000, 0.000000000000000000 ) ) ;
#1616 = VECTOR ( 'NONE', #243, 1000.000000000000000 ) ;
#1617 = CARTESIAN_POINT ( 'NONE',  ( 5.238602941176470296, -2.596323529411763698, 6.600000000000000533 ) ) ;
#1618 = EDGE_LOOP ( 'NONE', ( #2932, #557, #1346 ) ) ;
#1619 = CARTESIAN_POINT ( 'NONE',  ( 12.04705882352941160, -7.500000000000000000, 6.600000000000000533 ) ) ;
#1620 = CARTESIAN_POINT ( 'NONE',  ( 7.176470588235295267, -7.500000000000000000, 7.000000000000000888 ) ) ;
#1621 = ORIENTED_EDGE ( 'NONE', *, *, #1953, .T. ) ;
#1622 = CARTESIAN_POINT ( 'NONE',  ( 5.650000000000000355, 169.0000000000000000, -1.145044757202775450E-15 ) ) ;
#1623 = CARTESIAN_POINT ( 'NONE',  ( 12.47616817544023426, -6.485701164710222066, 7.000000000000001776 ) ) ;
#1624 = CARTESIAN_POINT ( 'NONE',  ( 8.689469995528098067, -4.040916462552746502, 6.600000000000000533 ) ) ;
#1625 = EDGE_CURVE ( 'NONE', #696, #1762, #1702, .T. ) ;
#1626 = CARTESIAN_POINT ( 'NONE',  ( 10.53834969639313357, -2.597230362318972752, 7.000000000000003553 ) ) ;
#1627 = AXIS2_PLACEMENT_3D ( 'NONE', #864, #2807, #2276 ) ;
#1628 = ADVANCED_FACE ( 'NONE', ( #2967 ), #1499, .F. ) ;
#1629 = LINE ( 'NONE', #2580, #1891 ) ;
#1630 = VECTOR ( 'NONE', #2536, 1000.000000000000000 ) ;
#1631 = CARTESIAN_POINT ( 'NONE',  ( 9.188148780613438760, -1.383702607623102931, 6.600000000000002309 ) ) ;
#1632 = CARTESIAN_POINT ( 'NONE',  ( 5.238602941176470296, -2.596323529411763698, 6.600000000000000533 ) ) ;
#1633 = EDGE_CURVE ( 'NONE', #1508, #183, #409, .T. ) ;
#1634 = CARTESIAN_POINT ( 'NONE',  ( 13.78785168847599252, -1.363508469764082909, 7.000000000000001776 ) ) ;
#1635 = CARTESIAN_POINT ( 'NONE',  ( 8.704334124614550916, -1.360421891417595841, 6.600000000000001421 ) ) ;
#1636 = ORIENTED_EDGE ( 'NONE', *, *, #2387, .F. ) ;
#1637 = PLANE ( 'NONE',  #2734 ) ;
#1638 = CARTESIAN_POINT ( 'NONE',  ( 6.170588235294117929, -7.500000000000000000, 7.000000000000000888 ) ) ;
#1639 = ORIENTED_EDGE ( 'NONE', *, *, #1611, .T. ) ;
#1640 = LINE ( 'NONE', #1131, #836 ) ;
#1641 = CARTESIAN_POINT ( 'NONE',  ( 10.42352941176470615, -6.441176470588234615, 6.600000000000000533 ) ) ;
#1642 = ORIENTED_EDGE ( 'NONE', *, *, #1562, .F. ) ;
#1643 = CARTESIAN_POINT ( 'NONE',  ( 10.91764705882352793, -7.500000000000000000, 6.600000000000000533 ) ) ;
#1644 = CARTESIAN_POINT ( 'NONE',  ( 7.252638763675530065, -6.485701164710222955, 7.000000000000001776 ) ) ;
#1645 = CARTESIAN_POINT ( 'NONE',  ( 5.650000000000000355, 170.0000000000000000, -1.145044757202775450E-15 ) ) ;
#1646 = CARTESIAN_POINT ( 'NONE',  ( 14.45407814147419501, -5.792293568502145718, 7.000000000000001776 ) ) ;
#1647 = AXIS2_PLACEMENT_3D ( 'NONE', #1117, #3049, #2794 ) ;
#1648 = CARTESIAN_POINT ( 'NONE',  ( 13.83803676418589390, -4.174936232754474119, 6.600000000000000533 ) ) ;
#1649 = DIRECTION ( 'NONE',  ( -1.000000000000000000, 0.000000000000000000, 0.000000000000000000 ) ) ;
#1650 = CARTESIAN_POINT ( 'NONE',  ( 9.170588235294118817, -2.758455882352940591, 7.000000000000000888 ) ) ;
#1651 = VERTEX_POINT ( 'NONE', #2745 ) ;
#1652 = CARTESIAN_POINT ( 'NONE',  ( 10.91764705882352793, -7.500000000000000000, 6.600000000000000533 ) ) ;
#1653 = PLANE ( 'NONE',  #2554 ) ;
#1654 = EDGE_LOOP ( 'NONE', ( #1823, #2689, #1687, #1050 ) ) ;
#1655 = CARTESIAN_POINT ( 'NONE',  ( 8.919554378218743196, -2.280629554911806078, 6.600000000000000533 ) ) ;
#1656 = PRESENTATION_LAYER_ASSIGNMENT (  '', '', ( #2550 ) ) ;
#1657 = ADVANCED_FACE ( 'NONE', ( #1560 ), #2255, .T. ) ;
#1658 = LINE ( 'NONE', #1148, #2925 ) ;
#1659 = ORIENTED_EDGE ( 'NONE', *, *, #742, .T. ) ;
#1660 = DIRECTION ( 'NONE',  ( -1.000000000000000000, 0.000000000000000000, 0.000000000000000000 ) ) ;
#1661 = CARTESIAN_POINT ( 'NONE',  ( 8.796691176470590179, -6.441176470588234615, 6.600000000000000533 ) ) ;
#1662 = CARTESIAN_POINT ( 'NONE',  ( 14.09354790101473753, -2.277898549626389268, 6.599999999999999645 ) ) ;
#1663 = EDGE_CURVE ( 'NONE', #593, #1669, #1783, .T. ) ;
#1664 = DIRECTION ( 'NONE',  ( 0.000000000000000000, 0.000000000000000000, -1.000000000000000000 ) ) ;
#1665 = DIRECTION ( 'NONE',  ( 0.01922721423134407873, 0.9998151400298467273, 0.000000000000000000 ) ) ;
#1666 = AXIS2_PLACEMENT_3D ( 'NONE', #819, #1768, #2726 ) ;
#1667 = LINE ( 'NONE', #2374, #455 ) ;
#1668 = CARTESIAN_POINT ( 'NONE',  ( 8.989013188388481623, -2.302902050922903676, 7.000000000000001776 ) ) ;
#1669 = VERTEX_POINT ( 'NONE', #1836 ) ;
#1670 = DIRECTION ( 'NONE',  ( 0.000000000000000000, 1.000000000000000000, 0.000000000000000000 ) ) ;
#1671 = DIRECTION ( 'NONE',  ( 3.976366041630435193E-12, -2.398652436315413018E-12, -1.000000000000000000 ) ) ;
#1672 = ORIENTED_EDGE ( 'NONE', *, *, #2754, .T. ) ;
#1673 = CARTESIAN_POINT ( 'NONE',  ( 12.70161407449761626, -1.916752810210594848, 6.600000000000001421 ) ) ;
#1674 = EDGE_CURVE ( 'NONE', #659, #2655, #166, .T. ) ;
#1675 = CARTESIAN_POINT ( 'NONE',  ( 9.167262416095313782, -2.844420884232613744, 6.599999999999999645 ) ) ;
#1676 = PLANE ( 'NONE',  #2370 ) ;
#1677 = CARTESIAN_POINT ( 'NONE',  ( 8.577852133703181892, -2.444563656209963742, 6.599999999999999645 ) ) ;
#1678 = CARTESIAN_POINT ( 'NONE',  ( 15.11420549885122711, -4.758595881124172422, 6.599999999999999645 ) ) ;
#1679 = CARTESIAN_POINT ( 'NONE',  ( 14.37872844553514540, -2.935763653844529752, 6.600000000000000533 ) ) ;
#1680 = AXIS2_PLACEMENT_3D ( 'NONE', #2785, #1845, #3022 ) ;
#1681 = CARTESIAN_POINT ( 'NONE',  ( 10.42352941176470615, -6.441176470588234615, 7.000000000000000888 ) ) ;
#1682 = EDGE_CURVE ( 'NONE', #1078, #2999, #1363, .T. ) ;
#1683 = FACE_OUTER_BOUND ( 'NONE', #1946, .T. ) ;
#1684 = EDGE_LOOP ( 'NONE', ( #1992, #1974, #813, #1899 ) ) ;
#1685 = CARTESIAN_POINT ( 'NONE',  ( 2.941176470588235059, -1.499999999999998668, 6.600000000000000533 ) ) ;
#1686 = LINE ( 'NONE', #2346, #2665 ) ;
#1687 = ORIENTED_EDGE ( 'NONE', *, *, #1612, .F. ) ;
#1688 = DIRECTION ( 'NONE',  ( 0.000000000000000000, 0.000000000000000000, 1.000000000000000000 ) ) ;
#1689 = CARTESIAN_POINT ( 'NONE',  ( 12.59020566516398354, -6.297360158885916270, 7.000000000000001776 ) ) ;
#1690 = CARTESIAN_POINT ( 'NONE',  ( 7.688260566322707490, -5.758987081303165390, 6.600000000000003197 ) ) ;
#1691 = DIRECTION ( 'NONE',  ( 0.000000000000000000, -0.000000000000000000, 1.000000000000000000 ) ) ;
#1692 = CARTESIAN_POINT ( 'NONE',  ( 14.06764705882352828, -2.276470588235293135, 7.000000000000000888 ) ) ;
#1693 = CARTESIAN_POINT ( 'NONE',  ( 8.858045590024044458, -3.722223187858454185, 7.000000000000001776 ) ) ;
#1694 = CARTESIAN_POINT ( 'NONE',  ( 0.000000000000000000, 168.0000000000000000, -13.00000000000000178 ) ) ;
#1695 = CARTESIAN_POINT ( 'NONE',  ( 13.58550975913559178, -1.389842632940669453, 6.600000000000001421 ) ) ;
#1696 = ORIENTED_EDGE ( 'NONE', *, *, #2637, .F. ) ;
#1697 = CARTESIAN_POINT ( 'NONE',  ( 10.56376310135650165, -2.962527282829122921, 7.000000000000000000 ) ) ;
#1698 = CARTESIAN_POINT ( 'NONE',  ( 14.41167819237813319, -1.383702607623102265, 6.599999999999997868 ) ) ;
#1699 = ORIENTED_EDGE ( 'NONE', *, *, #2703, .T. ) ;
#1700 = CARTESIAN_POINT ( 'NONE',  ( 24.35000000000000497, 170.0000000000000000, 0.000000000000000000 ) ) ;
#1701 = EDGE_LOOP ( 'NONE', ( #245, #1424, #3094, #373 ) ) ;
#1702 = LINE ( 'NONE', #69, #2617 ) ;
#1703 = CARTESIAN_POINT ( 'NONE',  ( 9.700715845601251885, -5.062624897365417098, 6.600000000000001421 ) ) ;
#1704 = FACE_OUTER_BOUND ( 'NONE', #2460, .T. ) ;
#1705 = LINE ( 'NONE', #2647, #1385 ) ;
#1706 = AXIS2_PLACEMENT_3D ( 'NONE', #2114, #2391, #271 ) ;
#1707 = CARTESIAN_POINT ( 'NONE',  ( 8.223727130496191862, -4.853423947869028865, 6.599999999999999645 ) ) ;
#1708 = CARTESIAN_POINT ( 'NONE',  ( 8.536056009925824029, -2.602133346995949115, 7.000000000000000888 ) ) ;
#1709 = CARTESIAN_POINT ( 'NONE',  ( 10.39031021299685520, -2.164680255633829375, 6.999999999999999112 ) ) ;
#1710 = ADVANCED_FACE ( 'NONE', ( #2495 ), #2513, .T. ) ;
#1711 = CARTESIAN_POINT ( 'NONE',  ( 14.03467703899156582, -3.814415872631197413, 6.999999999999999112 ) ) ;
#1712 = VECTOR ( 'NONE', #434, 1000.000000000000000 ) ;
#1713 = EDGE_CURVE ( 'NONE', #2364, #2051, #1828, .T. ) ;
#1714 =( NAMED_UNIT ( * ) PLANE_ANGLE_UNIT ( ) SI_UNIT ( $, .RADIAN. ) );
#1715 = ORIENTED_EDGE ( 'NONE', *, *, #1072, .F. ) ;
#1716 = CARTESIAN_POINT ( 'NONE',  ( 9.890676087086525570, -4.758595881124172422, 7.000000000000000000 ) ) ;
#1717 = AXIS2_PLACEMENT_3D ( 'NONE', #334, #1250, #735 ) ;
#1718 = EDGE_LOOP ( 'NONE', ( #1146, #2725, #1030, #2741 ) ) ;
#1719 = CARTESIAN_POINT ( 'NONE',  ( 8.989013188388481623, -2.302902050922903676, 6.600000000000001421 ) ) ;
#1720 = ORIENTED_EDGE ( 'NONE', *, *, #102, .T. ) ;
#1721 = CARTESIAN_POINT ( 'NONE',  ( 2.900000000000000355, 0.000000000000000000, 3.000000000000000000 ) ) ;
#1722 = CARTESIAN_POINT ( 'NONE',  ( 10.31793934184496209, -3.986255849943769025, 6.599999999999997868 ) ) ;
#1723 = CARTESIAN_POINT ( 'NONE',  ( 15.00000000000000000, 2.000000000000000000, -1.099120502234749572E-15 ) ) ;
#1724 = CARTESIAN_POINT ( 'NONE',  ( 1.000000000000000000, -10.00000000000000000, -13.00000000000000178 ) ) ;
#1725 = ADVANCED_FACE ( 'NONE', ( #832 ), #584, .F. ) ;
#1726 = CARTESIAN_POINT ( 'NONE',  ( 8.530012890551246230, -4.323084654257449699, 7.000000000000001776 ) ) ;
#1727 = CARTESIAN_POINT ( 'NONE',  ( 8.577852133703181892, -2.444563656209963742, 7.000000000000000888 ) ) ;
#1728 = EDGE_CURVE ( 'NONE', #1091, #725, #703, .T. ) ;
#1729 = ORIENTED_EDGE ( 'NONE', *, *, #1633, .T. ) ;
#1730 = CARTESIAN_POINT ( 'NONE',  ( 13.58550975913559178, -1.389842632940669453, 7.000000000000001776 ) ) ;
#1731 = AXIS2_PLACEMENT_3D ( 'NONE', #2338, #2564, #1581 ) ;
#1732 = CARTESIAN_POINT ( 'NONE',  ( 14.35510539255818507, -3.033909099944821719, 6.599999999999999645 ) ) ;
#1733 = ORIENTED_EDGE ( 'NONE', *, *, #1411, .F. ) ;
#1734 = CARTESIAN_POINT ( 'NONE',  ( 8.640183411698510341, -2.347643873891812394, 6.600000000000000533 ) ) ;
#1735 = VERTEX_POINT ( 'NONE', #678 ) ;
#1736 = CARTESIAN_POINT ( 'NONE',  ( 6.170588235294117929, -7.500000000000000000, 6.600000000000000533 ) ) ;
#1737 = ORIENTED_EDGE ( 'NONE', *, *, #2750, .F. ) ;
#1738 = CARTESIAN_POINT ( 'NONE',  ( 10.46537673379595290, -3.586725183556103147, 6.600000000000000533 ) ) ;
#1739 = CARTESIAN_POINT ( 'NONE',  ( 8.948358882658972391, -6.217779807356179411, 7.000000000000000888 ) ) ;
#1740 = CARTESIAN_POINT ( 'NONE',  ( 4.868615190999136644, -4.815420237924010749, 7.000000000000002665 ) ) ;
#1741 = LINE ( 'NONE', #2000, #277 ) ;
#1742 = CARTESIAN_POINT ( 'NONE',  ( 9.131575980793479985, -3.033909099944821719, 6.599999999999999645 ) ) ;
#1743 = ORIENTED_EDGE ( 'NONE', *, *, #196, .F. ) ;
#1744 = LINE ( 'NONE', #58, #2713 ) ;
#1745 = CYLINDRICAL_SURFACE ( 'NONE', #675, 1.000000000000000888 ) ;
#1746 = ORIENTED_EDGE ( 'NONE', *, *, #1908, .T. ) ;
#1747 = DIRECTION ( 'NONE',  ( -0.000000000000000000, -0.000000000000000000, 1.000000000000000000 ) ) ;
#1748 = ORIENTED_EDGE ( 'NONE', *, *, #2869, .F. ) ;
#1749 = CARTESIAN_POINT ( 'NONE',  ( 14.35255770547786192, -2.466308339457318421, 6.999999999999998224 ) ) ;
#1750 = VECTOR ( 'NONE', #20, 1000.000000000000000 ) ;
#1751 = ADVANCED_FACE ( 'NONE', ( #2641 ), #660, .F. ) ;
#1752 = VERTEX_POINT ( 'NONE', #462 ) ;
#1753 = CARTESIAN_POINT ( 'NONE',  ( 6.964705882352941302, -1.499999999999998668, 6.600000000000000533 ) ) ;
#1754 = CARTESIAN_POINT ( 'NONE',  ( 4.992144817388100897, -5.320576301747178327, 7.000000000000002665 ) ) ;
#1755 = CARTESIAN_POINT ( 'NONE',  ( 13.80138154546788343, -2.444563656209963742, 6.599999999999999645 ) ) ;
#1756 = CARTESIAN_POINT ( 'NONE',  ( 4.868615190999136644, -4.815420237924010749, 7.000000000000002665 ) ) ;
#1757 = CARTESIAN_POINT ( 'NONE',  ( 7.194117647058824616, -6.582352941176469407, 6.600000000000000533 ) ) ;
#1758 = VECTOR ( 'NONE', #1844, 1000.000000000000000 ) ;
#1759 = CARTESIAN_POINT ( 'NONE',  ( 10.50162600606897811, -3.449795804609072203, 6.999999999999999112 ) ) ;
#1760 = CARTESIAN_POINT ( 'NONE',  ( 0.000000000000000000, -10.00000000000000000, 0.000000000000000000 ) ) ;
#1761 = ORIENTED_EDGE ( 'NONE', *, *, #2584, .T. ) ;
#1762 = VERTEX_POINT ( 'NONE', #2624 ) ;
#1763 = CARTESIAN_POINT ( 'NONE',  ( 10.27003287591467640, -4.087575816759381198, 7.000000000000002665 ) ) ;
#1764 = ORIENTED_EDGE ( 'NONE', *, *, #2270, .T. ) ;
#1765 = CARTESIAN_POINT ( 'NONE',  ( 12.04705882352941160, -6.299999999999999822, 6.600000000000000533 ) ) ;
#1766 = B_SPLINE_CURVE_WITH_KNOTS ( 'NONE', 3,
 ( #2916, #763, #2348, #1442, #246, #1214, #1179, #1719, #1655, #213, #2151 ),
 .UNSPECIFIED., .F., .F.,
 ( 4, 1, 1, 1, 1, 1, 1, 1, 4 ),
 ( 0.000000000000000000, 0.1720516227588616553, 0.3221184518414669795, 0.4530032450370298780, 0.5679319607256979596, 0.6732552971111487317, 0.7755212437239799028, 0.8826267386609915055, 1.000000000000000000 ),
 .UNSPECIFIED. ) ;
#1767 = ORIENTED_EDGE ( 'NONE', *, *, #591, .T. ) ;
#1768 = DIRECTION ( 'NONE',  ( 1.000000000000000000, 0.000000000000000000, 0.000000000000000000 ) ) ;
#1769 = DIRECTION ( 'NONE',  ( 0.09315453181102842373, 0.9956516625823853550, 0.000000000000000000 ) ) ;
#1770 = DIRECTION ( 'NONE',  ( -1.000000000000000000, -0.000000000000000000, -0.000000000000000000 ) ) ;
#1771 = CARTESIAN_POINT ( 'NONE',  ( 28.99999999999999645, -10.00000000000000000, -13.00000000000000178 ) ) ;
#1772 = PRODUCT_DEFINITION_SHAPE ( 'NONE', 'NONE',  #1554 ) ;
#1773 = ADVANCED_FACE ( 'NONE', ( #2818 ), #1897, .T. ) ;
#1774 = ADVANCED_FACE ( 'NONE', ( #1849 ), #2345, .T. ) ;
#1775 = DIRECTION ( 'NONE',  ( 1.000000000000000000, 0.000000000000000000, 0.000000000000000000 ) ) ;
#1776 = ORIENTED_EDGE ( 'NONE', *, *, #2467, .F. ) ;
#1777 = CARTESIAN_POINT ( 'NONE',  ( 15.78722817985648419, -2.864253073835259844, 6.600000000000000533 ) ) ;
#1778 = CIRCLE ( 'NONE', #529, 1.000000000000000000 ) ;
#1779 = VERTEX_POINT ( 'NONE', #2851 ) ;
#1780 = LINE ( 'NONE', #1736, #2603 ) ;
#1781 = CARTESIAN_POINT ( 'NONE',  ( 13.91299940729280493, -4.040916462552746502, 7.000000000000000888 ) ) ;
#1782 = ORIENTED_EDGE ( 'NONE', *, *, #1104, .F. ) ;
#1783 = LINE ( 'NONE', #2804, #2552 ) ;
#1784 = LINE ( 'NONE', #1837, #917 ) ;
#1785 = CARTESIAN_POINT ( 'NONE',  ( 13.74127570374233720, -2.831918662295244360, 6.599999999999999645 ) ) ;
#1786 = CIRCLE ( 'NONE', #1137, 1.000000000000000000 ) ;
#1787 = CARTESIAN_POINT ( 'NONE',  ( 4.583461705158047295, -1.702205338828605141, 6.600000000000000533 ) ) ;
#1788 = CARTESIAN_POINT ( 'NONE',  ( 4.726162463976020689, -3.248523952013490756, 6.600000000000002309 ) ) ;
#1789 = CARTESIAN_POINT ( 'NONE',  ( 12.39999999999999858, -3.476470588235293757, 6.600000000000000533 ) ) ;
#1790 = LINE ( 'NONE', #608, #9 ) ;
#1791 = EDGE_CURVE ( 'NONE', #2397, #435, #1267, .T. ) ;
#1792 = CARTESIAN_POINT ( 'NONE',  ( 15.78823529411764426, -2.919485294117646568, 6.600000000000000533 ) ) ;
#1793 = CARTESIAN_POINT ( 'NONE',  ( 10.53834969639313357, -2.597230362318972752, 7.000000000000003553 ) ) ;
#1794 = ORIENTED_EDGE ( 'NONE', *, *, #2158, .T. ) ;
#1795 = CARTESIAN_POINT ( 'NONE',  ( 12.80783307472699306, -1.786594521431802862, 6.600000000000003197 ) ) ;
#1796 = CARTESIAN_POINT ( 'NONE',  ( 7.176470588235295267, -3.261397058823528816, 7.000000000000000888 ) ) ;
#1797 = ORIENTED_EDGE ( 'NONE', *, *, #314, .T. ) ;
#1798 = CARTESIAN_POINT ( 'NONE',  ( 15.53541268399046693, -2.035379566318810785, 7.000000000000000888 ) ) ;
#1799 = CARTESIAN_POINT ( 'NONE',  ( 0.000000000000000000, 169.0000000000000000, 6.000000000000000888 ) ) ;
#1800 = CARTESIAN_POINT ( 'NONE',  ( 15.64705882352940947, -7.500000000000000000, 6.600000000000000533 ) ) ;
#1801 = PLANE ( 'NONE',  #2108 ) ;
#1802 = CARTESIAN_POINT ( 'NONE',  ( 7.709563613804286675, -1.673122836829340931, 6.599999999999996980 ) ) ;
#1803 = CARTESIAN_POINT ( 'NONE',  ( 14.45407814147419501, -5.792293568502145718, 6.600000000000000533 ) ) ;
#1804 = ORIENTED_EDGE ( 'NONE', *, *, #2252, .F. ) ;
#1805 = CARTESIAN_POINT ( 'NONE',  ( 2.899999999999999911, 169.0000000000000000, 0.000000000000000000 ) ) ;
#1806 = CARTESIAN_POINT ( 'NONE',  ( 12.44735507120605611, -2.484588863844386264, 6.600000000000001421 ) ) ;
#1807 = CARTESIAN_POINT ( 'NONE',  ( 7.259813504437093279, -2.336878553981420747, 6.600000000000004974 ) ) ;
#1808 = ORIENTED_EDGE ( 'NONE', *, *, #2887, .F. ) ;
#1809 = DIRECTION ( 'NONE',  ( -1.000000000000000000, 0.000000000000000000, 0.000000000000000000 ) ) ;
#1810 = DIRECTION ( 'NONE',  ( -8.661281736826567766E-12, -8.033886071559850916E-13, 1.000000000000000000 ) ) ;
#1811 = VECTOR ( 'NONE', #1341, 1000.000000000000000 ) ;
#1812 = ORIENTED_EDGE ( 'NONE', *, *, #1614, .T. ) ;
#1813 = CARTESIAN_POINT ( 'NONE',  ( 12.41764705882352793, -6.582352941176469407, 6.600000000000000533 ) ) ;
#1814 = AXIS2_PLACEMENT_3D ( 'NONE', #1259, #531, #2193 ) ;
#1815 = CARTESIAN_POINT ( 'NONE',  ( 8.689469995528098067, -4.040916462552746502, 7.000000000000000888 ) ) ;
#1816 = VECTOR ( 'NONE', #2381, 1000.000000000000000 ) ;
#1817 = EDGE_CURVE ( 'NONE', #1013, #1229, #194, .T. ) ;
#1818 = EDGE_CURVE ( 'NONE', #333, #677, #363, .T. ) ;
#1819 = CARTESIAN_POINT ( 'NONE',  ( 15.64397726910794439, -3.725594365504438787, 7.000000000000000000 ) ) ;
#1820 = PLANE ( 'NONE',  #1680 ) ;
#1821 = CARTESIAN_POINT ( 'NONE',  ( 12.42640757983108557, -2.645489834037156207, 6.599999999999999645 ) ) ;
#1822 = CARTESIAN_POINT ( 'NONE',  ( 14.28783025014866759, -3.254475232851130162, 6.999999999999999112 ) ) ;
#1823 = ORIENTED_EDGE ( 'NONE', *, *, #191, .T. ) ;
#1824 = CARTESIAN_POINT ( 'NONE',  ( 14.41167819237813319, -1.383702607623102265, 6.999999999999998224 ) ) ;
#1825 = CARTESIAN_POINT ( 'NONE',  ( 0.000000000000000000, -9.000000000000007105, -14.00000000000000000 ) ) ;
#1826 = ORIENTED_EDGE ( 'NONE', *, *, #1536, .T. ) ;
#1827 = CARTESIAN_POINT ( 'NONE',  ( 13.78453565577041928, -2.489184056055177674, 7.000000000000003553 ) ) ;
#1828 = B_SPLINE_CURVE_WITH_KNOTS ( 'NONE', 3,
 ( #2776, #128, #847, #1824, #2302, #2024, #1128, #617, #3000, #1591, #399, #1798, #2038, #374, #1574, #2010, #2981, #2789, #1336 ),
 .UNSPECIFIED., .F., .F.,
 ( 4, 1, 1, 1, 1, 1, 1, 1, 1, 1, 1, 1, 1, 1, 1, 1, 4 ),
 ( 0.000000000000000000, 0.07978038261732485481, 0.1549966759828371732, 0.2260262074332097526, 0.2930463131284858358, 0.3574699384536035862, 0.4190577750378779442, 0.4785681621137724551, 0.5377311650149058098, 0.5959078447940504564, 0.6525497461507092645, 0.7088040383606813988, 0.7647012907638117696, 0.8211145403181796532, 0.8789431283378744686, 0.9382943128318724790, 1.000000000000000000 ),
 .UNSPECIFIED. ) ;
#1829 = CARTESIAN_POINT ( 'NONE',  ( 6.964705882352941302, -1.499999999999998668, 7.000000000000000888 ) ) ;
#1830 = CARTESIAN_POINT ( 'NONE',  ( 8.776838235294119883, -1.358823529411763875, 7.000000000000000888 ) ) ;
#1831 = CARTESIAN_POINT ( 'NONE',  ( 15.78823529411764426, -2.919485294117646568, 6.600000000000000533 ) ) ;
#1832 = CARTESIAN_POINT ( 'NONE',  ( 3.876470588235294112, -7.500000000000000000, 6.600000000000000533 ) ) ;
#1833 = CARTESIAN_POINT ( 'NONE',  ( 12.48334291620179215, -2.336878553981419859, 7.000000000000001776 ) ) ;
#1834 = CARTESIAN_POINT ( 'NONE',  ( 8.004531472140445914, -1.496286281582237310, 7.000000000000000000 ) ) ;
#1835 = VERTEX_POINT ( 'NONE', #1685 ) ;
#1836 = CARTESIAN_POINT ( 'NONE',  ( 10.91764705882352793, -7.500000000000000000, 6.600000000000000533 ) ) ;
#1837 = CARTESIAN_POINT ( 'NONE',  ( 15.64705882352940947, -7.500000000000000000, 6.600000000000000533 ) ) ;
#1838 = ORIENTED_EDGE ( 'NONE', *, *, #1080, .T. ) ;
#1839 = CARTESIAN_POINT ( 'NONE',  ( 10.50341792062623547, -2.445820818614690584, 6.599999999999997868 ) ) ;
#1840 = EDGE_CURVE ( 'NONE', #1779, #1091, #3074, .T. ) ;
#1841 = PLANE ( 'NONE',  #1468 ) ;
#1842 = FACE_OUTER_BOUND ( 'NONE', #1210, .T. ) ;
#1843 = CARTESIAN_POINT ( 'NONE',  ( 6.964705882352941302, -1.499999999999998668, 6.600000000000000533 ) ) ;
#1844 = DIRECTION ( 'NONE',  ( 1.000000000000000000, 0.000000000000000000, 0.000000000000000000 ) ) ;
#1845 = DIRECTION ( 'NONE',  ( 1.000000000000000000, -0.000000000000000000, 0.000000000000000000 ) ) ;
#1846 = EDGE_CURVE ( 'NONE', #1161, #1158, #433, .T. ) ;
#1847 = CARTESIAN_POINT ( 'NONE',  ( 6.170588235294117929, -7.500000000000000000, 7.000000000000000888 ) ) ;
#1848 = ORIENTED_EDGE ( 'NONE', *, *, #236, .F. ) ;
#1849 = FACE_OUTER_BOUND ( 'NONE', #2960, .T. ) ;
#1850 = CARTESIAN_POINT ( 'NONE',  ( 8.776838235294119883, -1.358823529411763875, 6.600000000000000533 ) ) ;
#1851 = VERTEX_POINT ( 'NONE', #3088 ) ;
#1852 = LINE ( 'NONE', #436, #624 ) ;
#1853 = ADVANCED_FACE ( 'NONE', ( #2362 ), #1393, .F. ) ;
#1854 = CARTESIAN_POINT ( 'NONE',  ( 8.776838235294119883, -1.358823529411763875, 7.000000000000000888 ) ) ;
#1855 = CARTESIAN_POINT ( 'NONE',  ( 9.155199033770443862, -2.935763653844529752, 6.600000000000000533 ) ) ;
#1856 = AXIS2_PLACEMENT_3D ( 'NONE', #862, #1810, #1898 ) ;
#1857 = CARTESIAN_POINT ( 'NONE',  ( 14.39411764705882213, -2.758455882352940591, 6.600000000000000533 ) ) ;
#1858 = CARTESIAN_POINT ( 'NONE',  ( 8.986905820451926985, -1.361988015459638435, 7.000000000000000888 ) ) ;
#1859 = EDGE_CURVE ( 'NONE', #1985, #1458, #1867, .T. ) ;
#1860 = ADVANCED_FACE ( 'NONE', ( #1195 ), #1637, .T. ) ;
#1861 = CARTESIAN_POINT ( 'NONE',  ( 10.56470588235294272, -2.919485294117646568, 6.600000000000000533 ) ) ;
#1862 = CARTESIAN_POINT ( 'NONE',  ( 8.776838235294119883, -1.358823529411763875, 6.600000000000000533 ) ) ;
#1863 = LINE ( 'NONE', #2047, #2275 ) ;
#1864 = LINE ( 'NONE', #444, #1901 ) ;
#1865 = CARTESIAN_POINT ( 'NONE',  ( 9.153999960495658783, -2.550352058953419210, 7.000000000000001776 ) ) ;
#1866 = ORIENTED_EDGE ( 'NONE', *, *, #413, .F. ) ;
#1867 = LINE ( 'NONE', #2833, #2011 ) ;
#1868 = LINE ( 'NONE', #1638, #654 ) ;
#1869 = B_SPLINE_CURVE_WITH_KNOTS ( 'NONE', 3,
 ( #93, #321, #552, #2718, #2003, #1045, #1506, #567, #1522, #775, #2472, #339, #2973, #1312, #2910, #1730, #759, #2784, #2535 ),
 .UNSPECIFIED., .F., .F.,
 ( 4, 1, 1, 1, 1, 1, 1, 1, 1, 1, 1, 1, 1, 1, 1, 1, 4 ),
 ( 0.000000000000000000, 0.08139563477395464486, 0.1540355650068307158, 0.2176072054905874853, 0.2722793937359643812, 0.3233038746443256395, 0.3759210310763163587, 0.4306915252434624919, 0.4886151326871888689, 0.5475014344304887093, 0.6056573898398996958, 0.6644397328713909090, 0.7245362256938467915, 0.7874448363049996180, 0.8538334618786097563, 0.9243087280376095505, 1.000000000000000000 ),
 .UNSPECIFIED. ) ;
#1870 = SPHERICAL_SURFACE ( 'NONE', #175, 1.000000000000000000 ) ;
#1871 = ORIENTED_EDGE ( 'NONE', *, *, #198, .T. ) ;
#1872 = CARTESIAN_POINT ( 'NONE',  ( 9.169520473943702399, -2.786055129638735028, 6.600000000000000533 ) ) ;
#1873 = CARTESIAN_POINT ( 'NONE',  ( 8.334965254312646010, -4.662523910439277941, 7.000000000000000888 ) ) ;
#1874 = VECTOR ( 'NONE', #2729, 1000.000000000000000 ) ;
#1875 = CARTESIAN_POINT ( 'NONE',  ( 9.170588235294118817, -2.758455882352940591, 6.600000000000000533 ) ) ;
#1876 = VECTOR ( 'NONE', #1691, 1000.000000000000000 ) ;
#1877 = CARTESIAN_POINT ( 'NONE',  ( 14.70572012384348071, -5.408203269472836361, 7.000000000000002665 ) ) ;
#1878 = CARTESIAN_POINT ( 'NONE',  ( 12.59020566516398354, -6.297360158885916270, 6.600000000000001421 ) ) ;
#1879 = DIRECTION ( 'NONE',  ( 0.000000000000000000, 0.000000000000000000, -1.000000000000000000 ) ) ;
#1880 = EDGE_CURVE ( 'NONE', #2692, #498, #33, .T. ) ;
#1881 = ORIENTED_EDGE ( 'NONE', *, *, #1859, .F. ) ;
#1882 = DIRECTION ( 'NONE',  ( 0.000000000000000000, 0.000000000000000000, -1.000000000000000000 ) ) ;
#1883 = FACE_OUTER_BOUND ( 'NONE', #512, .T. ) ;
#1884 = EDGE_CURVE ( 'NONE', #295, #906, #2958, .T. ) ;
#1885 = VERTEX_POINT ( 'NONE', #81 ) ;
#1886 = CARTESIAN_POINT ( 'NONE',  ( 9.170588235294118817, -2.758455882352940591, 7.000000000000000888 ) ) ;
#1887 = LINE ( 'NONE', #2090, #1816 ) ;
#1888 = CARTESIAN_POINT ( 'NONE',  ( 0.000000000000000000, 169.0000000000000000, -13.00000000000000178 ) ) ;
#1889 = DIRECTION ( 'NONE',  ( 0.000000000000000000, -1.000000000000000000, 0.000000000000000000 ) ) ;
#1890 = DIRECTION ( 'NONE',  ( -0.000000000000000000, -1.000000000000000000, -0.000000000000000000 ) ) ;
#1891 = VECTOR ( 'NONE', #441, 1000.000000000000000 ) ;
#1892 = CARTESIAN_POINT ( 'NONE',  ( 10.56369876809177910, -2.864253073835259400, 7.000000000000000888 ) ) ;
#1893 = CARTESIAN_POINT ( 'NONE',  ( 14.02022058823529349, -6.441176470588234615, 6.600000000000000533 ) ) ;
#1894 = CARTESIAN_POINT ( 'NONE',  ( 14.24126915758562539, -3.376655405364093365, 6.600000000000000533 ) ) ;
#1895 = FACE_OUTER_BOUND ( 'NONE', #1215, .T. ) ;
#1896 = CARTESIAN_POINT ( 'NONE',  ( 8.989013188388481623, -2.302902050922903676, 6.600000000000001421 ) ) ;
#1897 = PLANE ( 'NONE',  #458 ) ;
#1898 = DIRECTION ( 'NONE',  ( 1.000000000000000000, 0.000000000000000000, 8.661281736826567766E-12 ) ) ;
#1899 = ORIENTED_EDGE ( 'NONE', *, *, #2673, .T. ) ;
#1900 = CARTESIAN_POINT ( 'NONE',  ( 27.09999999999999787, 169.0000000000000000, 0.000000000000000000 ) ) ;
#1901 = VECTOR ( 'NONE', #240, 1000.000000000000000 ) ;
#1902 = CARTESIAN_POINT ( 'NONE',  ( 7.252638763675530065, -6.485701164710222955, 6.600000000000001421 ) ) ;
#1903 = DIRECTION ( 'NONE',  ( 0.000000000000000000, -0.000000000000000000, -1.000000000000000000 ) ) ;
#1904 = CARTESIAN_POINT ( 'NONE',  ( 14.21254260015318671, -2.302902050922903676, 7.000000000000001776 ) ) ;
#1905 = EDGE_CURVE ( 'NONE', #696, #1003, #2268, .T. ) ;
#1906 = CARTESIAN_POINT ( 'NONE',  ( 14.17188829442367215, -6.217779807356179411, 6.599999999999999645 ) ) ;
#1907 = CARTESIAN_POINT ( 'NONE',  ( 15.78823529411764426, -2.919485294117646568, 6.600000000000000533 ) ) ;
#1908 = EDGE_CURVE ( 'NONE', #1511, #2879, #1960, .T. ) ;
#1909 = FACE_OUTER_BOUND ( 'NONE', #530, .T. ) ;
#1910 = AXIS2_PLACEMENT_3D ( 'NONE', #2849, #1423, #1600 ) ;
#1911 = CARTESIAN_POINT ( 'NONE',  ( 15.64705882352940947, -7.500000000000000000, 6.600000000000000533 ) ) ;
#1912 = EDGE_LOOP ( 'NONE', ( #3087, #1545, #1576, #1748 ) ) ;
#1913 = CARTESIAN_POINT ( 'NONE',  ( 15.00000000000000178, 169.0000000000000000, 0.000000000000000000 ) ) ;
#1914 = CARTESIAN_POINT ( 'NONE',  ( 8.300710383485771615, -4.721355677282271124, 6.600000000000000533 ) ) ;
#1915 = ORIENTED_EDGE ( 'NONE', *, *, #2403, .F. ) ;
#1916 = DIRECTION ( 'NONE',  ( 0.000000000000000000, -1.000000000000000000, 0.000000000000000000 ) ) ;
#1917 = DIRECTION ( 'NONE',  ( -1.000000000000000000, 0.000000000000000000, -0.000000000000000000 ) ) ;
#1918 = ORIENTED_EDGE ( 'NONE', *, *, #3007, .F. ) ;
#1919 = LINE ( 'NONE', #697, #974 ) ;
#1920 = CARTESIAN_POINT ( 'NONE',  ( 5.238602941176470296, -2.596323529411763698, 6.599999999999999645 ) ) ;
#1921 = DIRECTION ( 'NONE',  ( 0.000000000000000000, -1.000000000000000000, 0.000000000000000000 ) ) ;
#1922 = VECTOR ( 'NONE', #184, 1000.000000000000000 ) ;
#1923 = CARTESIAN_POINT ( 'NONE',  ( 9.017739745820923858, -3.376655405364093365, 7.000000000000000888 ) ) ;
#1924 = APPLICATION_PROTOCOL_DEFINITION ( 'draft international standard', 'automotive_design', 1998, #700 ) ;
#1925 = CARTESIAN_POINT ( 'NONE',  ( 14.92424525736595520, -5.062624897365417098, 7.000000000000002665 ) ) ;
#1926 = CARTESIAN_POINT ( 'NONE',  ( 13.83803676418589390, -4.174936232754474119, 7.000000000000000888 ) ) ;
#1927 = LINE ( 'NONE', #1172, #2768 ) ;
#1928 = ORIENTED_EDGE ( 'NONE', *, *, #2265, .F. ) ;
#1929 = CARTESIAN_POINT ( 'NONE',  ( 2.941176470588235059, -1.499999999999998668, 7.000000000000000888 ) ) ;
#1930 = CARTESIAN_POINT ( 'NONE',  ( 15.44288498886453098, -1.913218041690127436, 6.600000000000003197 ) ) ;
#1931 = ORIENTED_EDGE ( 'NONE', *, *, #3071, .F. ) ;
#1932 = CARTESIAN_POINT ( 'NONE',  ( 8.919554378218743196, -2.280629554911806078, 7.000000000000000888 ) ) ;
#1933 = EDGE_LOOP ( 'NONE', ( #1794, #1563, #2192, #2131, #1, #1699, #97, #2446, #1767, #569, #1397 ) ) ;
#1934 = DIRECTION ( 'NONE',  ( -1.000000000000000000, 0.000000000000000000, 0.000000000000000000 ) ) ;
#1935 = CARTESIAN_POINT ( 'NONE',  ( 10.31793934184496209, -3.986255849943769025, 6.999999999999999112 ) ) ;
#1936 = CARTESIAN_POINT ( 'NONE',  ( 15.64705882352940947, -6.441176470588234615, 6.600000000000000533 ) ) ;
#1937 = EDGE_CURVE ( 'NONE', #1602, #1456, #1031, .T. ) ;
#1938 = DIRECTION ( 'NONE',  ( -1.000000000000000000, 0.000000000000000000, -0.000000000000000000 ) ) ;
#1939 = CARTESIAN_POINT ( 'NONE',  ( 9.167262416095313782, -2.844420884232613744, 6.599999999999999645 ) ) ;
#1940 = CARTESIAN_POINT ( 'NONE',  ( 10.31188327222576184, -2.035379566318810785, 6.600000000000000533 ) ) ;
#1941 = CARTESIAN_POINT ( 'NONE',  ( 13.06051666066399264, -5.511966128881381266, 6.600000000000000533 ) ) ;
#1942 = DIRECTION ( 'NONE',  ( 0.000000000000000000, 1.000000000000000000, 0.000000000000000000 ) ) ;
#1943 = EDGE_LOOP ( 'NONE', ( #2954, #1881, #1471, #1056 ) ) ;
#1944 = CARTESIAN_POINT ( 'NONE',  ( 10.42044785734323753, -3.725594365504438343, 7.000000000000000000 ) ) ;
#1945 = ADVANCED_FACE ( 'NONE', ( #2204, #2913, #555, #2656, #291 ), #1975, .F. ) ;
#1946 = EDGE_LOOP ( 'NONE', ( #680, #2606, #1826, #909 ) ) ;
#1947 = CARTESIAN_POINT ( 'NONE',  ( 8.870018489250034222, -2.277898549626389268, 7.000000000000000000 ) ) ;
#1948 = EDGE_CURVE ( 'NONE', #991, #2862, #2189, .T. ) ;
#1949 = ORIENTED_EDGE ( 'NONE', *, *, #975, .F. ) ;
#1950 = CARTESIAN_POINT ( 'NONE',  ( 1.000000000000000000, 0.000000000000000000, 7.000000000000000888 ) ) ;
#1951 = CARTESIAN_POINT ( 'NONE',  ( 9.358643000605736617, -5.594126133692548741, 6.599999999999998757 ) ) ;
#1952 = CARTESIAN_POINT ( 'NONE',  ( 5.103606957474752903, -4.068375881436323560, 6.600000000000001421 ) ) ;
#1953 = EDGE_CURVE ( 'NONE', #863, #1013, #273, .T. ) ;
#1954 = CARTESIAN_POINT ( 'NONE',  ( 14.31703536343084160, -2.397052198627206643, 6.600000000000002309 ) ) ;
#1955 = VECTOR ( 'NONE', #952, 1000.000000000000000 ) ;
#1956 = CARTESIAN_POINT ( 'NONE',  ( 7.366676253399278451, -6.297360158885915382, 6.600000000000000533 ) ) ;
#1957 = ORIENTED_EDGE ( 'NONE', *, *, #1297, .F. ) ;
#1958 = VECTOR ( 'NONE', #848, 1000.000000000000000 ) ;
#1959 = ORIENTED_EDGE ( 'NONE', *, *, #2467, .T. ) ;
#1960 = LINE ( 'NONE', #1929, #2167 ) ;
#1961 = VECTOR ( 'NONE', #682, 1000.000000000000000 ) ;
#1962 = EDGE_LOOP ( 'NONE', ( #644, #1782, #1720, #2399 ) ) ;
#1963 = VERTEX_POINT ( 'NONE', #508 ) ;
#1964 = CARTESIAN_POINT ( 'NONE',  ( 10.31793934184496209, -3.986255849943769025, 6.599999999999997868 ) ) ;
#1965 = CARTESIAN_POINT ( 'NONE',  ( 14.06764705882352828, -2.276470588235293135, 7.000000000000000888 ) ) ;
#1966 = CARTESIAN_POINT ( 'NONE',  ( 4.952941176470588402, -5.761764705882352899, 7.000000000000000888 ) ) ;
#1967 = CARTESIAN_POINT ( 'NONE',  ( 0.000000000000000000, 0.000000000000000000, -14.00000000000000000 ) ) ;
#1968 = CARTESIAN_POINT ( 'NONE',  ( 7.974313541712940712, -5.277969311062510549, 7.000000000000001776 ) ) ;
#1969 = EDGE_LOOP ( 'NONE', ( #2739, #3029, #2626, #1838 ) ) ;
#1970 = DIRECTION ( 'NONE',  ( 0.000000000000000000, -0.000000000000000000, 1.000000000000000000 ) ) ;
#1971 = EDGE_CURVE ( 'NONE', #82, #828, #761, .T. ) ;
#1972 = CIRCLE ( 'NONE', #1627, 1.000000000000000888 ) ;
#1973 = CARTESIAN_POINT ( 'NONE',  ( 14.39079182786001709, -2.844420884232613744, 6.599999999999999645 ) ) ;
#1974 = ORIENTED_EDGE ( 'NONE', *, *, #2503, .F. ) ;
#1975 = PLANE ( 'NONE',  #2471 ) ;
#1976 = ORIENTED_EDGE ( 'NONE', *, *, #894, .T. ) ;
#1977 = CARTESIAN_POINT ( 'NONE',  ( 14.27117466048714434, -2.341687678967129038, 6.999999999999999112 ) ) ;
#1978 = ORIENTED_EDGE ( 'NONE', *, *, #2844, .F. ) ;
#1979 = LINE ( 'NONE', #84, #2059 ) ;
#1980 = DIRECTION ( 'NONE',  ( 0.000000000000000000, -0.000000000000000000, 1.000000000000000000 ) ) ;
#1981 = EDGE_CURVE ( 'NONE', #278, #2556, #825, .T. ) ;
#1982 = CARTESIAN_POINT ( 'NONE',  ( 13.86371282346321188, -2.347643873891812394, 7.000000000000000888 ) ) ;
#1983 = CARTESIAN_POINT ( 'NONE',  ( 4.674479222916055221, -2.684539067483885155, 6.599999999999999645 ) ) ;
#1984 = CARTESIAN_POINT ( 'NONE',  ( 9.103649125318623803, -3.140805843584632662, 6.600000000000000533 ) ) ;
#1985 = VERTEX_POINT ( 'NONE', #2124 ) ;
#1986 = CARTESIAN_POINT ( 'NONE',  ( 13.74659678024906917, -2.747392666266005534, 6.600000000000000533 ) ) ;
#1987 = CARTESIAN_POINT ( 'NONE',  ( -1.592040838891559293E-15, 169.0000000000000000, -13.00000000000000178 ) ) ;
#1988 = LINE ( 'NONE', #826, #1292 ) ;
#1989 = EDGE_LOOP ( 'NONE', ( #356, #2444, #559, #1112, #1746, #2865, #728, #209 ) ) ;
#1990 = CARTESIAN_POINT ( 'NONE',  ( 10.56470588235294272, -2.919485294117646568, 7.000000000000000888 ) ) ;
#1991 = ADVANCED_FACE ( 'NONE', ( #623 ), #2307, .F. ) ;
#1992 = ORIENTED_EDGE ( 'NONE', *, *, #1846, .F. ) ;
#1993 = CARTESIAN_POINT ( 'NONE',  ( 13.58550975913559178, -1.389842632940669453, 6.600000000000001421 ) ) ;
#1994 = VECTOR ( 'NONE', #2782, 1000.000000000000000 ) ;
#1995 = EDGE_CURVE ( 'NONE', #1158, #2506, #188, .T. ) ;
#1996 = ORIENTED_EDGE ( 'NONE', *, *, #1224, .T. ) ;
#1997 = DIRECTION ( 'NONE',  ( 1.000000000000000000, 0.000000000000000000, 0.000000000000000000 ) ) ;
#1998 = CARTESIAN_POINT ( 'NONE',  ( 10.04910614860029838, -4.495243318586074288, 6.600000000000001421 ) ) ;
#1999 = CARTESIAN_POINT ( 'NONE',  ( 4.911513713425815553, -5.295577847210843458, 7.000000000000000000 ) ) ;
#2000 = CARTESIAN_POINT ( 'NONE',  ( 30.00000000000000000, 169.0000000000000000, -4.000000000000000000 ) ) ;
#2001 = VECTOR ( 'NONE', #308, 1000.000000000000000 ) ;
#2002 = EDGE_CURVE ( 'NONE', #301, #2692, #929, .T. ) ;
#2003 = CARTESIAN_POINT ( 'NONE',  ( 12.42640757983108557, -2.645489834037156207, 7.000000000000000000 ) ) ;
#2004 = ORIENTED_EDGE ( 'NONE', *, *, #2750, .T. ) ;
#2005 = VECTOR ( 'NONE', #925, 1000.000000000000000 ) ;
#2006 = ORIENTED_EDGE ( 'NONE', *, *, #1728, .F. ) ;
#2007 = CARTESIAN_POINT ( 'NONE',  ( 14.41167819237813319, -1.383702607623102265, 6.999999999999998224 ) ) ;
#2008 = DIRECTION ( 'NONE',  ( 1.000000000000000000, -0.000000000000000000, 0.000000000000000000 ) ) ;
#2009 = ORIENTED_EDGE ( 'NONE', *, *, #2730, .F. ) ;
#2010 = CARTESIAN_POINT ( 'NONE',  ( 15.76187910815784043, -2.597230362318973196, 7.000000000000000888 ) ) ;
#2011 = VECTOR ( 'NONE', #227, 1000.000000000000000 ) ;
#2012 = CARTESIAN_POINT ( 'NONE',  ( 8.549118751497974955, -2.542093370188200918, 7.000000000000000000 ) ) ;
#2013 = CARTESIAN_POINT ( 'NONE',  ( 0.000000000000000000, 0.000000000000000000, 7.000000000000000888 ) ) ;
#2014 = DIRECTION ( 'NONE',  ( -0.1540222675599416391, 0.9880673767996257517, 0.000000000000000000 ) ) ;
#2015 = PLANE ( 'NONE',  #2669 ) ;
#2016 = AXIS2_PLACEMENT_3D ( 'NONE', #939, #1670, #2377 ) ;
#2017 = CARTESIAN_POINT ( 'NONE',  ( 15.75292485663732833, -3.314245222160256965, 7.000000000000002665 ) ) ;
#2018 = DIRECTION ( 'NONE',  ( 0.000000000000000000, 0.000000000000000000, -1.000000000000000000 ) ) ;
#2019 = VERTEX_POINT ( 'NONE', #915 ) ;
#2020 = DIRECTION ( 'NONE',  ( 0.01922721423134313504, 0.9998151400298467273, 0.000000000000000000 ) ) ;
#2021 = CARTESIAN_POINT ( 'NONE',  ( 14.39083917437210225, -2.649579060163613775, 7.000000000000000000 ) ) ;
#2022 = CARTESIAN_POINT ( 'NONE',  ( 8.517647058823531125, -3.476470588235293757, 6.600000000000000533 ) ) ;
#2023 = ORIENTED_EDGE ( 'NONE', *, *, #1971, .T. ) ;
#2024 = CARTESIAN_POINT ( 'NONE',  ( 14.77444033693254610, -1.465658736832566200, 7.000000000000002665 ) ) ;
#2025 = DIRECTION ( 'NONE',  ( 0.09315453181102842373, 0.9956516625823853550, 0.000000000000000000 ) ) ;
#2026 = CARTESIAN_POINT ( 'NONE',  ( 14.04170253219049336, -2.277716052005691161, 6.600000000000001421 ) ) ;
#2027 = CARTESIAN_POINT ( 'NONE',  ( 4.911513713425815553, -5.295577847210843458, 6.599999999999999645 ) ) ;
#2028 = CARTESIAN_POINT ( 'NONE',  ( 27.09999999999999787, 169.0000000000000000, 0.000000000000000000 ) ) ;
#2029 = EDGE_CURVE ( 'NONE', #725, #278, #589, .T. ) ;
#2030 = EDGE_CURVE ( 'NONE', #1539, #846, #454, .T. ) ;
#2031 = CARTESIAN_POINT ( 'NONE',  ( 15.68890614556065621, -3.586725183556102259, 6.600000000000004086 ) ) ;
#2032 = DIRECTION ( 'NONE',  ( 0.000000000000000000, -1.000000000000000000, 0.000000000000000000 ) ) ;
#2033 = B_SPLINE_SURFACE_WITH_KNOTS ( 'NONE', 3, 1, ( 
 ( #1831, #2519 ),
 ( #425, #1613 ),
 ( #1090, #162 ),
 ( #1597, #1344 ),
 ( #119, #2017 ),
 ( #1119, #655 ),
 ( #2031, #3006 ),
 ( #148, #1819 ),
 ( #1583, #2063 ),
 ( #640, #2549 ),
 ( #174, #1139 ),
 ( #2079, #901 ),
 ( #238, #1448 ),
 ( #252, #918 ),
 ( #1154, #1420 ),
 ( #2846, #687 ),
 ( #1678, #2095 ),
 ( #2324, #931 ),
 ( #3067, #1925 ),
 ( #474, #204 ),
 ( #1188, #1877 ),
 ( #457, #1205 ),
 ( #1434, #1646 ),
 ( #2143, #2111 ),
 ( #1906, #2372 ),
 ( #2600, #2828 ),
 ( #1893, #7 ) ),
 .UNSPECIFIED., .F., .F., .F.,
 ( 4, 1, 1, 1, 1, 1, 1, 1, 1, 1, 1, 1, 1, 1, 1, 1, 1, 1, 1, 1, 1, 1, 1, 1, 4 ),
 ( 2, 2 ),
 ( 0.000000000000000000, 0.03233836612938372629, 0.06535045975697141574, 0.09914269457500862748, 0.1335436458252357017, 0.1692560224231898780, 0.2055102093036293431, 0.2431765376944867163, 0.2819144820702519927, 0.3032919227675339169, 0.3273814436838706210, 0.3549399424438569040, 0.3856069936089843164, 0.4192532667432052329, 0.4561582912936343881, 0.4961894850518845379, 0.5395856280371508218, 0.5860259654031484411, 0.6356868246814194601, 0.6884831127618969981, 0.7443358704240018442, 0.8034075275879936084, 0.8657711897571781501, 0.9313529862909942780, 1.000000000000000000 ),
 ( 0.000000000000000000, 1.000000000000000000 ),
 .UNSPECIFIED. ) ;
#2034 = LINE ( 'NONE', #138, #2141 ) ;
#2035 = FACE_OUTER_BOUND ( 'NONE', #1969, .T. ) ;
#2036 = CARTESIAN_POINT ( 'NONE',  ( 7.223825659441352798, -2.484588863844385376, 7.000000000000000000 ) ) ;
#2037 = EDGE_LOOP ( 'NONE', ( #1871, #2225, #647, #827 ) ) ;
#2038 = CARTESIAN_POINT ( 'NONE',  ( 15.61383962476155673, -2.164680255633829375, 6.999999999999999112 ) ) ;
#2039 = LINE ( 'NONE', #3014, #1958 ) ;
#2040 = EDGE_CURVE ( 'NONE', #1985, #2048, #282, .T. ) ;
#2041 = ORIENTED_EDGE ( 'NONE', *, *, #1536, .F. ) ;
#2042 = LINE ( 'NONE', #3059, #2937 ) ;
#2043 = DIRECTION ( 'NONE',  ( -0.000000000000000000, -0.000000000000000000, 1.000000000000000000 ) ) ;
#2044 = ADVANCED_FACE ( 'NONE', ( #2140 ), #1676, .T. ) ;
#2045 = CARTESIAN_POINT ( 'NONE',  ( 8.361980347370890243, -1.389842632940669453, 6.600000000000001421 ) ) ;
#2046 = AXIS2_PLACEMENT_3D ( 'NONE', #1760, #1942, #1970 ) ;
#2047 = CARTESIAN_POINT ( 'NONE',  ( 12.39999999999999858, -7.500000000000000000, 7.000000000000000888 ) ) ;
#2048 = VERTEX_POINT ( 'NONE', #5 ) ;
#2049 = CARTESIAN_POINT ( 'NONE',  ( 15.64397726910794439, -3.725594365504438787, 6.999999999999999112 ) ) ;
#2050 = DIRECTION ( 'NONE',  ( 0.000000000000000000, 1.000000000000000000, 0.000000000000000000 ) ) ;
#2051 = VERTEX_POINT ( 'NONE', #266 ) ;
#2052 = CARTESIAN_POINT ( 'NONE',  ( 7.387094340460072850, -2.053921815687308250, 7.000000000000001776 ) ) ;
#2053 = DIRECTION ( 'NONE',  ( 0.000000000000000000, 1.000000000000000000, 0.000000000000000000 ) ) ;
#2054 = B_SPLINE_CURVE_WITH_KNOTS ( 'NONE', 3,
 ( #802, #820, #1754, #2710, #2465, #329, #575, #346, #417, #156, #2777 ),
 .UNSPECIFIED., .F., .F.,
 ( 4, 1, 1, 1, 1, 1, 1, 1, 4 ),
 ( 0.000000000000000000, 0.1407521535060345663, 0.2773256867772103673, 0.4089987030839292159, 0.5365237558145051766, 0.6591790083098872932, 0.7773101083674658351, 0.8909170920724854836, 1.000000000000000000 ),
 .UNSPECIFIED. ) ;
#2055 = B_SPLINE_CURVE_WITH_KNOTS ( 'NONE', 3,
 ( #2610, #2866, #465, #2365, #1230, #2398, #261, #2135, #712, #1673, #1795, #542, #2931, #1049, #1033, #1993, #2997, #2724, #2224 ),
 .UNSPECIFIED., .F., .F.,
 ( 4, 1, 1, 1, 1, 1, 1, 1, 1, 1, 1, 1, 1, 1, 1, 1, 4 ),
 ( 0.000000000000000000, 0.08139563477395464486, 0.1540355650068307158, 0.2176072054905874853, 0.2722793937359643812, 0.3233038746443256395, 0.3759210310763163587, 0.4306915252434624919, 0.4886151326871888689, 0.5475014344304887093, 0.6056573898398996958, 0.6644397328713909090, 0.7245362256938467915, 0.7874448363049996180, 0.8538334618786097563, 0.9243087280376095505, 1.000000000000000000 ),
 .UNSPECIFIED. ) ;
#2056 = ORIENTED_EDGE ( 'NONE', *, *, #1884, .F. ) ;
#2057 = CARTESIAN_POINT ( 'NONE',  ( 13.86371282346321188, -2.347643873891812394, 7.000000000000000888 ) ) ;
#2058 = DIRECTION ( 'NONE',  ( 0.000000000000000000, -0.000000000000000000, -1.000000000000000000 ) ) ;
#2059 = VECTOR ( 'NONE', #1007, 1000.000000000000114 ) ;
#2060 = CARTESIAN_POINT ( 'NONE',  ( 9.170588235294118817, -2.758455882352940591, 7.000000000000000888 ) ) ;
#2061 = VECTOR ( 'NONE', #3048, 1000.000000000000000 ) ;
#2062 = PRODUCT ( 'Bladder_Mold_Bottom', 'Bladder_Mold_Bottom', '', ( #719 ) ) ;
#2063 = CARTESIAN_POINT ( 'NONE',  ( 15.59270181067233452, -3.866545773319259194, 7.000000000000004441 ) ) ;
#2064 = CARTESIAN_POINT ( 'NONE',  ( 14.58217241237043815, -5.594126133692548741, 6.599999999999998757 ) ) ;
#2065 = EDGE_CURVE ( 'NONE', #1076, #2175, #2616, .T. ) ;
#2066 = CARTESIAN_POINT ( 'NONE',  ( 15.76187910815784043, -2.597230362318973196, 6.600000000000000533 ) ) ;
#2067 = EDGE_CURVE ( 'NONE', #1269, #1529, #1705, .T. ) ;
#2068 = CARTESIAN_POINT ( 'NONE',  ( 14.08157500178874955, -3.722223187858454185, 7.000000000000001776 ) ) ;
#2069 = ORIENTED_EDGE ( 'NONE', *, *, #2730, .T. ) ;
#2070 = CARTESIAN_POINT ( 'NONE',  ( 7.177005214800121990, -3.183443128691500146, 7.000000000000001776 ) ) ;
#2071 = CARTESIAN_POINT ( 'NONE',  ( 8.523067368484364081, -2.747392666266005534, 7.000000000000000888 ) ) ;
#2072 = VECTOR ( 'NONE', #376, 1000.000000000000227 ) ;
#2073 = ORIENTED_EDGE ( 'NONE', *, *, #2754, .F. ) ;
#2074 = LINE ( 'NONE', #2320, #671 ) ;
#2075 = DIRECTION ( 'NONE',  ( -0.000000000000000000, -0.000000000000000000, -1.000000000000000000 ) ) ;
#2076 = EDGE_CURVE ( 'NONE', #1003, #109, #2125, .T. ) ;
#2077 = CARTESIAN_POINT ( 'NONE',  ( 14.06764705882352828, -2.276470588235293135, 6.600000000000000533 ) ) ;
#2078 = CARTESIAN_POINT ( 'NONE',  ( 10.56172296800822785, -2.755896127997814027, 6.999999999999999112 ) ) ;
#2079 = CARTESIAN_POINT ( 'NONE',  ( 15.45018288959075115, -4.174562649691596405, 6.600000000000001421 ) ) ;
#2080 = LINE ( 'NONE', #2829, #936 ) ;
#2081 = CARTESIAN_POINT ( 'NONE',  ( 15.78823529411764426, -2.919485294117646568, 7.000000000000000888 ) ) ;
#2082 = CARTESIAN_POINT ( 'NONE',  ( 9.047645248722442801, -2.341687678967129038, 6.599999999999998757 ) ) ;
#2083 = ORIENTED_EDGE ( 'NONE', *, *, #2839, .T. ) ;
#2084 = DIRECTION ( 'NONE',  ( 0.01922721423134313504, 0.9998151400298467273, 0.000000000000000000 ) ) ;
#2085 = EDGE_CURVE ( 'NONE', #1335, #1269, #473, .T. ) ;
#2086 = DIRECTION ( 'NONE',  ( 0.000000000000000000, 1.000000000000000000, 0.000000000000000000 ) ) ;
#2087 = EDGE_LOOP ( 'NONE', ( #1642, #2198, #691, #818 ) ) ;
#2088 = CARTESIAN_POINT ( 'NONE',  ( 1.000000000000000000, -9.000000000000001776, -13.00000000000000178 ) ) ;
#2089 = EDGE_CURVE ( 'NONE', #2560, #2103, #1339, .T. ) ;
#2090 = CARTESIAN_POINT ( 'NONE',  ( 1.000000000000000000, -10.00000000000000000, 7.000000000000000888 ) ) ;
#2091 = AXIS2_PLACEMENT_3D ( 'NONE', #2094, #3066, #669 ) ;
#2092 = CARTESIAN_POINT ( 'NONE',  ( 14.39079182786001709, -2.844420884232613744, 7.000000000000000000 ) ) ;
#2093 = CARTESIAN_POINT ( 'NONE',  ( 8.754377081398789784, -3.920400198462843377, 7.000000000000001776 ) ) ;
#2094 = CARTESIAN_POINT ( 'NONE',  ( 1.000000000000000000, 169.0000000000000000, -13.00000000000000178 ) ) ;
#2095 = CARTESIAN_POINT ( 'NONE',  ( 15.11420549885122711, -4.758595881124172422, 7.000000000000000888 ) ) ;
#2096 = LINE ( 'NONE', #205, #1192 ) ;
#2097 = VECTOR ( 'NONE', #1510, 1000.000000000000000 ) ;
#2098 = CARTESIAN_POINT ( 'NONE',  ( 15.21747050908528820, -1.694732403274157528, 7.000000000000002665 ) ) ;
#2099 = FACE_OUTER_BOUND ( 'NONE', #1618, .T. ) ;
#2100 = ORIENTED_EDGE ( 'NONE', *, *, #1953, .F. ) ;
#2101 = CARTESIAN_POINT ( 'NONE',  ( 0.000000000000000000, 0.000000000000000000, 6.600000000000000533 ) ) ;
#2102 = DIRECTION ( 'NONE',  ( -0.000000000000000000, -0.000000000000000000, 1.000000000000000000 ) ) ;
#2103 = VERTEX_POINT ( 'NONE', #1724 ) ;
#2104 = CARTESIAN_POINT ( 'NONE',  ( 28.99999999999999645, -9.000000000000001776, -13.00000000000000178 ) ) ;
#2105 = ORIENTED_EDGE ( 'NONE', *, *, #1136, .F. ) ;
#2106 = DIRECTION ( 'NONE',  ( -1.000000000000000000, 0.000000000000000000, 0.000000000000000000 ) ) ;
#2107 = CARTESIAN_POINT ( 'NONE',  ( 9.155199033770443862, -2.935763653844529752, 7.000000000000000888 ) ) ;
#2108 = AXIS2_PLACEMENT_3D ( 'NONE', #2562, #2243, #2058 ) ;
#2109 = ADVANCED_FACE ( 'NONE', ( #2421 ), #1152, .T. ) ;
#2110 = DIRECTION ( 'NONE',  ( 0.000000000000000000, 0.000000000000000000, -1.000000000000000000 ) ) ;
#2111 = CARTESIAN_POINT ( 'NONE',  ( 14.31521652651139931, -5.998872006215072439, 7.000000000000000000 ) ) ;
#2112 = CARTESIAN_POINT ( 'NONE',  ( 12.47616817544023426, -6.485701164710222066, 7.000000000000001776 ) ) ;
#2113 = ADVANCED_FACE ( 'NONE', ( #1488 ), #1202, .T. ) ;
#2114 = CARTESIAN_POINT ( 'NONE',  ( 0.000000000000000000, -9.000000000000001776, -13.00000000000000178 ) ) ;
#2115 = CARTESIAN_POINT ( 'NONE',  ( 8.175844516715327970, -1.435339545018472718, 6.599999999999999645 ) ) ;
#2116 = ORIENTED_EDGE ( 'NONE', *, *, #2882, .T. ) ;
#2117 = CARTESIAN_POINT ( 'NONE',  ( 8.776838235294119883, -1.358823529411763875, 7.000000000000000888 ) ) ;
#2118 = LINE ( 'NONE', #3075, #262 ) ;
#2119 = ORIENTED_EDGE ( 'NONE', *, *, #1817, .T. ) ;
#2120 = CARTESIAN_POINT ( 'NONE',  ( 6.170588235294117929, -7.500000000000000000, 6.600000000000000533 ) ) ;
#2121 = CARTESIAN_POINT ( 'NONE',  ( 7.176470588235295267, -3.476470588235293757, 6.600000000000000533 ) ) ;
#2122 = ORIENTED_EDGE ( 'NONE', *, *, #413, .T. ) ;
#2123 = CARTESIAN_POINT ( 'NONE',  ( 30.00000000000000000, 0.000000000000000000, 2.999999999999987121 ) ) ;
#2124 = CARTESIAN_POINT ( 'NONE',  ( 10.91764705882352793, -6.299999999999999822, 6.600000000000000533 ) ) ;
#2125 = CIRCLE ( 'NONE', #1239, 9.350000000000001421 ) ;
#2126 = CARTESIAN_POINT ( 'NONE',  ( 8.818173120425788269, -2.277716052005691161, 7.000000000000002665 ) ) ;
#2127 = CARTESIAN_POINT ( 'NONE',  ( 9.376198347905777553, -1.416828137547501365, 6.599999999999998757 ) ) ;
#2128 = CARTESIAN_POINT ( 'NONE',  ( 14.13276192937663467, -3.620588089578936408, 6.600000000000000533 ) ) ;
#2129 = LINE ( 'NONE', #2654, #1955 ) ;
#2130 = CARTESIAN_POINT ( 'NONE',  ( 8.776838235294119883, -1.358823529411763875, 6.600000000000000533 ) ) ;
#2131 = ORIENTED_EDGE ( 'NONE', *, *, #1297, .T. ) ;
#2132 = CARTESIAN_POINT ( 'NONE',  ( 12.39999999999999858, -7.500000000000000000, 6.600000000000000533 ) ) ;
#2133 = CARTESIAN_POINT ( 'NONE',  ( 13.74117647058823444, -2.921691176470587958, 6.600000000000000533 ) ) ;
#2134 = EDGE_LOOP ( 'NONE', ( #2691, #257, #2760, #1498 ) ) ;
#2135 = CARTESIAN_POINT ( 'NONE',  ( 12.53857772515762470, -2.195216710144686445, 6.600000000000000533 ) ) ;
#2136 = CARTESIAN_POINT ( 'NONE',  ( 30.00000000000000000, 169.0000000000000000, 6.000000000000001776 ) ) ;
#2137 = ORIENTED_EDGE ( 'NONE', *, *, #524, .F. ) ;
#2138 = CARTESIAN_POINT ( 'NONE',  ( 7.836987248899290215, -5.511966128881380378, 6.599999999999999645 ) ) ;
#2139 = EDGE_CURVE ( 'NONE', #2288, #1178, #299, .T. ) ;
#2140 = FACE_OUTER_BOUND ( 'NONE', #1912, .T. ) ;
#2141 = VECTOR ( 'NONE', #613, 1000.000000000000000 ) ;
#2142 = EDGE_CURVE ( 'NONE', #1529, #1885, #22, .T. ) ;
#2143 = CARTESIAN_POINT ( 'NONE',  ( 14.31521652651139931, -5.998872006215072439, 6.599999999999998757 ) ) ;
#2144 = CARTESIAN_POINT ( 'NONE',  ( 14.18626060160053193, -3.506234959614521696, 6.600000000000000533 ) ) ;
#2145 = CARTESIAN_POINT ( 'NONE',  ( 10.42352941176470615, -7.500000000000000000, 6.600000000000000533 ) ) ;
#2146 = FACE_OUTER_BOUND ( 'NONE', #2509, .T. ) ;
#2147 = ORIENTED_EDGE ( 'NONE', *, *, #2170, .T. ) ;
#2148 = DIRECTION ( 'NONE',  ( 0.01922721423134408220, 0.9998151400298467273, 0.000000000000000000 ) ) ;
#2149 = DIRECTION ( 'NONE',  ( -0.000000000000000000, 0.000000000000000000, 1.000000000000000000 ) ) ;
#2150 = ORIENTED_EDGE ( 'NONE', *, *, #1277, .F. ) ;
#2151 = CARTESIAN_POINT ( 'NONE',  ( 8.844117647058824971, -2.276470588235293135, 6.600000000000000533 ) ) ;
#2152 = CARTESIAN_POINT ( 'NONE',  ( 7.532400080278295107, -6.021203638637409483, 6.599999999999997868 ) ) ;
#2153 = CARTESIAN_POINT ( 'NONE',  ( 5.227925755732598212, -2.711395634496873264, 6.599999999999999645 ) ) ;
#2154 = DIRECTION ( 'NONE',  ( 0.000000000000000000, -1.000000000000000000, 0.000000000000000000 ) ) ;
#2155 = CARTESIAN_POINT ( 'NONE',  ( 8.640183411698510341, -2.347643873891812394, 7.000000000000001776 ) ) ;
#2156 = LINE ( 'NONE', #1907, #1244 ) ;
#2157 = DIRECTION ( 'NONE',  ( 0.000000000000000000, -1.000000000000000000, 0.000000000000000000 ) ) ;
#2158 = EDGE_CURVE ( 'NONE', #1269, #2737, #1741, .T. ) ;
#2159 = VERTEX_POINT ( 'NONE', #577 ) ;
#2160 = CARTESIAN_POINT ( 'NONE',  ( 15.00000000000000178, 0.000000000000000000, 0.000000000000000000 ) ) ;
#2161 = CARTESIAN_POINT ( 'NONE',  ( 14.93566464547890149, -1.528213786405475227, 6.600000000000000533 ) ) ;
#2162 = VERTEX_POINT ( 'NONE', #2468 ) ;
#2163 = ORIENTED_EDGE ( 'NONE', *, *, #408, .F. ) ;
#2164 = CARTESIAN_POINT ( 'NONE',  ( 9.131575980793479985, -3.033909099944821719, 6.599999999999999645 ) ) ;
#2165 = CARTESIAN_POINT ( 'NONE',  ( 14.09354790101473753, -2.277898549626389268, 6.599999999999999645 ) ) ;
#2166 = CARTESIAN_POINT ( 'NONE',  ( 1.000000000000000000, -9.000000000000001776, -13.00000000000000178 ) ) ;
#2167 = VECTOR ( 'NONE', #2443, 1000.000000000000000 ) ;
#2168 = CARTESIAN_POINT ( 'NONE',  ( 8.438213717395766977, -4.486282729355410837, 7.000000000000000888 ) ) ;
#2169 = CARTESIAN_POINT ( 'NONE',  ( 10.53834969639313357, -2.597230362318972752, 6.600000000000003197 ) ) ;
#2170 = EDGE_CURVE ( 'NONE', #2999, #1602, #1502, .T. ) ;
#2171 = CARTESIAN_POINT ( 'NONE',  ( 13.39937392848002951, -1.435339545018472718, 6.599999999999997868 ) ) ;
#2172 = EDGE_CURVE ( 'NONE', #1006, #1511, #313, .T. ) ;
#2173 = ORIENTED_EDGE ( 'NONE', *, *, #177, .T. ) ;
#2174 = DIRECTION ( 'NONE',  ( -1.445602896647339163E-16, -0.000000000000000000, -1.000000000000000000 ) ) ;
#2175 = VERTEX_POINT ( 'NONE', #1800 ) ;
#2176 = CARTESIAN_POINT ( 'NONE',  ( 9.169446793157266740, -2.720549026188791242, 7.000000000000000888 ) ) ;
#2177 = UNCERTAINTY_MEASURE_WITH_UNIT (LENGTH_MEASURE( 1.000000000000000082E-05 ), #2942, 'distance_accuracy_value', 'NONE');
#2178 = EDGE_CURVE ( 'NONE', #99, #1835, #547, .T. ) ;
#2179 = ORIENTED_EDGE ( 'NONE', *, *, #2411, .F. ) ;
#2180 = CARTESIAN_POINT ( 'NONE',  ( 8.948358882658972391, -6.217779807356179411, 6.599999999999999645 ) ) ;
#2181 = CARTESIAN_POINT ( 'NONE',  ( 10.04910614860029838, -4.495243318586074288, 7.000000000000002665 ) ) ;
#2182 = CARTESIAN_POINT ( 'NONE',  ( 14.21254260015318671, -2.302902050922903676, 6.600000000000001421 ) ) ;
#2183 = CARTESIAN_POINT ( 'NONE',  ( 8.438213717395766977, -4.486282729355410837, 6.600000000000000533 ) ) ;
#2184 = DIRECTION ( 'NONE',  ( 1.000000000000000000, 0.000000000000000000, 0.000000000000000000 ) ) ;
#2185 = ORIENTED_EDGE ( 'NONE', *, *, #1612, .T. ) ;
#2186 = AXIS2_PLACEMENT_3D ( 'NONE', #881, #867, #1133 ) ;
#2187 = FILL_AREA_STYLE ('',( #2231 ) ) ;
#2188 = ORIENTED_EDGE ( 'NONE', *, *, #1937, .F. ) ;
#2189 = LINE ( 'NONE', #1017, #933 ) ;
#2190 = EDGE_LOOP ( 'NONE', ( #1378, #2073, #2609, #1804 ) ) ;
#2191 = CARTESIAN_POINT ( 'NONE',  ( 1.000000000000000000, -9.000000000000001776, -14.00000000000000000 ) ) ;
#2192 = ORIENTED_EDGE ( 'NONE', *, *, #1121, .T. ) ;
#2193 = DIRECTION ( 'NONE',  ( -1.000000000000000000, 0.000000000000000000, 0.000000000000000000 ) ) ;
#2194 = LINE ( 'NONE', #2968, #1168 ) ;
#2195 = LINE ( 'NONE', #2212, #2408 ) ;
#2196 = CARTESIAN_POINT ( 'NONE',  ( 14.27117466048714434, -2.341687678967129038, 6.999999999999999112 ) ) ;
#2197 = DIRECTION ( 'NONE',  ( 1.000000000000000000, 0.000000000000000000, 0.000000000000000000 ) ) ;
#2198 = ORIENTED_EDGE ( 'NONE', *, *, #1311, .F. ) ;
#2199 = EDGE_CURVE ( 'NONE', #863, #1480, #1308, .T. ) ;
#2200 = B_SPLINE_CURVE_WITH_KNOTS ( 'NONE', 3,
 ( #2575, #1623, #1689, #437, #765, #2539, #1348, #1361, #2237, #1528, #354, #3042, #3011, #1781, #845, #2478, #2068, #112, #2300, #1061, #1822, #887, #1126, #2524, #2743, #343, #2787 ),
 .UNSPECIFIED., .F., .F.,
 ( 4, 1, 1, 1, 1, 1, 1, 1, 1, 1, 1, 1, 1, 1, 1, 1, 1, 1, 1, 1, 1, 1, 1, 1, 4 ),
 ( 0.000000000000000000, 0.07827633828671941296, 0.1525336090466238304, 0.2231219132570321784, 0.2896040683600174526, 0.3522877825963164899, 0.4110844052557481310, 0.4659940411668905824, 0.5170168191162921589, 0.5641528997498652664, 0.6074968809278183945, 0.6467339618486792618, 0.6823082234005912738, 0.7138766837235936968, 0.7415641451233397907, 0.7655992754982040571, 0.7855327298922762935, 0.8203997083652065925, 0.8530411242244017034, 0.8830309398099085438, 0.9109795874592304665, 0.9363117096487123536, 0.9595453510161894295, 0.9808703259482693948, 1.000000000000000000 ),
 .UNSPECIFIED. ) ;
#2201 = PLANE ( 'NONE',  #1111 ) ;
#2202 = VERTEX_POINT ( 'NONE', #73 ) ;
#2203 = ORIENTED_EDGE ( 'NONE', *, *, #1067, .F. ) ;
#2204 = FACE_OUTER_BOUND ( 'NONE', #708, .T. ) ;
#2205 = CIRCLE ( 'NONE', #1814, 1.000000000000000888 ) ;
#2206 = AXIS2_PLACEMENT_3D ( 'NONE', #1911, #739, #2412 ) ;
#2207 = ORIENTED_EDGE ( 'NONE', *, *, #469, .T. ) ;
#2208 = DIRECTION ( 'NONE',  ( -1.000000000000000000, 0.000000000000000000, 0.000000000000000000 ) ) ;
#2209 = ORIENTED_EDGE ( 'NONE', *, *, #189, .F. ) ;
#2210 = CARTESIAN_POINT ( 'NONE',  ( 4.952941176470588402, -5.761764705882352899, 7.000000000000000888 ) ) ;
#2211 = CARTESIAN_POINT ( 'NONE',  ( 9.801099764148231586, -4.906429620087931376, 6.600000000000002309 ) ) ;
#2212 = CARTESIAN_POINT ( 'NONE',  ( 21.44922475961258357, 2.000000000000000000, 0.09999999999999890921 ) ) ;
#2213 = CARTESIAN_POINT ( 'NONE',  ( 12.04705882352941160, -6.299999999999999822, 7.000000000000000888 ) ) ;
#2214 = CARTESIAN_POINT ( 'NONE',  ( 9.017739745820923858, -3.376655405364093365, 6.600000000000000533 ) ) ;
#2215 = ORIENTED_EDGE ( 'NONE', *, *, #1411, .T. ) ;
#2216 = CARTESIAN_POINT ( 'NONE',  ( 14.70572012384348071, -5.408203269472836361, 7.000000000000001776 ) ) ;
#2217 = DIRECTION ( 'NONE',  ( -0.000000000000000000, -0.000000000000000000, 1.000000000000000000 ) ) ;
#2218 = EDGE_CURVE ( 'NONE', #2019, #2999, #1278, .T. ) ;
#2219 = SURFACE_STYLE_FILL_AREA ( #2187 ) ;
#2220 = EDGE_LOOP ( 'NONE', ( #1737, #1866, #711, #2376 ) ) ;
#2221 = VERTEX_POINT ( 'NONE', #2213 ) ;
#2222 = CARTESIAN_POINT ( 'NONE',  ( 10.36917239890763298, -3.866545773319259194, 7.000000000000003553 ) ) ;
#2223 = VERTEX_POINT ( 'NONE', #2936 ) ;
#2224 = CARTESIAN_POINT ( 'NONE',  ( 14.00036764705882320, -1.358823529411763875, 6.600000000000000533 ) ) ;
#2225 = ORIENTED_EDGE ( 'NONE', *, *, #159, .T. ) ;
#2226 = CARTESIAN_POINT ( 'NONE',  ( 0.000000000000000000, 0.000000000000000000, 0.000000000000000000 ) ) ;
#2227 = CARTESIAN_POINT ( 'NONE',  ( 10.27003287591467640, -4.087575816759381198, 7.000000000000003553 ) ) ;
#2228 = CARTESIAN_POINT ( 'NONE',  ( 13.77264816326267827, -2.542093370188200918, 7.000000000000000000 ) ) ;
#2229 = CARTESIAN_POINT ( 'NONE',  ( 4.583461705158047295, -1.702205338828605141, 7.000000000000000888 ) ) ;
#2230 = CARTESIAN_POINT ( 'NONE',  ( 10.42044785734323753, -3.725594365504438343, 6.599999999999999645 ) ) ;
#2231 = FILL_AREA_STYLE_COLOUR ( '', #2501 ) ;
#2232 = CARTESIAN_POINT ( 'NONE',  ( 13.32700013968478103, -5.058551275703889516, 6.600000000000000533 ) ) ;
#2233 = ORIENTED_EDGE ( 'NONE', *, *, #1625, .T. ) ;
#2234 = CARTESIAN_POINT ( 'NONE',  ( 15.59270181067233452, -3.866545773319259194, 7.000000000000003553 ) ) ;
#2235 = ORIENTED_EDGE ( 'NONE', *, *, #2411, .T. ) ;
#2236 = FACE_OUTER_BOUND ( 'NONE', #1284, .T. ) ;
#2237 = CARTESIAN_POINT ( 'NONE',  ( 13.44725654226088984, -4.853423947869027977, 6.999999999999999112 ) ) ;
#2238 = VERTEX_POINT ( 'NONE', #2498 ) ;
#2239 = CARTESIAN_POINT ( 'NONE',  ( 27.09999999999999787, 169.0000000000000000, 0.000000000000000000 ) ) ;
#2240 = CARTESIAN_POINT ( 'NONE',  ( 9.230548729709491695, -5.792293568502145718, 7.000000000000001776 ) ) ;
#2241 = CARTESIAN_POINT ( 'NONE',  ( 4.674479222916055221, -2.684539067483885155, 7.000000000000000000 ) ) ;
#2242 = LINE ( 'NONE', #117, #1135 ) ;
#2243 = DIRECTION ( 'NONE',  ( 0.000000000000000000, -1.000000000000000000, 0.000000000000000000 ) ) ;
#2244 = LINE ( 'NONE', #1015, #1504 ) ;
#2245 = VECTOR ( 'NONE', #2570, 1000.000000000000000 ) ;
#2246 = CARTESIAN_POINT ( 'NONE',  ( 14.03467703899156582, -3.814415872631197413, 6.599999999999998757 ) ) ;
#2247 = EDGE_LOOP ( 'NONE', ( #446, #2917, #2924, #2427 ) ) ;
#2248 = VECTOR ( 'NONE', #1364, 1000.000000000000000 ) ;
#2249 = LINE ( 'NONE', #2339, #2334 ) ;
#2250 = ORIENTED_EDGE ( 'NONE', *, *, #217, .F. ) ;
#2251 = CARTESIAN_POINT ( 'NONE',  ( 2.900000000000000355, 169.0000000000000000, 3.000000000000000000 ) ) ;
#2252 = EDGE_CURVE ( 'NONE', #2560, #2658, #563, .T. ) ;
#2253 = CARTESIAN_POINT ( 'NONE',  ( 1.000000000000000000, -9.000000000000001776, 7.000000000000000888 ) ) ;
#2254 = VERTEX_POINT ( 'NONE', #1771 ) ;
#2255 = PLANE ( 'NONE',  #713 ) ;
#2256 = VECTOR ( 'NONE', #1369, 1000.000000000000000 ) ;
#2257 = DIRECTION ( 'NONE',  ( -0.9913547659899606401, 0.1312087190280830096, 0.000000000000000000 ) ) ;
#2258 = CARTESIAN_POINT ( 'NONE',  ( 13.74117647058823444, -2.921691176470587958, 7.000000000000000888 ) ) ;
#2259 = CARTESIAN_POINT ( 'NONE',  ( 4.775964506020300426, -3.791890885988164595, 7.000000000000000888 ) ) ;
#2260 = EDGE_CURVE ( 'NONE', #842, #2895, #361, .T. ) ;
#2261 = DIRECTION ( 'NONE',  ( 0.000000000000000000, -1.000000000000000000, 0.000000000000000000 ) ) ;
#2262 = CARTESIAN_POINT ( 'NONE',  ( 7.176470588235295267, -3.261397058823528816, 6.600000000000000533 ) ) ;
#2263 = EDGE_CURVE ( 'NONE', #386, #677, #131, .T. ) ;
#2264 = CARTESIAN_POINT ( 'NONE',  ( 14.18626060160053193, -3.506234959614521696, 6.600000000000000533 ) ) ;
#2265 = EDGE_CURVE ( 'NONE', #2556, #1752, #2242, .T. ) ;
#2266 = DIRECTION ( 'NONE',  ( -0.000000000000000000, -0.000000000000000000, 1.000000000000000000 ) ) ;
#2267 = B_SPLINE_CURVE_WITH_KNOTS ( 'NONE', 3,
 ( #731, #2855, #2613, #471, #1430, #1200, #1738, #1512, #560, #1964, #2661, #345, #513, #2709, #1472, #1485, #1530, #992, #2418, #279, #2693, #2901, #801, #2433, #2180, #1304, #2480 ),
 .UNSPECIFIED., .F., .F.,
 ( 4, 1, 1, 1, 1, 1, 1, 1, 1, 1, 1, 1, 1, 1, 1, 1, 1, 1, 1, 1, 1, 1, 1, 1, 4 ),
 ( 0.000000000000000000, 0.03233836612938374017, 0.06535045975697138798, 0.09914269457500861360, 0.1335436458252357572, 0.1692560224231898225, 0.2055102093036293986, 0.2431765376944867996, 0.2819144820702521037, 0.3032919227675340279, 0.3273814436838707320, 0.3549399424438570150, 0.3856069936089844274, 0.4192532667432053439, 0.4561582912936344991, 0.4961894850518846489, 0.5395856280371509328, 0.5860259654031485521, 0.6356868246814195711, 0.6884831127618971092, 0.7443358704240019552, 0.8034075275879937195, 0.8657711897571782611, 0.9313529862909943891, 1.000000000000000000 ),
 .UNSPECIFIED. ) ;
#2268 = CIRCLE ( 'NONE', #3090, 9.350000000000001421 ) ;
#2269 = CARTESIAN_POINT ( 'NONE',  ( 15.21747050908528820, -1.694732403274157528, 6.600000000000002309 ) ) ;
#2270 = EDGE_CURVE ( 'NONE', #2512, #1602, #788, .T. ) ;
#2271 = CARTESIAN_POINT ( 'NONE',  ( 7.188072110446637630, -2.827708346045783916, 6.599999999999999645 ) ) ;
#2272 = ORIENTED_EDGE ( 'NONE', *, *, #1060, .T. ) ;
#2273 = DIRECTION ( 'NONE',  ( 0.000000000000000000, 0.000000000000000000, -1.000000000000000000 ) ) ;
#2274 = CARTESIAN_POINT ( 'NONE',  ( 15.00000000000000178, 0.000000000000000000, -9.350000000000001421 ) ) ;
#2275 = VECTOR ( 'NONE', #1665, 1000.000000000000114 ) ;
#2276 = DIRECTION ( 'NONE',  ( 0.000000000000000000, 0.000000000000000000, -1.000000000000000000 ) ) ;
#2277 = CARTESIAN_POINT ( 'NONE',  ( 12.04705882352941160, -7.500000000000000000, 6.600000000000000533 ) ) ;
#2278 = CARTESIAN_POINT ( 'NONE',  ( 13.92214503261670799, -2.305190753856581232, 6.599999999999999645 ) ) ;
#2279 = FACE_OUTER_BOUND ( 'NONE', #2720, .T. ) ;
#2280 = LINE ( 'NONE', #2797, #2578 ) ;
#2281 = ORIENTED_EDGE ( 'NONE', *, *, #2265, .T. ) ;
#2282 = CARTESIAN_POINT ( 'NONE',  ( 10.56172296800822785, -2.755896127997814027, 6.999999999999999112 ) ) ;
#2283 = CARTESIAN_POINT ( 'NONE',  ( 15.33755570818186165, -1.798286785565265111, 6.599999999999997868 ) ) ;
#2284 = CARTESIAN_POINT ( 'NONE',  ( 7.188072110446637630, -2.827708346045783916, 7.000000000000000000 ) ) ;
#2285 = ORIENTED_EDGE ( 'NONE', *, *, #11, .T. ) ;
#2286 = CARTESIAN_POINT ( 'NONE',  ( 5.227925755732598212, -2.711395634496873264, 6.600000000000000533 ) ) ;
#2287 = CARTESIAN_POINT ( 'NONE',  ( 28.99999999999999645, -9.000000000000001776, 7.000000000000000888 ) ) ;
#2288 = VERTEX_POINT ( 'NONE', #1516 ) ;
#2289 = CARTESIAN_POINT ( 'NONE',  ( 13.99184302542526659, -2.280109551419433167, 7.000000000000000888 ) ) ;
#2290 = CARTESIAN_POINT ( 'NONE',  ( 4.775964506020300426, -3.791890885988164595, 6.600000000000000533 ) ) ;
#2291 = CARTESIAN_POINT ( 'NONE',  ( 9.017739745820923858, -3.376655405364093365, 7.000000000000000888 ) ) ;
#2292 = CARTESIAN_POINT ( 'NONE',  ( 7.387094340460072850, -2.053921815687308250, 6.600000000000001421 ) ) ;
#2293 =( GEOMETRIC_REPRESENTATION_CONTEXT ( 3 ) GLOBAL_UNCERTAINTY_ASSIGNED_CONTEXT ( ( #2177 ) ) GLOBAL_UNIT_ASSIGNED_CONTEXT ( ( #2942, #1714, #1000 ) ) REPRESENTATION_CONTEXT ( 'NONE', 'WORKASPACE' ) );
#2294 = CARTESIAN_POINT ( 'NONE',  ( 14.81892444753853155, -5.230488693548616119, 6.599999999999999645 ) ) ;
#2295 = ORIENTED_EDGE ( 'NONE', *, *, #1316, .T. ) ;
#2296 = CARTESIAN_POINT ( 'NONE',  ( 15.33849428004423388, -4.377717477313018968, 7.000000000000002665 ) ) ;
#2297 = VECTOR ( 'NONE', #155, 1000.000000000000000 ) ;
#2298 = CARTESIAN_POINT ( 'NONE',  ( 15.33755570818186165, -1.798286785565265111, 6.999999999999998224 ) ) ;
#2299 = ADVANCED_FACE ( 'NONE', ( #87 ), #105, .T. ) ;
#2300 = CARTESIAN_POINT ( 'NONE',  ( 14.18626060160053193, -3.506234959614521696, 7.000000000000000888 ) ) ;
#2301 = EDGE_LOOP ( 'NONE', ( #1034, #2442, #957, #2083 ) ) ;
#2302 = CARTESIAN_POINT ( 'NONE',  ( 14.59972775967048442, -1.416828137547501809, 7.000000000000000000 ) ) ;
#2303 = CARTESIAN_POINT ( 'NONE',  ( 8.844117647058824971, -2.276470588235293135, 7.000000000000000888 ) ) ;
#2304 = EDGE_LOOP ( 'NONE', ( #2147, #627, #1957, #3046 ) ) ;
#2305 = CARTESIAN_POINT ( 'NONE',  ( 10.45524444451011981, -2.301110198727988276, 6.600000000000004086 ) ) ;
#2306 = CARTESIAN_POINT ( 'NONE',  ( 15.11420549885122711, -4.758595881124172422, 7.000000000000000000 ) ) ;
#2307 = PLANE ( 'NONE',  #1731 ) ;
#2308 = B_SPLINE_CURVE_WITH_KNOTS ( 'NONE', 3,
 ( #2821, #419, #2530, #2574, #144, #1101, #1147, #1396, #1116, #1162, #2779, #2332, #3016, #2305, #1839, #2793, #635, #620, #2838 ),
 .UNSPECIFIED., .F., .F.,
 ( 4, 1, 1, 1, 1, 1, 1, 1, 1, 1, 1, 1, 1, 1, 1, 1, 4 ),
 ( 0.000000000000000000, 0.07978038261732484093, 0.1549966759828371454, 0.2260262074332097249, 0.2930463131284857803, 0.3574699384536035307, 0.4190577750378778887, 0.4785681621137723996, 0.5377311650149056987, 0.5959078447940503453, 0.6525497461507091534, 0.7088040383606812878, 0.7647012907638116586, 0.8211145403181795421, 0.8789431283378743576, 0.9382943128318724790, 1.000000000000000000 ),
 .UNSPECIFIED. ) ;
#2309 = CARTESIAN_POINT ( 'NONE',  ( 1.000000000000000000, -10.00000000000000000, 6.000000000000000888 ) ) ;
#2310 = CARTESIAN_POINT ( 'NONE',  ( 30.00000000000000000, 169.0000000000000284, -13.58578643762690419 ) ) ;
#2311 = B_SPLINE_CURVE_WITH_KNOTS ( 'NONE', 3,
 ( #2461, #1257, #2021, #1272, #1749, #829, #1977, #2947, #843, #799, #2707 ),
 .UNSPECIFIED., .F., .F.,
 ( 4, 1, 1, 1, 1, 1, 1, 1, 4 ),
 ( 0.000000000000000000, 0.1720516227588616553, 0.3221184518414669795, 0.4530032450370298780, 0.5679319607256979596, 0.6732552971111487317, 0.7755212437239799028, 0.8826267386609915055, 1.000000000000000000 ),
 .UNSPECIFIED. ) ;
#2312 = EDGE_CURVE ( 'NONE', #2103, #82, #1778, .T. ) ;
#2313 = CARTESIAN_POINT ( 'NONE',  ( 12.39999999999999858, -3.261397058823528816, 7.000000000000000888 ) ) ;
#2314 = CARTESIAN_POINT ( 'NONE',  ( 9.167309762607400714, -2.649579060163613775, 6.599999999999999645 ) ) ;
#2315 = ORIENTED_EDGE ( 'NONE', *, *, #505, .T. ) ;
#2316 = CARTESIAN_POINT ( 'NONE',  ( 8.361980347370890243, -1.389842632940669453, 7.000000000000001776 ) ) ;
#2317 = CARTESIAN_POINT ( 'NONE',  ( 27.09999999999999787, 0.000000000000000000, 3.000000000000000444 ) ) ;
#2318 = VECTOR ( 'NONE', #2014, 1000.000000000000227 ) ;
#2319 = EDGE_LOOP ( 'NONE', ( #1505, #2911, #2285, #3058 ) ) ;
#2320 = CARTESIAN_POINT ( 'NONE',  ( 30.00000000000000000, 0.000000000000000000, 3.000000000000000000 ) ) ;
#2321 = EDGE_LOOP ( 'NONE', ( #3091, #2100, #352, #2432 ) ) ;
#2322 = CARTESIAN_POINT ( 'NONE',  ( 14.02022058823529349, -6.441176470588234615, 7.000000000000001776 ) ) ;
#2323 = CARTESIAN_POINT ( 'NONE',  ( 9.859942464625005343, -1.604402531515019881, 6.999999999999999112 ) ) ;
#2324 = CARTESIAN_POINT ( 'NONE',  ( 15.02462917591293667, -4.906429620087931376, 6.600000000000002309 ) ) ;
#2325 = CARTESIAN_POINT ( 'NONE',  ( 15.33849428004423388, -4.377717477313018968, 6.600000000000002309 ) ) ;
#2326 = CARTESIAN_POINT ( 'NONE',  ( 15.78525237977292761, -2.755896127997813583, 7.000000000000000000 ) ) ;
#2327 = CARTESIAN_POINT ( 'NONE',  ( 7.315048313392919610, -2.195216710144686001, 6.999999999999998224 ) ) ;
#2328 = EDGE_LOOP ( 'NONE', ( #2927, #1672, #2023, #2586, #1412, #3073 ) ) ;
#2329 = CARTESIAN_POINT ( 'NONE',  ( 7.709563613804286675, -1.673122836829340931, 6.999999999999997335 ) ) ;
#2330 = CARTESIAN_POINT ( 'NONE',  ( 0.000000000000000000, -10.00000000000000000, -13.00000000000000178 ) ) ;
#2331 = ORIENTED_EDGE ( 'NONE', *, *, #2974, .T. ) ;
#2332 = CARTESIAN_POINT ( 'NONE',  ( 10.31188327222576184, -2.035379566318810785, 6.600000000000000533 ) ) ;
#2333 = ADVANCED_FACE ( 'NONE', ( #450 ), #1870, .T. ) ;
#2334 = VECTOR ( 'NONE', #2521, 1000.000000000000000 ) ;
#2335 = ORIENTED_EDGE ( 'NONE', *, *, #223, .T. ) ;
#2336 = CARTESIAN_POINT ( 'NONE',  ( 15.00000000000000000, -6.000000000000000000, -1.099120502234749572E-15 ) ) ;
#2337 = CARTESIAN_POINT ( 'NONE',  ( 10.56470588235294272, -2.919485294117646568, 7.000000000000000888 ) ) ;
#2338 = CARTESIAN_POINT ( 'NONE',  ( 2.899999999999999911, 169.0000000000000000, 0.000000000000000000 ) ) ;
#2339 = CARTESIAN_POINT ( 'NONE',  ( 14.06764705882352828, -2.276470588235293135, 6.600000000000000533 ) ) ;
#2340 = CARTESIAN_POINT ( 'NONE',  ( 14.17188829442367215, -6.217779807356179411, 6.599999999999999645 ) ) ;
#2341 = AXIS2_PLACEMENT_3D ( 'NONE', #2604, #983, #2894 ) ;
#2342 = CARTESIAN_POINT ( 'NONE',  ( 7.194117647058824616, -6.582352941176469407, 6.600000000000000533 ) ) ;
#2343 = CARTESIAN_POINT ( 'NONE',  ( 8.004531472140445914, -1.496286281582237310, 6.599999999999999645 ) ) ;
#2344 = ORIENTED_EDGE ( 'NONE', *, *, #2839, .F. ) ;
#2345 = PLANE ( 'NONE',  #865 ) ;
#2346 = CARTESIAN_POINT ( 'NONE',  ( 12.39999999999999858, -7.500000000000000000, 6.600000000000000533 ) ) ;
#2347 = ORIENTED_EDGE ( 'NONE', *, *, #483, .T. ) ;
#2348 = CARTESIAN_POINT ( 'NONE',  ( 9.167309762607400714, -2.649579060163613775, 6.599999999999999645 ) ) ;
#2349 = ORIENTED_EDGE ( 'NONE', *, *, #2842, .F. ) ;
#2350 = CARTESIAN_POINT ( 'NONE',  ( 9.170588235294118817, -2.758455882352940591, 6.600000000000000533 ) ) ;
#2351 = AXIS2_PLACEMENT_3D ( 'NONE', #495, #3057, #3106 ) ;
#2352 = LINE ( 'NONE', #218, #3096 ) ;
#2353 = DIRECTION ( 'NONE',  ( -0.1312087190280830373, -0.9913547659899605291, 0.000000000000000000 ) ) ;
#2354 = VECTOR ( 'NONE', #1607, 1000.000000000000000 ) ;
#2355 = CARTESIAN_POINT ( 'NONE',  ( 8.844117647058824971, -2.276470588235293135, 7.000000000000001776 ) ) ;
#2356 = CARTESIAN_POINT ( 'NONE',  ( 8.986905820451926985, -1.361988015459638435, 7.000000000000000888 ) ) ;
#2357 = CARTESIAN_POINT ( 'NONE',  ( 13.44725654226088984, -4.853423947869027977, 6.999999999999999112 ) ) ;
#2358 = CARTESIAN_POINT ( 'NONE',  ( 13.58550975913559178, -1.389842632940669453, 7.000000000000001776 ) ) ;
#2359 = EDGE_CURVE ( 'NONE', #1178, #1013, #1640, .T. ) ;
#2360 = CARTESIAN_POINT ( 'NONE',  ( 9.169446793157266740, -2.720549026188791242, 6.600000000000000533 ) ) ;
#2361 = ORIENTED_EDGE ( 'NONE', *, *, #2732, .F. ) ;
#2362 = FACE_OUTER_BOUND ( 'NONE', #1484, .T. ) ;
#2363 = CARTESIAN_POINT ( 'NONE',  ( 14.07175142032573767, -1.359898864068360691, 6.600000000000000533 ) ) ;
#2364 = VERTEX_POINT ( 'NONE', #1382 ) ;
#2365 = CARTESIAN_POINT ( 'NONE',  ( 12.41160152221134005, -2.827708346045784804, 6.600000000000002309 ) ) ;
#2366 = CARTESIAN_POINT ( 'NONE',  ( 15.64705882352940947, -6.441176470588234615, 6.600000000000000533 ) ) ;
#2367 = DIRECTION ( 'NONE',  ( 0.000000000000000000, 1.000000000000000000, 0.000000000000000000 ) ) ;
#2368 = CARTESIAN_POINT ( 'NONE',  ( 14.39297620492197005, -2.720549026188791242, 6.600000000000000533 ) ) ;
#2369 = CARTESIAN_POINT ( 'NONE',  ( 14.21254260015318671, -2.302902050922903676, 6.600000000000001421 ) ) ;
#2370 = AXIS2_PLACEMENT_3D ( 'NONE', #1262, #1234, #1938 ) ;
#2371 = CARTESIAN_POINT ( 'NONE',  ( 8.561006244005714194, -2.489184056055177674, 7.000000000000004441 ) ) ;
#2372 = CARTESIAN_POINT ( 'NONE',  ( 14.17188829442367215, -6.217779807356179411, 7.000000000000000888 ) ) ;
#2373 = CARTESIAN_POINT ( 'NONE',  ( 12.47616817544023426, -6.485701164710222066, 6.600000000000001421 ) ) ;
#2374 = CARTESIAN_POINT ( 'NONE',  ( 8.517647058823531125, -3.476470588235293757, 6.600000000000000533 ) ) ;
#2375 = CARTESIAN_POINT ( 'NONE',  ( 8.844117647058824971, -2.276470588235293135, 6.600000000000000533 ) ) ;
#2376 = ORIENTED_EDGE ( 'NONE', *, *, #2778, .T. ) ;
#2377 = DIRECTION ( 'NONE',  ( 0.000000000000000000, 0.000000000000000000, 1.000000000000000000 ) ) ;
#2378 = CARTESIAN_POINT ( 'NONE',  ( 10.42352941176470615, -6.441176470588234615, 6.600000000000000533 ) ) ;
#2379 = ORIENTED_EDGE ( 'NONE', *, *, #1846, .T. ) ;
#2380 = CARTESIAN_POINT ( 'NONE',  ( 28.99999999999999645, 169.0000000000000000, -14.00000000000000000 ) ) ;
#2381 = DIRECTION ( 'NONE',  ( -0.000000000000000000, -1.000000000000000000, -0.000000000000000000 ) ) ;
#2382 = ORIENTED_EDGE ( 'NONE', *, *, #1663, .F. ) ;
#2383 = CARTESIAN_POINT ( 'NONE',  ( 8.858045590024044458, -3.722223187858454185, 6.600000000000001421 ) ) ;
#2384 = CARTESIAN_POINT ( 'NONE',  ( 14.14308378998344473, -2.280629554911806078, 6.600000000000000533 ) ) ;
#2385 = CARTESIAN_POINT ( 'NONE',  ( 8.602184687017931708, -2.396612628414425572, 6.600000000000002309 ) ) ;
#2386 = CARTESIAN_POINT ( 'NONE',  ( 9.859942464625005343, -1.604402531515019881, 6.599999999999998757 ) ) ;
#2387 = EDGE_CURVE ( 'NONE', #766, #1851, #2042, .T. ) ;
#2388 = EDGE_CURVE ( 'NONE', #2254, #498, #1972, .T. ) ;
#2389 = CARTESIAN_POINT ( 'NONE',  ( 13.19784295347764314, -5.277969311062510549, 6.600000000000001421 ) ) ;
#2390 = EDGE_CURVE ( 'NONE', #944, #2556, #681, .T. ) ;
#2391 = DIRECTION ( 'NONE',  ( 1.000000000000000000, 0.000000000000000000, 0.000000000000000000 ) ) ;
#2392 = CARTESIAN_POINT ( 'NONE',  ( 10.54915750935425756, -3.180958666954135428, 7.000000000000000888 ) ) ;
#2393 = ORIENTED_EDGE ( 'NONE', *, *, #607, .F. ) ;
#2394 = CARTESIAN_POINT ( 'NONE',  ( 10.22665347782604250, -4.174562649691596405, 7.000000000000001776 ) ) ;
#2395 = CARTESIAN_POINT ( 'NONE',  ( 15.53541268399046693, -2.035379566318810785, 6.600000000000000533 ) ) ;
#2396 = EDGE_CURVE ( 'NONE', #1669, #1735, #1852, .T. ) ;
#2397 = VERTEX_POINT ( 'NONE', #1622 ) ;
#2398 = CARTESIAN_POINT ( 'NONE',  ( 12.44735507120605611, -2.484588863844386264, 6.600000000000001421 ) ) ;
#2399 = ORIENTED_EDGE ( 'NONE', *, *, #338, .T. ) ;
#2400 = CARTESIAN_POINT ( 'NONE',  ( 9.017739745820923858, -3.376655405364093365, 6.600000000000000533 ) ) ;
#2401 = CARTESIAN_POINT ( 'NONE',  ( 5.206128562069443966, -2.946312314829218071, 7.000000000000001776 ) ) ;
#2402 = CARTESIAN_POINT ( 'NONE',  ( 14.39411764705882213, -2.758455882352940591, 7.000000000000000888 ) ) ;
#2403 = EDGE_CURVE ( 'NONE', #1127, #2884, #1606, .T. ) ;
#2404 = CARTESIAN_POINT ( 'NONE',  ( 9.169520473943702399, -2.786055129638735028, 6.600000000000000533 ) ) ;
#2405 = CARTESIAN_POINT ( 'NONE',  ( 8.527667468911243276, -2.670772664561498644, 7.000000000000003553 ) ) ;
#2406 = CARTESIAN_POINT ( 'NONE',  ( 10.45524444451011981, -2.301110198727988276, 7.000000000000004441 ) ) ;
#2407 = EDGE_CURVE ( 'NONE', #1252, #666, #2308, .T. ) ;
#2408 = VECTOR ( 'NONE', #2711, 1000.000000000000000 ) ;
#2409 = FACE_OUTER_BOUND ( 'NONE', #2479, .T. ) ;
#2410 = EDGE_CURVE ( 'NONE', #1057, #1529, #2074, .T. ) ;
#2411 = EDGE_CURVE ( 'NONE', #941, #2288, #903, .T. ) ;
#2412 = DIRECTION ( 'NONE',  ( 0.000000000000000000, -0.000000000000000000, 1.000000000000000000 ) ) ;
#2413 = ORIENTED_EDGE ( 'NONE', *, *, #1225, .T. ) ;
#2414 = CARTESIAN_POINT ( 'NONE',  ( 10.52939544487263035, -3.314245222160257853, 7.000000000000001776 ) ) ;
#2415 = ORIENTED_EDGE ( 'NONE', *, *, #503, .T. ) ;
#2416 = CARTESIAN_POINT ( 'NONE',  ( 13.74121061885469430, -2.890798520054167042, 7.000000000000000888 ) ) ;
#2417 = EDGE_LOOP ( 'NONE', ( #2137, #1918, #1194, #2494 ) ) ;
#2418 = CARTESIAN_POINT ( 'NONE',  ( 9.700715845601251885, -5.062624897365417098, 6.600000000000001421 ) ) ;
#2419 = CARTESIAN_POINT ( 'NONE',  ( 8.848010919272470076, -6.365585828466783447, 7.000000000000002665 ) ) ;
#2420 = CARTESIAN_POINT ( 'NONE',  ( 8.796691176470590179, -6.441176470588234615, 6.600000000000000533 ) ) ;
#2421 = FACE_OUTER_BOUND ( 'NONE', #165, .T. ) ;
#2422 = AXIS2_PLACEMENT_3D ( 'NONE', #949, #841, #3099 ) ;
#2423 = CARTESIAN_POINT ( 'NONE',  ( 8.962731189835828616, -3.506234959614521696, 6.600000000000000533 ) ) ;
#2424 = CARTESIAN_POINT ( 'NONE',  ( 13.97790649316349310, -3.920400198462843377, 7.000000000000001776 ) ) ;
#2425 = AXIS2_PLACEMENT_3D ( 'NONE', #2566, #1388, #3008 ) ;
#2426 = CARTESIAN_POINT ( 'NONE',  ( 12.04705882352941160, -7.500000000000000000, 7.000000000000000888 ) ) ;
#2427 = ORIENTED_EDGE ( 'NONE', *, *, #852, .T. ) ;
#2428 = CARTESIAN_POINT ( 'NONE',  ( 8.523067368484364081, -2.747392666266005534, 6.600000000000000533 ) ) ;
#2429 = ORIENTED_EDGE ( 'NONE', *, *, #1206, .F. ) ;
#2430 = DIRECTION ( 'NONE',  ( -0.000000000000000000, -1.000000000000000000, -0.000000000000000000 ) ) ;
#2431 = ADVANCED_FACE ( 'NONE', ( #1457 ), #745, .T. ) ;
#2432 = ORIENTED_EDGE ( 'NONE', *, *, #756, .T. ) ;
#2433 = CARTESIAN_POINT ( 'NONE',  ( 9.091687114746699550, -5.998872006215073327, 6.599999999999999645 ) ) ;
#2434 = CARTESIAN_POINT ( 'NONE',  ( 8.796691176470590179, -6.441176470588234615, 7.000000000000001776 ) ) ;
#2435 = CARTESIAN_POINT ( 'NONE',  ( 14.02022058823529349, -6.441176470588234615, 6.600000000000000533 ) ) ;
#2436 = DIRECTION ( 'NONE',  ( 0.000000000000000000, 1.000000000000000000, 0.000000000000000000 ) ) ;
#2437 = EDGE_CURVE ( 'NONE', #960, #696, #32, .T. ) ;
#2438 = CARTESIAN_POINT ( 'NONE',  ( 9.170588235294118817, -2.758455882352940591, 6.600000000000000533 ) ) ;
#2439 = CARTESIAN_POINT ( 'NONE',  ( 8.549118751497974955, -2.542093370188200918, 7.000000000000000888 ) ) ;
#2440 = ORIENTED_EDGE ( 'NONE', *, *, #2390, .F. ) ;
#2441 = CARTESIAN_POINT ( 'NONE',  ( 13.19784295347764314, -5.277969311062510549, 6.600000000000001421 ) ) ;
#2442 = ORIENTED_EDGE ( 'NONE', *, *, #2673, .F. ) ;
#2443 = DIRECTION ( 'NONE',  ( 1.000000000000000000, 0.000000000000000000, 0.000000000000000000 ) ) ;
#2444 = ORIENTED_EDGE ( 'NONE', *, *, #1562, .T. ) ;
#2445 = CARTESIAN_POINT ( 'NONE',  ( 7.176470588235295267, -7.500000000000000000, 6.600000000000000533 ) ) ;
#2446 = ORIENTED_EDGE ( 'NONE', *, *, #2548, .T. ) ;
#2447 = LINE ( 'NONE', #2677, #1279 ) ;
#2448 = CARTESIAN_POINT ( 'NONE',  ( 9.482190712078777395, -5.408203269472836361, 7.000000000000002665 ) ) ;
#2449 = CARTESIAN_POINT ( 'NONE',  ( 4.620290865490805032, -2.099258185895969575, 7.000000000000000888 ) ) ;
#2450 = DIRECTION ( 'NONE',  ( 1.000000000000000000, 0.000000000000000000, 0.000000000000000000 ) ) ;
#2451 = VECTOR ( 'NONE', #579, 1000.000000000000000 ) ;
#2452 = EDGE_CURVE ( 'NONE', #2506, #602, #2891, .T. ) ;
#2453 = CARTESIAN_POINT ( 'NONE',  ( 8.103470727920077721, -5.058551275703889516, 6.600000000000002309 ) ) ;
#2454 = VERTEX_POINT ( 'NONE', #2659 ) ;
#2455 = CARTESIAN_POINT ( 'NONE',  ( 13.74127570374233720, -2.831918662295244360, 6.599999999999999645 ) ) ;
#2456 = DIRECTION ( 'NONE',  ( 0.000000000000000000, -1.000000000000000000, 0.000000000000000000 ) ) ;
#2457 = CARTESIAN_POINT ( 'NONE',  ( 13.75354230231594954, -4.323084654257449699, 6.600000000000001421 ) ) ;
#2458 = ORIENTED_EDGE ( 'NONE', *, *, #2260, .T. ) ;
#2459 = CARTESIAN_POINT ( 'NONE',  ( 10.17478620922846488, -4.271077606315657249, 7.000000000000000000 ) ) ;
#2460 = EDGE_LOOP ( 'NONE', ( #1949, #2993, #1729, #2744 ) ) ;
#2461 = CARTESIAN_POINT ( 'NONE',  ( 14.39411764705882213, -2.758455882352940591, 7.000000000000000888 ) ) ;
#2462 = ADVANCED_FACE ( 'NONE', ( #1428 ), #18, .F. ) ;
#2463 = VERTEX_POINT ( 'NONE', #1900 ) ;
#2464 = CARTESIAN_POINT ( 'NONE',  ( 7.176470588235295267, -7.500000000000000000, 6.600000000000000533 ) ) ;
#2465 = CARTESIAN_POINT ( 'NONE',  ( 5.066881694476549569, -4.471255677394505135, 7.000000000000000888 ) ) ;
#2466 = CARTESIAN_POINT ( 'NONE',  ( 13.78453565577041928, -2.489184056055177674, 6.600000000000003197 ) ) ;
#2467 = EDGE_CURVE ( 'NONE', #760, #828, #1264, .T. ) ;
#2468 = CARTESIAN_POINT ( 'NONE',  ( 13.74117647058823444, -2.921691176470587958, 6.600000000000000533 ) ) ;
#2469 = CARTESIAN_POINT ( 'NONE',  ( 8.754377081398789784, -3.920400198462843377, 7.000000000000001776 ) ) ;
#2470 = CARTESIAN_POINT ( 'NONE',  ( 27.09999999999999787, 169.0000000000000000, 3.000000000000000444 ) ) ;
#2471 = AXIS2_PLACEMENT_3D ( 'NONE', #814, #2945, #60 ) ;
#2472 = CARTESIAN_POINT ( 'NONE',  ( 12.80783307472699306, -1.786594521431802862, 7.000000000000003553 ) ) ;
#2473 = EDGE_LOOP ( 'NONE', ( #583, #1271, #2948, #2674 ) ) ;
#2474 = VECTOR ( 'NONE', #1770, 1000.000000000000000 ) ;
#2475 = CARTESIAN_POINT ( 'NONE',  ( 15.45018288959075115, -4.174562649691596405, 7.000000000000001776 ) ) ;
#2476 = ORIENTED_EDGE ( 'NONE', *, *, #1365, .T. ) ;
#2477 = LINE ( 'NONE', #2445, #2001 ) ;
#2478 = CARTESIAN_POINT ( 'NONE',  ( 14.03467703899156582, -3.814415872631197413, 6.999999999999999112 ) ) ;
#2479 = EDGE_LOOP ( 'NONE', ( #1273, #2706, #49, #1177 ) ) ;
#2480 = CARTESIAN_POINT ( 'NONE',  ( 8.796691176470590179, -6.441176470588234615, 6.600000000000000533 ) ) ;
#2481 = CARTESIAN_POINT ( 'NONE',  ( 10.11496486827953056, -4.377717477313018968, 7.000000000000003553 ) ) ;
#2482 = CARTESIAN_POINT ( 'NONE',  ( 4.564705882352940947, -1.499999999999998668, 7.000000000000000888 ) ) ;
#2483 = CARTESIAN_POINT ( 'NONE',  ( 3.876470588235294112, -7.500000000000000000, 7.000000000000000888 ) ) ;
#2484 = FACE_OUTER_BOUND ( 'NONE', #2220, .T. ) ;
#2485 = EDGE_CURVE ( 'NONE', #1651, #498, #1198, .T. ) ;
#2486 = PLANE ( 'NONE',  #2046 ) ;
#2487 = EDGE_CURVE ( 'NONE', #846, #816, #1413, .T. ) ;
#2488 = ORIENTED_EDGE ( 'NONE', *, *, #2437, .T. ) ;
#2489 = ORIENTED_EDGE ( 'NONE', *, *, #705, .F. ) ;
#2490 = CARTESIAN_POINT ( 'NONE',  ( 15.78823529411764426, -2.919485294117646568, 7.000000000000000888 ) ) ;
#2491 = ORIENTED_EDGE ( 'NONE', *, *, #1791, .F. ) ;
#2492 = CARTESIAN_POINT ( 'NONE',  ( 14.59972775967048442, -1.416828137547501809, 7.000000000000000000 ) ) ;
#2493 = CARTESIAN_POINT ( 'NONE',  ( 14.02022058823529349, -6.441176470588234615, 6.600000000000000533 ) ) ;
#2494 = ORIENTED_EDGE ( 'NONE', *, *, #2503, .T. ) ;
#2495 = FACE_OUTER_BOUND ( 'NONE', #2417, .T. ) ;
#2496 = PLANE ( 'NONE',  #1609 ) ;
#2497 = CARTESIAN_POINT ( 'NONE',  ( 13.74117647058823444, -2.921691176470587958, 6.600000000000000533 ) ) ;
#2498 = CARTESIAN_POINT ( 'NONE',  ( 15.64705882352940947, -6.441176470588234615, 7.000000000000000888 ) ) ;
#2499 = DIRECTION ( 'NONE',  ( -1.000000000000000000, 0.000000000000000000, -0.000000000000000000 ) ) ;
#2500 = EDGE_CURVE ( 'NONE', #2977, #295, #1766, .T. ) ;
#2501 = COLOUR_RGB ( '',0.7921568627450980005, 0.8196078431372548767, 0.9333333333333333481 ) ;
#2502 = EDGE_CURVE ( 'NONE', #1480, #3104, #2055, .T. ) ;
#2503 = EDGE_CURVE ( 'NONE', #1543, #1161, #2477, .T. ) ;
#2504 = CARTESIAN_POINT ( 'NONE',  ( 7.177005214800121990, -3.183443128691500146, 6.600000000000001421 ) ) ;
#2505 = CARTESIAN_POINT ( 'NONE',  ( 14.39304988570840571, -2.786055129638735028, 6.600000000000000533 ) ) ;
#2506 = VERTEX_POINT ( 'NONE', #293 ) ;
#2507 = CARTESIAN_POINT ( 'NONE',  ( 0.000000000000000000, 0.000000000000000000, 2.999999999999987121 ) ) ;
#2508 = EDGE_CURVE ( 'NONE', #846, #99, #1780, .T. ) ;
#2509 = EDGE_LOOP ( 'NONE', ( #319, #2344, #401, #2415 ) ) ;
#2510 = CARTESIAN_POINT ( 'NONE',  ( 13.07316928007599977, -1.576887491078281300, 6.600000000000001421 ) ) ;
#2511 = CARTESIAN_POINT ( 'NONE',  ( 0.000000000000000000, 169.0000000000000000, 0.000000000000000000 ) ) ;
#2512 = VERTEX_POINT ( 'NONE', #2251 ) ;
#2513 = PLANE ( 'NONE',  #1464 ) ;
#2514 = VECTOR ( 'NONE', #2043, 1000.000000000000000 ) ;
#2515 = FACE_OUTER_BOUND ( 'NONE', #2087, .T. ) ;
#2516 = DIRECTION ( 'NONE',  ( 0.000000000000000000, -1.000000000000000000, 0.000000000000000000 ) ) ;
#2517 = B_SPLINE_SURFACE_WITH_KNOTS ( 'NONE', 3, 1, ( 
 ( #326, #1287 ),
 ( #1544, #571 ),
 ( #342, #110 ),
 ( #1059, #2007 ),
 ( #2978, #2492 ),
 ( #1318, #383 ),
 ( #152, #1390 ),
 ( #642, #2538 ),
 ( #2269, #2098 ),
 ( #2283, #2298 ),
 ( #920, #412 ),
 ( #1109, #2553 ),
 ( #2523, #3041 ),
 ( #886, #2800 ),
 ( #139, #430 ),
 ( #2066, #2567 ),
 ( #2814, #2326 ),
 ( #371, #1376 ),
 ( #1094, #2081 ) ),
 .UNSPECIFIED., .F., .F., .F.,
 ( 4, 1, 1, 1, 1, 1, 1, 1, 1, 1, 1, 1, 1, 1, 1, 1, 4 ),
 ( 2, 2 ),
 ( 0.000000000000000000, 0.07978038261732485481, 0.1549966759828371732, 0.2260262074332097526, 0.2930463131284858358, 0.3574699384536035862, 0.4190577750378779442, 0.4785681621137724551, 0.5377311650149058098, 0.5959078447940504564, 0.6525497461507092645, 0.7088040383606813988, 0.7647012907638117696, 0.8211145403181796532, 0.8789431283378744686, 0.9382943128318724790, 1.000000000000000000 ),
 ( 0.000000000000000000, 1.000000000000000000 ),
 .UNSPECIFIED. ) ;
#2518 = DIRECTION ( 'NONE',  ( 0.000000000000000000, -1.000000000000000000, 0.000000000000000000 ) ) ;
#2519 = CARTESIAN_POINT ( 'NONE',  ( 15.78823529411764426, -2.919485294117646568, 7.000000000000001776 ) ) ;
#2520 = CARTESIAN_POINT ( 'NONE',  ( 15.27263556036500169, -4.495243318586074288, 6.600000000000001421 ) ) ;
#2521 = DIRECTION ( 'NONE',  ( -0.000000000000000000, -0.000000000000000000, 1.000000000000000000 ) ) ;
#2522 = VECTOR ( 'NONE', #823, 1000.000000000000000 ) ;
#2523 = CARTESIAN_POINT ( 'NONE',  ( 15.61383962476155673, -2.164680255633829375, 6.599999999999998757 ) ) ;
#2524 = CARTESIAN_POINT ( 'NONE',  ( 14.37872844553514540, -2.935763653844529752, 7.000000000000000888 ) ) ;
#2525 = ORIENTED_EDGE ( 'NONE', *, *, #92, .F. ) ;
#2526 = CARTESIAN_POINT ( 'NONE',  ( 7.178016958307124717, -3.035920749810411934, 7.000000000000003553 ) ) ;
#2527 = FACE_OUTER_BOUND ( 'NONE', #2788, .T. ) ;
#2528 = AXIS2_PLACEMENT_3D ( 'NONE', #130, #1487, #1261 ) ;
#2529 = ORIENTED_EDGE ( 'NONE', *, *, #1611, .F. ) ;
#2530 = CARTESIAN_POINT ( 'NONE',  ( 8.986905820451926985, -1.361988015459638435, 6.600000000000000533 ) ) ;
#2531 = EDGE_CURVE ( 'NONE', #1735, #1458, #2963, .T. ) ;
#2532 = CARTESIAN_POINT ( 'NONE',  ( 4.620290865490805032, -2.099258185895969575, 6.600000000000000533 ) ) ;
#2533 = FACE_OUTER_BOUND ( 'NONE', #351, .T. ) ;
#2534 = CARTESIAN_POINT ( 'NONE',  ( 7.836987248899290215, -5.511966128881380378, 7.000000000000000000 ) ) ;
#2535 = CARTESIAN_POINT ( 'NONE',  ( 14.00036764705882320, -1.358823529411763875, 7.000000000000000888 ) ) ;
#2536 = DIRECTION ( 'NONE',  ( -1.000000000000000000, 0.000000000000000000, 0.000000000000000000 ) ) ;
#2537 = B_SPLINE_SURFACE_WITH_KNOTS ( 'NONE', 3, 1, ( 
 ( #588, #968 ),
 ( #2639, #492 ),
 ( #90, #1044 ),
 ( #1452, #2392 ),
 ( #256, #2956 ),
 ( #809, #1759 ),
 ( #2717, #1295 ),
 ( #2230, #1022 ),
 ( #311, #1486 ),
 ( #1722, #1935 ),
 ( #2727, #2227 ),
 ( #2678, #101 ),
 ( #1500, #1052 ),
 ( #2902, #2481 ),
 ( #1998, #2181 ),
 ( #2919, #1290 ),
 ( #748, #532 ),
 ( #2211, #1008 ),
 ( #1703, #1305 ),
 ( #1531, #514 ),
 ( #2934, #2448 ),
 ( #1951, #2662 ),
 ( #785, #2240 ),
 ( #1473, #2694 ),
 ( #1513, #1739 ),
 ( #115, #2419 ),
 ( #280, #2434 ) ),
 .UNSPECIFIED., .F., .F., .F.,
 ( 4, 1, 1, 1, 1, 1, 1, 1, 1, 1, 1, 1, 1, 1, 1, 1, 1, 1, 1, 1, 1, 1, 1, 1, 4 ),
 ( 2, 2 ),
 ( 0.000000000000000000, 0.03233836612938374017, 0.06535045975697138798, 0.09914269457500861360, 0.1335436458252357572, 0.1692560224231898225, 0.2055102093036293986, 0.2431765376944867996, 0.2819144820702521037, 0.3032919227675340279, 0.3273814436838707320, 0.3549399424438570150, 0.3856069936089844274, 0.4192532667432053439, 0.4561582912936344991, 0.4961894850518846489, 0.5395856280371509328, 0.5860259654031485521, 0.6356868246814195711, 0.6884831127618971092, 0.7443358704240019552, 0.8034075275879937195, 0.8657711897571782611, 0.9313529862909943891, 1.000000000000000000 ),
 ( 0.000000000000000000, 1.000000000000000000 ),
 .UNSPECIFIED. ) ;
#2538 = CARTESIAN_POINT ( 'NONE',  ( 15.08347187638971221, -1.604402531515020325, 7.000000000000000888 ) ) ;
#2539 = CARTESIAN_POINT ( 'NONE',  ( 13.06051666066399264, -5.511966128881381266, 7.000000000000000888 ) ) ;
#2540 = ORIENTED_EDGE ( 'NONE', *, *, #1625, .F. ) ;
#2541 = CARTESIAN_POINT ( 'NONE',  ( 4.992144817388100897, -5.320576301747178327, 6.600000000000002309 ) ) ;
#2542 = LINE ( 'NONE', #1592, #764 ) ;
#2543 = ORIENTED_EDGE ( 'NONE', *, *, #451, .T. ) ;
#2544 = CARTESIAN_POINT ( 'NONE',  ( 13.75958542169052734, -2.602133346995949115, 7.000000000000000000 ) ) ;
#2545 = CARTESIAN_POINT ( 'NONE',  ( 4.952941176470588402, -5.761764705882352899, 6.600000000000000533 ) ) ;
#2546 = CARTESIAN_POINT ( 'NONE',  ( 13.80138154546788343, -2.444563656209963742, 6.599999999999999645 ) ) ;
#2547 = CARTESIAN_POINT ( 'NONE',  ( 10.21935557709982767, -1.913218041690127658, 7.000000000000002665 ) ) ;
#2548 = EDGE_CURVE ( 'NONE', #435, #960, #3018, .T. ) ;
#2549 = CARTESIAN_POINT ( 'NONE',  ( 15.54146875360966540, -3.986255849943769025, 6.999999999999998224 ) ) ;
#2550 = STYLED_ITEM ( 'NONE', ( #1055 ), #2751 ) ;
#2551 = CARTESIAN_POINT ( 'NONE',  ( 15.68890614556065621, -3.586725183556102259, 6.600000000000004086 ) ) ;
#2552 = VECTOR ( 'NONE', #1809, 1000.000000000000000 ) ;
#2553 = CARTESIAN_POINT ( 'NONE',  ( 15.53541268399046693, -2.035379566318810785, 7.000000000000000888 ) ) ;
#2554 = AXIS2_PLACEMENT_3D ( 'NONE', #1914, #2878, #727 ) ;
#2555 = CARTESIAN_POINT ( 'NONE',  ( 9.170588235294118817, -2.758455882352940591, 6.600000000000000533 ) ) ;
#2556 = VERTEX_POINT ( 'NONE', #528 ) ;
#2557 = DIRECTION ( 'NONE',  ( 0.000000000000000000, -1.000000000000000000, 0.000000000000000000 ) ) ;
#2558 = CARTESIAN_POINT ( 'NONE',  ( 8.640183411698510341, -2.347643873891812394, 7.000000000000000888 ) ) ;
#2559 = ADVANCED_FACE ( 'NONE', ( #2236 ), #781, .T. ) ;
#2560 = VERTEX_POINT ( 'NONE', #2191 ) ;
#2561 = DIRECTION ( 'NONE',  ( -0.000000000000000000, -0.000000000000000000, -1.000000000000000000 ) ) ;
#2562 = CARTESIAN_POINT ( 'NONE',  ( 2.941176470588235059, -1.499999999999998668, 6.600000000000000533 ) ) ;
#2563 = CARTESIAN_POINT ( 'NONE',  ( 13.99184302542526659, -2.280109551419433167, 6.600000000000000533 ) ) ;
#2564 = DIRECTION ( 'NONE',  ( -1.000000000000000000, 0.000000000000000000, 1.445602896647339410E-16 ) ) ;
#2565 = CARTESIAN_POINT ( 'NONE',  ( 8.704334124614550916, -1.360421891417595841, 6.600000000000001421 ) ) ;
#2566 = CARTESIAN_POINT ( 'NONE',  ( 1.000000000000000000, 0.000000000000000000, 6.000000000000000888 ) ) ;
#2567 = CARTESIAN_POINT ( 'NONE',  ( 15.76187910815784043, -2.597230362318973196, 7.000000000000000888 ) ) ;
#2568 = CARTESIAN_POINT ( 'NONE',  ( 7.849639868311294677, -1.576887491078280856, 6.600000000000001421 ) ) ;
#2569 = VERTEX_POINT ( 'NONE', #1079 ) ;
#2570 = DIRECTION ( 'NONE',  ( 0.000000000000000000, 1.000000000000000000, 0.000000000000000000 ) ) ;
#2571 = LINE ( 'NONE', #679, #1712 ) ;
#2572 = VECTOR ( 'NONE', #1747, 1000.000000000000000 ) ;
#2573 = ORIENTED_EDGE ( 'NONE', *, *, #1713, .F. ) ;
#2574 = CARTESIAN_POINT ( 'NONE',  ( 9.188148780613438760, -1.383702607623102931, 6.600000000000002309 ) ) ;
#2575 = CARTESIAN_POINT ( 'NONE',  ( 12.41764705882352793, -6.582352941176469407, 7.000000000000000888 ) ) ;
#2576 = ORIENTED_EDGE ( 'NONE', *, *, #64, .T. ) ;
#2577 = CARTESIAN_POINT ( 'NONE',  ( 2.899999999999999911, 0.000000000000000000, 0.000000000000000000 ) ) ;
#2578 = VECTOR ( 'NONE', #443, 1000.000000000000000 ) ;
#2579 = CARTESIAN_POINT ( 'NONE',  ( 9.188148780613438760, -1.383702607623102931, 7.000000000000002665 ) ) ;
#2580 = CARTESIAN_POINT ( 'NONE',  ( 5.238602941176470296, -2.596323529411763698, 6.600000000000000533 ) ) ;
#2581 = CARTESIAN_POINT ( 'NONE',  ( 9.376198347905777553, -1.416828137547501365, 6.999999999999999112 ) ) ;
#2582 = CARTESIAN_POINT ( 'NONE',  ( 28.99999999999999645, 168.0000000000000000, -14.00000000000000000 ) ) ;
#2583 = LINE ( 'NONE', #1681, #1012 ) ;
#2584 = EDGE_CURVE ( 'NONE', #2884, #941, #2311, .T. ) ;
#2585 = CARTESIAN_POINT ( 'NONE',  ( 9.129028293713160380, -2.466308339457318421, 6.599999999999997868 ) ) ;
#2586 = ORIENTED_EDGE ( 'NONE', *, *, #1014, .T. ) ;
#2587 = DIRECTION ( 'NONE',  ( 0.9998151400298467273, -0.01922721423134408220, 0.000000000000000000 ) ) ;
#2588 = DIRECTION ( 'NONE',  ( -1.000000000000000000, 0.000000000000000000, 0.000000000000000000 ) ) ;
#2589 = ORIENTED_EDGE ( 'NONE', *, *, #1316, .F. ) ;
#2590 = DIRECTION ( 'NONE',  ( 0.000000000000000000, 1.000000000000000000, 0.000000000000000000 ) ) ;
#2591 = B_SPLINE_SURFACE_WITH_KNOTS ( 'NONE', 3, 1, ( 
 ( #1862, #489 ),
 ( #2635, #670 ),
 ( #965, #2356 ),
 ( #1631, #2872 ),
 ( #2127, #2581 ),
 ( #950, #720 ),
 ( #442, #1169 ),
 ( #2386, #1220 ),
 ( #26, #981 ),
 ( #2892, #755 ),
 ( #998, #1463 ),
 ( #1940, #2907 ),
 ( #42, #1709 ),
 ( #2667, #2406 ),
 ( #269, #1237 ),
 ( #2169, #1793 ),
 ( #1332, #2282 ),
 ( #3009, #1892 ),
 ( #1861, #856 ) ),
 .UNSPECIFIED., .F., .F., .F.,
 ( 4, 1, 1, 1, 1, 1, 1, 1, 1, 1, 1, 1, 1, 1, 1, 1, 4 ),
 ( 2, 2 ),
 ( 0.000000000000000000, 0.07978038261732484093, 0.1549966759828371454, 0.2260262074332097249, 0.2930463131284857803, 0.3574699384536035307, 0.4190577750378778887, 0.4785681621137723996, 0.5377311650149056987, 0.5959078447940503453, 0.6525497461507091534, 0.7088040383606812878, 0.7647012907638116586, 0.8211145403181795421, 0.8789431283378743576, 0.9382943128318724790, 1.000000000000000000 ),
 ( 0.000000000000000000, 1.000000000000000000 ),
 .UNSPECIFIED. ) ;
#2592 = LINE ( 'NONE', #2121, #77 ) ;
#2593 = ORIENTED_EDGE ( 'NONE', *, *, #72, .T. ) ;
#2594 = CARTESIAN_POINT ( 'NONE',  ( 30.00000000000000000, 168.0000000000000000, -14.00000000000000000 ) ) ;
#2595 = CARTESIAN_POINT ( 'NONE',  ( 4.952941176470589291, -5.761764705882353788, 7.000000000000001776 ) ) ;
#2596 = AXIS2_PLACEMENT_3D ( 'NONE', #1608, #186, #439 ) ;
#2597 = CARTESIAN_POINT ( 'NONE',  ( 10.56470588235294272, -2.919485294117646568, 7.000000000000000888 ) ) ;
#2598 = ADVANCED_FACE ( 'NONE', ( #558 ), #2517, .T. ) ;
#2599 = DIRECTION ( 'NONE',  ( -0.000000000000000000, -1.000000000000000000, -0.000000000000000000 ) ) ;
#2600 = CARTESIAN_POINT ( 'NONE',  ( 14.07154033103717516, -6.365585828466784335, 6.600000000000001421 ) ) ;
#2601 = CARTESIAN_POINT ( 'NONE',  ( 12.41764705882352793, -6.582352941176469407, 6.600000000000000533 ) ) ;
#2602 = ADVANCED_FACE ( 'NONE', ( #2035 ), #614, .T. ) ;
#2603 = VECTOR ( 'NONE', #2208, 1000.000000000000000 ) ;
#2604 = CARTESIAN_POINT ( 'NONE',  ( 5.341176470588235858, -1.499999999999998668, 6.600000000000000533 ) ) ;
#2605 = CARTESIAN_POINT ( 'NONE',  ( 7.709563613804286675, -1.673122836829340931, 6.999999999999997335 ) ) ;
#2606 = ORIENTED_EDGE ( 'NONE', *, *, #72, .F. ) ;
#2607 = DIRECTION ( 'NONE',  ( 0.000000000000000000, 0.000000000000000000, -1.000000000000000000 ) ) ;
#2608 = SPHERICAL_SURFACE ( 'NONE', #2351, 1.000000000000000000 ) ;
#2609 = ORIENTED_EDGE ( 'NONE', *, *, #853, .F. ) ;
#2610 = CARTESIAN_POINT ( 'NONE',  ( 12.39999999999999858, -3.261397058823528816, 6.600000000000000533 ) ) ;
#2611 = FACE_OUTER_BOUND ( 'NONE', #17, .T. ) ;
#2612 = EDGE_LOOP ( 'NONE', ( #493, #1182, #1743, #1381 ) ) ;
#2613 = CARTESIAN_POINT ( 'NONE',  ( 10.56185789775651784, -3.049507983706079450, 6.600000000000002309 ) ) ;
#2614 = VECTOR ( 'NONE', #2053, 1000.000000000000000 ) ;
#2615 = CARTESIAN_POINT ( 'NONE',  ( 5.206128562069443966, -2.946312314829218071, 6.600000000000000533 ) ) ;
#2616 = LINE ( 'NONE', #1445, #229 ) ;
#2617 = VECTOR ( 'NONE', #1997, 1000.000000000000000 ) ;
#2618 = VECTOR ( 'NONE', #2217, 1000.000000000000000 ) ;
#2619 = CARTESIAN_POINT ( 'NONE',  ( 1.000000000000000000, -10.00000000000000000, 0.000000000000000000 ) ) ;
#2620 = DIRECTION ( 'NONE',  ( 0.000000000000000000, 0.000000000000000000, -1.000000000000000000 ) ) ;
#2621 = CARTESIAN_POINT ( 'NONE',  ( 13.78785168847599252, -1.363508469764082909, 6.600000000000001421 ) ) ;
#2622 = CARTESIAN_POINT ( 'NONE',  ( 8.870018489250034222, -2.277898549626389268, 6.599999999999999645 ) ) ;
#2623 = ORIENTED_EDGE ( 'NONE', *, *, #756, .F. ) ;
#2624 = CARTESIAN_POINT ( 'NONE',  ( 27.09999999999999787, 0.000000000000000000, 0.000000000000000000 ) ) ;
#2625 = CARTESIAN_POINT ( 'NONE',  ( 13.74117647058823444, -3.476470588235293757, 7.000000000000000888 ) ) ;
#2626 = ORIENTED_EDGE ( 'NONE', *, *, #2508, .T. ) ;
#2627 = DIRECTION ( 'NONE',  ( 1.000000000000000000, 0.000000000000000000, -0.000000000000000000 ) ) ;
#2628 = FACE_OUTER_BOUND ( 'NONE', #1058, .T. ) ;
#2629 = ORIENTED_EDGE ( 'NONE', *, *, #1389, .T. ) ;
#2630 = LINE ( 'NONE', #2594, #1750 ) ;
#2631 = CARTESIAN_POINT ( 'NONE',  ( 4.992144817388100897, -5.320576301747178327, 6.600000000000001421 ) ) ;
#2632 = ADVANCED_FACE ( 'NONE', ( #3026 ), #1070, .T. ) ;
#2633 = DIRECTION ( 'NONE',  ( 0.000000000000000000, 0.000000000000000000, 1.000000000000000000 ) ) ;
#2634 = VECTOR ( 'NONE', #149, 1000.000000000000000 ) ;
#2635 = CARTESIAN_POINT ( 'NONE',  ( 8.848222008561036134, -1.359898864068360691, 6.600000000000000533 ) ) ;
#2636 = CARTESIAN_POINT ( 'NONE',  ( 13.55849466607734932, -4.662523910439277941, 6.600000000000000533 ) ) ;
#2637 = EDGE_CURVE ( 'NONE', #1752, #2454, #2583, .T. ) ;
#2638 = CARTESIAN_POINT ( 'NONE',  ( 15.00000000000000000, 2.000000000000000000, -1.099120502234749572E-15 ) ) ;
#2639 = CARTESIAN_POINT ( 'NONE',  ( 10.56376310135650165, -2.962527282829122921, 6.599999999999999645 ) ) ;
#2640 = ORIENTED_EDGE ( 'NONE', *, *, #1905, .T. ) ;
#2641 = FACE_OUTER_BOUND ( 'NONE', #197, .T. ) ;
#2642 = CARTESIAN_POINT ( 'NONE',  ( 14.39411764705882213, -2.758455882352940591, 6.600000000000000533 ) ) ;
#2643 = ORIENTED_EDGE ( 'NONE', *, *, #223, .F. ) ;
#2644 = ORIENTED_EDGE ( 'NONE', *, *, #359, .F. ) ;
#2645 = CARTESIAN_POINT ( 'NONE',  ( 7.366676253399278451, -6.297360158885915382, 6.600000000000000533 ) ) ;
#2646 = CARTESIAN_POINT ( 'NONE',  ( 14.31703536343084160, -2.397052198627206643, 6.600000000000002309 ) ) ;
#2647 = CARTESIAN_POINT ( 'NONE',  ( 30.00000000000000000, 169.0000000000000000, 3.000000000000000000 ) ) ;
#2648 = PRODUCT_DEFINITION_FORMATION_WITH_SPECIFIED_SOURCE ( 'ANY', '', #2062, .NOT_KNOWN. ) ;
#2649 = EDGE_CURVE ( 'NONE', #906, #95, #1864, .T. ) ;
#2650 = CARTESIAN_POINT ( 'NONE',  ( 7.688260566322707490, -5.758987081303165390, 6.600000000000003197 ) ) ;
#2651 = CARTESIAN_POINT ( 'NONE',  ( 8.561006244005714194, -2.489184056055177674, 6.600000000000003197 ) ) ;
#2652 = ADVANCED_FACE ( 'NONE', ( #476 ), #2830, .T. ) ;
#2653 = CARTESIAN_POINT ( 'NONE',  ( 12.59020566516398354, -6.297360158885916270, 7.000000000000001776 ) ) ;
#2654 = CARTESIAN_POINT ( 'NONE',  ( 15.64705882352940947, -7.500000000000000000, 7.000000000000000888 ) ) ;
#2655 = VERTEX_POINT ( 'NONE', #2145 ) ;
#2656 = FACE_BOUND ( 'NONE', #550, .T. ) ;
#2657 = CARTESIAN_POINT ( 'NONE',  ( 15.08347187638971221, -1.604402531515020325, 6.600000000000000533 ) ) ;
#2658 = VERTEX_POINT ( 'NONE', #1406 ) ;
#2659 = CARTESIAN_POINT ( 'NONE',  ( 10.42352941176470615, -7.500000000000000000, 7.000000000000000888 ) ) ;
#2660 = ORIENTED_EDGE ( 'NONE', *, *, #54, .T. ) ;
#2661 = CARTESIAN_POINT ( 'NONE',  ( 10.27003287591467640, -4.087575816759381198, 6.600000000000002309 ) ) ;
#2662 = CARTESIAN_POINT ( 'NONE',  ( 9.358643000605736617, -5.594126133692548741, 7.000000000000000000 ) ) ;
#2663 = CARTESIAN_POINT ( 'NONE',  ( 5.103606957474752903, -4.068375881436323560, 7.000000000000002665 ) ) ;
#2664 = CARTESIAN_POINT ( 'NONE',  ( 14.37752937226036387, -2.550352058953419210, 7.000000000000001776 ) ) ;
#2665 = VECTOR ( 'NONE', #1176, 1000.000000000000114 ) ;
#2666 = CARTESIAN_POINT ( 'NONE',  ( 9.169520473943702399, -2.786055129638735028, 7.000000000000000888 ) ) ;
#2667 = CARTESIAN_POINT ( 'NONE',  ( 10.45524444451011981, -2.301110198727988276, 6.600000000000004086 ) ) ;
#2668 = CARTESIAN_POINT ( 'NONE',  ( 14.18626060160053193, -3.506234959614521696, 7.000000000000000888 ) ) ;
#2669 = AXIS2_PLACEMENT_3D ( 'NONE', #1089, #1132, #2499 ) ;
#2670 = LINE ( 'NONE', #1538, #306 ) ;
#2671 = ORIENTED_EDGE ( 'NONE', *, *, #752, .T. ) ;
#2672 = CARTESIAN_POINT ( 'NONE',  ( 8.602184687017931708, -2.396612628414425572, 6.600000000000002309 ) ) ;
#2673 = EDGE_CURVE ( 'NONE', #2898, #1158, #935, .T. ) ;
#2674 = ORIENTED_EDGE ( 'NONE', *, *, #1535, .F. ) ;
#2675 = DIRECTION ( 'NONE',  ( 0.000000000000000000, 0.000000000000000000, -1.000000000000000000 ) ) ;
#2676 = ORIENTED_EDGE ( 'NONE', *, *, #990, .F. ) ;
#2677 = CARTESIAN_POINT ( 'NONE',  ( 14.00036764705882320, -1.358823529411763875, 6.600000000000000533 ) ) ;
#2678 = CARTESIAN_POINT ( 'NONE',  ( 10.22665347782604250, -4.174562649691596405, 6.600000000000001421 ) ) ;
#2679 = ADVANCED_FACE ( 'NONE', ( #673 ), #10, .T. ) ;
#2680 = CARTESIAN_POINT ( 'NONE',  ( 13.74127570374233720, -2.831918662295244360, 7.000000000000000000 ) ) ;
#2681 = CARTESIAN_POINT ( 'NONE',  ( 14.39083917437210225, -2.649579060163613775, 7.000000000000000000 ) ) ;
#2682 = VECTOR ( 'NONE', #2857, 1000.000000000000000 ) ;
#2683 = CARTESIAN_POINT ( 'NONE',  ( 9.103649125318623803, -3.140805843584632662, 7.000000000000000888 ) ) ;
#2684 = CARTESIAN_POINT ( 'NONE',  ( 8.549118751497974955, -2.542093370188200918, 6.599999999999999645 ) ) ;
#2685 = ORIENTED_EDGE ( 'NONE', *, *, #2065, .T. ) ;
#2686 = VECTOR ( 'NONE', #749, 1000.000000000000000 ) ;
#2687 = SURFACE_STYLE_USAGE ( .BOTH. , #78 ) ;
#2688 = CARTESIAN_POINT ( 'NONE',  ( 13.06051666066399264, -5.511966128881381266, 6.600000000000000533 ) ) ;
#2689 = ORIENTED_EDGE ( 'NONE', *, *, #289, .F. ) ;
#2690 = CARTESIAN_POINT ( 'NONE',  ( 8.536056009925824029, -2.602133346995949115, 6.599999999999999645 ) ) ;
#2691 = ORIENTED_EDGE ( 'NONE', *, *, #1342, .F. ) ;
#2692 = VERTEX_POINT ( 'NONE', #1466 ) ;
#2693 = CARTESIAN_POINT ( 'NONE',  ( 9.482190712078777395, -5.408203269472836361, 6.600000000000001421 ) ) ;
#2694 = CARTESIAN_POINT ( 'NONE',  ( 9.091687114746699550, -5.998872006215073327, 7.000000000000000888 ) ) ;
#2695 = LINE ( 'NONE', #1501, #921 ) ;
#2696 = DIRECTION ( 'NONE',  ( -0.000000000000000000, -0.000000000000000000, -1.000000000000000000 ) ) ;
#2697 = CARTESIAN_POINT ( 'NONE',  ( 8.223727130496191862, -4.853423947869028865, 7.000000000000000000 ) ) ;
#2698 = ORIENTED_EDGE ( 'NONE', *, *, #1614, .F. ) ;
#2699 = CARTESIAN_POINT ( 'NONE',  ( 14.31521652651139931, -5.998872006215072439, 6.999999999999999112 ) ) ;
#2700 = ADVANCED_FACE ( 'NONE', ( #1895 ), #206, .F. ) ;
#2701 = DIRECTION ( 'NONE',  ( -0.000000000000000000, -0.000000000000000000, 1.000000000000000000 ) ) ;
#2702 = EDGE_LOOP ( 'NONE', ( #2644, #1265, #2698, #2966 ) ) ;
#2703 = EDGE_CURVE ( 'NONE', #2159, #2397, #1927, .T. ) ;
#2704 = EDGE_LOOP ( 'NONE', ( #2946, #1096, #2671, #510 ) ) ;
#2705 = CARTESIAN_POINT ( 'NONE',  ( 8.517681207089992768, -2.890798520054167042, 6.600000000000000533 ) ) ;
#2706 = ORIENTED_EDGE ( 'NONE', *, *, #852, .F. ) ;
#2707 = CARTESIAN_POINT ( 'NONE',  ( 14.06764705882352828, -2.276470588235293135, 7.000000000000000888 ) ) ;
#2708 = ORIENTED_EDGE ( 'NONE', *, *, #384, .F. ) ;
#2709 = CARTESIAN_POINT ( 'NONE',  ( 10.11496486827953056, -4.377717477313018968, 6.600000000000002309 ) ) ;
#2710 = CARTESIAN_POINT ( 'NONE',  ( 5.031129217995883529, -4.889024880252959449, 6.999999999999998224 ) ) ;
#2711 = DIRECTION ( 'NONE',  ( 0.000000000000000000, -1.000000000000000000, 0.000000000000000000 ) ) ;
#2712 = CARTESIAN_POINT ( 'NONE',  ( 4.726162463976020689, -3.248523952013490756, 7.000000000000002665 ) ) ;
#2713 = VECTOR ( 'NONE', #538, 1000.000000000000000 ) ;
#2714 = CARTESIAN_POINT ( 'NONE',  ( 9.170588235294118817, -2.758455882352940591, 7.000000000000000888 ) ) ;
#2715 =( BOUNDED_CURVE ( )  B_SPLINE_CURVE ( 3, ( #190, #2310, #3068, #2582 ),
 .UNSPECIFIED., .F., .T. ) 
 B_SPLINE_CURVE_WITH_KNOTS ( ( 4, 4 ),
 ( 3.141592653589793116, 4.712388980384689674 ),
 .UNSPECIFIED. ) 
 CURVE ( )  GEOMETRIC_REPRESENTATION_ITEM ( )  RATIONAL_B_SPLINE_CURVE ( ( 1.000000000000000000, 0.8047378541243649375, 0.8047378541243649375, 1.000000000000000000 ) ) 
 REPRESENTATION_ITEM ( '' )  );
#2716 = CARTESIAN_POINT ( 'NONE',  ( 13.78453565577041928, -2.489184056055177674, 6.600000000000003197 ) ) ;
#2717 = CARTESIAN_POINT ( 'NONE',  ( 10.46537673379595290, -3.586725183556103147, 6.600000000000000533 ) ) ;
#2718 = CARTESIAN_POINT ( 'NONE',  ( 12.41160152221134005, -2.827708346045784804, 7.000000000000002665 ) ) ;
#2719 = CARTESIAN_POINT ( 'NONE',  ( 14.37872844553514540, -2.935763653844529752, 6.600000000000000533 ) ) ;
#2720 = EDGE_LOOP ( 'NONE', ( #969, #3043, #2820, #1621 ) ) ;
#2721 = DIRECTION ( 'NONE',  ( -0.000000000000000000, -0.000000000000000000, 1.000000000000000000 ) ) ;
#2722 = VECTOR ( 'NONE', #50, 1000.000000000000000 ) ;
#2723 = ORIENTED_EDGE ( 'NONE', *, *, #2388, .F. ) ;
#2724 = CARTESIAN_POINT ( 'NONE',  ( 13.92786353637925600, -1.360421891417595841, 6.600000000000001421 ) ) ;
#2725 = ORIENTED_EDGE ( 'NONE', *, *, #2753, .F. ) ;
#2726 = DIRECTION ( 'NONE',  ( 0.000000000000000000, 0.000000000000000000, -1.000000000000000000 ) ) ;
#2727 = CARTESIAN_POINT ( 'NONE',  ( 10.27003287591467640, -4.087575816759381198, 6.600000000000002309 ) ) ;
#2728 = CARTESIAN_POINT ( 'NONE',  ( 13.75119688067594836, -2.670772664561498644, 6.600000000000002309 ) ) ;
#2729 = DIRECTION ( 'NONE',  ( -1.000000000000000000, 0.000000000000000000, 0.000000000000000000 ) ) ;
#2730 = EDGE_CURVE ( 'NONE', #2159, #1456, #3085, .T. ) ;
#2731 = EDGE_CURVE ( 'NONE', #1762, #1057, #1451, .T. ) ;
#2732 = EDGE_CURVE ( 'NONE', #95, #766, #1667, .T. ) ;
#2733 = DIRECTION ( 'NONE',  ( -0.000000000000000000, -0.000000000000000000, 1.000000000000000000 ) ) ;
#2734 = AXIS2_PLACEMENT_3D ( 'NONE', #2132, #2587, #2148 ) ;
#2735 = CARTESIAN_POINT ( 'NONE',  ( 13.74117647058823444, -2.921691176470587958, 6.600000000000000533 ) ) ;
#2736 = ADVANCED_FACE ( 'NONE', ( #1909 ), #28, .T. ) ;
#2737 = VERTEX_POINT ( 'NONE', #706 ) ;
#2738 = CIRCLE ( 'NONE', #2425, 1.000000000000000000 ) ;
#2739 = ORIENTED_EDGE ( 'NONE', *, *, #1300, .F. ) ;
#2740 = CARTESIAN_POINT ( 'NONE',  ( 6.964705882352941302, -1.499999999999998668, 6.600000000000000533 ) ) ;
#2741 = ORIENTED_EDGE ( 'NONE', *, *, #133, .T. ) ;
#2742 = ADVANCED_FACE ( 'NONE', ( #2409 ), #224, .T. ) ;
#2743 = CARTESIAN_POINT ( 'NONE',  ( 14.39079182786001709, -2.844420884232613744, 7.000000000000000000 ) ) ;
#2744 = ORIENTED_EDGE ( 'NONE', *, *, #844, .T. ) ;
#2745 = CARTESIAN_POINT ( 'NONE',  ( 28.99999999999999645, 168.0000000000000000, -14.00000000000000000 ) ) ;
#2746 = LINE ( 'NONE', #646, #207 ) ;
#2747 = CARTESIAN_POINT ( 'NONE',  ( 13.74121061885469430, -2.890798520054167042, 6.600000000000000533 ) ) ;
#2748 = CARTESIAN_POINT ( 'NONE',  ( 4.620290865490805032, -2.099258185895969575, 7.000000000000000888 ) ) ;
#2749 = CARTESIAN_POINT ( 'NONE',  ( 7.176470588235295267, -7.500000000000000000, 6.600000000000000533 ) ) ;
#2750 = EDGE_CURVE ( 'NONE', #1395, #938, #2129, .T. ) ;
#2751 = MANIFOLD_SOLID_BREP ( 'Fillet1', #283 ) ;
#2752 = CARTESIAN_POINT ( 'NONE',  ( 6.170588235294117929, -7.500000000000000000, 6.600000000000000533 ) ) ;
#2753 = EDGE_CURVE ( 'NONE', #2162, #2288, #793, .T. ) ;
#2754 = EDGE_CURVE ( 'NONE', #470, #82, #1266, .T. ) ;
#2755 = CARTESIAN_POINT ( 'NONE',  ( 4.564705882352940947, -1.499999999999998668, 7.000000000000000888 ) ) ;
#2756 = VECTOR ( 'NONE', #203, 1000.000000000000000 ) ;
#2757 = CARTESIAN_POINT ( 'NONE',  ( 15.78729251312121029, -2.962527282829123365, 6.600000000000000533 ) ) ;
#2758 = EDGE_LOOP ( 'NONE', ( #2209, #1392, #1776, #398 ) ) ;
#2759 = CARTESIAN_POINT ( 'NONE',  ( 30.00000000000000000, 169.0000000000000000, -4.000000000000000000 ) ) ;
#2760 = ORIENTED_EDGE ( 'NONE', *, *, #2263, .T. ) ;
#2761 = CARTESIAN_POINT ( 'NONE',  ( 12.40053462656482353, -3.183443128691500146, 7.000000000000000000 ) ) ;
#2762 = CARTESIAN_POINT ( 'NONE',  ( 7.177005214800121990, -3.183443128691500146, 7.000000000000001776 ) ) ;
#2763 = ORIENTED_EDGE ( 'NONE', *, *, #1840, .F. ) ;
#2764 = CARTESIAN_POINT ( 'NONE',  ( 5.103606957474752903, -4.068375881436323560, 6.600000000000002309 ) ) ;
#2765 = FACE_OUTER_BOUND ( 'NONE', #3079, .T. ) ;
#2766 = CARTESIAN_POINT ( 'NONE',  ( 4.939350041898196153, -5.608822481898290135, 7.000000000000000888 ) ) ;
#2767 = DIRECTION ( 'NONE',  ( 1.000000000000000000, 0.000000000000000000, 0.000000000000000000 ) ) ;
#2768 = VECTOR ( 'NONE', #491, 1000.000000000000000 ) ;
#2769 = CARTESIAN_POINT ( 'NONE',  ( 7.188072110446637630, -2.827708346045783916, 6.599999999999999645 ) ) ;
#2770 = DIRECTION ( 'NONE',  ( 0.000000000000000000, -0.000000000000000000, -1.000000000000000000 ) ) ;
#2771 = ORIENTED_EDGE ( 'NONE', *, *, #2985, .F. ) ;
#2772 = VECTOR ( 'NONE', #1604, 1000.000000000000000 ) ;
#2773 = LINE ( 'NONE', #370, #147 ) ;
#2774 = CARTESIAN_POINT ( 'NONE',  ( 12.44735507120605611, -2.484588863844386264, 7.000000000000001776 ) ) ;
#2775 = ORIENTED_EDGE ( 'NONE', *, *, #2388, .T. ) ;
#2776 = CARTESIAN_POINT ( 'NONE',  ( 14.00036764705882320, -1.358823529411763875, 7.000000000000000888 ) ) ;
#2777 = CARTESIAN_POINT ( 'NONE',  ( 5.238602941176470296, -2.596323529411763698, 7.000000000000000888 ) ) ;
#2778 = EDGE_CURVE ( 'NONE', #1963, #938, #2670, .T. ) ;
#2779 = CARTESIAN_POINT ( 'NONE',  ( 10.21935557709982767, -1.913218041690127658, 6.600000000000002309 ) ) ;
#2780 = CARTESIAN_POINT ( 'NONE',  ( 4.823234822452847403, -4.313963975187747657, 6.599999999999998757 ) ) ;
#2781 = ADVANCED_FACE ( 'NONE', ( #302 ), #2486, .F. ) ;
#2782 = DIRECTION ( 'NONE',  ( -0.000000000000000000, -0.000000000000000000, 1.000000000000000000 ) ) ;
#2783 = CARTESIAN_POINT ( 'NONE',  ( 9.091687114746699550, -5.998872006215073327, 7.000000000000000000 ) ) ;
#2784 = CARTESIAN_POINT ( 'NONE',  ( 13.92786353637925600, -1.360421891417595841, 7.000000000000001776 ) ) ;
#2785 = CARTESIAN_POINT ( 'NONE',  ( 7.176470588235295267, -3.476470588235293757, 6.600000000000000533 ) ) ;
#2786 = CARTESIAN_POINT ( 'NONE',  ( 12.53857772515762470, -2.195216710144686445, 7.000000000000000888 ) ) ;
#2787 = CARTESIAN_POINT ( 'NONE',  ( 14.39411764705882213, -2.758455882352940591, 7.000000000000000888 ) ) ;
#2788 = EDGE_LOOP ( 'NONE', ( #432, #1016, #34, #2173 ) ) ;
#2789 = CARTESIAN_POINT ( 'NONE',  ( 15.78722817985648419, -2.864253073835259844, 7.000000000000000888 ) ) ;
#2790 = PLANE ( 'NONE',  #2815 ) ;
#2791 = EDGE_CURVE ( 'NONE', #2223, #1735, #1478, .T. ) ;
#2792 = VERTEX_POINT ( 'NONE', #2957 ) ;
#2793 = CARTESIAN_POINT ( 'NONE',  ( 10.53834969639313357, -2.597230362318972752, 6.600000000000003197 ) ) ;
#2794 = DIRECTION ( 'NONE',  ( -1.000000000000000000, 0.000000000000000000, 0.000000000000000000 ) ) ;
#2795 = CARTESIAN_POINT ( 'NONE',  ( 9.376198347905777553, -1.416828137547501365, 6.999999999999999112 ) ) ;
#2796 = CARTESIAN_POINT ( 'NONE',  ( 8.175844516715327970, -1.435339545018472718, 6.599999999999999645 ) ) ;
#2797 = CARTESIAN_POINT ( 'NONE',  ( 13.74117647058823444, -3.476470588235293757, 6.600000000000000533 ) ) ;
#2798 = ADVANCED_FACE ( 'NONE', ( #2926 ), #2201, .T. ) ;
#2799 = B_SPLINE_SURFACE_WITH_KNOTS ( 'NONE', 3, 1, ( 
 ( #1418, #2355 ),
 ( #220, #2126 ),
 ( #2923, #1236 ),
 ( #6, #791 ),
 ( #997, #2155 ),
 ( #2385, #1433 ),
 ( #1677, #1727 ),
 ( #2651, #2371 ),
 ( #2684, #2439 ),
 ( #237, #1708 ),
 ( #25, #2405 ),
 ( #1476, #268 ),
 ( #964, #2939 ),
 ( #980, #41 ),
 ( #1204, #1251 ) ),
 .UNSPECIFIED., .F., .F., .F.,
 ( 4, 1, 1, 1, 1, 1, 1, 1, 1, 1, 1, 1, 4 ),
 ( 2, 2 ),
 ( 0.000000000000000000, 0.09485443672280788330, 0.1822887538626286330, 0.2672447772636123431, 0.3565308500978746631, 0.4065830915892265640, 0.4641841358475286561, 0.5308962385203803702, 0.6052017996980795234, 0.6894918280688816514, 0.7841159886598220163, 0.8867315438254380622, 1.000000000000000000 ),
 ( 0.000000000000000000, 1.000000000000000000 ),
 .UNSPECIFIED. ) ;
#2800 = CARTESIAN_POINT ( 'NONE',  ( 15.67877385627482845, -2.301110198727988276, 7.000000000000004441 ) ) ;
#2801 = VECTOR ( 'NONE', #2110, 1000.000000000000000 ) ;
#2802 = CARTESIAN_POINT ( 'NONE',  ( 7.259813504437093279, -2.336878553981420747, 7.000000000000005329 ) ) ;
#2803 = ORIENTED_EDGE ( 'NONE', *, *, #337, .F. ) ;
#2804 = CARTESIAN_POINT ( 'NONE',  ( 12.04705882352941160, -7.500000000000000000, 6.600000000000000533 ) ) ;
#2805 = CARTESIAN_POINT ( 'NONE',  ( 2.899999999999999911, 169.0000000000000000, 0.000000000000000000 ) ) ;
#2806 = ORIENTED_EDGE ( 'NONE', *, *, #3021, .F. ) ;
#2807 = DIRECTION ( 'NONE',  ( 1.000000000000000000, 0.000000000000000000, 0.000000000000000000 ) ) ;
#2808 = LINE ( 'NONE', #2028, #2256 ) ;
#2809 = CYLINDRICAL_SURFACE ( 'NONE', #1647, 1.000000000000000000 ) ;
#2810 = CARTESIAN_POINT ( 'NONE',  ( 14.39079182786001709, -2.844420884232613744, 6.599999999999999645 ) ) ;
#2811 = CARTESIAN_POINT ( 'NONE',  ( 8.796691176470590179, -6.441176470588234615, 7.000000000000001776 ) ) ;
#2812 = LINE ( 'NONE', #2990, #1758 ) ;
#2813 = LINE ( 'NONE', #3051, #1630 ) ;
#2814 = CARTESIAN_POINT ( 'NONE',  ( 15.78525237977292761, -2.755896127997813583, 6.599999999999999645 ) ) ;
#2815 = AXIS2_PLACEMENT_3D ( 'NONE', #1084, #601, #2025 ) ;
#2816 = LINE ( 'NONE', #1617, #214 ) ;
#2817 = EDGE_LOOP ( 'NONE', ( #353, #2944, #290, #127 ) ) ;
#2818 = FACE_OUTER_BOUND ( 'NONE', #1299, .T. ) ;
#2819 = CARTESIAN_POINT ( 'NONE',  ( 15.78823529411764426, -2.919485294117646568, 6.600000000000000533 ) ) ;
#2820 = ORIENTED_EDGE ( 'NONE', *, *, #1492, .T. ) ;
#2821 = CARTESIAN_POINT ( 'NONE',  ( 8.776838235294119883, -1.358823529411763875, 6.600000000000000533 ) ) ;
#2822 = AXIS2_PLACEMENT_3D ( 'NONE', #2511, #2008, #830 ) ;
#2823 = DIRECTION ( 'NONE',  ( -0.000000000000000000, -0.000000000000000000, 1.000000000000000000 ) ) ;
#2824 = CARTESIAN_POINT ( 'NONE',  ( 8.334965254312646010, -4.662523910439277941, 6.600000000000000533 ) ) ;
#2825 = CARTESIAN_POINT ( 'NONE',  ( 14.39304988570840571, -2.786055129638735028, 6.600000000000000533 ) ) ;
#2826 = CARTESIAN_POINT ( 'NONE',  ( 10.39031021299685520, -2.164680255633829375, 6.999999999999999112 ) ) ;
#2827 = PLANE ( 'NONE',  #1306 ) ;
#2828 = CARTESIAN_POINT ( 'NONE',  ( 14.07154033103717516, -6.365585828466784335, 7.000000000000002665 ) ) ;
#2829 = CARTESIAN_POINT ( 'NONE',  ( 2.941176470588235059, -1.499999999999998668, 6.600000000000000533 ) ) ;
#2830 = PLANE ( 'NONE',  #815 ) ;
#2831 = CARTESIAN_POINT ( 'NONE',  ( 7.709563613804286675, -1.673122836829340931, 6.599999999999996980 ) ) ;
#2832 = EDGE_LOOP ( 'NONE', ( #2215, #418, #2576 ) ) ;
#2833 = CARTESIAN_POINT ( 'NONE',  ( 10.91764705882352793, -6.299999999999999822, 6.600000000000000533 ) ) ;
#2834 = DIRECTION ( 'NONE',  ( 1.000000000000000000, 0.000000000000000000, 0.000000000000000000 ) ) ;
#2835 = VECTOR ( 'NONE', #2174, 1000.000000000000000 ) ;
#2836 = DIRECTION ( 'NONE',  ( -0.000000000000000000, -0.000000000000000000, 1.000000000000000000 ) ) ;
#2837 = ORIENTED_EDGE ( 'NONE', *, *, #2778, .F. ) ;
#2838 = CARTESIAN_POINT ( 'NONE',  ( 10.56470588235294272, -2.919485294117646568, 6.600000000000000533 ) ) ;
#2839 = EDGE_CURVE ( 'NONE', #2977, #2506, #1744, .T. ) ;
#2840 = EDGE_LOOP ( 'NONE', ( #1032, #2489, #193, #89 ) ) ;
#2841 = CARTESIAN_POINT ( 'NONE',  ( 5.341176470588235858, -1.499999999999998668, 6.600000000000000533 ) ) ;
#2842 = EDGE_CURVE ( 'NONE', #2162, #2569, #2244, .T. ) ;
#2843 = DIRECTION ( 'NONE',  ( -0.000000000000000000, -0.000000000000000000, -1.000000000000000000 ) ) ;
#2844 = EDGE_CURVE ( 'NONE', #1229, #2364, #1869, .T. ) ;
#2845 = LINE ( 'NONE', #1403, #2756 ) ;
#2846 = CARTESIAN_POINT ( 'NONE',  ( 15.19729888122730266, -4.621691167227703900, 6.599999999999999645 ) ) ;
#2847 = CARTESIAN_POINT ( 'NONE',  ( 12.91178997808740725, -5.758987081303163613, 7.000000000000000888 ) ) ;
#2848 = CARTESIAN_POINT ( 'NONE',  ( 13.22806088390515100, -1.496286281582237310, 7.000000000000002665 ) ) ;
#2849 = CARTESIAN_POINT ( 'NONE',  ( 1.000000000000000000, -9.000000000000001776, -13.00000000000000178 ) ) ;
#2850 = ORIENTED_EDGE ( 'NONE', *, *, #1948, .F. ) ;
#2851 = CARTESIAN_POINT ( 'NONE',  ( 7.176470588235295267, -3.476470588235293757, 7.000000000000000888 ) ) ;
#2852 = CARTESIAN_POINT ( 'NONE',  ( 7.194117647058824616, -6.582352941176469407, 7.000000000000000888 ) ) ;
#2853 = ORIENTED_EDGE ( 'NONE', *, *, #337, .T. ) ;
#2854 = CARTESIAN_POINT ( 'NONE',  ( 8.844117647058824971, -2.276470588235293135, 7.000000000000000888 ) ) ;
#2855 = CARTESIAN_POINT ( 'NONE',  ( 10.56376310135650165, -2.962527282829122921, 6.599999999999999645 ) ) ;
#2856 = CARTESIAN_POINT ( 'NONE',  ( 28.99999999999999645, -10.00000000000000000, 0.000000000000000000 ) ) ;
#2857 = DIRECTION ( 'NONE',  ( 1.000000000000000000, -0.000000000000000000, -1.495451272393799296E-16 ) ) ;
#2858 = FACE_OUTER_BOUND ( 'NONE', #62, .T. ) ;
#2859 = CARTESIAN_POINT ( 'NONE',  ( 14.24126915758562539, -3.376655405364093365, 7.000000000000000888 ) ) ;
#2860 = CARTESIAN_POINT ( 'NONE',  ( 14.00036764705882320, -1.358823529411763875, 6.600000000000000533 ) ) ;
#2861 = CARTESIAN_POINT ( 'NONE',  ( 8.919554378218743196, -2.280629554911806078, 6.600000000000000533 ) ) ;
#2862 = VERTEX_POINT ( 'NONE', #393 ) ;
#2863 = CARTESIAN_POINT ( 'NONE',  ( 28.99999999999999645, -9.000000000000001776, -13.00000000000000178 ) ) ;
#2864 = CARTESIAN_POINT ( 'NONE',  ( 7.176470588235295267, -3.261397058823528816, 7.000000000000000888 ) ) ;
#2865 = ORIENTED_EDGE ( 'NONE', *, *, #408, .T. ) ;
#2866 = CARTESIAN_POINT ( 'NONE',  ( 12.40053462656482353, -3.183443128691500146, 6.599999999999999645 ) ) ;
#2867 = CARTESIAN_POINT ( 'NONE',  ( 8.223727130496191862, -4.853423947869028865, 6.599999999999999645 ) ) ;
#2868 = CARTESIAN_POINT ( 'NONE',  ( 5.031129217995883529, -4.889024880252959449, 6.599999999999996980 ) ) ;
#2869 = EDGE_CURVE ( 'NONE', #875, #386, #1790, .T. ) ;
#2870 = VECTOR ( 'NONE', #2836, 1000.000000000000000 ) ;
#2871 = APPLICATION_PROTOCOL_DEFINITION ( 'draft international standard', 'automotive_design', 1998, #2912 ) ;
#2872 = CARTESIAN_POINT ( 'NONE',  ( 9.188148780613438760, -1.383702607623102931, 7.000000000000002665 ) ) ;
#2873 = DIRECTION ( 'NONE',  ( 1.000000000000000000, 0.000000000000000000, 0.000000000000000000 ) ) ;
#2874 = DIRECTION ( 'NONE',  ( 0.000000000000000000, -0.000000000000000000, -1.000000000000000000 ) ) ;
#2875 = CARTESIAN_POINT ( 'NONE',  ( 1.000000000000000000, 168.0000000000000000, -14.00000000000000000 ) ) ;
#2876 = EDGE_LOOP ( 'NONE', ( #631, #322, #1092 ) ) ;
#2877 = CARTESIAN_POINT ( 'NONE',  ( 7.176470588235295267, -7.500000000000000000, 7.000000000000000888 ) ) ;
#2878 = DIRECTION ( 'NONE',  ( 5.144873829381286772E-12, -3.106165355525705052E-12, -1.000000000000000000 ) ) ;
#2879 = VERTEX_POINT ( 'NONE', #2755 ) ;
#2880 = CARTESIAN_POINT ( 'NONE',  ( 9.153999960495658783, -2.550352058953419210, 7.000000000000001776 ) ) ;
#2881 = LINE ( 'NONE', #2136, #566 ) ;
#2882 = EDGE_CURVE ( 'NONE', #1851, #1252, #91, .T. ) ;
#2883 = AXIS2_PLACEMENT_3D ( 'NONE', #2863, #447, #709 ) ;
#2884 = VERTEX_POINT ( 'NONE', #3020 ) ;
#2885 = CARTESIAN_POINT ( 'NONE',  ( 8.438213717395766977, -4.486282729355410837, 6.600000000000000533 ) ) ;
#2886 = CARTESIAN_POINT ( 'NONE',  ( 8.844117647058824971, -2.276470588235293135, 6.600000000000000533 ) ) ;
#2887 = EDGE_CURVE ( 'NONE', #1456, #109, #2812, .T. ) ;
#2888 = DIRECTION ( 'NONE',  ( 1.000000000000000000, 0.000000000000000000, 0.000000000000000000 ) ) ;
#2889 = CARTESIAN_POINT ( 'NONE',  ( 8.334965254312646010, -4.662523910439277941, 6.600000000000000533 ) ) ;
#2890 =( NAMED_UNIT ( * ) PLANE_ANGLE_UNIT ( ) SI_UNIT ( $, .RADIAN. ) );
#2891 = B_SPLINE_CURVE_WITH_KNOTS ( 'NONE', 3,
 ( #1886, #2176, #973, #2880, #1004, #1243, #2899, #48, #1932, #1947, #2854 ),
 .UNSPECIFIED., .F., .F.,
 ( 4, 1, 1, 1, 1, 1, 1, 1, 4 ),
 ( 0.000000000000000000, 0.1720516227588616553, 0.3221184518414669795, 0.4530032450370298780, 0.5679319607256979596, 0.6732552971111487317, 0.7755212437239799028, 0.8826267386609915055, 1.000000000000000000 ),
 .UNSPECIFIED. ) ;
#2892 = CARTESIAN_POINT ( 'NONE',  ( 10.11402629641715833, -1.798286785565264889, 6.599999999999998757 ) ) ;
#2893 = CARTESIAN_POINT ( 'NONE',  ( 28.99999999999999645, -9.000000000000001776, 6.000000000000000888 ) ) ;
#2894 = DIRECTION ( 'NONE',  ( 0.000000000000000000, -0.000000000000000000, -1.000000000000000000 ) ) ;
#2895 = VERTEX_POINT ( 'NONE', #2309 ) ;
#2896 = DIRECTION ( 'NONE',  ( 0.000000000000000000, 1.000000000000000000, 0.000000000000000000 ) ) ;
#2897 = CARTESIAN_POINT ( 'NONE',  ( 15.61383962476155673, -2.164680255633829375, 6.599999999999998757 ) ) ;
#2898 = VERTEX_POINT ( 'NONE', #1358 ) ;
#2899 = CARTESIAN_POINT ( 'NONE',  ( 9.047645248722442801, -2.341687678967129038, 6.999999999999999112 ) ) ;
#2900 = VERTEX_POINT ( 'NONE', #1071 ) ;
#2901 = CARTESIAN_POINT ( 'NONE',  ( 9.358643000605736617, -5.594126133692548741, 6.599999999999998757 ) ) ;
#2902 = CARTESIAN_POINT ( 'NONE',  ( 10.11496486827953056, -4.377717477313018968, 6.600000000000002309 ) ) ;
#2903 = CARTESIAN_POINT ( 'NONE',  ( 5.173063613483675383, -3.305873338254285088, 6.600000000000001421 ) ) ;
#2904 = CARTESIAN_POINT ( 'NONE',  ( 14.39297620492197005, -2.720549026188791242, 6.600000000000000533 ) ) ;
#2905 = B_SPLINE_CURVE_WITH_KNOTS ( 'NONE', 3,
 ( #2077, #146, #2563, #2278, #913, #551, #2546, #2716, #3017, #565, #2955, #1986, #2455, #1520, #808 ),
 .UNSPECIFIED., .F., .F.,
 ( 4, 1, 1, 1, 1, 1, 1, 1, 1, 1, 1, 1, 4 ),
 ( 0.000000000000000000, 0.09485443672280788330, 0.1822887538626286330, 0.2672447772636123431, 0.3565308500978746631, 0.4065830915892265640, 0.4641841358475286561, 0.5308962385203803702, 0.6052017996980795234, 0.6894918280688816514, 0.7841159886598220163, 0.8867315438254380622, 1.000000000000000000 ),
 .UNSPECIFIED. ) ;
#2906 = CARTESIAN_POINT ( 'NONE',  ( 8.858045590024044458, -3.722223187858454185, 6.600000000000001421 ) ) ;
#2907 = CARTESIAN_POINT ( 'NONE',  ( 10.31188327222576184, -2.035379566318810785, 7.000000000000000888 ) ) ;
#2908 = CARTESIAN_POINT ( 'NONE',  ( 13.55849466607734932, -4.662523910439277941, 7.000000000000000888 ) ) ;
#2909 = ADVANCED_FACE ( 'NONE', ( #2279 ), #410, .T. ) ;
#2910 = CARTESIAN_POINT ( 'NONE',  ( 13.39937392848002951, -1.435339545018472718, 6.999999999999998224 ) ) ;
#2911 = ORIENTED_EDGE ( 'NONE', *, *, #1365, .F. ) ;
#2912 = APPLICATION_CONTEXT ( 'automotive_design' ) ;
#2913 = FACE_BOUND ( 'NONE', #2037, .T. ) ;
#2914 = AXIS2_PLACEMENT_3D ( 'NONE', #1470, #276, #2627 ) ;
#2915 = EDGE_LOOP ( 'NONE', ( #2006, #807, #2116, #2207 ) ) ;
#2916 = CARTESIAN_POINT ( 'NONE',  ( 9.170588235294118817, -2.758455882352940591, 6.600000000000000533 ) ) ;
#2917 = ORIENTED_EDGE ( 'NONE', *, *, #503, .F. ) ;
#2918 = FACE_OUTER_BOUND ( 'NONE', #2758, .T. ) ;
#2919 = CARTESIAN_POINT ( 'NONE',  ( 9.973769469462601123, -4.621691167227703900, 6.599999999999999645 ) ) ;
#2920 = DIRECTION ( 'NONE',  ( 0.000000000000000000, -0.000000000000000000, -1.000000000000000000 ) ) ;
#2921 = CARTESIAN_POINT ( 'NONE',  ( 14.06764705882352828, -2.276470588235293135, 6.600000000000000533 ) ) ;
#2922 = CARTESIAN_POINT ( 'NONE',  ( 7.836987248899290215, -5.511966128881380378, 7.000000000000000000 ) ) ;
#2923 = CARTESIAN_POINT ( 'NONE',  ( 8.768313613660563277, -2.280109551419433167, 6.600000000000000533 ) ) ;
#2924 = ORIENTED_EDGE ( 'NONE', *, *, #1884, .T. ) ;
#2925 = VECTOR ( 'NONE', #911, 1000.000000000000000 ) ;
#2926 = FACE_OUTER_BOUND ( 'NONE', #230, .T. ) ;
#2927 = ORIENTED_EDGE ( 'NONE', *, *, #1121, .F. ) ;
#2928 = ORIENTED_EDGE ( 'NONE', *, *, #2359, .T. ) ;
#2929 = CARTESIAN_POINT ( 'NONE',  ( 8.527667468911243276, -2.670772664561498644, 6.600000000000002309 ) ) ;
#2930 = ORIENTED_EDGE ( 'NONE', *, *, #2218, .F. ) ;
#2931 = CARTESIAN_POINT ( 'NONE',  ( 13.07316928007599977, -1.576887491078281300, 6.600000000000001421 ) ) ;
#2932 = ORIENTED_EDGE ( 'NONE', *, *, #2089, .T. ) ;
#2933 = LINE ( 'NONE', #2239, #2722 ) ;
#2934 = CARTESIAN_POINT ( 'NONE',  ( 9.482190712078777395, -5.408203269472836361, 6.600000000000001421 ) ) ;
#2935 = FACE_OUTER_BOUND ( 'NONE', #2134, .T. ) ;
#2936 = CARTESIAN_POINT ( 'NONE',  ( 12.04705882352941160, -7.500000000000000000, 7.000000000000000888 ) ) ;
#2937 = VECTOR ( 'NONE', #2590, 1000.000000000000000 ) ;
#2938 = CARTESIAN_POINT ( 'NONE',  ( 8.689469995528098067, -4.040916462552746502, 6.600000000000000533 ) ) ;
#2939 = CARTESIAN_POINT ( 'NONE',  ( 8.517746291977635664, -2.831918662295244360, 7.000000000000000888 ) ) ;
#2940 = ADVANCED_FACE ( 'NONE', ( #1566 ), #2033, .T. ) ;
#2941 = ORIENTED_EDGE ( 'NONE', *, *, #1309, .F. ) ;
#2942 =( LENGTH_UNIT ( ) NAMED_UNIT ( * ) SI_UNIT ( .MILLI., .METRE. ) );
#2943 = FACE_OUTER_BOUND ( 'NONE', #2612, .T. ) ;
#2944 = ORIENTED_EDGE ( 'NONE', *, *, #985, .T. ) ;
#2945 = DIRECTION ( 'NONE',  ( 0.000000000000000000, 0.000000000000000000, -1.000000000000000000 ) ) ;
#2946 = ORIENTED_EDGE ( 'NONE', *, *, #451, .F. ) ;
#2947 = CARTESIAN_POINT ( 'NONE',  ( 14.21254260015318671, -2.302902050922903676, 7.000000000000001776 ) ) ;
#2948 = ORIENTED_EDGE ( 'NONE', *, *, #853, .T. ) ;
#2949 = DIRECTION ( 'NONE',  ( 0.000000000000000000, -0.000000000000000000, 1.000000000000000000 ) ) ;
#2950 = CARTESIAN_POINT ( 'NONE',  ( 24.35000000000000497, 169.0000000000000000, 0.000000000000000000 ) ) ;
#2951 = CYLINDRICAL_SURFACE ( 'NONE', #1582, 6.450000000000000178 ) ;
#2952 = CARTESIAN_POINT ( 'NONE',  ( 4.674479222916055221, -2.684539067483885155, 7.000000000000000000 ) ) ;
#2953 = CARTESIAN_POINT ( 'NONE',  ( 7.366676253399278451, -6.297360158885915382, 7.000000000000000888 ) ) ;
#2954 = ORIENTED_EDGE ( 'NONE', *, *, #198, .F. ) ;
#2955 = CARTESIAN_POINT ( 'NONE',  ( 13.75119688067594836, -2.670772664561498644, 6.600000000000002309 ) ) ;
#2956 = CARTESIAN_POINT ( 'NONE',  ( 10.52939544487263035, -3.314245222160257853, 7.000000000000002665 ) ) ;
#2957 = CARTESIAN_POINT ( 'NONE',  ( 4.564705882352940947, -1.499999999999998668, 6.600000000000000533 ) ) ;
#2958 = B_SPLINE_CURVE_WITH_KNOTS ( 'NONE', 3,
 ( #15, #970, #987, #1270, #1734, #2672, #1481, #778, #526, #2690, #2929, #2428, #305, #2705, #540 ),
 .UNSPECIFIED., .F., .F.,
 ( 4, 1, 1, 1, 1, 1, 1, 1, 1, 1, 1, 1, 4 ),
 ( 0.000000000000000000, 0.09485443672280788330, 0.1822887538626286330, 0.2672447772636123431, 0.3565308500978746631, 0.4065830915892265640, 0.4641841358475286561, 0.5308962385203803702, 0.6052017996980795234, 0.6894918280688816514, 0.7841159886598220163, 0.8867315438254380622, 1.000000000000000000 ),
 .UNSPECIFIED. ) ;
#2959 = DIRECTION ( 'NONE',  ( 0.000000000000000000, -1.000000000000000000, 0.000000000000000000 ) ) ;
#2960 = EDGE_LOOP ( 'NONE', ( #438, #1226, #1245, #543 ) ) ;
#2961 = CARTESIAN_POINT ( 'NONE',  ( 9.482190712078777395, -5.408203269472836361, 7.000000000000001776 ) ) ;
#2962 = ORIENTED_EDGE ( 'NONE', *, *, #236, .T. ) ;
#2963 = LINE ( 'NONE', #1302, #2097 ) ;
#2964 = ADVANCED_FACE ( 'NONE', ( #221 ), #2591, .T. ) ;
#2965 = ADVANCED_FACE ( 'NONE', ( #2858 ), #1570, .T. ) ;
#2966 = ORIENTED_EDGE ( 'NONE', *, *, #2260, .F. ) ;
#2967 = FACE_OUTER_BOUND ( 'NONE', #2840, .T. ) ;
#2968 = CARTESIAN_POINT ( 'NONE',  ( 5.238602941176470296, -2.596323529411763698, 7.000000000000000888 ) ) ;
#2969 = CARTESIAN_POINT ( 'NONE',  ( 13.92214503261670799, -2.305190753856581232, 6.599999999999999645 ) ) ;
#2970 = CARTESIAN_POINT ( 'NONE',  ( 12.39999999999999858, -3.476470588235293757, 6.600000000000000533 ) ) ;
#2971 = ADVANCED_FACE ( 'NONE', ( #1167 ), #1187, .F. ) ;
#2972 = AXIS2_PLACEMENT_3D ( 'NONE', #561, #1036, #1980 ) ;
#2973 = CARTESIAN_POINT ( 'NONE',  ( 13.07316928007599977, -1.576887491078281300, 7.000000000000001776 ) ) ;
#2974 = EDGE_CURVE ( 'NONE', #2895, #2103, #702, .T. ) ;
#2975 = CARTESIAN_POINT ( 'NONE',  ( 13.91299940729280493, -4.040916462552746502, 6.600000000000000533 ) ) ;
#2976 = CARTESIAN_POINT ( 'NONE',  ( 15.78823529411764426, -2.919485294117646568, 6.600000000000000533 ) ) ;
#2977 = VERTEX_POINT ( 'NONE', #1875 ) ;
#2978 = CARTESIAN_POINT ( 'NONE',  ( 14.59972775967048442, -1.416828137547501809, 6.599999999999999645 ) ) ;
#2979 = EDGE_CURVE ( 'NONE', #1317, #941, #2249, .T. ) ;
#2980 = EDGE_LOOP ( 'NONE', ( #2335, #923, #45 ) ) ;
#2981 = CARTESIAN_POINT ( 'NONE',  ( 15.78525237977292761, -2.755896127997813583, 7.000000000000000000 ) ) ;
#2982 = CARTESIAN_POINT ( 'NONE',  ( 14.02022058823529349, -6.441176470588234615, 7.000000000000001776 ) ) ;
#2983 = CARTESIAN_POINT ( 'NONE',  ( 13.82571409878263680, -2.396612628414425572, 7.000000000000002665 ) ) ;
#2984 = DIRECTION ( 'NONE',  ( -0.000000000000000000, -1.000000000000000000, -0.000000000000000000 ) ) ;
#2985 = EDGE_CURVE ( 'NONE', #1543, #2898, #123, .T. ) ;
#2986 = CARTESIAN_POINT ( 'NONE',  ( 12.04705882352941160, -7.500000000000000000, 6.600000000000000533 ) ) ;
#2987 = ADVANCED_FACE ( 'NONE', ( #2995 ), #2827, .F. ) ;
#2988 = CARTESIAN_POINT ( 'NONE',  ( 8.517647058823531125, -2.921691176470587958, 6.600000000000000533 ) ) ;
#2989 = AXIS2_PLACEMENT_3D ( 'NONE', #962, #2436, #487 ) ;
#2990 = CARTESIAN_POINT ( 'NONE',  ( 2.899999999999999911, 0.000000000000000000, 0.000000000000000000 ) ) ;
#2991 = DIRECTION ( 'NONE',  ( -0.000000000000000000, -0.000000000000000000, 1.000000000000000000 ) ) ;
#2992 = AXIS2_PLACEMENT_3D ( 'NONE', #1661, #1889, #2920 ) ;
#2993 = ORIENTED_EDGE ( 'NONE', *, *, #1389, .F. ) ;
#2994 = CARTESIAN_POINT ( 'NONE',  ( 15.77268692111895732, -3.180958666954134983, 6.999999999999999112 ) ) ;
#2995 = FACE_OUTER_BOUND ( 'NONE', #47, .T. ) ;
#2996 = ORIENTED_EDGE ( 'NONE', *, *, #2753, .T. ) ;
#2997 = CARTESIAN_POINT ( 'NONE',  ( 13.78785168847599252, -1.363508469764082909, 6.600000000000001421 ) ) ;
#2998 = CARTESIAN_POINT ( 'NONE',  ( 7.176470588235295267, -3.261397058823528816, 6.600000000000000533 ) ) ;
#2999 = VERTEX_POINT ( 'NONE', #2507 ) ;
#3000 = CARTESIAN_POINT ( 'NONE',  ( 15.21747050908528820, -1.694732403274157528, 7.000000000000002665 ) ) ;
#3001 = CARTESIAN_POINT ( 'NONE',  ( 15.64705882352940947, -6.441176470588234615, 6.600000000000000533 ) ) ;
#3002 = CARTESIAN_POINT ( 'NONE',  ( 8.550775240387414655, 0.000000000000000000, 0.09999999999999890921 ) ) ;
#3003 = CARTESIAN_POINT ( 'NONE',  ( 4.911513713425815553, -5.295577847210843458, 7.000000000000000000 ) ) ;
#3004 = CARTESIAN_POINT ( 'NONE',  ( 4.939350041898196153, -5.608822481898290135, 6.600000000000000533 ) ) ;
#3005 = B_SPLINE_SURFACE_WITH_KNOTS ( 'NONE', 3, 1, ( 
 ( #103, #86 ),
 ( #2026, #1085 ),
 ( #1276, #1053 ),
 ( #2969, #116 ),
 ( #1037, #1982 ),
 ( #803, #2983 ),
 ( #1755, #360 ),
 ( #2466, #330 ),
 ( #1291, #2228 ),
 ( #821, #834 ),
 ( #2728, #576 ),
 ( #1532, #347 ),
 ( #1785, #2680 ),
 ( #2747, #1548 ),
 ( #2497, #2258 ) ),
 .UNSPECIFIED., .F., .F., .F.,
 ( 4, 1, 1, 1, 1, 1, 1, 1, 1, 1, 1, 1, 4 ),
 ( 2, 2 ),
 ( 0.000000000000000000, 0.09485443672280788330, 0.1822887538626286330, 0.2672447772636123431, 0.3565308500978746631, 0.4065830915892265640, 0.4641841358475286561, 0.5308962385203803702, 0.6052017996980795234, 0.6894918280688816514, 0.7841159886598220163, 0.8867315438254380622, 1.000000000000000000 ),
 ( 0.000000000000000000, 1.000000000000000000 ),
 .UNSPECIFIED. ) ;
#3006 = CARTESIAN_POINT ( 'NONE',  ( 15.68890614556065621, -3.586725183556102259, 7.000000000000005329 ) ) ;
#3007 = EDGE_CURVE ( 'NONE', #2655, #2454, #2773, .T. ) ;
#3008 = DIRECTION ( 'NONE',  ( 0.000000000000000000, 0.000000000000000000, 1.000000000000000000 ) ) ;
#3009 = CARTESIAN_POINT ( 'NONE',  ( 10.56369876809177910, -2.864253073835259400, 6.600000000000000533 ) ) ;
#3010 = CARTESIAN_POINT ( 'NONE',  ( 12.40154637007182536, -3.035920749810411490, 7.000000000000001776 ) ) ;
#3011 = CARTESIAN_POINT ( 'NONE',  ( 13.83803676418589390, -4.174936232754474119, 7.000000000000000888 ) ) ;
#3012 = ORIENTED_EDGE ( 'NONE', *, *, #2791, .F. ) ;
#3013 = DIRECTION ( 'NONE',  ( -1.000000000000000000, 0.000000000000000000, 1.495451272393799296E-16 ) ) ;
#3014 = CARTESIAN_POINT ( 'NONE',  ( 3.876470588235294112, -7.500000000000000000, 6.600000000000000533 ) ) ;
#3015 = ORIENTED_EDGE ( 'NONE', *, *, #1296, .F. ) ;
#3016 = CARTESIAN_POINT ( 'NONE',  ( 10.39031021299685520, -2.164680255633829375, 6.599999999999998757 ) ) ;
#3017 = CARTESIAN_POINT ( 'NONE',  ( 13.77264816326267827, -2.542093370188200918, 6.599999999999999645 ) ) ;
#3018 = CIRCLE ( 'NONE', #61, 9.350000000000001421 ) ;
#3019 = AXIS2_PLACEMENT_3D ( 'NONE', #479, #1882, #1159 ) ;
#3020 = CARTESIAN_POINT ( 'NONE',  ( 14.39411764705882213, -2.758455882352940591, 7.000000000000000888 ) ) ;
#3021 = EDGE_CURVE ( 'NONE', #1568, #1362, #2034, .T. ) ;
#3022 = DIRECTION ( 'NONE',  ( 0.000000000000000000, 0.000000000000000000, -1.000000000000000000 ) ) ;
#3023 = ORIENTED_EDGE ( 'NONE', *, *, #1523, .T. ) ;
#3024 = CARTESIAN_POINT ( 'NONE',  ( 15.49356228767937971, -4.087575816759381198, 7.000000000000002665 ) ) ;
#3025 = VECTOR ( 'NONE', #182, 1000.000000000000000 ) ;
#3026 = FACE_OUTER_BOUND ( 'NONE', #1303, .T. ) ;
#3027 = AXIS2_PLACEMENT_3D ( 'NONE', #2226, #1035, #2949 ) ;
#3028 = DIRECTION ( 'NONE',  ( -0.000000000000000000, -0.000000000000000000, 1.000000000000000000 ) ) ;
#3029 = ORIENTED_EDGE ( 'NONE', *, *, #2487, .F. ) ;
#3030 = CARTESIAN_POINT ( 'NONE',  ( 5.206128562069443966, -2.946312314829218071, 6.600000000000001421 ) ) ;
#3031 = VECTOR ( 'NONE', #171, 1000.000000000000000 ) ;
#3032 = LINE ( 'NONE', #1825, #118 ) ;
#3033 = ORIENTED_EDGE ( 'NONE', *, *, #2452, .T. ) ;
#3034 = CARTESIAN_POINT ( 'NONE',  ( 13.82571409878263680, -2.396612628414425572, 7.000000000000002665 ) ) ;
#3035 = DIRECTION ( 'NONE',  ( 0.01922721423134313851, 0.9998151400298467273, 0.000000000000000000 ) ) ;
#3036 = CARTESIAN_POINT ( 'NONE',  ( 15.00000000000000000, 2.000000000000000000, -6.450000000000001066 ) ) ;
#3037 = CARTESIAN_POINT ( 'NONE',  ( 8.811147627226864287, -3.814415872631197413, 6.999999999999999112 ) ) ;
#3038 = CARTESIAN_POINT ( 'NONE',  ( 7.584303662962288861, -1.786594521431802640, 6.600000000000002309 ) ) ;
#3039 = CARTESIAN_POINT ( 'NONE',  ( 15.75292485663732833, -3.314245222160256965, 6.600000000000001421 ) ) ;
#3040 = ORIENTED_EDGE ( 'NONE', *, *, #102, .F. ) ;
#3041 = CARTESIAN_POINT ( 'NONE',  ( 15.61383962476155673, -2.164680255633829375, 6.999999999999999112 ) ) ;
#3042 = CARTESIAN_POINT ( 'NONE',  ( 13.75354230231594954, -4.323084654257449699, 7.000000000000001776 ) ) ;
#3043 = ORIENTED_EDGE ( 'NONE', *, *, #133, .F. ) ;
#3044 = CARTESIAN_POINT ( 'NONE',  ( 5.066881694476549569, -4.471255677394505135, 6.600000000000000533 ) ) ;
#3045 = CARTESIAN_POINT ( 'NONE',  ( 8.517746291977635664, -2.831918662295244360, 7.000000000000000000 ) ) ;
#3046 = ORIENTED_EDGE ( 'NONE', *, *, #1682, .T. ) ;
#3047 = CARTESIAN_POINT ( 'NONE',  ( 14.06764705882352828, -2.276470588235293135, 7.000000000000000888 ) ) ;
#3048 = DIRECTION ( 'NONE',  ( 1.000000000000000000, 0.000000000000000000, 0.000000000000000000 ) ) ;
#3049 = DIRECTION ( 'NONE',  ( 0.000000000000000000, 0.000000000000000000, -1.000000000000000000 ) ) ;
#3050 = CARTESIAN_POINT ( 'NONE',  ( 10.56369876809177910, -2.864253073835259400, 7.000000000000000888 ) ) ;
#3051 = CARTESIAN_POINT ( 'NONE',  ( 10.42352941176470615, -7.500000000000000000, 6.600000000000000533 ) ) ;
#3052 = CARTESIAN_POINT ( 'NONE',  ( 6.170588235294117929, -7.500000000000000000, 6.600000000000000533 ) ) ;
#3053 = AXIS2_PLACEMENT_3D ( 'NONE', #382, #1347, #151 ) ;
#3054 = CARTESIAN_POINT ( 'NONE',  ( 8.776838235294119883, -1.358823529411763875, 7.000000000000000888 ) ) ;
#3055 = ORIENTED_EDGE ( 'NONE', *, *, #1981, .T. ) ;
#3056 = CARTESIAN_POINT ( 'NONE',  ( 7.584303662962288861, -1.786594521431802640, 7.000000000000002665 ) ) ;
#3057 = DIRECTION ( 'NONE',  ( 0.000000000000000000, 1.000000000000000000, 0.000000000000000000 ) ) ;
#3058 = ORIENTED_EDGE ( 'NONE', *, *, #2403, .T. ) ;
#3059 = CARTESIAN_POINT ( 'NONE',  ( 7.176470588235295267, -3.476470588235293757, 6.600000000000000533 ) ) ;
#3060 = ADVANCED_FACE ( 'NONE', ( #1093 ), #3083, .F. ) ;
#3061 = DIRECTION ( 'NONE',  ( -0.000000000000000000, 0.000000000000000000, 1.000000000000000000 ) ) ;
#3062 = EDGE_LOOP ( 'NONE', ( #2488, #2233, #553, #113 ) ) ;
#3063 = CARTESIAN_POINT ( 'NONE',  ( 14.81892444753853155, -5.230488693548616119, 7.000000000000000000 ) ) ;
#3064 = CARTESIAN_POINT ( 'NONE',  ( 9.169520473943702399, -2.786055129638735028, 7.000000000000000888 ) ) ;
#3065 = VECTOR ( 'NONE', #1208, 1000.000000000000000 ) ;
#3066 = DIRECTION ( 'NONE',  ( -0.000000000000000000, -1.000000000000000000, 0.000000000000000000 ) ) ;
#3067 = CARTESIAN_POINT ( 'NONE',  ( 14.92424525736595520, -5.062624897365417098, 6.600000000000001421 ) ) ;
#3068 = CARTESIAN_POINT ( 'NONE',  ( 29.58578643762690064, 168.5857864376269220, -13.99999999999999645 ) ) ;
#3069 = ADVANCED_FACE ( 'NONE', ( #1153 ), #930, .T. ) ;
#3070 = CARTESIAN_POINT ( 'NONE',  ( 12.42640757983108557, -2.645489834037156207, 7.000000000000000000 ) ) ;
#3071 = EDGE_CURVE ( 'NONE', #183, #1496, #1629, .T. ) ;
#3072 = FACE_OUTER_BOUND ( 'NONE', #1933, .T. ) ;
#3073 = ORIENTED_EDGE ( 'NONE', *, *, #1682, .F. ) ;
#3074 = LINE ( 'NONE', #181, #1616 ) ;
#3075 = CARTESIAN_POINT ( 'NONE',  ( 8.517647058823531125, -3.476470588235293757, 7.000000000000000888 ) ) ;
#3076 = ORIENTED_EDGE ( 'NONE', *, *, #2732, .T. ) ;
#3077 = DIRECTION ( 'NONE',  ( 0.000000000000000000, 0.000000000000000000, -1.000000000000000000 ) ) ;
#3078 = EDGE_CURVE ( 'NONE', #344, #986, #2845, .T. ) ;
#3079 = EDGE_LOOP ( 'NONE', ( #746, #1931, #599, #309, #3040, #341, #570, #595 ) ) ;
#3080 = CARTESIAN_POINT ( 'NONE',  ( 8.614507352421192365, -4.174936232754474119, 6.600000000000000533 ) ) ;
#3081 = CARTESIAN_POINT ( 'NONE',  ( 8.858045590024044458, -3.722223187858454185, 7.000000000000001776 ) ) ;
#3082 = EDGE_CURVE ( 'NONE', #2397, #109, #686, .T. ) ;
#3083 = CYLINDRICAL_SURFACE ( 'NONE', #3053, 9.350000000000001421 ) ;
#3084 = CARTESIAN_POINT ( 'NONE',  ( 13.32700013968478103, -5.058551275703889516, 7.000000000000000888 ) ) ;
#3085 = LINE ( 'NONE', #967, #355 ) ;
#3086 = CARTESIAN_POINT ( 'NONE',  ( 7.478084662732910282, -1.916752810210594848, 6.599999999999998757 ) ) ;
#3087 = ORIENTED_EDGE ( 'NONE', *, *, #407, .T. ) ;
#3088 = CARTESIAN_POINT ( 'NONE',  ( 7.176470588235295267, -3.261397058823528816, 6.600000000000000533 ) ) ;
#3089 = DIRECTION ( 'NONE',  ( -1.000000000000000000, 0.000000000000000000, 0.000000000000000000 ) ) ;
#3090 = AXIS2_PLACEMENT_3D ( 'NONE', #2160, #1495, #29 ) ;
#3091 = ORIENTED_EDGE ( 'NONE', *, *, #1817, .F. ) ;
#3092 = CARTESIAN_POINT ( 'NONE',  ( 13.74117647058823444, -2.921691176470587958, 7.000000000000000888 ) ) ;
#3093 = CARTESIAN_POINT ( 'NONE',  ( 24.35000000000000497, 0.000000000000000000, 0.000000000000000000 ) ) ;
#3094 = ORIENTED_EDGE ( 'NONE', *, *, #2485, .T. ) ;
#3095 = CARTESIAN_POINT ( 'NONE',  ( 4.952941176470588402, -5.761764705882352899, 6.600000000000000533 ) ) ;
#3096 = VECTOR ( 'NONE', #1065, 1000.000000000000000 ) ;
#3097 = CARTESIAN_POINT ( 'NONE',  ( 5.066881694476549569, -4.471255677394505135, 7.000000000000000888 ) ) ;
#3098 = CARTESIAN_POINT ( 'NONE',  ( 8.103470727920077721, -5.058551275703889516, 7.000000000000002665 ) ) ;
#3099 = DIRECTION ( 'NONE',  ( 0.000000000000000000, 0.000000000000000000, 1.000000000000000000 ) ) ;
#3100 = ADVANCED_FACE ( 'NONE', ( #456 ), #2799, .T. ) ;
#3101 = CARTESIAN_POINT ( 'NONE',  ( 12.75592949204299842, -6.021203638637410371, 7.000000000000000000 ) ) ;
#3102 = CARTESIAN_POINT ( 'NONE',  ( 14.02022058823529349, -6.441176470588234615, 6.600000000000000533 ) ) ;
#3103 = CARTESIAN_POINT ( 'NONE',  ( 9.093505951666138287, -2.397052198627206643, 7.000000000000002665 ) ) ;
#3104 = VERTEX_POINT ( 'NONE', #754 ) ;
#3105 = CARTESIAN_POINT ( 'NONE',  ( 8.175844516715327970, -1.435339545018472718, 7.000000000000000000 ) ) ;
#3106 = DIRECTION ( 'NONE',  ( 1.000000000000000000, 0.000000000000000000, 0.000000000000000000 ) ) ;
ENDSEC;
END-ISO-10303-21;
