ISO-10303-21;
HEADER;
FILE_DESCRIPTION (( 'STEP AP214' ),
    '1' );
FILE_NAME ('Baseplate.STEP',
    '2025-10-13T18:52:16',
    ( '' ),
    ( '' ),
    'SwSTEP 2.0',
    'SolidWorks 2025',
    '' );
FILE_SCHEMA (( 'AUTOMOTIVE_DESIGN' ));
ENDSEC;

DATA;
#1 = EDGE_CURVE ( 'NONE', #78, #1454, #3607, .T. ) ;
#2 = DIRECTION ( 'NONE',  ( -0.000000000000000000, 1.000000000000000000, -0.000000000000000000 ) ) ;
#3 = EDGE_CURVE ( 'NONE', #204, #482, #4212, .T. ) ;
#4 = DIRECTION ( 'NONE',  ( 2.040851148208006519E-16, 0.000000000000000000, 1.000000000000000000 ) ) ;
#5 = ORIENTED_EDGE ( 'NONE', *, *, #2233, .T. ) ;
#6 = DIRECTION ( 'NONE',  ( 0.000000000000000000, 0.000000000000000000, 1.000000000000000000 ) ) ;
#7 = VECTOR ( 'NONE', #3197, 1000.000000000000000 ) ;
#8 = ORIENTED_EDGE ( 'NONE', *, *, #440, .T. ) ;
#9 = ORIENTED_EDGE ( 'NONE', *, *, #3064, .F. ) ;
#10 = CARTESIAN_POINT ( 'NONE',  ( 17.67766952966365324, -6.349999999999999645, 17.67766952966372074 ) ) ;
#11 = DIRECTION ( 'NONE',  ( -0.000000000000000000, -1.000000000000000000, 0.000000000000000000 ) ) ;
#12 = FACE_OUTER_BOUND ( 'NONE', #3284, .T. ) ;
#13 = ORIENTED_EDGE ( 'NONE', *, *, #1236, .F. ) ;
#14 = VECTOR ( 'NONE', #2227, 999.9999999999998863 ) ;
#15 = AXIS2_PLACEMENT_3D ( 'NONE', #4192, #1027, #2425 ) ;
#16 = DIRECTION ( 'NONE',  ( 0.000000000000000000, 1.000000000000000000, -0.000000000000000000 ) ) ;
#17 = CARTESIAN_POINT ( 'NONE',  ( -43.88926953599119685, 0.000000000000000000, 70.09262524588280030 ) ) ;
#18 = ORIENTED_EDGE ( 'NONE', *, *, #2426, .T. ) ;
#19 = CARTESIAN_POINT ( 'NONE',  ( 84.28324730968196832, -6.349999999999999645, -38.81713343273808192 ) ) ;
#20 = CARTESIAN_POINT ( 'NONE',  ( 9.237500000000100187, -6.349999999999999645, 15.99981933491748087 ) ) ;
#21 = ORIENTED_EDGE ( 'NONE', *, *, #2314, .F. ) ;
#22 = CARTESIAN_POINT ( 'NONE',  ( -0.5000000000000000000, -6.349999999999999645, 85.40000000000000568 ) ) ;
#23 = AXIS2_PLACEMENT_3D ( 'NONE', #1663, #1911, #3668 ) ;
#24 = CARTESIAN_POINT ( 'NONE',  ( 69.44927733966991923, -6.349999999999999645, -27.51032309874995008 ) ) ;
#25 = ADVANCED_FACE ( 'NONE', ( #4305 ), #435, .F. ) ;
#26 = AXIS2_PLACEMENT_3D ( 'NONE', #640, #2044, #1614 ) ;
#27 = EDGE_CURVE ( 'NONE', #4109, #1275, #649, .T. ) ;
#28 = PLANE ( 'NONE',  #3035 ) ;
#29 = EDGE_LOOP ( 'NONE', ( #4347, #369, #463, #1896, #1212 ) ) ;
#30 = ORIENTED_EDGE ( 'NONE', *, *, #1813, .F. ) ;
#31 = LINE ( 'NONE', #3138, #1582 ) ;
#32 = EDGE_CURVE ( 'NONE', #2321, #165, #1540, .T. ) ;
#33 = CARTESIAN_POINT ( 'NONE',  ( -10.90000000000000213, 0.000000000000000000, 73.90000000000000568 ) ) ;
#34 = DIRECTION ( 'NONE',  ( -0.9659258262890686453, 0.000000000000000000, 0.2588190451025196293 ) ) ;
#35 = ORIENTED_EDGE ( 'NONE', *, *, #1236, .T. ) ;
#36 = CARTESIAN_POINT ( 'NONE',  ( -82.86882352103589255, 0.000000000000000000, -47.26698729810701849 ) ) ;
#37 = FACE_OUTER_BOUND ( 'NONE', #4213, .T. ) ;
#38 = AXIS2_PLACEMENT_3D ( 'NONE', #2181, #427, #1038 ) ;
#39 = ORIENTED_EDGE ( 'NONE', *, *, #4193, .T. ) ;
#40 = AXIS2_PLACEMENT_3D ( 'NONE', #4461, #621, #2356 ) ;
#41 = CARTESIAN_POINT ( 'NONE',  ( -11.90000000000001457, -6.349999999999999645, 2.428612866367531115E-15 ) ) ;
#42 = EDGE_CURVE ( 'NONE', #474, #4267, #1252, .T. ) ;
#43 = DIRECTION ( 'NONE',  ( 0.000000000000000000, -1.000000000000000000, 0.000000000000000000 ) ) ;
#44 = ORIENTED_EDGE ( 'NONE', *, *, #1747, .F. ) ;
#45 = CYLINDRICAL_SURFACE ( 'NONE', #1420, 5.000000000000004441 ) ;
#46 = AXIS2_PLACEMENT_3D ( 'NONE', #4475, #3115, #1312 ) ;
#47 = CYLINDRICAL_SURFACE ( 'NONE', #1742, 1.399999999999998579 ) ;
#48 = ORIENTED_EDGE ( 'NONE', *, *, #3085, .F. ) ;
#49 = CARTESIAN_POINT ( 'NONE',  ( -70.74927733967025745, -6.349999999999999645, -25.25865704890942354 ) ) ;
#50 = VERTEX_POINT ( 'NONE', #4325 ) ;
#51 = VERTEX_POINT ( 'NONE', #4507 ) ;
#52 = DIRECTION ( 'NONE',  ( -0.000000000000000000, -1.000000000000000000, 0.000000000000000000 ) ) ;
#53 = AXIS2_PLACEMENT_3D ( 'NONE', #3891, #2, #710 ) ;
#54 = CARTESIAN_POINT ( 'NONE',  ( 69.44927733966991923, 0.000000000000000000, -27.51032309874995008 ) ) ;
#55 = CARTESIAN_POINT ( 'NONE',  ( -72.14927271346715543, -6.349999999999999645, -61.83379393113237654 ) ) ;
#56 = VERTEX_POINT ( 'NONE', #2566 ) ;
#57 = DIRECTION ( 'NONE',  ( 0.000000000000000000, 0.000000000000000000, 1.000000000000000000 ) ) ;
#58 = CARTESIAN_POINT ( 'NONE',  ( 17.67766952966372074, -6.349999999999999645, -17.67766952966365679 ) ) ;
#59 = ORIENTED_EDGE ( 'NONE', *, *, #32, .T. ) ;
#60 = DIRECTION ( 'NONE',  ( -1.000000000000000000, 0.000000000000000000, 4.884981308350687989E-15 ) ) ;
#61 = DIRECTION ( 'NONE',  ( -0.000000000000000000, 1.000000000000000000, -0.000000000000000000 ) ) ;
#62 = ORIENTED_EDGE ( 'NONE', *, *, #1919, .T. ) ;
#63 = VERTEX_POINT ( 'NONE', #1112 ) ;
#64 = VERTEX_POINT ( 'NONE', #3233 ) ;
#65 = CIRCLE ( 'NONE', #3693, 1.000000000000000888 ) ;
#66 = EDGE_LOOP ( 'NONE', ( #3206, #495, #2388, #1090 ) ) ;
#67 = CARTESIAN_POINT ( 'NONE',  ( -60.01241706048494962, -6.349999999999999645, -54.85544456622712062 ) ) ;
#68 = AXIS2_PLACEMENT_3D ( 'NONE', #3861, #16, #2532 ) ;
#69 = FACE_BOUND ( 'NONE', #1891, .T. ) ;
#70 = VERTEX_POINT ( 'NONE', #3974 ) ;
#71 = AXIS2_PLACEMENT_3D ( 'NONE', #1518, #2585, #1179 ) ;
#72 = ORIENTED_EDGE ( 'NONE', *, *, #2457, .F. ) ;
#73 = FACE_BOUND ( 'NONE', #2561, .T. ) ;
#74 = AXIS2_PLACEMENT_3D ( 'NONE', #2017, #965, #2694 ) ;
#75 = CARTESIAN_POINT ( 'NONE',  ( -70.74927733967025745, -6.349999999999999645, -24.25865704890941998 ) ) ;
#76 = DIRECTION ( 'NONE',  ( 0.000000000000000000, 0.000000000000000000, 1.000000000000000000 ) ) ;
#77 = ADVANCED_FACE ( 'NONE', ( #2515 ), #2754, .F. ) ;
#78 = VERTEX_POINT ( 'NONE', #1028 ) ;
#79 = CARTESIAN_POINT ( 'NONE',  ( 78.03869650211306919, 0.000000000000000000, -45.63301270189260350 ) ) ;
#80 = DIRECTION ( 'NONE',  ( 0.4999999999999914513, 0.000000000000000000, -0.8660254037844435926 ) ) ;
#81 = VERTEX_POINT ( 'NONE', #2429 ) ;
#82 = EDGE_CURVE ( 'NONE', #837, #1458, #3845, .T. ) ;
#83 = EDGE_CURVE ( 'NONE', #3427, #3292, #658, .T. ) ;
#84 = CARTESIAN_POINT ( 'NONE',  ( -16.52776749732661443, -0.000000000000000000, -16.52776749732664285 ) ) ;
#85 = ADVANCED_FACE ( 'NONE', ( #1592 ), #2237, .F. ) ;
#86 = FACE_OUTER_BOUND ( 'NONE', #382, .T. ) ;
#87 = CARTESIAN_POINT ( 'NONE',  ( -57.68325193588601252, -0.000000000000000000, -45.88967690124984955 ) ) ;
#88 = VERTEX_POINT ( 'NONE', #4040 ) ;
#89 = VECTOR ( 'NONE', #3105, 999.9999999999998863 ) ;
#90 = VECTOR ( 'NONE', #2490, 1000.000000000000000 ) ;
#91 = DIRECTION ( 'NONE',  ( 0.000000000000000000, 1.000000000000000000, -0.000000000000000000 ) ) ;
#92 = DIRECTION ( 'NONE',  ( 0.000000000000000000, -1.000000000000000000, 0.000000000000000000 ) ) ;
#93 = ORIENTED_EDGE ( 'NONE', *, *, #612, .T. ) ;
#94 = EDGE_LOOP ( 'NONE', ( #3034, #2231 ) ) ;
#95 =( NAMED_UNIT ( * ) SI_UNIT ( $, .STERADIAN. ) SOLID_ANGLE_UNIT ( ) );
#96 = EDGE_CURVE ( 'NONE', #377, #3680, #2959, .T. ) ;
#97 = CARTESIAN_POINT ( 'NONE',  ( -28.60000000000001208, -6.349999999999999645, -64.40000000000000568 ) ) ;
#98 = CARTESIAN_POINT ( 'NONE',  ( 43.88926953599185765, 0.000000000000000000, 70.09262524588240240 ) ) ;
#99 = AXIS2_PLACEMENT_3D ( 'NONE', #1867, #2605, #4339 ) ;
#100 = ORIENTED_EDGE ( 'NONE', *, *, #1415, .F. ) ;
#101 = CARTESIAN_POINT ( 'NONE',  ( 84.79970126751499038, -6.349999999999999645, 1.476319614425628757 ) ) ;
#102 = CARTESIAN_POINT ( 'NONE',  ( 43.24264068711675435, -6.349999999999999645, -75.05553499465064249 ) ) ;
#103 = ORIENTED_EDGE ( 'NONE', *, *, #1190, .F. ) ;
#104 = LINE ( 'NONE', #4342, #2986 ) ;
#105 = CARTESIAN_POINT ( 'NONE',  ( 13.50000000000000355, 0.000000000000000000, 83.40000000000001990 ) ) ;
#106 = FACE_OUTER_BOUND ( 'NONE', #1211, .T. ) ;
#107 = DIRECTION ( 'NONE',  ( 0.000000000000000000, 1.000000000000000000, -0.000000000000000000 ) ) ;
#108 = AXIS2_PLACEMENT_3D ( 'NONE', #416, #4022, #1595 ) ;
#109 = EDGE_CURVE ( 'NONE', #3517, #4245, #553, .T. ) ;
#110 = EDGE_LOOP ( 'NONE', ( #2778, #3893, #692, #661 ) ) ;
#111 = AXIS2_PLACEMENT_3D ( 'NONE', #4008, #2998, #1863 ) ;
#112 = EDGE_CURVE ( 'NONE', #409, #4237, #362, .T. ) ;
#113 = ORIENTED_EDGE ( 'NONE', *, *, #1761, .F. ) ;
#114 = CARTESIAN_POINT ( 'NONE',  ( -78.53869650211368025, -6.349999999999999645, -39.76698729810704691 ) ) ;
#115 = PLANE ( 'NONE',  #4441 ) ;
#116 = VERTEX_POINT ( 'NONE', #459 ) ;
#117 = ORIENTED_EDGE ( 'NONE', *, *, #1821, .F. ) ;
#118 = DIRECTION ( 'NONE',  ( 1.000000000000000000, 0.000000000000000000, 0.000000000000000000 ) ) ;
#119 = CARTESIAN_POINT ( 'NONE',  ( 89.25824730968200527, 0.000000000000000000, -30.20018066508294297 ) ) ;
#120 = CARTESIAN_POINT ( 'NONE',  ( -86.94895053995811907, -6.349999999999999645, -51.59999999999919851 ) ) ;
#121 = EDGE_LOOP ( 'NONE', ( #2667, #181, #1971, #1693 ) ) ;
#122 = PLANE ( 'NONE',  #1548 ) ;
#123 = DIRECTION ( 'NONE',  ( 0.8660254037844425934, 0.000000000000000000, -0.4999999999999933942 ) ) ;
#124 = ORIENTED_EDGE ( 'NONE', *, *, #2849, .T. ) ;
#125 = VECTOR ( 'NONE', #628, 1000.000000000000000 ) ;
#126 = CARTESIAN_POINT ( 'NONE',  ( 17.67766952966365324, -6.349999999999999645, 14.72766952966371790 ) ) ;
#127 = DIRECTION ( 'NONE',  ( 0.000000000000000000, 0.000000000000000000, 1.000000000000000000 ) ) ;
#128 = CARTESIAN_POINT ( 'NONE',  ( -102.2871870788968778, -6.349999999999999645, -27.05553499465071354 ) ) ;
#129 = ADVANCED_FACE ( 'NONE', ( #1203 ), #1566, .T. ) ;
#130 = DIRECTION ( 'NONE',  ( -7.472654973438552727E-16, 0.000000000000000000, 1.000000000000000000 ) ) ;
#131 = EDGE_LOOP ( 'NONE', ( #59, #1967 ) ) ;
#132 = CARTESIAN_POINT ( 'NONE',  ( 43.37867965644149137, 0.000000000000000000, 74.97699285909413902 ) ) ;
#133 = ORIENTED_EDGE ( 'NONE', *, *, #1246, .F. ) ;
#134 = EDGE_CURVE ( 'NONE', #1398, #4402, #208, .T. ) ;
#135 = CARTESIAN_POINT ( 'NONE',  ( 64.61049327183751245, -6.349999999999999645, -52.89134295109024464 ) ) ;
#136 = VECTOR ( 'NONE', #3760, 1000.000000000000000 ) ;
#137 = EDGE_CURVE ( 'NONE', #564, #3037, #3379, .T. ) ;
#138 = FACE_OUTER_BOUND ( 'NONE', #3989, .T. ) ;
#139 = ORIENTED_EDGE ( 'NONE', *, *, #1356, .T. ) ;
#140 = CIRCLE ( 'NONE', #4501, 3.000000000000002665 ) ;
#141 = ORIENTED_EDGE ( 'NONE', *, *, #2511, .F. ) ;
#142 = APPLICATION_PROTOCOL_DEFINITION ( 'draft international standard', 'automotive_design', 1998, #1664 ) ;
#143 = CARTESIAN_POINT ( 'NONE',  ( 83.56209488697538745, 0.000000000000000000, -27.06620606886734492 ) ) ;
#144 = EDGE_CURVE ( 'NONE', #800, #2326, #876, .T. ) ;
#145 = CARTESIAN_POINT ( 'NONE',  ( 82.64662884887255245, -6.349999999999999645, 2.962909748770205187 ) ) ;
#146 = ORIENTED_EDGE ( 'NONE', *, *, #1316, .F. ) ;
#147 = FACE_OUTER_BOUND ( 'NONE', #506, .T. ) ;
#148 = FACE_OUTER_BOUND ( 'NONE', #3258, .T. ) ;
#149 = ORIENTED_EDGE ( 'NONE', *, *, #3917, .F. ) ;
#150 = CARTESIAN_POINT ( 'NONE',  ( 78.22106948319090236, -6.349999999999999645, -35.31713343273805350 ) ) ;
#151 = CARTESIAN_POINT ( 'NONE',  ( -57.68325193588601252, -6.349999999999999645, -45.88967690124984244 ) ) ;
#152 = CARTESIAN_POINT ( 'NONE',  ( -129.9999999999989768, -6.349999999999999645, -75.05553499465077039 ) ) ;
#153 = DIRECTION ( 'NONE',  ( 0.000000000000000000, 1.000000000000000000, 0.000000000000000000 ) ) ;
#154 = VERTEX_POINT ( 'NONE', #2659 ) ;
#155 = ADVANCED_FACE ( 'NONE', ( #2610 ), #2283, .F. ) ;
#156 = DIRECTION ( 'NONE',  ( -0.000000000000000000, -1.000000000000000000, 0.000000000000000000 ) ) ;
#157 = VECTOR ( 'NONE', #2835, 1000.000000000000114 ) ;
#158 = AXIS2_PLACEMENT_3D ( 'NONE', #2497, #3194, #2458 ) ;
#159 = ORIENTED_EDGE ( 'NONE', *, *, #422, .T. ) ;
#160 = CARTESIAN_POINT ( 'NONE',  ( 76.81049327183761477, 0.000000000000000000, -31.76032309874998560 ) ) ;
#161 = CIRCLE ( 'NONE', #3491, 32.00000000000000000 ) ;
#162 = CARTESIAN_POINT ( 'NONE',  ( -63.13325193588592299, -6.349999999999999645, -36.44999999999941309 ) ) ;
#163 = ORIENTED_EDGE ( 'NONE', *, *, #1139, .F. ) ;
#164 = CYLINDRICAL_SURFACE ( 'NONE', #1347, 32.00000000000000000 ) ;
#165 = VERTEX_POINT ( 'NONE', #1940 ) ;
#166 = EDGE_CURVE ( 'NONE', #3725, #4248, #4020, .T. ) ;
#167 = PLANE ( 'NONE',  #2840 ) ;
#168 = ADVANCED_FACE ( 'NONE', ( #852 ), #527, .T. ) ;
#169 = EDGE_CURVE ( 'NONE', #1506, #4533, #3615, .T. ) ;
#170 = CARTESIAN_POINT ( 'NONE',  ( -17.67766952966371719, -6.349999999999999645, 17.67766952966366389 ) ) ;
#171 = LINE ( 'NONE', #1193, #3632 ) ;
#172 = ORIENTED_EDGE ( 'NONE', *, *, #3457, .F. ) ;
#173 = CARTESIAN_POINT ( 'NONE',  ( 17.67766952966372074, -6.349999999999999645, -20.62766952966365963 ) ) ;
#174 = CYLINDRICAL_SURFACE ( 'NONE', #3653, 1.399999999999998579 ) ;
#175 = VERTEX_POINT ( 'NONE', #2586 ) ;
#176 = EDGE_CURVE ( 'NONE', #830, #4402, #1473, .T. ) ;
#177 = CARTESIAN_POINT ( 'NONE',  ( 73.95856948319087110, -6.349999999999999645, -42.70000000000035811 ) ) ;
#178 = DIRECTION ( 'NONE',  ( -0.000000000000000000, 1.000000000000000000, -0.000000000000000000 ) ) ;
#179 = FACE_OUTER_BOUND ( 'NONE', #1817, .T. ) ;
#180 = FACE_OUTER_BOUND ( 'NONE', #4302, .T. ) ;
#181 = ORIENTED_EDGE ( 'NONE', *, *, #3795, .F. ) ;
#182 = LINE ( 'NONE', #1810, #259 ) ;
#183 = ORIENTED_EDGE ( 'NONE', *, *, #426, .F. ) ;
#184 = EDGE_CURVE ( 'NONE', #3562, #3104, #2983, .T. ) ;
#185 = AXIS2_PLACEMENT_3D ( 'NONE', #2026, #1690, #3444 ) ;
#186 = ORIENTED_EDGE ( 'NONE', *, *, #3214, .T. ) ;
#187 = ORIENTED_EDGE ( 'NONE', *, *, #2406, .T. ) ;
#188 = UNCERTAINTY_MEASURE_WITH_UNIT (LENGTH_MEASURE( 1.000000000000000082E-05 ), #814, 'distance_accuracy_value', 'NONE');
#189 = DIRECTION ( 'NONE',  ( -0.000000000000000000, 1.000000000000000000, -0.000000000000000000 ) ) ;
#190 = VECTOR ( 'NONE', #1059, 1000.000000000000000 ) ;
#191 = AXIS2_PLACEMENT_3D ( 'NONE', #2838, #2862, #1846 ) ;
#192 = DIRECTION ( 'NONE',  ( 0.000000000000000000, 1.000000000000000000, 0.000000000000000000 ) ) ;
#193 = ADVANCED_FACE ( 'NONE', ( #3651 ), #4392, .F. ) ;
#194 = ORIENTED_EDGE ( 'NONE', *, *, #3795, .T. ) ;
#195 = CARTESIAN_POINT ( 'NONE',  ( 14.49999999999998579, -6.349999999999999645, -2.959234164901606766E-15 ) ) ;
#196 = EDGE_LOOP ( 'NONE', ( #730, #2954 ) ) ;
#197 = ADVANCED_FACE ( 'NONE', ( #180 ), #3672, .F. ) ;
#198 = DIRECTION ( 'NONE',  ( 0.000000000000000000, 0.000000000000000000, 1.000000000000000000 ) ) ;
#199 = LINE ( 'NONE', #1931, #744 ) ;
#200 = ORIENTED_EDGE ( 'NONE', *, *, #1207, .F. ) ;
#201 = CARTESIAN_POINT ( 'NONE',  ( -0.000000000000000000, 0.000000000000000000, 72.90000000000000568 ) ) ;
#202 = EDGE_CURVE ( 'NONE', #635, #3049, #1993, .T. ) ;
#203 = FACE_OUTER_BOUND ( 'NONE', #2089, .T. ) ;
#204 = VERTEX_POINT ( 'NONE', #3463 ) ;
#205 = LINE ( 'NONE', #3695, #1500 ) ;
#206 = DIRECTION ( 'NONE',  ( -0.000000000000000000, 1.000000000000000000, -0.000000000000000000 ) ) ;
#207 = DIRECTION ( 'NONE',  ( 0.000000000000000000, -1.000000000000000000, 0.000000000000000000 ) ) ;
#208 = LINE ( 'NONE', #1914, #805 ) ;
#209 = ORIENTED_EDGE ( 'NONE', *, *, #749, .F. ) ;
#210 = DIRECTION ( 'NONE',  ( 0.000000000000000000, 1.000000000000000000, -0.000000000000000000 ) ) ;
#211 = VERTEX_POINT ( 'NONE', #287 ) ;
#212 = ORIENTED_EDGE ( 'NONE', *, *, #3934, .F. ) ;
#213 = DIRECTION ( 'NONE',  ( 0.000000000000000000, 0.000000000000000000, -1.000000000000000000 ) ) ;
#214 = ORIENTED_EDGE ( 'NONE', *, *, #176, .T. ) ;
#215 = VECTOR ( 'NONE', #1032, 1000.000000000000000 ) ;
#216 = CIRCLE ( 'NONE', #3171, 1.000000000000000222 ) ;
#217 = CYLINDRICAL_SURFACE ( 'NONE', #1191, 1.000000000000000888 ) ;
#218 = DIRECTION ( 'NONE',  ( -0.4999999999999919509, 0.000000000000000000, 0.8660254037844432595 ) ) ;
#219 = ORIENTED_EDGE ( 'NONE', *, *, #700, .F. ) ;
#220 = DIRECTION ( 'NONE',  ( 0.000000000000000000, 0.000000000000000000, -1.000000000000000000 ) ) ;
#221 = ORIENTED_EDGE ( 'NONE', *, *, #3279, .T. ) ;
#222 = LINE ( 'NONE', #284, #2411 ) ;
#223 = CARTESIAN_POINT ( 'NONE',  ( -78.11049327183802404, -6.349999999999999645, -29.50865704890935604 ) ) ;
#224 = CARTESIAN_POINT ( 'NONE',  ( -11.89999999999999680, -0.000000000000000000, 0.000000000000000000 ) ) ;
#225 = CARTESIAN_POINT ( 'NONE',  ( -66.77651867562266830, -6.349999999999999645, -51.13967690124976428 ) ) ;
#226 = ORIENTED_EDGE ( 'NONE', *, *, #3193, .F. ) ;
#227 = LINE ( 'NONE', #2380, #1962 ) ;
#228 = ADVANCED_FACE ( 'NONE', ( #3834 ), #1315, .F. ) ;
#229 = EDGE_CURVE ( 'NONE', #3104, #116, #3048, .T. ) ;
#230 = AXIS2_PLACEMENT_3D ( 'NONE', #49, #1461, #2499 ) ;
#231 = ORIENTED_EDGE ( 'NONE', *, *, #368, .F. ) ;
#232 = CARTESIAN_POINT ( 'NONE',  ( -17.49999999999999645, 0.000000000000000000, 79.40000000000000568 ) ) ;
#233 = CIRCLE ( 'NONE', #1929, 1.399999999999998579 ) ;
#234 = VECTOR ( 'NONE', #3713, 1000.000000000000000 ) ;
#235 = VECTOR ( 'NONE', #3735, 1000.000000000000000 ) ;
#236 = ORIENTED_EDGE ( 'NONE', *, *, #4042, .F. ) ;
#237 = DIRECTION ( 'NONE',  ( -0.000000000000000000, -1.000000000000000000, 0.000000000000000000 ) ) ;
#238 = ORIENTED_EDGE ( 'NONE', *, *, #2226, .F. ) ;
#239 = CARTESIAN_POINT ( 'NONE',  ( 0.5000000000000000000, -6.349999999999999645, 95.40000000000000568 ) ) ;
#240 = CARTESIAN_POINT ( 'NONE',  ( -71.06209488697597010, -6.349999999999999645, -49.71684116347721982 ) ) ;
#241 = CIRCLE ( 'NONE', #311, 1.000000000000000888 ) ;
#242 = ORIENTED_EDGE ( 'NONE', *, *, #2313, .F. ) ;
#243 = DIRECTION ( 'NONE',  ( 0.8660254037844380415, 0.000000000000000000, -0.5000000000000011102 ) ) ;
#244 = ORIENTED_EDGE ( 'NONE', *, *, #2858, .T. ) ;
#245 = DIRECTION ( 'NONE',  ( -4.884981308350687989E-15, 0.000000000000000000, -1.000000000000000000 ) ) ;
#246 = DIRECTION ( 'NONE',  ( 0.000000000000000000, -1.000000000000000000, 0.000000000000000000 ) ) ;
#247 = CARTESIAN_POINT ( 'NONE',  ( 1.714505518806293159E-16, 0.000000000000000000, 99.00000000000001421 ) ) ;
#248 = LINE ( 'NONE', #3486, #514 ) ;
#249 = CARTESIAN_POINT ( 'NONE',  ( 82.36882352103525307, -6.349999999999999645, -48.13301270189261771 ) ) ;
#250 = EDGE_LOOP ( 'NONE', ( #3362, #2036, #2577, #2551, #4255 ) ) ;
#251 = EDGE_CURVE ( 'NONE', #3863, #3331, #2582, .T. ) ;
#252 = AXIS2_PLACEMENT_3D ( 'NONE', #4362, #3717, #2256 ) ;
#253 = VERTEX_POINT ( 'NONE', #977 ) ;
#254 = DIRECTION ( 'NONE',  ( -7.472654973438552727E-16, 0.000000000000000000, 1.000000000000000000 ) ) ;
#255 = EDGE_CURVE ( 'NONE', #2270, #1040, #641, .T. ) ;
#256 = ORIENTED_EDGE ( 'NONE', *, *, #2615, .F. ) ;
#257 = CARTESIAN_POINT ( 'NONE',  ( 77.51241706048433855, 0.000000000000000000, -24.54455543377269322 ) ) ;
#258 = EDGE_LOOP ( 'NONE', ( #1161, #1137, #2241, #146 ) ) ;
#259 = VECTOR ( 'NONE', #733, 1000.000000000000000 ) ;
#260 = DIRECTION ( 'NONE',  ( -0.000000000000000000, -1.000000000000000000, -0.000000000000000000 ) ) ;
#261 = EDGE_CURVE ( 'NONE', #629, #51, #2721, .T. ) ;
#262 = DIRECTION ( 'NONE',  ( -0.000000000000000000, -1.000000000000000000, 0.000000000000000000 ) ) ;
#263 = EDGE_LOOP ( 'NONE', ( #445, #3259, #4443, #2213 ) ) ;
#264 = PLANE ( 'NONE',  #3147 ) ;
#265 = EDGE_LOOP ( 'NONE', ( #3466, #2106, #3315, #1367 ) ) ;
#266 = CYLINDRICAL_SURFACE ( 'NONE', #2035, 1.399999999999998579 ) ;
#267 = DIRECTION ( 'NONE',  ( 0.000000000000000000, 0.000000000000000000, -1.000000000000000000 ) ) ;
#268 = FACE_OUTER_BOUND ( 'NONE', #3710, .T. ) ;
#269 = DIRECTION ( 'NONE',  ( -0.000000000000000000, 1.000000000000000000, -0.000000000000000000 ) ) ;
#270 = CARTESIAN_POINT ( 'NONE',  ( -70.56209488697598431, -6.349999999999999645, -49.58286656726166797 ) ) ;
#271 = DIRECTION ( 'NONE',  ( 1.000000000000000000, -0.000000000000000000, 0.000000000000000000 ) ) ;
#272 = ORIENTED_EDGE ( 'NONE', *, *, #670, .F. ) ;
#273 = CARTESIAN_POINT ( 'NONE',  ( 1.999999999999992228, 0.000000000000000000, -64.40000000000000568 ) ) ;
#274 = VECTOR ( 'NONE', #2051, 1000.000000000000000 ) ;
#275 = ORIENTED_EDGE ( 'NONE', *, *, #144, .F. ) ;
#276 = DIRECTION ( 'NONE',  ( 0.000000000000000000, 0.000000000000000000, -1.000000000000000000 ) ) ;
#277 = ORIENTED_EDGE ( 'NONE', *, *, #422, .F. ) ;
#278 = LINE ( 'NONE', #2736, #3557 ) ;
#279 = DIRECTION ( 'NONE',  ( 0.000000000000000000, 0.000000000000000000, 1.000000000000000000 ) ) ;
#280 = ORIENTED_EDGE ( 'NONE', *, *, #1163, .F. ) ;
#281 = AXIS2_PLACEMENT_3D ( 'NONE', #4181, #3420, #4544 ) ;
#282 = CARTESIAN_POINT ( 'NONE',  ( 5.950000000000057909, -6.349999999999999645, 10.30570230503480467 ) ) ;
#283 = CIRCLE ( 'NONE', #1917, 1.000000000000000888 ) ;
#284 = CARTESIAN_POINT ( 'NONE',  ( 0.000000000000000000, 0.000000000000000000, 85.40000000000000568 ) ) ;
#285 = DIRECTION ( 'NONE',  ( -0.8660254037844361541, 0.000000000000000000, 0.5000000000000043299 ) ) ;
#286 = CARTESIAN_POINT ( 'NONE',  ( -78.53869650211368025, -6.349999999999999645, -44.76698729810705402 ) ) ;
#287 = CARTESIAN_POINT ( 'NONE',  ( -11.89999999999999680, 0.000000000000000000, 82.40000000000001990 ) ) ;
#288 = EDGE_CURVE ( 'NONE', #88, #4460, #4498, .T. ) ;
#289 = DIRECTION ( 'NONE',  ( -0.000000000000000000, 1.000000000000000000, -0.000000000000000000 ) ) ;
#290 = VECTOR ( 'NONE', #1062, 1000.000000000000000 ) ;
#291 = ORIENTED_EDGE ( 'NONE', *, *, #974, .T. ) ;
#292 = CIRCLE ( 'NONE', #2290, 1.000000000000000888 ) ;
#293 = CARTESIAN_POINT ( 'NONE',  ( 82.64662884887255245, 0.000000000000000000, 2.962909748770198526 ) ) ;
#294 = EDGE_CURVE ( 'NONE', #877, #2606, #882, .T. ) ;
#295 = AXIS2_PLACEMENT_3D ( 'NONE', #4039, #458, #1202 ) ;
#296 = EDGE_LOOP ( 'NONE', ( #3582, #679, #1587, #1324 ) ) ;
#297 = DIRECTION ( 'NONE',  ( 0.000000000000000000, 0.000000000000000000, 1.000000000000000000 ) ) ;
#298 = VECTOR ( 'NONE', #4292, 1000.000000000000000 ) ;
#299 = DIRECTION ( 'NONE',  ( 0.000000000000000000, 0.000000000000000000, 1.000000000000000000 ) ) ;
#300 = CARTESIAN_POINT ( 'NONE',  ( 77.51241706048433855, 0.000000000000000000, -25.94455543377269180 ) ) ;
#301 = ORIENTED_EDGE ( 'NONE', *, *, #3064, .T. ) ;
#302 = CARTESIAN_POINT ( 'NONE',  ( -7.524999999999978151, -6.349999999999999645, 92.40000000000000568 ) ) ;
#303 = CARTESIAN_POINT ( 'NONE',  ( 13.99999999999999112, 0.000000000000000000, -64.40000000000000568 ) ) ;
#304 = VERTEX_POINT ( 'NONE', #315 ) ;
#305 = ADVANCED_FACE ( 'NONE', ( #4115 ), #2071, .F. ) ;
#306 = ORIENTED_EDGE ( 'NONE', *, *, #3291, .F. ) ;
#307 = FACE_OUTER_BOUND ( 'NONE', #1559, .T. ) ;
#308 = AXIS2_PLACEMENT_3D ( 'NONE', #1011, #1764, #630 ) ;
#309 = EDGE_CURVE ( 'NONE', #3601, #1007, #65, .T. ) ;
#310 = ADVANCED_FACE ( 'NONE', ( #2354 ), #1021, .F. ) ;
#311 = AXIS2_PLACEMENT_3D ( 'NONE', #1365, #345, #979 ) ;
#312 = CARTESIAN_POINT ( 'NONE',  ( 43.88926953599185765, -6.349999999999999645, 70.09262524588238819 ) ) ;
#313 = DIRECTION ( 'NONE',  ( 0.000000000000000000, 0.000000000000000000, 1.000000000000000000 ) ) ;
#314 = VERTEX_POINT ( 'NONE', #4137 ) ;
#315 = CARTESIAN_POINT ( 'NONE',  ( 78.53869650211306919, 0.000000000000000000, -39.76698729810815536 ) ) ;
#316 = DIRECTION ( 'NONE',  ( -0.000000000000000000, -1.000000000000000000, -0.000000000000000000 ) ) ;
#317 = EDGE_LOOP ( 'NONE', ( #113, #562, #2799, #3952 ) ) ;
#318 = DIRECTION ( 'NONE',  ( 0.000000000000000000, 0.000000000000000000, 1.000000000000000000 ) ) ;
#319 = EDGE_CURVE ( 'NONE', #1472, #504, #248, .T. ) ;
#320 = VERTEX_POINT ( 'NONE', #2379 ) ;
#321 = DIRECTION ( 'NONE',  ( -0.000000000000000000, 1.000000000000000000, -0.000000000000000000 ) ) ;
#322 = AXIS2_PLACEMENT_3D ( 'NONE', #3666, #1960, #4385 ) ;
#323 = CARTESIAN_POINT ( 'NONE',  ( 89.25824730968200527, -6.349999999999999645, -30.20018066508294297 ) ) ;
#324 = CARTESIAN_POINT ( 'NONE',  ( -78.97651867562247219, -6.349999999999999645, -30.00865704890934893 ) ) ;
#325 = ORIENTED_EDGE ( 'NONE', *, *, #700, .T. ) ;
#326 = AXIS2_PLACEMENT_3D ( 'NONE', #3661, #1883, #118 ) ;
#327 = EDGE_CURVE ( 'NONE', #897, #2085, #4139, .T. ) ;
#328 = DIRECTION ( 'NONE',  ( -0.5000000000000039968, 0.000000000000000000, -0.8660254037844363761 ) ) ;
#329 = EDGE_CURVE ( 'NONE', #3143, #432, #140, .T. ) ;
#330 = LINE ( 'NONE', #2435, #3023 ) ;
#331 = ORIENTED_EDGE ( 'NONE', *, *, #1613, .T. ) ;
#332 = AXIS2_PLACEMENT_3D ( 'NONE', #2147, #1245, #1272 ) ;
#333 = EDGE_LOOP ( 'NONE', ( #2596, #1843, #1423, #1550, #1722, #2844, #2531, #3101, #1499 ) ) ;
#334 = VECTOR ( 'NONE', #3712, 1000.000000000000000 ) ;
#335 = DIRECTION ( 'NONE',  ( -0.000000000000000000, -1.000000000000000000, -0.000000000000000000 ) ) ;
#336 = ADVANCED_FACE ( 'NONE', ( #2768 ), #4184, .F. ) ;
#337 = DIRECTION ( 'NONE',  ( -0.4999999999999919509, 0.000000000000000000, 0.8660254037844432595 ) ) ;
#338 = CYLINDRICAL_SURFACE ( 'NONE', #3785, 1.000000000000000888 ) ;
#339 = EDGE_CURVE ( 'NONE', #1489, #837, #2746, .T. ) ;
#340 = VERTEX_POINT ( 'NONE', #36 ) ;
#341 = CARTESIAN_POINT ( 'NONE',  ( 17.50000000000000355, 0.000000000000000000, 79.39999999999999147 ) ) ;
#342 = FACE_OUTER_BOUND ( 'NONE', #1762, .T. ) ;
#343 = VERTEX_POINT ( 'NONE', #2445 ) ;
#344 = ADVANCED_FACE ( 'NONE', ( #3226 ), #1845, .F. ) ;
#345 = DIRECTION ( 'NONE',  ( 0.000000000000000000, -1.000000000000000000, 0.000000000000000000 ) ) ;
#346 = CARTESIAN_POINT ( 'NONE',  ( -28.60000000000001208, -6.349999999999999645, -64.40000000000000568 ) ) ;
#347 = ORIENTED_EDGE ( 'NONE', *, *, #875, .F. ) ;
#348 = DIRECTION ( 'NONE',  ( 0.000000000000000000, 0.000000000000000000, 1.000000000000000000 ) ) ;
#349 = ADVANCED_FACE ( 'NONE', ( #4300 ), #4569, .T. ) ;
#350 = CARTESIAN_POINT ( 'NONE',  ( -86.62132034355759913, 0.000000000000000000, 0.07854213556005018582 ) ) ;
#351 = ORIENTED_EDGE ( 'NONE', *, *, #3889, .F. ) ;
#352 = CIRCLE ( 'NONE', #15, 32.00000000000000000 ) ;
#353 = FACE_OUTER_BOUND ( 'NONE', #3570, .T. ) ;
#354 = VERTEX_POINT ( 'NONE', #384 ) ;
#355 = ORIENTED_EDGE ( 'NONE', *, *, #3113, .T. ) ;
#356 = DIRECTION ( 'NONE',  ( 0.4999999999999919509, 0.000000000000000000, -0.8660254037844432595 ) ) ;
#357 = CARTESIAN_POINT ( 'NONE',  ( -28.60000000000001208, -6.349999999999999645, -61.80000000000001137 ) ) ;
#358 = ORIENTED_EDGE ( 'NONE', *, *, #2902, .F. ) ;
#359 = DIRECTION ( 'NONE',  ( 0.000000000000000000, 0.000000000000000000, 1.000000000000000000 ) ) ;
#360 = DIRECTION ( 'NONE',  ( 0.8660254037844357100, 0.000000000000000000, -0.5000000000000048850 ) ) ;
#361 = ORIENTED_EDGE ( 'NONE', *, *, #3, .T. ) ;
#362 = CIRCLE ( 'NONE', #1108, 1.399999999999999911 ) ;
#363 = VECTOR ( 'NONE', #3310, 1000.000000000000000 ) ;
#364 = CIRCLE ( 'NONE', #2951, 3.000000000000000000 ) ;
#365 = PLANE ( 'NONE',  #1351 ) ;
#366 = DIRECTION ( 'NONE',  ( -0.000000000000000000, -1.000000000000000000, 0.000000000000000000 ) ) ;
#367 = VECTOR ( 'NONE', #1041, 1000.000000000000000 ) ;
#368 = EDGE_CURVE ( 'NONE', #3969, #304, #1447, .T. ) ;
#369 = ORIENTED_EDGE ( 'NONE', *, *, #4328, .T. ) ;
#370 = LINE ( 'NONE', #4555, #2344 ) ;
#371 = EDGE_CURVE ( 'NONE', #971, #2691, #1476, .T. ) ;
#372 = CARTESIAN_POINT ( 'NONE',  ( -57.68325193588601252, -6.349999999999999645, -45.88967690124984244 ) ) ;
#373 = ORIENTED_EDGE ( 'NONE', *, *, #757, .T. ) ;
#374 = ADVANCED_FACE ( 'NONE', ( #1129 ), #406, .F. ) ;
#375 = CARTESIAN_POINT ( 'NONE',  ( -65.41049327183823436, -6.349999999999999645, -51.50570230503421243 ) ) ;
#376 = ORIENTED_EDGE ( 'NONE', *, *, #2996, .T. ) ;
#377 = VERTEX_POINT ( 'NONE', #1801 ) ;
#378 = DIRECTION ( 'NONE',  ( 0.000000000000000000, 1.000000000000000000, 0.000000000000000000 ) ) ;
#379 = EDGE_CURVE ( 'NONE', #1343, #2364, #3546, .T. ) ;
#380 = DIRECTION ( 'NONE',  ( -0.000000000000000000, 1.000000000000000000, -0.000000000000000000 ) ) ;
#381 = CARTESIAN_POINT ( 'NONE',  ( 6.049582771864129960, 0.000000000000000000, 22.57735026919040067 ) ) ;
#382 = EDGE_LOOP ( 'NONE', ( #231, #936, #3608, #1819 ) ) ;
#383 = AXIS2_PLACEMENT_3D ( 'NONE', #24, #3871, #1437 ) ;
#384 = CARTESIAN_POINT ( 'NONE',  ( 14.50000000000000178, -6.349999999999999645, 82.40000000000001990 ) ) ;
#385 = CARTESIAN_POINT ( 'NONE',  ( -73.95856948319146795, -6.349999999999999645, -42.69999999999931362 ) ) ;
#386 = ORIENTED_EDGE ( 'NONE', *, *, #1613, .F. ) ;
#387 = AXIS2_PLACEMENT_3D ( 'NONE', #686, #2074, #3864 ) ;
#388 = CARTESIAN_POINT ( 'NONE',  ( 13.50000000000000355, -6.349999999999999645, 83.40000000000001990 ) ) ;
#389 = DIRECTION ( 'NONE',  ( -2.775557561562888984E-15, 0.000000000000000000, 1.000000000000000000 ) ) ;
#390 = VERTEX_POINT ( 'NONE', #3904 ) ;
#391 = CARTESIAN_POINT ( 'NONE',  ( 0.000000000000000000, -6.349999999999999645, 100.4000000000000199 ) ) ;
#392 = EDGE_CURVE ( 'NONE', #1142, #4400, #2663, .T. ) ;
#393 = CIRCLE ( 'NONE', #3274, 1.000000000000000888 ) ;
#394 = CARTESIAN_POINT ( 'NONE',  ( 43.24264068711675435, 0.000000000000000000, -72.05553499465064249 ) ) ;
#395 = ORIENTED_EDGE ( 'NONE', *, *, #1838, .F. ) ;
#396 = CIRCLE ( 'NONE', #23, 2.950000000000001066 ) ;
#397 = AXIS2_PLACEMENT_3D ( 'NONE', #1105, #2446, #2512 ) ;
#398 = PLANE ( 'NONE',  #4368 ) ;
#399 = ORIENTED_EDGE ( 'NONE', *, *, #1383, .F. ) ;
#400 = ORIENTED_EDGE ( 'NONE', *, *, #42, .T. ) ;
#401 = DIRECTION ( 'NONE',  ( 0.8660254037844380415, 0.000000000000000000, -0.5000000000000011102 ) ) ;
#402 = EDGE_CURVE ( 'NONE', #1472, #154, #3207, .T. ) ;
#403 = CARTESIAN_POINT ( 'NONE',  ( 1.714505518806292666E-16, -6.349999999999999645, 99.00000000000001421 ) ) ;
#404 = CARTESIAN_POINT ( 'NONE',  ( -10.90000000000000213, -6.349999999999999645, 72.90000000000000568 ) ) ;
#405 = ORIENTED_EDGE ( 'NONE', *, *, #3452, .T. ) ;
#406 = PLANE ( 'NONE',  #1920 ) ;
#407 = CARTESIAN_POINT ( 'NONE',  ( 77.51241706048433855, -6.349999999999999645, -24.54455543377269322 ) ) ;
#408 = AXIS2_PLACEMENT_3D ( 'NONE', #1444, #2087, #768 ) ;
#409 = VERTEX_POINT ( 'NONE', #1407 ) ;
#410 = AXIS2_PLACEMENT_3D ( 'NONE', #394, #210, #3700 ) ;
#411 = DIRECTION ( 'NONE',  ( 2.040851148208006519E-16, 0.000000000000000000, 1.000000000000000000 ) ) ;
#412 = PLANE ( 'NONE',  #732 ) ;
#413 = DIRECTION ( 'NONE',  ( -0.000000000000000000, -1.000000000000000000, 0.000000000000000000 ) ) ;
#414 = ORIENTED_EDGE ( 'NONE', *, *, #1001, .F. ) ;
#415 = AXIS2_PLACEMENT_3D ( 'NONE', #3789, #617, #3746 ) ;
#416 = CARTESIAN_POINT ( 'NONE',  ( -17.67766952966365679, -6.349999999999999645, -17.67766952966372074 ) ) ;
#417 = EDGE_LOOP ( 'NONE', ( #2595, #2944, #2329, #4431 ) ) ;
#418 = CARTESIAN_POINT ( 'NONE',  ( -17.67766952966365679, 0.000000000000000000, -14.72766952966371790 ) ) ;
#419 = EDGE_CURVE ( 'NONE', #3805, #923, #3103, .T. ) ;
#420 = CARTESIAN_POINT ( 'NONE',  ( -0.5000000000000000000, 0.000000000000000000, 85.40000000000000568 ) ) ;
#421 = EDGE_LOOP ( 'NONE', ( #1477, #3380, #771, #117 ) ) ;
#422 = EDGE_CURVE ( 'NONE', #2467, #558, #3580, .T. ) ;
#423 = ORIENTED_EDGE ( 'NONE', *, *, #2706, .F. ) ;
#424 = EDGE_CURVE ( 'NONE', #3836, #4248, #2363, .T. ) ;
#425 = LINE ( 'NONE', #2574, #1073 ) ;
#426 = EDGE_CURVE ( 'NONE', #4556, #790, #2468, .T. ) ;
#427 = DIRECTION ( 'NONE',  ( 0.000000000000000000, 1.000000000000000000, -0.000000000000000000 ) ) ;
#428 = DIRECTION ( 'NONE',  ( 0.000000000000000000, 0.000000000000000000, 1.000000000000000000 ) ) ;
#429 = ORIENTED_EDGE ( 'NONE', *, *, #3114, .T. ) ;
#430 = CARTESIAN_POINT ( 'NONE',  ( 43.24264068711675435, -6.349999999999999645, -75.05553499465064249 ) ) ;
#431 = LINE ( 'NONE', #4232, #3737 ) ;
#432 = VERTEX_POINT ( 'NONE', #430 ) ;
#433 = DIRECTION ( 'NONE',  ( 1.776356839400252042E-15, 0.000000000000000000, -1.000000000000000000 ) ) ;
#434 = CARTESIAN_POINT ( 'NONE',  ( -78.61049327183800983, 0.000000000000000000, -28.64263164512491500 ) ) ;
#435 = CYLINDRICAL_SURFACE ( 'NONE', #4426, 1.000000000000000888 ) ;
#436 = ORIENTED_EDGE ( 'NONE', *, *, #4350, .T. ) ;
#437 = AXIS2_PLACEMENT_3D ( 'NONE', #4536, #2369, #3039 ) ;
#438 = VECTOR ( 'NONE', #3696, 1000.000000000000000 ) ;
#439 = VECTOR ( 'NONE', #4369, 1000.000000000000000 ) ;
#440 = EDGE_CURVE ( 'NONE', #2338, #3689, #2132, .T. ) ;
#441 = ORIENTED_EDGE ( 'NONE', *, *, #3214, .F. ) ;
#442 = CYLINDRICAL_SURFACE ( 'NONE', #1760, 5.000000000000004441 ) ;
#443 = CARTESIAN_POINT ( 'NONE',  ( 17.50000000000000355, 0.000000000000000000, 79.39999999999999147 ) ) ;
#444 = ORIENTED_EDGE ( 'NONE', *, *, #2233, .F. ) ;
#445 = ORIENTED_EDGE ( 'NONE', *, *, #907, .F. ) ;
#446 = FACE_BOUND ( 'NONE', #29, .T. ) ;
#447 = VECTOR ( 'NONE', #3455, 1000.000000000000000 ) ;
#448 = DIRECTION ( 'NONE',  ( 0.000000000000000000, 0.000000000000000000, 1.000000000000000000 ) ) ;
#449 = EDGE_CURVE ( 'NONE', #3587, #4147, #2288, .T. ) ;
#450 = DIRECTION ( 'NONE',  ( 0.000000000000000000, 0.000000000000000000, -1.000000000000000000 ) ) ;
#451 = ORIENTED_EDGE ( 'NONE', *, *, #2630, .F. ) ;
#452 = CARTESIAN_POINT ( 'NONE',  ( 0.5000000000000000000, -6.349999999999999645, 95.40000000000000568 ) ) ;
#453 = LINE ( 'NONE', #1237, #4462 ) ;
#454 = ORIENTED_EDGE ( 'NONE', *, *, #3169, .F. ) ;
#455 = DIRECTION ( 'NONE',  ( -0.000000000000000000, 1.000000000000000000, -0.000000000000000000 ) ) ;
#456 = AXIS2_PLACEMENT_3D ( 'NONE', #2530, #4298, #4317 ) ;
#457 = FACE_OUTER_BOUND ( 'NONE', #1120, .T. ) ;
#458 = DIRECTION ( 'NONE',  ( 0.000000000000000000, 1.000000000000000000, -0.000000000000000000 ) ) ;
#459 = CARTESIAN_POINT ( 'NONE',  ( -43.67838092395409433, 0.000000000000000000, 72.70053572378492390 ) ) ;
#460 = ORIENTED_EDGE ( 'NONE', *, *, #42, .F. ) ;
#461 = EDGE_CURVE ( 'NONE', #3004, #3177, #664, .T. ) ;
#462 = CIRCLE ( 'NONE', #3051, 1.000000000000000888 ) ;
#463 = ORIENTED_EDGE ( 'NONE', *, *, #650, .T. ) ;
#464 = LINE ( 'NONE', #1879, #646 ) ;
#465 = FACE_BOUND ( 'NONE', #1231, .T. ) ;
#466 = ORIENTED_EDGE ( 'NONE', *, *, #565, .T. ) ;
#467 = EDGE_CURVE ( 'NONE', #3689, #775, #4253, .T. ) ;
#468 = EDGE_LOOP ( 'NONE', ( #1274, #2099 ) ) ;
#469 = VECTOR ( 'NONE', #1360, 1000.000000000000114 ) ;
#470 = EDGE_CURVE ( 'NONE', #743, #1188, #2488, .T. ) ;
#471 = DIRECTION ( 'NONE',  ( 0.000000000000000000, 0.000000000000000000, 1.000000000000000000 ) ) ;
#472 = DIRECTION ( 'NONE',  ( 0.9659258262890686453, 0.000000000000000000, -0.2588190451025196293 ) ) ;
#473 = AXIS2_PLACEMENT_3D ( 'NONE', #4060, #476, #4320 ) ;
#474 = VERTEX_POINT ( 'NONE', #521 ) ;
#475 = DIRECTION ( 'NONE',  ( 0.000000000000000000, 1.000000000000000000, 0.000000000000000000 ) ) ;
#476 = DIRECTION ( 'NONE',  ( 0.000000000000000000, 1.000000000000000000, 0.000000000000000000 ) ) ;
#477 = ORIENTED_EDGE ( 'NONE', *, *, #137, .T. ) ;
#478 = CARTESIAN_POINT ( 'NONE',  ( 63.26794919243221216, -6.349999999999999645, 36.52776749732628758 ) ) ;
#479 = CYLINDRICAL_SURFACE ( 'NONE', #4219, 3.000000000000002665 ) ;
#480 = CARTESIAN_POINT ( 'NONE',  ( -129.9999999999989768, -6.349999999999999645, -75.05553499465077039 ) ) ;
#481 = CIRCLE ( 'NONE', #2771, 1.000000000000000888 ) ;
#482 = VERTEX_POINT ( 'NONE', #1235 ) ;
#483 = EDGE_CURVE ( 'NONE', #4533, #897, #895, .T. ) ;
#484 = AXIS2_PLACEMENT_3D ( 'NONE', #2903, #1213, #1232 ) ;
#485 = ORIENTED_EDGE ( 'NONE', *, *, #2455, .F. ) ;
#486 = CARTESIAN_POINT ( 'NONE',  ( 85.14927271346640225, 0.000000000000000000, -39.31713343273808903 ) ) ;
#487 = ADVANCED_FACE ( 'NONE', ( #147 ), #3690, .F. ) ;
#488 = FACE_BOUND ( 'NONE', #833, .T. ) ;
#489 = EDGE_CURVE ( 'NONE', #4360, #709, #3694, .T. ) ;
#490 = EDGE_LOOP ( 'NONE', ( #1078, #2581, #2863, #3268 ) ) ;
#491 = VERTEX_POINT ( 'NONE', #2579 ) ;
#492 = FACE_BOUND ( 'NONE', #1538, .T. ) ;
#493 = DIRECTION ( 'NONE',  ( -0.000000000000000000, 1.000000000000000000, -0.000000000000000000 ) ) ;
#494 = DIRECTION ( 'NONE',  ( 0.000000000000000000, 0.000000000000000000, 1.000000000000000000 ) ) ;
#495 = ORIENTED_EDGE ( 'NONE', *, *, #4050, .F. ) ;
#496 = DIRECTION ( 'NONE',  ( 0.000000000000000000, 0.000000000000000000, 1.000000000000000000 ) ) ;
#497 = CARTESIAN_POINT ( 'NONE',  ( -86.94895053995811907, -6.349999999999999645, -48.79999999999920846 ) ) ;
#498 = ORIENTED_EDGE ( 'NONE', *, *, #2996, .F. ) ;
#499 = AXIS2_PLACEMENT_3D ( 'NONE', #3190, #1068, #645 ) ;
#500 = DIRECTION ( 'NONE',  ( 0.8660254037844361541, 0.000000000000000000, -0.5000000000000042188 ) ) ;
#501 = DIRECTION ( 'NONE',  ( -0.5000000000000000000, 0.000000000000000000, 0.8660254037844385966 ) ) ;
#502 = CYLINDRICAL_SURFACE ( 'NONE', #2395, 3.000000000000002665 ) ;
#503 = CARTESIAN_POINT ( 'NONE',  ( 1.999999999999992228, -6.349999999999999645, -64.40000000000000568 ) ) ;
#504 = VERTEX_POINT ( 'NONE', #1490 ) ;
#505 = CARTESIAN_POINT ( 'NONE',  ( -28.60000000000001208, 0.000000000000000000, -61.80000000000001137 ) ) ;
#506 = EDGE_LOOP ( 'NONE', ( #2836, #466, #1106, #2130 ) ) ;
#507 = EDGE_CURVE ( 'NONE', #4248, #3836, #3701, .T. ) ;
#508 = EDGE_CURVE ( 'NONE', #165, #2696, #1531, .T. ) ;
#509 = VERTEX_POINT ( 'NONE', #1557 ) ;
#510 = CARTESIAN_POINT ( 'NONE',  ( 1.169434919271831421E-12, 0.000000000000000000, 150.1110699893032461 ) ) ;
#511 = AXIS2_PLACEMENT_3D ( 'NONE', #2521, #4289, #4002 ) ;
#512 = FACE_BOUND ( 'NONE', #250, .T. ) ;
#513 = ORIENTED_EDGE ( 'NONE', *, *, #1615, .T. ) ;
#514 = VECTOR ( 'NONE', #1384, 1000.000000000000000 ) ;
#515 = EDGE_CURVE ( 'NONE', #1650, #3044, #2652, .T. ) ;
#516 = VERTEX_POINT ( 'NONE', #1933 ) ;
#517 = CYLINDRICAL_SURFACE ( 'NONE', #484, 1.000000000000000888 ) ;
#518 = DIRECTION ( 'NONE',  ( 0.000000000000000000, 0.000000000000000000, 1.000000000000000000 ) ) ;
#519 = AXIS2_PLACEMENT_3D ( 'NONE', #3187, #3231, #2096 ) ;
#520 = ORIENTED_EDGE ( 'NONE', *, *, #1504, .F. ) ;
#521 = CARTESIAN_POINT ( 'NONE',  ( 1.999999999999992673, 0.000000000000000000, -67.00000000000000000 ) ) ;
#522 = DIRECTION ( 'NONE',  ( 0.000000000000000000, 1.000000000000000000, -0.000000000000000000 ) ) ;
#523 = ORIENTED_EDGE ( 'NONE', *, *, #3849, .F. ) ;
#524 = DIRECTION ( 'NONE',  ( 0.000000000000000000, 0.000000000000000000, 1.000000000000000000 ) ) ;
#525 = DIRECTION ( 'NONE',  ( 0.8660254037844432595, 0.000000000000000000, 0.4999999999999919509 ) ) ;
#526 = CARTESIAN_POINT ( 'NONE',  ( 69.44927733966991923, 0.000000000000000000, -26.51032309874994652 ) ) ;
#527 = CYLINDRICAL_SURFACE ( 'NONE', #4285, 32.00000000000000000 ) ;
#528 = VERTEX_POINT ( 'NONE', #101 ) ;
#529 = CARTESIAN_POINT ( 'NONE',  ( 86.94895053995743694, -6.349999999999999645, -51.60000000000041354 ) ) ;
#530 = EDGE_CURVE ( 'NONE', #2326, #644, #292, .T. ) ;
#531 = AXIS2_PLACEMENT_3D ( 'NONE', #742, #1405, #76 ) ;
#532 = ORIENTED_EDGE ( 'NONE', *, *, #2485, .F. ) ;
#533 = CIRCLE ( 'NONE', #4230, 2.600000000000004974 ) ;
#534 = ORIENTED_EDGE ( 'NONE', *, *, #3645, .F. ) ;
#535 = ADVANCED_FACE ( 'NONE', ( #3344 ), #3990, .F. ) ;
#536 = DIRECTION ( 'NONE',  ( 0.000000000000000000, 0.000000000000000000, -1.000000000000000000 ) ) ;
#537 = AXIS2_PLACEMENT_3D ( 'NONE', #1109, #797, #3186 ) ;
#538 = CARTESIAN_POINT ( 'NONE',  ( -65.41049327183823436, 0.000000000000000000, -51.50570230503421243 ) ) ;
#539 = ORIENTED_EDGE ( 'NONE', *, *, #2456, .T. ) ;
#540 = DIRECTION ( 'NONE',  ( 0.000000000000000000, 0.000000000000000000, -1.000000000000000000 ) ) ;
#541 = ORIENTED_EDGE ( 'NONE', *, *, #3703, .T. ) ;
#542 = FACE_OUTER_BOUND ( 'NONE', #1280, .T. ) ;
#543 = CARTESIAN_POINT ( 'NONE',  ( 17.67766952966372074, 0.000000000000000000, -20.62766952966365963 ) ) ;
#544 = ORIENTED_EDGE ( 'NONE', *, *, #2992, .T. ) ;
#545 = CIRCLE ( 'NONE', #3131, 1.000000000000005551 ) ;
#546 = CARTESIAN_POINT ( 'NONE',  ( -77.51241706048465119, -6.349999999999999645, -23.14455543377160041 ) ) ;
#547 = CARTESIAN_POINT ( 'NONE',  ( -28.60000000000001208, 0.000000000000000000, -67.00000000000001421 ) ) ;
#548 = ORIENTED_EDGE ( 'NONE', *, *, #1386, .F. ) ;
#549 = AXIS2_PLACEMENT_3D ( 'NONE', #282, #4296, #3504 ) ;
#550 = DIRECTION ( 'NONE',  ( -0.000000000000000000, 1.000000000000000000, -0.000000000000000000 ) ) ;
#551 = CARTESIAN_POINT ( 'NONE',  ( 130.0000000000010232, -6.349999999999999645, -75.05553499465057143 ) ) ;
#552 = CYLINDRICAL_SURFACE ( 'NONE', #1878, 1.399999999999998579 ) ;
#553 = LINE ( 'NONE', #1875, #1700 ) ;
#554 = EDGE_LOOP ( 'NONE', ( #2685, #903, #1974, #548 ) ) ;
#555 = PRODUCT_DEFINITION_FORMATION_WITH_SPECIFIED_SOURCE ( 'ANY', '', #3311, .NOT_KNOWN. ) ;
#556 = ORIENTED_EDGE ( 'NONE', *, *, #672, .F. ) ;
#557 = AXIS2_PLACEMENT_3D ( 'NONE', #1022, #289, #580 ) ;
#558 = VERTEX_POINT ( 'NONE', #4406 ) ;
#559 = FACE_OUTER_BOUND ( 'NONE', #1505, .T. ) ;
#560 = VECTOR ( 'NONE', #4473, 1000.000000000000000 ) ;
#561 = EDGE_CURVE ( 'NONE', #2644, #1978, #2229, .T. ) ;
#562 = ORIENTED_EDGE ( 'NONE', *, *, #1069, .F. ) ;
#563 = DIRECTION ( 'NONE',  ( 0.000000000000000000, 1.000000000000000000, 0.000000000000000000 ) ) ;
#564 = VERTEX_POINT ( 'NONE', #546 ) ;
#565 = EDGE_CURVE ( 'NONE', #2364, #70, #3002, .T. ) ;
#566 = LINE ( 'NONE', #2343, #3257 ) ;
#567 = CARTESIAN_POINT ( 'NONE',  ( -17.47499999999997655, -6.349999999999999645, 92.40000000000000568 ) ) ;
#568 = VERTEX_POINT ( 'NONE', #867 ) ;
#569 = ADVANCED_FACE ( 'NONE', ( #2559 ), #3967, .F. ) ;
#570 = LINE ( 'NONE', #4086, #2214 ) ;
#571 = FACE_OUTER_BOUND ( 'NONE', #2361, .T. ) ;
#572 = EDGE_CURVE ( 'NONE', #2995, #2065, #3275, .T. ) ;
#573 = VERTEX_POINT ( 'NONE', #3642 ) ;
#574 = CARTESIAN_POINT ( 'NONE',  ( -40.87867965644072399, -6.349999999999999645, -73.93421465109280177 ) ) ;
#575 = CARTESIAN_POINT ( 'NONE',  ( -71.06209488697597010, 0.000000000000000000, -49.71684116347722693 ) ) ;
#576 = CARTESIAN_POINT ( 'NONE',  ( -7.250000000000055067, -6.349999999999999645, -12.55736835487431513 ) ) ;
#577 = DIRECTION ( 'NONE',  ( 0.000000000000000000, 1.000000000000000000, -0.000000000000000000 ) ) ;
#578 = ORIENTED_EDGE ( 'NONE', *, *, #3899, .T. ) ;
#579 = AXIS2_PLACEMENT_3D ( 'NONE', #2454, #2780, #1413 ) ;
#580 = DIRECTION ( 'NONE',  ( 0.000000000000000000, 0.000000000000000000, 1.000000000000000000 ) ) ;
#581 = EDGE_LOOP ( 'NONE', ( #4119, #1442, #1305, #2640 ) ) ;
#582 = LINE ( 'NONE', #3102, #3527 ) ;
#583 = ADVANCED_FACE ( 'NONE', ( #1889 ), #122, .T. ) ;
#584 = ORIENTED_EDGE ( 'NONE', *, *, #1674, .F. ) ;
#585 = DIRECTION ( 'NONE',  ( 0.000000000000000000, 1.000000000000000000, 0.000000000000000000 ) ) ;
#586 = ORIENTED_EDGE ( 'NONE', *, *, #782, .F. ) ;
#587 = VECTOR ( 'NONE', #4025, 1000.000000000000000 ) ;
#588 = CIRCLE ( 'NONE', #1844, 1.000000000000000888 ) ;
#589 = CARTESIAN_POINT ( 'NONE',  ( -8.524999999999979039, -6.349999999999999645, 86.40000000000000568 ) ) ;
#590 = AXIS2_PLACEMENT_3D ( 'NONE', #1293, #577, #928 ) ;
#591 = DIRECTION ( 'NONE',  ( 0.000000000000000000, 1.000000000000000000, -0.000000000000000000 ) ) ;
#592 = ORIENTED_EDGE ( 'NONE', *, *, #2246, .F. ) ;
#593 = CARTESIAN_POINT ( 'NONE',  ( -17.67766952966371719, -6.349999999999999645, 20.62766952966366318 ) ) ;
#594 = ORIENTED_EDGE ( 'NONE', *, *, #1283, .T. ) ;
#595 = ADVANCED_FACE ( 'NONE', ( #1195 ), #4012, .F. ) ;
#596 = VECTOR ( 'NONE', #3951, 1000.000000000000000 ) ;
#597 = DIRECTION ( 'NONE',  ( 0.8660254037844357100, 0.000000000000000000, -0.5000000000000048850 ) ) ;
#598 = DIRECTION ( 'NONE',  ( -1.000000000000000000, 0.000000000000000000, 5.782411586589350736E-16 ) ) ;
#599 = CARTESIAN_POINT ( 'NONE',  ( 13.50000000000000355, -6.349999999999999645, 83.40000000000001990 ) ) ;
#600 = CARTESIAN_POINT ( 'NONE',  ( -71.28324730968272149, -6.349999999999999645, -61.33379393113239075 ) ) ;
#601 = ORIENTED_EDGE ( 'NONE', *, *, #754, .F. ) ;
#602 = CARTESIAN_POINT ( 'NONE',  ( 73.95856948319087110, -6.349999999999999645, -42.70000000000035811 ) ) ;
#603 = VECTOR ( 'NONE', #1186, 1000.000000000000000 ) ;
#604 = ORIENTED_EDGE ( 'NONE', *, *, #572, .F. ) ;
#605 = CARTESIAN_POINT ( 'NONE',  ( -8.524999999999979039, -6.349999999999999645, 86.40000000000000568 ) ) ;
#606 = ADVANCED_FACE ( 'NONE', ( #1908 ), #1261, .F. ) ;
#607 = AXIS2_PLACEMENT_3D ( 'NONE', #892, #3296, #2650 ) ;
#608 = ORIENTED_EDGE ( 'NONE', *, *, #1466, .F. ) ;
#609 = DIRECTION ( 'NONE',  ( 0.000000000000000000, 0.000000000000000000, -1.000000000000000000 ) ) ;
#610 = VERTEX_POINT ( 'NONE', #921 ) ;
#611 = LINE ( 'NONE', #1258, #3732 ) ;
#612 = EDGE_CURVE ( 'NONE', #1597, #2310, #2327, .T. ) ;
#613 = PLANE ( 'NONE',  #437 ) ;
#614 = VERTEX_POINT ( 'NONE', #3743 ) ;
#615 = CARTESIAN_POINT ( 'NONE',  ( 17.67766952966365324, 0.000000000000000000, 17.67766952966372074 ) ) ;
#616 = VERTEX_POINT ( 'NONE', #2674 ) ;
#617 = DIRECTION ( 'NONE',  ( 0.000000000000000000, -1.000000000000000000, 0.000000000000000000 ) ) ;
#618 = CARTESIAN_POINT ( 'NONE',  ( 17.67766952966365324, 0.000000000000000000, 20.62766952966372003 ) ) ;
#619 = DIRECTION ( 'NONE',  ( 0.000000000000000000, 0.000000000000000000, 1.000000000000000000 ) ) ;
#620 = DIRECTION ( 'NONE',  ( -0.5000000000000004441, 0.000000000000000000, -0.8660254037844382635 ) ) ;
#621 = DIRECTION ( 'NONE',  ( -0.000000000000000000, -1.000000000000000000, 0.000000000000000000 ) ) ;
#622 = ORIENTED_EDGE ( 'NONE', *, *, #4275, .T. ) ;
#623 = VECTOR ( 'NONE', #2353, 999.9999999999998863 ) ;
#624 = LINE ( 'NONE', #2028, #2899 ) ;
#625 = EDGE_CURVE ( 'NONE', #802, #1907, #570, .T. ) ;
#626 = ORIENTED_EDGE ( 'NONE', *, *, #3617, .T. ) ;
#627 = ORIENTED_EDGE ( 'NONE', *, *, #426, .T. ) ;
#628 = DIRECTION ( 'NONE',  ( -0.000000000000000000, 1.000000000000000000, -0.000000000000000000 ) ) ;
#629 = VERTEX_POINT ( 'NONE', #2491 ) ;
#630 = DIRECTION ( 'NONE',  ( -0.8660254037844534736, 0.000000000000000000, -0.4999999999999742428 ) ) ;
#631 = VERTEX_POINT ( 'NONE', #434 ) ;
#632 = CIRCLE ( 'NONE', #4256, 1.000000000000000888 ) ;
#633 = DIRECTION ( 'NONE',  ( -0.8660254037844425934, 0.000000000000000000, -0.4999999999999933942 ) ) ;
#634 = FACE_OUTER_BOUND ( 'NONE', #1511, .T. ) ;
#635 = VERTEX_POINT ( 'NONE', #4235 ) ;
#636 = DIRECTION ( 'NONE',  ( 0.000000000000000000, 1.000000000000000000, -0.000000000000000000 ) ) ;
#637 = AXIS2_PLACEMENT_3D ( 'NONE', #4089, #925, #4180 ) ;
#638 = CARTESIAN_POINT ( 'NONE',  ( 60.01241706048417512, 0.000000000000000000, -54.85544456622797327 ) ) ;
#639 = CARTESIAN_POINT ( 'NONE',  ( 65.47651867562196060, -6.349999999999999645, -53.39134295109024464 ) ) ;
#640 = CARTESIAN_POINT ( 'NONE',  ( 0.000000000000000000, -6.349999999999999645, 100.4000000000000199 ) ) ;
#641 = LINE ( 'NONE', #3815, #3774 ) ;
#642 = DIRECTION ( 'NONE',  ( 1.387778780781444413E-14, 0.000000000000000000, 1.000000000000000000 ) ) ;
#643 = LINE ( 'NONE', #2642, #2232 ) ;
#644 = VERTEX_POINT ( 'NONE', #1850 ) ;
#645 = DIRECTION ( 'NONE',  ( -0.8660254037844435926, 0.000000000000000000, -0.4999999999999913403 ) ) ;
#646 = VECTOR ( 'NONE', #1301, 1000.000000000000000 ) ;
#647 = EDGE_CURVE ( 'NONE', #3725, #3052, #1923, .T. ) ;
#648 = ADVANCED_FACE ( 'NONE', ( #4552 ), #412, .F. ) ;
#649 = LINE ( 'NONE', #87, #2286 ) ;
#650 = EDGE_CURVE ( 'NONE', #2065, #304, #3474, .T. ) ;
#651 = CARTESIAN_POINT ( 'NONE',  ( 60.01241706048417512, 0.000000000000000000, -56.25544456622797185 ) ) ;
#652 = VERTEX_POINT ( 'NONE', #3865 ) ;
#653 = LINE ( 'NONE', #3547, #298 ) ;
#654 = CYLINDRICAL_SURFACE ( 'NONE', #2949, 1.000000000000000888 ) ;
#655 = ORIENTED_EDGE ( 'NONE', *, *, #507, .T. ) ;
#656 = VECTOR ( 'NONE', #4113, 1000.000000000000000 ) ;
#657 = FACE_OUTER_BOUND ( 'NONE', #4011, .T. ) ;
#658 = CIRCLE ( 'NONE', #2208, 1.000000000000000888 ) ;
#659 = DIRECTION ( 'NONE',  ( 0.000000000000000000, 1.000000000000000000, 0.000000000000000000 ) ) ;
#660 = CARTESIAN_POINT ( 'NONE',  ( -78.61049327183800983, -6.349999999999999645, -28.64263164512491500 ) ) ;
#661 = ORIENTED_EDGE ( 'NONE', *, *, #1731, .T. ) ;
#662 = DIRECTION ( 'NONE',  ( 0.000000000000000000, 1.000000000000000000, 0.000000000000000000 ) ) ;
#663 = CARTESIAN_POINT ( 'NONE',  ( -17.67766952966365679, 0.000000000000000000, -17.67766952966372074 ) ) ;
#664 = CIRCLE ( 'NONE', #1543, 1.000000000000000888 ) ;
#665 = ORIENTED_EDGE ( 'NONE', *, *, #3057, .F. ) ;
#666 = VECTOR ( 'NONE', #3561, 1000.000000000000000 ) ;
#667 = LINE ( 'NONE', #1668, #4308 ) ;
#668 = ORIENTED_EDGE ( 'NONE', *, *, #3738, .F. ) ;
#669 = DIRECTION ( 'NONE',  ( 0.000000000000000000, 1.000000000000000000, 0.000000000000000000 ) ) ;
#670 = EDGE_CURVE ( 'NONE', #2015, #4175, #687, .T. ) ;
#671 = DIRECTION ( 'NONE',  ( 0.000000000000000000, 0.000000000000000000, 1.000000000000000000 ) ) ;
#672 = EDGE_CURVE ( 'NONE', #1285, #1303, #2450, .T. ) ;
#673 = LINE ( 'NONE', #1371, #89 ) ;
#674 = VERTEX_POINT ( 'NONE', #1784 ) ;
#675 = ADVANCED_FACE ( 'NONE', ( #4304 ), #2166, .F. ) ;
#676 = CARTESIAN_POINT ( 'NONE',  ( 84.79970126751499038, 0.000000000000000000, 1.476319614425632087 ) ) ;
#677 = LINE ( 'NONE', #3335, #1326 ) ;
#678 = ORIENTED_EDGE ( 'NONE', *, *, #2842, .F. ) ;
#679 = ORIENTED_EDGE ( 'NONE', *, *, #2456, .F. ) ;
#680 = CARTESIAN_POINT ( 'NONE',  ( 83.56209488697538745, -6.349999999999999645, -28.06620606886734492 ) ) ;
#681 = CARTESIAN_POINT ( 'NONE',  ( -17.49999999999999645, -6.349999999999999645, 80.80000000000001137 ) ) ;
#682 = ORIENTED_EDGE ( 'NONE', *, *, #1, .F. ) ;
#683 = CARTESIAN_POINT ( 'NONE',  ( -73.95856948319146795, -6.349999999999999645, -42.69999999999931362 ) ) ;
#684 = DIRECTION ( 'NONE',  ( -1.000000000000000000, 0.000000000000000000, 0.000000000000000000 ) ) ;
#685 = EDGE_LOOP ( 'NONE', ( #1391, #1234, #325, #3975 ) ) ;
#686 = CARTESIAN_POINT ( 'NONE',  ( 0.000000000000000000, -6.349999999999999645, 83.40000000000001990 ) ) ;
#687 = LINE ( 'NONE', #1388, #1706 ) ;
#688 = ORIENTED_EDGE ( 'NONE', *, *, #1009, .T. ) ;
#689 = DIRECTION ( 'NONE',  ( 0.000000000000000000, 0.000000000000000000, 1.000000000000000000 ) ) ;
#690 = AXIS2_PLACEMENT_3D ( 'NONE', #2185, #2091, #3208 ) ;
#691 = DIRECTION ( 'NONE',  ( -0.000000000000000000, 1.000000000000000000, -0.000000000000000000 ) ) ;
#692 = ORIENTED_EDGE ( 'NONE', *, *, #756, .T. ) ;
#693 = DIRECTION ( 'NONE',  ( 0.000000000000000000, 1.000000000000000000, 0.000000000000000000 ) ) ;
#694 = ORIENTED_EDGE ( 'NONE', *, *, #1633, .T. ) ;
#695 = CIRCLE ( 'NONE', #191, 3.000000000000002665 ) ;
#696 = VERTEX_POINT ( 'NONE', #1759 ) ;
#697 = VECTOR ( 'NONE', #380, 1000.000000000000000 ) ;
#698 = DIRECTION ( 'NONE',  ( 0.000000000000000000, 0.000000000000000000, 1.000000000000000000 ) ) ;
#699 = LINE ( 'NONE', #3599, #2776 ) ;
#700 = EDGE_CURVE ( 'NONE', #1007, #2075, #1411, .T. ) ;
#701 = CARTESIAN_POINT ( 'NONE',  ( -7.250000000000055067, 0.000000000000000000, -12.55736835487431513 ) ) ;
#702 = ORIENTED_EDGE ( 'NONE', *, *, #1954, .T. ) ;
#703 = CARTESIAN_POINT ( 'NONE',  ( 130.0000000000010232, -6.349999999999999645, -75.05553499465057143 ) ) ;
#704 = ADVANCED_FACE ( 'NONE', ( #3606 ), #3165, .F. ) ;
#705 = DIRECTION ( 'NONE',  ( 0.000000000000000000, 0.000000000000000000, 1.000000000000000000 ) ) ;
#706 = ORIENTED_EDGE ( 'NONE', *, *, #4576, .F. ) ;
#707 = DIRECTION ( 'NONE',  ( -0.000000000000000000, -1.000000000000000000, 0.000000000000000000 ) ) ;
#708 = DIRECTION ( 'NONE',  ( -0.000000000000000000, -1.000000000000000000, -0.000000000000000000 ) ) ;
#709 = VERTEX_POINT ( 'NONE', #3210 ) ;
#710 = DIRECTION ( 'NONE',  ( 0.000000000000000000, 0.000000000000000000, 1.000000000000000000 ) ) ;
#711 = LINE ( 'NONE', #2518, #2250 ) ;
#712 = ORIENTED_EDGE ( 'NONE', *, *, #3113, .F. ) ;
#713 = LINE ( 'NONE', #4534, #4148 ) ;
#714 = EDGE_LOOP ( 'NONE', ( #291, #3554, #1671, #3855 ) ) ;
#715 = EDGE_LOOP ( 'NONE', ( #3982, #149, #1064, #1574, #2670, #3067, #3655, #1994 ) ) ;
#716 = CARTESIAN_POINT ( 'NONE',  ( 0.000000000000000000, -6.349999999999999645, 85.40000000000000568 ) ) ;
#717 = CYLINDRICAL_SURFACE ( 'NONE', #2598, 1.000000000000000888 ) ;
#718 = EDGE_LOOP ( 'NONE', ( #4200, #3333, #3391, #3872 ) ) ;
#719 = DIRECTION ( 'NONE',  ( 0.000000000000000000, 0.000000000000000000, 1.000000000000000000 ) ) ;
#720 = EDGE_CURVE ( 'NONE', #2103, #3562, #1475, .T. ) ;
#721 = DIRECTION ( 'NONE',  ( 0.000000000000000000, 0.000000000000000000, 1.000000000000000000 ) ) ;
#722 = ORIENTED_EDGE ( 'NONE', *, *, #672, .T. ) ;
#723 = VECTOR ( 'NONE', #662, 1000.000000000000000 ) ;
#724 = AXIS2_PLACEMENT_3D ( 'NONE', #1998, #2039, #3412 ) ;
#725 = DIRECTION ( 'NONE',  ( 0.000000000000000000, 0.000000000000000000, 1.000000000000000000 ) ) ;
#726 = CARTESIAN_POINT ( 'NONE',  ( 60.01241706048417512, -6.349999999999999645, -53.45544456622797469 ) ) ;
#727 = AXIS2_PLACEMENT_3D ( 'NONE', #2420, #3771, #620 ) ;
#728 = EDGE_CURVE ( 'NONE', #4051, #3143, #2889, .T. ) ;
#729 = ORIENTED_EDGE ( 'NONE', *, *, #3371, .F. ) ;
#730 = ORIENTED_EDGE ( 'NONE', *, *, #3394, .T. ) ;
#731 = DIRECTION ( 'NONE',  ( 0.000000000000000000, 1.000000000000000000, -0.000000000000000000 ) ) ;
#732 = AXIS2_PLACEMENT_3D ( 'NONE', #20, #3516, #1110 ) ;
#733 = DIRECTION ( 'NONE',  ( -0.000000000000000000, -1.000000000000000000, 0.000000000000000000 ) ) ;
#734 = ORIENTED_EDGE ( 'NONE', *, *, #2318, .T. ) ;
#735 = EDGE_CURVE ( 'NONE', #1040, #4484, #3988, .T. ) ;
#736 = PLANE ( 'NONE',  #1265 ) ;
#737 = CIRCLE ( 'NONE', #3996, 1.000000000000000888 ) ;
#738 = ORIENTED_EDGE ( 'NONE', *, *, #184, .T. ) ;
#739 = EDGE_LOOP ( 'NONE', ( #3636, #355, #226, #3798 ) ) ;
#740 = CARTESIAN_POINT ( 'NONE',  ( 27.71281292110319683, 0.000000000000000000, 102.1110699893032319 ) ) ;
#741 = FACE_OUTER_BOUND ( 'NONE', #4028, .T. ) ;
#742 = CARTESIAN_POINT ( 'NONE',  ( -10.90000000000000036, -6.349999999999999645, 82.40000000000001990 ) ) ;
#743 = VERTEX_POINT ( 'NONE', #3909 ) ;
#744 = VECTOR ( 'NONE', #4057, 1000.000000000000000 ) ;
#745 = AXIS2_PLACEMENT_3D ( 'NONE', #2848, #3495, #4 ) ;
#746 = CARTESIAN_POINT ( 'NONE',  ( -17.67766952966365679, -6.349999999999999645, -17.67766952966372074 ) ) ;
#747 = CARTESIAN_POINT ( 'NONE',  ( -75.75824730968264475, -6.349999999999999645, -53.58286656726161823 ) ) ;
#748 = VERTEX_POINT ( 'NONE', #2843 ) ;
#749 = EDGE_CURVE ( 'NONE', #64, #3797, #4258, .T. ) ;
#750 = CARTESIAN_POINT ( 'NONE',  ( 1.999999999999992228, -6.349999999999999645, -64.40000000000000568 ) ) ;
#751 = CARTESIAN_POINT ( 'NONE',  ( 14.50000000000000000, 0.000000000000000000, 73.90000000000000568 ) ) ;
#752 = ORIENTED_EDGE ( 'NONE', *, *, #2451, .T. ) ;
#753 = ORIENTED_EDGE ( 'NONE', *, *, #327, .F. ) ;
#754 = EDGE_CURVE ( 'NONE', #51, #314, #1134, .T. ) ;
#755 = ORIENTED_EDGE ( 'NONE', *, *, #1902, .F. ) ;
#756 = EDGE_CURVE ( 'NONE', #88, #2125, #2588, .T. ) ;
#757 = EDGE_CURVE ( 'NONE', #3890, #2048, #2367, .T. ) ;
#758 = CIRCLE ( 'NONE', #1281, 1.399999999999998579 ) ;
#759 = LINE ( 'NONE', #1568, #3288 ) ;
#760 = ORIENTED_EDGE ( 'NONE', *, *, #1972, .T. ) ;
#761 = DIRECTION ( 'NONE',  ( 0.000000000000000000, 1.000000000000000000, -0.000000000000000000 ) ) ;
#762 = VECTOR ( 'NONE', #4477, 999.9999999999998863 ) ;
#763 = VECTOR ( 'NONE', #4110, 1000.000000000000114 ) ;
#764 = CARTESIAN_POINT ( 'NONE',  ( 130.0000000000010232, -6.349999999999999645, -75.05553499465057143 ) ) ;
#765 = ORIENTED_EDGE ( 'NONE', *, *, #368, .T. ) ;
#766 = ORIENTED_EDGE ( 'NONE', *, *, #3251, .F. ) ;
#767 = FACE_BOUND ( 'NONE', #2882, .T. ) ;
#768 = DIRECTION ( 'NONE',  ( 0.000000000000000000, 0.000000000000000000, 1.000000000000000000 ) ) ;
#769 = AXIS2_PLACEMENT_3D ( 'NONE', #1988, #2884, #3532 ) ;
#770 = DIRECTION ( 'NONE',  ( 0.000000000000000000, 1.000000000000000000, 0.000000000000000000 ) ) ;
#771 = ORIENTED_EDGE ( 'NONE', *, *, #1386, .T. ) ;
#772 = DIRECTION ( 'NONE',  ( 0.000000000000000000, 1.000000000000000000, 0.000000000000000000 ) ) ;
#773 = CARTESIAN_POINT ( 'NONE',  ( 17.50000000000000355, -6.349999999999999645, 78.00000000000000000 ) ) ;
#774 = AXIS2_PLACEMENT_3D ( 'NONE', #33, #3203, #1752 ) ;
#775 = VERTEX_POINT ( 'NONE', #751 ) ;
#776 = CIRCLE ( 'NONE', #1289, 1.399999999999998579 ) ;
#777 = DIRECTION ( 'NONE',  ( 0.000000000000000000, 0.000000000000000000, 1.000000000000000000 ) ) ;
#778 = DIRECTION ( 'NONE',  ( -0.000000000000000000, -1.000000000000000000, -0.000000000000000000 ) ) ;
#779 = DIRECTION ( 'NONE',  ( -0.000000000000000000, 1.000000000000000000, -0.000000000000000000 ) ) ;
#780 = ORIENTED_EDGE ( 'NONE', *, *, #4357, .F. ) ;
#781 = ORIENTED_EDGE ( 'NONE', *, *, #1160, .T. ) ;
#782 = EDGE_CURVE ( 'NONE', #1257, #50, #2441, .T. ) ;
#783 = EDGE_CURVE ( 'NONE', #3216, #4103, #1630, .T. ) ;
#784 = FACE_BOUND ( 'NONE', #4337, .T. ) ;
#785 = EDGE_CURVE ( 'NONE', #390, #474, #874, .T. ) ;
#786 = ORIENTED_EDGE ( 'NONE', *, *, #3706, .T. ) ;
#787 = ORIENTED_EDGE ( 'NONE', *, *, #1140, .F. ) ;
#788 = CARTESIAN_POINT ( 'NONE',  ( 0.5000000000000000000, -6.349999999999999645, 90.40000000000000568 ) ) ;
#789 = LINE ( 'NONE', #865, #4372 ) ;
#790 = VERTEX_POINT ( 'NONE', #2634 ) ;
#791 = DIRECTION ( 'NONE',  ( -0.8660254037844425934, 0.000000000000000000, -0.4999999999999933942 ) ) ;
#792 = APPLICATION_CONTEXT ( 'automotive_design' ) ;
#793 = PLANE ( 'NONE',  #3285 ) ;
#794 = ORIENTED_EDGE ( 'NONE', *, *, #1466, .T. ) ;
#795 = ADVANCED_FACE ( 'NONE', ( #86 ), #2282, .F. ) ;
#796 = LINE ( 'NONE', #177, #835 ) ;
#797 = DIRECTION ( 'NONE',  ( 0.000000000000000000, 1.000000000000000000, -0.000000000000000000 ) ) ;
#798 = LINE ( 'NONE', #152, #3033 ) ;
#799 = DIRECTION ( 'NONE',  ( -0.000000000000000000, 1.000000000000000000, -0.000000000000000000 ) ) ;
#800 = VERTEX_POINT ( 'NONE', #3973 ) ;
#801 = CIRCLE ( 'NONE', #3099, 2.600000000000004974 ) ;
#802 = VERTEX_POINT ( 'NONE', #828 ) ;
#803 = VECTOR ( 'NONE', #2352, 1000.000000000000000 ) ;
#804 = ADVANCED_FACE ( 'NONE', ( #1591 ), #3350, .F. ) ;
#805 = VECTOR ( 'NONE', #3698, 1000.000000000000000 ) ;
#806 = ADVANCED_FACE ( 'NONE', ( #179 ), #4324, .F. ) ;
#807 = EDGE_CURVE ( 'NONE', #3185, #4175, #3721, .T. ) ;
#808 = ADVANCED_FACE ( 'NONE', ( #1159 ), #479, .T. ) ;
#809 = DIRECTION ( 'NONE',  ( 0.8660254037844454800, 0.000000000000000000, -0.4999999999999881206 ) ) ;
#810 = FACE_OUTER_BOUND ( 'NONE', #2168, .T. ) ;
#811 = VERTEX_POINT ( 'NONE', #1242 ) ;
#812 = VECTOR ( 'NONE', #3626, 1000.000000000000000 ) ;
#813 = ORIENTED_EDGE ( 'NONE', *, *, #3246, .T. ) ;
#814 =( LENGTH_UNIT ( ) NAMED_UNIT ( * ) SI_UNIT ( .MILLI., .METRE. ) );
#815 = EDGE_CURVE ( 'NONE', #2364, #1343, #2811, .T. ) ;
#816 = AXIS2_PLACEMENT_3D ( 'NONE', #1439, #2060, #4265 ) ;
#817 = CARTESIAN_POINT ( 'NONE',  ( -77.51241706048465119, -6.349999999999999645, -24.54455543377159898 ) ) ;
#818 = LINE ( 'NONE', #2974, #14 ) ;
#819 = EDGE_CURVE ( 'NONE', #1551, #3148, #901, .T. ) ;
#820 = ORIENTED_EDGE ( 'NONE', *, *, #3276, .F. ) ;
#821 = CARTESIAN_POINT ( 'NONE',  ( -28.60000000000001208, 0.000000000000000000, -64.40000000000000568 ) ) ;
#822 = DIRECTION ( 'NONE',  ( 0.8660254037844361541, 0.000000000000000000, -0.5000000000000042188 ) ) ;
#823 = ORIENTED_EDGE ( 'NONE', *, *, #251, .F. ) ;
#824 = CARTESIAN_POINT ( 'NONE',  ( -7.250000000000055067, -6.349999999999999645, -12.55736835487431513 ) ) ;
#825 = VECTOR ( 'NONE', #4272, 1000.000000000000000 ) ;
#826 = VECTOR ( 'NONE', #563, 1000.000000000000000 ) ;
#827 = DIRECTION ( 'NONE',  ( 0.8660254037844357100, 0.000000000000000000, -0.5000000000000048850 ) ) ;
#828 = CARTESIAN_POINT ( 'NONE',  ( -74.57437415779480716, 0.000000000000000000, -75.05553499465072775 ) ) ;
#829 = DIRECTION ( 'NONE',  ( -0.000000000000000000, -1.000000000000000000, 0.000000000000000000 ) ) ;
#830 = VERTEX_POINT ( 'NONE', #526 ) ;
#831 = EDGE_CURVE ( 'NONE', #432, #610, #798, .T. ) ;
#832 = VECTOR ( 'NONE', #2563, 1000.000000000000000 ) ;
#833 = EDGE_LOOP ( 'NONE', ( #3241, #1244 ) ) ;
#834 = DIRECTION ( 'NONE',  ( 2.040851148208006519E-16, 0.000000000000000000, 1.000000000000000000 ) ) ;
#835 = VECTOR ( 'NONE', #2583, 999.9999999999998863 ) ;
#836 = CYLINDRICAL_SURFACE ( 'NONE', #2827, 2.599999999999998312 ) ;
#837 = VERTEX_POINT ( 'NONE', #851 ) ;
#838 = EDGE_LOOP ( 'NONE', ( #786, #3877, #1948, #2966 ) ) ;
#839 = AXIS2_PLACEMENT_3D ( 'NONE', #1939, #1536, #4367 ) ;
#840 = CARTESIAN_POINT ( 'NONE',  ( 40.87867965644000634, -0.000000000000000000, -73.93421465109317126 ) ) ;
#841 = CARTESIAN_POINT ( 'NONE',  ( 83.56209488697538745, -6.349999999999999645, -28.06620606886734492 ) ) ;
#842 = AXIS2_PLACEMENT_3D ( 'NONE', #2086, #1379, #1099 ) ;
#843 = ORIENTED_EDGE ( 'NONE', *, *, #728, .T. ) ;
#844 = DIRECTION ( 'NONE',  ( 0.8660254037844363761, 0.000000000000000000, -0.5000000000000039968 ) ) ;
#845 = CARTESIAN_POINT ( 'NONE',  ( -82.36882352103590677, -6.349999999999999645, -48.13301270189145953 ) ) ;
#846 = ORIENTED_EDGE ( 'NONE', *, *, #3253, .T. ) ;
#847 = EDGE_CURVE ( 'NONE', #1033, #175, #2236, .T. ) ;
#848 = CARTESIAN_POINT ( 'NONE',  ( -70.56209488697598431, 0.000000000000000000, -50.58286656726167507 ) ) ;
#849 = CARTESIAN_POINT ( 'NONE',  ( -86.94895053995811907, 0.000000000000000000, -50.19999999999920703 ) ) ;
#850 = ADVANCED_FACE ( 'NONE', ( #106 ), #552, .F. ) ;
#851 = CARTESIAN_POINT ( 'NONE',  ( 89.25824730968200527, -6.349999999999999645, -30.20018066508294297 ) ) ;
#852 = FACE_OUTER_BOUND ( 'NONE', #3659, .T. ) ;
#853 = VECTOR ( 'NONE', #316, 1000.000000000000000 ) ;
#854 = EDGE_LOOP ( 'NONE', ( #4466, #3918, #702, #862 ) ) ;
#855 = CARTESIAN_POINT ( 'NONE',  ( 60.01241706048417512, 0.000000000000000000, -53.45544456622797469 ) ) ;
#856 = ORIENTED_EDGE ( 'NONE', *, *, #1331, .T. ) ;
#857 = EDGE_CURVE ( 'NONE', #775, #2310, #2169, .T. ) ;
#858 = DIRECTION ( 'NONE',  ( 0.5000000000000052180, 0.000000000000000000, 0.8660254037844355990 ) ) ;
#859 = DIRECTION ( 'NONE',  ( 0.000000000000000000, -0.000000000000000000, -1.000000000000000000 ) ) ;
#860 = EDGE_CURVE ( 'NONE', #2284, #1299, #2609, .T. ) ;
#861 = ORIENTED_EDGE ( 'NONE', *, *, #4045, .T. ) ;
#862 = ORIENTED_EDGE ( 'NONE', *, *, #2938, .F. ) ;
#863 = FACE_BOUND ( 'NONE', #1656, .T. ) ;
#864 = LINE ( 'NONE', #2623, #1079 ) ;
#865 = CARTESIAN_POINT ( 'NONE',  ( 0.000000000000000000, 0.000000000000000000, 85.40000000000000568 ) ) ;
#866 = ORIENTED_EDGE ( 'NONE', *, *, #670, .T. ) ;
#867 = CARTESIAN_POINT ( 'NONE',  ( -71.24927733967024324, -6.349999999999999645, -24.39263164512497895 ) ) ;
#868 = CARTESIAN_POINT ( 'NONE',  ( 83.78324730968195411, -6.349999999999999645, -39.68315883652252296 ) ) ;
#869 = ADVANCED_FACE ( 'NONE', ( #3670 ), #502, .F. ) ;
#870 = ORIENTED_EDGE ( 'NONE', *, *, #392, .F. ) ;
#871 = CIRCLE ( 'NONE', #3307, 1.000000000000000888 ) ;
#872 = CARTESIAN_POINT ( 'NONE',  ( -73.95856948319146795, 0.000000000000000000, -42.69999999999931362 ) ) ;
#873 = DIRECTION ( 'NONE',  ( -0.000000000000000000, -1.000000000000000000, 0.000000000000000000 ) ) ;
#874 = LINE ( 'NONE', #4391, #1046 ) ;
#875 = EDGE_CURVE ( 'NONE', #3521, #3044, #4016, .T. ) ;
#876 = LINE ( 'NONE', #1269, #2947 ) ;
#877 = VERTEX_POINT ( 'NONE', #3421 ) ;
#878 = CARTESIAN_POINT ( 'NONE',  ( 13.99999999999999112, -6.349999999999999645, -64.40000000000000568 ) ) ;
#879 = CIRCLE ( 'NONE', #1542, 1.399999999999998579 ) ;
#880 = ORIENTED_EDGE ( 'NONE', *, *, #3574, .F. ) ;
#881 = CARTESIAN_POINT ( 'NONE',  ( 69.94927733966991923, -6.349999999999999645, -26.64429769496551259 ) ) ;
#882 = CIRCLE ( 'NONE', #4056, 1.000000000000007327 ) ;
#883 = VECTOR ( 'NONE', #1655, 1000.000000000000114 ) ;
#884 = CARTESIAN_POINT ( 'NONE',  ( -8.524999999999979039, 0.000000000000000000, 86.40000000000000568 ) ) ;
#885 = ORIENTED_EDGE ( 'NONE', *, *, #1004, .F. ) ;
#886 = EDGE_CURVE ( 'NONE', #2525, #4360, #2702, .T. ) ;
#887 = AXIS2_PLACEMENT_3D ( 'NONE', #79, #1469, #359 ) ;
#888 = CARTESIAN_POINT ( 'NONE',  ( 85.24470506022586846, 0.000000000000000000, 4.462909748770213625 ) ) ;
#889 = EDGE_LOOP ( 'NONE', ( #2527, #1876, #738, #2021 ) ) ;
#890 = VECTOR ( 'NONE', #3020, 1000.000000000000000 ) ;
#891 = DIRECTION ( 'NONE',  ( -0.000000000000000000, 1.000000000000000000, -0.000000000000000000 ) ) ;
#892 = CARTESIAN_POINT ( 'NONE',  ( 57.24927733966981691, 0.000000000000000000, -48.64134295109020201 ) ) ;
#893 = AXIS2_PLACEMENT_3D ( 'NONE', #4065, #3282, #2958 ) ;
#894 = EDGE_LOOP ( 'NONE', ( #1667, #2738, #1958, #2177 ) ) ;
#895 = LINE ( 'NONE', #2604, #2061 ) ;
#896 = LINE ( 'NONE', #868, #4246 ) ;
#897 = VERTEX_POINT ( 'NONE', #1314 ) ;
#898 = AXIS2_PLACEMENT_3D ( 'NONE', #2784, #4197, #1031 ) ;
#899 = CARTESIAN_POINT ( 'NONE',  ( -7.249999999999872990, 0.000000000000000000, 12.55736835487441638 ) ) ;
#900 = CARTESIAN_POINT ( 'NONE',  ( 79.08709488697535051, 0.000000000000000000, -35.81713343273805350 ) ) ;
#901 = LINE ( 'NONE', #128, #1853 ) ;
#902 = DIRECTION ( 'NONE',  ( -0.8660254037844448138, 0.000000000000000000, -0.4999999999999895084 ) ) ;
#903 = ORIENTED_EDGE ( 'NONE', *, *, #3230, .T. ) ;
#904 = DIRECTION ( 'NONE',  ( 0.000000000000000000, -1.000000000000000000, 0.000000000000000000 ) ) ;
#905 = ORIENTED_EDGE ( 'NONE', *, *, #4490, .T. ) ;
#906 = EDGE_CURVE ( 'NONE', #1043, #3488, #997, .T. ) ;
#907 = EDGE_CURVE ( 'NONE', #3049, #2270, #2987, .T. ) ;
#908 = ORIENTED_EDGE ( 'NONE', *, *, #1522, .F. ) ;
#909 = CIRCLE ( 'NONE', #158, 32.00000000000000000 ) ;
#910 = DIRECTION ( 'NONE',  ( -0.000000000000000000, 1.000000000000000000, -0.000000000000000000 ) ) ;
#911 = VECTOR ( 'NONE', #4188, 999.9999999999998863 ) ;
#912 = EDGE_CURVE ( 'NONE', #1303, #2319, #2024, .T. ) ;
#913 = EDGE_CURVE ( 'NONE', #3427, #516, #4136, .T. ) ;
#914 = EDGE_CURVE ( 'NONE', #4439, #4545, #4160, .T. ) ;
#915 = VERTEX_POINT ( 'NONE', #3814 ) ;
#916 = DIRECTION ( 'NONE',  ( -0.000000000000000000, 1.000000000000000000, -0.000000000000000000 ) ) ;
#917 = ORIENTED_EDGE ( 'NONE', *, *, #1273, .T. ) ;
#918 = CARTESIAN_POINT ( 'NONE',  ( -7.524999999999978151, -6.349999999999999645, 0.000000000000000000 ) ) ;
#919 = CARTESIAN_POINT ( 'NONE',  ( -40.87867965644070978, -6.349999999999999645, -73.93421465109277335 ) ) ;
#920 = ORIENTED_EDGE ( 'NONE', *, *, #3291, .T. ) ;
#921 = CARTESIAN_POINT ( 'NONE',  ( 74.57437415779702405, -6.349999999999999645, -75.05553499465061407 ) ) ;
#922 = CARTESIAN_POINT ( 'NONE',  ( 13.99999999999999112, 0.000000000000000000, -67.00000000000001421 ) ) ;
#923 = VERTEX_POINT ( 'NONE', #4182 ) ;
#924 = CIRCLE ( 'NONE', #2544, 1.000000000000005551 ) ;
#925 = DIRECTION ( 'NONE',  ( 0.000000000000000000, 1.000000000000000000, -0.000000000000000000 ) ) ;
#926 = DIRECTION ( 'NONE',  ( 0.000000000000000000, 0.000000000000000000, -1.000000000000000000 ) ) ;
#927 = DIRECTION ( 'NONE',  ( -0.000000000000000000, 1.000000000000000000, -0.000000000000000000 ) ) ;
#928 = DIRECTION ( 'NONE',  ( -9.251858538542962756E-15, 0.000000000000000000, -1.000000000000000000 ) ) ;
#929 = ORIENTED_EDGE ( 'NONE', *, *, #1547, .F. ) ;
#930 = DIRECTION ( 'NONE',  ( 0.000000000000000000, -1.000000000000000000, 0.000000000000000000 ) ) ;
#931 = VECTOR ( 'NONE', #2504, 1000.000000000000000 ) ;
#932 = EDGE_CURVE ( 'NONE', #4400, #1142, #3058, .T. ) ;
#933 = AXIS2_PLACEMENT_3D ( 'NONE', #747, #3163, #1802 ) ;
#934 = ORIENTED_EDGE ( 'NONE', *, *, #1870, .F. ) ;
#935 = CARTESIAN_POINT ( 'NONE',  ( -70.78324730968274991, -0.000000000000000000, -62.19981933491683179 ) ) ;
#936 = ORIENTED_EDGE ( 'NONE', *, *, #4077, .F. ) ;
#937 = FACE_OUTER_BOUND ( 'NONE', #1734, .T. ) ;
#938 = EDGE_LOOP ( 'NONE', ( #3386, #2160, #4321, #1030, #4423, #2360, #3734, #1167, #2629 ) ) ;
#939 = EDGE_CURVE ( 'NONE', #314, #253, #3027, .T. ) ;
#940 = DIRECTION ( 'NONE',  ( 0.000000000000000000, 1.000000000000000000, -0.000000000000000000 ) ) ;
#941 = DIRECTION ( 'NONE',  ( 0.000000000000000000, 1.000000000000000000, 0.000000000000000000 ) ) ;
#942 = ORIENTED_EDGE ( 'NONE', *, *, #3870, .F. ) ;
#943 = ADVANCED_FACE ( 'NONE', ( #2767 ), #1020, .T. ) ;
#944 = DIRECTION ( 'NONE',  ( -0.000000000000000000, -1.000000000000000000, 0.000000000000000000 ) ) ;
#945 = ORIENTED_EDGE ( 'NONE', *, *, #1504, .T. ) ;
#946 = DIRECTION ( 'NONE',  ( 0.000000000000000000, 0.000000000000000000, -1.000000000000000000 ) ) ;
#947 = LINE ( 'NONE', #681, #2803 ) ;
#948 = DIRECTION ( 'NONE',  ( 0.000000000000000000, 0.000000000000000000, 1.000000000000000000 ) ) ;
#949 = DIRECTION ( 'NONE',  ( -0.000000000000000000, 1.000000000000000000, -0.000000000000000000 ) ) ;
#950 = EDGE_CURVE ( 'NONE', #3784, #3558, #4435, .T. ) ;
#951 = ORIENTED_EDGE ( 'NONE', *, *, #2472, .F. ) ;
#952 = AXIS2_PLACEMENT_3D ( 'NONE', #2753, #4261, #3869 ) ;
#953 = DIRECTION ( 'NONE',  ( -0.000000000000000000, 1.000000000000000000, -0.000000000000000000 ) ) ;
#954 = EDGE_LOOP ( 'NONE', ( #2070, #1485 ) ) ;
#955 = CARTESIAN_POINT ( 'NONE',  ( 78.22106948319090236, 0.000000000000000000, -35.31713343273805350 ) ) ;
#956 = EDGE_CURVE ( 'NONE', #1343, #3137, #2680, .T. ) ;
#957 = ORIENTED_EDGE ( 'NONE', *, *, #2373, .T. ) ;
#958 = EDGE_CURVE ( 'NONE', #3538, #4131, #1985, .T. ) ;
#959 = CARTESIAN_POINT ( 'NONE',  ( 0.000000000000000000, -6.349999999999999645, 72.90000000000000568 ) ) ;
#960 = VERTEX_POINT ( 'NONE', #3399 ) ;
#961 = AXIS2_PLACEMENT_3D ( 'NONE', #1712, #4478, #4161 ) ;
#962 = CIRCLE ( 'NONE', #4574, 2.600000000000004974 ) ;
#963 = AXIS2_PLACEMENT_3D ( 'NONE', #900, #1220, #1535 ) ;
#964 = EDGE_CURVE ( 'NONE', #211, #4069, #976, .T. ) ;
#965 = DIRECTION ( 'NONE',  ( 0.000000000000000000, 1.000000000000000000, 0.000000000000000000 ) ) ;
#966 = AXIS2_PLACEMENT_3D ( 'NONE', #683, #4204, #2861 ) ;
#967 = CARTESIAN_POINT ( 'NONE',  ( -69.88325193588582351, -6.349999999999999645, -24.75865704890942709 ) ) ;
#968 = ORIENTED_EDGE ( 'NONE', *, *, #3196, .F. ) ;
#969 = ADVANCED_FACE ( 'NONE', ( #268 ), #4458, .T. ) ;
#970 = DIRECTION ( 'NONE',  ( -0.8660254037844434816, 0.000000000000000000, -0.4999999999999918399 ) ) ;
#971 = VERTEX_POINT ( 'NONE', #1686 ) ;
#972 = AXIS2_PLACEMENT_3D ( 'NONE', #2205, #3621, #1866 ) ;
#973 = DIRECTION ( 'NONE',  ( -0.000000000000000000, -1.000000000000000000, -0.000000000000000000 ) ) ;
#974 = EDGE_CURVE ( 'NONE', #1978, #2732, #4114, .T. ) ;
#975 = DIRECTION ( 'NONE',  ( 0.000000000000000000, 1.000000000000000000, -0.000000000000000000 ) ) ;
#976 = LINE ( 'NONE', #224, #4243 ) ;
#977 = CARTESIAN_POINT ( 'NONE',  ( -43.88926953599118974, -6.349999999999999645, 70.09262524588280030 ) ) ;
#978 = CARTESIAN_POINT ( 'NONE',  ( 84.06209488697538745, -6.349999999999999645, -27.20018066508291099 ) ) ;
#979 = DIRECTION ( 'NONE',  ( 0.000000000000000000, 0.000000000000000000, 1.000000000000000000 ) ) ;
#980 = AXIS2_PLACEMENT_3D ( 'NONE', #3434, #260, #633 ) ;
#981 = EDGE_LOOP ( 'NONE', ( #3375, #236, #1055, #1932 ) ) ;
#982 = VERTEX_POINT ( 'NONE', #2745 ) ;
#983 = CARTESIAN_POINT ( 'NONE',  ( 60.01241706048417512, -6.349999999999999645, -56.25544456622797185 ) ) ;
#984 = AXIS2_PLACEMENT_3D ( 'NONE', #2881, #3180, #3247 ) ;
#985 = VECTOR ( 'NONE', #3129, 1000.000000000000000 ) ;
#986 = ORIENTED_EDGE ( 'NONE', *, *, #4275, .F. ) ;
#987 = CARTESIAN_POINT ( 'NONE',  ( -27.71281292110087691, 0.000000000000000000, 102.1110699893032745 ) ) ;
#988 = VERTEX_POINT ( 'NONE', #599 ) ;
#989 = AXIS2_PLACEMENT_3D ( 'NONE', #4502, #2448, #4210 ) ;
#990 = DIRECTION ( 'NONE',  ( -0.000000000000000000, 1.000000000000000000, -0.000000000000000000 ) ) ;
#991 = CARTESIAN_POINT ( 'NONE',  ( -76.25824730968263054, -6.349999999999999645, -52.71684116347717719 ) ) ;
#992 = VERTEX_POINT ( 'NONE', #2005 ) ;
#993 = LINE ( 'NONE', #3810, #2540 ) ;
#994 = DIRECTION ( 'NONE',  ( -0.000000000000000000, 1.000000000000000000, -0.000000000000000000 ) ) ;
#995 = VECTOR ( 'NONE', #455, 1000.000000000000000 ) ;
#996 = DIRECTION ( 'NONE',  ( 0.000000000000000000, -1.000000000000000000, 0.000000000000000000 ) ) ;
#997 = LINE ( 'NONE', #3791, #3204 ) ;
#998 = CARTESIAN_POINT ( 'NONE',  ( 9.237500000000100187, -6.349999999999999645, 15.99981933491748087 ) ) ;
#999 = DIRECTION ( 'NONE',  ( 0.8660254037844363761, 0.000000000000000000, -0.5000000000000039968 ) ) ;
#1000 = VERTEX_POINT ( 'NONE', #247 ) ;
#1001 = EDGE_CURVE ( 'NONE', #3939, #63, #396, .T. ) ;
#1002 = AXIS2_PLACEMENT_3D ( 'NONE', #3556, #3512, #721 ) ;
#1003 = EDGE_CURVE ( 'NONE', #1040, #343, #2655, .T. ) ;
#1004 = EDGE_CURVE ( 'NONE', #3346, #610, #104, .T. ) ;
#1005 = CARTESIAN_POINT ( 'NONE',  ( -6.049582771864212560, 0.000000000000000000, 22.57735026919095489 ) ) ;
#1006 = CIRCLE ( 'NONE', #842, 1.000000000000000222 ) ;
#1007 = VERTEX_POINT ( 'NONE', #1177 ) ;
#1008 = LINE ( 'NONE', #3822, #274 ) ;
#1009 = EDGE_CURVE ( 'NONE', #2015, #877, #796, .T. ) ;
#1010 = DIRECTION ( 'NONE',  ( 0.000000000000000000, 1.000000000000000000, 0.000000000000000000 ) ) ;
#1011 = CARTESIAN_POINT ( 'NONE',  ( -70.74927733967025745, -6.349999999999999645, -25.25865704890942354 ) ) ;
#1012 = ORIENTED_EDGE ( 'NONE', *, *, #2706, .T. ) ;
#1013 = CIRCLE ( 'NONE', #3885, 1.000000000000000888 ) ;
#1014 = DIRECTION ( 'NONE',  ( 0.000000000000000000, 1.000000000000000000, -0.000000000000000000 ) ) ;
#1015 = LINE ( 'NONE', #4174, #2502 ) ;
#1016 = ORIENTED_EDGE ( 'NONE', *, *, #1761, .T. ) ;
#1017 = CARTESIAN_POINT ( 'NONE',  ( -38.75735931288107139, -6.349999999999999645, -73.05553499465241885 ) ) ;
#1018 = DIRECTION ( 'NONE',  ( 0.4999999999999919509, 0.000000000000000000, -0.8660254037844432595 ) ) ;
#1019 = DIRECTION ( 'NONE',  ( -0.000000000000000000, 1.000000000000000000, -0.000000000000000000 ) ) ;
#1020 = PLANE ( 'NONE',  #1434 ) ;
#1021 = PLANE ( 'NONE',  #727 ) ;
#1022 = CARTESIAN_POINT ( 'NONE',  ( 17.67766952966372074, -6.349999999999999645, -17.67766952966365679 ) ) ;
#1023 = EDGE_LOOP ( 'NONE', ( #1609, #1149, #2078, #4418 ) ) ;
#1024 = ADVANCED_FACE ( 'NONE', ( #1516 ), #1589, .F. ) ;
#1025 = LINE ( 'NONE', #1005, #2526 ) ;
#1026 = ORIENTED_EDGE ( 'NONE', *, *, #1736, .F. ) ;
#1027 = DIRECTION ( 'NONE',  ( -0.000000000000000000, -1.000000000000000000, 0.000000000000000000 ) ) ;
#1028 = CARTESIAN_POINT ( 'NONE',  ( -69.69606948319153616, 0.000000000000000000, -50.08286656726167507 ) ) ;
#1029 = CARTESIAN_POINT ( 'NONE',  ( -60.01241706048494962, 0.000000000000000000, -53.45544456622712204 ) ) ;
#1030 = ORIENTED_EDGE ( 'NONE', *, *, #27, .T. ) ;
#1031 = DIRECTION ( 'NONE',  ( 0.000000000000000000, 0.000000000000000000, -1.000000000000000000 ) ) ;
#1032 = DIRECTION ( 'NONE',  ( -0.5000000000000041078, 0.000000000000000000, -0.8660254037844363761 ) ) ;
#1033 = VERTEX_POINT ( 'NONE', #126 ) ;
#1034 = CIRCLE ( 'NONE', #1399, 1.399999999999998579 ) ;
#1035 = EDGE_LOOP ( 'NONE', ( #4172, #3477, #1617, #787 ) ) ;
#1036 = AXIS2_PLACEMENT_3D ( 'NONE', #1612, #2259, #1964 ) ;
#1037 = LINE ( 'NONE', #3526, #931 ) ;
#1038 = DIRECTION ( 'NONE',  ( 0.000000000000000000, 0.000000000000000000, 1.000000000000000000 ) ) ;
#1039 = LINE ( 'NONE', #2443, #4209 ) ;
#1040 = VERTEX_POINT ( 'NONE', #2562 ) ;
#1041 = DIRECTION ( 'NONE',  ( -0.000000000000000000, 1.000000000000000000, -0.000000000000000000 ) ) ;
#1042 = CARTESIAN_POINT ( 'NONE',  ( -0.5000000000000000000, -6.349999999999999645, 90.40000000000000568 ) ) ;
#1043 = VERTEX_POINT ( 'NONE', #3348 ) ;
#1044 = PLANE ( 'NONE',  #387 ) ;
#1045 = DIRECTION ( 'NONE',  ( 0.000000000000000000, 1.000000000000000000, -0.000000000000000000 ) ) ;
#1046 = VECTOR ( 'NONE', #3256, 1000.000000000000000 ) ;
#1047 = ORIENTED_EDGE ( 'NONE', *, *, #4205, .F. ) ;
#1048 = ORIENTED_EDGE ( 'NONE', *, *, #3359, .F. ) ;
#1049 = DIRECTION ( 'NONE',  ( -0.000000000000000000, 1.000000000000000000, -0.000000000000000000 ) ) ;
#1050 = DIRECTION ( 'NONE',  ( -0.000000000000000000, -1.000000000000000000, 0.000000000000000000 ) ) ;
#1051 = ORIENTED_EDGE ( 'NONE', *, *, #3334, .T. ) ;
#1052 = EDGE_CURVE ( 'NONE', #4489, #3037, #1141, .T. ) ;
#1053 = CIRCLE ( 'NONE', #1419, 2.950000000000001066 ) ;
#1054 = DIRECTION ( 'NONE',  ( -0.8660254037844448138, 0.000000000000000000, -0.4999999999999895084 ) ) ;
#1055 = ORIENTED_EDGE ( 'NONE', *, *, #2979, .F. ) ;
#1056 = ORIENTED_EDGE ( 'NONE', *, *, #1246, .T. ) ;
#1057 = DIRECTION ( 'NONE',  ( 0.000000000000000000, 1.000000000000000000, 0.000000000000000000 ) ) ;
#1058 = VECTOR ( 'NONE', #271, 1000.000000000000000 ) ;
#1059 = DIRECTION ( 'NONE',  ( -0.000000000000000000, 1.000000000000000000, -0.000000000000000000 ) ) ;
#1060 = CARTESIAN_POINT ( 'NONE',  ( -63.13325193588592299, -6.349999999999999645, -36.44999999999941309 ) ) ;
#1061 = VERTEX_POINT ( 'NONE', #2631 ) ;
#1062 = DIRECTION ( 'NONE',  ( 0.000000000000000000, 1.000000000000000000, -0.000000000000000000 ) ) ;
#1063 = DIRECTION ( 'NONE',  ( -0.000000000000000000, 1.000000000000000000, -0.000000000000000000 ) ) ;
#1064 = ORIENTED_EDGE ( 'NONE', *, *, #2735, .F. ) ;
#1065 = DIRECTION ( 'NONE',  ( 0.000000000000000000, 0.000000000000000000, -1.000000000000000000 ) ) ;
#1066 = CARTESIAN_POINT ( 'NONE',  ( 86.94895053995743694, -6.349999999999999645, -50.20000000000041496 ) ) ;
#1067 = EDGE_LOOP ( 'NONE', ( #3998, #3641 ) ) ;
#1068 = DIRECTION ( 'NONE',  ( 0.000000000000000000, 1.000000000000000000, 0.000000000000000000 ) ) ;
#1069 = EDGE_CURVE ( 'NONE', #2995, #3910, #2607, .T. ) ;
#1070 = AXIS2_PLACEMENT_3D ( 'NONE', #1042, #1063, #705 ) ;
#1071 = DIRECTION ( 'NONE',  ( -0.000000000000000000, 1.000000000000000000, -0.000000000000000000 ) ) ;
#1072 = ORIENTED_EDGE ( 'NONE', *, *, #1953, .F. ) ;
#1073 = VECTOR ( 'NONE', #3294, 1000.000000000000000 ) ;
#1074 = DIRECTION ( 'NONE',  ( -1.000000000000000000, -0.000000000000000000, -0.000000000000000000 ) ) ;
#1075 = ORIENTED_EDGE ( 'NONE', *, *, #2141, .F. ) ;
#1076 = VECTOR ( 'NONE', #1942, 1000.000000000000000 ) ;
#1077 = ADVANCED_FACE ( 'NONE', ( #3993 ), #1611, .F. ) ;
#1078 = ORIENTED_EDGE ( 'NONE', *, *, #2630, .T. ) ;
#1079 = VECTOR ( 'NONE', #3245, 1000.000000000000000 ) ;
#1080 = FACE_BOUND ( 'NONE', #3652, .T. ) ;
#1081 = FILL_AREA_STYLE ('',( #1124 ) ) ;
#1082 = EDGE_CURVE ( 'NONE', #3517, #1631, #4063, .T. ) ;
#1083 = CARTESIAN_POINT ( 'NONE',  ( -77.51241706048465119, -6.349999999999999645, -25.94455543377159756 ) ) ;
#1084 = ORIENTED_EDGE ( 'NONE', *, *, #2455, .T. ) ;
#1085 = DIRECTION ( 'NONE',  ( -2.040851148208006519E-16, -0.000000000000000000, -1.000000000000000000 ) ) ;
#1086 = CYLINDRICAL_SURFACE ( 'NONE', #690, 3.000000000000002665 ) ;
#1087 = ORIENTED_EDGE ( 'NONE', *, *, #3374, .F. ) ;
#1088 = DIRECTION ( 'NONE',  ( -0.7071067811865481278, 0.000000000000000000, 0.7071067811865470176 ) ) ;
#1089 = CARTESIAN_POINT ( 'NONE',  ( -43.58956826847729360, -6.349999999999999645, 72.36908238119035275 ) ) ;
#1090 = ORIENTED_EDGE ( 'NONE', *, *, #4465, .F. ) ;
#1091 = ORIENTED_EDGE ( 'NONE', *, *, #4009, .T. ) ;
#1092 = CARTESIAN_POINT ( 'NONE',  ( 60.01241706048417512, -6.349999999999999645, -54.85544456622797327 ) ) ;
#1093 = CARTESIAN_POINT ( 'NONE',  ( -46.48734574734449154, 0.000000000000000000, 71.59262524588281451 ) ) ;
#1094 = ORIENTED_EDGE ( 'NONE', *, *, #2941, .T. ) ;
#1095 = CIRCLE ( 'NONE', #1239, 1.399999999999998579 ) ;
#1096 = CARTESIAN_POINT ( 'NONE',  ( 86.94895053995743694, -6.349999999999999645, -50.20000000000041496 ) ) ;
#1097 = VERTEX_POINT ( 'NONE', #4365 ) ;
#1098 = VERTEX_POINT ( 'NONE', #4037 ) ;
#1099 = DIRECTION ( 'NONE',  ( 0.8660254037844425934, 0.000000000000000000, -0.4999999999999933942 ) ) ;
#1100 = LINE ( 'NONE', #4270, #2622 ) ;
#1101 = DIRECTION ( 'NONE',  ( -0.000000000000000000, 1.000000000000000000, -0.000000000000000000 ) ) ;
#1102 = ORIENTED_EDGE ( 'NONE', *, *, #1495, .F. ) ;
#1103 = AXIS2_PLACEMENT_3D ( 'NONE', #4521, #1381, #313 ) ;
#1104 = DIRECTION ( 'NONE',  ( 0.7071067811865470176, 0.000000000000000000, 0.7071067811865481278 ) ) ;
#1105 = CARTESIAN_POINT ( 'NONE',  ( -78.11049327183802404, -6.349999999999999645, -29.50865704890935604 ) ) ;
#1106 = ORIENTED_EDGE ( 'NONE', *, *, #3983, .F. ) ;
#1107 = ADVANCED_FACE ( 'NONE', ( #1240 ), #3005, .F. ) ;
#1108 = AXIS2_PLACEMENT_3D ( 'NONE', #4066, #3028, #902 ) ;
#1109 = CARTESIAN_POINT ( 'NONE',  ( 43.24264068711675435, -6.349999999999999645, -72.05553499465064249 ) ) ;
#1110 = DIRECTION ( 'NONE',  ( 0.8660254037844360431, 0.000000000000000000, -0.5000000000000045519 ) ) ;
#1111 = VECTOR ( 'NONE', #3531, 1000.000000000000227 ) ;
#1112 = CARTESIAN_POINT ( 'NONE',  ( -17.67766952966371719, 0.000000000000000000, 14.72766952966366283 ) ) ;
#1113 = EDGE_LOOP ( 'NONE', ( #3530, #4228 ) ) ;
#1114 = DIRECTION ( 'NONE',  ( -0.000000000000000000, 1.000000000000000000, -0.000000000000000000 ) ) ;
#1115 = VECTOR ( 'NONE', #708, 1000.000000000000000 ) ;
#1116 = DIRECTION ( 'NONE',  ( -0.000000000000000000, -1.000000000000000000, 0.000000000000000000 ) ) ;
#1117 = EDGE_LOOP ( 'NONE', ( #2516, #1250, #429, #2950 ) ) ;
#1118 = DIRECTION ( 'NONE',  ( 0.000000000000000000, 1.000000000000000000, -0.000000000000000000 ) ) ;
#1119 = DIRECTION ( 'NONE',  ( -0.000000000000000000, 1.000000000000000000, -0.000000000000000000 ) ) ;
#1120 = EDGE_LOOP ( 'NONE', ( #1012, #4408, #2115, #4383 ) ) ;
#1121 = EDGE_CURVE ( 'NONE', #631, #1786, #2956, .T. ) ;
#1122 = ORIENTED_EDGE ( 'NONE', *, *, #4412, .T. ) ;
#1123 = CARTESIAN_POINT ( 'NONE',  ( -70.56209488697598431, -6.349999999999999645, -50.58286656726167507 ) ) ;
#1124 = FILL_AREA_STYLE_COLOUR ( '', #3218 ) ;
#1125 = FACE_OUTER_BOUND ( 'NONE', #1396, .T. ) ;
#1126 = ORIENTED_EDGE ( 'NONE', *, *, #2116, .T. ) ;
#1127 = VECTOR ( 'NONE', #1101, 1000.000000000000000 ) ;
#1128 = VECTOR ( 'NONE', #916, 1000.000000000000000 ) ;
#1129 = FACE_OUTER_BOUND ( 'NONE', #4363, .T. ) ;
#1130 = CYLINDRICAL_SURFACE ( 'NONE', #2093, 2.950000000000001066 ) ;
#1131 = VERTEX_POINT ( 'NONE', #2209 ) ;
#1132 = CIRCLE ( 'NONE', #1869, 1.000000000000007327 ) ;
#1133 = CARTESIAN_POINT ( 'NONE',  ( 1.144917494144692682E-12, -6.349999999999999645, 118.1110699893032603 ) ) ;
#1134 = LINE ( 'NONE', #2537, #666 ) ;
#1135 = ORIENTED_EDGE ( 'NONE', *, *, #3464, .T. ) ;
#1136 = EDGE_CURVE ( 'NONE', #644, #78, #393, .T. ) ;
#1137 = ORIENTED_EDGE ( 'NONE', *, *, #2800, .F. ) ;
#1138 = EDGE_CURVE ( 'NONE', #877, #3185, #2305, .T. ) ;
#1139 = EDGE_CURVE ( 'NONE', #4468, #4533, #1561, .T. ) ;
#1140 = EDGE_CURVE ( 'NONE', #509, #1530, #205, .T. ) ;
#1141 = CIRCLE ( 'NONE', #3055, 1.399999999999998579 ) ;
#1142 = VERTEX_POINT ( 'NONE', #1963 ) ;
#1143 = CARTESIAN_POINT ( 'NONE',  ( -38.75735931288107139, -6.349999999999999645, -76.05553499465241885 ) ) ;
#1144 = CIRCLE ( 'NONE', #3728, 1.000000000000000888 ) ;
#1145 = FACE_BOUND ( 'NONE', #3234, .T. ) ;
#1146 = AXIS2_PLACEMENT_3D ( 'NONE', #817, #990, #198 ) ;
#1147 = EDGE_LOOP ( 'NONE', ( #200, #376, #1544, #212 ) ) ;
#1148 = EDGE_CURVE ( 'NONE', #2480, #573, #2279, .T. ) ;
#1149 = ORIENTED_EDGE ( 'NONE', *, *, #483, .T. ) ;
#1150 = FACE_BOUND ( 'NONE', #3980, .T. ) ;
#1151 = DIRECTION ( 'NONE',  ( 0.8660254037844357100, 0.000000000000000000, -0.5000000000000048850 ) ) ;
#1152 = AXIS2_PLACEMENT_3D ( 'NONE', #3011, #1116, #3913 ) ;
#1153 = DIRECTION ( 'NONE',  ( 0.000000000000000000, 0.000000000000000000, 1.000000000000000000 ) ) ;
#1154 = ORIENTED_EDGE ( 'NONE', *, *, #134, .F. ) ;
#1155 = CARTESIAN_POINT ( 'NONE',  ( 82.64662884887255245, 0.000000000000000000, 2.962909748770209628 ) ) ;
#1156 = DIRECTION ( 'NONE',  ( -0.8660254037844434816, 0.000000000000000000, -0.4999999999999913958 ) ) ;
#1157 = ORIENTED_EDGE ( 'NONE', *, *, #2972, .T. ) ;
#1158 = CARTESIAN_POINT ( 'NONE',  ( -43.58956826847729360, 0.000000000000000000, 72.36908238119036696 ) ) ;
#1159 = FACE_OUTER_BOUND ( 'NONE', #1382, .T. ) ;
#1160 = EDGE_CURVE ( 'NONE', #3910, #154, #3726, .T. ) ;
#1161 = ORIENTED_EDGE ( 'NONE', *, *, #4350, .F. ) ;
#1162 = ORIENTED_EDGE ( 'NONE', *, *, #2866, .F. ) ;
#1163 = EDGE_CURVE ( 'NONE', #2732, #1257, #2742, .T. ) ;
#1164 = EDGE_CURVE ( 'NONE', #3235, #64, #758, .T. ) ;
#1165 = LINE ( 'NONE', #2617, #2802 ) ;
#1166 = FACE_BOUND ( 'NONE', #3337, .T. ) ;
#1167 = ORIENTED_EDGE ( 'NONE', *, *, #3843, .F. ) ;
#1168 = CIRCLE ( 'NONE', #952, 1.399999999999998579 ) ;
#1169 = VERTEX_POINT ( 'NONE', #574 ) ;
#1170 = FACE_BOUND ( 'NONE', #1921, .T. ) ;
#1171 = CARTESIAN_POINT ( 'NONE',  ( -58.04927733967046066, 0.000000000000000000, -47.25570230503428348 ) ) ;
#1172 = DIRECTION ( 'NONE',  ( 0.000000000000000000, 1.000000000000000000, -0.000000000000000000 ) ) ;
#1173 = EDGE_LOOP ( 'NONE', ( #1056, #1754, #3278, #1904 ) ) ;
#1174 = CARTESIAN_POINT ( 'NONE',  ( -17.67766952966365679, -6.349999999999999645, -17.67766952966372074 ) ) ;
#1175 = DIRECTION ( 'NONE',  ( -0.000000000000000000, -1.000000000000000000, -0.000000000000000000 ) ) ;
#1176 = ORIENTED_EDGE ( 'NONE', *, *, #4004, .T. ) ;
#1177 = CARTESIAN_POINT ( 'NONE',  ( -18.47499999999998010, -6.349999999999999645, 86.40000000000000568 ) ) ;
#1178 = DIRECTION ( 'NONE',  ( 0.000000000000000000, 1.000000000000000000, -0.000000000000000000 ) ) ;
#1179 = DIRECTION ( 'NONE',  ( 0.000000000000000000, 0.000000000000000000, 1.000000000000000000 ) ) ;
#1180 = DIRECTION ( 'NONE',  ( -0.000000000000000000, -1.000000000000000000, 0.000000000000000000 ) ) ;
#1181 = ORIENTED_EDGE ( 'NONE', *, *, #2570, .T. ) ;
#1182 = AXIS2_PLACEMENT_3D ( 'NONE', #3937, #761, #2242 ) ;
#1183 = AXIS2_PLACEMENT_3D ( 'NONE', #2981, #4343, #4390 ) ;
#1184 = AXIS2_PLACEMENT_3D ( 'NONE', #480, #130, #1537 ) ;
#1185 = LINE ( 'NONE', #510, #1769 ) ;
#1186 = DIRECTION ( 'NONE',  ( 0.4999999999999919509, 0.000000000000000000, -0.8660254037844432595 ) ) ;
#1187 = ORIENTED_EDGE ( 'NONE', *, *, #4271, .T. ) ;
#1188 = VERTEX_POINT ( 'NONE', #3045 ) ;
#1189 = EDGE_CURVE ( 'NONE', #3745, #88, #4456, .T. ) ;
#1190 = EDGE_CURVE ( 'NONE', #1000, #748, #1946, .T. ) ;
#1191 = AXIS2_PLACEMENT_3D ( 'NONE', #589, #3411, #1654 ) ;
#1192 = FACE_OUTER_BOUND ( 'NONE', #1601, .T. ) ;
#1193 = CARTESIAN_POINT ( 'NONE',  ( 85.14927271346640225, -6.349999999999999645, -39.31713343273808903 ) ) ;
#1194 = ORIENTED_EDGE ( 'NONE', *, *, #1766, .T. ) ;
#1195 = FACE_OUTER_BOUND ( 'NONE', #1944, .T. ) ;
#1196 = CARTESIAN_POINT ( 'NONE',  ( 17.50000000000000355, -6.349999999999999645, 79.39999999999999147 ) ) ;
#1197 = VERTEX_POINT ( 'NONE', #2351 ) ;
#1198 = DIRECTION ( 'NONE',  ( 0.8660254037844434816, -0.000000000000000000, 0.4999999999999918399 ) ) ;
#1199 = VECTOR ( 'NONE', #4108, 1000.000000000000000 ) ;
#1200 = VECTOR ( 'NONE', #3409, 1000.000000000000000 ) ;
#1201 = LINE ( 'NONE', #2632, #3542 ) ;
#1202 = DIRECTION ( 'NONE',  ( 0.000000000000000000, 0.000000000000000000, 1.000000000000000000 ) ) ;
#1203 = FACE_OUTER_BOUND ( 'NONE', #3616, .T. ) ;
#1204 = ORIENTED_EDGE ( 'NONE', *, *, #3043, .F. ) ;
#1205 = CARTESIAN_POINT ( 'NONE',  ( 1.169434919271831421E-12, -6.349999999999999645, 150.1110699893032461 ) ) ;
#1206 = ORIENTED_EDGE ( 'NONE', *, *, #2347, .T. ) ;
#1207 = EDGE_CURVE ( 'NONE', #1061, #1489, #545, .T. ) ;
#1208 = ORIENTED_EDGE ( 'NONE', *, *, #4240, .T. ) ;
#1209 = DIRECTION ( 'NONE',  ( 0.000000000000000000, 0.000000000000000000, 1.000000000000000000 ) ) ;
#1210 = FACE_OUTER_BOUND ( 'NONE', #889, .T. ) ;
#1211 = EDGE_LOOP ( 'NONE', ( #4078, #2298, #4492, #209 ) ) ;
#1212 = ORIENTED_EDGE ( 'NONE', *, *, #3706, .F. ) ;
#1213 = DIRECTION ( 'NONE',  ( -0.000000000000000000, 1.000000000000000000, -0.000000000000000000 ) ) ;
#1214 = CARTESIAN_POINT ( 'NONE',  ( 65.47651867562196060, -6.349999999999999645, -53.39134295109025885 ) ) ;
#1215 = ORIENTED_EDGE ( 'NONE', *, *, #847, .T. ) ;
#1216 = CARTESIAN_POINT ( 'NONE',  ( -71.28324730968272149, -6.349999999999999645, -61.33379393113239075 ) ) ;
#1217 = CARTESIAN_POINT ( 'NONE',  ( -17.49999999999999645, 0.000000000000000000, 80.80000000000001137 ) ) ;
#1218 = ORIENTED_EDGE ( 'NONE', *, *, #1635, .T. ) ;
#1219 = DIRECTION ( 'NONE',  ( -0.000000000000000000, -1.000000000000000000, 0.000000000000000000 ) ) ;
#1220 = DIRECTION ( 'NONE',  ( 0.000000000000000000, 1.000000000000000000, -0.000000000000000000 ) ) ;
#1221 = CARTESIAN_POINT ( 'NONE',  ( 17.67766952966365324, -6.349999999999999645, 14.72766952966371790 ) ) ;
#1222 = DIRECTION ( 'NONE',  ( 0.000000000000000000, 0.000000000000000000, 1.000000000000000000 ) ) ;
#1223 = AXIS2_PLACEMENT_3D ( 'NONE', #3773, #3119, #2769 ) ;
#1224 = VERTEX_POINT ( 'NONE', #2068 ) ;
#1225 = CARTESIAN_POINT ( 'NONE',  ( 5.949999999999910472, -6.349999999999999645, -10.30570230503488993 ) ) ;
#1226 = DIRECTION ( 'NONE',  ( 0.000000000000000000, 1.000000000000000000, -0.000000000000000000 ) ) ;
#1227 = STYLED_ITEM ( 'NONE', ( #2158 ), #1308 ) ;
#1228 = FACE_BOUND ( 'NONE', #3966, .T. ) ;
#1229 = ORIENTED_EDGE ( 'NONE', *, *, #530, .F. ) ;
#1230 = DIRECTION ( 'NONE',  ( -0.000000000000000000, -1.000000000000000000, 0.000000000000000000 ) ) ;
#1231 = EDGE_LOOP ( 'NONE', ( #187, #1468, #2172, #2619 ) ) ;
#1232 = DIRECTION ( 'NONE',  ( 0.000000000000000000, 0.000000000000000000, 1.000000000000000000 ) ) ;
#1233 = CARTESIAN_POINT ( 'NONE',  ( -73.70856948319145374, -6.349999999999999645, -43.13301270189153769 ) ) ;
#1234 = ORIENTED_EDGE ( 'NONE', *, *, #2968, .F. ) ;
#1235 = CARTESIAN_POINT ( 'NONE',  ( 1.144917494144692682E-12, -6.349999999999999645, 118.1110699893032603 ) ) ;
#1236 = EDGE_CURVE ( 'NONE', #2048, #3890, #4315, .T. ) ;
#1237 = CARTESIAN_POINT ( 'NONE',  ( -18.47499999999997655, -6.349999999999999645, 92.40000000000000568 ) ) ;
#1238 = ORIENTED_EDGE ( 'NONE', *, *, #4281, .T. ) ;
#1239 = AXIS2_PLACEMENT_3D ( 'NONE', #4482, #2641, #4048 ) ;
#1240 = FACE_OUTER_BOUND ( 'NONE', #2247, .T. ) ;
#1241 = CARTESIAN_POINT ( 'NONE',  ( 86.94895053995743694, -6.349999999999999645, -50.20000000000041496 ) ) ;
#1242 = CARTESIAN_POINT ( 'NONE',  ( 43.37867965644149137, -6.349999999999999645, 74.97699285909413902 ) ) ;
#1243 = DIRECTION ( 'NONE',  ( -0.000000000000000000, 1.000000000000000000, -0.000000000000000000 ) ) ;
#1244 = ORIENTED_EDGE ( 'NONE', *, *, #2314, .T. ) ;
#1245 = DIRECTION ( 'NONE',  ( -0.000000000000000000, -1.000000000000000000, 0.000000000000000000 ) ) ;
#1246 = EDGE_CURVE ( 'NONE', #3521, #1832, #222, .T. ) ;
#1247 = ADVANCED_FACE ( 'NONE', ( #2398 ), #2042, .F. ) ;
#1248 = VECTOR ( 'NONE', #2584, 1000.000000000000000 ) ;
#1249 = ORIENTED_EDGE ( 'NONE', *, *, #309, .F. ) ;
#1250 = ORIENTED_EDGE ( 'NONE', *, *, #1897, .F. ) ;
#1251 = CARTESIAN_POINT ( 'NONE',  ( -84.46824792491828759, -6.349999999999999645, 1.565132269903807938 ) ) ;
#1252 = CIRCLE ( 'NONE', #2128, 2.599999999999998312 ) ;
#1253 = EDGE_CURVE ( 'NONE', #528, #1794, #3070, .T. ) ;
#1254 = ORIENTED_EDGE ( 'NONE', *, *, #2921, .F. ) ;
#1255 = VECTOR ( 'NONE', #4274, 1000.000000000000000 ) ;
#1256 = CARTESIAN_POINT ( 'NONE',  ( 14.50000000000000178, -6.349999999999999645, 82.40000000000001990 ) ) ;
#1257 = VERTEX_POINT ( 'NONE', #1709 ) ;
#1258 = CARTESIAN_POINT ( 'NONE',  ( -22.57735026919043975, 0.000000000000000000, -6.049582771863973640 ) ) ;
#1259 = CARTESIAN_POINT ( 'NONE',  ( 17.50000000000000355, 0.000000000000000000, 78.00000000000000000 ) ) ;
#1260 = ORIENTED_EDGE ( 'NONE', *, *, #2564, .T. ) ;
#1261 = CYLINDRICAL_SURFACE ( 'NONE', #1708, 1.000000000000000888 ) ;
#1262 = CARTESIAN_POINT ( 'NONE',  ( 63.26794919243221216, -6.349999999999999645, 36.52776749732628758 ) ) ;
#1263 = ADVANCED_FACE ( 'NONE', ( #2376 ), #1266, .T. ) ;
#1264 = EDGE_LOOP ( 'NONE', ( #4259, #3069, #655, #1348 ) ) ;
#1265 = AXIS2_PLACEMENT_3D ( 'NONE', #2081, #1421, #328 ) ;
#1266 = PLANE ( 'NONE',  #3446 ) ;
#1267 = CARTESIAN_POINT ( 'NONE',  ( 17.67766952966372074, -6.349999999999999645, -14.72766952966365572 ) ) ;
#1268 = CARTESIAN_POINT ( 'NONE',  ( 89.62427271346643920, -6.349999999999999645, -31.56620606886738400 ) ) ;
#1269 = CARTESIAN_POINT ( 'NONE',  ( 3.762499999999928235, 0.000000000000000000, -6.516841163477916865 ) ) ;
#1270 = AXIS2_PLACEMENT_3D ( 'NONE', #788, #891, #1905 ) ;
#1271 = ORIENTED_EDGE ( 'NONE', *, *, #4100, .T. ) ;
#1272 = DIRECTION ( 'NONE',  ( 0.000000000000000000, 0.000000000000000000, -1.000000000000000000 ) ) ;
#1273 = EDGE_CURVE ( 'NONE', #3969, #2995, #1449, .T. ) ;
#1274 = ORIENTED_EDGE ( 'NONE', *, *, #424, .F. ) ;
#1275 = VERTEX_POINT ( 'NONE', #4519 ) ;
#1276 = DIRECTION ( 'NONE',  ( -0.9659258262890693114, 0.000000000000000000, -0.2588190451025170202 ) ) ;
#1277 = VECTOR ( 'NONE', #60, 1000.000000000000000 ) ;
#1278 = ORIENTED_EDGE ( 'NONE', *, *, #4093, .F. ) ;
#1279 = CYLINDRICAL_SURFACE ( 'NONE', #4000, 5.000000000000004441 ) ;
#1280 = EDGE_LOOP ( 'NONE', ( #1749, #3393, #4036, #3868 ) ) ;
#1281 = AXIS2_PLACEMENT_3D ( 'NONE', #1983, #1730, #597 ) ;
#1282 = DIRECTION ( 'NONE',  ( 0.000000000000000000, 0.000000000000000000, 1.000000000000000000 ) ) ;
#1283 = EDGE_CURVE ( 'NONE', #3609, #3797, #2262, .T. ) ;
#1284 = DIRECTION ( 'NONE',  ( 4.625929269271485322E-15, 0.000000000000000000, -1.000000000000000000 ) ) ;
#1285 = VERTEX_POINT ( 'NONE', #2718 ) ;
#1286 = AXIS2_PLACEMENT_3D ( 'NONE', #2930, #1871, #524 ) ;
#1287 = CARTESIAN_POINT ( 'NONE',  ( -11.89999999999999858, -6.349999999999999645, 73.90000000000000568 ) ) ;
#1288 = ORIENTED_EDGE ( 'NONE', *, *, #3251, .T. ) ;
#1289 = AXIS2_PLACEMENT_3D ( 'NONE', #1196, #522, #2277 ) ;
#1290 = CARTESIAN_POINT ( 'NONE',  ( -72.22651867562257166, -6.349999999999999645, -41.69999999999933493 ) ) ;
#1291 = CARTESIAN_POINT ( 'NONE',  ( 77.67651867562206291, -6.349999999999999645, -32.26032309874998560 ) ) ;
#1292 = CARTESIAN_POINT ( 'NONE',  ( 1.144917494144692682E-12, -6.349999999999999645, 86.11106998930326029 ) ) ;
#1293 = CARTESIAN_POINT ( 'NONE',  ( 40.78060344508816115, 0.000000000000000000, 73.47699285909413902 ) ) ;
#1294 = ORIENTED_EDGE ( 'NONE', *, *, #1640, .T. ) ;
#1295 = DIRECTION ( 'NONE',  ( -0.000000000000000000, 1.000000000000000000, -0.000000000000000000 ) ) ;
#1296 = EDGE_LOOP ( 'NONE', ( #2098, #139, #968, #395 ) ) ;
#1297 = ADVANCED_FACE ( 'NONE', ( #2765 ), #4133, .F. ) ;
#1298 = AXIS2_PLACEMENT_3D ( 'NONE', #3846, #1050, #3453 ) ;
#1299 = VERTEX_POINT ( 'NONE', #2331 ) ;
#1300 = EDGE_CURVE ( 'NONE', #4484, #340, #1677, .T. ) ;
#1301 = DIRECTION ( 'NONE',  ( -0.5000000000000004441, 0.000000000000000000, -0.8660254037844383745 ) ) ;
#1302 = ADVANCED_FACE ( 'NONE', ( #3440 ), #266, .F. ) ;
#1303 = VERTEX_POINT ( 'NONE', #1841 ) ;
#1304 = DIRECTION ( 'NONE',  ( -1.000000000000000000, 0.000000000000000000, 0.000000000000000000 ) ) ;
#1305 = ORIENTED_EDGE ( 'NONE', *, *, #3704, .F. ) ;
#1306 = CARTESIAN_POINT ( 'NONE',  ( -17.67766952966371719, -6.349999999999999645, 17.67766952966366389 ) ) ;
#1307 = DIRECTION ( 'NONE',  ( -1.156482317317870344E-14, 0.000000000000000000, -1.000000000000000000 ) ) ;
#1308 = MANIFOLD_SOLID_BREP ( 'Pneumatic Mount Holes', #3403 ) ;
#1309 = ORIENTED_EDGE ( 'NONE', *, *, #3507, .F. ) ;
#1310 = CARTESIAN_POINT ( 'NONE',  ( -86.94895053995811907, 0.000000000000000000, -51.59999999999919851 ) ) ;
#1311 = ORIENTED_EDGE ( 'NONE', *, *, #1052, .T. ) ;
#1312 = DIRECTION ( 'NONE',  ( 0.8660254037844363761, 0.000000000000000000, -0.5000000000000041078 ) ) ;
#1313 = CARTESIAN_POINT ( 'NONE',  ( 0.5000000000000000000, -6.349999999999999645, 85.40000000000000568 ) ) ;
#1314 = CARTESIAN_POINT ( 'NONE',  ( 38.75735931288038216, -6.349999999999999645, -73.05553499465281675 ) ) ;
#1315 = CYLINDRICAL_SURFACE ( 'NONE', #1403, 1.000000000000000888 ) ;
#1316 = EDGE_CURVE ( 'NONE', #4069, #1597, #2029, .T. ) ;
#1317 = VECTOR ( 'NONE', #1672, 1000.000000000000000 ) ;
#1318 = DIRECTION ( 'NONE',  ( 0.000000000000000000, 0.000000000000000000, -1.000000000000000000 ) ) ;
#1319 = DIRECTION ( 'NONE',  ( -0.000000000000000000, 1.000000000000000000, -0.000000000000000000 ) ) ;
#1320 = ORIENTED_EDGE ( 'NONE', *, *, #3043, .T. ) ;
#1321 = LINE ( 'NONE', #1945, #2119 ) ;
#1322 = ORIENTED_EDGE ( 'NONE', *, *, #470, .T. ) ;
#1323 = CARTESIAN_POINT ( 'NONE',  ( -60.01241706048494962, -6.349999999999999645, -54.85544456622712062 ) ) ;
#1324 = ORIENTED_EDGE ( 'NONE', *, *, #3595, .T. ) ;
#1325 = VECTOR ( 'NONE', #3423, 1000.000000000000000 ) ;
#1326 = VECTOR ( 'NONE', #1118, 1000.000000000000000 ) ;
#1327 = PLANE ( 'NONE',  #3139 ) ;
#1328 = AXIS2_PLACEMENT_3D ( 'NONE', #2334, #3749, #3400 ) ;
#1329 = DIRECTION ( 'NONE',  ( -0.000000000000000000, -1.000000000000000000, 0.000000000000000000 ) ) ;
#1330 = ORIENTED_EDGE ( 'NONE', *, *, #3166, .F. ) ;
#1331 = EDGE_CURVE ( 'NONE', #4556, #3126, #3575, .T. ) ;
#1332 = CYLINDRICAL_SURFACE ( 'NONE', #3355, 1.000000000000000888 ) ;
#1333 = EDGE_CURVE ( 'NONE', #2606, #3882, #2880, .T. ) ;
#1334 = EDGE_LOOP ( 'NONE', ( #2908, #1462, #1915, #1051 ) ) ;
#1335 = AXIS2_PLACEMENT_3D ( 'NONE', #2798, #366, #4211 ) ;
#1336 = DIRECTION ( 'NONE',  ( 0.8660254037844363761, 0.000000000000000000, -0.5000000000000041078 ) ) ;
#1337 = CARTESIAN_POINT ( 'NONE',  ( -71.24927733967024324, -6.349999999999999645, -24.39263164512497895 ) ) ;
#1338 = DIRECTION ( 'NONE',  ( 0.000000000000000000, 0.000000000000000000, -1.000000000000000000 ) ) ;
#1339 = DIRECTION ( 'NONE',  ( 0.000000000000000000, 0.000000000000000000, 1.000000000000000000 ) ) ;
#1340 = CARTESIAN_POINT ( 'NONE',  ( 27.71281292110318262, -6.349999999999999645, 102.1110699893032603 ) ) ;
#1341 = EDGE_CURVE ( 'NONE', #1650, #2436, #1816, .T. ) ;
#1342 = DIRECTION ( 'NONE',  ( -0.000000000000000000, 1.000000000000000000, -0.000000000000000000 ) ) ;
#1343 = VERTEX_POINT ( 'NONE', #4297 ) ;
#1344 = CYLINDRICAL_SURFACE ( 'NONE', #2271, 1.399999999999998579 ) ;
#1345 = ADVANCED_FACE ( 'NONE', ( #2789 ), #2133, .F. ) ;
#1346 = CIRCLE ( 'NONE', #4154, 5.000000000000004441 ) ;
#1347 = AXIS2_PLACEMENT_3D ( 'NONE', #2692, #2994, #3361 ) ;
#1348 = ORIENTED_EDGE ( 'NONE', *, *, #2545, .F. ) ;
#1349 = CARTESIAN_POINT ( 'NONE',  ( 13.99999999999999112, 0.000000000000000000, -64.40000000000000568 ) ) ;
#1350 = ORIENTED_EDGE ( 'NONE', *, *, #857, .T. ) ;
#1351 = AXIS2_PLACEMENT_3D ( 'NONE', #3926, #725, #3908 ) ;
#1352 = DIRECTION ( 'NONE',  ( -0.4999999999999919509, 0.000000000000000000, 0.8660254037844432595 ) ) ;
#1353 = CARTESIAN_POINT ( 'NONE',  ( -85.24470506022582583, -6.349999999999999645, 4.462909748771021867 ) ) ;
#1354 = ORIENTED_EDGE ( 'NONE', *, *, #1393, .F. ) ;
#1355 = PLANE ( 'NONE',  #549 ) ;
#1356 = EDGE_CURVE ( 'NONE', #4400, #1000, #3879, .T. ) ;
#1357 = DIRECTION ( 'NONE',  ( -0.000000000000000000, -1.000000000000000000, 0.000000000000000000 ) ) ;
#1358 = VECTOR ( 'NONE', #1018, 1000.000000000000000 ) ;
#1359 = DIRECTION ( 'NONE',  ( 5.782411586589350736E-16, 0.000000000000000000, 1.000000000000000000 ) ) ;
#1360 = DIRECTION ( 'NONE',  ( 0.5000000000000082157, 0.000000000000000000, 0.8660254037844338226 ) ) ;
#1361 = DIRECTION ( 'NONE',  ( -0.000000000000000000, -1.000000000000000000, -0.000000000000000000 ) ) ;
#1362 = CARTESIAN_POINT ( 'NONE',  ( -77.51241706048465119, -6.349999999999999645, -25.94455543377159756 ) ) ;
#1363 = ORIENTED_EDGE ( 'NONE', *, *, #2613, .T. ) ;
#1364 = AXIS2_PLACEMENT_3D ( 'NONE', #716, #4268, #3572 ) ;
#1365 = CARTESIAN_POINT ( 'NONE',  ( -17.47499999999997655, 0.000000000000000000, 92.40000000000000568 ) ) ;
#1366 = ORIENTED_EDGE ( 'NONE', *, *, #2460, .T. ) ;
#1367 = ORIENTED_EDGE ( 'NONE', *, *, #1300, .F. ) ;
#1368 = LINE ( 'NONE', #3911, #2492 ) ;
#1369 = AXIS2_PLACEMENT_3D ( 'NONE', #878, #1968, #2285 ) ;
#1370 = DIRECTION ( 'NONE',  ( 0.000000000000000000, 0.000000000000000000, 1.000000000000000000 ) ) ;
#1371 = CARTESIAN_POINT ( 'NONE',  ( 73.95856948319087110, 0.000000000000000000, -42.70000000000035811 ) ) ;
#1372 = AXIS2_PLACEMENT_3D ( 'NONE', #2812, #4226, #2507 ) ;
#1373 = ORIENTED_EDGE ( 'NONE', *, *, #2038, .F. ) ;
#1374 = CIRCLE ( 'NONE', #1952, 2.950000000000001066 ) ;
#1375 = CYLINDRICAL_SURFACE ( 'NONE', #230, 1.000000000000000888 ) ;
#1376 = CARTESIAN_POINT ( 'NONE',  ( 84.28324730968196832, -6.349999999999999645, -38.81713343273808192 ) ) ;
#1377 = ORIENTED_EDGE ( 'NONE', *, *, #3875, .F. ) ;
#1378 = VERTEX_POINT ( 'NONE', #1426 ) ;
#1379 = DIRECTION ( 'NONE',  ( -0.000000000000000000, -1.000000000000000000, -0.000000000000000000 ) ) ;
#1380 = CARTESIAN_POINT ( 'NONE',  ( 102.2871870788990094, -6.349999999999999645, -27.05553499465061051 ) ) ;
#1381 = DIRECTION ( 'NONE',  ( 0.000000000000000000, 1.000000000000000000, 0.000000000000000000 ) ) ;
#1382 = EDGE_LOOP ( 'NONE', ( #2717, #2438, #3306, #2215 ) ) ;
#1383 = EDGE_CURVE ( 'NONE', #3571, #3383, #1100, .T. ) ;
#1384 = DIRECTION ( 'NONE',  ( 0.000000000000000000, 1.000000000000000000, -0.000000000000000000 ) ) ;
#1385 = CARTESIAN_POINT ( 'NONE',  ( 41.12132034355710886, -0.000000000000000000, -74.17685533821027377 ) ) ;
#1386 = EDGE_CURVE ( 'NONE', #3736, #971, #2857, .T. ) ;
#1387 = LINE ( 'NONE', #2797, #2080 ) ;
#1388 = CARTESIAN_POINT ( 'NONE',  ( 82.69606948319093931, -6.349999999999999645, -27.56620606886734492 ) ) ;
#1389 = AXIS2_PLACEMENT_3D ( 'NONE', #2687, #254, #4099 ) ;
#1390 = EDGE_CURVE ( 'NONE', #674, #635, #699, .T. ) ;
#1391 = ORIENTED_EDGE ( 'NONE', *, *, #4215, .F. ) ;
#1392 = LINE ( 'NONE', #3540, #2937 ) ;
#1393 = EDGE_CURVE ( 'NONE', #616, #2696, #3365, .T. ) ;
#1394 = CARTESIAN_POINT ( 'NONE',  ( 1.999999999999992228, 0.000000000000000000, -64.40000000000000568 ) ) ;
#1395 = DIRECTION ( 'NONE',  ( -0.000000000000000000, 1.000000000000000000, -0.000000000000000000 ) ) ;
#1396 = EDGE_LOOP ( 'NONE', ( #3494, #1800, #3061, #2752 ) ) ;
#1397 = CYLINDRICAL_SURFACE ( 'NONE', #816, 2.950000000000001066 ) ;
#1398 = VERTEX_POINT ( 'NONE', #3179 ) ;
#1399 = AXIS2_PLACEMENT_3D ( 'NONE', #3435, #262, #1680 ) ;
#1400 = EDGE_LOOP ( 'NONE', ( #3110, #1026, #3548, #668 ) ) ;
#1401 = AXIS2_PLACEMENT_3D ( 'NONE', #1984, #1178, #3720 ) ;
#1402 = DIRECTION ( 'NONE',  ( 0.000000000000000000, 0.000000000000000000, 1.000000000000000000 ) ) ;
#1403 = AXIS2_PLACEMENT_3D ( 'NONE', #600, #269, #3074 ) ;
#1404 = CARTESIAN_POINT ( 'NONE',  ( 17.67766952966372074, -6.349999999999999645, -17.67766952966365679 ) ) ;
#1405 = DIRECTION ( 'NONE',  ( -0.000000000000000000, 1.000000000000000000, -0.000000000000000000 ) ) ;
#1406 = ORIENTED_EDGE ( 'NONE', *, *, #461, .T. ) ;
#1407 = CARTESIAN_POINT ( 'NONE',  ( -86.94895053995811907, -6.349999999999999645, -51.59999999999919851 ) ) ;
#1408 = EDGE_LOOP ( 'NONE', ( #3237, #1320, #1961, #4029, #1455, #2278, #3407, #3273, #3388 ) ) ;
#1409 = VECTOR ( 'NONE', #61, 1000.000000000000000 ) ;
#1410 = CARTESIAN_POINT ( 'NONE',  ( 1.144917494144692682E-12, 0.000000000000000000, 86.11106998930326029 ) ) ;
#1411 = LINE ( 'NONE', #2820, #1409 ) ;
#1412 = EDGE_LOOP ( 'NONE', ( #4557, #870, #2647, #103 ) ) ;
#1413 = DIRECTION ( 'NONE',  ( 0.000000000000000000, 0.000000000000000000, 1.000000000000000000 ) ) ;
#1414 = AXIS2_PLACEMENT_3D ( 'NONE', #4220, #3915, #6 ) ;
#1415 = EDGE_CURVE ( 'NONE', #2693, #830, #4541, .T. ) ;
#1416 = LINE ( 'NONE', #3824, #1937 ) ;
#1417 = ORIENTED_EDGE ( 'NONE', *, *, #625, .F. ) ;
#1418 = EDGE_CURVE ( 'NONE', #165, #2321, #2847, .T. ) ;
#1419 = AXIS2_PLACEMENT_3D ( 'NONE', #1427, #770, #428 ) ;
#1420 = AXIS2_PLACEMENT_3D ( 'NONE', #1456, #3563, #2517 ) ;
#1421 = DIRECTION ( 'NONE',  ( 0.8660254037844363761, 0.000000000000000000, -0.5000000000000039968 ) ) ;
#1422 = EDGE_LOOP ( 'NONE', ( #760, #3082, #186, #1603 ) ) ;
#1423 = ORIENTED_EDGE ( 'NONE', *, *, #3950, .F. ) ;
#1424 = DIRECTION ( 'NONE',  ( 0.000000000000000000, 0.000000000000000000, 1.000000000000000000 ) ) ;
#1425 = EDGE_CURVE ( 'NONE', #4340, #3939, #2529, .T. ) ;
#1426 = CARTESIAN_POINT ( 'NONE',  ( 77.51241706048433855, -6.349999999999999645, -25.94455543377269180 ) ) ;
#1427 = CARTESIAN_POINT ( 'NONE',  ( 17.67766952966365324, -6.349999999999999645, 17.67766952966372074 ) ) ;
#1428 = DIRECTION ( 'NONE',  ( -0.000000000000000000, 1.000000000000000000, -0.000000000000000000 ) ) ;
#1429 = DIRECTION ( 'NONE',  ( 0.000000000000000000, 1.000000000000000000, 0.000000000000000000 ) ) ;
#1430 = LINE ( 'NONE', #1133, #2154 ) ;
#1431 = DIRECTION ( 'NONE',  ( 0.000000000000000000, 0.000000000000000000, 1.000000000000000000 ) ) ;
#1432 = ADVANCED_FACE ( 'NONE', ( #741 ), #3662, .F. ) ;
#1433 = ORIENTED_EDGE ( 'NONE', *, *, #1009, .F. ) ;
#1434 = AXIS2_PLACEMENT_3D ( 'NONE', #576, #2720, #2419 ) ;
#1435 = CARTESIAN_POINT ( 'NONE',  ( -0.5000000000000000000, -6.349999999999999645, 90.40000000000000568 ) ) ;
#1436 = ADVANCED_FACE ( 'NONE', ( #2600 ), #1554, .F. ) ;
#1437 = DIRECTION ( 'NONE',  ( 0.8660254037844344888, 0.000000000000000000, -0.5000000000000071054 ) ) ;
#1438 = ORIENTED_EDGE ( 'NONE', *, *, #2635, .T. ) ;
#1439 = CARTESIAN_POINT ( 'NONE',  ( -17.67766952966371719, -6.349999999999999645, 17.67766952966366389 ) ) ;
#1440 = ORIENTED_EDGE ( 'NONE', *, *, #1333, .F. ) ;
#1441 = CIRCLE ( 'NONE', #1298, 1.399999999999998579 ) ;
#1442 = ORIENTED_EDGE ( 'NONE', *, *, #720, .F. ) ;
#1443 = DIRECTION ( 'NONE',  ( -0.000000000000000000, 1.000000000000000000, -0.000000000000000000 ) ) ;
#1444 = CARTESIAN_POINT ( 'NONE',  ( -28.60000000000001208, -6.349999999999999645, -64.40000000000000568 ) ) ;
#1445 = LINE ( 'NONE', #1083, #1127 ) ;
#1446 = ORIENTED_EDGE ( 'NONE', *, *, #860, .T. ) ;
#1447 = LINE ( 'NONE', #2090, #1255 ) ;
#1448 = PLANE ( 'NONE',  #2170 ) ;
#1449 = CIRCLE ( 'NONE', #46, 5.000000000000005329 ) ;
#1450 = ORIENTED_EDGE ( 'NONE', *, *, #2902, .T. ) ;
#1451 = CYLINDRICAL_SURFACE ( 'NONE', #537, 3.000000000000002665 ) ;
#1452 = EDGE_CURVE ( 'NONE', #3680, #573, #2253, .T. ) ;
#1453 = DIRECTION ( 'NONE',  ( -0.8660254037844425934, 0.000000000000000000, -0.4999999999999933942 ) ) ;
#1454 = VERTEX_POINT ( 'NONE', #2649 ) ;
#1455 = ORIENTED_EDGE ( 'NONE', *, *, #3592, .T. ) ;
#1456 = CARTESIAN_POINT ( 'NONE',  ( 78.53869650211306919, -6.349999999999999645, -44.76698729810815536 ) ) ;
#1457 = DIRECTION ( 'NONE',  ( 0.000000000000000000, 1.000000000000000000, -0.000000000000000000 ) ) ;
#1458 = VERTEX_POINT ( 'NONE', #119 ) ;
#1459 = VECTOR ( 'NONE', #910, 1000.000000000000000 ) ;
#1460 = LINE ( 'NONE', #4375, #3912 ) ;
#1461 = DIRECTION ( 'NONE',  ( -0.000000000000000000, 1.000000000000000000, -0.000000000000000000 ) ) ;
#1462 = ORIENTED_EDGE ( 'NONE', *, *, #3202, .F. ) ;
#1463 = EDGE_LOOP ( 'NONE', ( #820, #3509, #62, #3550 ) ) ;
#1464 = CARTESIAN_POINT ( 'NONE',  ( 89.25824730968207632, 0.000000000000000000, -30.20018066508298205 ) ) ;
#1465 = SURFACE_STYLE_FILL_AREA ( #1081 ) ;
#1466 = EDGE_CURVE ( 'NONE', #2960, #4313, #2556, .T. ) ;
#1467 = CARTESIAN_POINT ( 'NONE',  ( 78.58709488697533629, -6.349999999999999645, -36.68315883652248743 ) ) ;
#1468 = ORIENTED_EDGE ( 'NONE', *, *, #1341, .T. ) ;
#1469 = DIRECTION ( 'NONE',  ( -0.000000000000000000, -1.000000000000000000, 0.000000000000000000 ) ) ;
#1470 = EDGE_CURVE ( 'NONE', #3736, #4111, #3886, .T. ) ;
#1471 = DIRECTION ( 'NONE',  ( 0.000000000000000000, 1.000000000000000000, 0.000000000000000000 ) ) ;
#1472 = VERTEX_POINT ( 'NONE', #2924 ) ;
#1473 = CIRCLE ( 'NONE', #2357, 1.000000000000000888 ) ;
#1474 = LINE ( 'NONE', #2841, #90 ) ;
#1475 = LINE ( 'NONE', #1089, #1115 ) ;
#1476 = CIRCLE ( 'NONE', #4290, 1.399999999999998579 ) ;
#1477 = ORIENTED_EDGE ( 'NONE', *, *, #3230, .F. ) ;
#1478 = ORIENTED_EDGE ( 'NONE', *, *, #2246, .T. ) ;
#1479 = AXIS2_PLACEMENT_3D ( 'NONE', #1066, #3888, #1431 ) ;
#1480 = ORIENTED_EDGE ( 'NONE', *, *, #857, .F. ) ;
#1481 = DIRECTION ( 'NONE',  ( -0.5000000000000004441, 0.000000000000000000, -0.8660254037844383745 ) ) ;
#1482 = AXIS2_PLACEMENT_3D ( 'NONE', #4425, #3740, #3086 ) ;
#1483 = CARTESIAN_POINT ( 'NONE',  ( -22.57735026919043619, -6.349999999999999645, -6.049582771863973640 ) ) ;
#1484 = ORIENTED_EDGE ( 'NONE', *, *, #3347, .F. ) ;
#1485 = ORIENTED_EDGE ( 'NONE', *, *, #815, .T. ) ;
#1486 = ADVANCED_FACE ( 'NONE', ( #1885 ), #517, .F. ) ;
#1487 = DIRECTION ( 'NONE',  ( 0.000000000000000000, 1.000000000000000000, 0.000000000000000000 ) ) ;
#1488 = DIRECTION ( 'NONE',  ( 0.000000000000000000, 0.000000000000000000, 1.000000000000000000 ) ) ;
#1489 = VERTEX_POINT ( 'NONE', #1930 ) ;
#1490 = CARTESIAN_POINT ( 'NONE',  ( 74.20856948319087110, 0.000000000000000000, -42.26698729810813404 ) ) ;
#1491 = EDGE_CURVE ( 'NONE', #3742, #614, #2478, .T. ) ;
#1492 = FACE_OUTER_BOUND ( 'NONE', #2698, .T. ) ;
#1493 = ORIENTED_EDGE ( 'NONE', *, *, #3649, .F. ) ;
#1494 = VECTOR ( 'NONE', #411, 1000.000000000000000 ) ;
#1495 = EDGE_CURVE ( 'NONE', #3339, #528, #864, .T. ) ;
#1496 = LINE ( 'NONE', #1805, #1569 ) ;
#1497 = DIRECTION ( 'NONE',  ( 0.000000000000000000, -1.000000000000000000, 0.000000000000000000 ) ) ;
#1498 = CARTESIAN_POINT ( 'NONE',  ( 1.144917494144692682E-12, -6.349999999999999645, 86.11106998930326029 ) ) ;
#1499 = ORIENTED_EDGE ( 'NONE', *, *, #489, .T. ) ;
#1500 = VECTOR ( 'NONE', #3024, 1000.000000000000000 ) ;
#1501 = DIRECTION ( 'NONE',  ( 0.000000000000000000, 0.000000000000000000, 1.000000000000000000 ) ) ;
#1502 = AXIS2_PLACEMENT_3D ( 'NONE', #2675, #944, #4129 ) ;
#1503 = PLANE ( 'NONE',  #3184 ) ;
#1504 = EDGE_CURVE ( 'NONE', #743, #4216, #233, .T. ) ;
#1505 = EDGE_LOOP ( 'NONE', ( #3673, #1208, #3249, #2275 ) ) ;
#1506 = VERTEX_POINT ( 'NONE', #840 ) ;
#1507 = FACE_OUTER_BOUND ( 'NONE', #4118, .T. ) ;
#1508 = CARTESIAN_POINT ( 'NONE',  ( 77.51241706048433855, 0.000000000000000000, -23.14455543377269464 ) ) ;
#1509 = VECTOR ( 'NONE', #953, 1000.000000000000000 ) ;
#1510 = CARTESIAN_POINT ( 'NONE',  ( -86.94895053995811907, -6.349999999999999645, -48.79999999999920846 ) ) ;
#1511 = EDGE_LOOP ( 'NONE', ( #2346, #4044, #3019, #1567 ) ) ;
#1512 = AXIS2_PLACEMENT_3D ( 'NONE', #54, #11, #4566 ) ;
#1513 = DIRECTION ( 'NONE',  ( 0.000000000000000000, 1.000000000000000000, -0.000000000000000000 ) ) ;
#1514 = CARTESIAN_POINT ( 'NONE',  ( 56.74927733966980981, 0.000000000000000000, -49.50736835487464305 ) ) ;
#1515 = EDGE_LOOP ( 'NONE', ( #3260, #934, #3305, #4539 ) ) ;
#1516 = FACE_OUTER_BOUND ( 'NONE', #3382, .T. ) ;
#1517 = DIRECTION ( 'NONE',  ( 0.4999999999999919509, 0.000000000000000000, -0.8660254037844432595 ) ) ;
#1518 = CARTESIAN_POINT ( 'NONE',  ( 76.81049327183761477, -6.349999999999999645, -31.76032309874998560 ) ) ;
#1519 = DIRECTION ( 'NONE',  ( -0.000000000000000000, 1.000000000000000000, -0.000000000000000000 ) ) ;
#1520 = ORIENTED_EDGE ( 'NONE', *, *, #2057, .T. ) ;
#1521 = ADVANCED_FACE ( 'NONE', ( #2225 ), #3317, .F. ) ;
#1522 = EDGE_CURVE ( 'NONE', #3052, #3725, #1858, .T. ) ;
#1523 = VERTEX_POINT ( 'NONE', #143 ) ;
#1524 = CARTESIAN_POINT ( 'NONE',  ( 13.50000000000000178, -6.349999999999999645, 72.90000000000000568 ) ) ;
#1525 = DIRECTION ( 'NONE',  ( 0.000000000000000000, 0.000000000000000000, 1.000000000000000000 ) ) ;
#1526 = VERTEX_POINT ( 'NONE', #3295 ) ;
#1527 = ORIENTED_EDGE ( 'NONE', *, *, #2406, .F. ) ;
#1528 = CARTESIAN_POINT ( 'NONE',  ( -17.49999999999999645, -6.349999999999999645, 79.40000000000000568 ) ) ;
#1529 = FACE_OUTER_BOUND ( 'NONE', #2120, .T. ) ;
#1530 = VERTEX_POINT ( 'NONE', #1508 ) ;
#1531 = LINE ( 'NONE', #173, #3107 ) ;
#1532 = LINE ( 'NONE', #845, #2552 ) ;
#1533 = ORIENTED_EDGE ( 'NONE', *, *, #515, .T. ) ;
#1534 = DIRECTION ( 'NONE',  ( -0.000000000000000000, 1.000000000000000000, -0.000000000000000000 ) ) ;
#1535 = DIRECTION ( 'NONE',  ( 0.000000000000000000, 0.000000000000000000, 1.000000000000000000 ) ) ;
#1536 = DIRECTION ( 'NONE',  ( -0.000000000000000000, 1.000000000000000000, -0.000000000000000000 ) ) ;
#1537 = DIRECTION ( 'NONE',  ( 1.000000000000000000, 0.000000000000000000, 7.472654973438552727E-16 ) ) ;
#1538 = EDGE_LOOP ( 'NONE', ( #1294, #1705 ) ) ;
#1539 = CARTESIAN_POINT ( 'NONE',  ( 83.78324730968195411, -6.349999999999999645, -39.68315883652252296 ) ) ;
#1540 = CIRCLE ( 'NONE', #1848, 2.950000000000001066 ) ;
#1541 = AXIS2_PLACEMENT_3D ( 'NONE', #135, #3238, #809 ) ;
#1542 = AXIS2_PLACEMENT_3D ( 'NONE', #1241, #3349, #827 ) ;
#1543 = AXIS2_PLACEMENT_3D ( 'NONE', #1778, #3182, #2837 ) ;
#1544 = ORIENTED_EDGE ( 'NONE', *, *, #3592, .F. ) ;
#1545 = EDGE_CURVE ( 'NONE', #64, #3235, #2449, .T. ) ;
#1546 = CYLINDRICAL_SURFACE ( 'NONE', #3688, 1.399999999999998579 ) ;
#1547 = EDGE_CURVE ( 'NONE', #4510, #3897, #2200, .T. ) ;
#1548 = AXIS2_PLACEMENT_3D ( 'NONE', #2952, #844, #4361 ) ;
#1549 = FACE_BOUND ( 'NONE', #3751, .T. ) ;
#1550 = ORIENTED_EDGE ( 'NONE', *, *, #4464, .F. ) ;
#1551 = VERTEX_POINT ( 'NONE', #4358 ) ;
#1552 = ADVANCED_FACE ( 'NONE', ( #542 ), #3341, .F. ) ;
#1553 = AXIS2_PLACEMENT_3D ( 'NONE', #1306, #1679, #2037 ) ;
#1554 = CYLINDRICAL_SURFACE ( 'NONE', #4106, 1.000000000000000888 ) ;
#1555 = DIRECTION ( 'NONE',  ( 0.000000000000000000, 1.000000000000000000, -0.000000000000000000 ) ) ;
#1556 = VERTEX_POINT ( 'NONE', #1171 ) ;
#1557 = CARTESIAN_POINT ( 'NONE',  ( 77.51241706048433855, -6.349999999999999645, -23.14455543377269464 ) ) ;
#1558 = PLANE ( 'NONE',  #2322 ) ;
#1559 = EDGE_LOOP ( 'NONE', ( #2893, #1740, #3010, #1770 ) ) ;
#1560 = ADVANCED_FACE ( 'NONE', ( #1192 ), #3986, .F. ) ;
#1561 = LINE ( 'NONE', #3719, #3201 ) ;
#1562 = VECTOR ( 'NONE', #3508, 1000.000000000000000 ) ;
#1563 = VECTOR ( 'NONE', #585, 1000.000000000000000 ) ;
#1564 = LINE ( 'NONE', #151, #1248 ) ;
#1565 = CARTESIAN_POINT ( 'NONE',  ( -38.75735931288107139, -6.349999999999999645, -76.05553499465241885 ) ) ;
#1566 = PLANE ( 'NONE',  #2433 ) ;
#1567 = ORIENTED_EDGE ( 'NONE', *, *, #3192, .F. ) ;
#1568 = CARTESIAN_POINT ( 'NONE',  ( -129.9999999999989768, 0.000000000000000000, -75.05553499465077039 ) ) ;
#1569 = VECTOR ( 'NONE', #2888, 1000.000000000000000 ) ;
#1570 = VERTEX_POINT ( 'NONE', #1628 ) ;
#1571 = CARTESIAN_POINT ( 'NONE',  ( 1.999999999999992228, -6.349999999999999645, -64.40000000000000568 ) ) ;
#1572 = FACE_BOUND ( 'NONE', #1982, .T. ) ;
#1573 = ADVANCED_FACE ( 'NONE', ( #3063 ), #1327, .F. ) ;
#1574 = ORIENTED_EDGE ( 'NONE', *, *, #2849, .F. ) ;
#1575 = DIRECTION ( 'NONE',  ( 1.000000000000000000, -0.000000000000000000, -0.000000000000000000 ) ) ;
#1576 = ORIENTED_EDGE ( 'NONE', *, *, #3959, .T. ) ;
#1577 = FACE_BOUND ( 'NONE', #3451, .T. ) ;
#1578 = VECTOR ( 'NONE', #927, 1000.000000000000000 ) ;
#1579 = VECTOR ( 'NONE', #4491, 1000.000000000000000 ) ;
#1580 = CARTESIAN_POINT ( 'NONE',  ( 64.61049327183751245, -6.349999999999999645, -52.89134295109024464 ) ) ;
#1581 = PLANE ( 'NONE',  #2150 ) ;
#1582 = VECTOR ( 'NONE', #4540, 999.9999999999998863 ) ;
#1583 = EDGE_CURVE ( 'NONE', #116, #2103, #611, .T. ) ;
#1584 = EDGE_LOOP ( 'NONE', ( #4513, #794, #2475, #3001 ) ) ;
#1585 = DIRECTION ( 'NONE',  ( 0.000000000000000000, 1.000000000000000000, -0.000000000000000000 ) ) ;
#1586 = PLANE ( 'NONE',  #252 ) ;
#1587 = ORIENTED_EDGE ( 'NONE', *, *, #2430, .T. ) ;
#1588 = CIRCLE ( 'NONE', #1669, 1.000000000000000888 ) ;
#1589 = CYLINDRICAL_SURFACE ( 'NONE', #1286, 1.399999999999998579 ) ;
#1590 = CARTESIAN_POINT ( 'NONE',  ( -72.22651867562257166, -6.349999999999999645, -41.69999999999933493 ) ) ;
#1591 = FACE_OUTER_BOUND ( 'NONE', #1831, .T. ) ;
#1592 = FACE_OUTER_BOUND ( 'NONE', #110, .T. ) ;
#1593 = AXIS2_PLACEMENT_3D ( 'NONE', #4138, #1713, #4095 ) ;
#1594 = ORIENTED_EDGE ( 'NONE', *, *, #3132, .T. ) ;
#1595 = DIRECTION ( 'NONE',  ( 0.000000000000000000, 0.000000000000000000, 1.000000000000000000 ) ) ;
#1596 = ORIENTED_EDGE ( 'NONE', *, *, #3196, .T. ) ;
#1597 = VERTEX_POINT ( 'NONE', #2392 ) ;
#1598 = ORIENTED_EDGE ( 'NONE', *, *, #2084, .T. ) ;
#1599 = DIRECTION ( 'NONE',  ( -0.000000000000000000, -1.000000000000000000, 0.000000000000000000 ) ) ;
#1600 = VECTOR ( 'NONE', #4112, 1000.000000000000000 ) ;
#1601 = EDGE_LOOP ( 'NONE', ( #72, #1438, #1048, #3219 ) ) ;
#1602 = LINE ( 'NONE', #3338, #1200 ) ;
#1603 = ORIENTED_EDGE ( 'NONE', *, *, #914, .T. ) ;
#1604 = DIRECTION ( 'NONE',  ( 0.2588190451025129679, 0.000000000000000000, -0.9659258262890703106 ) ) ;
#1605 = LINE ( 'NONE', #1510, #1719 ) ;
#1606 = ORIENTED_EDGE ( 'NONE', *, *, #950, .T. ) ;
#1607 = CARTESIAN_POINT ( 'NONE',  ( -70.74927733967025745, -6.349999999999999645, -25.25865704890942354 ) ) ;
#1608 = CARTESIAN_POINT ( 'NONE',  ( -41.12132034355829546, 0.000000000000000000, -74.17685533821035904 ) ) ;
#1609 = ORIENTED_EDGE ( 'NONE', *, *, #1139, .T. ) ;
#1610 = EDGE_CURVE ( 'NONE', #154, #3587, #2671, .T. ) ;
#1611 = CYLINDRICAL_SURFACE ( 'NONE', #2391, 2.600000000000004974 ) ;
#1612 = CARTESIAN_POINT ( 'NONE',  ( 17.67766952966365324, -6.349999999999999645, 17.67766952966372074 ) ) ;
#1613 = EDGE_CURVE ( 'NONE', #1526, #1454, #3366, .T. ) ;
#1614 = DIRECTION ( 'NONE',  ( 0.000000000000000000, 0.000000000000000000, 1.000000000000000000 ) ) ;
#1615 = EDGE_CURVE ( 'NONE', #63, #3939, #3853, .T. ) ;
#1616 = CARTESIAN_POINT ( 'NONE',  ( 1.144917494144692682E-12, -6.349999999999999645, 86.11106998930326029 ) ) ;
#1617 = ORIENTED_EDGE ( 'NONE', *, *, #2941, .F. ) ;
#1618 = DIRECTION ( 'NONE',  ( 0.000000000000000000, -1.000000000000000000, 0.000000000000000000 ) ) ;
#1619 = AXIS2_PLACEMENT_3D ( 'NONE', #1685, #246, #4457 ) ;
#1620 = VERTEX_POINT ( 'NONE', #4450 ) ;
#1621 = ORIENTED_EDGE ( 'NONE', *, *, #1688, .T. ) ;
#1622 = LINE ( 'NONE', #2665, #125 ) ;
#1623 = EDGE_CURVE ( 'NONE', #4439, #3823, #3782, .T. ) ;
#1624 = EDGE_LOOP ( 'NONE', ( #556, #2063, #1852, #2572 ) ) ;
#1625 = CARTESIAN_POINT ( 'NONE',  ( -78.53869650211368025, -6.349999999999999645, -44.76698729810705402 ) ) ;
#1626 = ORIENTED_EDGE ( 'NONE', *, *, #3523, .T. ) ;
#1627 = AXIS2_PLACEMENT_3D ( 'NONE', #2254, #3665, #496 ) ;
#1628 = CARTESIAN_POINT ( 'NONE',  ( 13.99999999999999112, 0.000000000000000000, -61.80000000000000426 ) ) ;
#1629 = CARTESIAN_POINT ( 'NONE',  ( -80.88677271346699627, -6.349999999999999645, -46.69999999999925677 ) ) ;
#1630 = CIRCLE ( 'NONE', #2293, 1.399999999999998579 ) ;
#1631 = VERTEX_POINT ( 'NONE', #3826 ) ;
#1632 = DIRECTION ( 'NONE',  ( 0.4999999999999920064, 0.000000000000000000, -0.8660254037844431485 ) ) ;
#1633 = EDGE_CURVE ( 'NONE', #1620, #830, #3017, .T. ) ;
#1634 = ORIENTED_EDGE ( 'NONE', *, *, #1331, .F. ) ;
#1635 = EDGE_CURVE ( 'NONE', #377, #2480, #2890, .T. ) ;
#1636 = AXIS2_PLACEMENT_3D ( 'NONE', #1483, #3312, #3635 ) ;
#1637 = CARTESIAN_POINT ( 'NONE',  ( 84.79970126751497617, 0.000000000000000000, 1.476319614425633198 ) ) ;
#1638 = DIRECTION ( 'NONE',  ( 0.8660254037844344888, 0.000000000000000000, -0.5000000000000071054 ) ) ;
#1639 = DIRECTION ( 'NONE',  ( -0.000000000000000000, 1.000000000000000000, -0.000000000000000000 ) ) ;
#1640 = EDGE_CURVE ( 'NONE', #4223, #1188, #2002, .T. ) ;
#1641 = DIRECTION ( 'NONE',  ( -0.000000000000000000, 1.000000000000000000, -0.000000000000000000 ) ) ;
#1642 = ORIENTED_EDGE ( 'NONE', *, *, #329, .F. ) ;
#1643 = DIRECTION ( 'NONE',  ( -0.000000000000000000, -1.000000000000000000, 0.000000000000000000 ) ) ;
#1644 = ADVANCED_FACE ( 'NONE', ( #2413 ), #4173, .F. ) ;
#1645 = AXIS2_PLACEMENT_3D ( 'NONE', #2274, #4359, #1906 ) ;
#1646 = EDGE_CURVE ( 'NONE', #2892, #2960, #1856, .T. ) ;
#1647 = ORIENTED_EDGE ( 'NONE', *, *, #3523, .F. ) ;
#1648 = DIRECTION ( 'NONE',  ( 0.000000000000000000, 1.000000000000000000, 0.000000000000000000 ) ) ;
#1649 = AXIS2_PLACEMENT_3D ( 'NONE', #3819, #4526, #318 ) ;
#1650 = VERTEX_POINT ( 'NONE', #239 ) ;
#1651 = CARTESIAN_POINT ( 'NONE',  ( 73.70856948319087110, 0.000000000000000000, -43.13301270189257508 ) ) ;
#1652 = ORIENTED_EDGE ( 'NONE', *, *, #749, .T. ) ;
#1653 = EDGE_CURVE ( 'NONE', #4340, #982, #2218, .T. ) ;
#1654 = DIRECTION ( 'NONE',  ( 0.000000000000000000, 0.000000000000000000, 1.000000000000000000 ) ) ;
#1655 = DIRECTION ( 'NONE',  ( 0.8660254037844442587, 0.000000000000000000, 0.4999999999999902855 ) ) ;
#1656 = EDGE_LOOP ( 'NONE', ( #1596, #1768 ) ) ;
#1657 = VECTOR ( 'NONE', #3378, 1000.000000000000000 ) ;
#1658 = LINE ( 'NONE', #1262, #763 ) ;
#1659 = ORIENTED_EDGE ( 'NONE', *, *, #757, .F. ) ;
#1660 = VECTOR ( 'NONE', #1934, 1000.000000000000000 ) ;
#1661 = DIRECTION ( 'NONE',  ( -1.000000000000000000, -0.000000000000000000, 0.000000000000000000 ) ) ;
#1662 = FACE_OUTER_BOUND ( 'NONE', #685, .T. ) ;
#1663 = CARTESIAN_POINT ( 'NONE',  ( -17.67766952966371719, 0.000000000000000000, 17.67766952966366389 ) ) ;
#1664 = APPLICATION_CONTEXT ( 'automotive_design' ) ;
#1665 = CARTESIAN_POINT ( 'NONE',  ( -17.47499999999998010, -6.349999999999999645, 86.40000000000000568 ) ) ;
#1666 = CARTESIAN_POINT ( 'NONE',  ( -76.62427271346707869, 0.000000000000000000, -54.08286656726161823 ) ) ;
#1667 = ORIENTED_EDGE ( 'NONE', *, *, #4009, .F. ) ;
#1668 = CARTESIAN_POINT ( 'NONE',  ( -82.86882352103590677, -0.000000000000000000, -47.26698729810701138 ) ) ;
#1669 = AXIS2_PLACEMENT_3D ( 'NONE', #3381, #1618, #2264 ) ;
#1670 = ORIENTED_EDGE ( 'NONE', *, *, #3956, .F. ) ;
#1671 = ORIENTED_EDGE ( 'NONE', *, *, #4377, .T. ) ;
#1672 = DIRECTION ( 'NONE',  ( 0.000000000000000000, 1.000000000000000000, -0.000000000000000000 ) ) ;
#1673 = EDGE_CURVE ( 'NONE', #211, #4131, #2668, .T. ) ;
#1674 = EDGE_CURVE ( 'NONE', #3859, #1303, #737, .T. ) ;
#1675 = EDGE_LOOP ( 'NONE', ( #2452, #578, #414, #4242 ) ) ;
#1676 = CARTESIAN_POINT ( 'NONE',  ( -38.75735931288105718, 0.000000000000000000, -73.05553499465241885 ) ) ;
#1677 = CIRCLE ( 'NONE', #415, 5.000000000000004441 ) ;
#1678 = EDGE_LOOP ( 'NONE', ( #4014, #1683 ) ) ;
#1679 = DIRECTION ( 'NONE',  ( 0.000000000000000000, 1.000000000000000000, 0.000000000000000000 ) ) ;
#1680 = DIRECTION ( 'NONE',  ( 0.000000000000000000, 0.000000000000000000, -1.000000000000000000 ) ) ;
#1681 = ORIENTED_EDGE ( 'NONE', *, *, #1415, .T. ) ;
#1682 = CARTESIAN_POINT ( 'NONE',  ( -70.78324730968272149, -6.349999999999999645, -62.19981933491683179 ) ) ;
#1683 = ORIENTED_EDGE ( 'NONE', *, *, #3866, .T. ) ;
#1684 = CARTESIAN_POINT ( 'NONE',  ( -60.01241706048494962, -6.349999999999999645, -54.85544456622712062 ) ) ;
#1685 = CARTESIAN_POINT ( 'NONE',  ( -43.24264068711791964, -6.349999999999999645, -72.05553499465071354 ) ) ;
#1686 = CARTESIAN_POINT ( 'NONE',  ( 17.50000000000000355, 0.000000000000000000, 80.79999999999999716 ) ) ;
#1687 = CARTESIAN_POINT ( 'NONE',  ( 38.75735931288035374, -6.349999999999999645, -76.05553499465281675 ) ) ;
#1688 = EDGE_CURVE ( 'NONE', #3571, #1398, #278, .T. ) ;
#1689 = AXIS2_PLACEMENT_3D ( 'NONE', #1571, #1648, #3406 ) ;
#1690 = DIRECTION ( 'NONE',  ( 0.000000000000000000, 1.000000000000000000, -0.000000000000000000 ) ) ;
#1691 = ORIENTED_EDGE ( 'NONE', *, *, #4412, .F. ) ;
#1692 = LINE ( 'NONE', #3445, #1058 ) ;
#1693 = ORIENTED_EDGE ( 'NONE', *, *, #3727, .T. ) ;
#1694 = CARTESIAN_POINT ( 'NONE',  ( 13.50000000000000178, -6.349999999999999645, 72.90000000000000568 ) ) ;
#1695 = VECTOR ( 'NONE', #2023, 1000.000000000000000 ) ;
#1696 = ORIENTED_EDGE ( 'NONE', *, *, #392, .T. ) ;
#1697 = EDGE_CURVE ( 'NONE', #2770, #2270, #566, .T. ) ;
#1698 = CARTESIAN_POINT ( 'NONE',  ( -78.97651867562247219, -6.349999999999999645, -30.00865704890934182 ) ) ;
#1699 = EDGE_LOOP ( 'NONE', ( #4153, #765, #4196, #604 ) ) ;
#1700 = VECTOR ( 'NONE', #107, 1000.000000000000000 ) ;
#1701 = CIRCLE ( 'NONE', #3611, 1.000000000000000888 ) ;
#1702 = DIRECTION ( 'NONE',  ( 0.5000000000000039968, 0.000000000000000000, 0.8660254037844363761 ) ) ;
#1703 = AXIS2_PLACEMENT_3D ( 'NONE', #1824, #1428, #57 ) ;
#1704 = CYLINDRICAL_SURFACE ( 'NONE', #724, 1.399999999999998579 ) ;
#1705 = ORIENTED_EDGE ( 'NONE', *, *, #3192, .T. ) ;
#1706 = VECTOR ( 'NONE', #1045, 1000.000000000000000 ) ;
#1707 = CARTESIAN_POINT ( 'NONE',  ( 83.56209488697538745, 0.000000000000000000, -28.06620606886734492 ) ) ;
#1708 = AXIS2_PLACEMENT_3D ( 'NONE', #1607, #1979, #4429 ) ;
#1709 = CARTESIAN_POINT ( 'NONE',  ( 43.88926953599185765, -6.349999999999999645, 70.09262524588238819 ) ) ;
#1710 = PLANE ( 'NONE',  #1990 ) ;
#1711 = CARTESIAN_POINT ( 'NONE',  ( 0.5000000000000000000, 0.000000000000000000, 90.40000000000000568 ) ) ;
#1712 = CARTESIAN_POINT ( 'NONE',  ( -78.53869650211368025, -6.349999999999999645, -44.76698729810705402 ) ) ;
#1713 = DIRECTION ( 'NONE',  ( -0.000000000000000000, -1.000000000000000000, 0.000000000000000000 ) ) ;
#1714 = ORIENTED_EDGE ( 'NONE', *, *, #958, .F. ) ;
#1715 = DIRECTION ( 'NONE',  ( 0.000000000000000000, 0.000000000000000000, 1.000000000000000000 ) ) ;
#1716 = ORIENTED_EDGE ( 'NONE', *, *, #4549, .F. ) ;
#1717 = ORIENTED_EDGE ( 'NONE', *, *, #1955, .F. ) ;
#1718 = DIRECTION ( 'NONE',  ( 0.000000000000000000, 0.000000000000000000, 1.000000000000000000 ) ) ;
#1719 = VECTOR ( 'NONE', #1957, 1000.000000000000000 ) ;
#1720 = EDGE_LOOP ( 'NONE', ( #1446, #1450, #2500, #1238 ) ) ;
#1721 = FACE_OUTER_BOUND ( 'NONE', #1823, .T. ) ;
#1722 = ORIENTED_EDGE ( 'NONE', *, *, #2318, .F. ) ;
#1723 = VECTOR ( 'NONE', #4142, 999.9999999999998863 ) ;
#1724 = ADVANCED_FACE ( 'NONE', ( #3759 ), #217, .F. ) ;
#1725 = CARTESIAN_POINT ( 'NONE',  ( -71.24927733967024324, 0.000000000000000000, -24.39263164512498605 ) ) ;
#1726 = DIRECTION ( 'NONE',  ( 0.000000000000000000, 1.000000000000000000, -0.000000000000000000 ) ) ;
#1727 = ORIENTED_EDGE ( 'NONE', *, *, #3917, .T. ) ;
#1728 = ORIENTED_EDGE ( 'NONE', *, *, #4240, .F. ) ;
#1729 = CARTESIAN_POINT ( 'NONE',  ( -75.75824730968264475, 0.000000000000000000, -53.58286656726161823 ) ) ;
#1730 = DIRECTION ( 'NONE',  ( 0.000000000000000000, 1.000000000000000000, 0.000000000000000000 ) ) ;
#1731 = EDGE_CURVE ( 'NONE', #2125, #2040, #1793, .T. ) ;
#1732 = ADVANCED_FACE ( 'NONE', ( #353 ), #28, .F. ) ;
#1733 = CYLINDRICAL_SURFACE ( 'NONE', #3931, 1.399999999999998579 ) ;
#1734 = EDGE_LOOP ( 'NONE', ( #2709, #1839, #2704, #986 ) ) ;
#1735 = CARTESIAN_POINT ( 'NONE',  ( 43.24264068711675435, -6.349999999999999645, -72.05553499465064249 ) ) ;
#1736 = EDGE_CURVE ( 'NONE', #4237, #409, #2447, .T. ) ;
#1737 = CARTESIAN_POINT ( 'NONE',  ( -17.67766952966371719, 0.000000000000000000, 20.62766952966366318 ) ) ;
#1738 = ORIENTED_EDGE ( 'NONE', *, *, #2265, .F. ) ;
#1739 = LINE ( 'NONE', #4551, #3125 ) ;
#1740 = ORIENTED_EDGE ( 'NONE', *, *, #3253, .F. ) ;
#1741 = FACE_OUTER_BOUND ( 'NONE', #3660, .T. ) ;
#1742 = AXIS2_PLACEMENT_3D ( 'NONE', #4438, #3236, #3674 ) ;
#1743 = CARTESIAN_POINT ( 'NONE',  ( 84.28324730968196832, 0.000000000000000000, -38.81713343273808192 ) ) ;
#1744 = CARTESIAN_POINT ( 'NONE',  ( 1.144917494144692682E-12, 0.000000000000000000, 118.1110699893032603 ) ) ;
#1745 = VERTEX_POINT ( 'NONE', #1767 ) ;
#1746 = CARTESIAN_POINT ( 'NONE',  ( -86.94895053995811907, -6.349999999999999645, -50.19999999999920703 ) ) ;
#1747 = EDGE_CURVE ( 'NONE', #3823, #3859, #3569, .T. ) ;
#1748 = DIRECTION ( 'NONE',  ( 5.782411586589351722E-16, 0.000000000000000000, 1.000000000000000000 ) ) ;
#1749 = ORIENTED_EDGE ( 'NONE', *, *, #3899, .F. ) ;
#1750 = ORIENTED_EDGE ( 'NONE', *, *, #2535, .T. ) ;
#1751 = DIRECTION ( 'NONE',  ( 0.000000000000000000, -1.000000000000000000, 0.000000000000000000 ) ) ;
#1752 = DIRECTION ( 'NONE',  ( 0.000000000000000000, 0.000000000000000000, 1.000000000000000000 ) ) ;
#1753 = LINE ( 'NONE', #381, #3122 ) ;
#1754 = ORIENTED_EDGE ( 'NONE', *, *, #1919, .F. ) ;
#1755 = DIRECTION ( 'NONE',  ( 0.000000000000000000, 1.000000000000000000, -0.000000000000000000 ) ) ;
#1756 = CARTESIAN_POINT ( 'NONE',  ( 0.000000000000000000, -6.349999999999999645, 72.90000000000000568 ) ) ;
#1757 = ADVANCED_FACE ( 'NONE', ( #2524 ), #398, .T. ) ;
#1758 = CARTESIAN_POINT ( 'NONE',  ( 86.94895053995743694, 0.000000000000000000, -51.60000000000041354 ) ) ;
#1759 = CARTESIAN_POINT ( 'NONE',  ( -58.04927733967046066, -6.349999999999999645, -47.25570230503427638 ) ) ;
#1760 = AXIS2_PLACEMENT_3D ( 'NONE', #3264, #91, #1501 ) ;
#1761 = EDGE_CURVE ( 'NONE', #3910, #4147, #713, .T. ) ;
#1762 = EDGE_LOOP ( 'NONE', ( #586, #280, #48, #2342 ) ) ;
#1763 = CARTESIAN_POINT ( 'NONE',  ( 84.46824792491831602, -6.349999999999999645, 1.565132269903006579 ) ) ;
#1764 = DIRECTION ( 'NONE',  ( -0.000000000000000000, -1.000000000000000000, -0.000000000000000000 ) ) ;
#1765 = EDGE_LOOP ( 'NONE', ( #3664, #1047, #1827, #141 ) ) ;
#1766 = EDGE_CURVE ( 'NONE', #3742, #1551, #2851, .T. ) ;
#1767 = CARTESIAN_POINT ( 'NONE',  ( -82.36882352103589255, 0.000000000000000000, -48.13301270189146663 ) ) ;
#1768 = ORIENTED_EDGE ( 'NONE', *, *, #1190, .T. ) ;
#1769 = VECTOR ( 'NONE', #1481, 1000.000000000000000 ) ;
#1770 = ORIENTED_EDGE ( 'NONE', *, *, #2059, .T. ) ;
#1771 = AXIS2_PLACEMENT_3D ( 'NONE', #750, #3560, #3209 ) ;
#1772 = DIRECTION ( 'NONE',  ( 0.000000000000000000, 0.000000000000000000, 1.000000000000000000 ) ) ;
#1773 = EDGE_CURVE ( 'NONE', #1378, #3597, #653, .T. ) ;
#1774 = VECTOR ( 'NONE', #4459, 1000.000000000000114 ) ;
#1775 =( NAMED_UNIT ( * ) PLANE_ANGLE_UNIT ( ) SI_UNIT ( $, .RADIAN. ) );
#1776 = CARTESIAN_POINT ( 'NONE',  ( 64.11049327183751245, 0.000000000000000000, -53.75736835487468568 ) ) ;
#1777 = ORIENTED_EDGE ( 'NONE', *, *, #1003, .F. ) ;
#1778 = CARTESIAN_POINT ( 'NONE',  ( 13.50000000000000178, -6.349999999999999645, 73.90000000000000568 ) ) ;
#1779 = ADVANCED_FACE ( 'NONE', ( #4560 ), #1397, .F. ) ;
#1780 = CYLINDRICAL_SURFACE ( 'NONE', #1070, 5.000000000000004441 ) ;
#1781 = EDGE_LOOP ( 'NONE', ( #1094, #1969 ) ) ;
#1782 = ADVANCED_FACE ( 'NONE', ( #2830 ), #3851, .F. ) ;
#1783 = FACE_OUTER_BOUND ( 'NONE', #3718, .T. ) ;
#1784 = CARTESIAN_POINT ( 'NONE',  ( -82.36882352103590677, -6.349999999999999645, -48.13301270189145953 ) ) ;
#1785 = ORIENTED_EDGE ( 'NONE', *, *, #1300, .T. ) ;
#1786 = VERTEX_POINT ( 'NONE', #1725 ) ;
#1787 = CARTESIAN_POINT ( 'NONE',  ( 84.46824792491831602, 0.000000000000000000, 1.565132269903009909 ) ) ;
#1788 = AXIS2_PLACEMENT_3D ( 'NONE', #4151, #2323, #4082 ) ;
#1789 = ADVANCED_FACE ( 'NONE', ( #2104 ), #1375, .F. ) ;
#1790 = PLANE ( 'NONE',  #745 ) ;
#1791 = EDGE_LOOP ( 'NONE', ( #373, #35 ) ) ;
#1792 = CIRCLE ( 'NONE', #308, 1.000000000000003775 ) ;
#1793 = LINE ( 'NONE', #375, #2740 ) ;
#1794 = VERTEX_POINT ( 'NONE', #676 ) ;
#1795 = ADVANCED_FACE ( 'NONE', ( #3133 ), #2873, .T. ) ;
#1796 = ORIENTED_EDGE ( 'NONE', *, *, #1189, .F. ) ;
#1797 = DIRECTION ( 'NONE',  ( -0.8660254037844454800, 0.000000000000000000, -0.4999999999999881206 ) ) ;
#1798 = SURFACE_SIDE_STYLE ('',( #1465 ) ) ;
#1799 = CARTESIAN_POINT ( 'NONE',  ( 83.56209488697538745, -6.349999999999999645, -28.06620606886734492 ) ) ;
#1800 = ORIENTED_EDGE ( 'NONE', *, *, #3270, .F. ) ;
#1801 = CARTESIAN_POINT ( 'NONE',  ( -60.01241706048494962, -6.349999999999999645, -53.45544456622712204 ) ) ;
#1802 = DIRECTION ( 'NONE',  ( -0.8660254037844425934, 0.000000000000000000, -0.4999999999999933942 ) ) ;
#1803 = EDGE_LOOP ( 'NONE', ( #2850, #755, #331, #2019 ) ) ;
#1804 = ADVANCED_FACE ( 'NONE', ( #3174 ), #2807, .F. ) ;
#1805 = CARTESIAN_POINT ( 'NONE',  ( -70.56209488697598431, -6.349999999999999645, -49.58286656726166797 ) ) ;
#1806 = CARTESIAN_POINT ( 'NONE',  ( -65.91049327183822015, -6.349999999999999645, -50.63967690124977139 ) ) ;
#1807 = ORIENTED_EDGE ( 'NONE', *, *, #2057, .F. ) ;
#1808 = AXIS2_PLACEMENT_3D ( 'NONE', #3991, #1175, #123 ) ;
#1809 = FACE_OUTER_BOUND ( 'NONE', #1412, .T. ) ;
#1810 = CARTESIAN_POINT ( 'NONE',  ( 84.46824792491830181, -6.349999999999999645, 1.565132269903005691 ) ) ;
#1811 = ORIENTED_EDGE ( 'NONE', *, *, #950, .F. ) ;
#1812 = ADVANCED_FACE ( 'NONE', ( #2481 ), #736, .F. ) ;
#1813 = EDGE_CURVE ( 'NONE', #3044, #2808, #3153, .T. ) ;
#1814 = DIRECTION ( 'NONE',  ( 0.000000000000000000, 1.000000000000000000, -0.000000000000000000 ) ) ;
#1815 = ADVANCED_FACE ( 'NONE', ( #2268, #1166, #784, #4027, #3658, #1145, #4354, #2175, #3961, #4331, #512, #2965, #1572, #488, #1228, #3290, #1549, #2571, #1925, #465, #2991, #1857, #3265, #69, #3594, #138 ), #115, .T. ) ;
#1816 = CIRCLE ( 'NONE', #38, 5.000000000000004441 ) ;
#1817 = EDGE_LOOP ( 'NONE', ( #813, #277, #3500, #2611 ) ) ;
#1818 = CIRCLE ( 'NONE', #410, 3.000000000000002665 ) ;
#1819 = ORIENTED_EDGE ( 'NONE', *, *, #2712, .F. ) ;
#1820 = LINE ( 'NONE', #1464, #2764 ) ;
#1821 = EDGE_CURVE ( 'NONE', #2691, #971, #2593, .T. ) ;
#1822 = CARTESIAN_POINT ( 'NONE',  ( -65.58709488697606105, 2.168404344971008868E-16, -59.19981933491688864 ) ) ;
#1823 = EDGE_LOOP ( 'NONE', ( #2920, #2474, #436, #2340 ) ) ;
#1824 = CARTESIAN_POINT ( 'NONE',  ( 13.50000000000000355, 0.000000000000000000, 82.40000000000001990 ) ) ;
#1825 = CARTESIAN_POINT ( 'NONE',  ( -57.68325193588601252, 0.000000000000000000, -45.88967690124984244 ) ) ;
#1826 = MECHANICAL_DESIGN_GEOMETRIC_PRESENTATION_REPRESENTATION (  '', ( #1227 ), #2997 ) ;
#1827 = ORIENTED_EDGE ( 'NONE', *, *, #3220, .T. ) ;
#1828 = DIRECTION ( 'NONE',  ( 0.000000000000000000, -1.000000000000000000, 0.000000000000000000 ) ) ;
#1829 = ADVANCED_FACE ( 'NONE', ( #1210 ), #3679, .T. ) ;
#1830 = DIRECTION ( 'NONE',  ( 0.000000000000000000, 0.000000000000000000, 1.000000000000000000 ) ) ;
#1831 = EDGE_LOOP ( 'NONE', ( #2092, #1260, #729, #2495 ) ) ;
#1832 = VERTEX_POINT ( 'NONE', #420 ) ;
#1833 = CARTESIAN_POINT ( 'NONE',  ( -72.14927271346715543, 0.000000000000000000, -61.83379393113237654 ) ) ;
#1834 = EDGE_LOOP ( 'NONE', ( #1991, #358, #4386, #1309 ) ) ;
#1835 = CIRCLE ( 'NONE', #2046, 4.999999999999998224 ) ;
#1836 = FACE_OUTER_BOUND ( 'NONE', #3781, .T. ) ;
#1837 = DIRECTION ( 'NONE',  ( -0.5000000000000000000, 0.000000000000000000, 0.8660254037844385966 ) ) ;
#1838 = EDGE_CURVE ( 'NONE', #1142, #748, #2195, .T. ) ;
#1839 = ORIENTED_EDGE ( 'NONE', *, *, #819, .F. ) ;
#1840 = ORIENTED_EDGE ( 'NONE', *, *, #3806, .T. ) ;
#1841 = CARTESIAN_POINT ( 'NONE',  ( -8.524999999999979039, 0.000000000000000000, 93.40000000000000568 ) ) ;
#1842 = CARTESIAN_POINT ( 'NONE',  ( 57.24927733966981691, -6.349999999999999645, -48.64134295109020201 ) ) ;
#1843 = ORIENTED_EDGE ( 'NONE', *, *, #4050, .T. ) ;
#1844 = AXIS2_PLACEMENT_3D ( 'NONE', #4090, #178, #127 ) ;
#1845 = CYLINDRICAL_SURFACE ( 'NONE', #68, 1.399999999999998579 ) ;
#1846 = DIRECTION ( 'NONE',  ( 0.000000000000000000, 0.000000000000000000, -1.000000000000000000 ) ) ;
#1847 = ORIENTED_EDGE ( 'NONE', *, *, #1688, .F. ) ;
#1848 = AXIS2_PLACEMENT_3D ( 'NONE', #2911, #1010, #299 ) ;
#1849 = DIRECTION ( 'NONE',  ( 0.8660254037844357100, 0.000000000000000000, -0.5000000000000048850 ) ) ;
#1850 = CARTESIAN_POINT ( 'NONE',  ( -70.56209488697598431, 0.000000000000000000, -49.58286656726166797 ) ) ;
#1851 = CARTESIAN_POINT ( 'NONE',  ( -17.47499999999997655, -6.349999999999999645, 92.40000000000000568 ) ) ;
#1852 = ORIENTED_EDGE ( 'NONE', *, *, #3374, .T. ) ;
#1853 = VECTOR ( 'NONE', #3303, 1000.000000000000000 ) ;
#1854 = ORIENTED_EDGE ( 'NONE', *, *, #1160, .F. ) ;
#1855 = DIRECTION ( 'NONE',  ( -1.000000000000000000, 0.000000000000000000, 2.040851148208006519E-16 ) ) ;
#1856 = CIRCLE ( 'NONE', #980, 1.000000000000000222 ) ;
#1857 = FACE_BOUND ( 'NONE', #4573, .T. ) ;
#1858 = CIRCLE ( 'NONE', #4445, 2.599999999999998312 ) ;
#1859 = ORIENTED_EDGE ( 'NONE', *, *, #3593, .T. ) ;
#1860 = ORIENTED_EDGE ( 'NONE', *, *, #2105, .T. ) ;
#1861 = FACE_BOUND ( 'NONE', #2192, .T. ) ;
#1862 = VECTOR ( 'NONE', #2110, 1000.000000000000000 ) ;
#1863 = DIRECTION ( 'NONE',  ( 0.000000000000000000, 0.000000000000000000, -1.000000000000000000 ) ) ;
#1864 = CARTESIAN_POINT ( 'NONE',  ( 69.94927733966991923, 0.000000000000000000, -26.64429769496551970 ) ) ;
#1865 = ORIENTED_EDGE ( 'NONE', *, *, #440, .F. ) ;
#1866 = DIRECTION ( 'NONE',  ( -0.8660254037844434816, 0.000000000000000000, -0.4999999999999918399 ) ) ;
#1867 = CARTESIAN_POINT ( 'NONE',  ( 88.75824730968200527, -6.349999999999999645, -31.06620606886738045 ) ) ;
#1868 = VERTEX_POINT ( 'NONE', #2550 ) ;
#1869 = AXIS2_PLACEMENT_3D ( 'NONE', #19, #2513, #2139 ) ;
#1870 = EDGE_CURVE ( 'NONE', #2892, #3623, #3336, .T. ) ;
#1871 = DIRECTION ( 'NONE',  ( -0.000000000000000000, 1.000000000000000000, -0.000000000000000000 ) ) ;
#1872 = LINE ( 'NONE', #3949, #1277 ) ;
#1873 = ADVANCED_FACE ( 'NONE', ( #810 ), #1503, .F. ) ;
#1874 = DIRECTION ( 'NONE',  ( 0.000000000000000000, 0.000000000000000000, 1.000000000000000000 ) ) ;
#1875 = CARTESIAN_POINT ( 'NONE',  ( 56.74927733966980981, -6.349999999999999645, -49.50736835487464305 ) ) ;
#1876 = ORIENTED_EDGE ( 'NONE', *, *, #720, .T. ) ;
#1877 = VECTOR ( 'NONE', #1198, 999.9999999999998863 ) ;
#1878 = AXIS2_PLACEMENT_3D ( 'NONE', #2932, #3995, #1893 ) ;
#1879 = CARTESIAN_POINT ( 'NONE',  ( 1.169434919271831421E-12, -6.349999999999999645, 150.1110699893032461 ) ) ;
#1880 = DIRECTION ( 'NONE',  ( -0.000000000000000000, 1.000000000000000000, -0.000000000000000000 ) ) ;
#1881 = ORIENTED_EDGE ( 'NONE', *, *, #1673, .T. ) ;
#1882 = ORIENTED_EDGE ( 'NONE', *, *, #2886, .T. ) ;
#1883 = DIRECTION ( 'NONE',  ( 0.000000000000000000, 0.000000000000000000, 1.000000000000000000 ) ) ;
#1884 = ADVANCED_FACE ( 'NONE', ( #4003 ), #836, .F. ) ;
#1885 = FACE_OUTER_BOUND ( 'NONE', #4437, .T. ) ;
#1886 = VECTOR ( 'NONE', #1295, 1000.000000000000000 ) ;
#1887 = LINE ( 'NONE', #2201, #3340 ) ;
#1888 = EDGE_LOOP ( 'NONE', ( #2424, #4420, #2967, #1271 ) ) ;
#1889 = FACE_OUTER_BOUND ( 'NONE', #838, .T. ) ;
#1890 = DIRECTION ( 'NONE',  ( -0.000000000000000000, 1.000000000000000000, -0.000000000000000000 ) ) ;
#1891 = EDGE_LOOP ( 'NONE', ( #4101, #3413, #1796, #2673, #1716, #1493, #4264, #3729, #3297 ) ) ;
#1892 = DIRECTION ( 'NONE',  ( 0.8660254037844388186, 0.000000000000000000, 0.4999999999999998335 ) ) ;
#1893 = DIRECTION ( 'NONE',  ( 0.000000000000000000, 0.000000000000000000, 1.000000000000000000 ) ) ;
#1894 = DIRECTION ( 'NONE',  ( -1.000000000000000000, 0.000000000000000000, 0.000000000000000000 ) ) ;
#1895 = ADVANCED_FACE ( 'NONE', ( #2220 ), #2896, .F. ) ;
#1896 = ORIENTED_EDGE ( 'NONE', *, *, #2712, .T. ) ;
#1897 = EDGE_CURVE ( 'NONE', #1631, #2590, #2594, .T. ) ;
#1898 = EDGE_LOOP ( 'NONE', ( #3955, #594 ) ) ;
#1899 = DIRECTION ( 'NONE',  ( -0.5000000000000000000, 0.000000000000000000, 0.8660254037844385966 ) ) ;
#1900 = DIRECTION ( 'NONE',  ( 0.000000000000000000, 1.000000000000000000, -0.000000000000000000 ) ) ;
#1901 = ORIENTED_EDGE ( 'NONE', *, *, #565, .F. ) ;
#1902 = EDGE_CURVE ( 'NONE', #1526, #2525, #3565, .T. ) ;
#1903 = CIRCLE ( 'NONE', #3755, 5.000000000000004441 ) ;
#1904 = ORIENTED_EDGE ( 'NONE', *, *, #2313, .T. ) ;
#1905 = DIRECTION ( 'NONE',  ( 0.000000000000000000, 0.000000000000000000, 1.000000000000000000 ) ) ;
#1906 = DIRECTION ( 'NONE',  ( 0.000000000000000000, 0.000000000000000000, 1.000000000000000000 ) ) ;
#1907 = VERTEX_POINT ( 'NONE', #1947 ) ;
#1908 = FACE_OUTER_BOUND ( 'NONE', #2831, .T. ) ;
#1909 = CARTESIAN_POINT ( 'NONE',  ( 9.237499999999856826, -6.349999999999999645, -15.99981933491762298 ) ) ;
#1910 = ORIENTED_EDGE ( 'NONE', *, *, #3895, .T. ) ;
#1911 = DIRECTION ( 'NONE',  ( -0.000000000000000000, -1.000000000000000000, 0.000000000000000000 ) ) ;
#1912 = PLANE ( 'NONE',  #3768 ) ;
#1913 = CARTESIAN_POINT ( 'NONE',  ( 73.95856948319087110, 0.000000000000000000, -42.70000000000035811 ) ) ;
#1914 = CARTESIAN_POINT ( 'NONE',  ( 68.58325193588547108, -6.349999999999999645, -27.01032309874994297 ) ) ;
#1915 = ORIENTED_EDGE ( 'NONE', *, *, #3671, .T. ) ;
#1916 = CARTESIAN_POINT ( 'NONE',  ( -78.11049327183802404, 0.000000000000000000, -29.50865704890935604 ) ) ;
#1917 = AXIS2_PLACEMENT_3D ( 'NONE', #4488, #3065, #3783 ) ;
#1918 = ORIENTED_EDGE ( 'NONE', *, *, #956, .T. ) ;
#1919 = EDGE_CURVE ( 'NONE', #3356, #1832, #2775, .T. ) ;
#1920 = AXIS2_PLACEMENT_3D ( 'NONE', #2184, #1104, #2815 ) ;
#1921 = EDGE_LOOP ( 'NONE', ( #2729, #1122, #3761, #920, #2121, #682, #2444, #1229, #275 ) ) ;
#1922 = CARTESIAN_POINT ( 'NONE',  ( -77.51241706048465119, 0.000000000000000000, -23.14455543377160041 ) ) ;
#1923 = CIRCLE ( 'NONE', #4291, 2.599999999999998312 ) ;
#1924 = EDGE_CURVE ( 'NONE', #3331, #320, #2049, .T. ) ;
#1925 = FACE_BOUND ( 'NONE', #1067, .T. ) ;
#1926 = ORIENTED_EDGE ( 'NONE', *, *, #483, .F. ) ;
#1927 = CARTESIAN_POINT ( 'NONE',  ( -73.70856948319145374, -6.349999999999999645, -43.13301270189153769 ) ) ;
#1928 = ORIENTED_EDGE ( 'NONE', *, *, #2157, .F. ) ;
#1929 = AXIS2_PLACEMENT_3D ( 'NONE', #1528, #4030, #2273 ) ;
#1930 = CARTESIAN_POINT ( 'NONE',  ( 84.06209488697538745, -6.349999999999999645, -27.20018066508291099 ) ) ;
#1931 = CARTESIAN_POINT ( 'NONE',  ( -8.524999999999979039, -6.349999999999999645, 85.40000000000000568 ) ) ;
#1932 = ORIENTED_EDGE ( 'NONE', *, *, #1253, .F. ) ;
#1933 = CARTESIAN_POINT ( 'NONE',  ( 78.58709488697535051, 0.000000000000000000, -36.68315883652249454 ) ) ;
#1934 = DIRECTION ( 'NONE',  ( 0.000000000000000000, 1.000000000000000000, -0.000000000000000000 ) ) ;
#1935 = ORIENTED_EDGE ( 'NONE', *, *, #1954, .F. ) ;
#1936 = DIRECTION ( 'NONE',  ( 0.4999999999999919509, -0.000000000000000000, -0.8660254037844432595 ) ) ;
#1937 = VECTOR ( 'NONE', #2825, 1000.000000000000000 ) ;
#1938 = FACE_OUTER_BOUND ( 'NONE', #2228, .T. ) ;
#1939 = CARTESIAN_POINT ( 'NONE',  ( 13.50000000000000178, 0.000000000000000000, 73.90000000000000568 ) ) ;
#1940 = CARTESIAN_POINT ( 'NONE',  ( 17.67766952966372074, -6.349999999999999645, -20.62766952966365963 ) ) ;
#1941 = EDGE_LOOP ( 'NONE', ( #3130, #2355, #1647, #622 ) ) ;
#1942 = DIRECTION ( 'NONE',  ( 0.000000000000000000, 1.000000000000000000, -0.000000000000000000 ) ) ;
#1943 = AXIS2_PLACEMENT_3D ( 'NONE', #3972, #2536, #4234 ) ;
#1944 = EDGE_LOOP ( 'NONE', ( #4001, #3963, #3947, #2001 ) ) ;
#1945 = CARTESIAN_POINT ( 'NONE',  ( 130.0000000000010232, 0.000000000000000000, -75.05553499465057143 ) ) ;
#1946 = CIRCLE ( 'NONE', #2534, 1.399999999999998579 ) ;
#1947 = CARTESIAN_POINT ( 'NONE',  ( -43.24264068711791964, 0.000000000000000000, -75.05553499465069933 ) ) ;
#1948 = ORIENTED_EDGE ( 'NONE', *, *, #402, .T. ) ;
#1949 = LINE ( 'NONE', #959, #3123 ) ;
#1950 = ORIENTED_EDGE ( 'NONE', *, *, #3502, .F. ) ;
#1951 = ADVANCED_FACE ( 'NONE', ( #3796 ), #2404, .T. ) ;
#1952 = AXIS2_PLACEMENT_3D ( 'NONE', #615, #2416, #220 ) ;
#1953 = EDGE_CURVE ( 'NONE', #1098, #1570, #624, .T. ) ;
#1954 = EDGE_CURVE ( 'NONE', #696, #1556, #643, .T. ) ;
#1955 = EDGE_CURVE ( 'NONE', #2319, #3016, #241, .T. ) ;
#1956 = DIRECTION ( 'NONE',  ( 1.000000000000000000, 0.000000000000000000, -0.000000000000000000 ) ) ;
#1957 = DIRECTION ( 'NONE',  ( -0.000000000000000000, 1.000000000000000000, -0.000000000000000000 ) ) ;
#1958 = ORIENTED_EDGE ( 'NONE', *, *, #3583, .F. ) ;
#1959 = CARTESIAN_POINT ( 'NONE',  ( -17.67766952966365679, -6.349999999999999645, -20.62766952966372003 ) ) ;
#1960 = DIRECTION ( 'NONE',  ( -0.000000000000000000, -1.000000000000000000, 0.000000000000000000 ) ) ;
#1961 = ORIENTED_EDGE ( 'NONE', *, *, #2591, .T. ) ;
#1962 = VECTOR ( 'NONE', #4162, 1000.000000000000000 ) ;
#1963 = CARTESIAN_POINT ( 'NONE',  ( 0.000000000000000000, -6.349999999999999645, 101.8000000000000114 ) ) ;
#1964 = DIRECTION ( 'NONE',  ( 0.000000000000000000, 0.000000000000000000, 1.000000000000000000 ) ) ;
#1965 = DIRECTION ( 'NONE',  ( 0.000000000000000000, 1.000000000000000000, 0.000000000000000000 ) ) ;
#1966 = DIRECTION ( 'NONE',  ( 0.000000000000000000, 0.000000000000000000, 1.000000000000000000 ) ) ;
#1967 = ORIENTED_EDGE ( 'NONE', *, *, #1418, .T. ) ;
#1968 = DIRECTION ( 'NONE',  ( 0.000000000000000000, 1.000000000000000000, 0.000000000000000000 ) ) ;
#1969 = ORIENTED_EDGE ( 'NONE', *, *, #3511, .T. ) ;
#1970 = LINE ( 'NONE', #881, #1317 ) ;
#1971 = ORIENTED_EDGE ( 'NONE', *, *, #1953, .T. ) ;
#1972 = EDGE_CURVE ( 'NONE', #4545, #2567, #462, .T. ) ;
#1973 = CARTESIAN_POINT ( 'NONE',  ( 3.762500000000019718, -6.349999999999999645, 6.516841163477865351 ) ) ;
#1974 = ORIENTED_EDGE ( 'NONE', *, *, #371, .F. ) ;
#1975 = DIRECTION ( 'NONE',  ( 0.000000000000000000, 0.000000000000000000, -1.000000000000000000 ) ) ;
#1976 = CIRCLE ( 'NONE', #1689, 2.599999999999998312 ) ;
#1977 = CARTESIAN_POINT ( 'NONE',  ( 17.67766952966372074, 0.000000000000000000, -17.67766952966365679 ) ) ;
#1978 = VERTEX_POINT ( 'NONE', #293 ) ;
#1979 = DIRECTION ( 'NONE',  ( -0.000000000000000000, 1.000000000000000000, -0.000000000000000000 ) ) ;
#1980 = EDGE_CURVE ( 'NONE', #3772, #1285, #1692, .T. ) ;
#1981 = CARTESIAN_POINT ( 'NONE',  ( -76.62427271346707869, -0.000000000000000000, -54.08286656726161823 ) ) ;
#1982 = EDGE_LOOP ( 'NONE', ( #1860, #861 ) ) ;
#1983 = CARTESIAN_POINT ( 'NONE',  ( 60.01241706048417512, -6.349999999999999645, -54.85544456622797327 ) ) ;
#1984 = CARTESIAN_POINT ( 'NONE',  ( -8.524999999999979039, -6.349999999999999645, 92.40000000000000568 ) ) ;
#1985 = LINE ( 'NONE', #2333, #2616 ) ;
#1986 = CARTESIAN_POINT ( 'NONE',  ( -63.26794919243186399, 0.000000000000000000, 36.52776749732689865 ) ) ;
#1987 = ORIENTED_EDGE ( 'NONE', *, *, #1148, .F. ) ;
#1988 = CARTESIAN_POINT ( 'NONE',  ( 40.78060344508816115, -6.349999999999999645, 73.47699285909413902 ) ) ;
#1989 = CIRCLE ( 'NONE', #4286, 2.950000000000001066 ) ;
#1990 = AXIS2_PLACEMENT_3D ( 'NONE', #3769, #598, #1359 ) ;
#1991 = ORIENTED_EDGE ( 'NONE', *, *, #3075, .F. ) ;
#1992 = LINE ( 'NONE', #2317, #2867 ) ;
#1993 = CIRCLE ( 'NONE', #961, 4.999999999999998224 ) ;
#1994 = ORIENTED_EDGE ( 'NONE', *, *, #2800, .T. ) ;
#1995 = LINE ( 'NONE', #1256, #1128 ) ;
#1996 = EDGE_LOOP ( 'NONE', ( #21, #4072, #1659, #2676 ) ) ;
#1997 = DIRECTION ( 'NONE',  ( 0.000000000000000000, 0.000000000000000000, 1.000000000000000000 ) ) ;
#1998 = CARTESIAN_POINT ( 'NONE',  ( -17.49999999999999645, -6.349999999999999645, 79.40000000000000568 ) ) ;
#1999 = ORIENTED_EDGE ( 'NONE', *, *, #2852, .F. ) ;
#2000 = DIRECTION ( 'NONE',  ( -0.000000000000000000, -1.000000000000000000, 0.000000000000000000 ) ) ;
#2001 = ORIENTED_EDGE ( 'NONE', *, *, #3762, .T. ) ;
#2002 = CIRCLE ( 'NONE', #2073, 1.399999999999998579 ) ;
#2003 = CARTESIAN_POINT ( 'NONE',  ( 86.94895053995743694, 0.000000000000000000, -50.20000000000041496 ) ) ;
#2004 = CARTESIAN_POINT ( 'NONE',  ( -65.58709488697606105, -6.349999999999999645, -59.19981933491688153 ) ) ;
#2005 = CARTESIAN_POINT ( 'NONE',  ( -86.62132034355759913, -6.349999999999999645, 0.07854213556005018582 ) ) ;
#2006 = DIRECTION ( 'NONE',  ( 0.8660254037844364872, 0.000000000000000000, -0.5000000000000036637 ) ) ;
#2007 = DIRECTION ( 'NONE',  ( -0.5000000000000039968, 0.000000000000000000, -0.8660254037844363761 ) ) ;
#2008 = ADVANCED_FACE ( 'NONE', ( #3097 ), #3358, .F. ) ;
#2009 = CIRCLE ( 'NONE', #3711, 1.000000000000000888 ) ;
#2010 = EDGE_CURVE ( 'NONE', #2085, #3143, #4049, .T. ) ;
#2011 = ORIENTED_EDGE ( 'NONE', *, *, #1189, .T. ) ;
#2012 = DIRECTION ( 'NONE',  ( -0.000000000000000000, -1.000000000000000000, 0.000000000000000000 ) ) ;
#2013 = ORIENTED_EDGE ( 'NONE', *, *, #875, .T. ) ;
#2014 = LINE ( 'NONE', #324, #2151 ) ;
#2015 = VERTEX_POINT ( 'NONE', #2294 ) ;
#2016 = EDGE_CURVE ( 'NONE', #614, #1131, #1025, .T. ) ;
#2017 = CARTESIAN_POINT ( 'NONE',  ( -60.01241706048494962, -6.349999999999999645, -54.85544456622712062 ) ) ;
#2018 = DIRECTION ( 'NONE',  ( 0.000000000000000000, 0.000000000000000000, 1.000000000000000000 ) ) ;
#2019 = ORIENTED_EDGE ( 'NONE', *, *, #4015, .F. ) ;
#2020 = DIRECTION ( 'NONE',  ( 0.000000000000000000, 0.000000000000000000, 1.000000000000000000 ) ) ;
#2021 = ORIENTED_EDGE ( 'NONE', *, *, #229, .T. ) ;
#2022 = CARTESIAN_POINT ( 'NONE',  ( 83.56209488697538745, -6.349999999999999645, -28.06620606886734492 ) ) ;
#2023 = DIRECTION ( 'NONE',  ( -0.000000000000000000, 1.000000000000000000, -0.000000000000000000 ) ) ;
#2024 = LINE ( 'NONE', #3833, #4168 ) ;
#2025 = DIRECTION ( 'NONE',  ( 0.000000000000000000, 0.000000000000000000, -1.000000000000000000 ) ) ;
#2026 = CARTESIAN_POINT ( 'NONE',  ( 1.144917494144692682E-12, 0.000000000000000000, 86.11106998930326029 ) ) ;
#2027 = ADVANCED_FACE ( 'NONE', ( #3707 ), #1044, .T. ) ;
#2028 = CARTESIAN_POINT ( 'NONE',  ( 13.99999999999999112, -6.349999999999999645, -61.80000000000000426 ) ) ;
#2029 = CIRCLE ( 'NONE', #774, 1.000000000000000888 ) ;
#2030 = CIRCLE ( 'NONE', #1593, 1.000000000000000888 ) ;
#2031 = EDGE_LOOP ( 'NONE', ( #2553, #712, #4058, #1373 ) ) ;
#2032 = DIRECTION ( 'NONE',  ( -0.8660254037844431485, 0.000000000000000000, -0.4999999999999922839 ) ) ;
#2033 = ORIENTED_EDGE ( 'NONE', *, *, #1140, .T. ) ;
#2034 = DIRECTION ( 'NONE',  ( 0.000000000000000000, 1.000000000000000000, 0.000000000000000000 ) ) ;
#2035 = AXIS2_PLACEMENT_3D ( 'NONE', #1684, #3092, #4495 ) ;
#2036 = ORIENTED_EDGE ( 'NONE', *, *, #202, .T. ) ;
#2037 = DIRECTION ( 'NONE',  ( 0.000000000000000000, 0.000000000000000000, 1.000000000000000000 ) ) ;
#2038 = EDGE_CURVE ( 'NONE', #992, #3742, #2725, .T. ) ;
#2039 = DIRECTION ( 'NONE',  ( -0.000000000000000000, 1.000000000000000000, -0.000000000000000000 ) ) ;
#2040 = VERTEX_POINT ( 'NONE', #538 ) ;
#2041 = CARTESIAN_POINT ( 'NONE',  ( -7.524999999999978151, -6.349999999999999645, 86.40000000000000568 ) ) ;
#2042 = CYLINDRICAL_SURFACE ( 'NONE', #2853, 5.000000000000004441 ) ;
#2043 = DIRECTION ( 'NONE',  ( -0.8660254037844314912, 0.000000000000000000, -0.5000000000000124345 ) ) ;
#2044 = DIRECTION ( 'NONE',  ( 0.000000000000000000, 1.000000000000000000, -0.000000000000000000 ) ) ;
#2045 = DIRECTION ( 'NONE',  ( 0.8660254037844360431, 0.000000000000000000, -0.5000000000000045519 ) ) ;
#2046 = AXIS2_PLACEMENT_3D ( 'NONE', #4444, #4463, #2032 ) ;
#2047 = PLANE ( 'NONE',  #3811 ) ;
#2048 = VERTEX_POINT ( 'NONE', #1758 ) ;
#2049 = LINE ( 'NONE', #2384, #1723 ) ;
#2050 = ORIENTED_EDGE ( 'NONE', *, *, #176, .F. ) ;
#2051 = DIRECTION ( 'NONE',  ( -0.000000000000000000, 1.000000000000000000, -0.000000000000000000 ) ) ;
#2052 = PRODUCT_RELATED_PRODUCT_CATEGORY ( 'part', '', ( #3311 ) ) ;
#2053 = VECTOR ( 'NONE', #2701, 1000.000000000000000 ) ;
#2054 = DIRECTION ( 'NONE',  ( 0.000000000000000000, 0.000000000000000000, -1.000000000000000000 ) ) ;
#2055 = FACE_OUTER_BOUND ( 'NONE', #1803, .T. ) ;
#2056 = ORIENTED_EDGE ( 'NONE', *, *, #1003, .T. ) ;
#2057 = EDGE_CURVE ( 'NONE', #340, #1745, #667, .T. ) ;
#2058 = EDGE_CURVE ( 'NONE', #3356, #2436, #1739, .T. ) ;
#2059 = EDGE_CURVE ( 'NONE', #2905, #800, #1387, .T. ) ;
#2060 = DIRECTION ( 'NONE',  ( -0.000000000000000000, 1.000000000000000000, -0.000000000000000000 ) ) ;
#2061 = VECTOR ( 'NONE', #4384, 1000.000000000000000 ) ;
#2062 = DIRECTION ( 'NONE',  ( -0.000000000000000000, -1.000000000000000000, 0.000000000000000000 ) ) ;
#2063 = ORIENTED_EDGE ( 'NONE', *, *, #1980, .F. ) ;
#2064 = VECTOR ( 'NONE', #2140, 1000.000000000000000 ) ;
#2065 = VERTEX_POINT ( 'NONE', #3515 ) ;
#2066 = CARTESIAN_POINT ( 'NONE',  ( 38.75735931288036795, 0.000000000000000000, -73.05553499465281675 ) ) ;
#2067 = VECTOR ( 'NONE', #2308, 999.9999999999998863 ) ;
#2068 = CARTESIAN_POINT ( 'NONE',  ( -69.69606948319153616, -6.349999999999999645, -50.08286656726167507 ) ) ;
#2069 = CARTESIAN_POINT ( 'NONE',  ( -74.57437415779480716, -6.349999999999999645, -75.05553499465072775 ) ) ;
#2070 = ORIENTED_EDGE ( 'NONE', *, *, #379, .T. ) ;
#2071 = CYLINDRICAL_SURFACE ( 'NONE', #2662, 2.600000000000004974 ) ;
#2072 = DIRECTION ( 'NONE',  ( 0.000000000000000000, 0.000000000000000000, 1.000000000000000000 ) ) ;
#2073 = AXIS2_PLACEMENT_3D ( 'NONE', #4470, #4107, #1975 ) ;
#2074 = DIRECTION ( 'NONE',  ( -0.000000000000000000, 0.000000000000000000, -1.000000000000000000 ) ) ;
#2075 = VERTEX_POINT ( 'NONE', #4480 ) ;
#2076 = DIRECTION ( 'NONE',  ( -0.000000000000000000, 1.000000000000000000, -0.000000000000000000 ) ) ;
#2077 = EDGE_CURVE ( 'NONE', #482, #3677, #1430, .T. ) ;
#2078 = ORIENTED_EDGE ( 'NONE', *, *, #2191, .T. ) ;
#2079 = ORIENTED_EDGE ( 'NONE', *, *, #1697, .T. ) ;
#2080 = VECTOR ( 'NONE', #2095, 1000.000000000000000 ) ;
#2081 = CARTESIAN_POINT ( 'NONE',  ( 82.61882352103525307, -6.349999999999999645, -47.70000000000039364 ) ) ;
#2082 = DIRECTION ( 'NONE',  ( 4.625929269271485322E-15, 0.000000000000000000, -1.000000000000000000 ) ) ;
#2083 = ORIENTED_EDGE ( 'NONE', *, *, #1082, .F. ) ;
#2084 = EDGE_CURVE ( 'NONE', #988, #2338, #2864, .T. ) ;
#2085 = VERTEX_POINT ( 'NONE', #4257 ) ;
#2086 = CARTESIAN_POINT ( 'NONE',  ( 57.24927733966981691, -6.349999999999999645, -48.64134295109020201 ) ) ;
#2087 = DIRECTION ( 'NONE',  ( -0.000000000000000000, 1.000000000000000000, -0.000000000000000000 ) ) ;
#2088 = LINE ( 'NONE', #55, #2522 ) ;
#2089 = EDGE_LOOP ( 'NONE', ( #2422, #1527, #2295, #30 ) ) ;
#2090 = CARTESIAN_POINT ( 'NONE',  ( 78.53869650211306919, -6.349999999999999645, -39.76698729810815536 ) ) ;
#2091 = DIRECTION ( 'NONE',  ( 0.000000000000000000, 1.000000000000000000, -0.000000000000000000 ) ) ;
#2092 = ORIENTED_EDGE ( 'NONE', *, *, #1924, .F. ) ;
#2093 = AXIS2_PLACEMENT_3D ( 'NONE', #58, #4301, #3905 ) ;
#2094 = ADVANCED_BREP_SHAPE_REPRESENTATION ( 'Baseplate', ( #1308, #326 ), #4322 ) ;
#2095 = DIRECTION ( 'NONE',  ( -0.000000000000000000, 1.000000000000000000, -0.000000000000000000 ) ) ;
#2096 = DIRECTION ( 'NONE',  ( 0.000000000000000000, 0.000000000000000000, 1.000000000000000000 ) ) ;
#2097 = EDGE_CURVE ( 'NONE', #3488, #3677, #161, .T. ) ;
#2098 = ORIENTED_EDGE ( 'NONE', *, *, #932, .F. ) ;
#2099 = ORIENTED_EDGE ( 'NONE', *, *, #507, .F. ) ;
#2100 = CARTESIAN_POINT ( 'NONE',  ( -40.78060344508688218, -6.349999999999999645, 73.47699285909244793 ) ) ;
#2101 = AXIS2_PLACEMENT_3D ( 'NONE', #407, #1471, #360 ) ;
#2102 = CARTESIAN_POINT ( 'NONE',  ( 14.50000000000000178, 0.000000000000000000, 82.40000000000001990 ) ) ;
#2103 = VERTEX_POINT ( 'NONE', #1158 ) ;
#2104 = FACE_OUTER_BOUND ( 'NONE', #1584, .T. ) ;
#2105 = EDGE_CURVE ( 'NONE', #509, #1378, #2312, .T. ) ;
#2106 = ORIENTED_EDGE ( 'NONE', *, *, #202, .F. ) ;
#2107 = ORIENTED_EDGE ( 'NONE', *, *, #2972, .F. ) ;
#2108 = FACE_OUTER_BOUND ( 'NONE', #258, .T. ) ;
#2109 = SURFACE_STYLE_USAGE ( .BOTH. , #1798 ) ;
#2110 = DIRECTION ( 'NONE',  ( -0.000000000000000000, 1.000000000000000000, -0.000000000000000000 ) ) ;
#2111 = EDGE_CURVE ( 'NONE', #50, #320, #2210, .T. ) ;
#2112 = ORIENTED_EDGE ( 'NONE', *, *, #974, .F. ) ;
#2113 = DIRECTION ( 'NONE',  ( -0.000000000000000000, -1.000000000000000000, 0.000000000000000000 ) ) ;
#2114 = LINE ( 'NONE', #4254, #3802 ) ;
#2115 = ORIENTED_EDGE ( 'NONE', *, *, #3308, .T. ) ;
#2116 = EDGE_CURVE ( 'NONE', #3216, #3890, #1474, .T. ) ;
#2117 = CARTESIAN_POINT ( 'NONE',  ( 43.58956826847798283, -6.349999999999999645, 72.36908238118994063 ) ) ;
#2118 = CARTESIAN_POINT ( 'NONE',  ( 41.12132034355710175, -6.349999999999999645, -74.17685533821027377 ) ) ;
#2119 = VECTOR ( 'NONE', #3357, 1000.000000000000227 ) ;
#2120 = EDGE_LOOP ( 'NONE', ( #498, #2978, #866, #780 ) ) ;
#2121 = ORIENTED_EDGE ( 'NONE', *, *, #4015, .T. ) ;
#2122 = CARTESIAN_POINT ( 'NONE',  ( -82.86882352103590677, -6.349999999999999645, -47.26698729810701138 ) ) ;
#2123 = EDGE_CURVE ( 'NONE', #4299, #915, #3255, .T. ) ;
#2124 = DIRECTION ( 'NONE',  ( -0.000000000000000000, 1.000000000000000000, -0.000000000000000000 ) ) ;
#2125 = VERTEX_POINT ( 'NONE', #3535 ) ;
#2126 = CARTESIAN_POINT ( 'NONE',  ( 1.169434919271831421E-12, 0.000000000000000000, 150.1110699893032461 ) ) ;
#2127 = ORIENTED_EDGE ( 'NONE', *, *, #4464, .T. ) ;
#2128 = AXIS2_PLACEMENT_3D ( 'NONE', #1394, #4531, #1370 ) ;
#2129 = CIRCLE ( 'NONE', #3170, 3.000000000000002665 ) ;
#2130 = ORIENTED_EDGE ( 'NONE', *, *, #956, .F. ) ;
#2131 = DIRECTION ( 'NONE',  ( -0.8660254037844432595, 0.000000000000000000, -0.4999999999999919509 ) ) ;
#2132 = CIRCLE ( 'NONE', #1703, 1.000000000000000888 ) ;
#2133 = CYLINDRICAL_SURFACE ( 'NONE', #408, 2.599999999999998312 ) ;
#2134 = DIRECTION ( 'NONE',  ( -0.000000000000000000, 1.000000000000000000, -0.000000000000000000 ) ) ;
#2135 = ORIENTED_EDGE ( 'NONE', *, *, #3681, .T. ) ;
#2136 = DIRECTION ( 'NONE',  ( -0.5000000000000039968, 0.000000000000000000, -0.8660254037844363761 ) ) ;
#2137 = CARTESIAN_POINT ( 'NONE',  ( -10.90000000000000036, 0.000000000000000000, 83.40000000000001990 ) ) ;
#2138 = ORIENTED_EDGE ( 'NONE', *, *, #3075, .T. ) ;
#2139 = DIRECTION ( 'NONE',  ( 0.8660254037844364872, 0.000000000000000000, -0.5000000000000036637 ) ) ;
#2140 = DIRECTION ( 'NONE',  ( 0.000000000000000000, 1.000000000000000000, -0.000000000000000000 ) ) ;
#2141 = EDGE_CURVE ( 'NONE', #4051, #1506, #3229, .T. ) ;
#2142 = ORIENTED_EDGE ( 'NONE', *, *, #3583, .T. ) ;
#2143 = ORIENTED_EDGE ( 'NONE', *, *, #2141, .T. ) ;
#2144 = DIRECTION ( 'NONE',  ( 0.000000000000000000, 0.000000000000000000, 1.000000000000000000 ) ) ;
#2145 = EDGE_CURVE ( 'NONE', #3944, #644, #1496, .T. ) ;
#2146 = AXIS2_PLACEMENT_3D ( 'NONE', #1096, #1814, #3873 ) ;
#2147 = CARTESIAN_POINT ( 'NONE',  ( -17.67766952966365679, 0.000000000000000000, -17.67766952966372074 ) ) ;
#2148 = ORIENTED_EDGE ( 'NONE', *, *, #2591, .F. ) ;
#2149 = ADVANCED_FACE ( 'NONE', ( #2909 ), #4279, .F. ) ;
#2150 = AXIS2_PLACEMENT_3D ( 'NONE', #2576, #3319, #472 ) ;
#2151 = VECTOR ( 'NONE', #2124, 1000.000000000000000 ) ;
#2152 = CARTESIAN_POINT ( 'NONE',  ( 130.0000000000010232, -6.349999999999999645, -75.05553499465057143 ) ) ;
#2153 = ORIENTED_EDGE ( 'NONE', *, *, #2921, .T. ) ;
#2154 = VECTOR ( 'NONE', #3605, 1000.000000000000000 ) ;
#2155 = EDGE_LOOP ( 'NONE', ( #3596, #3962, #2033, #2390 ) ) ;
#2156 = CYLINDRICAL_SURFACE ( 'NONE', #3505, 1.000000000000000888 ) ;
#2157 = EDGE_CURVE ( 'NONE', #960, #811, #4236, .T. ) ;
#2158 = PRESENTATION_STYLE_ASSIGNMENT (( #2109 ) ) ;
#2159 = LINE ( 'NONE', #357, #825 ) ;
#2160 = ORIENTED_EDGE ( 'NONE', *, *, #2938, .T. ) ;
#2161 = CARTESIAN_POINT ( 'NONE',  ( 73.95856948319087110, -6.349999999999999645, -42.70000000000035811 ) ) ;
#2162 = CARTESIAN_POINT ( 'NONE',  ( -11.89999999999999680, 0.000000000000000000, 73.90000000000000568 ) ) ;
#2163 = ORIENTED_EDGE ( 'NONE', *, *, #371, .T. ) ;
#2164 = VECTOR ( 'NONE', #973, 1000.000000000000000 ) ;
#2165 = FACE_OUTER_BOUND ( 'NONE', #581, .T. ) ;
#2166 = CYLINDRICAL_SURFACE ( 'NONE', #519, 3.000000000000000000 ) ;
#2167 = DIRECTION ( 'NONE',  ( -0.000000000000000000, -1.000000000000000000, 0.000000000000000000 ) ) ;
#2168 = EDGE_LOOP ( 'NONE', ( #2929, #4379, #183, #856 ) ) ;
#2169 = CIRCLE ( 'NONE', #839, 1.000000000000000888 ) ;
#2170 = AXIS2_PLACEMENT_3D ( 'NONE', #1756, #3862, #684 ) ;
#2171 = DIRECTION ( 'NONE',  ( 0.000000000000000000, 0.000000000000000000, 1.000000000000000000 ) ) ;
#2172 = ORIENTED_EDGE ( 'NONE', *, *, #2058, .F. ) ;
#2173 = CARTESIAN_POINT ( 'NONE',  ( 102.2871870788990094, 0.000000000000000000, -27.05553499465061051 ) ) ;
#2174 = VECTOR ( 'NONE', #4068, 1000.000000000000000 ) ;
#2175 = FACE_BOUND ( 'NONE', #196, .T. ) ;
#2176 = VECTOR ( 'NONE', #3223, 1000.000000000000000 ) ;
#2177 = ORIENTED_EDGE ( 'NONE', *, *, #561, .F. ) ;
#2178 = AXIS2_PLACEMENT_3D ( 'NONE', #3252, #1429, #4276 ) ;
#2179 = ORIENTED_EDGE ( 'NONE', *, *, #1052, .F. ) ;
#2180 = FACE_BOUND ( 'NONE', #938, .T. ) ;
#2181 = CARTESIAN_POINT ( 'NONE',  ( 0.5000000000000000000, -6.349999999999999645, 90.40000000000000568 ) ) ;
#2182 = DIRECTION ( 'NONE',  ( -0.000000000000000000, 1.000000000000000000, -0.000000000000000000 ) ) ;
#2183 = ORIENTED_EDGE ( 'NONE', *, *, #3907, .F. ) ;
#2184 = CARTESIAN_POINT ( 'NONE',  ( -16.52776749732661443, -6.349999999999999645, -16.52776749732664285 ) ) ;
#2185 = CARTESIAN_POINT ( 'NONE',  ( 46.48734574734518787, -6.349999999999999645, 71.59262524588238819 ) ) ;
#2186 = ORIENTED_EDGE ( 'NONE', *, *, #1136, .T. ) ;
#2187 = CYLINDRICAL_SURFACE ( 'NONE', #3837, 3.000000000000002665 ) ;
#2188 = CARTESIAN_POINT ( 'NONE',  ( 46.48734574734518787, -6.349999999999999645, 71.59262524588238819 ) ) ;
#2189 = ORIENTED_EDGE ( 'NONE', *, *, #3111, .T. ) ;
#2190 = ORIENTED_EDGE ( 'NONE', *, *, #1316, .T. ) ;
#2191 = EDGE_CURVE ( 'NONE', #897, #4318, #1872, .T. ) ;
#2192 = EDGE_LOOP ( 'NONE', ( #3438, #1785, #1520, #957, #1777 ) ) ;
#2193 = FACE_OUTER_BOUND ( 'NONE', #4021, .T. ) ;
#2194 = EDGE_CURVE ( 'NONE', #2040, #4460, #2751, .T. ) ;
#2195 = LINE ( 'NONE', #3613, #2817 ) ;
#2196 = ORIENTED_EDGE ( 'NONE', *, *, #508, .F. ) ;
#2197 = ORIENTED_EDGE ( 'NONE', *, *, #3907, .T. ) ;
#2198 = ADVANCED_FACE ( 'NONE', ( #1783 ), #1451, .T. ) ;
#2199 = FACE_BOUND ( 'NONE', #3254, .T. ) ;
#2200 = LINE ( 'NONE', #3618, #4508 ) ;
#2201 = CARTESIAN_POINT ( 'NONE',  ( 16.52776749732617745, -6.349999999999999645, -16.52776749732629469 ) ) ;
#2202 = AXIS2_PLACEMENT_3D ( 'NONE', #3499, #3154, #2082 ) ;
#2203 = EDGE_LOOP ( 'NONE', ( #3940, #2432 ) ) ;
#2204 = AXIS2_PLACEMENT_3D ( 'NONE', #3441, #975, #3046 ) ;
#2205 = CARTESIAN_POINT ( 'NONE',  ( 5.949999999999910472, -6.349999999999999645, -10.30570230503488993 ) ) ;
#2206 = LINE ( 'NONE', #3622, #4169 ) ;
#2207 = ORIENTED_EDGE ( 'NONE', *, *, #2570, .F. ) ;
#2208 = AXIS2_PLACEMENT_3D ( 'NONE', #1743, #413, #4415 ) ;
#2209 = CARTESIAN_POINT ( 'NONE',  ( -84.46824792491827338, 0.000000000000000000, 1.565132269903818374 ) ) ;
#2210 = LINE ( 'NONE', #2117, #832 ) ;
#2211 = DIRECTION ( 'NONE',  ( 1.000000000000000000, 0.000000000000000000, 7.472654973438552727E-16 ) ) ;
#2212 = DIRECTION ( 'NONE',  ( 0.000000000000000000, 0.000000000000000000, -1.000000000000000000 ) ) ;
#2213 = ORIENTED_EDGE ( 'NONE', *, *, #255, .F. ) ;
#2214 = VECTOR ( 'NONE', #3585, 1000.000000000000000 ) ;
#2215 = ORIENTED_EDGE ( 'NONE', *, *, #229, .F. ) ;
#2216 = ADVANCED_FACE ( 'NONE', ( #457 ), #365, .T. ) ;
#2217 = CARTESIAN_POINT ( 'NONE',  ( 41.12132034355715149, -6.349999999999999645, -74.17685533821031640 ) ) ;
#2218 = CIRCLE ( 'NONE', #1553, 2.950000000000001066 ) ;
#2219 = VECTOR ( 'NONE', #1014, 1000.000000000000000 ) ;
#2220 = FACE_OUTER_BOUND ( 'NONE', #2470, .T. ) ;
#2221 = ORIENTED_EDGE ( 'NONE', *, *, #958, .T. ) ;
#2222 = ORIENTED_EDGE ( 'NONE', *, *, #3537, .F. ) ;
#2223 = FACE_BOUND ( 'NONE', #1898, .T. ) ;
#2224 = AXIS2_PLACEMENT_3D ( 'NONE', #2100, #2869, #3932 ) ;
#2225 = FACE_OUTER_BOUND ( 'NONE', #2989, .T. ) ;
#2226 = EDGE_CURVE ( 'NONE', #1097, #3882, #1132, .T. ) ;
#2227 = DIRECTION ( 'NONE',  ( -0.5000000000000039968, -0.000000000000000000, -0.8660254037844363761 ) ) ;
#2228 = EDGE_LOOP ( 'NONE', ( #2620, #2462, #2011, #2724 ) ) ;
#2229 = LINE ( 'NONE', #1155, #4143 ) ;
#2230 = CARTESIAN_POINT ( 'NONE',  ( 82.69606948319093931, 0.000000000000000000, -27.56620606886734137 ) ) ;
#2231 = ORIENTED_EDGE ( 'NONE', *, *, #112, .T. ) ;
#2232 = VECTOR ( 'NONE', #3468, 1000.000000000000000 ) ;
#2233 = EDGE_CURVE ( 'NONE', #390, #1197, #3714, .T. ) ;
#2234 = CARTESIAN_POINT ( 'NONE',  ( 80.88677271346638520, -6.349999999999999645, -46.70000000000038654 ) ) ;
#2235 = DIRECTION ( 'NONE',  ( -0.000000000000000000, -1.000000000000000000, -0.000000000000000000 ) ) ;
#2236 = LINE ( 'NONE', #1221, #812 ) ;
#2237 = CYLINDRICAL_SURFACE ( 'NONE', #3318, 1.000000000000000888 ) ;
#2238 = ORIENTED_EDGE ( 'NONE', *, *, #1623, .F. ) ;
#2239 = ADVANCED_FACE ( 'NONE', ( #2165 ), #2187, .F. ) ;
#2240 = VECTOR ( 'NONE', #4522, 1000.000000000000114 ) ;
#2241 = ORIENTED_EDGE ( 'NONE', *, *, #2546, .T. ) ;
#2242 = DIRECTION ( 'NONE',  ( 0.000000000000000000, 0.000000000000000000, 1.000000000000000000 ) ) ;
#2243 = VECTOR ( 'NONE', #3924, 1000.000000000000000 ) ;
#2244 = CARTESIAN_POINT ( 'NONE',  ( 64.11049327183751245, -6.349999999999999645, -53.75736835487467857 ) ) ;
#2245 = ORIENTED_EDGE ( 'NONE', *, *, #2688, .F. ) ;
#2246 = EDGE_CURVE ( 'NONE', #1285, #3823, #2427, .T. ) ;
#2247 = EDGE_LOOP ( 'NONE', ( #3954, #2183, #1606, #1204 ) ) ;
#2248 = FACE_BOUND ( 'NONE', #2203, .T. ) ;
#2249 = CARTESIAN_POINT ( 'NONE',  ( -80.88677271346699627, -6.349999999999999645, -46.69999999999925677 ) ) ;
#2250 = VECTOR ( 'NONE', #1457, 1000.000000000000000 ) ;
#2251 = DIRECTION ( 'NONE',  ( 0.000000000000000000, 1.000000000000000000, -0.000000000000000000 ) ) ;
#2252 = EDGE_LOOP ( 'NONE', ( #2464, #3525, #39, #1807 ) ) ;
#2253 = CIRCLE ( 'NONE', #111, 1.399999999999998579 ) ;
#2254 = CARTESIAN_POINT ( 'NONE',  ( 79.08709488697535051, -6.349999999999999645, -35.81713343273805350 ) ) ;
#2255 = EDGE_CURVE ( 'NONE', #811, #204, #3994, .T. ) ;
#2256 = DIRECTION ( 'NONE',  ( 0.5000000000000039968, 0.000000000000000000, 0.8660254037844363761 ) ) ;
#2257 = VERTEX_POINT ( 'NONE', #4411 ) ;
#2258 = DIRECTION ( 'NONE',  ( 0.000000000000000000, 0.000000000000000000, 1.000000000000000000 ) ) ;
#2259 = DIRECTION ( 'NONE',  ( 0.000000000000000000, 1.000000000000000000, 0.000000000000000000 ) ) ;
#2260 = DIRECTION ( 'NONE',  ( 0.7071067811865500152, 0.000000000000000000, 0.7071067811865451302 ) ) ;
#2261 = DIRECTION ( 'NONE',  ( -0.2588190451025129679, 0.000000000000000000, 0.9659258262890703106 ) ) ;
#2262 = CIRCLE ( 'NONE', #4262, 1.399999999999998579 ) ;
#2263 = ORIENTED_EDGE ( 'NONE', *, *, #3132, .F. ) ;
#2264 = DIRECTION ( 'NONE',  ( 0.000000000000000000, 0.000000000000000000, 1.000000000000000000 ) ) ;
#2265 = EDGE_CURVE ( 'NONE', #1033, #2407, #2359, .T. ) ;
#2266 = ORIENTED_EDGE ( 'NONE', *, *, #4576, .T. ) ;
#2267 = CARTESIAN_POINT ( 'NONE',  ( -78.53869650211368025, -6.349999999999999645, -39.76698729810704691 ) ) ;
#2268 = FACE_BOUND ( 'NONE', #3723, .T. ) ;
#2269 = EDGE_CURVE ( 'NONE', #4313, #1275, #588, .T. ) ;
#2270 = VERTEX_POINT ( 'NONE', #2679 ) ;
#2271 = AXIS2_PLACEMENT_3D ( 'NONE', #1092, #731, #1718 ) ;
#2272 = ORIENTED_EDGE ( 'NONE', *, *, #3870, .T. ) ;
#2273 = DIRECTION ( 'NONE',  ( 0.000000000000000000, 0.000000000000000000, 1.000000000000000000 ) ) ;
#2274 = CARTESIAN_POINT ( 'NONE',  ( -84.02324413220429733, -6.349999999999999645, -1.421457864439951146 ) ) ;
#2275 = ORIENTED_EDGE ( 'NONE', *, *, #1004, .T. ) ;
#2276 = DIRECTION ( 'NONE',  ( 0.000000000000000000, 0.000000000000000000, 1.000000000000000000 ) ) ;
#2277 = DIRECTION ( 'NONE',  ( 0.000000000000000000, 0.000000000000000000, 1.000000000000000000 ) ) ;
#2278 = ORIENTED_EDGE ( 'NONE', *, *, #4357, .T. ) ;
#2279 = LINE ( 'NONE', #3971, #995 ) ;
#2280 = AXIS2_PLACEMENT_3D ( 'NONE', #4202, #3116, #1638 ) ;
#2281 = DIRECTION ( 'NONE',  ( 0.000000000000000000, 0.000000000000000000, -1.000000000000000000 ) ) ;
#2282 = CYLINDRICAL_SURFACE ( 'NONE', #295, 5.000000000000004441 ) ;
#2283 = CYLINDRICAL_SURFACE ( 'NONE', #4493, 1.399999999999998579 ) ;
#2284 = VERTEX_POINT ( 'NONE', #2307 ) ;
#2285 = DIRECTION ( 'NONE',  ( 0.000000000000000000, 0.000000000000000000, 1.000000000000000000 ) ) ;
#2286 = VECTOR ( 'NONE', #3475, 1000.000000000000114 ) ;
#2287 = AXIS2_PLACEMENT_3D ( 'NONE', #4083, #2324, #1307 ) ;
#2288 = CIRCLE ( 'NONE', #887, 5.000000000000004441 ) ;
#2289 = EDGE_CURVE ( 'NONE', #2525, #2603, #3377, .T. ) ;
#2290 = AXIS2_PLACEMENT_3D ( 'NONE', #3298, #4059, #2906 ) ;
#2291 = ORIENTED_EDGE ( 'NONE', *, *, #2792, .T. ) ;
#2292 = DIRECTION ( 'NONE',  ( -0.000000000000000000, 1.000000000000000000, -0.000000000000000000 ) ) ;
#2293 = AXIS2_PLACEMENT_3D ( 'NONE', #3329, #3007, #2910 ) ;
#2294 = CARTESIAN_POINT ( 'NONE',  ( 82.69606948319093931, -6.349999999999999645, -27.56620606886734492 ) ) ;
#2295 = ORIENTED_EDGE ( 'NONE', *, *, #3276, .T. ) ;
#2296 = VECTOR ( 'NONE', #1282, 1000.000000000000000 ) ;
#2297 = CARTESIAN_POINT ( 'NONE',  ( 89.62427271346645341, 0.000000000000000000, -31.56620606886739111 ) ) ;
#2298 = ORIENTED_EDGE ( 'NONE', *, *, #3169, .T. ) ;
#2299 = DIRECTION ( 'NONE',  ( 0.000000000000000000, 0.000000000000000000, 1.000000000000000000 ) ) ;
#2300 = LINE ( 'NONE', #120, #234 ) ;
#2301 = ORIENTED_EDGE ( 'NONE', *, *, #2472, .T. ) ;
#2302 = DIRECTION ( 'NONE',  ( 0.000000000000000000, 1.000000000000000000, -0.000000000000000000 ) ) ;
#2303 = DIRECTION ( 'NONE',  ( 0.000000000000000000, 1.000000000000000000, -0.000000000000000000 ) ) ;
#2304 = ORIENTED_EDGE ( 'NONE', *, *, #1623, .T. ) ;
#2305 = LINE ( 'NONE', #150, #4165 ) ;
#2306 = CIRCLE ( 'NONE', #383, 0.9999999999999935607 ) ;
#2307 = CARTESIAN_POINT ( 'NONE',  ( -41.12132034355828836, -0.000000000000000000, -74.17685533821035904 ) ) ;
#2308 = DIRECTION ( 'NONE',  ( 0.5000000000000039968, -0.000000000000000000, 0.8660254037844363761 ) ) ;
#2309 = CARTESIAN_POINT ( 'NONE',  ( 17.50000000000000355, -6.349999999999999645, 79.39999999999999147 ) ) ;
#2310 = VERTEX_POINT ( 'NONE', #2332 ) ;
#2311 = CYLINDRICAL_SURFACE ( 'NONE', #108, 2.950000000000001066 ) ;
#2312 = CIRCLE ( 'NONE', #3267, 1.399999999999998579 ) ;
#2313 = EDGE_CURVE ( 'NONE', #2436, #3521, #2608, .T. ) ;
#2314 = EDGE_CURVE ( 'NONE', #4103, #3216, #879, .T. ) ;
#2315 = ORIENTED_EDGE ( 'NONE', *, *, #3902, .F. ) ;
#2316 = ORIENTED_EDGE ( 'NONE', *, *, #508, .T. ) ;
#2317 = CARTESIAN_POINT ( 'NONE',  ( -6.049582771864211672, -6.349999999999999645, 22.57735026919095134 ) ) ;
#2318 = EDGE_CURVE ( 'NONE', #1224, #3944, #216, .T. ) ;
#2319 = VERTEX_POINT ( 'NONE', #3747 ) ;
#2320 = CARTESIAN_POINT ( 'NONE',  ( 84.06209488697538745, 0.000000000000000000, -27.20018066508291810 ) ) ;
#2321 = VERTEX_POINT ( 'NONE', #1267 ) ;
#2322 = AXIS2_PLACEMENT_3D ( 'NONE', #3968, #2653, #4013 ) ;
#2323 = DIRECTION ( 'NONE',  ( -0.000000000000000000, -1.000000000000000000, 0.000000000000000000 ) ) ;
#2324 = DIRECTION ( 'NONE',  ( 0.000000000000000000, 1.000000000000000000, -0.000000000000000000 ) ) ;
#2325 = CIRCLE ( 'NONE', #3733, 3.000000000000002665 ) ;
#2326 = VERTEX_POINT ( 'NONE', #575 ) ;
#2327 = LINE ( 'NONE', #201, #890 ) ;
#2328 = LINE ( 'NONE', #1287, #2988 ) ;
#2329 = ORIENTED_EDGE ( 'NONE', *, *, #3934, .T. ) ;
#2330 = CIRCLE ( 'NONE', #933, 1.000000000000000222 ) ;
#2331 = CARTESIAN_POINT ( 'NONE',  ( -40.87867965644071688, -0.000000000000000000, -73.93421465109278756 ) ) ;
#2332 = CARTESIAN_POINT ( 'NONE',  ( 13.50000000000000178, 0.000000000000000000, 72.90000000000000568 ) ) ;
#2333 = CARTESIAN_POINT ( 'NONE',  ( -10.90000000000000036, -6.349999999999999645, 83.40000000000001990 ) ) ;
#2334 = CARTESIAN_POINT ( 'NONE',  ( 17.50000000000000355, -6.349999999999999645, 79.39999999999999147 ) ) ;
#2335 = EDGE_LOOP ( 'NONE', ( #3840, #3544, #2885, #2926 ) ) ;
#2336 = DIRECTION ( 'NONE',  ( -6.938893903907222067E-15, 0.000000000000000000, 1.000000000000000000 ) ) ;
#2337 = ORIENTED_EDGE ( 'NONE', *, *, #3, .F. ) ;
#2338 = VERTEX_POINT ( 'NONE', #105 ) ;
#2339 = DIRECTION ( 'NONE',  ( 0.8660254037844440367, 0.000000000000000000, 0.4999999999999905631 ) ) ;
#2340 = ORIENTED_EDGE ( 'NONE', *, *, #964, .F. ) ;
#2341 = DIRECTION ( 'NONE',  ( 0.5000000000000039968, 0.000000000000000000, 0.8660254037844363761 ) ) ;
#2342 = ORIENTED_EDGE ( 'NONE', *, *, #2111, .F. ) ;
#2343 = CARTESIAN_POINT ( 'NONE',  ( -73.95856948319146795, -6.349999999999999645, -42.69999999999931362 ) ) ;
#2344 = VECTOR ( 'NONE', #4506, 999.9999999999998863 ) ;
#2345 = CARTESIAN_POINT ( 'NONE',  ( -0.5000000000000000000, 0.000000000000000000, 95.40000000000000568 ) ) ;
#2346 = ORIENTED_EDGE ( 'NONE', *, *, #470, .F. ) ;
#2347 = EDGE_CURVE ( 'NONE', #3623, #4109, #1564, .T. ) ;
#2348 = DIRECTION ( 'NONE',  ( 0.000000000000000000, 1.000000000000000000, 0.000000000000000000 ) ) ;
#2349 = ADVANCED_FACE ( 'NONE', ( #1938 ), #4366, .T. ) ;
#2350 = ORIENTED_EDGE ( 'NONE', *, *, #419, .F. ) ;
#2351 = CARTESIAN_POINT ( 'NONE',  ( 1.999999999999992228, -6.349999999999999645, -61.80000000000001137 ) ) ;
#2352 = DIRECTION ( 'NONE',  ( 0.000000000000000000, 1.000000000000000000, -0.000000000000000000 ) ) ;
#2353 = DIRECTION ( 'NONE',  ( -0.4999999999999998335, 0.000000000000000000, 0.8660254037844388186 ) ) ;
#2354 = FACE_OUTER_BOUND ( 'NONE', #4080, .T. ) ;
#2355 = ORIENTED_EDGE ( 'NONE', *, *, #2828, .T. ) ;
#2356 = DIRECTION ( 'NONE',  ( 0.000000000000000000, 0.000000000000000000, -1.000000000000000000 ) ) ;
#2357 = AXIS2_PLACEMENT_3D ( 'NONE', #3304, #829, #3997 ) ;
#2358 = AXIS2_PLACEMENT_3D ( 'NONE', #2872, #1855, #834 ) ;
#2359 = CIRCLE ( 'NONE', #1036, 2.950000000000001066 ) ;
#2360 = ORIENTED_EDGE ( 'NONE', *, *, #3739, .F. ) ;
#2361 = EDGE_LOOP ( 'NONE', ( #219, #1249, #3914, #4097 ) ) ;
#2362 = CARTESIAN_POINT ( 'NONE',  ( 86.94895053995743694, -6.349999999999999645, -48.80000000000041638 ) ) ;
#2363 = CIRCLE ( 'NONE', #2506, 2.599999999999998312 ) ;
#2364 = VERTEX_POINT ( 'NONE', #3006 ) ;
#2365 = DIRECTION ( 'NONE',  ( -0.000000000000000000, -1.000000000000000000, 0.000000000000000000 ) ) ;
#2366 = ORIENTED_EDGE ( 'NONE', *, *, #2979, .T. ) ;
#2367 = CIRCLE ( 'NONE', #2666, 1.399999999999998579 ) ;
#2368 = CARTESIAN_POINT ( 'NONE',  ( 73.70856948319087110, -6.349999999999999645, -43.13301270189257508 ) ) ;
#2369 = DIRECTION ( 'NONE',  ( -0.8660254037844432595, 0.000000000000000000, -0.4999999999999919509 ) ) ;
#2370 = ORIENTED_EDGE ( 'NONE', *, *, #109, .T. ) ;
#2371 = CARTESIAN_POINT ( 'NONE',  ( -84.46824792491827338, -6.349999999999999645, 1.565132269903814821 ) ) ;
#2372 = VERTEX_POINT ( 'NONE', #2931 ) ;
#2373 = EDGE_CURVE ( 'NONE', #1745, #343, #4424, .T. ) ;
#2374 = VECTOR ( 'NONE', #3522, 1000.000000000000000 ) ;
#2375 = ADVANCED_FACE ( 'NONE', ( #3648 ), #1912, .T. ) ;
#2376 = FACE_OUTER_BOUND ( 'NONE', #1023, .T. ) ;
#2377 = DIRECTION ( 'NONE',  ( 0.000000000000000000, 1.000000000000000000, -0.000000000000000000 ) ) ;
#2378 = DIRECTION ( 'NONE',  ( 0.000000000000000000, 1.000000000000000000, 0.000000000000000000 ) ) ;
#2379 = CARTESIAN_POINT ( 'NONE',  ( 43.58956826847798283, -0.000000000000000000, 72.36908238118996906 ) ) ;
#2380 = CARTESIAN_POINT ( 'NONE',  ( 3.762499999999928235, -6.349999999999999645, -6.516841163477916865 ) ) ;
#2381 = EDGE_CURVE ( 'NONE', #516, #3185, #2656, .T. ) ;
#2382 = AXIS2_PLACEMENT_3D ( 'NONE', #1799, #3205, #2508 ) ;
#2383 = AXIS2_PLACEMENT_3D ( 'NONE', #4214, #1049, #689 ) ;
#2384 = CARTESIAN_POINT ( 'NONE',  ( 22.57735026919096200, -0.000000000000000000, -6.049582771864177921 ) ) ;
#2385 = ORIENTED_EDGE ( 'NONE', *, *, #831, .T. ) ;
#2386 = CARTESIAN_POINT ( 'NONE',  ( -77.51241706048465119, -6.349999999999999645, -24.54455543377159898 ) ) ;
#2387 = EDGE_CURVE ( 'NONE', #1868, #992, #364, .T. ) ;
#2388 = ORIENTED_EDGE ( 'NONE', *, *, #1547, .T. ) ;
#2389 = LINE ( 'NONE', #1676, #826 ) ;
#2390 = ORIENTED_EDGE ( 'NONE', *, *, #3511, .F. ) ;
#2391 = AXIS2_PLACEMENT_3D ( 'NONE', #3376, #1534, #4433 ) ;
#2392 = CARTESIAN_POINT ( 'NONE',  ( -10.90000000000000213, 0.000000000000000000, 72.90000000000000568 ) ) ;
#2393 = CARTESIAN_POINT ( 'NONE',  ( 13.99999999999999112, -6.349999999999999645, -64.40000000000000568 ) ) ;
#2394 = ORIENTED_EDGE ( 'NONE', *, *, #2635, .F. ) ;
#2395 = AXIS2_PLACEMENT_3D ( 'NONE', #1565, #2982, #1338 ) ;
#2396 = AXIS2_PLACEMENT_3D ( 'NONE', #3042, #4454, #243 ) ;
#2397 = LINE ( 'NONE', #1608, #3876 ) ;
#2398 = FACE_OUTER_BOUND ( 'NONE', #263, .T. ) ;
#2399 = DIRECTION ( 'NONE',  ( -0.000000000000000000, 1.000000000000000000, 0.000000000000000000 ) ) ;
#2400 = DIRECTION ( 'NONE',  ( -1.000000000000000000, -0.000000000000000000, -0.000000000000000000 ) ) ;
#2401 = CARTESIAN_POINT ( 'NONE',  ( -43.67838092395409433, 0.000000000000000000, 72.70053572378490969 ) ) ;
#2402 = CARTESIAN_POINT ( 'NONE',  ( 85.24470506022586846, -6.349999999999999645, 4.462909748770213625 ) ) ;
#2403 = ORIENTED_EDGE ( 'NONE', *, *, #2772, .T. ) ;
#2404 = CYLINDRICAL_SURFACE ( 'NONE', #1649, 32.00000000000000000 ) ;
#2405 = CIRCLE ( 'NONE', #332, 2.950000000000001066 ) ;
#2406 = EDGE_CURVE ( 'NONE', #56, #1650, #1201, .T. ) ;
#2407 = VERTEX_POINT ( 'NONE', #4038 ) ;
#2408 = DIRECTION ( 'NONE',  ( 0.000000000000000000, 1.000000000000000000, -0.000000000000000000 ) ) ;
#2409 = EDGE_LOOP ( 'NONE', ( #3471, #3405 ) ) ;
#2410 = DIRECTION ( 'NONE',  ( 0.000000000000000000, -1.000000000000000000, -0.000000000000000000 ) ) ;
#2411 = VECTOR ( 'NONE', #1661, 1000.000000000000000 ) ;
#2412 = ORIENTED_EDGE ( 'NONE', *, *, #1766, .F. ) ;
#2413 = FACE_OUTER_BOUND ( 'NONE', #1624, .T. ) ;
#2414 = CARTESIAN_POINT ( 'NONE',  ( 13.50000000000000355, -6.349999999999999645, 82.40000000000001990 ) ) ;
#2415 = ORIENTED_EDGE ( 'NONE', *, *, #339, .T. ) ;
#2416 = DIRECTION ( 'NONE',  ( -0.000000000000000000, -1.000000000000000000, 0.000000000000000000 ) ) ;
#2417 = CARTESIAN_POINT ( 'NONE',  ( 0.000000000000000000, 0.000000000000000000, 100.4000000000000199 ) ) ;
#2418 = DIRECTION ( 'NONE',  ( -0.000000000000000000, -1.000000000000000000, -0.000000000000000000 ) ) ;
#2419 = DIRECTION ( 'NONE',  ( 0.8660254037844362651, 0.000000000000000000, -0.5000000000000041078 ) ) ;
#2420 = CARTESIAN_POINT ( 'NONE',  ( 1.169434919271831421E-12, -6.349999999999999645, 150.1110699893032461 ) ) ;
#2421 = FACE_OUTER_BOUND ( 'NONE', #3809, .T. ) ;
#2422 = ORIENTED_EDGE ( 'NONE', *, *, #515, .F. ) ;
#2423 = DIRECTION ( 'NONE',  ( 0.9659258262890693114, 0.000000000000000000, 0.2588190451025170202 ) ) ;
#2424 = ORIENTED_EDGE ( 'NONE', *, *, #261, .T. ) ;
#2425 = DIRECTION ( 'NONE',  ( 0.000000000000000000, 0.000000000000000000, -1.000000000000000000 ) ) ;
#2426 = EDGE_CURVE ( 'NONE', #4562, #4378, #4134, .T. ) ;
#2427 = CIRCLE ( 'NONE', #1401, 1.000000000000000888 ) ;
#2428 = EDGE_CURVE ( 'NONE', #982, #4340, #4575, .T. ) ;
#2429 = CARTESIAN_POINT ( 'NONE',  ( 69.94927733966991923, -6.349999999999999645, -26.64429769496551259 ) ) ;
#2430 = EDGE_CURVE ( 'NONE', #3702, #3745, #3684, .T. ) ;
#2431 = DIRECTION ( 'NONE',  ( -0.000000000000000000, -1.000000000000000000, 0.000000000000000000 ) ) ;
#2432 = ORIENTED_EDGE ( 'NONE', *, *, #3841, .T. ) ;
#2433 = AXIS2_PLACEMENT_3D ( 'NONE', #4436, #1894, #1966 ) ;
#2434 = DIRECTION ( 'NONE',  ( -0.8660254037844339337, 0.000000000000000000, 0.5000000000000083267 ) ) ;
#2435 = CARTESIAN_POINT ( 'NONE',  ( 72.22651867562201744, -6.349999999999999645, -41.70000000000035101 ) ) ;
#2436 = VERTEX_POINT ( 'NONE', #1313 ) ;
#2437 = VECTOR ( 'NONE', #3372, 1000.000000000000000 ) ;
#2438 = ORIENTED_EDGE ( 'NONE', *, *, #3750, .F. ) ;
#2439 = FACE_OUTER_BOUND ( 'NONE', #2939, .T. ) ;
#2440 = ADVANCED_FACE ( 'NONE', ( #3398 ), #2790, .F. ) ;
#2441 = CIRCLE ( 'NONE', #4294, 3.000000000000002665 ) ;
#2442 = DIRECTION ( 'NONE',  ( 0.000000000000000000, 1.000000000000000000, -0.000000000000000000 ) ) ;
#2443 = CARTESIAN_POINT ( 'NONE',  ( 40.87867965643999213, -6.349999999999999645, -73.93421465109317126 ) ) ;
#2444 = ORIENTED_EDGE ( 'NONE', *, *, #1136, .F. ) ;
#2445 = CARTESIAN_POINT ( 'NONE',  ( -73.70856948319145374, 0.000000000000000000, -43.13301270189154479 ) ) ;
#2446 = DIRECTION ( 'NONE',  ( -0.000000000000000000, 1.000000000000000000, -0.000000000000000000 ) ) ;
#2447 = CIRCLE ( 'NONE', #3408, 1.399999999999999911 ) ;
#2448 = DIRECTION ( 'NONE',  ( 0.000000000000000000, 1.000000000000000000, 0.000000000000000000 ) ) ;
#2449 = CIRCLE ( 'NONE', #3631, 1.399999999999998579 ) ;
#2450 = LINE ( 'NONE', #4578, #4503 ) ;
#2451 = EDGE_CURVE ( 'NONE', #4199, #4288, #3141, .T. ) ;
#2452 = ORIENTED_EDGE ( 'NONE', *, *, #2428, .F. ) ;
#2453 = AXIS2_PLACEMENT_3D ( 'NONE', #4135, #2377, #3790 ) ;
#2454 = CARTESIAN_POINT ( 'NONE',  ( -70.56209488697598431, -6.349999999999999645, -50.58286656726167507 ) ) ;
#2455 = EDGE_CURVE ( 'NONE', #1398, #1620, #3467, .T. ) ;
#2456 = EDGE_CURVE ( 'NONE', #3702, #631, #3832, .T. ) ;
#2457 = EDGE_CURVE ( 'NONE', #4032, #564, #3025, .T. ) ;
#2458 = DIRECTION ( 'NONE',  ( 0.000000000000000000, 0.000000000000000000, -1.000000000000000000 ) ) ;
#2459 = ORIENTED_EDGE ( 'NONE', *, *, #1821, .T. ) ;
#2460 = EDGE_CURVE ( 'NONE', #3562, #253, #3612, .T. ) ;
#2461 = CARTESIAN_POINT ( 'NONE',  ( -63.26794919243186399, -6.349999999999999645, 36.52776749732689865 ) ) ;
#2462 = ORIENTED_EDGE ( 'NONE', *, *, #3595, .F. ) ;
#2463 = ADVANCED_FACE ( 'NONE', ( #4496 ), #3072, .T. ) ;
#2464 = ORIENTED_EDGE ( 'NONE', *, *, #3324, .F. ) ;
#2465 = CARTESIAN_POINT ( 'NONE',  ( -77.51241706048465119, 0.000000000000000000, -25.94455543377159756 ) ) ;
#2466 = DIRECTION ( 'NONE',  ( 0.8660254037844432595, 0.000000000000000000, 0.4999999999999919509 ) ) ;
#2467 = VERTEX_POINT ( 'NONE', #1291 ) ;
#2468 = LINE ( 'NONE', #703, #1111 ) ;
#2469 = CYLINDRICAL_SURFACE ( 'NONE', #1002, 2.599999999999998312 ) ;
#2470 = EDGE_LOOP ( 'NONE', ( #1154, #1847, #2826, #4293 ) ) ;
#2471 = DIRECTION ( 'NONE',  ( 0.000000000000000000, 1.000000000000000000, 0.000000000000000000 ) ) ;
#2472 = EDGE_CURVE ( 'NONE', #568, #1786, #3093, .T. ) ;
#2473 = DIRECTION ( 'NONE',  ( 0.000000000000000000, 1.000000000000000000, 0.000000000000000000 ) ) ;
#2474 = ORIENTED_EDGE ( 'NONE', *, *, #2123, .F. ) ;
#2475 = ORIENTED_EDGE ( 'NONE', *, *, #2269, .T. ) ;
#2476 = CYLINDRICAL_SURFACE ( 'NONE', #53, 1.000000000000000888 ) ;
#2477 = CIRCLE ( 'NONE', #4104, 1.000000000000000888 ) ;
#2478 = CIRCLE ( 'NONE', #3071, 3.000000000000000000 ) ;
#2479 = CARTESIAN_POINT ( 'NONE',  ( 1.999999999999992228, -6.349999999999999645, -61.80000000000001137 ) ) ;
#2480 = VERTEX_POINT ( 'NONE', #3461 ) ;
#2481 = FACE_OUTER_BOUND ( 'NONE', #317, .T. ) ;
#2482 = VERTEX_POINT ( 'NONE', #4159 ) ;
#2483 = ORIENTED_EDGE ( 'NONE', *, *, #3364, .T. ) ;
#2484 = FACE_BOUND ( 'NONE', #468, .T. ) ;
#2485 = EDGE_CURVE ( 'NONE', #2085, #1506, #1039, .T. ) ;
#2486 = CYLINDRICAL_SURFACE ( 'NONE', #2382, 1.000000000000000888 ) ;
#2487 = ORIENTED_EDGE ( 'NONE', *, *, #1148, .T. ) ;
#2488 = LINE ( 'NONE', #2793, #367 ) ;
#2489 = CYLINDRICAL_SURFACE ( 'NONE', #397, 1.000000000000000888 ) ;
#2490 = DIRECTION ( 'NONE',  ( 0.000000000000000000, 1.000000000000000000, -0.000000000000000000 ) ) ;
#2491 = CARTESIAN_POINT ( 'NONE',  ( -43.88926953599118974, 0.000000000000000000, 70.09262524588280030 ) ) ;
#2492 = VECTOR ( 'NONE', #321, 1000.000000000000000 ) ;
#2493 = EDGE_CURVE ( 'NONE', #4216, #4223, #947, .T. ) ;
#2494 = ORIENTED_EDGE ( 'NONE', *, *, #3371, .T. ) ;
#2495 = ORIENTED_EDGE ( 'NONE', *, *, #2111, .T. ) ;
#2496 = CARTESIAN_POINT ( 'NONE',  ( 56.38325193588536877, 0.000000000000000000, -48.14134295109019490 ) ) ;
#2497 = CARTESIAN_POINT ( 'NONE',  ( -74.57437415779483558, 0.000000000000000000, -43.05553499465072775 ) ) ;
#2498 = EDGE_LOOP ( 'NONE', ( #2394, #4568, #477, #2179 ) ) ;
#2499 = DIRECTION ( 'NONE',  ( 0.000000000000000000, 0.000000000000000000, 1.000000000000000000 ) ) ;
#2500 = ORIENTED_EDGE ( 'NONE', *, *, #2741, .T. ) ;
#2501 = AXIS2_PLACEMENT_3D ( 'NONE', #4346, #1180, #2212 ) ;
#2502 = VECTOR ( 'NONE', #1748, 1000.000000000000000 ) ;
#2503 = ORIENTED_EDGE ( 'NONE', *, *, #3671, .F. ) ;
#2504 = DIRECTION ( 'NONE',  ( -0.000000000000000000, 1.000000000000000000, -0.000000000000000000 ) ) ;
#2505 = EDGE_CURVE ( 'NONE', #2686, #2963, #3858, .T. ) ;
#2506 = AXIS2_PLACEMENT_3D ( 'NONE', #3883, #772, #3602 ) ;
#2507 = DIRECTION ( 'NONE',  ( 0.000000000000000000, 0.000000000000000000, -1.000000000000000000 ) ) ;
#2508 = DIRECTION ( 'NONE',  ( 0.000000000000000000, 0.000000000000000000, 1.000000000000000000 ) ) ;
#2509 = EDGE_LOOP ( 'NONE', ( #4416, #272, #688, #2711 ) ) ;
#2510 = CARTESIAN_POINT ( 'NONE',  ( -71.28324730968272149, 0.000000000000000000, -61.33379393113239075 ) ) ;
#2511 = EDGE_CURVE ( 'NONE', #3401, #2693, #3813, .T. ) ;
#2512 = DIRECTION ( 'NONE',  ( 0.000000000000000000, 0.000000000000000000, 1.000000000000000000 ) ) ;
#2513 = DIRECTION ( 'NONE',  ( 0.000000000000000000, 1.000000000000000000, 0.000000000000000000 ) ) ;
#2514 = DIRECTION ( 'NONE',  ( 0.000000000000000000, 0.000000000000000000, -1.000000000000000000 ) ) ;
#2515 = FACE_OUTER_BOUND ( 'NONE', #3014, .T. ) ;
#2516 = ORIENTED_EDGE ( 'NONE', *, *, #2829, .T. ) ;
#2517 = DIRECTION ( 'NONE',  ( 0.000000000000000000, 0.000000000000000000, 1.000000000000000000 ) ) ;
#2518 = CARTESIAN_POINT ( 'NONE',  ( 78.58709488697533629, -6.349999999999999645, -36.68315883652248743 ) ) ;
#2519 = ORIENTED_EDGE ( 'NONE', *, *, #329, .T. ) ;
#2520 = ADVANCED_FACE ( 'NONE', ( #1662 ), #1710, .F. ) ;
#2521 = CARTESIAN_POINT ( 'NONE',  ( 46.48734574734518787, 0.000000000000000000, 71.59262524588238819 ) ) ;
#2522 = VECTOR ( 'NONE', #2904, 1000.000000000000000 ) ;
#2523 = AXIS2_PLACEMENT_3D ( 'NONE', #1973, #2341, #2669 ) ;
#2524 = FACE_OUTER_BOUND ( 'NONE', #1888, .T. ) ;
#2525 = VERTEX_POINT ( 'NONE', #2004 ) ;
#2526 = VECTOR ( 'NONE', #2423, 1000.000000000000000 ) ;
#2527 = ORIENTED_EDGE ( 'NONE', *, *, #1583, .T. ) ;
#2528 = CARTESIAN_POINT ( 'NONE',  ( -38.75735931288105718, 0.000000000000000000, -73.05553499465241885 ) ) ;
#2529 = LINE ( 'NONE', #3552, #697 ) ;
#2530 = CARTESIAN_POINT ( 'NONE',  ( -78.03869650211368025, -6.349999999999999645, -45.63301270189149506 ) ) ;
#2531 = ORIENTED_EDGE ( 'NONE', *, *, #1902, .T. ) ;
#2532 = DIRECTION ( 'NONE',  ( 0.000000000000000000, 0.000000000000000000, 1.000000000000000000 ) ) ;
#2533 = VERTEX_POINT ( 'NONE', #2766 ) ;
#2534 = AXIS2_PLACEMENT_3D ( 'NONE', #2417, #4158, #2700 ) ;
#2535 = EDGE_CURVE ( 'NONE', #116, #4233, #4515, .T. ) ;
#2536 = DIRECTION ( 'NONE',  ( -0.000000000000000000, 1.000000000000000000, -0.000000000000000000 ) ) ;
#2537 = CARTESIAN_POINT ( 'NONE',  ( -82.64662884887252403, -6.349999999999999645, 2.962909748770996110 ) ) ;
#2538 = VERTEX_POINT ( 'NONE', #618 ) ;
#2539 = VERTEX_POINT ( 'NONE', #2069 ) ;
#2540 = VECTOR ( 'NONE', #636, 1000.000000000000000 ) ;
#2541 = ADVANCED_FACE ( 'NONE', ( #3484 ), #1733, .F. ) ;
#2542 = ORIENTED_EDGE ( 'NONE', *, *, #3750, .T. ) ;
#2543 = AXIS2_PLACEMENT_3D ( 'NONE', #170, #3271, #4335 ) ;
#2544 = AXIS2_PLACEMENT_3D ( 'NONE', #680, #378, #401 ) ;
#2545 = EDGE_CURVE ( 'NONE', #3052, #3836, #2159, .T. ) ;
#2546 = EDGE_CURVE ( 'NONE', #4356, #1597, #3529, .T. ) ;
#2547 = ADVANCED_FACE ( 'NONE', ( #3942 ), #3224, .F. ) ;
#2548 = EDGE_LOOP ( 'NONE', ( #4505, #3266, #2483, #4207 ) ) ;
#2549 = DIRECTION ( 'NONE',  ( 0.000000000000000000, 1.000000000000000000, -0.000000000000000000 ) ) ;
#2550 = CARTESIAN_POINT ( 'NONE',  ( -84.79970126751186399, -6.349999999999999645, 1.476319614427266336 ) ) ;
#2551 = ORIENTED_EDGE ( 'NONE', *, *, #1697, .F. ) ;
#2552 = VECTOR ( 'NONE', #2953, 1000.000000000000000 ) ;
#2553 = ORIENTED_EDGE ( 'NONE', *, *, #2387, .F. ) ;
#2554 = DIRECTION ( 'NONE',  ( 0.000000000000000000, -1.000000000000000000, 0.000000000000000000 ) ) ;
#2555 = ADVANCED_FACE ( 'NONE', ( #3600 ), #717, .F. ) ;
#2556 = LINE ( 'NONE', #75, #334 ) ;
#2557 = LINE ( 'NONE', #701, #157 ) ;
#2558 = ORIENTED_EDGE ( 'NONE', *, *, #2643, .T. ) ;
#2559 = FACE_OUTER_BOUND ( 'NONE', #854, .T. ) ;
#2560 = CARTESIAN_POINT ( 'NONE',  ( 13.99999999999999112, -6.349999999999999645, -67.00000000000001421 ) ) ;
#2561 = EDGE_LOOP ( 'NONE', ( #2760, #2637 ) ) ;
#2562 = CARTESIAN_POINT ( 'NONE',  ( -74.20856948319146795, 0.000000000000000000, -42.26698729810709665 ) ) ;
#2563 = DIRECTION ( 'NONE',  ( 0.000000000000000000, 1.000000000000000000, -0.000000000000000000 ) ) ;
#2564 = EDGE_CURVE ( 'NONE', #3331, #960, #3881, .T. ) ;
#2565 = DIRECTION ( 'NONE',  ( 0.000000000000000000, 0.000000000000000000, -1.000000000000000000 ) ) ;
#2566 = CARTESIAN_POINT ( 'NONE',  ( -0.5000000000000000000, -6.349999999999999645, 95.40000000000000568 ) ) ;
#2567 = VERTEX_POINT ( 'NONE', #3553 ) ;
#2568 = VECTOR ( 'NONE', #4166, 1000.000000000000000 ) ;
#2569 = CARTESIAN_POINT ( 'NONE',  ( -43.67838092395409433, -6.349999999999999645, 72.70053572378492390 ) ) ;
#2570 = EDGE_CURVE ( 'NONE', #709, #3805, #2088, .T. ) ;
#2571 = FACE_BOUND ( 'NONE', #2935, .T. ) ;
#2572 = ORIENTED_EDGE ( 'NONE', *, *, #912, .F. ) ;
#2573 = ORIENTED_EDGE ( 'NONE', *, *, #1640, .F. ) ;
#2574 = CARTESIAN_POINT ( 'NONE',  ( -70.78324730968272149, -6.349999999999999645, -62.19981933491683179 ) ) ;
#2575 = DIRECTION ( 'NONE',  ( -0.8660254037844432595, 0.000000000000000000, -0.4999999999999919509 ) ) ;
#2576 = CARTESIAN_POINT ( 'NONE',  ( 6.049582771864129072, -6.349999999999999645, 22.57735026919039711 ) ) ;
#2577 = ORIENTED_EDGE ( 'NONE', *, *, #907, .T. ) ;
#2578 = VECTOR ( 'NONE', #501, 1000.000000000000227 ) ;
#2579 = CARTESIAN_POINT ( 'NONE',  ( -18.47499999999997655, -6.349999999999999645, 92.40000000000000568 ) ) ;
#2580 = DIRECTION ( 'NONE',  ( 0.000000000000000000, 0.000000000000000000, 1.000000000000000000 ) ) ;
#2581 = ORIENTED_EDGE ( 'NONE', *, *, #109, .F. ) ;
#2582 = CIRCLE ( 'NONE', #590, 3.000000000000002665 ) ;
#2583 = DIRECTION ( 'NONE',  ( -0.5000000000000039968, 0.000000000000000000, -0.8660254037844363761 ) ) ;
#2584 = DIRECTION ( 'NONE',  ( -0.000000000000000000, 1.000000000000000000, -0.000000000000000000 ) ) ;
#2585 = DIRECTION ( 'NONE',  ( 0.000000000000000000, 1.000000000000000000, -0.000000000000000000 ) ) ;
#2586 = CARTESIAN_POINT ( 'NONE',  ( 17.67766952966365324, 0.000000000000000000, 14.72766952966371790 ) ) ;
#2587 = ORIENTED_EDGE ( 'NONE', *, *, #2145, .T. ) ;
#2588 = CIRCLE ( 'NONE', #3176, 1.000000000000000222 ) ;
#2589 = ADVANCED_FACE ( 'NONE', ( #1125 ), #4227, .F. ) ;
#2590 = VERTEX_POINT ( 'NONE', #1776 ) ;
#2591 = EDGE_CURVE ( 'NONE', #3558, #1458, #4229, .T. ) ;
#2592 = CARTESIAN_POINT ( 'NONE',  ( 0.5000000000000000000, 0.000000000000000000, 95.40000000000000568 ) ) ;
#2593 = CIRCLE ( 'NONE', #3627, 1.399999999999998579 ) ;
#2594 = LINE ( 'NONE', #2244, #4157 ) ;
#2595 = ORIENTED_EDGE ( 'NONE', *, *, #82, .F. ) ;
#2596 = ORIENTED_EDGE ( 'NONE', *, *, #2852, .T. ) ;
#2597 = FACE_BOUND ( 'NONE', #1408, .T. ) ;
#2598 = AXIS2_PLACEMENT_3D ( 'NONE', #1842, #3965, #1488 ) ;
#2599 = CIRCLE ( 'NONE', #2895, 32.00000000000000711 ) ;
#2600 = FACE_OUTER_BOUND ( 'NONE', #1117, .T. ) ;
#2601 = DIRECTION ( 'NONE',  ( -0.000000000000000000, -1.000000000000000000, 0.000000000000000000 ) ) ;
#2602 = ADVANCED_FACE ( 'NONE', ( #12 ), #338, .F. ) ;
#2603 = VERTEX_POINT ( 'NONE', #1822 ) ;
#2604 = CARTESIAN_POINT ( 'NONE',  ( 38.75735931288036795, -6.349999999999999645, -73.05553499465281675 ) ) ;
#2605 = DIRECTION ( 'NONE',  ( 0.000000000000000000, 1.000000000000000000, -0.000000000000000000 ) ) ;
#2606 = VERTEX_POINT ( 'NONE', #1467 ) ;
#2607 = LINE ( 'NONE', #3327, #2614 ) ;
#2608 = LINE ( 'NONE', #3669, #4054 ) ;
#2609 = LINE ( 'NONE', #4019, #3646 ) ;
#2610 = FACE_OUTER_BOUND ( 'NONE', #554, .T. ) ;
#2611 = ORIENTED_EDGE ( 'NONE', *, *, #4414, .T. ) ;
#2612 = CARTESIAN_POINT ( 'NONE',  ( 89.62427271346643920, -6.349999999999999645, -31.56620606886738400 ) ) ;
#2613 = EDGE_CURVE ( 'NONE', #2407, #1033, #1053, .T. ) ;
#2614 = VECTOR ( 'NONE', #4017, 999.9999999999998863 ) ;
#2615 = EDGE_CURVE ( 'NONE', #1794, #3313, #1753, .T. ) ;
#2616 = VECTOR ( 'NONE', #1639, 1000.000000000000000 ) ;
#2617 = CARTESIAN_POINT ( 'NONE',  ( -72.22651867562257166, 0.000000000000000000, -41.69999999999933493 ) ) ;
#2618 = DIRECTION ( 'NONE',  ( -0.000000000000000000, 1.000000000000000000, -0.000000000000000000 ) ) ;
#2619 = ORIENTED_EDGE ( 'NONE', *, *, #3369, .T. ) ;
#2620 = ORIENTED_EDGE ( 'NONE', *, *, #3031, .T. ) ;
#2621 = FACE_BOUND ( 'NONE', #3614, .T. ) ;
#2622 = VECTOR ( 'NONE', #2442, 1000.000000000000000 ) ;
#2623 = CARTESIAN_POINT ( 'NONE',  ( 6.049582771864129072, -6.349999999999999645, 22.57735026919039711 ) ) ;
#2624 = CIRCLE ( 'NONE', #1152, 2.950000000000001066 ) ;
#2625 = CARTESIAN_POINT ( 'NONE',  ( 60.01241706048417512, 0.000000000000000000, -54.85544456622797327 ) ) ;
#2626 = ORIENTED_EDGE ( 'NONE', *, *, #134, .T. ) ;
#2627 = DIRECTION ( 'NONE',  ( -0.000000000000000000, 1.000000000000000000, -0.000000000000000000 ) ) ;
#2628 = LINE ( 'NONE', #3345, #560 ) ;
#2629 = ORIENTED_EDGE ( 'NONE', *, *, #3031, .F. ) ;
#2630 = EDGE_CURVE ( 'NONE', #2590, #4245, #2557, .T. ) ;
#2631 = CARTESIAN_POINT ( 'NONE',  ( 83.56209488697538745, -6.349999999999999645, -27.06620606886734492 ) ) ;
#2632 = CARTESIAN_POINT ( 'NONE',  ( 0.000000000000000000, -6.349999999999999645, 95.40000000000000568 ) ) ;
#2633 = ADVANCED_FACE ( 'NONE', ( #3160 ), #2813, .F. ) ;
#2634 = CARTESIAN_POINT ( 'NONE',  ( 86.62132034356075394, -6.349999999999999645, 0.07854213555844036243 ) ) ;
#2635 = EDGE_CURVE ( 'NONE', #4032, #4489, #1445, .T. ) ;
#2636 = CARTESIAN_POINT ( 'NONE',  ( -65.91049327183822015, -6.349999999999999645, -50.63967690124977139 ) ) ;
#2637 = ORIENTED_EDGE ( 'NONE', *, *, #2866, .T. ) ;
#2638 = LINE ( 'NONE', #529, #1076 ) ;
#2639 = ADVANCED_FACE ( 'NONE', ( #2859 ), #2486, .F. ) ;
#2640 = ORIENTED_EDGE ( 'NONE', *, *, #4100, .F. ) ;
#2641 = DIRECTION ( 'NONE',  ( -0.000000000000000000, -1.000000000000000000, 0.000000000000000000 ) ) ;
#2642 = CARTESIAN_POINT ( 'NONE',  ( -58.04927733967046066, -6.349999999999999645, -47.25570230503427638 ) ) ;
#2643 = EDGE_CURVE ( 'NONE', #1097, #3292, #171, .T. ) ;
#2644 = VERTEX_POINT ( 'NONE', #145 ) ;
#2645 = CIRCLE ( 'NONE', #3158, 1.399999999999998579 ) ;
#2646 = DIRECTION ( 'NONE',  ( 5.551115123125777653E-14, 0.000000000000000000, 1.000000000000000000 ) ) ;
#2647 = ORIENTED_EDGE ( 'NONE', *, *, #1838, .T. ) ;
#2648 = FACE_BOUND ( 'NONE', #1678, .T. ) ;
#2649 = CARTESIAN_POINT ( 'NONE',  ( -65.22106948319161290, 0.000000000000000000, -57.83379393113244049 ) ) ;
#2650 = DIRECTION ( 'NONE',  ( 0.000000000000000000, 0.000000000000000000, 1.000000000000000000 ) ) ;
#2651 = ORIENTED_EDGE ( 'NONE', *, *, #3649, .T. ) ;
#2652 = LINE ( 'NONE', #452, #3248 ) ;
#2653 = DIRECTION ( 'NONE',  ( 0.2588190451025170202, 0.000000000000000000, -0.9659258262890693114 ) ) ;
#2654 = ORIENTED_EDGE ( 'NONE', *, *, #1001, .T. ) ;
#2655 = LINE ( 'NONE', #872, #3497 ) ;
#2656 = CIRCLE ( 'NONE', #963, 1.000000000000000888 ) ;
#2657 = DIRECTION ( 'NONE',  ( 0.000000000000000000, 0.000000000000000000, -1.000000000000000000 ) ) ;
#2658 = CARTESIAN_POINT ( 'NONE',  ( -17.67766952966365679, -6.349999999999999645, -17.67766952966372074 ) ) ;
#2659 = CARTESIAN_POINT ( 'NONE',  ( 73.70856948319087110, -6.349999999999999645, -43.13301270189257508 ) ) ;
#2660 = ORIENTED_EDGE ( 'NONE', *, *, #2505, .F. ) ;
#2661 = CARTESIAN_POINT ( 'NONE',  ( -0.5000000000000000000, 0.000000000000000000, 90.40000000000000568 ) ) ;
#2662 = AXIS2_PLACEMENT_3D ( 'NONE', #2703, #949, #1339 ) ;
#2663 = CIRCLE ( 'NONE', #2955, 1.399999999999998579 ) ;
#2664 = ORIENTED_EDGE ( 'NONE', *, *, #1452, .F. ) ;
#2665 = CARTESIAN_POINT ( 'NONE',  ( -71.06209488697597010, -6.349999999999999645, -49.71684116347721982 ) ) ;
#2666 = AXIS2_PLACEMENT_3D ( 'NONE', #2865, #4280, #2514 ) ;
#2667 = ORIENTED_EDGE ( 'NONE', *, *, #2451, .F. ) ;
#2668 = CIRCLE ( 'NONE', #1482, 1.000000000000000888 ) ;
#2669 = DIRECTION ( 'NONE',  ( 0.8660254037844363761, 0.000000000000000000, -0.5000000000000039968 ) ) ;
#2670 = ORIENTED_EDGE ( 'NONE', *, *, #3559, .F. ) ;
#2671 = LINE ( 'NONE', #2368, #2219 ) ;
#2672 = CARTESIAN_POINT ( 'NONE',  ( 0.000000000000000000, -6.349999999999999645, 83.40000000000001990 ) ) ;
#2673 = ORIENTED_EDGE ( 'NONE', *, *, #2430, .F. ) ;
#2674 = CARTESIAN_POINT ( 'NONE',  ( 17.67766952966372074, 0.000000000000000000, -14.72766952966365572 ) ) ;
#2675 = CARTESIAN_POINT ( 'NONE',  ( 84.02324413220742372, -6.349999999999999645, -1.421457864441567853 ) ) ;
#2676 = ORIENTED_EDGE ( 'NONE', *, *, #2116, .F. ) ;
#2677 = DIRECTION ( 'NONE',  ( -1.000000000000000000, 0.000000000000000000, 4.884981308350687989E-15 ) ) ;
#2678 = CIRCLE ( 'NONE', #3191, 1.399999999999999911 ) ;
#2679 = CARTESIAN_POINT ( 'NONE',  ( -74.20856948319146795, -6.349999999999999645, -42.26698729810709665 ) ) ;
#2680 = LINE ( 'NONE', #4091, #1578 ) ;
#2681 = DIRECTION ( 'NONE',  ( 0.000000000000000000, 0.000000000000000000, 1.000000000000000000 ) ) ;
#2682 = ORIENTED_EDGE ( 'NONE', *, *, #184, .F. ) ;
#2683 = CARTESIAN_POINT ( 'NONE',  ( 80.88677271346638520, -6.349999999999999645, -46.70000000000038654 ) ) ;
#2684 = VECTOR ( 'NONE', #1088, 1000.000000000000000 ) ;
#2685 = ORIENTED_EDGE ( 'NONE', *, *, #4225, .F. ) ;
#2686 = VERTEX_POINT ( 'NONE', #1214 ) ;
#2687 = CARTESIAN_POINT ( 'NONE',  ( -129.9999999999989768, -6.349999999999999645, -75.05553499465077039 ) ) ;
#2688 = EDGE_CURVE ( 'NONE', #4237, #4562, #1605, .T. ) ;
#2689 = VECTOR ( 'NONE', #500, 1000.000000000000000 ) ;
#2690 = ADVANCED_FACE ( 'NONE', ( #3368 ), #1581, .T. ) ;
#2691 = VERTEX_POINT ( 'NONE', #1259 ) ;
#2692 = CARTESIAN_POINT ( 'NONE',  ( -74.57437415779483558, -6.349999999999999645, -43.05553499465072775 ) ) ;
#2693 = VERTEX_POINT ( 'NONE', #1864 ) ;
#2694 = DIRECTION ( 'NONE',  ( -0.8660254037844448138, 0.000000000000000000, -0.4999999999999895084 ) ) ;
#2695 = CARTESIAN_POINT ( 'NONE',  ( -65.41049327183824857, -0.000000000000000000, -51.50570230503421953 ) ) ;
#2696 = VERTEX_POINT ( 'NONE', #543 ) ;
#2697 = DIRECTION ( 'NONE',  ( 1.000000000000000000, 0.000000000000000000, -0.000000000000000000 ) ) ;
#2698 = EDGE_LOOP ( 'NONE', ( #2854, #2291, #3992, #2245 ) ) ;
#2699 = VECTOR ( 'NONE', #3215, 999.9999999999998863 ) ;
#2700 = DIRECTION ( 'NONE',  ( 0.000000000000000000, 0.000000000000000000, -1.000000000000000000 ) ) ;
#2701 = DIRECTION ( 'NONE',  ( -0.000000000000000000, 1.000000000000000000, -0.000000000000000000 ) ) ;
#2702 = LINE ( 'NONE', #3462, #2240 ) ;
#2703 = CARTESIAN_POINT ( 'NONE',  ( 13.99999999999999112, -6.349999999999999645, -64.40000000000000568 ) ) ;
#2704 = ORIENTED_EDGE ( 'NONE', *, *, #3617, .F. ) ;
#2705 = DIRECTION ( 'NONE',  ( -0.5000000000000039968, 0.000000000000000000, -0.8660254037844363761 ) ) ;
#2706 = EDGE_CURVE ( 'NONE', #2567, #2257, #789, .T. ) ;
#2707 = ORIENTED_EDGE ( 'NONE', *, *, #2545, .T. ) ;
#2708 = CARTESIAN_POINT ( 'NONE',  ( -0.5000000000000000000, -6.349999999999999645, 95.40000000000000568 ) ) ;
#2709 = ORIENTED_EDGE ( 'NONE', *, *, #3426, .F. ) ;
#2710 = CARTESIAN_POINT ( 'NONE',  ( -10.90000000000000036, -6.349999999999999645, 83.40000000000001990 ) ) ;
#2711 = ORIENTED_EDGE ( 'NONE', *, *, #1138, .T. ) ;
#2712 = EDGE_CURVE ( 'NONE', #304, #504, #1346, .T. ) ;
#2713 = CARTESIAN_POINT ( 'NONE',  ( -8.524999999999979039, 0.000000000000000000, 92.40000000000000568 ) ) ;
#2714 = DIRECTION ( 'NONE',  ( 0.000000000000000000, 0.000000000000000000, -1.000000000000000000 ) ) ;
#2715 = ORIENTED_EDGE ( 'NONE', *, *, #819, .T. ) ;
#2716 = CARTESIAN_POINT ( 'NONE',  ( -7.249999999999872990, -6.349999999999999645, 12.55736835487441638 ) ) ;
#2717 = ORIENTED_EDGE ( 'NONE', *, *, #3433, .F. ) ;
#2718 = CARTESIAN_POINT ( 'NONE',  ( -8.524999999999979039, -6.349999999999999645, 93.40000000000000568 ) ) ;
#2719 = CARTESIAN_POINT ( 'NONE',  ( 13.99999999999999112, -6.349999999999999645, -67.00000000000001421 ) ) ;
#2720 = DIRECTION ( 'NONE',  ( 0.5000000000000041078, 0.000000000000000000, 0.8660254037844362651 ) ) ;
#2721 = LINE ( 'NONE', #1986, #1774 ) ;
#2722 = EDGE_CURVE ( 'NONE', #2806, #2567, #199, .T. ) ;
#2723 = CARTESIAN_POINT ( 'NONE',  ( -11.89999999999999680, -6.349999999999999645, 82.40000000000001990 ) ) ;
#2724 = ORIENTED_EDGE ( 'NONE', *, *, #288, .T. ) ;
#2725 = LINE ( 'NONE', #3838, #4518 ) ;
#2726 = VECTOR ( 'NONE', #2934, 1000.000000000000000 ) ;
#2727 = CIRCLE ( 'NONE', #1182, 1.399999999999998579 ) ;
#2728 = ORIENTED_EDGE ( 'NONE', *, *, #2097, .F. ) ;
#2729 = ORIENTED_EDGE ( 'NONE', *, *, #4465, .T. ) ;
#2730 = CARTESIAN_POINT ( 'NONE',  ( 14.50000000000000000, -6.349999999999999645, 73.90000000000000568 ) ) ;
#2731 = AXIS2_PLACEMENT_3D ( 'NONE', #2510, #3923, #719 ) ;
#2732 = VERTEX_POINT ( 'NONE', #98 ) ;
#2733 = LINE ( 'NONE', #4485, #3933 ) ;
#2734 = ORIENTED_EDGE ( 'NONE', *, *, #647, .T. ) ;
#2735 = EDGE_CURVE ( 'NONE', #988, #3538, #3272, .T. ) ;
#2736 = CARTESIAN_POINT ( 'NONE',  ( 63.13325193588542561, -6.349999999999999645, -36.45000000000030127 ) ) ;
#2737 = FACE_OUTER_BOUND ( 'NONE', #3644, .T. ) ;
#2738 = ORIENTED_EDGE ( 'NONE', *, *, #3850, .F. ) ;
#2739 = DIRECTION ( 'NONE',  ( 0.000000000000000000, 0.000000000000000000, 1.000000000000000000 ) ) ;
#2740 = VECTOR ( 'NONE', #1119, 1000.000000000000000 ) ;
#2741 = EDGE_CURVE ( 'NONE', #1169, #2783, #1887, .T. ) ;
#2742 = LINE ( 'NONE', #312, #2164 ) ;
#2743 = EDGE_CURVE ( 'NONE', #3797, #3609, #3860, .T. ) ;
#2744 = CARTESIAN_POINT ( 'NONE',  ( 85.24470506022586846, -6.349999999999999645, 4.462909748770213625 ) ) ;
#2745 = CARTESIAN_POINT ( 'NONE',  ( -17.67766952966371719, -6.349999999999999645, 14.72766952966366283 ) ) ;
#2746 = LINE ( 'NONE', #998, #3244 ) ;
#2747 = CARTESIAN_POINT ( 'NONE',  ( -17.67766952966371719, -6.349999999999999645, 14.72766952966366283 ) ) ;
#2748 = AXIS2_PLACEMENT_3D ( 'NONE', #4336, #1172, #3987 ) ;
#2749 = CIRCLE ( 'NONE', #3787, 3.000000000000000000 ) ;
#2750 = DIRECTION ( 'NONE',  ( 0.000000000000000000, 0.000000000000000000, 1.000000000000000000 ) ) ;
#2751 = CIRCLE ( 'NONE', #3867, 1.000000000000000888 ) ;
#2752 = ORIENTED_EDGE ( 'NONE', *, *, #2373, .F. ) ;
#2753 = CARTESIAN_POINT ( 'NONE',  ( -77.51241706048465119, 0.000000000000000000, -24.54455543377159898 ) ) ;
#2754 = PLANE ( 'NONE',  #3981 ) ;
#2755 = LINE ( 'NONE', #4171, #3657 ) ;
#2756 = EDGE_LOOP ( 'NONE', ( #3091, #4127, #2190, #93, #1480, #4116, #1865, #4124 ) ) ;
#2757 = ADVANCED_FACE ( 'NONE', ( #4404 ), #3342, .F. ) ;
#2758 = CARTESIAN_POINT ( 'NONE',  ( 69.44927733966991923, -6.349999999999999645, -26.51032309874994652 ) ) ;
#2759 = CARTESIAN_POINT ( 'NONE',  ( 65.47651867562196060, 0.000000000000000000, -53.39134295109024464 ) ) ;
#2760 = ORIENTED_EDGE ( 'NONE', *, *, #1393, .T. ) ;
#2761 = AXIS2_PLACEMENT_3D ( 'NONE', #286, #3117, #3748 ) ;
#2762 = VECTOR ( 'NONE', #1632, 1000.000000000000114 ) ;
#2763 = CARTESIAN_POINT ( 'NONE',  ( 0.000000000000000000, -6.349999999999999645, 95.40000000000000568 ) ) ;
#2764 = VECTOR ( 'NONE', #2878, 999.9999999999998863 ) ;
#2765 = FACE_OUTER_BOUND ( 'NONE', #4306, .T. ) ;
#2766 = CARTESIAN_POINT ( 'NONE',  ( -43.24264068711791964, -6.349999999999999645, -75.05553499465069933 ) ) ;
#2767 = FACE_OUTER_BOUND ( 'NONE', #490, .T. ) ;
#2768 = FACE_OUTER_BOUND ( 'NONE', #421, .T. ) ;
#2769 = DIRECTION ( 'NONE',  ( -0.7071067811865500152, 0.000000000000000000, -0.7071067811865451302 ) ) ;
#2770 = VERTEX_POINT ( 'NONE', #1233 ) ;
#2771 = AXIS2_PLACEMENT_3D ( 'NONE', #3752, #3816, #642 ) ;
#2772 = EDGE_CURVE ( 'NONE', #558, #2963, #818, .T. ) ;
#2773 = ADVANCED_FACE ( 'NONE', ( #3640 ), #4010, .T. ) ;
#2774 = EDGE_CURVE ( 'NONE', #4245, #3383, #3041, .T. ) ;
#2775 = LINE ( 'NONE', #4577, #4452 ) ;
#2776 = VECTOR ( 'NONE', #337, 1000.000000000000000 ) ;
#2777 = CIRCLE ( 'NONE', #322, 1.399999999999998579 ) ;
#2778 = ORIENTED_EDGE ( 'NONE', *, *, #2194, .T. ) ;
#2779 = EDGE_LOOP ( 'NONE', ( #1254, #601, #3847, #2984 ) ) ;
#2780 = DIRECTION ( 'NONE',  ( -0.000000000000000000, 1.000000000000000000, -0.000000000000000000 ) ) ;
#2781 = CARTESIAN_POINT ( 'NONE',  ( 1.169434919271831421E-12, -6.349999999999999645, 150.1110699893032461 ) ) ;
#2782 = LINE ( 'NONE', #2479, #3489 ) ;
#2783 = VERTEX_POINT ( 'NONE', #3687 ) ;
#2784 = CARTESIAN_POINT ( 'NONE',  ( 84.02324413220742372, -6.349999999999999645, -1.421457864441567853 ) ) ;
#2785 = CARTESIAN_POINT ( 'NONE',  ( 68.58325193588547108, 0.000000000000000000, -27.01032309874994297 ) ) ;
#2786 = ORIENTED_EDGE ( 'NONE', *, *, #96, .F. ) ;
#2787 = ORIENTED_EDGE ( 'NONE', *, *, #860, .F. ) ;
#2788 = CARTESIAN_POINT ( 'NONE',  ( -7.524999999999978151, 0.000000000000000000, 86.40000000000000568 ) ) ;
#2789 = FACE_OUTER_BOUND ( 'NONE', #1264, .T. ) ;
#2790 = CYLINDRICAL_SURFACE ( 'NONE', #4283, 3.000000000000000000 ) ;
#2791 = ORIENTED_EDGE ( 'NONE', *, *, #530, .T. ) ;
#2792 = EDGE_CURVE ( 'NONE', #409, #4378, #2300, .T. ) ;
#2793 = CARTESIAN_POINT ( 'NONE',  ( -17.49999999999999645, -6.349999999999999645, 78.00000000000001421 ) ) ;
#2794 = ADVANCED_FACE ( 'NONE', ( #1529 ), #2948, .F. ) ;
#2795 = LINE ( 'NONE', #17, #3062 ) ;
#2796 = ORIENTED_EDGE ( 'NONE', *, *, #4344, .F. ) ;
#2797 = CARTESIAN_POINT ( 'NONE',  ( -76.25824730968263054, -6.349999999999999645, -52.71684116347717719 ) ) ;
#2798 = CARTESIAN_POINT ( 'NONE',  ( 78.53869650211306919, 0.000000000000000000, -44.76698729810815536 ) ) ;
#2799 = ORIENTED_EDGE ( 'NONE', *, *, #572, .T. ) ;
#2800 = EDGE_CURVE ( 'NONE', #4356, #4299, #2822, .T. ) ;
#2801 = CYLINDRICAL_SURFACE ( 'NONE', #2383, 1.000000000000000888 ) ;
#2802 = VECTOR ( 'NONE', #3287, 1000.000000000000000 ) ;
#2803 = VECTOR ( 'NONE', #1019, 1000.000000000000000 ) ;
#2804 = EDGE_LOOP ( 'NONE', ( #3518, #2871, #4554, #4266 ) ) ;
#2805 = DIRECTION ( 'NONE',  ( 0.000000000000000000, 0.000000000000000000, 1.000000000000000000 ) ) ;
#2806 = VERTEX_POINT ( 'NONE', #3109 ) ;
#2807 = CYLINDRICAL_SURFACE ( 'NONE', #1414, 1.000000000000000888 ) ;
#2808 = VERTEX_POINT ( 'NONE', #2345 ) ;
#2809 = ORIENTED_EDGE ( 'NONE', *, *, #3574, .T. ) ;
#2810 = CARTESIAN_POINT ( 'NONE',  ( 102.2871870788990094, -6.349999999999999645, -27.05553499465061051 ) ) ;
#2811 = CIRCLE ( 'NONE', #3848, 2.950000000000001066 ) ;
#2812 = CARTESIAN_POINT ( 'NONE',  ( 17.67766952966372074, 0.000000000000000000, -17.67766952966365679 ) ) ;
#2813 = PLANE ( 'NONE',  #3189 ) ;
#2814 = EDGE_LOOP ( 'NONE', ( #44, #592, #722, #584 ) ) ;
#2815 = DIRECTION ( 'NONE',  ( 0.7071067811865481278, 0.000000000000000000, -0.7071067811865470176 ) ) ;
#2816 = FACE_OUTER_BOUND ( 'NONE', #1463, .T. ) ;
#2817 = VECTOR ( 'NONE', #2618, 1000.000000000000000 ) ;
#2818 = ORIENTED_EDGE ( 'NONE', *, *, #1207, .T. ) ;
#2819 = DIRECTION ( 'NONE',  ( 0.000000000000000000, 1.000000000000000000, -0.000000000000000000 ) ) ;
#2820 = CARTESIAN_POINT ( 'NONE',  ( -18.47499999999998010, -6.349999999999999645, 86.40000000000000568 ) ) ;
#2821 = ORIENTED_EDGE ( 'NONE', *, *, #1341, .F. ) ;
#2822 = CIRCLE ( 'NONE', #3414, 1.000000000000000888 ) ;
#2823 = CARTESIAN_POINT ( 'NONE',  ( 74.57437415779702405, 0.000000000000000000, -75.05553499465061407 ) ) ;
#2824 = CIRCLE ( 'NONE', #2224, 3.000000000000002665 ) ;
#2825 = DIRECTION ( 'NONE',  ( -0.000000000000000000, -0.000000000000000000, -1.000000000000000000 ) ) ;
#2826 = ORIENTED_EDGE ( 'NONE', *, *, #1383, .T. ) ;
#2827 = AXIS2_PLACEMENT_3D ( 'NONE', #2919, #1880, #1525 ) ;
#2828 = EDGE_CURVE ( 'NONE', #1907, #2533, #3479, .T. ) ;
#2829 = EDGE_CURVE ( 'NONE', #2963, #2590, #283, .T. ) ;
#2830 = FACE_OUTER_BOUND ( 'NONE', #1996, .T. ) ;
#2831 = EDGE_LOOP ( 'NONE', ( #608, #2651, #2301, #3620 ) ) ;
#2832 = ORIENTED_EDGE ( 'NONE', *, *, #2968, .T. ) ;
#2833 = FACE_BOUND ( 'NONE', #1113, .T. ) ;
#2834 = DIRECTION ( 'NONE',  ( 0.000000000000000000, 1.000000000000000000, 0.000000000000000000 ) ) ;
#2835 = DIRECTION ( 'NONE',  ( -0.8660254037844362651, -0.000000000000000000, 0.5000000000000041078 ) ) ;
#2836 = ORIENTED_EDGE ( 'NONE', *, *, #815, .F. ) ;
#2837 = DIRECTION ( 'NONE',  ( 0.000000000000000000, 0.000000000000000000, 1.000000000000000000 ) ) ;
#2838 = CARTESIAN_POINT ( 'NONE',  ( -43.24264068711791964, -6.349999999999999645, -72.05553499465071354 ) ) ;
#2839 = ORIENTED_EDGE ( 'NONE', *, *, #1633, .F. ) ;
#2840 = AXIS2_PLACEMENT_3D ( 'NONE', #4314, #2554, #3269 ) ;
#2841 = CARTESIAN_POINT ( 'NONE',  ( 86.94895053995743694, -6.349999999999999645, -48.80000000000041638 ) ) ;
#2842 = EDGE_CURVE ( 'NONE', #491, #3772, #1701, .T. ) ;
#2843 = CARTESIAN_POINT ( 'NONE',  ( 0.000000000000000000, 0.000000000000000000, 101.8000000000000114 ) ) ;
#2844 = ORIENTED_EDGE ( 'NONE', *, *, #4140, .F. ) ;
#2845 = CARTESIAN_POINT ( 'NONE',  ( 77.31049327183761477, 0.000000000000000000, -30.89429769496555878 ) ) ;
#2846 = CIRCLE ( 'NONE', #3953, 32.00000000000000000 ) ;
#2847 = CIRCLE ( 'NONE', #3289, 2.950000000000001066 ) ;
#2848 = CARTESIAN_POINT ( 'NONE',  ( -11.90000000000001457, -6.349999999999999645, 2.428612866367531115E-15 ) ) ;
#2849 = EDGE_CURVE ( 'NONE', #354, #988, #4208, .T. ) ;
#2850 = ORIENTED_EDGE ( 'NONE', *, *, #2289, .F. ) ;
#2851 = LINE ( 'NONE', #2126, #7 ) ;
#2852 = EDGE_CURVE ( 'NONE', #709, #4510, #4471, .T. ) ;
#2853 = AXIS2_PLACEMENT_3D ( 'NONE', #3419, #994, #3812 ) ;
#2854 = ORIENTED_EDGE ( 'NONE', *, *, #112, .F. ) ;
#2855 = ORIENTED_EDGE ( 'NONE', *, *, #83, .F. ) ;
#2856 = FACE_OUTER_BOUND ( 'NONE', #1173, .T. ) ;
#2857 = LINE ( 'NONE', #3506, #190 ) ;
#2858 = EDGE_CURVE ( 'NONE', #2284, #1907, #4132, .T. ) ;
#2859 = FACE_OUTER_BOUND ( 'NONE', #1147, .T. ) ;
#2860 = ORIENTED_EDGE ( 'NONE', *, *, #932, .T. ) ;
#2861 = DIRECTION ( 'NONE',  ( -0.4999999999999919509, 0.000000000000000000, 0.8660254037844432595 ) ) ;
#2862 = DIRECTION ( 'NONE',  ( -0.000000000000000000, -1.000000000000000000, 0.000000000000000000 ) ) ;
#2863 = ORIENTED_EDGE ( 'NONE', *, *, #1082, .T. ) ;
#2864 = LINE ( 'NONE', #388, #3637 ) ;
#2865 = CARTESIAN_POINT ( 'NONE',  ( 86.94895053995743694, 0.000000000000000000, -50.20000000000041496 ) ) ;
#2866 = EDGE_CURVE ( 'NONE', #2696, #616, #1989, .T. ) ;
#2867 = VECTOR ( 'NONE', #1276, 1000.000000000000114 ) ;
#2868 = ORIENTED_EDGE ( 'NONE', *, *, #3193, .T. ) ;
#2869 = DIRECTION ( 'NONE',  ( -0.000000000000000000, -1.000000000000000000, 0.000000000000000000 ) ) ;
#2870 = CARTESIAN_POINT ( 'NONE',  ( -17.47499999999997655, -6.349999999999999645, 93.40000000000000568 ) ) ;
#2871 = ORIENTED_EDGE ( 'NONE', *, *, #1253, .T. ) ;
#2872 = CARTESIAN_POINT ( 'NONE',  ( 14.49999999999998579, -6.349999999999999645, -2.959234164901606766E-15 ) ) ;
#2873 = CYLINDRICAL_SURFACE ( 'NONE', #898, 3.000000000000000000 ) ;
#2874 = ORIENTED_EDGE ( 'NONE', *, *, #4239, .F. ) ;
#2875 = AXIS2_PLACEMENT_3D ( 'NONE', #503, #1641, #3443 ) ;
#2876 = VECTOR ( 'NONE', #218, 1000.000000000000000 ) ;
#2877 = ORIENTED_EDGE ( 'NONE', *, *, #2077, .T. ) ;
#2878 = DIRECTION ( 'NONE',  ( -0.8660254037844368202, 0.000000000000000000, 0.5000000000000032196 ) ) ;
#2879 = VECTOR ( 'NONE', #2136, 999.9999999999998863 ) ;
#2880 = LINE ( 'NONE', #3920, #4178 ) ;
#2881 = CARTESIAN_POINT ( 'NONE',  ( 88.75824730968200527, 0.000000000000000000, -31.06620606886738045 ) ) ;
#2882 = EDGE_LOOP ( 'NONE', ( #3155, #1311 ) ) ;
#2883 = CARTESIAN_POINT ( 'NONE',  ( 14.49999999999998579, 0.000000000000000000, -2.959234164901606766E-15 ) ) ;
#2884 = DIRECTION ( 'NONE',  ( 0.000000000000000000, 1.000000000000000000, 0.000000000000000000 ) ) ;
#2885 = ORIENTED_EDGE ( 'NONE', *, *, #2858, .F. ) ;
#2886 = EDGE_CURVE ( 'NONE', #4288, #1570, #962, .T. ) ;
#2887 = EDGE_CURVE ( 'NONE', #4199, #1098, #801, .T. ) ;
#2888 = DIRECTION ( 'NONE',  ( -0.000000000000000000, 1.000000000000000000, -0.000000000000000000 ) ) ;
#2889 = LINE ( 'NONE', #2118, #596 ) ;
#2890 = CIRCLE ( 'NONE', #74, 1.399999999999999911 ) ;
#2891 = ORIENTED_EDGE ( 'NONE', *, *, #96, .T. ) ;
#2892 = VERTEX_POINT ( 'NONE', #967 ) ;
#2893 = ORIENTED_EDGE ( 'NONE', *, *, #144, .T. ) ;
#2894 = LINE ( 'NONE', #486, #3977 ) ;
#2895 = AXIS2_PLACEMENT_3D ( 'NONE', #4467, #2365, #609 ) ;
#2896 = PLANE ( 'NONE',  #4084 ) ;
#2897 = EDGE_LOOP ( 'NONE', ( #1881, #1714, #1727, #1176 ) ) ;
#2898 = ADVANCED_FACE ( 'NONE', ( #2737 ), #654, .F. ) ;
#2899 = VECTOR ( 'NONE', #1319, 1000.000000000000000 ) ;
#2900 = VERTEX_POINT ( 'NONE', #3134 ) ;
#2901 = FACE_BOUND ( 'NONE', #1781, .T. ) ;
#2902 = EDGE_CURVE ( 'NONE', #1299, #1169, #3808, .T. ) ;
#2903 = CARTESIAN_POINT ( 'NONE',  ( 13.50000000000000178, -6.349999999999999645, 73.90000000000000568 ) ) ;
#2904 = DIRECTION ( 'NONE',  ( -0.000000000000000000, 1.000000000000000000, -0.000000000000000000 ) ) ;
#2905 = VERTEX_POINT ( 'NONE', #991 ) ;
#2906 = DIRECTION ( 'NONE',  ( 0.000000000000000000, 0.000000000000000000, 1.000000000000000000 ) ) ;
#2907 = FACE_OUTER_BOUND ( 'NONE', #4537, .T. ) ;
#2908 = ORIENTED_EDGE ( 'NONE', *, *, #785, .F. ) ;
#2909 = FACE_OUTER_BOUND ( 'NONE', #3221, .T. ) ;
#2910 = DIRECTION ( 'NONE',  ( 0.8660254037844357100, 0.000000000000000000, -0.5000000000000048850 ) ) ;
#2911 = CARTESIAN_POINT ( 'NONE',  ( 17.67766952966372074, -6.349999999999999645, -17.67766952966365679 ) ) ;
#2912 = ADVANCED_FACE ( 'NONE', ( #4451 ), #613, .T. ) ;
#2913 = ORIENTED_EDGE ( 'NONE', *, *, #489, .F. ) ;
#2914 = CIRCLE ( 'NONE', #3136, 0.9999999999999968914 ) ;
#2915 = EDGE_LOOP ( 'NONE', ( #3100, #3022 ) ) ;
#2916 = LINE ( 'NONE', #2267, #587 ) ;
#2917 = CIRCLE ( 'NONE', #4026, 5.000000000000004441 ) ;
#2918 = AXIS2_PLACEMENT_3D ( 'NONE', #4380, #4403, #471 ) ;
#2919 = CARTESIAN_POINT ( 'NONE',  ( 1.999999999999992228, -6.349999999999999645, -64.40000000000000568 ) ) ;
#2920 = ORIENTED_EDGE ( 'NONE', *, *, #4004, .F. ) ;
#2921 = EDGE_CURVE ( 'NONE', #314, #3195, #4494, .T. ) ;
#2922 = ORIENTED_EDGE ( 'NONE', *, *, #3959, .F. ) ;
#2923 = SHAPE_DEFINITION_REPRESENTATION ( #4348, #2094 ) ;
#2924 = CARTESIAN_POINT ( 'NONE',  ( 74.20856948319087110, -6.349999999999999645, -42.26698729810813404 ) ) ;
#2925 = CARTESIAN_POINT ( 'NONE',  ( 78.53869650211306919, 0.000000000000000000, -44.76698729810815536 ) ) ;
#2926 = ORIENTED_EDGE ( 'NONE', *, *, #4281, .F. ) ;
#2927 = DIRECTION ( 'NONE',  ( -0.000000000000000000, 1.000000000000000000, -0.000000000000000000 ) ) ;
#2928 = CARTESIAN_POINT ( 'NONE',  ( 1.999999999999992228, 0.000000000000000000, -61.80000000000001137 ) ) ;
#2929 = ORIENTED_EDGE ( 'NONE', *, *, #3057, .T. ) ;
#2930 = CARTESIAN_POINT ( 'NONE',  ( -17.49999999999999645, -6.349999999999999645, 79.40000000000000568 ) ) ;
#2931 = CARTESIAN_POINT ( 'NONE',  ( -43.37867965644019108, -6.349999999999999645, 74.97699285909244793 ) ) ;
#2932 = CARTESIAN_POINT ( 'NONE',  ( 60.01241706048417512, -6.349999999999999645, -54.85544456622797327 ) ) ;
#2933 = ADVANCED_FACE ( 'NONE', ( #634 ), #1704, .F. ) ;
#2934 = DIRECTION ( 'NONE',  ( -0.000000000000000000, 1.000000000000000000, -0.000000000000000000 ) ) ;
#2935 = EDGE_LOOP ( 'NONE', ( #4486, #1478, #2238, #441, #3135, #4580, #2832, #4186 ) ) ;
#2936 = VERTEX_POINT ( 'NONE', #240 ) ;
#2937 = VECTOR ( 'NONE', #2076, 1000.000000000000000 ) ;
#2938 = EDGE_CURVE ( 'NONE', #2040, #1556, #4512, .T. ) ;
#2939 = EDGE_LOOP ( 'NONE', ( #1738, #1215, #2796, #3533 ) ) ;
#2940 = CARTESIAN_POINT ( 'NONE',  ( -18.47499999999997655, 0.000000000000000000, 92.40000000000000568 ) ) ;
#2941 = EDGE_CURVE ( 'NONE', #1530, #3597, #1034, .T. ) ;
#2942 = DIRECTION ( 'NONE',  ( 0.5000000000000039968, 0.000000000000000000, 0.8660254037844363761 ) ) ;
#2943 = EDGE_LOOP ( 'NONE', ( #2207, #2913, #2266, #2350 ) ) ;
#2944 = ORIENTED_EDGE ( 'NONE', *, *, #339, .F. ) ;
#2945 = FACE_BOUND ( 'NONE', #2756, .T. ) ;
#2946 = CARTESIAN_POINT ( 'NONE',  ( 60.01241706048417512, -6.349999999999999645, -54.85544456622797327 ) ) ;
#2947 = VECTOR ( 'NONE', #3283, 1000.000000000000000 ) ;
#2948 = CYLINDRICAL_SURFACE ( 'NONE', #3999, 1.000000000000000888 ) ;
#2949 = AXIS2_PLACEMENT_3D ( 'NONE', #1376, #1726, #4152 ) ;
#2950 = ORIENTED_EDGE ( 'NONE', *, *, #2505, .T. ) ;
#2951 = AXIS2_PLACEMENT_3D ( 'NONE', #4064, #2957, #2657 ) ;
#2952 = CARTESIAN_POINT ( 'NONE',  ( 73.95856948319087110, -6.349999999999999645, -42.70000000000035811 ) ) ;
#2953 = DIRECTION ( 'NONE',  ( -0.000000000000000000, 1.000000000000000000, -0.000000000000000000 ) ) ;
#2954 = ORIENTED_EDGE ( 'NONE', *, *, #2457, .T. ) ;
#2955 = AXIS2_PLACEMENT_3D ( 'NONE', #3510, #1755, #3162 ) ;
#2956 = LINE ( 'NONE', #899, #1877 ) ;
#2957 = DIRECTION ( 'NONE',  ( -0.000000000000000000, -1.000000000000000000, 0.000000000000000000 ) ) ;
#2958 = DIRECTION ( 'NONE',  ( 0.2588190451025155769, 0.000000000000000000, 0.9659258262890697555 ) ) ;
#2959 = LINE ( 'NONE', #3008, #3469 ) ;
#2960 = VERTEX_POINT ( 'NONE', #3088 ) ;
#2961 = FACE_OUTER_BOUND ( 'NONE', #1296, .T. ) ;
#2962 = AXIS2_PLACEMENT_3D ( 'NONE', #1216, #3716, #791 ) ;
#2963 = VERTEX_POINT ( 'NONE', #2759 ) ;
#2964 = DIRECTION ( 'NONE',  ( -0.000000000000000000, 1.000000000000000000, -0.000000000000000000 ) ) ;
#2965 = FACE_BOUND ( 'NONE', #333, .T. ) ;
#2966 = ORIENTED_EDGE ( 'NONE', *, *, #1610, .T. ) ;
#2967 = ORIENTED_EDGE ( 'NONE', *, *, #939, .T. ) ;
#2968 = EDGE_CURVE ( 'NONE', #1007, #491, #1015, .T. ) ;
#2969 = FACE_BOUND ( 'NONE', #3756, .T. ) ;
#2970 = AXIS2_PLACEMENT_3D ( 'NONE', #2625, #2601, #450 ) ;
#2971 = AXIS2_PLACEMENT_3D ( 'NONE', #4263, #1395, #2805 ) ;
#2972 = EDGE_CURVE ( 'NONE', #2686, #2467, #330, .T. ) ;
#2973 = DIRECTION ( 'NONE',  ( -0.4999999999999919509, 0.000000000000000000, 0.8660254037844432595 ) ) ;
#2974 = CARTESIAN_POINT ( 'NONE',  ( 72.22651867562201744, 0.000000000000000000, -41.70000000000035101 ) ) ;
#2975 = ORIENTED_EDGE ( 'NONE', *, *, #4377, .F. ) ;
#2976 = CARTESIAN_POINT ( 'NONE',  ( 82.86882352103525307, -6.349999999999999645, -47.26698729810817667 ) ) ;
#2977 = CARTESIAN_POINT ( 'NONE',  ( -43.37867965644019108, 0.000000000000000000, 74.97699285909244793 ) ) ;
#2978 = ORIENTED_EDGE ( 'NONE', *, *, #4490, .F. ) ;
#2979 = EDGE_CURVE ( 'NONE', #1794, #2482, #3470, .T. ) ;
#2980 = DIRECTION ( 'NONE',  ( 1.000000000000000000, 0.000000000000000000, -4.884981308350687989E-15 ) ) ;
#2981 = CARTESIAN_POINT ( 'NONE',  ( -78.03869650211368025, 0.000000000000000000, -45.63301270189149506 ) ) ;
#2982 = DIRECTION ( 'NONE',  ( 0.000000000000000000, -1.000000000000000000, 0.000000000000000000 ) ) ;
#2983 = LINE ( 'NONE', #3351, #3173 ) ;
#2984 = ORIENTED_EDGE ( 'NONE', *, *, #4398, .F. ) ;
#2985 = DIRECTION ( 'NONE',  ( 1.000000000000000000, 0.000000000000000000, 7.472654973438552727E-16 ) ) ;
#2986 = VECTOR ( 'NONE', #4389, 1000.000000000000000 ) ;
#2987 = CIRCLE ( 'NONE', #2761, 4.999999999999998224 ) ;
#2988 = VECTOR ( 'NONE', #3112, 1000.000000000000000 ) ;
#2989 = EDGE_LOOP ( 'NONE', ( #242, #2821, #1533, #347 ) ) ;
#2990 = CARTESIAN_POINT ( 'NONE',  ( 17.50000000000000355, -6.349999999999999645, 78.00000000000000000 ) ) ;
#2991 = FACE_BOUND ( 'NONE', #3829, .T. ) ;
#2992 = EDGE_CURVE ( 'NONE', #4402, #3383, #4561, .T. ) ;
#2993 = ORIENTED_EDGE ( 'NONE', *, *, #2741, .F. ) ;
#2994 = DIRECTION ( 'NONE',  ( 0.000000000000000000, 1.000000000000000000, 0.000000000000000000 ) ) ;
#2995 = VERTEX_POINT ( 'NONE', #3852 ) ;
#2996 = EDGE_CURVE ( 'NONE', #1061, #1523, #677, .T. ) ;
#2997 =( GEOMETRIC_REPRESENTATION_CONTEXT ( 3 ) GLOBAL_UNCERTAINTY_ASSIGNED_CONTEXT ( ( #4421 ) ) GLOBAL_UNIT_ASSIGNED_CONTEXT ( ( #3528, #1775, #4543 ) ) REPRESENTATION_CONTEXT ( 'NONE', 'WORKASPACE' ) );
#2998 = DIRECTION ( 'NONE',  ( -0.000000000000000000, -1.000000000000000000, 0.000000000000000000 ) ) ;
#2999 = VECTOR ( 'NONE', #4417, 1000.000000000000000 ) ;
#3000 = DIRECTION ( 'NONE',  ( -0.000000000000000000, -1.000000000000000000, 0.000000000000000000 ) ) ;
#3001 = ORIENTED_EDGE ( 'NONE', *, *, #3422, .F. ) ;
#3002 = LINE ( 'NONE', #1959, #2437 ) ;
#3003 = DIRECTION ( 'NONE',  ( -0.000000000000000000, 1.000000000000000000, -0.000000000000000000 ) ) ;
#3004 = VERTEX_POINT ( 'NONE', #1524 ) ;
#3005 = PLANE ( 'NONE',  #3354 ) ;
#3006 = CARTESIAN_POINT ( 'NONE',  ( -17.67766952966365679, -6.349999999999999645, -20.62766952966372003 ) ) ;
#3007 = DIRECTION ( 'NONE',  ( 0.000000000000000000, 1.000000000000000000, 0.000000000000000000 ) ) ;
#3008 = CARTESIAN_POINT ( 'NONE',  ( -60.01241706048494962, -6.349999999999999645, -53.45544456622712204 ) ) ;
#3009 = AXIS2_PLACEMENT_3D ( 'NONE', #2003, #3396, #3831 ) ;
#3010 = ORIENTED_EDGE ( 'NONE', *, *, #3950, .T. ) ;
#3011 = CARTESIAN_POINT ( 'NONE',  ( 17.67766952966365324, 0.000000000000000000, 17.67766952966372074 ) ) ;
#3012 = EDGE_LOOP ( 'NONE', ( #1218, #1135 ) ) ;
#3013 = DIRECTION ( 'NONE',  ( 0.000000000000000000, 0.000000000000000000, 1.000000000000000000 ) ) ;
#3014 = EDGE_LOOP ( 'NONE', ( #301, #2542, #1330, #3699 ) ) ;
#3015 = DIRECTION ( 'NONE',  ( -0.000000000000000000, -1.000000000000000000, 0.000000000000000000 ) ) ;
#3016 = VERTEX_POINT ( 'NONE', #2940 ) ;
#3017 = LINE ( 'NONE', #2758, #3779 ) ;
#3018 = DIRECTION ( 'NONE',  ( -1.000000000000000000, -0.000000000000000000, 0.000000000000000000 ) ) ;
#3019 = ORIENTED_EDGE ( 'NONE', *, *, #2493, .T. ) ;
#3020 = DIRECTION ( 'NONE',  ( 1.000000000000000000, 0.000000000000000000, 0.000000000000000000 ) ) ;
#3021 = CARTESIAN_POINT ( 'NONE',  ( -10.90000000000000213, -6.349999999999999645, 72.90000000000000568 ) ) ;
#3022 = ORIENTED_EDGE ( 'NONE', *, *, #2428, .T. ) ;
#3023 = VECTOR ( 'NONE', #4198, 999.9999999999998863 ) ;
#3024 = DIRECTION ( 'NONE',  ( 0.000000000000000000, 1.000000000000000000, -0.000000000000000000 ) ) ;
#3025 = CIRCLE ( 'NONE', #281, 1.400000000000001910 ) ;
#3026 = CARTESIAN_POINT ( 'NONE',  ( -70.56209488697598431, -6.349999999999999645, -50.58286656726167507 ) ) ;
#3027 = LINE ( 'NONE', #3770, #469 ) ;
#3028 = DIRECTION ( 'NONE',  ( 0.000000000000000000, 1.000000000000000000, 0.000000000000000000 ) ) ;
#3029 = ORIENTED_EDGE ( 'NONE', *, *, #3800, .F. ) ;
#3030 = CARTESIAN_POINT ( 'NONE',  ( -7.524999999999978151, 0.000000000000000000, 92.40000000000000568 ) ) ;
#3031 = EDGE_CURVE ( 'NONE', #4460, #4332, #1165, .T. ) ;
#3032 = FACE_OUTER_BOUND ( 'NONE', #2498, .T. ) ;
#3033 = VECTOR ( 'NONE', #2211, 1000.000000000000000 ) ;
#3034 = ORIENTED_EDGE ( 'NONE', *, *, #1736, .T. ) ;
#3035 = AXIS2_PLACEMENT_3D ( 'NONE', #2152, #3894, #3217 ) ;
#3036 = LINE ( 'NONE', #1927, #235 ) ;
#3037 = VERTEX_POINT ( 'NONE', #1922 ) ;
#3038 = DIRECTION ( 'NONE',  ( -0.8660254037844432595, 0.000000000000000000, -0.4999999999999919509 ) ) ;
#3039 = DIRECTION ( 'NONE',  ( -0.4999999999999919509, 0.000000000000000000, 0.8660254037844432595 ) ) ;
#3040 = EDGE_LOOP ( 'NONE', ( #734, #2587, #2186, #4041 ) ) ;
#3041 = CIRCLE ( 'NONE', #607, 1.000000000000000888 ) ;
#3042 = CARTESIAN_POINT ( 'NONE',  ( 88.75824730968200527, -6.349999999999999645, -31.06620606886738045 ) ) ;
#3043 = EDGE_CURVE ( 'NONE', #3292, #3558, #2894, .T. ) ;
#3044 = VERTEX_POINT ( 'NONE', #2592 ) ;
#3045 = CARTESIAN_POINT ( 'NONE',  ( -17.49999999999999645, 0.000000000000000000, 78.00000000000001421 ) ) ;
#3046 = DIRECTION ( 'NONE',  ( 1.156482317317870344E-14, 0.000000000000000000, -1.000000000000000000 ) ) ;
#3047 = DIRECTION ( 'NONE',  ( 0.000000000000000000, -0.000000000000000000, -1.000000000000000000 ) ) ;
#3048 = LINE ( 'NONE', #2401, #723 ) ;
#3049 = VERTEX_POINT ( 'NONE', #114 ) ;
#3050 = LINE ( 'NONE', #2723, #1509 ) ;
#3051 = AXIS2_PLACEMENT_3D ( 'NONE', #884, #3124, #1715 ) ;
#3052 = VERTEX_POINT ( 'NONE', #4349 ) ;
#3053 = EDGE_CURVE ( 'NONE', #3049, #4484, #2916, .T. ) ;
#3054 = ORIENTED_EDGE ( 'NONE', *, *, #612, .F. ) ;
#3055 = AXIS2_PLACEMENT_3D ( 'NONE', #3301, #1219, #3280 ) ;
#3056 = CYLINDRICAL_SURFACE ( 'NONE', #3827, 1.399999999999998579 ) ;
#3057 = EDGE_CURVE ( 'NONE', #3126, #2482, #1460, .T. ) ;
#3058 = CIRCLE ( 'NONE', #26, 1.399999999999998579 ) ;
#3059 = ORIENTED_EDGE ( 'NONE', *, *, #783, .F. ) ;
#3060 = CARTESIAN_POINT ( 'NONE',  ( 83.56209488697538745, 0.000000000000000000, -28.06620606886734492 ) ) ;
#3061 = ORIENTED_EDGE ( 'NONE', *, *, #3502, .T. ) ;
#3062 = VECTOR ( 'NONE', #3581, 1000.000000000000000 ) ;
#3063 = FACE_OUTER_BOUND ( 'NONE', #2252, .T. ) ;
#3064 = EDGE_CURVE ( 'NONE', #3488, #4233, #1185, .T. ) ;
#3065 = DIRECTION ( 'NONE',  ( 0.000000000000000000, 1.000000000000000000, -0.000000000000000000 ) ) ;
#3066 = AXIS2_PLACEMENT_3D ( 'NONE', #10, #4564, #1424 ) ;
#3067 = ORIENTED_EDGE ( 'NONE', *, *, #461, .F. ) ;
#3068 = DIRECTION ( 'NONE',  ( 0.4999999999999918399, 0.000000000000000000, -0.8660254037844434816 ) ) ;
#3069 = ORIENTED_EDGE ( 'NONE', *, *, #166, .T. ) ;
#3070 = LINE ( 'NONE', #1637, #1600 ) ;
#3071 = AXIS2_PLACEMENT_3D ( 'NONE', #4055, #4316, #3964 ) ;
#3072 = CYLINDRICAL_SURFACE ( 'NONE', #1619, 3.000000000000002665 ) ;
#3073 = CARTESIAN_POINT ( 'NONE',  ( 3.762500000000019718, 0.000000000000000000, 6.516841163477865351 ) ) ;
#3074 = DIRECTION ( 'NONE',  ( 0.000000000000000000, 0.000000000000000000, 1.000000000000000000 ) ) ;
#3075 = EDGE_CURVE ( 'NONE', #1169, #4318, #2129, .T. ) ;
#3076 = PLANE ( 'NONE',  #1223 ) ;
#3077 = DIRECTION ( 'NONE',  ( 1.000000000000000000, -0.000000000000000000, 0.000000000000000000 ) ) ;
#3078 = ORIENTED_EDGE ( 'NONE', *, *, #2255, .F. ) ;
#3079 = EDGE_LOOP ( 'NONE', ( #1087, #678, #4047, #1717 ) ) ;
#3080 = LINE ( 'NONE', #2990, #4269 ) ;
#3081 = PRODUCT_DEFINITION ( 'UNKNOWN', '', #555, #4075 ) ;
#3082 = ORIENTED_EDGE ( 'NONE', *, *, #2722, .F. ) ;
#3083 = CARTESIAN_POINT ( 'NONE',  ( 0.5000000000000000000, 0.000000000000000000, 85.40000000000000568 ) ) ;
#3084 = ORIENTED_EDGE ( 'NONE', *, *, #2010, .F. ) ;
#3085 = EDGE_CURVE ( 'NONE', #320, #2732, #4352, .T. ) ;
#3086 = DIRECTION ( 'NONE',  ( 0.000000000000000000, 0.000000000000000000, 1.000000000000000000 ) ) ;
#3087 = AXIS2_PLACEMENT_3D ( 'NONE', #3591, #2549, #3960 ) ;
#3088 = CARTESIAN_POINT ( 'NONE',  ( -70.74927733967025745, -6.349999999999999645, -24.25865704890941998 ) ) ;
#3089 = ORIENTED_EDGE ( 'NONE', *, *, #1121, .T. ) ;
#3090 = LINE ( 'NONE', #2371, #1579 ) ;
#3091 = ORIENTED_EDGE ( 'NONE', *, *, #1673, .F. ) ;
#3092 = DIRECTION ( 'NONE',  ( -0.000000000000000000, 1.000000000000000000, -0.000000000000000000 ) ) ;
#3093 = LINE ( 'NONE', #1337, #656 ) ;
#3094 = CARTESIAN_POINT ( 'NONE',  ( 63.26794919243221216, 0.000000000000000000, 36.52776749732628758 ) ) ;
#3095 = DIRECTION ( 'NONE',  ( 0.000000000000000000, 0.000000000000000000, -1.000000000000000000 ) ) ;
#3096 = CARTESIAN_POINT ( 'NONE',  ( 78.53869650211306919, -6.349999999999999645, -39.76698729810815536 ) ) ;
#3097 = FACE_OUTER_BOUND ( 'NONE', #2548, .T. ) ;
#3098 = ADVANCED_FACE ( 'NONE', ( #3678 ), #3610, .T. ) ;
#3099 = AXIS2_PLACEMENT_3D ( 'NONE', #2393, #3828, #4126 ) ;
#3100 = ORIENTED_EDGE ( 'NONE', *, *, #1653, .T. ) ;
#3101 = ORIENTED_EDGE ( 'NONE', *, *, #886, .T. ) ;
#3102 = CARTESIAN_POINT ( 'NONE',  ( 0.000000000000000000, -6.349999999999999645, 85.40000000000000568 ) ) ;
#3103 = CIRCLE ( 'NONE', #2731, 1.000000000000000888 ) ;
#3104 = VERTEX_POINT ( 'NONE', #2569 ) ;
#3105 = DIRECTION ( 'NONE',  ( 0.5000000000000039968, -0.000000000000000000, 0.8660254037844363761 ) ) ;
#3106 = ORIENTED_EDGE ( 'NONE', *, *, #2084, .F. ) ;
#3107 = VECTOR ( 'NONE', #2627, 1000.000000000000000 ) ;
#3108 = DIRECTION ( 'NONE',  ( -0.4999999999999919509, 0.000000000000000000, 0.8660254037844432595 ) ) ;
#3109 = CARTESIAN_POINT ( 'NONE',  ( -8.524999999999979039, -6.349999999999999645, 85.40000000000000568 ) ) ;
#3110 = ORIENTED_EDGE ( 'NONE', *, *, #2792, .F. ) ;
#3111 = EDGE_CURVE ( 'NONE', #4216, #743, #2727, .T. ) ;
#3112 = DIRECTION ( 'NONE',  ( -0.000000000000000000, 1.000000000000000000, -0.000000000000000000 ) ) ;
#3113 = EDGE_CURVE ( 'NONE', #614, #1868, #3976, .T. ) ;
#3114 = EDGE_CURVE ( 'NONE', #1631, #2686, #3541, .T. ) ;
#3115 = DIRECTION ( 'NONE',  ( 0.000000000000000000, 1.000000000000000000, 0.000000000000000000 ) ) ;
#3116 = DIRECTION ( 'NONE',  ( 0.000000000000000000, 1.000000000000000000, 0.000000000000000000 ) ) ;
#3117 = DIRECTION ( 'NONE',  ( 0.000000000000000000, 1.000000000000000000, 0.000000000000000000 ) ) ;
#3118 = CARTESIAN_POINT ( 'NONE',  ( 79.08709488697535051, -6.349999999999999645, -35.81713343273805350 ) ) ;
#3119 = DIRECTION ( 'NONE',  ( 0.7071067811865451302, 0.000000000000000000, -0.7071067811865500152 ) ) ;
#3120 = ADVANCED_FACE ( 'NONE', ( #1836 ), #1546, .F. ) ;
#3121 = ORIENTED_EDGE ( 'NONE', *, *, #3681, .F. ) ;
#3122 = VECTOR ( 'NONE', #34, 1000.000000000000000 ) ;
#3123 = VECTOR ( 'NONE', #1304, 1000.000000000000000 ) ;
#3124 = DIRECTION ( 'NONE',  ( -0.000000000000000000, 1.000000000000000000, -0.000000000000000000 ) ) ;
#3125 = VECTOR ( 'NONE', #3077, 1000.000000000000000 ) ;
#3126 = VERTEX_POINT ( 'NONE', #2173 ) ;
#3127 = DIRECTION ( 'NONE',  ( -0.000000000000000000, 1.000000000000000000, -0.000000000000000000 ) ) ;
#3128 = ORIENTED_EDGE ( 'NONE', *, *, #2010, .T. ) ;
#3129 = DIRECTION ( 'NONE',  ( 0.000000000000000000, -0.000000000000000000, -1.000000000000000000 ) ) ;
#3130 = ORIENTED_EDGE ( 'NONE', *, *, #625, .T. ) ;
#3131 = AXIS2_PLACEMENT_3D ( 'NONE', #2022, #3140, #3766 ) ;
#3132 = EDGE_CURVE ( 'NONE', #3126, #3346, #3320, .T. ) ;
#3133 = FACE_OUTER_BOUND ( 'NONE', #981, .T. ) ;
#3134 = CARTESIAN_POINT ( 'NONE',  ( 43.24264068711675435, 0.000000000000000000, -75.05553499465064249 ) ) ;
#3135 = ORIENTED_EDGE ( 'NONE', *, *, #3308, .F. ) ;
#3136 = AXIS2_PLACEMENT_3D ( 'NONE', #1123, #335, #1797 ) ;
#3137 = VERTEX_POINT ( 'NONE', #418 ) ;
#3138 = CARTESIAN_POINT ( 'NONE',  ( -7.249999999999872990, -6.349999999999999645, 12.55736835487441638 ) ) ;
#3139 = AXIS2_PLACEMENT_3D ( 'NONE', #3807, #3038, #1352 ) ;
#3140 = DIRECTION ( 'NONE',  ( 0.000000000000000000, 1.000000000000000000, 0.000000000000000000 ) ) ;
#3141 = LINE ( 'NONE', #2719, #1695 ) ;
#3142 = ADVANCED_FACE ( 'NONE', ( #2193 ), #442, .F. ) ;
#3143 = VERTEX_POINT ( 'NONE', #2217 ) ;
#3144 = DIRECTION ( 'NONE',  ( -0.000000000000000000, -1.000000000000000000, 0.000000000000000000 ) ) ;
#3145 = FACE_OUTER_BOUND ( 'NONE', #4023, .T. ) ;
#3146 = DIRECTION ( 'NONE',  ( -0.000000000000000000, 1.000000000000000000, -0.000000000000000000 ) ) ;
#3147 = AXIS2_PLACEMENT_3D ( 'NONE', #2716, #3068, #970 ) ;
#3148 = VERTEX_POINT ( 'NONE', #3634 ) ;
#3149 = FACE_OUTER_BOUND ( 'NONE', #2814, .T. ) ;
#3150 = DIRECTION ( 'NONE',  ( 0.4999999999999919509, -0.000000000000000000, -0.8660254037844432595 ) ) ;
#3151 = DIRECTION ( 'NONE',  ( 0.000000000000000000, 0.000000000000000000, 1.000000000000000000 ) ) ;
#3152 = ORIENTED_EDGE ( 'NONE', *, *, #261, .F. ) ;
#3153 = LINE ( 'NONE', #4244, #4070 ) ;
#3154 = DIRECTION ( 'NONE',  ( 0.000000000000000000, 1.000000000000000000, -0.000000000000000000 ) ) ;
#3155 = ORIENTED_EDGE ( 'NONE', *, *, #3359, .T. ) ;
#3156 = ORIENTED_EDGE ( 'NONE', *, *, #4382, .T. ) ;
#3157 = CARTESIAN_POINT ( 'NONE',  ( -78.53869650211368025, 0.000000000000000000, -39.76698729810704691 ) ) ;
#3158 = AXIS2_PLACEMENT_3D ( 'NONE', #232, #1599, #536 ) ;
#3159 = DIRECTION ( 'NONE',  ( 0.8660254037844363761, 0.000000000000000000, -0.5000000000000039968 ) ) ;
#3160 = FACE_OUTER_BOUND ( 'NONE', #1515, .T. ) ;
#3161 = ORIENTED_EDGE ( 'NONE', *, *, #2887, .F. ) ;
#3162 = DIRECTION ( 'NONE',  ( 0.000000000000000000, 0.000000000000000000, 1.000000000000000000 ) ) ;
#3163 = DIRECTION ( 'NONE',  ( 0.000000000000000000, 1.000000000000000000, 0.000000000000000000 ) ) ;
#3164 = CARTESIAN_POINT ( 'NONE',  ( 17.67766952966365324, -6.349999999999999645, 17.67766952966372074 ) ) ;
#3165 = CYLINDRICAL_SURFACE ( 'NONE', #1479, 1.399999999999998579 ) ;
#3166 = EDGE_CURVE ( 'NONE', #1043, #2372, #464, .T. ) ;
#3167 = ORIENTED_EDGE ( 'NONE', *, *, #4550, .T. ) ;
#3168 = FACE_OUTER_BOUND ( 'NONE', #66, .T. ) ;
#3169 = EDGE_CURVE ( 'NONE', #3235, #3609, #4145, .T. ) ;
#3170 = AXIS2_PLACEMENT_3D ( 'NONE', #1143, #4330, #4310 ) ;
#3171 = AXIS2_PLACEMENT_3D ( 'NONE', #3026, #2235, #4434 ) ;
#3172 = ORIENTED_EDGE ( 'NONE', *, *, #1955, .T. ) ;
#3173 = VECTOR ( 'NONE', #2261, 1000.000000000000114 ) ;
#3174 = FACE_OUTER_BOUND ( 'NONE', #3040, .T. ) ;
#3175 = ORIENTED_EDGE ( 'NONE', *, *, #782, .T. ) ;
#3176 = AXIS2_PLACEMENT_3D ( 'NONE', #1806, #778, #1453 ) ;
#3177 = VERTEX_POINT ( 'NONE', #2730 ) ;
#3178 = CYLINDRICAL_SURFACE ( 'NONE', #3066, 2.950000000000001066 ) ;
#3179 = CARTESIAN_POINT ( 'NONE',  ( 68.58325193588547108, -6.349999999999999645, -27.01032309874994297 ) ) ;
#3180 = DIRECTION ( 'NONE',  ( -0.000000000000000000, -1.000000000000000000, 0.000000000000000000 ) ) ;
#3181 = ORIENTED_EDGE ( 'NONE', *, *, #906, .F. ) ;
#3182 = DIRECTION ( 'NONE',  ( -0.000000000000000000, -1.000000000000000000, 0.000000000000000000 ) ) ;
#3183 = DIRECTION ( 'NONE',  ( -0.000000000000000000, 1.000000000000000000, -0.000000000000000000 ) ) ;
#3184 = AXIS2_PLACEMENT_3D ( 'NONE', #764, #4399, #1837 ) ;
#3185 = VERTEX_POINT ( 'NONE', #955 ) ;
#3186 = DIRECTION ( 'NONE',  ( 0.000000000000000000, 0.000000000000000000, 1.000000000000000000 ) ) ;
#3187 = CARTESIAN_POINT ( 'NONE',  ( -85.24470506022582583, -6.349999999999999645, 4.462909748771021867 ) ) ;
#3188 = ORIENTED_EDGE ( 'NONE', *, *, #4071, .T. ) ;
#3189 = AXIS2_PLACEMENT_3D ( 'NONE', #1060, #2466, #4251 ) ;
#3190 = CARTESIAN_POINT ( 'NONE',  ( -77.51241706048465119, -6.349999999999999645, -24.54455543377159898 ) ) ;
#3191 = AXIS2_PLACEMENT_3D ( 'NONE', #1323, #3757, #4149 ) ;
#3192 = EDGE_CURVE ( 'NONE', #1188, #4223, #2645, .T. ) ;
#3193 = EDGE_CURVE ( 'NONE', #3195, #1868, #1992, .T. ) ;
#3194 = DIRECTION ( 'NONE',  ( 0.000000000000000000, 1.000000000000000000, -0.000000000000000000 ) ) ;
#3195 = VERTEX_POINT ( 'NONE', #1251 ) ;
#3196 = EDGE_CURVE ( 'NONE', #748, #1000, #1095, .T. ) ;
#3197 = DIRECTION ( 'NONE',  ( -0.5000000000000004441, 0.000000000000000000, -0.8660254037844383745 ) ) ;
#3198 = ORIENTED_EDGE ( 'NONE', *, *, #3849, .T. ) ;
#3199 = ORIENTED_EDGE ( 'NONE', *, *, #1813, .T. ) ;
#3200 = CYLINDRICAL_SURFACE ( 'NONE', #3654, 3.000000000000002665 ) ;
#3201 = VECTOR ( 'NONE', #2980, 1000.000000000000000 ) ;
#3202 = EDGE_CURVE ( 'NONE', #1197, #390, #1976, .T. ) ;
#3203 = DIRECTION ( 'NONE',  ( 0.000000000000000000, -1.000000000000000000, 0.000000000000000000 ) ) ;
#3204 = VECTOR ( 'NONE', #1965, 1000.000000000000000 ) ;
#3205 = DIRECTION ( 'NONE',  ( 0.000000000000000000, 1.000000000000000000, -0.000000000000000000 ) ) ;
#3206 = ORIENTED_EDGE ( 'NONE', *, *, #2059, .F. ) ;
#3207 = LINE ( 'NONE', #2161, #2879 ) ;
#3208 = DIRECTION ( 'NONE',  ( 0.000000000000000000, 0.000000000000000000, 1.000000000000000000 ) ) ;
#3209 = DIRECTION ( 'NONE',  ( 0.000000000000000000, 0.000000000000000000, 1.000000000000000000 ) ) ;
#3210 = CARTESIAN_POINT ( 'NONE',  ( -72.14927271346715543, -6.349999999999999645, -61.83379393113237654 ) ) ;
#3211 = ORIENTED_EDGE ( 'NONE', *, *, #3738, .T. ) ;
#3212 = FACE_OUTER_BOUND ( 'NONE', #1699, .T. ) ;
#3213 = AXIS2_PLACEMENT_3D ( 'NONE', #663, #1643, #4117 ) ;
#3214 = EDGE_CURVE ( 'NONE', #2806, #4439, #3970, .T. ) ;
#3215 = DIRECTION ( 'NONE',  ( -0.8660254037844434816, 0.000000000000000000, -0.4999999999999918399 ) ) ;
#3216 = VERTEX_POINT ( 'NONE', #2362 ) ;
#3217 = DIRECTION ( 'NONE',  ( -0.5000000000000000000, 0.000000000000000000, 0.8660254037844385966 ) ) ;
#3218 = COLOUR_RGB ( '',0.7921568627450980005, 0.8196078431372548767, 0.9333333333333333481 ) ;
#3219 = ORIENTED_EDGE ( 'NONE', *, *, #137, .F. ) ;
#3220 = EDGE_CURVE ( 'NONE', #81, #2693, #1970, .T. ) ;
#3221 = EDGE_LOOP ( 'NONE', ( #1935, #3343, #1206, #1670 ) ) ;
#3222 = PLANE ( 'NONE',  #1364 ) ;
#3223 = DIRECTION ( 'NONE',  ( -0.000000000000000000, 1.000000000000000000, -0.000000000000000000 ) ) ;
#3224 = CYLINDRICAL_SURFACE ( 'NONE', #531, 1.000000000000000888 ) ;
#3225 = ORIENTED_EDGE ( 'NONE', *, *, #3559, .T. ) ;
#3226 = FACE_OUTER_BOUND ( 'NONE', #1035, .T. ) ;
#3227 = FACE_OUTER_BOUND ( 'NONE', #3692, .T. ) ;
#3228 = EDGE_LOOP ( 'NONE', ( #4453, #885, #2263, #1634 ) ) ;
#3229 = LINE ( 'NONE', #84, #2684 ) ;
#3230 = EDGE_CURVE ( 'NONE', #4111, #2691, #3080, .T. ) ;
#3231 = DIRECTION ( 'NONE',  ( 0.000000000000000000, 1.000000000000000000, 0.000000000000000000 ) ) ;
#3232 = VECTOR ( 'NONE', #1226, 1000.000000000000000 ) ;
#3233 = CARTESIAN_POINT ( 'NONE',  ( 60.01241706048417512, -6.349999999999999645, -53.45544456622797469 ) ) ;
#3234 = EDGE_LOOP ( 'NONE', ( #1363, #4222 ) ) ;
#3235 = VERTEX_POINT ( 'NONE', #983 ) ;
#3236 = DIRECTION ( 'NONE',  ( -0.000000000000000000, 1.000000000000000000, -0.000000000000000000 ) ) ;
#3237 = ORIENTED_EDGE ( 'NONE', *, *, #83, .T. ) ;
#3238 = DIRECTION ( 'NONE',  ( -0.000000000000000000, -1.000000000000000000, -0.000000000000000000 ) ) ;
#3239 = AXIS2_PLACEMENT_3D ( 'NONE', #223, #2418, #2043 ) ;
#3240 = CARTESIAN_POINT ( 'NONE',  ( 63.13325193588542561, -6.349999999999999645, -36.45000000000030127 ) ) ;
#3241 = ORIENTED_EDGE ( 'NONE', *, *, #783, .T. ) ;
#3242 = ORIENTED_EDGE ( 'NONE', *, *, #3433, .T. ) ;
#3243 =( NAMED_UNIT ( * ) PLANE_ANGLE_UNIT ( ) SI_UNIT ( $, .RADIAN. ) );
#3244 = VECTOR ( 'NONE', #2045, 999.9999999999998863 ) ;
#3245 = DIRECTION ( 'NONE',  ( 0.9659258262890686453, 0.000000000000000000, -0.2588190451025196293 ) ) ;
#3246 = EDGE_CURVE ( 'NONE', #3401, #558, #871, .T. ) ;
#3247 = DIRECTION ( 'NONE',  ( -1.387778780781444413E-14, 0.000000000000000000, 1.000000000000000000 ) ) ;
#3248 = VECTOR ( 'NONE', #2927, 1000.000000000000000 ) ;
#3249 = ORIENTED_EDGE ( 'NONE', *, *, #3875, .T. ) ;
#3250 = DIRECTION ( 'NONE',  ( 0.000000000000000000, 0.000000000000000000, 1.000000000000000000 ) ) ;
#3251 = EDGE_CURVE ( 'NONE', #3863, #4563, #1321, .T. ) ;
#3252 = CARTESIAN_POINT ( 'NONE',  ( 78.53869650211306919, -6.349999999999999645, -44.76698729810815536 ) ) ;
#3253 = EDGE_CURVE ( 'NONE', #2936, #2326, #1622, .T. ) ;
#3254 = EDGE_LOOP ( 'NONE', ( #4442, #1187 ) ) ;
#3255 = LINE ( 'NONE', #41, #1494 ) ;
#3256 = DIRECTION ( 'NONE',  ( -0.000000000000000000, 1.000000000000000000, -0.000000000000000000 ) ) ;
#3257 = VECTOR ( 'NONE', #3108, 1000.000000000000000 ) ;
#3258 = EDGE_LOOP ( 'NONE', ( #706, #4164, #4528, #306 ) ) ;
#3259 = ORIENTED_EDGE ( 'NONE', *, *, #3053, .T. ) ;
#3260 = ORIENTED_EDGE ( 'NONE', *, *, #2347, .F. ) ;
#3261 = ADVANCED_FACE ( 'NONE', ( #3032 ), #3056, .F. ) ;
#3262 = VECTOR ( 'NONE', #4031, 1000.000000000000000 ) ;
#3263 = EDGE_LOOP ( 'NONE', ( #351, #3059, #1126, #13 ) ) ;
#3264 = CARTESIAN_POINT ( 'NONE',  ( 78.03869650211306919, -6.349999999999999645, -45.63301270189260350 ) ) ;
#3265 = FACE_BOUND ( 'NONE', #715, .T. ) ;
#3266 = ORIENTED_EDGE ( 'NONE', *, *, #2613, .F. ) ;
#3267 = AXIS2_PLACEMENT_3D ( 'NONE', #3281, #2471, #1849 ) ;
#3268 = ORIENTED_EDGE ( 'NONE', *, *, #1897, .T. ) ;
#3269 = DIRECTION ( 'NONE',  ( 0.000000000000000000, -0.000000000000000000, -1.000000000000000000 ) ) ;
#3270 = EDGE_CURVE ( 'NONE', #2770, #674, #1835, .T. ) ;
#3271 = DIRECTION ( 'NONE',  ( -0.000000000000000000, 1.000000000000000000, -0.000000000000000000 ) ) ;
#3272 = LINE ( 'NONE', #2672, #3262 ) ;
#3273 = ORIENTED_EDGE ( 'NONE', *, *, #2381, .F. ) ;
#3274 = AXIS2_PLACEMENT_3D ( 'NONE', #848, #550, #2258 ) ;
#3275 = LINE ( 'NONE', #2976, #3404 ) ;
#3276 = EDGE_CURVE ( 'NONE', #56, #2808, #4419, .T. ) ;
#3277 = LINE ( 'NONE', #102, #1660 ) ;
#3278 = ORIENTED_EDGE ( 'NONE', *, *, #2058, .T. ) ;
#3279 = EDGE_CURVE ( 'NONE', #1224, #78, #3731, .T. ) ;
#3280 = DIRECTION ( 'NONE',  ( 0.000000000000000000, 0.000000000000000000, -1.000000000000000000 ) ) ;
#3281 = CARTESIAN_POINT ( 'NONE',  ( 77.51241706048433855, -6.349999999999999645, -24.54455543377269322 ) ) ;
#3282 = DIRECTION ( 'NONE',  ( -0.9659258262890697555, 0.000000000000000000, 0.2588190451025155769 ) ) ;
#3283 = DIRECTION ( 'NONE',  ( 0.8660254037844432595, -0.000000000000000000, 0.4999999999999919509 ) ) ;
#3284 = EDGE_LOOP ( 'NONE', ( #8, #880, #124, #1598 ) ) ;
#3285 = AXIS2_PLACEMENT_3D ( 'NONE', #1909, #80, #1156 ) ;
#3286 = ADVANCED_FACE ( 'NONE', ( #559 ), #3384, .F. ) ;
#3287 = DIRECTION ( 'NONE',  ( -0.4999999999999919509, -0.000000000000000000, 0.8660254037844432595 ) ) ;
#3288 = VECTOR ( 'NONE', #2985, 1000.000000000000000 ) ;
#3289 = AXIS2_PLACEMENT_3D ( 'NONE', #1404, #2834, #4250 ) ;
#3290 = FACE_BOUND ( 'NONE', #2409, .T. ) ;
#3291 = EDGE_CURVE ( 'NONE', #923, #2603, #3799, .T. ) ;
#3292 = VERTEX_POINT ( 'NONE', #3754 ) ;
#3293 = ORIENTED_EDGE ( 'NONE', *, *, #4205, .T. ) ;
#3294 = DIRECTION ( 'NONE',  ( -0.000000000000000000, 1.000000000000000000, -0.000000000000000000 ) ) ;
#3295 = CARTESIAN_POINT ( 'NONE',  ( -65.22106948319161290, -6.349999999999999645, -57.83379393113244049 ) ) ;
#3296 = DIRECTION ( 'NONE',  ( 0.000000000000000000, 1.000000000000000000, -0.000000000000000000 ) ) ;
#3297 = ORIENTED_EDGE ( 'NONE', *, *, #4187, .T. ) ;
#3298 = CARTESIAN_POINT ( 'NONE',  ( -70.56209488697598431, 0.000000000000000000, -50.58286656726167507 ) ) ;
#3299 = FACE_OUTER_BOUND ( 'NONE', #4074, .T. ) ;
#3300 = ORIENTED_EDGE ( 'NONE', *, *, #728, .F. ) ;
#3301 = CARTESIAN_POINT ( 'NONE',  ( -77.51241706048465119, 0.000000000000000000, -24.54455543377159898 ) ) ;
#3302 = DIRECTION ( 'NONE',  ( 0.4999999999999997780, 0.000000000000000000, -0.8660254037844387076 ) ) ;
#3303 = DIRECTION ( 'NONE',  ( -0.000000000000000000, -1.000000000000000000, -0.000000000000000000 ) ) ;
#3304 = CARTESIAN_POINT ( 'NONE',  ( 69.44927733966991923, 0.000000000000000000, -27.51032309874995008 ) ) ;
#3305 = ORIENTED_EDGE ( 'NONE', *, *, #3422, .T. ) ;
#3306 = ORIENTED_EDGE ( 'NONE', *, *, #2535, .F. ) ;
#3307 = AXIS2_PLACEMENT_3D ( 'NONE', #160, #3705, #3428 ) ;
#3308 = EDGE_CURVE ( 'NONE', #3601, #2806, #582, .T. ) ;
#3309 = ADVANCED_FACE ( 'NONE', ( #3168 ), #2476, .F. ) ;
#3310 = DIRECTION ( 'NONE',  ( -0.000000000000000000, -1.000000000000000000, -0.000000000000000000 ) ) ;
#3311 = PRODUCT ( 'Baseplate', 'Baseplate', '', ( #3683 ) ) ;
#3312 = DIRECTION ( 'NONE',  ( -0.9659258262890704216, 0.000000000000000000, -0.2588190451025130234 ) ) ;
#3313 = VERTEX_POINT ( 'NONE', #1787 ) ;
#3314 = ADVANCED_FACE ( 'NONE', ( #4529 ), #3519, .F. ) ;
#3315 = ORIENTED_EDGE ( 'NONE', *, *, #3324, .T. ) ;
#3316 = APPLICATION_PROTOCOL_DEFINITION ( 'draft international standard', 'automotive_design', 1998, #792 ) ;
#3317 = CYLINDRICAL_SURFACE ( 'NONE', #1270, 5.000000000000004441 ) ;
#3318 = AXIS2_PLACEMENT_3D ( 'NONE', #2636, #1243, #3628 ) ;
#3319 = DIRECTION ( 'NONE',  ( 0.2588190451025196293, 0.000000000000000000, 0.9659258262890686453 ) ) ;
#3320 = CIRCLE ( 'NONE', #3087, 32.00000000000000711 ) ;
#3321 = ORIENTED_EDGE ( 'NONE', *, *, #2564, .F. ) ;
#3322 = CARTESIAN_POINT ( 'NONE',  ( 69.44927733966991923, -6.349999999999999645, -27.51032309874995008 ) ) ;
#3323 = CARTESIAN_POINT ( 'NONE',  ( 82.36882352103525307, 4.336808689942017736E-16, -48.13301270189260350 ) ) ;
#3324 = EDGE_CURVE ( 'NONE', #635, #340, #3842, .T. ) ;
#3325 = ORIENTED_EDGE ( 'NONE', *, *, #294, .F. ) ;
#3326 = AXIS2_PLACEMENT_3D ( 'NONE', #1687, #3792, #3095 ) ;
#3327 = CARTESIAN_POINT ( 'NONE',  ( 82.61882352103525307, -6.349999999999999645, -47.70000000000039364 ) ) ;
#3328 = CARTESIAN_POINT ( 'NONE',  ( -65.58709488697606105, -6.349999999999999645, -59.19981933491688153 ) ) ;
#3329 = CARTESIAN_POINT ( 'NONE',  ( 86.94895053995743694, -6.349999999999999645, -50.20000000000041496 ) ) ;
#3330 = CARTESIAN_POINT ( 'NONE',  ( -77.51241706048465119, -6.349999999999999645, -23.14455543377160041 ) ) ;
#3331 = VERTEX_POINT ( 'NONE', #3448 ) ;
#3332 = DIRECTION ( 'NONE',  ( -0.000000000000000000, 1.000000000000000000, -0.000000000000000000 ) ) ;
#3333 = ORIENTED_EDGE ( 'NONE', *, *, #3762, .F. ) ;
#3334 = EDGE_CURVE ( 'NONE', #4267, #474, #3900, .T. ) ;
#3335 = CARTESIAN_POINT ( 'NONE',  ( 83.56209488697538745, -6.349999999999999645, -27.06620606886734492 ) ) ;
#3336 = LINE ( 'NONE', #162, #603 ) ;
#3337 = EDGE_LOOP ( 'NONE', ( #4553, #5 ) ) ;
#3338 = CARTESIAN_POINT ( 'NONE',  ( -129.9999999999989768, -6.349999999999999645, -75.05553499465077039 ) ) ;
#3339 = VERTEX_POINT ( 'NONE', #1763 ) ;
#3340 = VECTOR ( 'NONE', #3619, 1000.000000000000114 ) ;
#3341 = CYLINDRICAL_SURFACE ( 'NONE', #2543, 2.950000000000001066 ) ;
#3342 = CYLINDRICAL_SURFACE ( 'NONE', #2748, 1.399999999999998579 ) ;
#3343 = ORIENTED_EDGE ( 'NONE', *, *, #4187, .F. ) ;
#3344 = FACE_OUTER_BOUND ( 'NONE', #3492, .T. ) ;
#3345 = CARTESIAN_POINT ( 'NONE',  ( -74.57437415779480716, -6.349999999999999645, -75.05553499465072775 ) ) ;
#3346 = VERTEX_POINT ( 'NONE', #2823 ) ;
#3347 = EDGE_CURVE ( 'NONE', #3004, #2310, #4238, .T. ) ;
#3348 = CARTESIAN_POINT ( 'NONE',  ( -27.71281292110087691, -6.349999999999999645, 102.1110699893032745 ) ) ;
#3349 = DIRECTION ( 'NONE',  ( 0.000000000000000000, 1.000000000000000000, 0.000000000000000000 ) ) ;
#3350 = PLANE ( 'NONE',  #893 ) ;
#3351 = CARTESIAN_POINT ( 'NONE',  ( -22.57735026919043619, -6.349999999999999645, -6.049582771863973640 ) ) ;
#3352 = ORIENTED_EDGE ( 'NONE', *, *, #2511, .T. ) ;
#3353 = CARTESIAN_POINT ( 'NONE',  ( 86.94895053995743694, 0.000000000000000000, -48.80000000000041638 ) ) ;
#3354 = AXIS2_PLACEMENT_3D ( 'NONE', #2234, #4410, #3647 ) ;
#3355 = AXIS2_PLACEMENT_3D ( 'NONE', #4087, #3744, #2739 ) ;
#3356 = VERTEX_POINT ( 'NONE', #22 ) ;
#3357 = DIRECTION ( 'NONE',  ( -0.5000000000000000000, 0.000000000000000000, 0.8660254037844385966 ) ) ;
#3358 = CYLINDRICAL_SURFACE ( 'NONE', #3935, 2.950000000000001066 ) ;
#3359 = EDGE_CURVE ( 'NONE', #3037, #4489, #1168, .T. ) ;
#3360 = ORIENTED_EDGE ( 'NONE', *, *, #4329, .F. ) ;
#3361 = DIRECTION ( 'NONE',  ( 0.000000000000000000, 0.000000000000000000, 1.000000000000000000 ) ) ;
#3362 = ORIENTED_EDGE ( 'NONE', *, *, #1390, .T. ) ;
#3363 = CIRCLE ( 'NONE', #4397, 3.000000000000000000 ) ;
#3364 = EDGE_CURVE ( 'NONE', #2407, #2538, #1392, .T. ) ;
#3365 = CIRCLE ( 'NONE', #1372, 2.950000000000001066 ) ;
#3366 = LINE ( 'NONE', #4511, #447 ) ;
#3367 = CIRCLE ( 'NONE', #2396, 1.000000000000005551 ) ;
#3368 = FACE_OUTER_BOUND ( 'NONE', #2804, .T. ) ;
#3369 = EDGE_CURVE ( 'NONE', #3356, #56, #1903, .T. ) ;
#3370 = ORIENTED_EDGE ( 'NONE', *, *, #939, .F. ) ;
#3371 = EDGE_CURVE ( 'NONE', #50, #960, #370, .T. ) ;
#3372 = DIRECTION ( 'NONE',  ( -0.000000000000000000, 1.000000000000000000, -0.000000000000000000 ) ) ;
#3373 = CARTESIAN_POINT ( 'NONE',  ( -78.97651867562247219, 0.000000000000000000, -30.00865704890934893 ) ) ;
#3374 = EDGE_CURVE ( 'NONE', #3772, #2319, #1368, .T. ) ;
#3375 = ORIENTED_EDGE ( 'NONE', *, *, #4382, .F. ) ;
#3376 = CARTESIAN_POINT ( 'NONE',  ( 13.99999999999999112, -6.349999999999999645, -64.40000000000000568 ) ) ;
#3377 = LINE ( 'NONE', #3328, #438 ) ;
#3378 = DIRECTION ( 'NONE',  ( 0.000000000000000000, 1.000000000000000000, -0.000000000000000000 ) ) ;
#3379 = LINE ( 'NONE', #3330, #439 ) ;
#3380 = ORIENTED_EDGE ( 'NONE', *, *, #1470, .F. ) ;
#3381 = CARTESIAN_POINT ( 'NONE',  ( -17.47499999999998010, 0.000000000000000000, 86.40000000000000568 ) ) ;
#3382 = EDGE_LOOP ( 'NONE', ( #520, #1322, #2573, #4446 ) ) ;
#3383 = VERTEX_POINT ( 'NONE', #2496 ) ;
#3384 = PLANE ( 'NONE',  #1389 ) ;
#3385 = VECTOR ( 'NONE', #3777, 1000.000000000000000 ) ;
#3386 = ORIENTED_EDGE ( 'NONE', *, *, #2194, .F. ) ;
#3387 = LINE ( 'NONE', #3780, #1563 ) ;
#3388 = ORIENTED_EDGE ( 'NONE', *, *, #913, .F. ) ;
#3389 = CARTESIAN_POINT ( 'NONE',  ( 0.000000000000000000, -6.349999999999999645, 93.40000000000000568 ) ) ;
#3390 = DIRECTION ( 'NONE',  ( 0.000000000000000000, 1.000000000000000000, -0.000000000000000000 ) ) ;
#3391 = ORIENTED_EDGE ( 'NONE', *, *, #1333, .T. ) ;
#3392 = CARTESIAN_POINT ( 'NONE',  ( 1.714505518806293159E-16, -6.349999999999999645, 99.00000000000001421 ) ) ;
#3393 = ORIENTED_EDGE ( 'NONE', *, *, #1653, .F. ) ;
#3394 = EDGE_CURVE ( 'NONE', #564, #4032, #4483, .T. ) ;
#3395 = AXIS2_PLACEMENT_3D ( 'NONE', #1353, #591, #1284 ) ;
#3396 = DIRECTION ( 'NONE',  ( -0.000000000000000000, -1.000000000000000000, 0.000000000000000000 ) ) ;
#3397 = VECTOR ( 'NONE', #285, 1000.000000000000227 ) ;
#3398 = FACE_OUTER_BOUND ( 'NONE', #894, .T. ) ;
#3399 = CARTESIAN_POINT ( 'NONE',  ( 43.67838092395535909, -6.349999999999999645, 72.70053572378662921 ) ) ;
#3400 = DIRECTION ( 'NONE',  ( 0.000000000000000000, 0.000000000000000000, 1.000000000000000000 ) ) ;
#3401 = VERTEX_POINT ( 'NONE', #2845 ) ;
#3402 = CARTESIAN_POINT ( 'NONE',  ( -58.54927733967045356, 0.000000000000000000, -46.38967690124984244 ) ) ;
#3403 = CLOSED_SHELL ( 'NONE', ( #305, #197, #1345, #487, #1779, #4565, #4130, #1560, #1302, #4183, #1247, #1804, #344, #1782, #1297, #3449, #850, #2639, #1789, #155, #3818, #1024, #168, #1815, #4571, #77, #193, #1873, #1732, #310, #3286, #3545, #1951, #969, #2933, #3450, #4364, #4073, #4449, #1521, #2547, #3630, #4514, #4146, #1486, #3098, #2602, #2027, #336, #1644, #25, #2520, #4409, #2216, #1724, #129, #3432, #2690, #804, #2375, #1263, #3985, #374, #1757, #1829, #4190, #85, #569, #2149, #2633, #606, #4277, #4128, #2349, #1107, #4167, #648, #2794, #4007, #595, #3566, #2898, #3418, #1812, #795, #583, #3142, #806, #4440, #535, #1895, #2555, #943, #1436, #4247, #704, #2757, #1432, #228, #4189, #3676, #2912, #3314, #4535, #3309, #1573, #2589, #349, #3534, #2541, #3120, #3261, #4024, #2008, #1552, #3794, #2773, #675, #2239, #808, #4034, #4105, #1795, #2198, #4570, #869, #2463, #2440, #4098, #1884, #1077 ) ) ;
#3404 = VECTOR ( 'NONE', #1513, 1000.000000000000000 ) ;
#3405 = ORIENTED_EDGE ( 'NONE', *, *, #1164, .T. ) ;
#3406 = DIRECTION ( 'NONE',  ( 0.000000000000000000, 0.000000000000000000, 1.000000000000000000 ) ) ;
#3407 = ORIENTED_EDGE ( 'NONE', *, *, #807, .F. ) ;
#3408 = AXIS2_PLACEMENT_3D ( 'NONE', #1746, #693, #1054 ) ;
#3409 = DIRECTION ( 'NONE',  ( 1.000000000000000000, 0.000000000000000000, 7.472654973438552727E-16 ) ) ;
#3410 = ORIENTED_EDGE ( 'NONE', *, *, #1747, .T. ) ;
#3411 = DIRECTION ( 'NONE',  ( -0.000000000000000000, 1.000000000000000000, -0.000000000000000000 ) ) ;
#3412 = DIRECTION ( 'NONE',  ( 0.000000000000000000, 0.000000000000000000, 1.000000000000000000 ) ) ;
#3413 = ORIENTED_EDGE ( 'NONE', *, *, #756, .F. ) ;
#3414 = AXIS2_PLACEMENT_3D ( 'NONE', #3663, #1555, #4381 ) ;
#3415 = LINE ( 'NONE', #3763, #3943 ) ;
#3416 = AXIS2_PLACEMENT_3D ( 'NONE', #257, #3015, #540 ) ;
#3417 = ORIENTED_EDGE ( 'NONE', *, *, #3537, .T. ) ;
#3418 = ADVANCED_FACE ( 'NONE', ( #1741 ), #1344, .F. ) ;
#3419 = CARTESIAN_POINT ( 'NONE',  ( -78.53869650211368025, -6.349999999999999645, -44.76698729810705402 ) ) ;
#3420 = DIRECTION ( 'NONE',  ( 0.000000000000000000, 1.000000000000000000, 0.000000000000000000 ) ) ;
#3421 = CARTESIAN_POINT ( 'NONE',  ( 78.22106948319090236, -6.349999999999999645, -35.31713343273805350 ) ) ;
#3422 = EDGE_CURVE ( 'NONE', #2892, #1275, #1008, .T. ) ;
#3423 = DIRECTION ( 'NONE',  ( -0.000000000000000000, 1.000000000000000000, -0.000000000000000000 ) ) ;
#3424 = DIRECTION ( 'NONE',  ( 0.000000000000000000, 1.000000000000000000, -0.000000000000000000 ) ) ;
#3425 = AXIS2_PLACEMENT_3D ( 'NONE', #3625, #707, #1065 ) ;
#3426 = EDGE_CURVE ( 'NONE', #3148, #2539, #352, .T. ) ;
#3427 = VERTEX_POINT ( 'NONE', #3493 ) ;
#3428 = DIRECTION ( 'NONE',  ( 0.000000000000000000, 0.000000000000000000, 1.000000000000000000 ) ) ;
#3429 = ORIENTED_EDGE ( 'NONE', *, *, #424, .T. ) ;
#3430 = CARTESIAN_POINT ( 'NONE',  ( -43.58956826847729360, -6.349999999999999645, 72.36908238119036696 ) ) ;
#3431 = ORIENTED_EDGE ( 'NONE', *, *, #2774, .T. ) ;
#3432 = ADVANCED_FACE ( 'NONE', ( #3149 ), #2801, .F. ) ;
#3433 = EDGE_CURVE ( 'NONE', #2372, #3104, #2824, .T. ) ;
#3434 = CARTESIAN_POINT ( 'NONE',  ( -70.74927733967025745, -6.349999999999999645, -25.25865704890942354 ) ) ;
#3435 = CARTESIAN_POINT ( 'NONE',  ( 77.51241706048433855, 0.000000000000000000, -24.54455543377269322 ) ) ;
#3436 = ORIENTED_EDGE ( 'NONE', *, *, #1583, .F. ) ;
#3437 = CARTESIAN_POINT ( 'NONE',  ( -70.74927733967025745, 0.000000000000000000, -24.25865704890941998 ) ) ;
#3438 = ORIENTED_EDGE ( 'NONE', *, *, #735, .T. ) ;
#3439 = CIRCLE ( 'NONE', #40, 3.000000000000000000 ) ;
#3440 = FACE_OUTER_BOUND ( 'NONE', #4428, .T. ) ;
#3441 = CARTESIAN_POINT ( 'NONE',  ( -46.48734574734449154, -6.349999999999999645, 71.59262524588281451 ) ) ;
#3442 = CARTESIAN_POINT ( 'NONE',  ( -7.524999999999978151, -6.349999999999999645, 86.40000000000000568 ) ) ;
#3443 = DIRECTION ( 'NONE',  ( 0.000000000000000000, 0.000000000000000000, 1.000000000000000000 ) ) ;
#3444 = DIRECTION ( 'NONE',  ( 1.776356839400252042E-15, 0.000000000000000000, -1.000000000000000000 ) ) ;
#3445 = CARTESIAN_POINT ( 'NONE',  ( 0.000000000000000000, -6.349999999999999645, 93.40000000000000568 ) ) ;
#3446 = AXIS2_PLACEMENT_3D ( 'NONE', #3483, #245, #2677 ) ;
#3447 = ORIENTED_EDGE ( 'NONE', *, *, #2772, .F. ) ;
#3448 = CARTESIAN_POINT ( 'NONE',  ( 43.67838092395535909, -0.000000000000000000, 72.70053572378662921 ) ) ;
#3449 = ADVANCED_FACE ( 'NONE', ( #3212 ), #45, .F. ) ;
#3450 = ADVANCED_FACE ( 'NONE', ( #1809 ), #4284, .F. ) ;
#3451 = EDGE_LOOP ( 'NONE', ( #18, #3211 ) ) ;
#3452 = EDGE_CURVE ( 'NONE', #4131, #2338, #2733, .T. ) ;
#3453 = DIRECTION ( 'NONE',  ( 0.000000000000000000, 0.000000000000000000, -1.000000000000000000 ) ) ;
#3454 = VERTEX_POINT ( 'NONE', #2320 ) ;
#3455 = DIRECTION ( 'NONE',  ( -0.000000000000000000, 1.000000000000000000, -0.000000000000000000 ) ) ;
#3456 = DIRECTION ( 'NONE',  ( 0.000000000000000000, 0.000000000000000000, 1.000000000000000000 ) ) ;
#3457 = EDGE_CURVE ( 'NONE', #3004, #4356, #1949, .T. ) ;
#3458 = ORIENTED_EDGE ( 'NONE', *, *, #2774, .F. ) ;
#3459 = FACE_OUTER_BOUND ( 'NONE', #1765, .T. ) ;
#3460 = CARTESIAN_POINT ( 'NONE',  ( 78.03869650211306919, -6.349999999999999645, -45.63301270189260350 ) ) ;
#3461 = CARTESIAN_POINT ( 'NONE',  ( -60.01241706048494962, -6.349999999999999645, -56.25544456622711920 ) ) ;
#3462 = CARTESIAN_POINT ( 'NONE',  ( 9.237499999999856826, -6.349999999999999645, -15.99981933491762298 ) ) ;
#3463 = CARTESIAN_POINT ( 'NONE',  ( 27.71281292110319683, -6.349999999999999645, 102.1110699893032319 ) ) ;
#3464 = EDGE_CURVE ( 'NONE', #2480, #377, #2678, .T. ) ;
#3465 = CYLINDRICAL_SURFACE ( 'NONE', #557, 2.950000000000001066 ) ;
#3466 = ORIENTED_EDGE ( 'NONE', *, *, #3053, .F. ) ;
#3467 = CIRCLE ( 'NONE', #2280, 0.9999999999999935607 ) ;
#3468 = DIRECTION ( 'NONE',  ( -0.000000000000000000, 1.000000000000000000, -0.000000000000000000 ) ) ;
#3469 = VECTOR ( 'NONE', #799, 1000.000000000000000 ) ;
#3470 = CIRCLE ( 'NONE', #2202, 3.000000000000000000 ) ;
#3471 = ORIENTED_EDGE ( 'NONE', *, *, #1545, .T. ) ;
#3472 = DIRECTION ( 'NONE',  ( 1.000000000000000000, -0.000000000000000000, 0.000000000000000000 ) ) ;
#3473 = AXIS2_PLACEMENT_3D ( 'NONE', #746, #3555, #3250 ) ;
#3474 = CIRCLE ( 'NONE', #1335, 5.000000000000004441 ) ;
#3475 = DIRECTION ( 'NONE',  ( -0.4999999999999920064, 0.000000000000000000, 0.8660254037844432595 ) ) ;
#3476 = LINE ( 'NONE', #3520, #985 ) ;
#3477 = ORIENTED_EDGE ( 'NONE', *, *, #1773, .T. ) ;
#3478 = DIRECTION ( 'NONE',  ( 0.000000000000000000, 1.000000000000000000, -0.000000000000000000 ) ) ;
#3479 = LINE ( 'NONE', #3741, #1199 ) ;
#3480 = ORIENTED_EDGE ( 'NONE', *, *, #2226, .T. ) ;
#3481 = ORIENTED_EDGE ( 'NONE', *, *, #2255, .T. ) ;
#3482 = CARTESIAN_POINT ( 'NONE',  ( -76.62427271346707869, -6.349999999999999645, -54.08286656726161823 ) ) ;
#3483 = CARTESIAN_POINT ( 'NONE',  ( -3.538835890992686473E-13, -6.349999999999999645, -73.05553499465261780 ) ) ;
#3484 = FACE_OUTER_BOUND ( 'NONE', #1400, .T. ) ;
#3485 = EDGE_LOOP ( 'NONE', ( #1901, #3579, #1918, #4006 ) ) ;
#3486 = CARTESIAN_POINT ( 'NONE',  ( 74.20856948319087110, -6.349999999999999645, -42.26698729810813404 ) ) ;
#3487 = FACE_OUTER_BOUND ( 'NONE', #2509, .T. ) ;
#3488 = VERTEX_POINT ( 'NONE', #987 ) ;
#3489 = VECTOR ( 'NONE', #691, 1000.000000000000000 ) ;
#3490 = DIRECTION ( 'NONE',  ( 0.4999999999999955591, 0.000000000000000000, -0.8660254037844412611 ) ) ;
#3491 = AXIS2_PLACEMENT_3D ( 'NONE', #1410, #2819, #433 ) ;
#3492 = EDGE_LOOP ( 'NONE', ( #2839, #485, #2626, #2050 ) ) ;
#3493 = CARTESIAN_POINT ( 'NONE',  ( 83.78324730968195411, 0.000000000000000000, -39.68315883652251586 ) ) ;
#3494 = ORIENTED_EDGE ( 'NONE', *, *, #4193, .F. ) ;
#3495 = DIRECTION ( 'NONE',  ( -1.000000000000000000, 0.000000000000000000, 2.040851148208006519E-16 ) ) ;
#3496 = ORIENTED_EDGE ( 'NONE', *, *, #3334, .F. ) ;
#3497 = VECTOR ( 'NONE', #1936, 1000.000000000000000 ) ;
#3498 = DIRECTION ( 'NONE',  ( 0.5000000000000082157, 0.000000000000000000, 0.8660254037844338226 ) ) ;
#3499 = CARTESIAN_POINT ( 'NONE',  ( 84.02324413220742372, 0.000000000000000000, -1.421457864441567853 ) ) ;
#3500 = ORIENTED_EDGE ( 'NONE', *, *, #4156, .T. ) ;
#3501 = AXIS2_PLACEMENT_3D ( 'NONE', #2763, #2020, #2697 ) ;
#3502 = EDGE_CURVE ( 'NONE', #2770, #343, #3036, .T. ) ;
#3503 = ORIENTED_EDGE ( 'NONE', *, *, #3902, .T. ) ;
#3504 = DIRECTION ( 'NONE',  ( 0.8660254037844362651, 0.000000000000000000, -0.5000000000000041078 ) ) ;
#3505 = AXIS2_PLACEMENT_3D ( 'NONE', #4201, #1443, #1772 ) ;
#3506 = CARTESIAN_POINT ( 'NONE',  ( 17.50000000000000355, -6.349999999999999645, 80.79999999999999716 ) ) ;
#3507 = EDGE_CURVE ( 'NONE', #4318, #4468, #2389, .T. ) ;
#3508 = DIRECTION ( 'NONE',  ( -0.000000000000000000, -1.000000000000000000, -0.000000000000000000 ) ) ;
#3509 = ORIENTED_EDGE ( 'NONE', *, *, #3369, .F. ) ;
#3510 = CARTESIAN_POINT ( 'NONE',  ( 0.000000000000000000, -6.349999999999999645, 100.4000000000000199 ) ) ;
#3511 = EDGE_CURVE ( 'NONE', #3597, #1530, #4373, .T. ) ;
#3512 = DIRECTION ( 'NONE',  ( -0.000000000000000000, 1.000000000000000000, -0.000000000000000000 ) ) ;
#3513 = ORIENTED_EDGE ( 'NONE', *, *, #3166, .T. ) ;
#3514 = AXIS2_PLACEMENT_3D ( 'NONE', #2249, #2575, #2973 ) ;
#3515 = CARTESIAN_POINT ( 'NONE',  ( 82.86882352103525307, 4.336808689942017736E-16, -47.26698729810816246 ) ) ;
#3516 = DIRECTION ( 'NONE',  ( 0.5000000000000045519, 0.000000000000000000, 0.8660254037844360431 ) ) ;
#3517 = VERTEX_POINT ( 'NONE', #3804 ) ;
#3518 = ORIENTED_EDGE ( 'NONE', *, *, #1495, .T. ) ;
#3519 = CYLINDRICAL_SURFACE ( 'NONE', #579, 1.000000000000000888 ) ;
#3520 = CARTESIAN_POINT ( 'NONE',  ( -18.47499999999997655, -0.000000000000000000, 0.000000000000000000 ) ) ;
#3521 = VERTEX_POINT ( 'NONE', #3083 ) ;
#3522 = DIRECTION ( 'NONE',  ( -0.000000000000000000, 1.000000000000000000, -0.000000000000000000 ) ) ;
#3523 = EDGE_CURVE ( 'NONE', #2539, #2533, #1602, .T. ) ;
#3524 = ORIENTED_EDGE ( 'NONE', *, *, #1972, .F. ) ;
#3525 = ORIENTED_EDGE ( 'NONE', *, *, #1390, .F. ) ;
#3526 = CARTESIAN_POINT ( 'NONE',  ( -17.47499999999998010, -6.349999999999999645, 85.40000000000000568 ) ) ;
#3527 = VECTOR ( 'NONE', #3472, 1000.000000000000000 ) ;
#3528 =( LENGTH_UNIT ( ) NAMED_UNIT ( * ) SI_UNIT ( .MILLI., .METRE. ) );
#3529 = LINE ( 'NONE', #404, #1862 ) ;
#3530 = ORIENTED_EDGE ( 'NONE', *, *, #3727, .F. ) ;
#3531 = DIRECTION ( 'NONE',  ( -0.5000000000000000000, 0.000000000000000000, 0.8660254037844385966 ) ) ;
#3532 = DIRECTION ( 'NONE',  ( 0.000000000000000000, 0.000000000000000000, 1.000000000000000000 ) ) ;
#3533 = ORIENTED_EDGE ( 'NONE', *, *, #3364, .F. ) ;
#3534 = ADVANCED_FACE ( 'NONE', ( #3709 ), #1279, .F. ) ;
#3535 = CARTESIAN_POINT ( 'NONE',  ( -65.41049327183823436, -6.349999999999999645, -51.50570230503421243 ) ) ;
#3536 = CARTESIAN_POINT ( 'NONE',  ( -78.53869650211368025, 0.000000000000000000, -44.76698729810705402 ) ) ;
#3537 = EDGE_CURVE ( 'NONE', #811, #3863, #3387, .T. ) ;
#3538 = VERTEX_POINT ( 'NONE', #2710 ) ;
#3539 = EDGE_LOOP ( 'NONE', ( #2056, #1950, #2079, #3590 ) ) ;
#3540 = CARTESIAN_POINT ( 'NONE',  ( 17.67766952966365324, -6.349999999999999645, 20.62766952966372003 ) ) ;
#3541 = CIRCLE ( 'NONE', #1541, 0.9999999999999968914 ) ;
#3542 = VECTOR ( 'NONE', #4018, 1000.000000000000000 ) ;
#3543 = CARTESIAN_POINT ( 'NONE',  ( -17.47499999999998010, -6.349999999999999645, 85.40000000000000568 ) ) ;
#3544 = ORIENTED_EDGE ( 'NONE', *, *, #2828, .F. ) ;
#3545 = ADVANCED_FACE ( 'NONE', ( #937 ), #164, .T. ) ;
#3546 = CIRCLE ( 'NONE', #3473, 2.950000000000001066 ) ;
#3547 = CARTESIAN_POINT ( 'NONE',  ( 77.51241706048433855, -6.349999999999999645, -25.94455543377269180 ) ) ;
#3548 = ORIENTED_EDGE ( 'NONE', *, *, #2688, .T. ) ;
#3549 = AXIS2_PLACEMENT_3D ( 'NONE', #3536, #43, #389 ) ;
#3550 = ORIENTED_EDGE ( 'NONE', *, *, #3895, .F. ) ;
#3551 = CARTESIAN_POINT ( 'NONE',  ( -66.77651867562266830, 0.000000000000000000, -51.13967690124976428 ) ) ;
#3552 = CARTESIAN_POINT ( 'NONE',  ( -17.67766952966371719, -6.349999999999999645, 20.62766952966366318 ) ) ;
#3553 = CARTESIAN_POINT ( 'NONE',  ( -8.524999999999979039, 0.000000000000000000, 85.40000000000000568 ) ) ;
#3554 = ORIENTED_EDGE ( 'NONE', *, *, #1163, .T. ) ;
#3555 = DIRECTION ( 'NONE',  ( 0.000000000000000000, 1.000000000000000000, 0.000000000000000000 ) ) ;
#3556 = CARTESIAN_POINT ( 'NONE',  ( -28.60000000000001208, -6.349999999999999645, -64.40000000000000568 ) ) ;
#3557 = VECTOR ( 'NONE', #1702, 999.9999999999998863 ) ;
#3558 = VERTEX_POINT ( 'NONE', #2297 ) ;
#3559 = EDGE_CURVE ( 'NONE', #3177, #354, #4447, .T. ) ;
#3560 = DIRECTION ( 'NONE',  ( 0.000000000000000000, 1.000000000000000000, 0.000000000000000000 ) ) ;
#3561 = DIRECTION ( 'NONE',  ( -0.000000000000000000, -1.000000000000000000, -0.000000000000000000 ) ) ;
#3562 = VERTEX_POINT ( 'NONE', #3430 ) ;
#3563 = DIRECTION ( 'NONE',  ( 0.000000000000000000, 1.000000000000000000, -0.000000000000000000 ) ) ;
#3564 = CIRCLE ( 'NONE', #4081, 3.000000000000002665 ) ;
#3565 = CIRCLE ( 'NONE', #989, 1.000000000000000222 ) ;
#3566 = ADVANCED_FACE ( 'NONE', ( #4123 ), #4422, .T. ) ;
#3567 = LINE ( 'NONE', #4371, #2999 ) ;
#3568 = ORIENTED_EDGE ( 'NONE', *, *, #2157, .T. ) ;
#3569 = LINE ( 'NONE', #302, #2374 ) ;
#3570 = EDGE_LOOP ( 'NONE', ( #3078, #3417, #1288, #3503 ) ) ;
#3571 = VERTEX_POINT ( 'NONE', #4401 ) ;
#3572 = DIRECTION ( 'NONE',  ( 1.000000000000000000, 0.000000000000000000, -0.000000000000000000 ) ) ;
#3573 = AXIS2_PLACEMENT_3D ( 'NONE', #3460, #659, #1336 ) ;
#3574 = EDGE_CURVE ( 'NONE', #354, #3689, #1995, .T. ) ;
#3575 = LINE ( 'NONE', #1380, #3957 ) ;
#3576 = AXIS2_PLACEMENT_3D ( 'NONE', #1711, #207, #948 ) ;
#3577 = DIRECTION ( 'NONE',  ( 0.000000000000000000, 0.000000000000000000, 1.000000000000000000 ) ) ;
#3578 = CIRCLE ( 'NONE', #1502, 3.000000000000000000 ) ;
#3579 = ORIENTED_EDGE ( 'NONE', *, *, #379, .F. ) ;
#3580 = LINE ( 'NONE', #4231, #290 ) ;
#3581 = DIRECTION ( 'NONE',  ( 0.000000000000000000, 1.000000000000000000, 0.000000000000000000 ) ) ;
#3582 = ORIENTED_EDGE ( 'NONE', *, *, #3843, .T. ) ;
#3583 = EDGE_CURVE ( 'NONE', #1978, #3313, #2749, .T. ) ;
#3584 = CARTESIAN_POINT ( 'NONE',  ( -46.48734574734449154, -6.349999999999999645, 71.59262524588281451 ) ) ;
#3585 = DIRECTION ( 'NONE',  ( 1.000000000000000000, 0.000000000000000000, 7.472654973438552727E-16 ) ) ;
#3586 = DIRECTION ( 'NONE',  ( 0.000000000000000000, 1.000000000000000000, -0.000000000000000000 ) ) ;
#3587 = VERTEX_POINT ( 'NONE', #1651 ) ;
#3588 = CIRCLE ( 'NONE', #1369, 2.600000000000004974 ) ;
#3589 = LINE ( 'NONE', #1205, #2174 ) ;
#3590 = ORIENTED_EDGE ( 'NONE', *, *, #255, .T. ) ;
#3591 = CARTESIAN_POINT ( 'NONE',  ( 74.57437415779698142, 0.000000000000000000, -43.05553499465061407 ) ) ;
#3592 = EDGE_CURVE ( 'NONE', #3454, #1523, #2009, .T. ) ;
#3593 = EDGE_CURVE ( 'NONE', #610, #4556, #2599, .T. ) ;
#3594 = FACE_BOUND ( 'NONE', #3916, .T. ) ;
#3595 = EDGE_CURVE ( 'NONE', #3745, #4332, #2014, .T. ) ;
#3596 = ORIENTED_EDGE ( 'NONE', *, *, #1773, .F. ) ;
#3597 = VERTEX_POINT ( 'NONE', #300 ) ;
#3598 = FACE_BOUND ( 'NONE', #4374, .T. ) ;
#3599 = CARTESIAN_POINT ( 'NONE',  ( -82.61882352103590677, -6.349999999999999645, -47.69999999999923546 ) ) ;
#3600 = FACE_OUTER_BOUND ( 'NONE', #3839, .T. ) ;
#3601 = VERTEX_POINT ( 'NONE', #3543 ) ;
#3602 = DIRECTION ( 'NONE',  ( 0.000000000000000000, 0.000000000000000000, 1.000000000000000000 ) ) ;
#3603 = LINE ( 'NONE', #385, #2243 ) ;
#3604 = ORIENTED_EDGE ( 'NONE', *, *, #4520, .T. ) ;
#3605 = DIRECTION ( 'NONE',  ( 0.000000000000000000, 1.000000000000000000, 0.000000000000000000 ) ) ;
#3606 = FACE_OUTER_BOUND ( 'NONE', #3263, .T. ) ;
#3607 = LINE ( 'NONE', #4170, #4579 ) ;
#3608 = ORIENTED_EDGE ( 'NONE', *, *, #319, .T. ) ;
#3609 = VERTEX_POINT ( 'NONE', #651 ) ;
#3610 = PLANE ( 'NONE',  #2358 ) ;
#3611 = AXIS2_PLACEMENT_3D ( 'NONE', #567, #3390, #2018 ) ;
#3612 = CIRCLE ( 'NONE', #2204, 3.000000000000002665 ) ;
#3613 = CARTESIAN_POINT ( 'NONE',  ( 0.000000000000000000, -6.349999999999999645, 101.8000000000000114 ) ) ;
#3614 = EDGE_LOOP ( 'NONE', ( #2163, #2459 ) ) ;
#3615 = CIRCLE ( 'NONE', #2501, 3.000000000000002665 ) ;
#3616 = EDGE_LOOP ( 'NONE', ( #2135, #3874, #2304, #3410 ) ) ;
#3617 = EDGE_CURVE ( 'NONE', #802, #1551, #909, .T. ) ;
#3618 = CARTESIAN_POINT ( 'NONE',  ( -76.62427271346707869, -6.349999999999999645, -54.08286656726161823 ) ) ;
#3619 = DIRECTION ( 'NONE',  ( -0.7071067811865500152, 0.000000000000000000, -0.7071067811865451302 ) ) ;
#3620 = ORIENTED_EDGE ( 'NONE', *, *, #3739, .T. ) ;
#3621 = DIRECTION ( 'NONE',  ( 0.4999999999999918399, 0.000000000000000000, -0.8660254037844434816 ) ) ;
#3622 = CARTESIAN_POINT ( 'NONE',  ( 5.950000000000057909, -6.349999999999999645, 10.30570230503480467 ) ) ;
#3623 = VERTEX_POINT ( 'NONE', #372 ) ;
#3624 = DIRECTION ( 'NONE',  ( 0.000000000000000000, 1.000000000000000000, -0.000000000000000000 ) ) ;
#3625 = CARTESIAN_POINT ( 'NONE',  ( 40.78060344508816115, -6.349999999999999645, 73.47699285909413902 ) ) ;
#3626 = DIRECTION ( 'NONE',  ( -0.000000000000000000, 1.000000000000000000, -0.000000000000000000 ) ) ;
#3627 = AXIS2_PLACEMENT_3D ( 'NONE', #443, #4376, #4311 ) ;
#3628 = DIRECTION ( 'NONE',  ( 0.000000000000000000, 0.000000000000000000, 1.000000000000000000 ) ) ;
#3629 = EDGE_LOOP ( 'NONE', ( #4088, #386, #3708, #221 ) ) ;
#3630 = ADVANCED_FACE ( 'NONE', ( #1721 ), #1790, .F. ) ;
#3631 = AXIS2_PLACEMENT_3D ( 'NONE', #2946, #3685, #1151 ) ;
#3632 = VECTOR ( 'NONE', #4427, 1000.000000000000000 ) ;
#3633 = EDGE_LOOP ( 'NONE', ( #3161, #752, #1882, #1072 ) ) ;
#3634 = CARTESIAN_POINT ( 'NONE',  ( -102.2871870788968494, -6.349999999999999645, -27.05553499465068867 ) ) ;
#3635 = DIRECTION ( 'NONE',  ( -0.2588190451025129679, 0.000000000000000000, 0.9659258262890703106 ) ) ;
#3636 = ORIENTED_EDGE ( 'NONE', *, *, #2016, .F. ) ;
#3637 = VECTOR ( 'NONE', #4323, 1000.000000000000000 ) ;
#3638 = ORIENTED_EDGE ( 'NONE', *, *, #449, .F. ) ;
#3639 = DIRECTION ( 'NONE',  ( 0.000000000000000000, 1.000000000000000000, -0.000000000000000000 ) ) ;
#3640 = FACE_OUTER_BOUND ( 'NONE', #2031, .T. ) ;
#3641 = ORIENTED_EDGE ( 'NONE', *, *, #4225, .T. ) ;
#3642 = CARTESIAN_POINT ( 'NONE',  ( -60.01241706048494962, 0.000000000000000000, -56.25544456622711920 ) ) ;
#3643 = CARTESIAN_POINT ( 'NONE',  ( -86.94895053995811907, -6.349999999999999645, -50.19999999999920703 ) ) ;
#3644 = EDGE_LOOP ( 'NONE', ( #2874, #238, #2558, #2855 ) ) ;
#3645 = EDGE_CURVE ( 'NONE', #1620, #81, #2306, .T. ) ;
#3646 = VECTOR ( 'NONE', #2260, 1000.000000000000114 ) ;
#3647 = DIRECTION ( 'NONE',  ( -0.5000000000000039968, 0.000000000000000000, -0.8660254037844363761 ) ) ;
#3648 = FACE_OUTER_BOUND ( 'NONE', #714, .T. ) ;
#3649 = EDGE_CURVE ( 'NONE', #2960, #568, #1792, .T. ) ;
#3650 = DIRECTION ( 'NONE',  ( 0.000000000000000000, 1.000000000000000000, -0.000000000000000000 ) ) ;
#3651 = FACE_OUTER_BOUND ( 'NONE', #1941, .T. ) ;
#3652 = EDGE_LOOP ( 'NONE', ( #3496, #460 ) ) ;
#3653 = AXIS2_PLACEMENT_3D ( 'NONE', #3643, #3003, #2580 ) ;
#3654 = AXIS2_PLACEMENT_3D ( 'NONE', #4224, #1057, #698 ) ;
#3655 = ORIENTED_EDGE ( 'NONE', *, *, #3457, .T. ) ;
#3656 = CARTESIAN_POINT ( 'NONE',  ( -84.79970126751184978, -6.349999999999999645, 1.476319614427273219 ) ) ;
#3657 = VECTOR ( 'NONE', #2410, 1000.000000000000000 ) ;
#3658 = FACE_BOUND ( 'NONE', #2915, .T. ) ;
#3659 = EDGE_LOOP ( 'NONE', ( #942, #2877, #2728, #3181 ) ) ;
#3660 = EDGE_LOOP ( 'NONE', ( #454, #4005, #1652, #4312 ) ) ;
#3661 = CARTESIAN_POINT ( 'NONE',  ( 0.000000000000000000, 0.000000000000000000, 0.000000000000000000 ) ) ;
#3662 = PLANE ( 'NONE',  #3514 ) ;
#3663 = CARTESIAN_POINT ( 'NONE',  ( -10.90000000000000213, -6.349999999999999645, 73.90000000000000568 ) ) ;
#3664 = ORIENTED_EDGE ( 'NONE', *, *, #4414, .F. ) ;
#3665 = DIRECTION ( 'NONE',  ( 0.000000000000000000, 1.000000000000000000, -0.000000000000000000 ) ) ;
#3666 = CARTESIAN_POINT ( 'NONE',  ( -60.01241706048494962, 0.000000000000000000, -54.85544456622712062 ) ) ;
#3667 = ORIENTED_EDGE ( 'NONE', *, *, #785, .T. ) ;
#3668 = DIRECTION ( 'NONE',  ( 0.000000000000000000, 0.000000000000000000, -1.000000000000000000 ) ) ;
#3669 = CARTESIAN_POINT ( 'NONE',  ( 0.5000000000000000000, -6.349999999999999645, 85.40000000000000568 ) ) ;
#3670 = FACE_OUTER_BOUND ( 'NONE', #1834, .T. ) ;
#3671 = EDGE_CURVE ( 'NONE', #1197, #4267, #2782, .T. ) ;
#3672 = CYLINDRICAL_SURFACE ( 'NONE', #2875, 2.599999999999998312 ) ;
#3673 = ORIENTED_EDGE ( 'NONE', *, *, #831, .F. ) ;
#3674 = DIRECTION ( 'NONE',  ( 0.000000000000000000, 0.000000000000000000, 1.000000000000000000 ) ) ;
#3675 = ORIENTED_EDGE ( 'NONE', *, *, #3246, .F. ) ;
#3676 = ADVANCED_FACE ( 'NONE', ( #2055 ), #4509, .F. ) ;
#3677 = VERTEX_POINT ( 'NONE', #1744 ) ;
#3678 = FACE_OUTER_BOUND ( 'NONE', #4548, .T. ) ;
#3679 = PLANE ( 'NONE',  #1636 ) ;
#3680 = VERTEX_POINT ( 'NONE', #1029 ) ;
#3681 = EDGE_CURVE ( 'NONE', #3859, #4545, #1416, .T. ) ;
#3682 = ORIENTED_EDGE ( 'NONE', *, *, #4093, .T. ) ;
#3683 = PRODUCT_CONTEXT ( 'NONE', #792, 'mechanical' ) ;
#3684 = CIRCLE ( 'NONE', #3239, 0.9999999999999970024 ) ;
#3685 = DIRECTION ( 'NONE',  ( 0.000000000000000000, 1.000000000000000000, 0.000000000000000000 ) ) ;
#3686 = AXIS2_PLACEMENT_3D ( 'NONE', #1498, #2167, #2054 ) ;
#3687 = CARTESIAN_POINT ( 'NONE',  ( -41.12132034355832388, -6.349999999999999645, -74.17685533821038746 ) ) ;
#3688 = AXIS2_PLACEMENT_3D ( 'NONE', #67, #2964, #1209 ) ;
#3689 = VERTEX_POINT ( 'NONE', #2102 ) ;
#3690 = CYLINDRICAL_SURFACE ( 'NONE', #3775, 2.950000000000001066 ) ;
#3691 = CARTESIAN_POINT ( 'NONE',  ( -17.49999999999999645, -6.349999999999999645, 80.80000000000001137 ) ) ;
#3692 = EDGE_LOOP ( 'NONE', ( #4252, #2316, #1354, #1278 ) ) ;
#3693 = AXIS2_PLACEMENT_3D ( 'NONE', #1665, #4523, #4092 ) ;
#3694 = CIRCLE ( 'NONE', #2962, 1.000000000000000222 ) ;
#3695 = CARTESIAN_POINT ( 'NONE',  ( 77.51241706048433855, -6.349999999999999645, -23.14455543377269464 ) ) ;
#3696 = DIRECTION ( 'NONE',  ( -0.000000000000000000, 1.000000000000000000, -0.000000000000000000 ) ) ;
#3697 = DIRECTION ( 'NONE',  ( 0.000000000000000000, 1.000000000000000000, 0.000000000000000000 ) ) ;
#3698 = DIRECTION ( 'NONE',  ( 0.000000000000000000, 1.000000000000000000, -0.000000000000000000 ) ) ;
#3699 = ORIENTED_EDGE ( 'NONE', *, *, #906, .T. ) ;
#3700 = DIRECTION ( 'NONE',  ( 0.000000000000000000, 0.000000000000000000, -1.000000000000000000 ) ) ;
#3701 = CIRCLE ( 'NONE', #3844, 2.599999999999998312 ) ;
#3702 = VERTEX_POINT ( 'NONE', #4532 ) ;
#3703 = EDGE_CURVE ( 'NONE', #3016, #2075, #3476, .T. ) ;
#3704 = EDGE_CURVE ( 'NONE', #629, #2103, #3564, .T. ) ;
#3705 = DIRECTION ( 'NONE',  ( 0.000000000000000000, 1.000000000000000000, -0.000000000000000000 ) ) ;
#3706 = EDGE_CURVE ( 'NONE', #3587, #504, #673, .T. ) ;
#3707 = FACE_OUTER_BOUND ( 'NONE', #3821, .T. ) ;
#3708 = ORIENTED_EDGE ( 'NONE', *, *, #4140, .T. ) ;
#3709 = FACE_OUTER_BOUND ( 'NONE', #265, .T. ) ;
#3710 = EDGE_LOOP ( 'NONE', ( #4122, #2337, #2315, #2922 ) ) ;
#3711 = AXIS2_PLACEMENT_3D ( 'NONE', #3060, #1230, #2646 ) ;
#3712 = DIRECTION ( 'NONE',  ( -0.000000000000000000, 1.000000000000000000, -0.000000000000000000 ) ) ;
#3713 = DIRECTION ( 'NONE',  ( -0.000000000000000000, 1.000000000000000000, -0.000000000000000000 ) ) ;
#3714 = CIRCLE ( 'NONE', #1771, 2.599999999999998312 ) ;
#3715 = EDGE_LOOP ( 'NONE', ( #753, #1926, #3778, #532 ) ) ;
#3716 = DIRECTION ( 'NONE',  ( 0.000000000000000000, 1.000000000000000000, 0.000000000000000000 ) ) ;
#3717 = DIRECTION ( 'NONE',  ( -0.8660254037844363761, 0.000000000000000000, 0.5000000000000039968 ) ) ;
#3718 = EDGE_LOOP ( 'NONE', ( #1642, #3300, #523, #1728 ) ) ;
#3719 = CARTESIAN_POINT ( 'NONE',  ( -3.568749229204375858E-13, 0.000000000000000000, -73.05553499465261780 ) ) ;
#3720 = DIRECTION ( 'NONE',  ( 0.000000000000000000, 0.000000000000000000, 1.000000000000000000 ) ) ;
#3721 = LINE ( 'NONE', #1913, #2067 ) ;
#3722 = CARTESIAN_POINT ( 'NONE',  ( -28.60000000000001208, -6.349999999999999645, -67.00000000000001421 ) ) ;
#3723 = EDGE_LOOP ( 'NONE', ( #194, #4395 ) ) ;
#3724 = CARTESIAN_POINT ( 'NONE',  ( 1.144917494144692682E-12, -6.349999999999999645, 86.11106998930326029 ) ) ;
#3725 = VERTEX_POINT ( 'NONE', #4241 ) ;
#3726 = CIRCLE ( 'NONE', #3573, 5.000000000000005329 ) ;
#3727 = EDGE_CURVE ( 'NONE', #1570, #4288, #533, .T. ) ;
#3728 = AXIS2_PLACEMENT_3D ( 'NONE', #1729, #1751, #1402 ) ;
#3729 = ORIENTED_EDGE ( 'NONE', *, *, #1870, .T. ) ;
#3730 = ORIENTED_EDGE ( 'NONE', *, *, #4271, .F. ) ;
#3731 = LINE ( 'NONE', #4076, #1459 ) ;
#3732 = VECTOR ( 'NONE', #1604, 1000.000000000000114 ) ;
#3733 = AXIS2_PLACEMENT_3D ( 'NONE', #3878, #52, #3941 ) ;
#3734 = ORIENTED_EDGE ( 'NONE', *, *, #1121, .F. ) ;
#3735 = DIRECTION ( 'NONE',  ( -0.000000000000000000, 1.000000000000000000, -0.000000000000000000 ) ) ;
#3736 = VERTEX_POINT ( 'NONE', #4217 ) ;
#3737 = VECTOR ( 'NONE', #3884, 1000.000000000000000 ) ;
#3738 = EDGE_CURVE ( 'NONE', #4378, #4562, #1441, .T. ) ;
#3739 = EDGE_CURVE ( 'NONE', #1786, #4313, #1013, .T. ) ;
#3740 = DIRECTION ( 'NONE',  ( -0.000000000000000000, 1.000000000000000000, -0.000000000000000000 ) ) ;
#3741 = CARTESIAN_POINT ( 'NONE',  ( -43.24264068711791964, -6.349999999999999645, -75.05553499465069933 ) ) ;
#3742 = VERTEX_POINT ( 'NONE', #350 ) ;
#3743 = CARTESIAN_POINT ( 'NONE',  ( -84.79970126751184978, 0.000000000000000000, 1.476319614427276772 ) ) ;
#3744 = DIRECTION ( 'NONE',  ( -0.000000000000000000, 1.000000000000000000, -0.000000000000000000 ) ) ;
#3745 = VERTEX_POINT ( 'NONE', #1698 ) ;
#3746 = DIRECTION ( 'NONE',  ( 0.000000000000000000, 0.000000000000000000, 1.000000000000000000 ) ) ;
#3747 = CARTESIAN_POINT ( 'NONE',  ( -17.47499999999997655, 0.000000000000000000, 93.40000000000000568 ) ) ;
#3748 = DIRECTION ( 'NONE',  ( -0.8660254037844431485, 0.000000000000000000, -0.4999999999999922839 ) ) ;
#3749 = DIRECTION ( 'NONE',  ( -0.000000000000000000, 1.000000000000000000, -0.000000000000000000 ) ) ;
#3750 = EDGE_CURVE ( 'NONE', #4233, #2372, #2755, .T. ) ;
#3751 = EDGE_LOOP ( 'NONE', ( #2197, #3480, #1440, #3325, #1433, #905, #2818, #2415, #3903 ) ) ;
#3752 = CARTESIAN_POINT ( 'NONE',  ( -66.08709488697606105, 0.000000000000000000, -58.33379393113243339 ) ) ;
#3753 = ORIENTED_EDGE ( 'NONE', *, *, #4549, .T. ) ;
#3754 = CARTESIAN_POINT ( 'NONE',  ( 85.14927271346640225, 2.168404344971008868E-16, -39.31713343273808903 ) ) ;
#3755 = AXIS2_PLACEMENT_3D ( 'NONE', #1435, #2408, #297 ) ;
#3756 = EDGE_LOOP ( 'NONE', ( #4355, #4094, #3172, #541, #1840, #423, #3524, #3121 ) ) ;
#3757 = DIRECTION ( 'NONE',  ( 0.000000000000000000, 1.000000000000000000, 0.000000000000000000 ) ) ;
#3758 = ORIENTED_EDGE ( 'NONE', *, *, #3800, .T. ) ;
#3759 = FACE_OUTER_BOUND ( 'NONE', #1422, .T. ) ;
#3760 = DIRECTION ( 'NONE',  ( -0.000000000000000000, -1.000000000000000000, -0.000000000000000000 ) ) ;
#3761 = ORIENTED_EDGE ( 'NONE', *, *, #419, .T. ) ;
#3762 = EDGE_CURVE ( 'NONE', #2606, #516, #711, .T. ) ;
#3763 = CARTESIAN_POINT ( 'NONE',  ( 82.36882352103525307, 0.000000000000000000, -48.13301270189262482 ) ) ;
#3764 = ORIENTED_EDGE ( 'NONE', *, *, #4550, .F. ) ;
#3765 = AXIS2_PLACEMENT_3D ( 'NONE', #2414, #2062, #3456 ) ;
#3766 = DIRECTION ( 'NONE',  ( 0.8660254037844380415, 0.000000000000000000, -0.5000000000000011102 ) ) ;
#3767 = EDGE_CURVE ( 'NONE', #3177, #775, #3567, .T. ) ;
#3768 = AXIS2_PLACEMENT_3D ( 'NONE', #478, #1892, #3302 ) ;
#3769 = CARTESIAN_POINT ( 'NONE',  ( -18.47500000000002984, -6.349999999999999645, 1.068300540622384439E-14 ) ) ;
#3770 = CARTESIAN_POINT ( 'NONE',  ( -63.26794919243186399, -6.349999999999999645, 36.52776749732689865 ) ) ;
#3771 = DIRECTION ( 'NONE',  ( 0.8660254037844383745, 0.000000000000000000, -0.5000000000000005551 ) ) ;
#3772 = VERTEX_POINT ( 'NONE', #2870 ) ;
#3773 = CARTESIAN_POINT ( 'NONE',  ( 16.52776749732617745, -6.349999999999999645, -16.52776749732629469 ) ) ;
#3774 = VECTOR ( 'NONE', #4546, 1000.000000000000000 ) ;
#3775 = AXIS2_PLACEMENT_3D ( 'NONE', #1174, #4033, #4338 ) ;
#3776 = ORIENTED_EDGE ( 'NONE', *, *, #2829, .F. ) ;
#3777 = DIRECTION ( 'NONE',  ( -0.000000000000000000, 1.000000000000000000, -0.000000000000000000 ) ) ;
#3778 = ORIENTED_EDGE ( 'NONE', *, *, #169, .F. ) ;
#3779 = VECTOR ( 'NONE', #940, 1000.000000000000000 ) ;
#3780 = CARTESIAN_POINT ( 'NONE',  ( 43.37867965644149137, -6.349999999999999645, 74.97699285909413902 ) ) ;
#3781 = EDGE_LOOP ( 'NONE', ( #1987, #4273, #2891, #3730 ) ) ;
#3782 = LINE ( 'NONE', #918, #2296 ) ;
#3783 = DIRECTION ( 'NONE',  ( 0.000000000000000000, 0.000000000000000000, 1.000000000000000000 ) ) ;
#3784 = VERTEX_POINT ( 'NONE', #2612 ) ;
#3785 = AXIS2_PLACEMENT_3D ( 'NONE', #3921, #2134, #1153 ) ;
#3786 = CARTESIAN_POINT ( 'NONE',  ( 68.58325193588547108, 0.000000000000000000, -27.01032309874994297 ) ) ;
#3787 = AXIS2_PLACEMENT_3D ( 'NONE', #888, #237, #213 ) ;
#3788 = ORIENTED_EDGE ( 'NONE', *, *, #3114, .F. ) ;
#3789 = CARTESIAN_POINT ( 'NONE',  ( -78.53869650211368025, 0.000000000000000000, -44.76698729810705402 ) ) ;
#3790 = DIRECTION ( 'NONE',  ( 2.312964634635740689E-15, 0.000000000000000000, -1.000000000000000000 ) ) ;
#3791 = CARTESIAN_POINT ( 'NONE',  ( -27.71281292110088046, -6.349999999999999645, 102.1110699893032745 ) ) ;
#3792 = DIRECTION ( 'NONE',  ( 0.000000000000000000, 1.000000000000000000, -0.000000000000000000 ) ) ;
#3793 = LINE ( 'NONE', #2683, #4176 ) ;
#3794 = ADVANCED_FACE ( 'NONE', ( #4043 ), #2311, .F. ) ;
#3795 = EDGE_CURVE ( 'NONE', #1098, #4199, #3588, .T. ) ;
#3796 = FACE_OUTER_BOUND ( 'NONE', #3228, .T. ) ;
#3797 = VERTEX_POINT ( 'NONE', #855 ) ;
#3798 = ORIENTED_EDGE ( 'NONE', *, *, #4398, .T. ) ;
#3799 = LINE ( 'NONE', #935, #4559 ) ;
#3800 = EDGE_CURVE ( 'NONE', #992, #3148, #3589, .T. ) ;
#3801 = AXIS2_PLACEMENT_3D ( 'NONE', #1292, #2378, #619 ) ;
#3802 = VECTOR ( 'NONE', #3183, 1000.000000000000000 ) ;
#3803 = ORIENTED_EDGE ( 'NONE', *, *, #2145, .F. ) ;
#3804 = CARTESIAN_POINT ( 'NONE',  ( 56.74927733966980981, -6.349999999999999645, -49.50736835487464305 ) ) ;
#3805 = VERTEX_POINT ( 'NONE', #1833 ) ;
#3806 = EDGE_CURVE ( 'NONE', #2075, #2257, #1588, .T. ) ;
#3807 = CARTESIAN_POINT ( 'NONE',  ( -82.61882352103590677, -6.349999999999999645, -47.69999999999923546 ) ) ;
#3808 = LINE ( 'NONE', #919, #136 ) ;
#3809 = EDGE_LOOP ( 'NONE', ( #1928, #3321, #823, #2222 ) ) ;
#3810 = CARTESIAN_POINT ( 'NONE',  ( 77.31049327183762898, -6.349999999999999645, -30.89429769496555522 ) ) ;
#3811 = AXIS2_PLACEMENT_3D ( 'NONE', #602, #999, #2007 ) ;
#3812 = DIRECTION ( 'NONE',  ( 0.000000000000000000, 0.000000000000000000, 1.000000000000000000 ) ) ;
#3813 = LINE ( 'NONE', #4476, #3397 ) ;
#3814 = CARTESIAN_POINT ( 'NONE',  ( -11.89999999999999680, -6.349999999999999645, 82.40000000000001990 ) ) ;
#3815 = CARTESIAN_POINT ( 'NONE',  ( -74.20856948319146795, -6.349999999999999645, -42.26698729810709665 ) ) ;
#3816 = DIRECTION ( 'NONE',  ( 0.000000000000000000, -1.000000000000000000, 0.000000000000000000 ) ) ;
#3817 = ORIENTED_EDGE ( 'NONE', *, *, #3220, .F. ) ;
#3818 = ADVANCED_FACE ( 'NONE', ( #2961 ), #47, .F. ) ;
#3819 = CARTESIAN_POINT ( 'NONE',  ( 74.57437415779698142, -6.349999999999999645, -43.05553499465061407 ) ) ;
#3820 = PRESENTATION_LAYER_ASSIGNMENT (  '', '', ( #1227 ) ) ;
#3821 = EDGE_LOOP ( 'NONE', ( #405, #3106, #4053, #2221 ) ) ;
#3822 = CARTESIAN_POINT ( 'NONE',  ( -69.88325193588582351, -6.349999999999999645, -24.75865704890942709 ) ) ;
#3823 = VERTEX_POINT ( 'NONE', #4287 ) ;
#3824 = CARTESIAN_POINT ( 'NONE',  ( -7.524999999999978151, 0.000000000000000000, 0.000000000000000000 ) ) ;
#3825 = ORIENTED_EDGE ( 'NONE', *, *, #3767, .T. ) ;
#3826 = CARTESIAN_POINT ( 'NONE',  ( 64.11049327183751245, -6.349999999999999645, -53.75736835487467857 ) ) ;
#3827 = AXIS2_PLACEMENT_3D ( 'NONE', #2386, #189, #3013 ) ;
#3828 = DIRECTION ( 'NONE',  ( 0.000000000000000000, 1.000000000000000000, 0.000000000000000000 ) ) ;
#3829 = EDGE_LOOP ( 'NONE', ( #1696, #2860 ) ) ;
#3830 = DIRECTION ( 'NONE',  ( 0.000000000000000000, 0.000000000000000000, 1.000000000000000000 ) ) ;
#3831 = DIRECTION ( 'NONE',  ( 0.000000000000000000, 0.000000000000000000, -1.000000000000000000 ) ) ;
#3832 = LINE ( 'NONE', #660, #2053 ) ;
#3833 = CARTESIAN_POINT ( 'NONE',  ( -0.000000000000000000, 0.000000000000000000, 93.40000000000000568 ) ) ;
#3834 = FACE_OUTER_BOUND ( 'NONE', #2943, .T. ) ;
#3835 = CYLINDRICAL_SURFACE ( 'NONE', #769, 3.000000000000002665 ) ;
#3836 = VERTEX_POINT ( 'NONE', #505 ) ;
#3837 = AXIS2_PLACEMENT_3D ( 'NONE', #3584, #1828, #926 ) ;
#3838 = CARTESIAN_POINT ( 'NONE',  ( -86.62132034355761334, -6.349999999999999645, 0.07854213556005018582 ) ) ;
#3839 = EDGE_LOOP ( 'NONE', ( #3431, #399, #3167, #2370 ) ) ;
#3840 = ORIENTED_EDGE ( 'NONE', *, *, #4071, .F. ) ;
#3841 = EDGE_CURVE ( 'NONE', #175, #2538, #2624, .T. ) ;
#3842 = LINE ( 'NONE', #2122, #2568 ) ;
#3843 = EDGE_CURVE ( 'NONE', #4332, #631, #2477, .T. ) ;
#3844 = AXIS2_PLACEMENT_3D ( 'NONE', #821, #475, #2276 ) ;
#3845 = LINE ( 'NONE', #323, #4351 ) ;
#3846 = CARTESIAN_POINT ( 'NONE',  ( -86.94895053995811907, 0.000000000000000000, -50.19999999999920703 ) ) ;
#3847 = ORIENTED_EDGE ( 'NONE', *, *, #3929, .F. ) ;
#3848 = AXIS2_PLACEMENT_3D ( 'NONE', #2658, #3697, #1874 ) ;
#3849 = EDGE_CURVE ( 'NONE', #2900, #4051, #1818, .T. ) ;
#3850 = EDGE_CURVE ( 'NONE', #3313, #3339, #182, .T. ) ;
#3851 = CYLINDRICAL_SURFACE ( 'NONE', #2146, 1.399999999999998579 ) ;
#3852 = CARTESIAN_POINT ( 'NONE',  ( 82.86882352103525307, -6.349999999999999645, -47.26698729810817667 ) ) ;
#3853 = CIRCLE ( 'NONE', #1788, 2.950000000000001066 ) ;
#3854 = ORIENTED_EDGE ( 'NONE', *, *, #3704, .T. ) ;
#3855 = ORIENTED_EDGE ( 'NONE', *, *, #561, .T. ) ;
#3856 = FACE_OUTER_BOUND ( 'NONE', #3715, .T. ) ;
#3857 = DIRECTION ( 'NONE',  ( 0.000000000000000000, 1.000000000000000000, 0.000000000000000000 ) ) ;
#3858 = LINE ( 'NONE', #639, #803 ) ;
#3859 = VERTEX_POINT ( 'NONE', #3030 ) ;
#3860 = CIRCLE ( 'NONE', #2970, 1.399999999999998579 ) ;
#3861 = CARTESIAN_POINT ( 'NONE',  ( 77.51241706048433855, -6.349999999999999645, -24.54455543377269322 ) ) ;
#3862 = DIRECTION ( 'NONE',  ( -0.000000000000000000, 0.000000000000000000, -1.000000000000000000 ) ) ;
#3863 = VERTEX_POINT ( 'NONE', #132 ) ;
#3864 = DIRECTION ( 'NONE',  ( -1.000000000000000000, 0.000000000000000000, 0.000000000000000000 ) ) ;
#3865 = CARTESIAN_POINT ( 'NONE',  ( 77.31049327183762898, -6.349999999999999645, -30.89429769496555522 ) ) ;
#3866 = EDGE_CURVE ( 'NONE', #70, #3137, #2405, .T. ) ;
#3867 = AXIS2_PLACEMENT_3D ( 'NONE', #3887, #4303, #777 ) ;
#3868 = ORIENTED_EDGE ( 'NONE', *, *, #1615, .F. ) ;
#3869 = DIRECTION ( 'NONE',  ( 0.000000000000000000, 0.000000000000000000, -1.000000000000000000 ) ) ;
#3870 = EDGE_CURVE ( 'NONE', #482, #1043, #2846, .T. ) ;
#3871 = DIRECTION ( 'NONE',  ( 0.000000000000000000, 1.000000000000000000, 0.000000000000000000 ) ) ;
#3872 = ORIENTED_EDGE ( 'NONE', *, *, #4239, .T. ) ;
#3873 = DIRECTION ( 'NONE',  ( 0.000000000000000000, 0.000000000000000000, 1.000000000000000000 ) ) ;
#3874 = ORIENTED_EDGE ( 'NONE', *, *, #914, .F. ) ;
#3875 = EDGE_CURVE ( 'NONE', #2900, #3346, #759, .T. ) ;
#3876 = VECTOR ( 'NONE', #2348, 1000.000000000000000 ) ;
#3877 = ORIENTED_EDGE ( 'NONE', *, *, #319, .F. ) ;
#3878 = CARTESIAN_POINT ( 'NONE',  ( -38.75735931288107139, 0.000000000000000000, -76.05553499465241885 ) ) ;
#3879 = LINE ( 'NONE', #403, #2176 ) ;
#3880 = EDGE_CURVE ( 'NONE', #696, #2125, #4394, .T. ) ;
#3881 = LINE ( 'NONE', #4567, #1562 ) ;
#3882 = VERTEX_POINT ( 'NONE', #1539 ) ;
#3883 = CARTESIAN_POINT ( 'NONE',  ( -28.60000000000001208, 0.000000000000000000, -64.40000000000000568 ) ) ;
#3884 = DIRECTION ( 'NONE',  ( -0.000000000000000000, -1.000000000000000000, -0.000000000000000000 ) ) ;
#3885 = AXIS2_PLACEMENT_3D ( 'NONE', #3892, #1071, #3151 ) ;
#3886 = CIRCLE ( 'NONE', #2918, 1.399999999999998579 ) ;
#3887 = CARTESIAN_POINT ( 'NONE',  ( -65.91049327183822015, 0.000000000000000000, -50.63967690124977139 ) ) ;
#3888 = DIRECTION ( 'NONE',  ( 0.000000000000000000, 1.000000000000000000, -0.000000000000000000 ) ) ;
#3889 = EDGE_CURVE ( 'NONE', #4103, #2048, #2638, .T. ) ;
#3890 = VERTEX_POINT ( 'NONE', #3353 ) ;
#3891 = CARTESIAN_POINT ( 'NONE',  ( -75.75824730968264475, -6.349999999999999645, -53.58286656726161823 ) ) ;
#3892 = CARTESIAN_POINT ( 'NONE',  ( -70.74927733967025745, 0.000000000000000000, -25.25865704890942354 ) ) ;
#3893 = ORIENTED_EDGE ( 'NONE', *, *, #288, .F. ) ;
#3894 = DIRECTION ( 'NONE',  ( -0.8660254037844387076, 0.000000000000000000, -0.5000000000000001110 ) ) ;
#3895 = EDGE_CURVE ( 'NONE', #2808, #1832, #2917, .T. ) ;
#3896 = ORIENTED_EDGE ( 'NONE', *, *, #2191, .F. ) ;
#3897 = VERTEX_POINT ( 'NONE', #1666 ) ;
#3898 = CARTESIAN_POINT ( 'NONE',  ( -86.94895053995811907, 0.000000000000000000, -48.79999999999920846 ) ) ;
#3899 = EDGE_CURVE ( 'NONE', #982, #63, #4524, .T. ) ;
#3900 = CIRCLE ( 'NONE', #4341, 2.599999999999998312 ) ;
#3901 = CARTESIAN_POINT ( 'NONE',  ( -86.94895053995811907, -6.349999999999999645, -50.19999999999920703 ) ) ;
#3902 = EDGE_CURVE ( 'NONE', #4563, #204, #4185, .T. ) ;
#3903 = ORIENTED_EDGE ( 'NONE', *, *, #4329, .T. ) ;
#3904 = CARTESIAN_POINT ( 'NONE',  ( 1.999999999999992673, -6.349999999999999645, -67.00000000000000000 ) ) ;
#3905 = DIRECTION ( 'NONE',  ( 0.000000000000000000, 0.000000000000000000, 1.000000000000000000 ) ) ;
#3906 = ORIENTED_EDGE ( 'NONE', *, *, #2016, .T. ) ;
#3907 = EDGE_CURVE ( 'NONE', #3784, #1097, #3793, .T. ) ;
#3908 = DIRECTION ( 'NONE',  ( 1.000000000000000000, 0.000000000000000000, -0.000000000000000000 ) ) ;
#3909 = CARTESIAN_POINT ( 'NONE',  ( -17.49999999999999645, -6.349999999999999645, 78.00000000000001421 ) ) ;
#3910 = VERTEX_POINT ( 'NONE', #249 ) ;
#3911 = CARTESIAN_POINT ( 'NONE',  ( -17.47499999999997655, -6.349999999999999645, 93.40000000000000568 ) ) ;
#3912 = VECTOR ( 'NONE', #1899, 1000.000000000000227 ) ;
#3913 = DIRECTION ( 'NONE',  ( 0.000000000000000000, 0.000000000000000000, -1.000000000000000000 ) ) ;
#3914 = ORIENTED_EDGE ( 'NONE', *, *, #4558, .T. ) ;
#3915 = DIRECTION ( 'NONE',  ( -0.000000000000000000, 1.000000000000000000, -0.000000000000000000 ) ) ;
#3916 = EDGE_LOOP ( 'NONE', ( #3293, #4525, #2107, #3788, #2083, #3764, #1621, #1084, #4309 ) ) ;
#3917 = EDGE_CURVE ( 'NONE', #3538, #915, #2030, .T. ) ;
#3918 = ORIENTED_EDGE ( 'NONE', *, *, #3880, .F. ) ;
#3919 = CARTESIAN_POINT ( 'NONE',  ( 3.762499999999928235, -6.349999999999999645, -6.516841163477916865 ) ) ;
#3920 = CARTESIAN_POINT ( 'NONE',  ( 3.762500000000019718, -6.349999999999999645, 6.516841163477865351 ) ) ;
#3921 = CARTESIAN_POINT ( 'NONE',  ( 13.50000000000000355, -6.349999999999999645, 82.40000000000001990 ) ) ;
#3922 = ORIENTED_EDGE ( 'NONE', *, *, #2387, .T. ) ;
#3923 = DIRECTION ( 'NONE',  ( 0.000000000000000000, -1.000000000000000000, 0.000000000000000000 ) ) ;
#3924 = DIRECTION ( 'NONE',  ( -0.4999999999999919509, 0.000000000000000000, 0.8660254037844432595 ) ) ;
#3925 = ORIENTED_EDGE ( 'NONE', *, *, #1610, .F. ) ;
#3926 = CARTESIAN_POINT ( 'NONE',  ( 0.000000000000000000, -6.349999999999999645, 85.40000000000000568 ) ) ;
#3927 = DIRECTION ( 'NONE',  ( -0.000000000000000000, 1.000000000000000000, -0.000000000000000000 ) ) ;
#3928 = DIRECTION ( 'NONE',  ( -0.5000000000000004441, 0.000000000000000000, -0.8660254037844382635 ) ) ;
#3929 = EDGE_CURVE ( 'NONE', #1131, #51, #3439, .T. ) ;
#3930 = ORIENTED_EDGE ( 'NONE', *, *, #3347, .T. ) ;
#3931 = AXIS2_PLACEMENT_3D ( 'NONE', #3901, #2182, #3577 ) ;
#3932 = DIRECTION ( 'NONE',  ( 0.000000000000000000, 0.000000000000000000, -1.000000000000000000 ) ) ;
#3933 = VECTOR ( 'NONE', #1575, 1000.000000000000000 ) ;
#3934 = EDGE_CURVE ( 'NONE', #1489, #3454, #4479, .T. ) ;
#3935 = AXIS2_PLACEMENT_3D ( 'NONE', #3164, #1342, #2750 ) ;
#3936 = DIRECTION ( 'NONE',  ( 0.000000000000000000, 0.000000000000000000, -1.000000000000000000 ) ) ;
#3937 = CARTESIAN_POINT ( 'NONE',  ( -17.49999999999999645, -6.349999999999999645, 79.40000000000000568 ) ) ;
#3938 = CARTESIAN_POINT ( 'NONE',  ( 0.000000000000000000, -6.349999999999999645, 0.000000000000000000 ) ) ;
#3939 = VERTEX_POINT ( 'NONE', #1737 ) ;
#3940 = ORIENTED_EDGE ( 'NONE', *, *, #4344, .T. ) ;
#3941 = DIRECTION ( 'NONE',  ( 0.000000000000000000, 0.000000000000000000, -1.000000000000000000 ) ) ;
#3942 = FACE_OUTER_BOUND ( 'NONE', #2897, .T. ) ;
#3943 = VECTOR ( 'NONE', #4516, 1000.000000000000114 ) ;
#3944 = VERTEX_POINT ( 'NONE', #270 ) ;
#3945 = DIRECTION ( 'NONE',  ( 0.000000000000000000, 0.000000000000000000, -1.000000000000000000 ) ) ;
#3946 = CARTESIAN_POINT ( 'NONE',  ( 86.94895053995743694, -6.349999999999999645, -51.60000000000041354 ) ) ;
#3947 = ORIENTED_EDGE ( 'NONE', *, *, #294, .T. ) ;
#3948 = AXIS2_PLACEMENT_3D ( 'NONE', #3919, #356, #2131 ) ;
#3949 = CARTESIAN_POINT ( 'NONE',  ( -3.538835890992686473E-13, -6.349999999999999645, -73.05553499465261780 ) ) ;
#3950 = EDGE_CURVE ( 'NONE', #2936, #2905, #227, .T. ) ;
#3951 = DIRECTION ( 'NONE',  ( -0.000000000000000000, -1.000000000000000000, -0.000000000000000000 ) ) ;
#3952 = ORIENTED_EDGE ( 'NONE', *, *, #4328, .F. ) ;
#3953 = AXIS2_PLACEMENT_3D ( 'NONE', #3724, #156, #3936 ) ;
#3954 = ORIENTED_EDGE ( 'NONE', *, *, #2643, .F. ) ;
#3955 = ORIENTED_EDGE ( 'NONE', *, *, #2743, .T. ) ;
#3956 = EDGE_CURVE ( 'NONE', #1556, #4109, #632, .T. ) ;
#3957 = VECTOR ( 'NONE', #3857, 1000.000000000000000 ) ;
#3958 = AXIS2_PLACEMENT_3D ( 'NONE', #1707, #2000, #3830 ) ;
#3959 = EDGE_CURVE ( 'NONE', #3677, #4563, #4179, .T. ) ;
#3960 = DIRECTION ( 'NONE',  ( -2.602085213965210247E-15, 0.000000000000000000, -1.000000000000000000 ) ) ;
#3961 = FACE_BOUND ( 'NONE', #3012, .T. ) ;
#3962 = ORIENTED_EDGE ( 'NONE', *, *, #2105, .F. ) ;
#3963 = ORIENTED_EDGE ( 'NONE', *, *, #1138, .F. ) ;
#3964 = DIRECTION ( 'NONE',  ( 0.000000000000000000, 0.000000000000000000, -1.000000000000000000 ) ) ;
#3965 = DIRECTION ( 'NONE',  ( 0.000000000000000000, 1.000000000000000000, -0.000000000000000000 ) ) ;
#3966 = EDGE_LOOP ( 'NONE', ( #4393, #781, #4405, #4150, #917 ) ) ;
#3967 = PLANE ( 'NONE',  #972 ) ;
#3968 = CARTESIAN_POINT ( 'NONE',  ( -6.049582771864211672, -6.349999999999999645, 22.57735026919095134 ) ) ;
#3969 = VERTEX_POINT ( 'NONE', #3096 ) ;
#3970 = CIRCLE ( 'NONE', #4121, 1.000000000000000888 ) ;
#3971 = CARTESIAN_POINT ( 'NONE',  ( -60.01241706048494962, -6.349999999999999645, -56.25544456622711920 ) ) ;
#3972 = CARTESIAN_POINT ( 'NONE',  ( -58.54927733967045356, -6.349999999999999645, -46.38967690124984244 ) ) ;
#3973 = CARTESIAN_POINT ( 'NONE',  ( -76.25824730968263054, 0.000000000000000000, -52.71684116347717719 ) ) ;
#3974 = CARTESIAN_POINT ( 'NONE',  ( -17.67766952966365679, 0.000000000000000000, -20.62766952966372003 ) ) ;
#3975 = ORIENTED_EDGE ( 'NONE', *, *, #3703, .F. ) ;
#3976 = LINE ( 'NONE', #3656, #363 ) ;
#3977 = VECTOR ( 'NONE', #858, 1000.000000000000341 ) ;
#3978 = AXIS2_PLACEMENT_3D ( 'NONE', #849, #873, #2281 ) ;
#3979 = DIRECTION ( 'NONE',  ( -0.8660254037844363761, 0.000000000000000000, 0.5000000000000039968 ) ) ;
#3980 = EDGE_LOOP ( 'NONE', ( #3675, #3352, #1681, #214, #544, #3458, #451, #3776, #3447 ) ) ;
#3981 = AXIS2_PLACEMENT_3D ( 'NONE', #2781, #4194, #3928 ) ;
#3982 = ORIENTED_EDGE ( 'NONE', *, *, #2123, .T. ) ;
#3983 = EDGE_CURVE ( 'NONE', #3137, #70, #4538, .T. ) ;
#3984 = FACE_BOUND ( 'NONE', #4327, .T. ) ;
#3985 = ADVANCED_FACE ( 'NONE', ( #4500 ), #3076, .T. ) ;
#3986 = CYLINDRICAL_SURFACE ( 'NONE', #1146, 1.399999999999998579 ) ;
#3987 = DIRECTION ( 'NONE',  ( 0.000000000000000000, 0.000000000000000000, 1.000000000000000000 ) ) ;
#3988 = CIRCLE ( 'NONE', #3549, 5.000000000000004441 ) ;
#3989 = EDGE_LOOP ( 'NONE', ( #2868, #3922, #3758, #4295, #1626, #3188, #2993, #2138, #3896, #4504, #3128, #2519, #2385, #1859, #627, #3156, #1102, #1091, #2975, #3175, #2494, #3568, #3481, #361, #2272, #3513, #3242, #2682, #1366, #3370, #2153 ) ) ;
#3990 = CYLINDRICAL_SURFACE ( 'NONE', #4432, 1.000000000000000888 ) ;
#3991 = CARTESIAN_POINT ( 'NONE',  ( 76.81049327183761477, -6.349999999999999645, -31.76032309874998560 ) ) ;
#3992 = ORIENTED_EDGE ( 'NONE', *, *, #2426, .F. ) ;
#3993 = FACE_OUTER_BOUND ( 'NONE', #121, .T. ) ;
#3994 = LINE ( 'NONE', #551, #2578 ) ;
#3995 = DIRECTION ( 'NONE',  ( 0.000000000000000000, 1.000000000000000000, -0.000000000000000000 ) ) ;
#3996 = AXIS2_PLACEMENT_3D ( 'NONE', #2713, #4125, #4487 ) ;
#3997 = DIRECTION ( 'NONE',  ( 0.000000000000000000, 0.000000000000000000, 1.000000000000000000 ) ) ;
#3998 = ORIENTED_EDGE ( 'NONE', *, *, #1470, .T. ) ;
#3999 = AXIS2_PLACEMENT_3D ( 'NONE', #841, #2251, #518 ) ;
#4000 = AXIS2_PLACEMENT_3D ( 'NONE', #1625, #4102, #4079 ) ;
#4001 = ORIENTED_EDGE ( 'NONE', *, *, #2381, .T. ) ;
#4002 = DIRECTION ( 'NONE',  ( 0.000000000000000000, 0.000000000000000000, -1.000000000000000000 ) ) ;
#4003 = FACE_OUTER_BOUND ( 'NONE', #1334, .T. ) ;
#4004 = EDGE_CURVE ( 'NONE', #915, #211, #3050, .T. ) ;
#4005 = ORIENTED_EDGE ( 'NONE', *, *, #1545, .F. ) ;
#4006 = ORIENTED_EDGE ( 'NONE', *, *, #3866, .F. ) ;
#4007 = ADVANCED_FACE ( 'NONE', ( #3487 ), #2047, .T. ) ;
#4008 = CARTESIAN_POINT ( 'NONE',  ( -60.01241706048494962, 0.000000000000000000, -54.85544456622712062 ) ) ;
#4009 = EDGE_CURVE ( 'NONE', #3339, #2644, #3363, .T. ) ;
#4010 = CYLINDRICAL_SURFACE ( 'NONE', #1645, 3.000000000000000000 ) ;
#4011 = EDGE_LOOP ( 'NONE', ( #3089, #951, #3753, #539 ) ) ;
#4012 = CYLINDRICAL_SURFACE ( 'NONE', #1627, 1.000000000000000888 ) ;
#4013 = DIRECTION ( 'NONE',  ( -0.9659258262890693114, 0.000000000000000000, -0.2588190451025170202 ) ) ;
#4014 = ORIENTED_EDGE ( 'NONE', *, *, #3983, .T. ) ;
#4015 = EDGE_CURVE ( 'NONE', #2603, #1454, #481, .T. ) ;
#4016 = CIRCLE ( 'NONE', #3576, 5.000000000000004441 ) ;
#4017 = DIRECTION ( 'NONE',  ( -0.5000000000000039968, 0.000000000000000000, -0.8660254037844363761 ) ) ;
#4018 = DIRECTION ( 'NONE',  ( 1.000000000000000000, -0.000000000000000000, 0.000000000000000000 ) ) ;
#4019 = CARTESIAN_POINT ( 'NONE',  ( 16.52776749732617745, -0.000000000000000000, -16.52776749732629469 ) ) ;
#4020 = LINE ( 'NONE', #3722, #2726 ) ;
#4021 = EDGE_LOOP ( 'NONE', ( #3925, #1854, #1016, #3638 ) ) ;
#4022 = DIRECTION ( 'NONE',  ( -0.000000000000000000, 1.000000000000000000, -0.000000000000000000 ) ) ;
#4023 = EDGE_LOOP ( 'NONE', ( #2196, #4144, #3682, #1162 ) ) ;
#4024 = ADVANCED_FACE ( 'NONE', ( #3145 ), #3465, .F. ) ;
#4025 = DIRECTION ( 'NONE',  ( -0.000000000000000000, 1.000000000000000000, -0.000000000000000000 ) ) ;
#4026 = AXIS2_PLACEMENT_3D ( 'NONE', #2661, #904, #2072 ) ;
#4027 = FACE_BOUND ( 'NONE', #954, .T. ) ;
#4028 = EDGE_LOOP ( 'NONE', ( #929, #1999, #1181, #1691 ) ) ;
#4029 = ORIENTED_EDGE ( 'NONE', *, *, #4499, .T. ) ;
#4030 = DIRECTION ( 'NONE',  ( 0.000000000000000000, 1.000000000000000000, -0.000000000000000000 ) ) ;
#4031 = DIRECTION ( 'NONE',  ( -1.000000000000000000, 0.000000000000000000, 0.000000000000000000 ) ) ;
#4032 = VERTEX_POINT ( 'NONE', #1362 ) ;
#4033 = DIRECTION ( 'NONE',  ( -0.000000000000000000, 1.000000000000000000, -0.000000000000000000 ) ) ;
#4034 = ADVANCED_FACE ( 'NONE', ( #2421 ), #3835, .T. ) ;
#4035 = CYLINDRICAL_SURFACE ( 'NONE', #99, 1.000000000000000888 ) ;
#4036 = ORIENTED_EDGE ( 'NONE', *, *, #1425, .T. ) ;
#4037 = CARTESIAN_POINT ( 'NONE',  ( 13.99999999999999112, -6.349999999999999645, -61.80000000000000426 ) ) ;
#4038 = CARTESIAN_POINT ( 'NONE',  ( 17.67766952966365324, -6.349999999999999645, 20.62766952966372003 ) ) ;
#4039 = CARTESIAN_POINT ( 'NONE',  ( 78.53869650211306919, -6.349999999999999645, -44.76698729810815536 ) ) ;
#4040 = CARTESIAN_POINT ( 'NONE',  ( -66.77651867562266830, -6.349999999999999645, -51.13967690124976428 ) ) ;
#4041 = ORIENTED_EDGE ( 'NONE', *, *, #3279, .F. ) ;
#4042 = EDGE_CURVE ( 'NONE', #2482, #790, #431, .T. ) ;
#4043 = FACE_OUTER_BOUND ( 'NONE', #3485, .T. ) ;
#4044 = ORIENTED_EDGE ( 'NONE', *, *, #3111, .F. ) ;
#4045 = EDGE_CURVE ( 'NONE', #1378, #509, #4326, .T. ) ;
#4046 = VECTOR ( 'NONE', #3127, 1000.000000000000000 ) ;
#4047 = ORIENTED_EDGE ( 'NONE', *, *, #4215, .T. ) ;
#4048 = DIRECTION ( 'NONE',  ( 0.000000000000000000, 0.000000000000000000, -1.000000000000000000 ) ) ;
#4049 = LINE ( 'NONE', #4163, #911 ) ;
#4050 = EDGE_CURVE ( 'NONE', #4510, #2905, #2330, .T. ) ;
#4051 = VERTEX_POINT ( 'NONE', #1385 ) ;
#4052 = DIRECTION ( 'NONE',  ( 2.040851148208006519E-16, 0.000000000000000000, 1.000000000000000000 ) ) ;
#4053 = ORIENTED_EDGE ( 'NONE', *, *, #2735, .T. ) ;
#4054 = VECTOR ( 'NONE', #206, 1000.000000000000000 ) ;
#4055 = CARTESIAN_POINT ( 'NONE',  ( -84.02324413220429733, 0.000000000000000000, -1.421457864439951146 ) ) ;
#4056 = AXIS2_PLACEMENT_3D ( 'NONE', #3118, #1361, #2006 ) ;
#4057 = DIRECTION ( 'NONE',  ( -0.000000000000000000, 1.000000000000000000, -0.000000000000000000 ) ) ;
#4058 = ORIENTED_EDGE ( 'NONE', *, *, #1491, .F. ) ;
#4059 = DIRECTION ( 'NONE',  ( -0.000000000000000000, 1.000000000000000000, -0.000000000000000000 ) ) ;
#4060 = CARTESIAN_POINT ( 'NONE',  ( -58.54927733967045356, -6.349999999999999645, -46.38967690124984244 ) ) ;
#4061 = ORIENTED_EDGE ( 'NONE', *, *, #166, .F. ) ;
#4062 = VECTOR ( 'NONE', #1085, 1000.000000000000000 ) ;
#4063 = LINE ( 'NONE', #824, #2689 ) ;
#4064 = CARTESIAN_POINT ( 'NONE',  ( -84.02324413220429733, -6.349999999999999645, -1.421457864439951146 ) ) ;
#4065 = CARTESIAN_POINT ( 'NONE',  ( 22.57735026919096200, -6.349999999999999645, -6.049582771864177921 ) ) ;
#4066 = CARTESIAN_POINT ( 'NONE',  ( -86.94895053995811907, -6.349999999999999645, -50.19999999999920703 ) ) ;
#4067 = ORIENTED_EDGE ( 'NONE', *, *, #251, .T. ) ;
#4068 = DIRECTION ( 'NONE',  ( -0.5000000000000004441, 0.000000000000000000, -0.8660254037844383745 ) ) ;
#4069 = VERTEX_POINT ( 'NONE', #2162 ) ;
#4070 = VECTOR ( 'NONE', #1074, 1000.000000000000000 ) ;
#4071 = EDGE_CURVE ( 'NONE', #2533, #2783, #695, .T. ) ;
#4072 = ORIENTED_EDGE ( 'NONE', *, *, #3889, .T. ) ;
#4073 = ADVANCED_FACE ( 'NONE', ( #2816 ), #1780, .F. ) ;
#4074 = EDGE_LOOP ( 'NONE', ( #2403, #2660, #1157, #159 ) ) ;
#4075 = PRODUCT_DEFINITION_CONTEXT ( 'detailed design', #1664, 'design' ) ;
#4076 = CARTESIAN_POINT ( 'NONE',  ( -69.69606948319153616, -6.349999999999999645, -50.08286656726167507 ) ) ;
#4077 = EDGE_CURVE ( 'NONE', #1472, #3969, #4096, .T. ) ;
#4078 = ORIENTED_EDGE ( 'NONE', *, *, #1164, .F. ) ;
#4079 = DIRECTION ( 'NONE',  ( 0.000000000000000000, 0.000000000000000000, 1.000000000000000000 ) ) ;
#4080 = EDGE_LOOP ( 'NONE', ( #3029, #4141, #1194, #2715 ) ) ;
#4081 = AXIS2_PLACEMENT_3D ( 'NONE', #1093, #2431, #276 ) ;
#4082 = DIRECTION ( 'NONE',  ( 0.000000000000000000, 0.000000000000000000, -1.000000000000000000 ) ) ;
#4083 = CARTESIAN_POINT ( 'NONE',  ( -43.24264068711791964, 0.000000000000000000, -72.05553499465071354 ) ) ;
#4084 = AXIS2_PLACEMENT_3D ( 'NONE', #3240, #3979, #2942 ) ;
#4085 = ORIENTED_EDGE ( 'NONE', *, *, #3464, .F. ) ;
#4086 = CARTESIAN_POINT ( 'NONE',  ( -129.9999999999989768, 0.000000000000000000, -75.05553499465077039 ) ) ;
#4087 = CARTESIAN_POINT ( 'NONE',  ( -17.47499999999998010, -6.349999999999999645, 86.40000000000000568 ) ) ;
#4088 = ORIENTED_EDGE ( 'NONE', *, *, #1, .T. ) ;
#4089 = CARTESIAN_POINT ( 'NONE',  ( 69.44927733966991923, -6.349999999999999645, -27.51032309874995008 ) ) ;
#4090 = CARTESIAN_POINT ( 'NONE',  ( -70.74927733967025745, 0.000000000000000000, -25.25865704890942354 ) ) ;
#4091 = CARTESIAN_POINT ( 'NONE',  ( -17.67766952966365679, -6.349999999999999645, -14.72766952966371790 ) ) ;
#4092 = DIRECTION ( 'NONE',  ( 0.000000000000000000, 0.000000000000000000, 1.000000000000000000 ) ) ;
#4093 = EDGE_CURVE ( 'NONE', #2321, #616, #2114, .T. ) ;
#4094 = ORIENTED_EDGE ( 'NONE', *, *, #912, .T. ) ;
#4095 = DIRECTION ( 'NONE',  ( 0.000000000000000000, 0.000000000000000000, 1.000000000000000000 ) ) ;
#4096 = CIRCLE ( 'NONE', #2178, 5.000000000000005329 ) ;
#4097 = ORIENTED_EDGE ( 'NONE', *, *, #3806, .F. ) ;
#4098 = ADVANCED_FACE ( 'NONE', ( #4572 ), #2469, .F. ) ;
#4099 = DIRECTION ( 'NONE',  ( 1.000000000000000000, 0.000000000000000000, 7.472654973438552727E-16 ) ) ;
#4100 = EDGE_CURVE ( 'NONE', #253, #629, #2795, .T. ) ;
#4101 = ORIENTED_EDGE ( 'NONE', *, *, #3880, .T. ) ;
#4102 = DIRECTION ( 'NONE',  ( -0.000000000000000000, 1.000000000000000000, -0.000000000000000000 ) ) ;
#4103 = VERTEX_POINT ( 'NONE', #3946 ) ;
#4104 = AXIS2_PLACEMENT_3D ( 'NONE', #1916, #3332, #2171 ) ;
#4105 = ADVANCED_FACE ( 'NONE', ( #342 ), #1086, .F. ) ;
#4106 = AXIS2_PLACEMENT_3D ( 'NONE', #1580, #3639, #448 ) ;
#4107 = DIRECTION ( 'NONE',  ( -0.000000000000000000, -1.000000000000000000, 0.000000000000000000 ) ) ;
#4108 = DIRECTION ( 'NONE',  ( -0.000000000000000000, -1.000000000000000000, -0.000000000000000000 ) ) ;
#4109 = VERTEX_POINT ( 'NONE', #1825 ) ;
#4110 = DIRECTION ( 'NONE',  ( 0.4999999999999997780, 0.000000000000000000, -0.8660254037844387076 ) ) ;
#4111 = VERTEX_POINT ( 'NONE', #773 ) ;
#4112 = DIRECTION ( 'NONE',  ( 0.000000000000000000, 1.000000000000000000, -0.000000000000000000 ) ) ;
#4113 = DIRECTION ( 'NONE',  ( -0.000000000000000000, 1.000000000000000000, -0.000000000000000000 ) ) ;
#4114 = LINE ( 'NONE', #3094, #623 ) ;
#4115 = FACE_OUTER_BOUND ( 'NONE', #3633, .T. ) ;
#4116 = ORIENTED_EDGE ( 'NONE', *, *, #467, .F. ) ;
#4117 = DIRECTION ( 'NONE',  ( 0.000000000000000000, 0.000000000000000000, -1.000000000000000000 ) ) ;
#4118 = EDGE_LOOP ( 'NONE', ( #2412, #4481, #3906, #4472, #3152, #3854, #3436, #1750, #9, #4260, #1576, #766, #4067, #4474, #4455, #2112, #2142, #256, #2366, #665, #1594, #1377, #3198, #2143, #4282, #163, #3604, #2787, #244, #1417, #626 ) ) ;
#4119 = ORIENTED_EDGE ( 'NONE', *, *, #2460, .F. ) ;
#4120 = DIRECTION ( 'NONE',  ( 0.000000000000000000, 0.000000000000000000, 1.000000000000000000 ) ) ;
#4121 = AXIS2_PLACEMENT_3D ( 'NONE', #605, #2012, #4120 ) ;
#4122 = ORIENTED_EDGE ( 'NONE', *, *, #2077, .F. ) ;
#4123 = FACE_OUTER_BOUND ( 'NONE', #718, .T. ) ;
#4124 = ORIENTED_EDGE ( 'NONE', *, *, #3452, .F. ) ;
#4125 = DIRECTION ( 'NONE',  ( 0.000000000000000000, -1.000000000000000000, 0.000000000000000000 ) ) ;
#4126 = DIRECTION ( 'NONE',  ( 0.000000000000000000, 0.000000000000000000, 1.000000000000000000 ) ) ;
#4127 = ORIENTED_EDGE ( 'NONE', *, *, #964, .T. ) ;
#4128 = ADVANCED_FACE ( 'NONE', ( #4206 ), #2489, .F. ) ;
#4129 = DIRECTION ( 'NONE',  ( 0.000000000000000000, 0.000000000000000000, -1.000000000000000000 ) ) ;
#4130 = ADVANCED_FACE ( 'NONE', ( #3227 ), #1130, .F. ) ;
#4131 = VERTEX_POINT ( 'NONE', #2137 ) ;
#4132 = CIRCLE ( 'NONE', #2287, 3.000000000000002665 ) ;
#4133 = CYLINDRICAL_SURFACE ( 'NONE', #637, 1.000000000000000888 ) ;
#4134 = CIRCLE ( 'NONE', #3978, 1.399999999999998579 ) ;
#4135 = CARTESIAN_POINT ( 'NONE',  ( -40.78060344508688218, 0.000000000000000000, 73.47699285909244793 ) ) ;
#4136 = LINE ( 'NONE', #3073, #762 ) ;
#4137 = CARTESIAN_POINT ( 'NONE',  ( -82.64662884887252403, -6.349999999999999645, 2.962909748770996110 ) ) ;
#4138 = CARTESIAN_POINT ( 'NONE',  ( -10.90000000000000036, -6.349999999999999645, 82.40000000000001990 ) ) ;
#4139 = CIRCLE ( 'NONE', #3326, 3.000000000000002665 ) ;
#4140 = EDGE_CURVE ( 'NONE', #1526, #1224, #3603, .T. ) ;
#4141 = ORIENTED_EDGE ( 'NONE', *, *, #2038, .T. ) ;
#4142 = DIRECTION ( 'NONE',  ( -0.2588190451025155769, 0.000000000000000000, -0.9659258262890697555 ) ) ;
#4143 = VECTOR ( 'NONE', #2302, 1000.000000000000000 ) ;
#4144 = ORIENTED_EDGE ( 'NONE', *, *, #32, .F. ) ;
#4145 = LINE ( 'NONE', #4396, #3232 ) ;
#4146 = ADVANCED_FACE ( 'NONE', ( #37 ), #1448, .F. ) ;
#4147 = VERTEX_POINT ( 'NONE', #3323 ) ;
#4148 = VECTOR ( 'NONE', #3478, 1000.000000000000000 ) ;
#4149 = DIRECTION ( 'NONE',  ( -0.8660254037844448138, 0.000000000000000000, -0.4999999999999895084 ) ) ;
#4150 = ORIENTED_EDGE ( 'NONE', *, *, #4077, .T. ) ;
#4151 = CARTESIAN_POINT ( 'NONE',  ( -17.67766952966371719, 0.000000000000000000, 17.67766952966366389 ) ) ;
#4152 = DIRECTION ( 'NONE',  ( 0.000000000000000000, 0.000000000000000000, 1.000000000000000000 ) ) ;
#4153 = ORIENTED_EDGE ( 'NONE', *, *, #1273, .F. ) ;
#4154 = AXIS2_PLACEMENT_3D ( 'NONE', #2925, #3000, #494 ) ;
#4155 = LINE ( 'NONE', #1981, #2762 ) ;
#4156 = EDGE_CURVE ( 'NONE', #2467, #652, #4388, .T. ) ;
#4157 = VECTOR ( 'NONE', #1900, 1000.000000000000000 ) ;
#4158 = DIRECTION ( 'NONE',  ( -0.000000000000000000, -1.000000000000000000, 0.000000000000000000 ) ) ;
#4159 = CARTESIAN_POINT ( 'NONE',  ( 86.62132034356075394, 0.000000000000000000, 0.07854213555844036243 ) ) ;
#4160 = LINE ( 'NONE', #3442, #4387 ) ;
#4161 = DIRECTION ( 'NONE',  ( -0.8660254037844431485, 0.000000000000000000, -0.4999999999999922839 ) ) ;
#4162 = DIRECTION ( 'NONE',  ( -0.8660254037844432595, 0.000000000000000000, -0.4999999999999919509 ) ) ;
#4163 = CARTESIAN_POINT ( 'NONE',  ( -16.52776749732661443, -6.349999999999999645, -16.52776749732664285 ) ) ;
#4164 = ORIENTED_EDGE ( 'NONE', *, *, #886, .F. ) ;
#4165 = VECTOR ( 'NONE', #3624, 1000.000000000000000 ) ;
#4166 = DIRECTION ( 'NONE',  ( -0.000000000000000000, 1.000000000000000000, -0.000000000000000000 ) ) ;
#4167 = ADVANCED_FACE ( 'NONE', ( #2907 ), #4035, .F. ) ;
#4168 = VECTOR ( 'NONE', #2400, 1000.000000000000000 ) ;
#4169 = VECTOR ( 'NONE', #822, 1000.000000000000000 ) ;
#4170 = CARTESIAN_POINT ( 'NONE',  ( -73.95856948319146795, 0.000000000000000000, -42.69999999999931362 ) ) ;
#4171 = CARTESIAN_POINT ( 'NONE',  ( -43.37867965644019819, -6.349999999999999645, 74.97699285909244793 ) ) ;
#4172 = ORIENTED_EDGE ( 'NONE', *, *, #4045, .F. ) ;
#4173 = PLANE ( 'NONE',  #4221 ) ;
#4174 = CARTESIAN_POINT ( 'NONE',  ( -18.47500000000002984, -6.349999999999999645, 1.068300540622384439E-14 ) ) ;
#4175 = VERTEX_POINT ( 'NONE', #2230 ) ;
#4176 = VECTOR ( 'NONE', #2705, 999.9999999999998863 ) ;
#4177 = CARTESIAN_POINT ( 'NONE',  ( -11.89999999999999858, -6.349999999999999645, 73.90000000000000568 ) ) ;
#4178 = VECTOR ( 'NONE', #3159, 999.9999999999998863 ) ;
#4179 = CIRCLE ( 'NONE', #185, 32.00000000000000000 ) ;
#4180 = DIRECTION ( 'NONE',  ( 0.000000000000000000, 0.000000000000000000, 1.000000000000000000 ) ) ;
#4181 = CARTESIAN_POINT ( 'NONE',  ( -77.51241706048465119, -6.349999999999999645, -24.54455543377159898 ) ) ;
#4182 = CARTESIAN_POINT ( 'NONE',  ( -70.78324730968272149, 0.000000000000000000, -62.19981933491683179 ) ) ;
#4183 = ADVANCED_FACE ( 'NONE', ( #1492 ), #174, .F. ) ;
#4184 = CYLINDRICAL_SURFACE ( 'NONE', #1328, 1.399999999999998579 ) ;
#4185 = LINE ( 'NONE', #1340, #853 ) ;
#4186 = ORIENTED_EDGE ( 'NONE', *, *, #2842, .T. ) ;
#4187 = EDGE_CURVE ( 'NONE', #3623, #696, #4542, .T. ) ;
#4188 = DIRECTION ( 'NONE',  ( 0.7071067811865481278, 0.000000000000000000, -0.7071067811865469066 ) ) ;
#4189 = ADVANCED_FACE ( 'NONE', ( #148 ), #793, .F. ) ;
#4190 = ADVANCED_FACE ( 'NONE', ( #4407 ), #1558, .F. ) ;
#4191 = ORIENTED_EDGE ( 'NONE', *, *, #2485, .T. ) ;
#4192 = CARTESIAN_POINT ( 'NONE',  ( -74.57437415779483558, -6.349999999999999645, -43.05553499465072775 ) ) ;
#4193 = EDGE_CURVE ( 'NONE', #674, #1745, #1532, .T. ) ;
#4194 = DIRECTION ( 'NONE',  ( 0.8660254037844383745, 0.000000000000000000, -0.5000000000000005551 ) ) ;
#4195 = DIRECTION ( 'NONE',  ( 0.000000000000000000, 0.000000000000000000, 1.000000000000000000 ) ) ;
#4196 = ORIENTED_EDGE ( 'NONE', *, *, #650, .F. ) ;
#4197 = DIRECTION ( 'NONE',  ( 0.000000000000000000, -1.000000000000000000, 0.000000000000000000 ) ) ;
#4198 = DIRECTION ( 'NONE',  ( 0.5000000000000039968, 0.000000000000000000, 0.8660254037844363761 ) ) ;
#4199 = VERTEX_POINT ( 'NONE', #2560 ) ;
#4200 = ORIENTED_EDGE ( 'NONE', *, *, #913, .T. ) ;
#4201 = CARTESIAN_POINT ( 'NONE',  ( -10.90000000000000213, -6.349999999999999645, 73.90000000000000568 ) ) ;
#4202 = CARTESIAN_POINT ( 'NONE',  ( 69.44927733966991923, -6.349999999999999645, -27.51032309874995008 ) ) ;
#4203 = EDGE_LOOP ( 'NONE', ( #3803, #2127, #846, #2791 ) ) ;
#4204 = DIRECTION ( 'NONE',  ( -0.8660254037844432595, 0.000000000000000000, -0.4999999999999919509 ) ) ;
#4205 = EDGE_CURVE ( 'NONE', #81, #652, #2206, .T. ) ;
#4206 = FACE_OUTER_BOUND ( 'NONE', #296, .T. ) ;
#4207 = ORIENTED_EDGE ( 'NONE', *, *, #3841, .F. ) ;
#4208 = CIRCLE ( 'NONE', #3765, 1.000000000000000888 ) ;
#4209 = VECTOR ( 'NONE', #2399, 1000.000000000000000 ) ;
#4210 = DIRECTION ( 'NONE',  ( -0.8660254037844425934, 0.000000000000000000, -0.4999999999999933942 ) ) ;
#4211 = DIRECTION ( 'NONE',  ( 0.000000000000000000, 0.000000000000000000, 1.000000000000000000 ) ) ;
#4212 = CIRCLE ( 'NONE', #3686, 32.00000000000000000 ) ;
#4213 = EDGE_LOOP ( 'NONE', ( #4370, #172, #3930, #3054 ) ) ;
#4214 = CARTESIAN_POINT ( 'NONE',  ( -8.524999999999979039, -6.349999999999999645, 92.40000000000000568 ) ) ;
#4215 = EDGE_CURVE ( 'NONE', #491, #3016, #453, .T. ) ;
#4216 = VERTEX_POINT ( 'NONE', #3691 ) ;
#4217 = CARTESIAN_POINT ( 'NONE',  ( 17.50000000000000355, -6.349999999999999645, 80.79999999999999716 ) ) ;
#4218 = ORIENTED_EDGE ( 'NONE', *, *, #467, .T. ) ;
#4219 = AXIS2_PLACEMENT_3D ( 'NONE', #4413, #1497, #2565 ) ;
#4220 = CARTESIAN_POINT ( 'NONE',  ( -70.56209488697598431, -6.349999999999999645, -50.58286656726167507 ) ) ;
#4221 = AXIS2_PLACEMENT_3D ( 'NONE', #3389, #1997, #1956 ) ;
#4222 = ORIENTED_EDGE ( 'NONE', *, *, #2265, .T. ) ;
#4223 = VERTEX_POINT ( 'NONE', #1217 ) ;
#4224 = CARTESIAN_POINT ( 'NONE',  ( 38.75735931288035374, -6.349999999999999645, -76.05553499465281675 ) ) ;
#4225 = EDGE_CURVE ( 'NONE', #4111, #3736, #776, .T. ) ;
#4226 = DIRECTION ( 'NONE',  ( -0.000000000000000000, -1.000000000000000000, 0.000000000000000000 ) ) ;
#4227 = CYLINDRICAL_SURFACE ( 'NONE', #456, 5.000000000000004441 ) ;
#4228 = ORIENTED_EDGE ( 'NONE', *, *, #2886, .F. ) ;
#4229 = CIRCLE ( 'NONE', #984, 1.000000000000000888 ) ;
#4230 = AXIS2_PLACEMENT_3D ( 'NONE', #1349, #2034, #4195 ) ;
#4231 = CARTESIAN_POINT ( 'NONE',  ( 77.67651867562206291, -6.349999999999999645, -32.26032309874998560 ) ) ;
#4232 = CARTESIAN_POINT ( 'NONE',  ( 86.62132034356075394, -6.349999999999999645, 0.07854213555844036243 ) ) ;
#4233 = VERTEX_POINT ( 'NONE', #2977 ) ;
#4234 = DIRECTION ( 'NONE',  ( 0.000000000000000000, 0.000000000000000000, 1.000000000000000000 ) ) ;
#4235 = CARTESIAN_POINT ( 'NONE',  ( -82.86882352103590677, -6.349999999999999645, -47.26698729810701138 ) ) ;
#4236 = CIRCLE ( 'NONE', #3425, 3.000000000000002665 ) ;
#4237 = VERTEX_POINT ( 'NONE', #497 ) ;
#4238 = LINE ( 'NONE', #1694, #4046 ) ;
#4239 = EDGE_CURVE ( 'NONE', #3882, #3427, #896, .T. ) ;
#4240 = EDGE_CURVE ( 'NONE', #432, #2900, #3277, .T. ) ;
#4241 = CARTESIAN_POINT ( 'NONE',  ( -28.60000000000001208, -6.349999999999999645, -67.00000000000001421 ) ) ;
#4242 = ORIENTED_EDGE ( 'NONE', *, *, #1425, .F. ) ;
#4243 = VECTOR ( 'NONE', #3047, 1000.000000000000000 ) ;
#4244 = CARTESIAN_POINT ( 'NONE',  ( -0.000000000000000000, 0.000000000000000000, 95.40000000000000568 ) ) ;
#4245 = VERTEX_POINT ( 'NONE', #1514 ) ;
#4246 = VECTOR ( 'NONE', #2303, 1000.000000000000000 ) ;
#4247 = ADVANCED_FACE ( 'NONE', ( #3299 ), #1586, .T. ) ;
#4248 = VERTEX_POINT ( 'NONE', #547 ) ;
#4249 = PLANE ( 'NONE',  #3948 ) ;
#4250 = DIRECTION ( 'NONE',  ( 0.000000000000000000, 0.000000000000000000, 1.000000000000000000 ) ) ;
#4251 = DIRECTION ( 'NONE',  ( 0.4999999999999919509, 0.000000000000000000, -0.8660254037844432595 ) ) ;
#4252 = ORIENTED_EDGE ( 'NONE', *, *, #1418, .F. ) ;
#4253 = LINE ( 'NONE', #2883, #4062 ) ;
#4254 = CARTESIAN_POINT ( 'NONE',  ( 17.67766952966372074, -6.349999999999999645, -14.72766952966365572 ) ) ;
#4255 = ORIENTED_EDGE ( 'NONE', *, *, #3270, .T. ) ;
#4256 = AXIS2_PLACEMENT_3D ( 'NONE', #3402, #930, #2336 ) ;
#4257 = CARTESIAN_POINT ( 'NONE',  ( 40.87867965644003476, -6.349999999999999645, -73.93421465109319968 ) ) ;
#4258 = LINE ( 'NONE', #726, #2064 ) ;
#4259 = ORIENTED_EDGE ( 'NONE', *, *, #647, .F. ) ;
#4260 = ORIENTED_EDGE ( 'NONE', *, *, #2097, .T. ) ;
#4261 = DIRECTION ( 'NONE',  ( -0.000000000000000000, -1.000000000000000000, 0.000000000000000000 ) ) ;
#4262 = AXIS2_PLACEMENT_3D ( 'NONE', #638, #1357, #946 ) ;
#4263 = CARTESIAN_POINT ( 'NONE',  ( -66.08709488697606105, -6.349999999999999645, -58.33379393113243339 ) ) ;
#4264 = ORIENTED_EDGE ( 'NONE', *, *, #1646, .F. ) ;
#4265 = DIRECTION ( 'NONE',  ( 0.000000000000000000, 0.000000000000000000, 1.000000000000000000 ) ) ;
#4266 = ORIENTED_EDGE ( 'NONE', *, *, #3850, .T. ) ;
#4267 = VERTEX_POINT ( 'NONE', #2928 ) ;
#4268 = DIRECTION ( 'NONE',  ( 0.000000000000000000, 0.000000000000000000, 1.000000000000000000 ) ) ;
#4269 = VECTOR ( 'NONE', #2292, 1000.000000000000000 ) ;
#4270 = CARTESIAN_POINT ( 'NONE',  ( 56.38325193588536877, -6.349999999999999645, -48.14134295109019490 ) ) ;
#4271 = EDGE_CURVE ( 'NONE', #573, #3680, #2777, .T. ) ;
#4272 = DIRECTION ( 'NONE',  ( -0.000000000000000000, 1.000000000000000000, -0.000000000000000000 ) ) ;
#4273 = ORIENTED_EDGE ( 'NONE', *, *, #1635, .F. ) ;
#4274 = DIRECTION ( 'NONE',  ( 0.000000000000000000, 1.000000000000000000, -0.000000000000000000 ) ) ;
#4275 = EDGE_CURVE ( 'NONE', #2539, #802, #2628, .T. ) ;
#4276 = DIRECTION ( 'NONE',  ( 0.8660254037844363761, 0.000000000000000000, -0.5000000000000041078 ) ) ;
#4277 = ADVANCED_FACE ( 'NONE', ( #657 ), #264, .T. ) ;
#4278 = ORIENTED_EDGE ( 'NONE', *, *, #1522, .T. ) ;
#4279 = CYLINDRICAL_SURFACE ( 'NONE', #1943, 1.000000000000000888 ) ;
#4280 = DIRECTION ( 'NONE',  ( -0.000000000000000000, -1.000000000000000000, 0.000000000000000000 ) ) ;
#4281 = EDGE_CURVE ( 'NONE', #2783, #2284, #2397, .T. ) ;
#4282 = ORIENTED_EDGE ( 'NONE', *, *, #169, .T. ) ;
#4283 = AXIS2_PLACEMENT_3D ( 'NONE', #2744, #996, #267 ) ;
#4284 = CYLINDRICAL_SURFACE ( 'NONE', #4307, 1.399999999999998579 ) ;
#4285 = AXIS2_PLACEMENT_3D ( 'NONE', #1616, #153, #2681 ) ;
#4286 = AXIS2_PLACEMENT_3D ( 'NONE', #1977, #1329, #2714 ) ;
#4287 = CARTESIAN_POINT ( 'NONE',  ( -7.524999999999978151, -6.349999999999999645, 92.40000000000000568 ) ) ;
#4288 = VERTEX_POINT ( 'NONE', #922 ) ;
#4289 = DIRECTION ( 'NONE',  ( -0.000000000000000000, -1.000000000000000000, 0.000000000000000000 ) ) ;
#4290 = AXIS2_PLACEMENT_3D ( 'NONE', #341, #2113, #3945 ) ;
#4291 = AXIS2_PLACEMENT_3D ( 'NONE', #346, #2473, #1830 ) ;
#4292 = DIRECTION ( 'NONE',  ( 0.000000000000000000, 1.000000000000000000, -0.000000000000000000 ) ) ;
#4293 = ORIENTED_EDGE ( 'NONE', *, *, #2992, .F. ) ;
#4294 = AXIS2_PLACEMENT_3D ( 'NONE', #2188, #3650, #4345 ) ;
#4295 = ORIENTED_EDGE ( 'NONE', *, *, #3426, .T. ) ;
#4296 = DIRECTION ( 'NONE',  ( 0.5000000000000041078, 0.000000000000000000, 0.8660254037844362651 ) ) ;
#4297 = CARTESIAN_POINT ( 'NONE',  ( -17.67766952966365679, -6.349999999999999645, -14.72766952966371790 ) ) ;
#4298 = DIRECTION ( 'NONE',  ( -0.000000000000000000, 1.000000000000000000, -0.000000000000000000 ) ) ;
#4299 = VERTEX_POINT ( 'NONE', #4177 ) ;
#4300 = FACE_OUTER_BOUND ( 'NONE', #3539, .T. ) ;
#4301 = DIRECTION ( 'NONE',  ( -0.000000000000000000, 1.000000000000000000, -0.000000000000000000 ) ) ;
#4302 = EDGE_LOOP ( 'NONE', ( #444, #3667, #400, #2503 ) ) ;
#4303 = DIRECTION ( 'NONE',  ( -0.000000000000000000, 1.000000000000000000, -0.000000000000000000 ) ) ;
#4304 = FACE_OUTER_BOUND ( 'NONE', #2779, .T. ) ;
#4305 = FACE_OUTER_BOUND ( 'NONE', #3079, .T. ) ;
#4306 = EDGE_LOOP ( 'NONE', ( #534, #694, #100, #3817 ) ) ;
#4307 = AXIS2_PLACEMENT_3D ( 'NONE', #391, #1114, #2144 ) ;
#4308 = VECTOR ( 'NONE', #3490, 1000.000000000000000 ) ;
#4309 = ORIENTED_EDGE ( 'NONE', *, *, #3645, .T. ) ;
#4310 = DIRECTION ( 'NONE',  ( 6.938893903907222067E-15, 0.000000000000000000, -1.000000000000000000 ) ) ;
#4311 = DIRECTION ( 'NONE',  ( 0.000000000000000000, 0.000000000000000000, -1.000000000000000000 ) ) ;
#4312 = ORIENTED_EDGE ( 'NONE', *, *, #1283, .F. ) ;
#4313 = VERTEX_POINT ( 'NONE', #3437 ) ;
#4314 = CARTESIAN_POINT ( 'NONE',  ( 0.000000000000000000, 0.000000000000000000, 0.000000000000000000 ) ) ;
#4315 = CIRCLE ( 'NONE', #3009, 1.399999999999998579 ) ;
#4316 = DIRECTION ( 'NONE',  ( 0.000000000000000000, 1.000000000000000000, -0.000000000000000000 ) ) ;
#4317 = DIRECTION ( 'NONE',  ( 0.000000000000000000, 0.000000000000000000, 1.000000000000000000 ) ) ;
#4318 = VERTEX_POINT ( 'NONE', #1017 ) ;
#4319 = DIRECTION ( 'NONE',  ( 0.000000000000000000, 0.000000000000000000, 1.000000000000000000 ) ) ;
#4320 = DIRECTION ( 'NONE',  ( -0.8660254037844425934, 0.000000000000000000, -0.4999999999999933942 ) ) ;
#4321 = ORIENTED_EDGE ( 'NONE', *, *, #3956, .T. ) ;
#4322 =( GEOMETRIC_REPRESENTATION_CONTEXT ( 3 ) GLOBAL_UNCERTAINTY_ASSIGNED_CONTEXT ( ( #188 ) ) GLOBAL_UNIT_ASSIGNED_CONTEXT ( ( #814, #3243, #95 ) ) REPRESENTATION_CONTEXT ( 'NONE', 'WORKASPACE' ) );
#4323 = DIRECTION ( 'NONE',  ( -0.000000000000000000, 1.000000000000000000, -0.000000000000000000 ) ) ;
#4324 = CYLINDRICAL_SURFACE ( 'NONE', #71, 1.000000000000000888 ) ;
#4325 = CARTESIAN_POINT ( 'NONE',  ( 43.58956826847798283, -6.349999999999999645, 72.36908238118996906 ) ) ;
#4326 = CIRCLE ( 'NONE', #2101, 1.399999999999998579 ) ;
#4327 = EDGE_LOOP ( 'NONE', ( #2654, #513 ) ) ;
#4328 = EDGE_CURVE ( 'NONE', #4147, #2065, #3415, .T. ) ;
#4329 = EDGE_CURVE ( 'NONE', #837, #3784, #3367, .T. ) ;
#4330 = DIRECTION ( 'NONE',  ( 0.000000000000000000, 1.000000000000000000, -0.000000000000000000 ) ) ;
#4331 = FACE_BOUND ( 'NONE', #94, .T. ) ;
#4332 = VERTEX_POINT ( 'NONE', #3373 ) ;
#4333 = ORIENTED_EDGE ( 'NONE', *, *, #3767, .F. ) ;
#4334 = FACE_BOUND ( 'NONE', #1791, .T. ) ;
#4335 = DIRECTION ( 'NONE',  ( 0.000000000000000000, 0.000000000000000000, 1.000000000000000000 ) ) ;
#4336 = CARTESIAN_POINT ( 'NONE',  ( 77.51241706048433855, -6.349999999999999645, -24.54455543377269322 ) ) ;
#4337 = EDGE_LOOP ( 'NONE', ( #4278, #2734 ) ) ;
#4338 = DIRECTION ( 'NONE',  ( 0.000000000000000000, 0.000000000000000000, 1.000000000000000000 ) ) ;
#4339 = DIRECTION ( 'NONE',  ( 0.000000000000000000, 0.000000000000000000, 1.000000000000000000 ) ) ;
#4340 = VERTEX_POINT ( 'NONE', #593 ) ;
#4341 = AXIS2_PLACEMENT_3D ( 'NONE', #273, #669, #348 ) ;
#4342 = CARTESIAN_POINT ( 'NONE',  ( 74.57437415779702405, -6.349999999999999645, -75.05553499465061407 ) ) ;
#4343 = DIRECTION ( 'NONE',  ( 0.000000000000000000, -1.000000000000000000, 0.000000000000000000 ) ) ;
#4344 = EDGE_CURVE ( 'NONE', #2538, #175, #1374, .T. ) ;
#4345 = DIRECTION ( 'NONE',  ( -4.625929269271481378E-15, 0.000000000000000000, -1.000000000000000000 ) ) ;
#4346 = CARTESIAN_POINT ( 'NONE',  ( 38.75735931288035374, 0.000000000000000000, -76.05553499465281675 ) ) ;
#4347 = ORIENTED_EDGE ( 'NONE', *, *, #449, .T. ) ;
#4348 = PRODUCT_DEFINITION_SHAPE ( 'NONE', 'NONE',  #3081 ) ;
#4349 = CARTESIAN_POINT ( 'NONE',  ( -28.60000000000001208, -6.349999999999999645, -61.80000000000001137 ) ) ;
#4350 = EDGE_CURVE ( 'NONE', #4299, #4069, #2328, .T. ) ;
#4351 = VECTOR ( 'NONE', #3586, 1000.000000000000000 ) ;
#4352 = CIRCLE ( 'NONE', #511, 3.000000000000002665 ) ;
#4353 = AXIS2_PLACEMENT_3D ( 'NONE', #1590, #525, #1517 ) ;
#4354 = FACE_BOUND ( 'NONE', #131, .T. ) ;
#4355 = ORIENTED_EDGE ( 'NONE', *, *, #1674, .T. ) ;
#4356 = VERTEX_POINT ( 'NONE', #3021 ) ;
#4357 = EDGE_CURVE ( 'NONE', #1523, #4175, #4530, .T. ) ;
#4358 = CARTESIAN_POINT ( 'NONE',  ( -102.2871870788968494, 0.000000000000000000, -27.05553499465068867 ) ) ;
#4359 = DIRECTION ( 'NONE',  ( 0.000000000000000000, 1.000000000000000000, 0.000000000000000000 ) ) ;
#4360 = VERTEX_POINT ( 'NONE', #1682 ) ;
#4361 = DIRECTION ( 'NONE',  ( -0.5000000000000039968, 0.000000000000000000, -0.8660254037844363761 ) ) ;
#4362 = CARTESIAN_POINT ( 'NONE',  ( 72.22651867562201744, -6.349999999999999645, -41.70000000000035101 ) ) ;
#4363 = EDGE_LOOP ( 'NONE', ( #1075, #843, #3084, #4191 ) ) ;
#4364 = ADVANCED_FACE ( 'NONE', ( #203 ), #4430, .F. ) ;
#4365 = CARTESIAN_POINT ( 'NONE',  ( 85.14927271346640225, -6.349999999999999645, -39.31713343273808903 ) ) ;
#4366 = PLANE ( 'NONE',  #4353 ) ;
#4367 = DIRECTION ( 'NONE',  ( 0.000000000000000000, 0.000000000000000000, 1.000000000000000000 ) ) ;
#4368 = AXIS2_PLACEMENT_3D ( 'NONE', #2461, #2434, #3498 ) ;
#4369 = DIRECTION ( 'NONE',  ( -0.000000000000000000, 1.000000000000000000, -0.000000000000000000 ) ) ;
#4370 = ORIENTED_EDGE ( 'NONE', *, *, #2546, .F. ) ;
#4371 = CARTESIAN_POINT ( 'NONE',  ( 14.50000000000000000, -6.349999999999999645, 73.90000000000000568 ) ) ;
#4372 = VECTOR ( 'NONE', #3018, 1000.000000000000000 ) ;
#4373 = CIRCLE ( 'NONE', #3416, 1.399999999999998579 ) ;
#4374 = EDGE_LOOP ( 'NONE', ( #2013, #3199, #1910, #133 ) ) ;
#4375 = CARTESIAN_POINT ( 'NONE',  ( 130.0000000000010232, 0.000000000000000000, -75.05553499465057143 ) ) ;
#4376 = DIRECTION ( 'NONE',  ( -0.000000000000000000, -1.000000000000000000, 0.000000000000000000 ) ) ;
#4377 = EDGE_CURVE ( 'NONE', #1257, #2644, #1658, .T. ) ;
#4378 = VERTEX_POINT ( 'NONE', #1310 ) ;
#4379 = ORIENTED_EDGE ( 'NONE', *, *, #4042, .T. ) ;
#4380 = CARTESIAN_POINT ( 'NONE',  ( 17.50000000000000355, -6.349999999999999645, 79.39999999999999147 ) ) ;
#4381 = DIRECTION ( 'NONE',  ( 0.000000000000000000, 0.000000000000000000, 1.000000000000000000 ) ) ;
#4382 = EDGE_CURVE ( 'NONE', #790, #528, #3578, .T. ) ;
#4383 = ORIENTED_EDGE ( 'NONE', *, *, #2722, .T. ) ;
#4384 = DIRECTION ( 'NONE',  ( -0.000000000000000000, -1.000000000000000000, -0.000000000000000000 ) ) ;
#4385 = DIRECTION ( 'NONE',  ( 0.000000000000000000, 0.000000000000000000, -1.000000000000000000 ) ) ;
#4386 = ORIENTED_EDGE ( 'NONE', *, *, #4520, .F. ) ;
#4387 = VECTOR ( 'NONE', #4497, 1000.000000000000000 ) ;
#4388 = CIRCLE ( 'NONE', #1808, 1.000000000000000222 ) ;
#4389 = DIRECTION ( 'NONE',  ( -0.000000000000000000, -1.000000000000000000, -0.000000000000000000 ) ) ;
#4390 = DIRECTION ( 'NONE',  ( 0.000000000000000000, 0.000000000000000000, 1.000000000000000000 ) ) ;
#4391 = CARTESIAN_POINT ( 'NONE',  ( 1.999999999999992673, -6.349999999999999645, -67.00000000000000000 ) ) ;
#4392 = PLANE ( 'NONE',  #1184 ) ;
#4393 = ORIENTED_EDGE ( 'NONE', *, *, #1069, .T. ) ;
#4394 = LINE ( 'NONE', #1225, #2699 ) ;
#4395 = ORIENTED_EDGE ( 'NONE', *, *, #2887, .T. ) ;
#4396 = CARTESIAN_POINT ( 'NONE',  ( 60.01241706048417512, -6.349999999999999645, -56.25544456622797185 ) ) ;
#4397 = AXIS2_PLACEMENT_3D ( 'NONE', #2402, #3424, #1318 ) ;
#4398 = EDGE_CURVE ( 'NONE', #3195, #1131, #3090, .T. ) ;
#4399 = DIRECTION ( 'NONE',  ( -0.8660254037844387076, 0.000000000000000000, -0.5000000000000001110 ) ) ;
#4400 = VERTEX_POINT ( 'NONE', #3392 ) ;
#4401 = CARTESIAN_POINT ( 'NONE',  ( 56.38325193588536877, -6.349999999999999645, -48.14134295109019490 ) ) ;
#4402 = VERTEX_POINT ( 'NONE', #3786 ) ;
#4403 = DIRECTION ( 'NONE',  ( 0.000000000000000000, 1.000000000000000000, -0.000000000000000000 ) ) ;
#4404 = FACE_OUTER_BOUND ( 'NONE', #2155, .T. ) ;
#4405 = ORIENTED_EDGE ( 'NONE', *, *, #402, .F. ) ;
#4406 = CARTESIAN_POINT ( 'NONE',  ( 77.67651867562206291, 0.000000000000000000, -32.26032309874998560 ) ) ;
#4407 = FACE_OUTER_BOUND ( 'NONE', #739, .T. ) ;
#4408 = ORIENTED_EDGE ( 'NONE', *, *, #4558, .F. ) ;
#4409 = ADVANCED_FACE ( 'NONE', ( #571 ), #1332, .F. ) ;
#4410 = DIRECTION ( 'NONE',  ( 0.8660254037844363761, 0.000000000000000000, -0.5000000000000039968 ) ) ;
#4411 = CARTESIAN_POINT ( 'NONE',  ( -17.47499999999998010, 0.000000000000000000, 85.40000000000000568 ) ) ;
#4412 = EDGE_CURVE ( 'NONE', #3897, #3805, #4155, .T. ) ;
#4413 = CARTESIAN_POINT ( 'NONE',  ( -40.78060344508688218, -6.349999999999999645, 73.47699285909244793 ) ) ;
#4414 = EDGE_CURVE ( 'NONE', #652, #3401, #993, .T. ) ;
#4415 = DIRECTION ( 'NONE',  ( 0.000000000000000000, 0.000000000000000000, 1.000000000000000000 ) ) ;
#4416 = ORIENTED_EDGE ( 'NONE', *, *, #807, .T. ) ;
#4417 = DIRECTION ( 'NONE',  ( -0.000000000000000000, 1.000000000000000000, -0.000000000000000000 ) ) ;
#4418 = ORIENTED_EDGE ( 'NONE', *, *, #3507, .T. ) ;
#4419 = LINE ( 'NONE', #2708, #3385 ) ;
#4420 = ORIENTED_EDGE ( 'NONE', *, *, #754, .T. ) ;
#4421 = UNCERTAINTY_MEASURE_WITH_UNIT (LENGTH_MEASURE( 1.000000000000000082E-05 ), #3528, 'distance_accuracy_value', 'NONE');
#4422 = PLANE ( 'NONE',  #2523 ) ;
#4423 = ORIENTED_EDGE ( 'NONE', *, *, #2269, .F. ) ;
#4424 = CIRCLE ( 'NONE', #1183, 5.000000000000004441 ) ;
#4425 = CARTESIAN_POINT ( 'NONE',  ( -10.90000000000000036, 0.000000000000000000, 82.40000000000001990 ) ) ;
#4426 = AXIS2_PLACEMENT_3D ( 'NONE', #1851, #779, #671 ) ;
#4427 = DIRECTION ( 'NONE',  ( 0.000000000000000000, 1.000000000000000000, -0.000000000000000000 ) ) ;
#4428 = EDGE_LOOP ( 'NONE', ( #4085, #2487, #2664, #2786 ) ) ;
#4429 = DIRECTION ( 'NONE',  ( 0.000000000000000000, 0.000000000000000000, 1.000000000000000000 ) ) ;
#4430 = PLANE ( 'NONE',  #3501 ) ;
#4431 = ORIENTED_EDGE ( 'NONE', *, *, #4499, .F. ) ;
#4432 = AXIS2_PLACEMENT_3D ( 'NONE', #3322, #1585, #4319 ) ;
#4433 = DIRECTION ( 'NONE',  ( 0.000000000000000000, 0.000000000000000000, 1.000000000000000000 ) ) ;
#4434 = DIRECTION ( 'NONE',  ( -0.8660254037844425934, 0.000000000000000000, -0.4999999999999933942 ) ) ;
#4435 = LINE ( 'NONE', #1268, #1657 ) ;
#4436 = CARTESIAN_POINT ( 'NONE',  ( -7.524999999999978151, -6.349999999999999645, 0.000000000000000000 ) ) ;
#4437 = EDGE_LOOP ( 'NONE', ( #1350, #1484, #1406, #3825 ) ) ;
#4438 = CARTESIAN_POINT ( 'NONE',  ( 0.000000000000000000, -6.349999999999999645, 100.4000000000000199 ) ) ;
#4439 = VERTEX_POINT ( 'NONE', #2041 ) ;
#4440 = ADVANCED_FACE ( 'NONE', ( #3459 ), #1355, .F. ) ;
#4441 = AXIS2_PLACEMENT_3D ( 'NONE', #3938, #92, #859 ) ;
#4442 = ORIENTED_EDGE ( 'NONE', *, *, #1452, .T. ) ;
#4443 = ORIENTED_EDGE ( 'NONE', *, *, #735, .F. ) ;
#4444 = CARTESIAN_POINT ( 'NONE',  ( -78.03869650211368025, -6.349999999999999645, -45.63301270189149506 ) ) ;
#4445 = AXIS2_PLACEMENT_3D ( 'NONE', #97, #1487, #2299 ) ;
#4446 = ORIENTED_EDGE ( 'NONE', *, *, #2493, .F. ) ;
#4447 = LINE ( 'NONE', #195, #4517 ) ;
#4448 = ORIENTED_EDGE ( 'NONE', *, *, #82, .T. ) ;
#4449 = ADVANCED_FACE ( 'NONE', ( #2856 ), #3222, .T. ) ;
#4450 = CARTESIAN_POINT ( 'NONE',  ( 69.44927733966991923, -6.349999999999999645, -26.51032309874994652 ) ) ;
#4451 = FACE_OUTER_BOUND ( 'NONE', #3629, .T. ) ;
#4452 = VECTOR ( 'NONE', #3146, 1000.000000000000000 ) ;
#4453 = ORIENTED_EDGE ( 'NONE', *, *, #3593, .F. ) ;
#4454 = DIRECTION ( 'NONE',  ( 0.000000000000000000, 1.000000000000000000, 0.000000000000000000 ) ) ;
#4455 = ORIENTED_EDGE ( 'NONE', *, *, #3085, .T. ) ;
#4456 = LINE ( 'NONE', #1290, #1358 ) ;
#4457 = DIRECTION ( 'NONE',  ( 0.000000000000000000, 0.000000000000000000, -1.000000000000000000 ) ) ;
#4458 = CYLINDRICAL_SURFACE ( 'NONE', #3801, 32.00000000000000000 ) ;
#4459 = DIRECTION ( 'NONE',  ( -0.5000000000000082157, 0.000000000000000000, -0.8660254037844338226 ) ) ;
#4460 = VERTEX_POINT ( 'NONE', #3551 ) ;
#4461 = CARTESIAN_POINT ( 'NONE',  ( -85.24470506022582583, 0.000000000000000000, 4.462909748771021867 ) ) ;
#4462 = VECTOR ( 'NONE', #1890, 1000.000000000000000 ) ;
#4463 = DIRECTION ( 'NONE',  ( 0.000000000000000000, 1.000000000000000000, 0.000000000000000000 ) ) ;
#4464 = EDGE_CURVE ( 'NONE', #3944, #2936, #2914, .T. ) ;
#4465 = EDGE_CURVE ( 'NONE', #800, #3897, #1144, .T. ) ;
#4466 = ORIENTED_EDGE ( 'NONE', *, *, #1731, .F. ) ;
#4467 = CARTESIAN_POINT ( 'NONE',  ( 74.57437415779698142, -6.349999999999999645, -43.05553499465061407 ) ) ;
#4468 = VERTEX_POINT ( 'NONE', #2528 ) ;
#4469 = VECTOR ( 'NONE', #4547, 1000.000000000000000 ) ;
#4470 = CARTESIAN_POINT ( 'NONE',  ( -17.49999999999999645, 0.000000000000000000, 79.40000000000000568 ) ) ;
#4471 = LINE ( 'NONE', #1629, #2876 ) ;
#4472 = ORIENTED_EDGE ( 'NONE', *, *, #3929, .T. ) ;
#4473 = DIRECTION ( 'NONE',  ( 0.000000000000000000, 1.000000000000000000, 0.000000000000000000 ) ) ;
#4474 = ORIENTED_EDGE ( 'NONE', *, *, #1924, .T. ) ;
#4475 = CARTESIAN_POINT ( 'NONE',  ( 78.53869650211306919, -6.349999999999999645, -44.76698729810815536 ) ) ;
#4476 = CARTESIAN_POINT ( 'NONE',  ( 77.31049327183764319, 0.000000000000000000, -30.89429769496556943 ) ) ;
#4477 = DIRECTION ( 'NONE',  ( -0.8660254037844363761, -0.000000000000000000, 0.5000000000000039968 ) ) ;
#4478 = DIRECTION ( 'NONE',  ( 0.000000000000000000, 1.000000000000000000, 0.000000000000000000 ) ) ;
#4479 = LINE ( 'NONE', #978, #4469 ) ;
#4480 = CARTESIAN_POINT ( 'NONE',  ( -18.47499999999997655, 0.000000000000000000, 86.40000000000000568 ) ) ;
#4481 = ORIENTED_EDGE ( 'NONE', *, *, #1491, .T. ) ;
#4482 = CARTESIAN_POINT ( 'NONE',  ( 0.000000000000000000, 0.000000000000000000, 100.4000000000000199 ) ) ;
#4483 = CIRCLE ( 'NONE', #499, 1.400000000000001910 ) ;
#4484 = VERTEX_POINT ( 'NONE', #3157 ) ;
#4485 = CARTESIAN_POINT ( 'NONE',  ( 0.000000000000000000, 0.000000000000000000, 83.40000000000001990 ) ) ;
#4486 = ORIENTED_EDGE ( 'NONE', *, *, #1980, .T. ) ;
#4487 = DIRECTION ( 'NONE',  ( 0.000000000000000000, 0.000000000000000000, 1.000000000000000000 ) ) ;
#4488 = CARTESIAN_POINT ( 'NONE',  ( 64.61049327183751245, 0.000000000000000000, -52.89134295109024464 ) ) ;
#4489 = VERTEX_POINT ( 'NONE', #2465 ) ;
#4490 = EDGE_CURVE ( 'NONE', #2015, #1061, #924, .T. ) ;
#4491 = DIRECTION ( 'NONE',  ( 0.000000000000000000, 1.000000000000000000, 0.000000000000000000 ) ) ;
#4492 = ORIENTED_EDGE ( 'NONE', *, *, #2743, .F. ) ;
#4493 = AXIS2_PLACEMENT_3D ( 'NONE', #2309, #1519, #1222 ) ;
#4494 = CIRCLE ( 'NONE', #3395, 3.000000000000000000 ) ;
#4495 = DIRECTION ( 'NONE',  ( 0.000000000000000000, 0.000000000000000000, 1.000000000000000000 ) ) ;
#4496 = FACE_OUTER_BOUND ( 'NONE', #2335, .T. ) ;
#4497 = DIRECTION ( 'NONE',  ( -0.000000000000000000, 1.000000000000000000, -0.000000000000000000 ) ) ;
#4498 = LINE ( 'NONE', #225, #1325 ) ;
#4499 = EDGE_CURVE ( 'NONE', #1458, #3454, #1820, .T. ) ;
#4500 = FACE_OUTER_BOUND ( 'NONE', #1720, .T. ) ;
#4501 = AXIS2_PLACEMENT_3D ( 'NONE', #1735, #3144, #2025 ) ;
#4502 = CARTESIAN_POINT ( 'NONE',  ( -66.08709488697606105, -6.349999999999999645, -58.33379393113243339 ) ) ;
#4503 = VECTOR ( 'NONE', #3927, 1000.000000000000000 ) ;
#4504 = ORIENTED_EDGE ( 'NONE', *, *, #327, .T. ) ;
#4505 = ORIENTED_EDGE ( 'NONE', *, *, #847, .F. ) ;
#4506 = DIRECTION ( 'NONE',  ( 0.2588190451025155769, 0.000000000000000000, 0.9659258262890697555 ) ) ;
#4507 = CARTESIAN_POINT ( 'NONE',  ( -82.64662884887252403, 0.000000000000000000, 2.962909748770996110 ) ) ;
#4508 = VECTOR ( 'NONE', #493, 1000.000000000000000 ) ;
#4509 = CYLINDRICAL_SURFACE ( 'NONE', #2971, 1.000000000000000888 ) ;
#4510 = VERTEX_POINT ( 'NONE', #3482 ) ;
#4511 = CARTESIAN_POINT ( 'NONE',  ( -65.22106948319161290, -6.349999999999999645, -57.83379393113244049 ) ) ;
#4512 = LINE ( 'NONE', #2695, #883 ) ;
#4513 = ORIENTED_EDGE ( 'NONE', *, *, #1646, .T. ) ;
#4514 = ADVANCED_FACE ( 'NONE', ( #2108 ), #2156, .F. ) ;
#4515 = CIRCLE ( 'NONE', #2453, 3.000000000000002665 ) ;
#4516 = DIRECTION ( 'NONE',  ( 0.4999999999999985012, 0.000000000000000000, 0.8660254037844394848 ) ) ;
#4517 = VECTOR ( 'NONE', #4052, 1000.000000000000000 ) ;
#4518 = VECTOR ( 'NONE', #192, 1000.000000000000000 ) ;
#4519 = CARTESIAN_POINT ( 'NONE',  ( -69.88325193588582351, -4.336808689942017736E-16, -24.75865704890942709 ) ) ;
#4520 = EDGE_CURVE ( 'NONE', #4468, #1299, #2325, .T. ) ;
#4521 = CARTESIAN_POINT ( 'NONE',  ( -17.67766952966371719, -6.349999999999999645, 17.67766952966366389 ) ) ;
#4522 = DIRECTION ( 'NONE',  ( -0.8660254037844434816, 0.000000000000000000, -0.4999999999999913958 ) ) ;
#4523 = DIRECTION ( 'NONE',  ( 0.000000000000000000, 1.000000000000000000, -0.000000000000000000 ) ) ;
#4524 = LINE ( 'NONE', #2747, #1886 ) ;
#4525 = ORIENTED_EDGE ( 'NONE', *, *, #4156, .F. ) ;
#4526 = DIRECTION ( 'NONE',  ( 0.000000000000000000, 1.000000000000000000, 0.000000000000000000 ) ) ;
#4527 = EDGE_LOOP ( 'NONE', ( #4061, #908, #2707, #3429 ) ) ;
#4528 = ORIENTED_EDGE ( 'NONE', *, *, #2289, .T. ) ;
#4529 = FACE_OUTER_BOUND ( 'NONE', #4203, .T. ) ;
#4530 = CIRCLE ( 'NONE', #3958, 1.000000000000000888 ) ;
#4531 = DIRECTION ( 'NONE',  ( 0.000000000000000000, 1.000000000000000000, 0.000000000000000000 ) ) ;
#4532 = CARTESIAN_POINT ( 'NONE',  ( -78.61049327183800983, -6.349999999999999645, -28.64263164512491500 ) ) ;
#4533 = VERTEX_POINT ( 'NONE', #2066 ) ;
#4534 = CARTESIAN_POINT ( 'NONE',  ( 82.36882352103525307, -6.349999999999999645, -48.13301270189261771 ) ) ;
#4535 = ADVANCED_FACE ( 'NONE', ( #307 ), #4249, .T. ) ;
#4536 = CARTESIAN_POINT ( 'NONE',  ( -73.95856948319146795, -6.349999999999999645, -42.69999999999931362 ) ) ;
#4537 = EDGE_LOOP ( 'NONE', ( #1811, #3360, #4448, #2148 ) ) ;
#4538 = CIRCLE ( 'NONE', #3213, 2.950000000000001066 ) ;
#4539 = ORIENTED_EDGE ( 'NONE', *, *, #27, .F. ) ;
#4540 = DIRECTION ( 'NONE',  ( -0.8660254037844434816, 0.000000000000000000, -0.4999999999999918399 ) ) ;
#4541 = CIRCLE ( 'NONE', #1512, 1.000000000000000888 ) ;
#4542 = CIRCLE ( 'NONE', #473, 1.000000000000000222 ) ;
#4543 =( NAMED_UNIT ( * ) SI_UNIT ( $, .STERADIAN. ) SOLID_ANGLE_UNIT ( ) );
#4544 = DIRECTION ( 'NONE',  ( -0.8660254037844435926, 0.000000000000000000, -0.4999999999999913403 ) ) ;
#4545 = VERTEX_POINT ( 'NONE', #2788 ) ;
#4546 = DIRECTION ( 'NONE',  ( -0.000000000000000000, 1.000000000000000000, -0.000000000000000000 ) ) ;
#4547 = DIRECTION ( 'NONE',  ( 0.000000000000000000, 1.000000000000000000, -0.000000000000000000 ) ) ;
#4548 = EDGE_LOOP ( 'NONE', ( #4218, #4333, #3225, #2809 ) ) ;
#4549 = EDGE_CURVE ( 'NONE', #568, #3702, #31, .T. ) ;
#4550 = EDGE_CURVE ( 'NONE', #3571, #3517, #1006, .T. ) ;
#4551 = CARTESIAN_POINT ( 'NONE',  ( 0.000000000000000000, -6.349999999999999645, 85.40000000000000568 ) ) ;
#4552 = FACE_OUTER_BOUND ( 'NONE', #417, .T. ) ;
#4553 = ORIENTED_EDGE ( 'NONE', *, *, #3202, .T. ) ;
#4554 = ORIENTED_EDGE ( 'NONE', *, *, #2615, .T. ) ;
#4555 = CARTESIAN_POINT ( 'NONE',  ( 22.57735026919096200, -6.349999999999999645, -6.049582771864177921 ) ) ;
#4556 = VERTEX_POINT ( 'NONE', #2810 ) ;
#4557 = ORIENTED_EDGE ( 'NONE', *, *, #1356, .F. ) ;
#4558 = EDGE_CURVE ( 'NONE', #3601, #2257, #1037, .T. ) ;
#4559 = VECTOR ( 'NONE', #2339, 1000.000000000000227 ) ;
#4560 = FACE_OUTER_BOUND ( 'NONE', #1675, .T. ) ;
#4561 = LINE ( 'NONE', #2785, #215 ) ;
#4562 = VERTEX_POINT ( 'NONE', #3898 ) ;
#4563 = VERTEX_POINT ( 'NONE', #740 ) ;
#4564 = DIRECTION ( 'NONE',  ( -0.000000000000000000, 1.000000000000000000, -0.000000000000000000 ) ) ;
#4565 = ADVANCED_FACE ( 'NONE', ( #2439 ), #3178, .F. ) ;
#4566 = DIRECTION ( 'NONE',  ( 4.163336342344333240E-14, 0.000000000000000000, 1.000000000000000000 ) ) ;
#4567 = CARTESIAN_POINT ( 'NONE',  ( 43.67838092395534488, -6.349999999999999645, 72.70053572378660078 ) ) ;
#4568 = ORIENTED_EDGE ( 'NONE', *, *, #3394, .F. ) ;
#4569 = PLANE ( 'NONE',  #966 ) ;
#4570 = ADVANCED_FACE ( 'NONE', ( #3856 ), #3200, .F. ) ;
#4571 = ADVANCED_FACE ( 'NONE', ( #2833, #1080, #2484, #2648, #3984, #2248, #73, #1150, #446, #2223, #2597, #2180, #2945, #3598, #863, #492, #2621, #2969, #4334, #2901, #1170, #1861, #1577, #2199, #767, #1507 ), #167, .F. ) ;
#4572 = FACE_OUTER_BOUND ( 'NONE', #4527, .T. ) ;
#4573 = EDGE_LOOP ( 'NONE', ( #2189, #945 ) ) ;
#4574 = AXIS2_PLACEMENT_3D ( 'NONE', #303, #941, #279 ) ;
#4575 = CIRCLE ( 'NONE', #1103, 2.950000000000001066 ) ;
#4576 = EDGE_CURVE ( 'NONE', #4360, #923, #425, .T. ) ;
#4577 = CARTESIAN_POINT ( 'NONE',  ( -0.5000000000000000000, -6.349999999999999645, 85.40000000000000568 ) ) ;
#4578 = CARTESIAN_POINT ( 'NONE',  ( -8.524999999999979039, -6.349999999999999645, 93.40000000000000568 ) ) ;
#4579 = VECTOR ( 'NONE', #3150, 1000.000000000000000 ) ;
#4580 = ORIENTED_EDGE ( 'NONE', *, *, #309, .T. ) ;
ENDSEC;
END-ISO-10303-21;
