ISO-10303-21;
HEADER;
FILE_DESCRIPTION (( 'STEP AP214' ),
    '1' );
FILE_NAME ('Cladded_Fiber_Cutting_Jig.STEP',
    '2025-10-13T18:41:08',
    ( '' ),
    ( '' ),
    'SwSTEP 2.0',
    'SolidWorks 2025',
    '' );
FILE_SCHEMA (( 'AUTOMOTIVE_DESIGN' ));
ENDSEC;

DATA;
#1 = ORIENTED_EDGE ( 'NONE', *, *, #1135, .F. ) ;
#2 = CARTESIAN_POINT ( 'NONE',  ( 47.50000000000000711, 7.800000000000000711, -1.850000000000000089 ) ) ;
#3 = PLANE ( 'NONE',  #2304 ) ;
#4 = CARTESIAN_POINT ( 'NONE',  ( -50.70000000000000284, 8.000000000000000000, 4.800000000000001599 ) ) ;
#5 = ORIENTED_EDGE ( 'NONE', *, *, #1539, .T. ) ;
#6 = DIRECTION ( 'NONE',  ( 0.000000000000000000, 0.000000000000000000, 1.000000000000000000 ) ) ;
#7 = PLANE ( 'NONE',  #2219 ) ;
#8 = DIRECTION ( 'NONE',  ( 0.000000000000000000, 0.000000000000000000, 1.000000000000000000 ) ) ;
#9 = VERTEX_POINT ( 'NONE', #74 ) ;
#10 = AXIS2_PLACEMENT_3D ( 'NONE', #1685, #1834, #185 ) ;
#11 = DIRECTION ( 'NONE',  ( 1.000000000000000000, -0.000000000000000000, 0.000000000000000000 ) ) ;
#12 = ADVANCED_FACE ( 'NONE', ( #2134 ), #464, .F. ) ;
#13 = VERTEX_POINT ( 'NONE', #1763 ) ;
#14 = VERTEX_POINT ( 'NONE', #419 ) ;
#15 = DIRECTION ( 'NONE',  ( 0.000000000000000000, 0.000000000000000000, 1.000000000000000000 ) ) ;
#16 = AXIS2_PLACEMENT_3D ( 'NONE', #2335, #278, #990 ) ;
#17 = ORIENTED_EDGE ( 'NONE', *, *, #50, .T. ) ;
#18 =( BOUNDED_CURVE ( )  B_SPLINE_CURVE ( 3, ( #1238, #1978, #1620, #1251 ),
 .UNSPECIFIED., .F., .T. ) 
 B_SPLINE_CURVE_WITH_KNOTS ( ( 4, 4 ),
 ( 0.000000000000000000, 1.570796326794896558 ),
 .UNSPECIFIED. ) 
 CURVE ( )  GEOMETRIC_REPRESENTATION_ITEM ( )  RATIONAL_B_SPLINE_CURVE ( ( 1.000000000000000000, 0.8047378541243649375, 0.8047378541243649375, 1.000000000000000000 ) ) 
 REPRESENTATION_ITEM ( '' )  );
#19 = DIRECTION ( 'NONE',  ( 0.000000000000000000, 0.000000000000000000, 1.000000000000000000 ) ) ;
#20 = DIRECTION ( 'NONE',  ( -0.000000000000000000, 0.000000000000000000, 1.000000000000000000 ) ) ;
#21 = DIRECTION ( 'NONE',  ( 0.000000000000000000, -0.000000000000000000, -1.000000000000000000 ) ) ;
#22 = AXIS2_PLACEMENT_3D ( 'NONE', #1123, #1867, #61 ) ;
#23 = VERTEX_POINT ( 'NONE', #2346 ) ;
#24 = CARTESIAN_POINT ( 'NONE',  ( 47.49999999999997868, 7.917157287525380838, 5.000000000000000888 ) ) ;
#25 = EDGE_CURVE ( 'NONE', #290, #567, #1374, .T. ) ;
#26 = VECTOR ( 'NONE', #32, 1000.000000000000000 ) ;
#27 = VERTEX_POINT ( 'NONE', #634 ) ;
#28 = VECTOR ( 'NONE', #1132, 1000.000000000000000 ) ;
#29 = ORIENTED_EDGE ( 'NONE', *, *, #2107, .F. ) ;
#30 = VECTOR ( 'NONE', #471, 1000.000000000000000 ) ;
#31 = AXIS2_PLACEMENT_3D ( 'NONE', #707, #2024, #1105 ) ;
#32 = DIRECTION ( 'NONE',  ( 1.000000000000000000, -0.000000000000000000, 0.000000000000000000 ) ) ;
#33 = VERTEX_POINT ( 'NONE', #1351 ) ;
#34 = PLANE ( 'NONE',  #1969 ) ;
#35 = CARTESIAN_POINT ( 'NONE',  ( 59.79999999999999005, 7.800000000000000711, 4.800000000000001599 ) ) ;
#36 = CARTESIAN_POINT ( 'NONE',  ( 47.50000000000000711, 4.849999999999999645, 1.850000000000000089 ) ) ;
#37 = VERTEX_POINT ( 'NONE', #1172 ) ;
#38 = CARTESIAN_POINT ( 'NONE',  ( 47.00000000000000000, 3.000000000000000000, 0.000000000000000000 ) ) ;
#39 = EDGE_CURVE ( 'NONE', #698, #1605, #1366, .T. ) ;
#40 = ORIENTED_EDGE ( 'NONE', *, *, #1432, .F. ) ;
#41 = UNCERTAINTY_MEASURE_WITH_UNIT (LENGTH_MEASURE( 1.000000000000000082E-05 ), #428, 'distance_accuracy_value', 'NONE');
#42 = ORIENTED_EDGE ( 'NONE', *, *, #2307, .T. ) ;
#43 = EDGE_CURVE ( 'NONE', #1202, #1827, #1922, .T. ) ;
#44 = LINE ( 'NONE', #792, #547 ) ;
#45 = ORIENTED_EDGE ( 'NONE', *, *, #311, .T. ) ;
#46 = CARTESIAN_POINT ( 'NONE',  ( -59.80000000000000426, 8.000000000000000000, -1.850000000000000089 ) ) ;
#47 = CARTESIAN_POINT ( 'NONE',  ( 59.99999999999999289, 0.2000000000000000111, -4.999999999999999112 ) ) ;
#48 = DIRECTION ( 'NONE',  ( -1.000000000000000000, 0.000000000000000000, 0.000000000000000000 ) ) ;
#49 = ORIENTED_EDGE ( 'NONE', *, *, #1128, .F. ) ;
#50 = EDGE_CURVE ( 'NONE', #55, #1155, #1944, .T. ) ;
#51 = DIRECTION ( 'NONE',  ( -1.000000000000000000, 0.000000000000000000, 0.000000000000000000 ) ) ;
#52 = ADVANCED_FACE ( 'NONE', ( #2114 ), #82, .T. ) ;
#53 = DIRECTION ( 'NONE',  ( -0.000000000000000000, 1.000000000000000000, 0.000000000000000000 ) ) ;
#54 = AXIS2_PLACEMENT_3D ( 'NONE', #273, #2151, #1811 ) ;
#55 = VERTEX_POINT ( 'NONE', #843 ) ;
#56 = CARTESIAN_POINT ( 'NONE',  ( 0.000000000000000000, 7.800000000000000711, -4.799999999999999822 ) ) ;
#57 = CYLINDRICAL_SURFACE ( 'NONE', #415, 0.1999999999999987899 ) ;
#58 = FACE_OUTER_BOUND ( 'NONE', #965, .T. ) ;
#59 = ADVANCED_FACE ( 'NONE', ( #1734 ), #1010, .T. ) ;
#60 = ADVANCED_FACE ( 'NONE', ( #63 ), #800, .T. ) ;
#61 = DIRECTION ( 'NONE',  ( -1.000000000000000000, 0.000000000000000000, -0.000000000000000000 ) ) ;
#62 = ORIENTED_EDGE ( 'NONE', *, *, #954, .F. ) ;
#63 = FACE_OUTER_BOUND ( 'NONE', #1306, .T. ) ;
#64 = VECTOR ( 'NONE', #241, 1000.000000000000000 ) ;
#65 = CARTESIAN_POINT ( 'NONE',  ( -59.80000000000000426, 8.000000000000000000, -4.799999999999999822 ) ) ;
#66 = VECTOR ( 'NONE', #1297, 1000.000000000000000 ) ;
#67 = CARTESIAN_POINT ( 'NONE',  ( 47.50000000000000000, 3.000000000000000000, 0.000000000000000000 ) ) ;
#68 = CARTESIAN_POINT ( 'NONE',  ( -50.00000000000000000, 7.800000000000000711, -1.850000000000000089 ) ) ;
#69 = DIRECTION ( 'NONE',  ( 0.000000000000000000, 1.000000000000000000, -0.000000000000000000 ) ) ;
#70 = CARTESIAN_POINT ( 'NONE',  ( -50.00000000000000000, 3.000000000000000000, -4.999999999999980460 ) ) ;
#71 = LINE ( 'NONE', #1380, #66 ) ;
#72 = ORIENTED_EDGE ( 'NONE', *, *, #1272, .T. ) ;
#73 = EDGE_CURVE ( 'NONE', #727, #945, #1394, .T. ) ;
#74 = CARTESIAN_POINT ( 'NONE',  ( 59.79999999999999005, 7.800000000000000711, -4.999999999999999112 ) ) ;
#75 = EDGE_CURVE ( 'NONE', #2092, #1715, #1698, .T. ) ;
#76 = CARTESIAN_POINT ( 'NONE',  ( -60.00000000000000711, 4.849999999999999645, 0.000000000000000000 ) ) ;
#77 = DIRECTION ( 'NONE',  ( 0.000000000000000000, 0.000000000000000000, -1.000000000000000000 ) ) ;
#78 = CARTESIAN_POINT ( 'NONE',  ( 47.50000000000000000, 7.800000000000000711, -4.999999999999999112 ) ) ;
#79 = LINE ( 'NONE', #1998, #1166 ) ;
#80 = LINE ( 'NONE', #1041, #812 ) ;
#81 = ORIENTED_EDGE ( 'NONE', *, *, #651, .F. ) ;
#82 = PLANE ( 'NONE',  #1749 ) ;
#83 = VECTOR ( 'NONE', #2364, 1000.000000000000000 ) ;
#84 = CARTESIAN_POINT ( 'NONE',  ( -50.50000000000000000, 7.917157287525380838, -4.999999999999999112 ) ) ;
#85 = LINE ( 'NONE', #1231, #1764 ) ;
#86 = DIRECTION ( 'NONE',  ( -1.000000000000000000, -0.000000000000000000, -0.000000000000000000 ) ) ;
#87 = AXIS2_PLACEMENT_3D ( 'NONE', #1950, #588, #1016 ) ;
#88 = DIRECTION ( 'NONE',  ( 1.000000000000000000, 0.000000000000000000, 0.000000000000000000 ) ) ;
#89 = CYLINDRICAL_SURFACE ( 'NONE', #2182, 0.1999999999999987899 ) ;
#90 = ORIENTED_EDGE ( 'NONE', *, *, #91, .F. ) ;
#91 = EDGE_CURVE ( 'NONE', #1561, #157, #1191, .T. ) ;
#92 = DIRECTION ( 'NONE',  ( -1.000000000000000000, 0.000000000000000000, 0.000000000000000000 ) ) ;
#93 = DIRECTION ( 'NONE',  ( -0.000000000000000000, -1.000000000000000000, -1.761828530288947663E-15 ) ) ;
#94 = CARTESIAN_POINT ( 'NONE',  ( 49.80000000000000426, 8.000000000000000000, 1.850000000000000089 ) ) ;
#95 = VECTOR ( 'NONE', #1101, 1000.000000000000000 ) ;
#96 = VECTOR ( 'NONE', #997, 1000.000000000000000 ) ;
#97 = DIRECTION ( 'NONE',  ( 0.000000000000000000, 0.000000000000000000, 1.000000000000000000 ) ) ;
#98 = CARTESIAN_POINT ( 'NONE',  ( -50.00000000000000000, 3.000000000000000000, -4.999999999999980460 ) ) ;
#99 = LINE ( 'NONE', #1233, #1169 ) ;
#100 = AXIS2_PLACEMENT_3D ( 'NONE', #1212, #1057, #1799 ) ;
#101 = CARTESIAN_POINT ( 'NONE',  ( 46.91715728752536307, 8.000000000000000000, -1.932842712474619473 ) ) ;
#102 = LINE ( 'NONE', #1616, #1244 ) ;
#103 = EDGE_LOOP ( 'NONE', ( #1570, #2012, #378, #923, #1158 ) ) ;
#104 = ORIENTED_EDGE ( 'NONE', *, *, #840, .F. ) ;
#105 = EDGE_CURVE ( 'NONE', #1727, #1977, #2247, .T. ) ;
#106 = CARTESIAN_POINT ( 'NONE',  ( 59.79999999999999005, 0.2000000000000000111, -4.799999999999999822 ) ) ;
#107 = DIRECTION ( 'NONE',  ( -1.000000000000000000, 0.000000000000000000, 0.000000000000000000 ) ) ;
#108 = ORIENTED_EDGE ( 'NONE', *, *, #905, .F. ) ;
#109 = ORIENTED_EDGE ( 'NONE', *, *, #307, .F. ) ;
#110 = CARTESIAN_POINT ( 'NONE',  ( 0.000000000000000000, 0.000000000000000000, 4.800000000000001599 ) ) ;
#111 = DIRECTION ( 'NONE',  ( 0.000000000000000000, -0.000000000000000000, -1.000000000000000000 ) ) ;
#112 = LINE ( 'NONE', #484, #1637 ) ;
#113 = CARTESIAN_POINT ( 'NONE',  ( 50.58284271247462272, 8.000000000000000000, -1.932842712474619473 ) ) ;
#114 = CARTESIAN_POINT ( 'NONE',  ( -49.80000000000000426, 7.800000000000000711, 0.000000000000000000 ) ) ;
#115 = ORIENTED_EDGE ( 'NONE', *, *, #2362, .F. ) ;
#116 = CARTESIAN_POINT ( 'NONE',  ( 50.00000000000000000, 8.000000000000000000, 4.800000000000001599 ) ) ;
#117 = DIRECTION ( 'NONE',  ( 1.000000000000000000, 0.000000000000000000, 0.000000000000000000 ) ) ;
#118 = ORIENTED_EDGE ( 'NONE', *, *, #1974, .F. ) ;
#119 = VERTEX_POINT ( 'NONE', #1060 ) ;
#120 = EDGE_CURVE ( 'NONE', #1582, #1869, #1712, .T. ) ;
#121 = DIRECTION ( 'NONE',  ( 0.000000000000000000, 0.000000000000000000, -1.000000000000000000 ) ) ;
#122 = CARTESIAN_POINT ( 'NONE',  ( 46.80000000000000426, 8.000000000000000000, 2.050000000000000266 ) ) ;
#123 = LINE ( 'NONE', #876, #379 ) ;
#124 = LINE ( 'NONE', #2380, #1857 ) ;
#125 = LINE ( 'NONE', #918, #1206 ) ;
#126 = EDGE_CURVE ( 'NONE', #774, #589, #1621, .T. ) ;
#127 = VECTOR ( 'NONE', #240, 1000.000000000000000 ) ;
#128 = EDGE_LOOP ( 'NONE', ( #1314, #938, #958, #2065 ) ) ;
#129 = CARTESIAN_POINT ( 'NONE',  ( 50.58284271247462272, 8.000000000000000000, 1.932842712474619473 ) ) ;
#130 = VECTOR ( 'NONE', #1289, 1000.000000000000000 ) ;
#131 = EDGE_LOOP ( 'NONE', ( #2101, #885, #474, #1295, #2004, #1300 ) ) ;
#132 = ORIENTED_EDGE ( 'NONE', *, *, #251, .F. ) ;
#133 = AXIS2_PLACEMENT_3D ( 'NONE', #414, #1920, #447 ) ;
#134 = DIRECTION ( 'NONE',  ( 0.000000000000000000, 0.000000000000000000, 1.000000000000000000 ) ) ;
#135 = LINE ( 'NONE', #2228, #2025 ) ;
#136 = AXIS2_PLACEMENT_3D ( 'NONE', #679, #1438, #508 ) ;
#137 = CARTESIAN_POINT ( 'NONE',  ( 50.00000000000000000, 3.000000000000000000, 0.000000000000000000 ) ) ;
#138 = VECTOR ( 'NONE', #1576, 1000.000000000000000 ) ;
#139 = DIRECTION ( 'NONE',  ( 1.000000000000000000, 0.000000000000000000, 0.000000000000000000 ) ) ;
#140 = DIRECTION ( 'NONE',  ( 1.000000000000000000, 0.000000000000000000, 0.000000000000000000 ) ) ;
#141 = AXIS2_PLACEMENT_3D ( 'NONE', #114, #1960, #1236 ) ;
#142 = ORIENTED_EDGE ( 'NONE', *, *, #879, .F. ) ;
#143 = AXIS2_PLACEMENT_3D ( 'NONE', #730, #2381, #2050 ) ;
#144 = CARTESIAN_POINT ( 'NONE',  ( 47.00000000000000711, 7.800000000000000711, 1.850000000000000089 ) ) ;
#145 = EDGE_CURVE ( 'NONE', #1893, #1137, #164, .T. ) ;
#146 = ORIENTED_EDGE ( 'NONE', *, *, #1868, .F. ) ;
#147 = ORIENTED_EDGE ( 'NONE', *, *, #2270, .T. ) ;
#148 = DIRECTION ( 'NONE',  ( 0.000000000000000000, 0.000000000000000000, 1.000000000000000000 ) ) ;
#149 = CYLINDRICAL_SURFACE ( 'NONE', #2269, 0.1999999999999987899 ) ;
#150 = ORIENTED_EDGE ( 'NONE', *, *, #180, .T. ) ;
#151 = DIRECTION ( 'NONE',  ( 0.000000000000000000, 0.000000000000000000, -1.000000000000000000 ) ) ;
#152 = CARTESIAN_POINT ( 'NONE',  ( -49.80000000000000426, 8.000000000000000000, -2.050000000000000266 ) ) ;
#153 = ORIENTED_EDGE ( 'NONE', *, *, #1509, .F. ) ;
#154 = DIRECTION ( 'NONE',  ( -0.000000000000000000, -0.000000000000000000, -1.000000000000000000 ) ) ;
#155 = ADVANCED_FACE ( 'NONE', ( #936 ), #948, .T. ) ;
#156 = ORIENTED_EDGE ( 'NONE', *, *, #2396, .T. ) ;
#157 = VERTEX_POINT ( 'NONE', #1803 ) ;
#158 = CYLINDRICAL_SURFACE ( 'NONE', #333, 0.1999999999999987899 ) ;
#159 = DIRECTION ( 'NONE',  ( 1.000000000000000000, 0.000000000000000000, 0.000000000000000000 ) ) ;
#160 = ORIENTED_EDGE ( 'NONE', *, *, #1617, .T. ) ;
#161 = VECTOR ( 'NONE', #309, 1000.000000000000000 ) ;
#162 = DIRECTION ( 'NONE',  ( 0.000000000000000000, 0.000000000000000000, 1.000000000000000000 ) ) ;
#163 = LINE ( 'NONE', #2416, #1875 ) ;
#164 = LINE ( 'NONE', #2169, #28 ) ;
#165 = ORIENTED_EDGE ( 'NONE', *, *, #1961, .T. ) ;
#166 = ADVANCED_FACE ( 'NONE', ( #2234 ), #1883, .F. ) ;
#167 = LINE ( 'NONE', #1467, #642 ) ;
#168 = VECTOR ( 'NONE', #877, 1000.000000000000000 ) ;
#169 = VERTEX_POINT ( 'NONE', #1692 ) ;
#170 = ORIENTED_EDGE ( 'NONE', *, *, #1784, .T. ) ;
#171 = PRODUCT_CONTEXT ( 'NONE', #1227, 'mechanical' ) ;
#172 = LINE ( 'NONE', #2034, #95 ) ;
#173 = CARTESIAN_POINT ( 'NONE',  ( 59.99999999999999289, 7.800000000000000711, 1.850000000000000089 ) ) ;
#174 = EDGE_CURVE ( 'NONE', #1180, #2078, #2421, .T. ) ;
#175 = ORIENTED_EDGE ( 'NONE', *, *, #989, .F. ) ;
#176 = CARTESIAN_POINT ( 'NONE',  ( 0.000000000000000000, 3.000000000000000000, -4.999999999999999112 ) ) ;
#177 = CARTESIAN_POINT ( 'NONE',  ( -49.91715728752539150, 8.000000000000000000, -1.932842712474619473 ) ) ;
#178 = CARTESIAN_POINT ( 'NONE',  ( -50.00000000000000000, 7.800000000000000711, 1.850000000000000089 ) ) ;
#179 = EDGE_LOOP ( 'NONE', ( #708, #1468, #383, #2036 ) ) ;
#180 = EDGE_CURVE ( 'NONE', #380, #945, #658, .T. ) ;
#181 = DIRECTION ( 'NONE',  ( 0.000000000000000000, 0.000000000000000000, -1.000000000000000000 ) ) ;
#182 = ORIENTED_EDGE ( 'NONE', *, *, #632, .F. ) ;
#183 = AXIS2_PLACEMENT_3D ( 'NONE', #1578, #1249, #630 ) ;
#184 = EDGE_LOOP ( 'NONE', ( #1965, #844, #867 ) ) ;
#185 = DIRECTION ( 'NONE',  ( 0.000000000000000000, 0.000000000000000000, 1.000000000000000000 ) ) ;
#186 = DIRECTION ( 'NONE',  ( 1.000000000000000000, 0.000000000000000000, -0.000000000000000000 ) ) ;
#187 = CARTESIAN_POINT ( 'NONE',  ( -50.50000000000000000, 7.917157287525380838, 5.000000000000000888 ) ) ;
#188 = ORIENTED_EDGE ( 'NONE', *, *, #180, .F. ) ;
#189 =( BOUNDED_CURVE ( )  B_SPLINE_CURVE ( 3, ( #1758, #459, #1588, #2129 ),
 .UNSPECIFIED., .F., .T. ) 
 B_SPLINE_CURVE_WITH_KNOTS ( ( 4, 4 ),
 ( 1.570796326794896558, 3.141592653589793116 ),
 .UNSPECIFIED. ) 
 CURVE ( )  GEOMETRIC_REPRESENTATION_ITEM ( )  RATIONAL_B_SPLINE_CURVE ( ( 1.000000000000000000, 0.8047378541243649375, 0.8047378541243649375, 1.000000000000000000 ) ) 
 REPRESENTATION_ITEM ( '' )  );
#190 = EDGE_CURVE ( 'NONE', #1275, #2371, #489, .T. ) ;
#191 = CARTESIAN_POINT ( 'NONE',  ( 59.99999999999999289, 4.849999999999999645, 1.850000000000000089 ) ) ;
#192 = CARTESIAN_POINT ( 'NONE',  ( 0.000000000000000000, 0.1999999999999996503, 5.000000000000000888 ) ) ;
#193 = CARTESIAN_POINT ( 'NONE',  ( -49.91715728752539150, 8.000000000000000000, 1.932842712474619473 ) ) ;
#194 = VERTEX_POINT ( 'NONE', #476 ) ;
#195 = DIRECTION ( 'NONE',  ( 0.000000000000000000, 0.000000000000000000, 1.000000000000000000 ) ) ;
#196 = ORIENTED_EDGE ( 'NONE', *, *, #91, .T. ) ;
#197 = EDGE_LOOP ( 'NONE', ( #42, #2144, #1334, #343 ) ) ;
#198 = DIRECTION ( 'NONE',  ( -1.000000000000000000, 0.000000000000000000, -0.000000000000000000 ) ) ;
#199 = ORIENTED_EDGE ( 'NONE', *, *, #1724, .F. ) ;
#200 = EDGE_CURVE ( 'NONE', #1843, #1977, #2432, .T. ) ;
#201 = DIRECTION ( 'NONE',  ( 0.000000000000000000, -0.000000000000000000, -1.000000000000000000 ) ) ;
#202 = LINE ( 'NONE', #1164, #808 ) ;
#203 = CARTESIAN_POINT ( 'NONE',  ( 50.00000000000000000, 3.000000000000000000, 0.000000000000000000 ) ) ;
#204 = ORIENTED_EDGE ( 'NONE', *, *, #174, .F. ) ;
#205 = AXIS2_PLACEMENT_3D ( 'NONE', #1437, #2187, #77 ) ;
#206 = DIRECTION ( 'NONE',  ( 1.000000000000000000, -0.000000000000000000, -0.000000000000000000 ) ) ;
#207 = ORIENTED_EDGE ( 'NONE', *, *, #1598, .T. ) ;
#208 = AXIS2_PLACEMENT_3D ( 'NONE', #2318, #626, #959 ) ;
#209 = VERTEX_POINT ( 'NONE', #362 ) ;
#210 = DIRECTION ( 'NONE',  ( 0.000000000000000000, 0.000000000000000000, 1.000000000000000000 ) ) ;
#211 = VECTOR ( 'NONE', #868, 1000.000000000000000 ) ;
#212 = ORIENTED_EDGE ( 'NONE', *, *, #1940, .T. ) ;
#213 = CARTESIAN_POINT ( 'NONE',  ( -50.50000000000000000, 3.000000000000000000, -4.999999999999979572 ) ) ;
#214 = CARTESIAN_POINT ( 'NONE',  ( 47.00000000000000000, 7.800000000000000711, -1.850000000000000089 ) ) ;
#215 = CARTESIAN_POINT ( 'NONE',  ( 59.99999999999999289, 0.2000000000000000111, -4.799999999999999822 ) ) ;
#216 = AXIS2_PLACEMENT_3D ( 'NONE', #1666, #1842, #1507 ) ;
#217 = VERTEX_POINT ( 'NONE', #2183 ) ;
#218 = DIRECTION ( 'NONE',  ( -0.000000000000000000, 1.000000000000000000, -0.000000000000000000 ) ) ;
#219 = VECTOR ( 'NONE', #1845, 1000.000000000000000 ) ;
#220 = ORIENTED_EDGE ( 'NONE', *, *, #661, .T. ) ;
#221 = EDGE_CURVE ( 'NONE', #1715, #2322, #1992, .T. ) ;
#222 = VECTOR ( 'NONE', #1144, 1000.000000000000000 ) ;
#223 = EDGE_CURVE ( 'NONE', #1521, #741, #2180, .T. ) ;
#224 = ORIENTED_EDGE ( 'NONE', *, *, #603, .F. ) ;
#225 = VECTOR ( 'NONE', #486, 1000.000000000000000 ) ;
#226 = CARTESIAN_POINT ( 'NONE',  ( -59.80000000000000426, 0.2000000000000000111, -4.799999999999999822 ) ) ;
#227 = ORIENTED_EDGE ( 'NONE', *, *, #1724, .T. ) ;
#228 = PLANE ( 'NONE',  #208 ) ;
#229 = DIRECTION ( 'NONE',  ( 0.000000000000000000, 0.000000000000000000, -1.000000000000000000 ) ) ;
#230 = DIRECTION ( 'NONE',  ( 0.000000000000000000, 0.000000000000000000, -1.000000000000000000 ) ) ;
#231 = ADVANCED_FACE ( 'NONE', ( #550 ), #2360, .F. ) ;
#232 = FACE_OUTER_BOUND ( 'NONE', #1095, .T. ) ;
#233 = ORIENTED_EDGE ( 'NONE', *, *, #407, .F. ) ;
#234 = EDGE_CURVE ( 'NONE', #1483, #1677, #612, .T. ) ;
#235 = ORIENTED_EDGE ( 'NONE', *, *, #2257, .F. ) ;
#236 = ADVANCED_FACE ( 'NONE', ( #289 ), #1047, .T. ) ;
#237 = DIRECTION ( 'NONE',  ( 0.000000000000000000, 1.000000000000000000, 0.000000000000000000 ) ) ;
#238 = ADVANCED_FACE ( 'NONE', ( #1519 ), #785, .T. ) ;
#239 = VERTEX_POINT ( 'NONE', #575 ) ;
#240 = DIRECTION ( 'NONE',  ( 0.000000000000000000, -0.000000000000000000, 1.000000000000000000 ) ) ;
#241 = DIRECTION ( 'NONE',  ( 1.000000000000000000, -0.000000000000000000, 0.000000000000000000 ) ) ;
#242 = DIRECTION ( 'NONE',  ( 1.000000000000000000, 0.000000000000000000, 0.000000000000000000 ) ) ;
#243 = CARTESIAN_POINT ( 'NONE',  ( -60.00000000000000711, 7.800000000000000711, 2.050000000000000266 ) ) ;
#244 = ORIENTED_EDGE ( 'NONE', *, *, #361, .F. ) ;
#245 = EDGE_CURVE ( 'NONE', #1138, #2230, #437, .T. ) ;
#246 = CARTESIAN_POINT ( 'NONE',  ( 47.70000000000000284, 8.000000000000000000, 2.050000000000000266 ) ) ;
#247 = DIRECTION ( 'NONE',  ( 1.000000000000000000, 0.000000000000000000, 0.000000000000000000 ) ) ;
#248 = VECTOR ( 'NONE', #2023, 1000.000000000000000 ) ;
#249 = CARTESIAN_POINT ( 'NONE',  ( 0.000000000000000000, 8.000000000000000000, -4.999999999999999112 ) ) ;
#250 = CARTESIAN_POINT ( 'NONE',  ( -50.00000000000000000, 7.800000000000000711, -4.999999999999980460 ) ) ;
#251 = EDGE_CURVE ( 'NONE', #27, #37, #586, .T. ) ;
#252 = CARTESIAN_POINT ( 'NONE',  ( 0.000000000000000000, 0.2000000000000000111, -4.799999999999999822 ) ) ;
#253 = DIRECTION ( 'NONE',  ( -0.000000000000000000, 1.000000000000000000, -0.000000000000000000 ) ) ;
#254 = CARTESIAN_POINT ( 'NONE',  ( -60.00000000000000711, 4.849999999999999645, 0.000000000000000000 ) ) ;
#255 = EDGE_LOOP ( 'NONE', ( #719, #233, #1819, #1510 ) ) ;
#256 = ADVANCED_FACE ( 'NONE', ( #1936 ), #795, .T. ) ;
#257 = AXIS2_PLACEMENT_3D ( 'NONE', #1729, #229, #607 ) ;
#258 = VECTOR ( 'NONE', #424, 1000.000000000000000 ) ;
#259 = CARTESIAN_POINT ( 'NONE',  ( 59.79999999999999005, 8.000000000000000000, 4.800000000000001599 ) ) ;
#260 = VECTOR ( 'NONE', #2353, 1000.000000000000000 ) ;
#261 = CARTESIAN_POINT ( 'NONE',  ( 49.80000000000000426, 8.000000000000000000, 2.050000000000000266 ) ) ;
#262 = CARTESIAN_POINT ( 'NONE',  ( 47.70000000000000284, 8.000000000000000000, -4.799999999999999822 ) ) ;
#263 = CARTESIAN_POINT ( 'NONE',  ( 0.000000000000000000, 7.800000000000000711, -4.999999999999999112 ) ) ;
#264 = EDGE_CURVE ( 'NONE', #239, #2082, #1177, .T. ) ;
#265 = CARTESIAN_POINT ( 'NONE',  ( 50.50000000000000000, 3.000000000000000000, -4.999999999999999112 ) ) ;
#266 = CYLINDRICAL_SURFACE ( 'NONE', #141, 0.1999999999999987899 ) ;
#267 = ORIENTED_EDGE ( 'NONE', *, *, #1796, .T. ) ;
#268 = CARTESIAN_POINT ( 'NONE',  ( 50.50000000000000000, 7.800000000000000711, -1.850000000000000089 ) ) ;
#269 = CARTESIAN_POINT ( 'NONE',  ( -50.50000000000000000, 7.800000000000000711, -4.999999999999979572 ) ) ;
#270 = DIRECTION ( 'NONE',  ( 0.000000000000000000, 0.000000000000000000, -1.000000000000000000 ) ) ;
#271 = PLANE ( 'NONE',  #1324 ) ;
#272 = ADVANCED_FACE ( 'NONE', ( #1532 ), #411, .T. ) ;
#273 = CARTESIAN_POINT ( 'NONE',  ( 59.79999999999999005, 0.2000000000000000111, 4.800000000000001599 ) ) ;
#274 = CARTESIAN_POINT ( 'NONE',  ( -50.50000000000000000, 4.849999999999999645, 0.000000000000000000 ) ) ;
#275 = EDGE_LOOP ( 'NONE', ( #587, #525, #416 ) ) ;
#276 = DIRECTION ( 'NONE',  ( -0.000000000000000000, 1.000000000000000000, -0.000000000000000000 ) ) ;
#277 = DIRECTION ( 'NONE',  ( 0.000000000000000000, 1.000000000000000000, -0.000000000000000000 ) ) ;
#278 = DIRECTION ( 'NONE',  ( 1.000000000000000000, 0.000000000000000000, 0.000000000000000000 ) ) ;
#279 = LINE ( 'NONE', #848, #1810 ) ;
#280 = CARTESIAN_POINT ( 'NONE',  ( 0.000000000000000000, 3.000000000000000000, -4.999999999999999112 ) ) ;
#281 = VECTOR ( 'NONE', #1222, 1000.000000000000000 ) ;
#282 = LINE ( 'NONE', #863, #1201 ) ;
#283 = ADVANCED_FACE ( 'NONE', ( #1165 ), #1918, .T. ) ;
#284 = CARTESIAN_POINT ( 'NONE',  ( 50.70000000000000284, 8.000000000000000000, -2.050000000000000266 ) ) ;
#285 = CARTESIAN_POINT ( 'NONE',  ( 50.50000000000000000, 3.000000000000000000, 0.000000000000000000 ) ) ;
#286 = ORIENTED_EDGE ( 'NONE', *, *, #491, .T. ) ;
#287 = ORIENTED_EDGE ( 'NONE', *, *, #1981, .F. ) ;
#288 = CARTESIAN_POINT ( 'NONE',  ( 46.99999999999998579, 7.917157287525380838, 1.850000000000000089 ) ) ;
#289 = FACE_OUTER_BOUND ( 'NONE', #930, .T. ) ;
#290 = VERTEX_POINT ( 'NONE', #983 ) ;
#291 = ADVANCED_FACE ( 'NONE', ( #58 ), #961, .T. ) ;
#292 = ORIENTED_EDGE ( 'NONE', *, *, #2434, .F. ) ;
#293 = CIRCLE ( 'NONE', #609, 0.1999999999999996503 ) ;
#294 = AXIS2_PLACEMENT_3D ( 'NONE', #1333, #619, #230 ) ;
#295 = FACE_OUTER_BOUND ( 'NONE', #809, .T. ) ;
#296 = CARTESIAN_POINT ( 'NONE',  ( 50.00000000000000000, 3.000000000000000000, 0.000000000000000000 ) ) ;
#297 = LINE ( 'NONE', #1055, #138 ) ;
#298 = AXIS2_PLACEMENT_3D ( 'NONE', #1660, #1836, #533 ) ;
#299 = DIRECTION ( 'NONE',  ( 0.000000000000000000, 0.000000000000000000, 1.000000000000000000 ) ) ;
#300 = DIRECTION ( 'NONE',  ( 0.000000000000000000, 0.000000000000000000, -1.000000000000000000 ) ) ;
#301 = EDGE_CURVE ( 'NONE', #2230, #319, #1719, .T. ) ;
#302 = ORIENTED_EDGE ( 'NONE', *, *, #39, .T. ) ;
#303 = CARTESIAN_POINT ( 'NONE',  ( -60.00000000000000711, 7.800000000000000711, 1.850000000000000089 ) ) ;
#304 = ORIENTED_EDGE ( 'NONE', *, *, #1185, .F. ) ;
#305 = ADVANCED_FACE ( 'NONE', ( #2299 ), #2111, .T. ) ;
#306 = ORIENTED_EDGE ( 'NONE', *, *, #1571, .T. ) ;
#307 = EDGE_CURVE ( 'NONE', #1243, #897, #396, .T. ) ;
#308 = AXIS2_PLACEMENT_3D ( 'NONE', #1700, #2294, #604 ) ;
#309 = DIRECTION ( 'NONE',  ( -0.000000000000000000, 0.000000000000000000, 1.000000000000000000 ) ) ;
#310 = DIRECTION ( 'NONE',  ( 0.000000000000000000, -0.000000000000000000, -1.000000000000000000 ) ) ;
#311 = EDGE_CURVE ( 'NONE', #14, #354, #1671, .T. ) ;
#312 = CARTESIAN_POINT ( 'NONE',  ( 50.50000000000000000, 3.000000000000000000, 5.000000000000000888 ) ) ;
#313 = CYLINDRICAL_SURFACE ( 'NONE', #2094, 0.2000000000000000944 ) ;
#314 = LINE ( 'NONE', #1863, #420 ) ;
#315 = EDGE_LOOP ( 'NONE', ( #393, #1403, #405, #853, #1106 ) ) ;
#316 = DIRECTION ( 'NONE',  ( -1.000000000000000000, -0.000000000000000000, -0.000000000000000000 ) ) ;
#317 = DIRECTION ( 'NONE',  ( 0.000000000000000000, 0.000000000000000000, -1.000000000000000000 ) ) ;
#318 = EDGE_LOOP ( 'NONE', ( #1994, #2089, #160, #175 ) ) ;
#319 = VERTEX_POINT ( 'NONE', #215 ) ;
#320 = DIRECTION ( 'NONE',  ( 0.000000000000000000, 0.000000000000000000, -1.000000000000000000 ) ) ;
#321 = DIRECTION ( 'NONE',  ( 0.000000000000000000, 0.000000000000000000, 1.000000000000000000 ) ) ;
#322 = CARTESIAN_POINT ( 'NONE',  ( 0.000000000000000000, 8.000000000000000000, 0.000000000000000000 ) ) ;
#323 = EDGE_CURVE ( 'NONE', #1495, #1043, #759, .T. ) ;
#324 = DIRECTION ( 'NONE',  ( 0.000000000000000000, 0.000000000000000000, -1.000000000000000000 ) ) ;
#325 = ORIENTED_EDGE ( 'NONE', *, *, #568, .F. ) ;
#326 = LINE ( 'NONE', #1788, #1192 ) ;
#327 = CIRCLE ( 'NONE', #1904, 0.1999999999999987899 ) ;
#328 = ORIENTED_EDGE ( 'NONE', *, *, #311, .F. ) ;
#329 = ORIENTED_EDGE ( 'NONE', *, *, #1709, .T. ) ;
#330 = CIRCLE ( 'NONE', #529, 0.1999999999999996503 ) ;
#331 =( NAMED_UNIT ( * ) SI_UNIT ( $, .STERADIAN. ) SOLID_ANGLE_UNIT ( ) );
#332 = DIRECTION ( 'NONE',  ( 1.000000000000000000, -0.000000000000000000, 0.000000000000000000 ) ) ;
#333 = AXIS2_PLACEMENT_3D ( 'NONE', #2411, #1423, #2175 ) ;
#334 = DIRECTION ( 'NONE',  ( 1.000000000000000000, 0.000000000000000000, 0.000000000000000000 ) ) ;
#335 = ORIENTED_EDGE ( 'NONE', *, *, #1103, .F. ) ;
#336 = EDGE_CURVE ( 'NONE', #119, #1115, #971, .T. ) ;
#337 = VECTOR ( 'NONE', #1228, 1000.000000000000000 ) ;
#338 = DIRECTION ( 'NONE',  ( 0.000000000000000000, 1.000000000000000000, -0.000000000000000000 ) ) ;
#339 = FACE_OUTER_BOUND ( 'NONE', #2084, .T. ) ;
#340 = AXIS2_PLACEMENT_3D ( 'NONE', #682, #2330, #1951 ) ;
#341 = EDGE_LOOP ( 'NONE', ( #2223, #306, #1480, #2062 ) ) ;
#342 = DIRECTION ( 'NONE',  ( 1.000000000000000000, 0.000000000000000000, 0.000000000000000000 ) ) ;
#343 = ORIENTED_EDGE ( 'NONE', *, *, #487, .T. ) ;
#344 = EDGE_LOOP ( 'NONE', ( #902, #2283, #895, #335, #328 ) ) ;
#345 =( BOUNDED_CURVE ( )  B_SPLINE_CURVE ( 3, ( #1982, #1216, #84, #269 ),
 .UNSPECIFIED., .F., .T. ) 
 B_SPLINE_CURVE_WITH_KNOTS ( ( 4, 4 ),
 ( 4.712388980384689674, 6.283185307179586232 ),
 .UNSPECIFIED. ) 
 CURVE ( )  GEOMETRIC_REPRESENTATION_ITEM ( )  RATIONAL_B_SPLINE_CURVE ( ( 1.000000000000000000, 0.8047378541243649375, 0.8047378541243649375, 1.000000000000000000 ) ) 
 REPRESENTATION_ITEM ( '' )  );
#346 = CYLINDRICAL_SURFACE ( 'NONE', #1007, 0.1999999999999996503 ) ;
#347 = CARTESIAN_POINT ( 'NONE',  ( 50.00000000000000000, 3.000000000000000000, 0.000000000000000000 ) ) ;
#348 = EDGE_CURVE ( 'NONE', #1851, #290, #2077, .T. ) ;
#349 = ORIENTED_EDGE ( 'NONE', *, *, #245, .F. ) ;
#350 = DIRECTION ( 'NONE',  ( 0.000000000000000000, 0.000000000000000000, 1.000000000000000000 ) ) ;
#351 = CARTESIAN_POINT ( 'NONE',  ( 46.80000000000000426, 8.000000000000000000, -2.050000000000000266 ) ) ;
#352 = ORIENTED_EDGE ( 'NONE', *, *, #2314, .T. ) ;
#353 = CARTESIAN_POINT ( 'NONE',  ( -59.80000000000000426, 0.2000000000000000111, 4.800000000000001599 ) ) ;
#354 = VERTEX_POINT ( 'NONE', #203 ) ;
#355 = VERTEX_POINT ( 'NONE', #1892 ) ;
#356 = CARTESIAN_POINT ( 'NONE',  ( 59.79999999999999005, 8.000000000000000000, -4.799999999999999822 ) ) ;
#357 = CARTESIAN_POINT ( 'NONE',  ( 59.99999999999999289, 7.800000000000000711, 1.850000000000000089 ) ) ;
#358 = VERTEX_POINT ( 'NONE', #36 ) ;
#359 = FACE_OUTER_BOUND ( 'NONE', #2167, .T. ) ;
#360 = CYLINDRICAL_SURFACE ( 'NONE', #1199, 1.850000000000000089 ) ;
#361 = EDGE_CURVE ( 'NONE', #527, #380, #189, .T. ) ;
#362 = CARTESIAN_POINT ( 'NONE',  ( 46.80000000000000426, 8.000000000000000000, -4.799999999999999822 ) ) ;
#363 = ORIENTED_EDGE ( 'NONE', *, *, #722, .F. ) ;
#364 = CARTESIAN_POINT ( 'NONE',  ( -60.00000000000000711, 4.849999999999999645, -1.850000000000000089 ) ) ;
#365 = CIRCLE ( 'NONE', #2406, 1.850000000000000089 ) ;
#366 = ORIENTED_EDGE ( 'NONE', *, *, #400, .T. ) ;
#367 = EDGE_LOOP ( 'NONE', ( #2248, #2313, #1167, #1087, #687, #920 ) ) ;
#368 = CARTESIAN_POINT ( 'NONE',  ( 0.000000000000000000, 0.000000000000000000, 0.000000000000000000 ) ) ;
#369 = CARTESIAN_POINT ( 'NONE',  ( 47.00000000000000000, 3.000000000000000000, 5.000000000000000888 ) ) ;
#370 = CARTESIAN_POINT ( 'NONE',  ( 47.00000000000000000, 8.000000000000000000, 4.800000000000001599 ) ) ;
#371 = EDGE_LOOP ( 'NONE', ( #2387, #1592, #1140, #108, #490 ) ) ;
#372 = DIRECTION ( 'NONE',  ( -1.000000000000000000, 0.000000000000000000, 0.000000000000000000 ) ) ;
#373 = DIRECTION ( 'NONE',  ( 0.000000000000000000, -0.000000000000000000, -1.000000000000000000 ) ) ;
#374 = CIRCLE ( 'NONE', #1711, 0.1999999999999987899 ) ;
#375 = ORIENTED_EDGE ( 'NONE', *, *, #789, .T. ) ;
#376 = CARTESIAN_POINT ( 'NONE',  ( -60.00000000000000711, 0.2000000000000000111, -4.999999999999999112 ) ) ;
#377 = AXIS2_PLACEMENT_3D ( 'NONE', #1557, #1902, #8 ) ;
#378 = ORIENTED_EDGE ( 'NONE', *, *, #1364, .F. ) ;
#379 = VECTOR ( 'NONE', #159, 1000.000000000000000 ) ;
#380 = VERTEX_POINT ( 'NONE', #469 ) ;
#381 = EDGE_CURVE ( 'NONE', #217, #1727, #1320, .T. ) ;
#382 = DIRECTION ( 'NONE',  ( 0.000000000000000000, 0.000000000000000000, 1.000000000000000000 ) ) ;
#383 = ORIENTED_EDGE ( 'NONE', *, *, #1961, .F. ) ;
#384 = CARTESIAN_POINT ( 'NONE',  ( 59.79999999999999005, 0.2000000000000000111, 4.800000000000001599 ) ) ;
#385 = DIRECTION ( 'NONE',  ( 0.000000000000000000, -1.000000000000000000, 0.000000000000000000 ) ) ;
#386 = CARTESIAN_POINT ( 'NONE',  ( 50.50000000000000711, 4.849999999999999645, 1.850000000000000089 ) ) ;
#387 = ORIENTED_EDGE ( 'NONE', *, *, #417, .T. ) ;
#388 = DIRECTION ( 'NONE',  ( 1.000000000000000000, 0.000000000000000000, 0.000000000000000000 ) ) ;
#389 = ORIENTED_EDGE ( 'NONE', *, *, #381, .F. ) ;
#390 = ORIENTED_EDGE ( 'NONE', *, *, #1384, .F. ) ;
#391 = CIRCLE ( 'NONE', #10, 1.850000000000000089 ) ;
#392 = CARTESIAN_POINT ( 'NONE',  ( 0.000000000000000000, 8.000000000000000000, 0.000000000000000000 ) ) ;
#393 = ORIENTED_EDGE ( 'NONE', *, *, #2122, .T. ) ;
#394 = DIRECTION ( 'NONE',  ( 0.000000000000000000, 0.000000000000000000, 1.000000000000000000 ) ) ;
#395 = DIRECTION ( 'NONE',  ( 0.000000000000000000, 0.000000000000000000, 1.000000000000000000 ) ) ;
#396 = LINE ( 'NONE', #1002, #1049 ) ;
#397 = EDGE_CURVE ( 'NONE', #2279, #1255, #79, .T. ) ;
#398 = ORIENTED_EDGE ( 'NONE', *, *, #2414, .F. ) ;
#399 = AXIS2_PLACEMENT_3D ( 'NONE', #2388, #724, #1639 ) ;
#400 = EDGE_CURVE ( 'NONE', #897, #762, #282, .T. ) ;
#401 = DIRECTION ( 'NONE',  ( 1.000000000000000000, -0.000000000000000000, -0.000000000000000000 ) ) ;
#402 = ORIENTED_EDGE ( 'NONE', *, *, #361, .T. ) ;
#403 = UNCERTAINTY_MEASURE_WITH_UNIT (LENGTH_MEASURE( 1.000000000000000082E-05 ), #1292, 'distance_accuracy_value', 'NONE');
#404 = AXIS2_PLACEMENT_3D ( 'NONE', #2090, #401, #985 ) ;
#405 = ORIENTED_EDGE ( 'NONE', *, *, #2397, .F. ) ;
#406 = CARTESIAN_POINT ( 'NONE',  ( 50.00000000000000711, 4.849999999999999645, -1.850000000000000089 ) ) ;
#407 = EDGE_CURVE ( 'NONE', #209, #1677, #297, .T. ) ;
#408 = ORIENTED_EDGE ( 'NONE', *, *, #223, .F. ) ;
#409 = DIRECTION ( 'NONE',  ( 0.000000000000000000, 1.000000000000000000, 0.000000000000000000 ) ) ;
#410 = PLANE ( 'NONE',  #257 ) ;
#411 = CYLINDRICAL_SURFACE ( 'NONE', #1949, 0.1999999999999987899 ) ;
#412 = EDGE_CURVE ( 'NONE', #803, #157, #652, .T. ) ;
#413 = ORIENTED_EDGE ( 'NONE', *, *, #2369, .F. ) ;
#414 = CARTESIAN_POINT ( 'NONE',  ( -60.00000000000000711, 8.000000000000000000, 0.000000000000000000 ) ) ;
#415 = AXIS2_PLACEMENT_3D ( 'NONE', #1927, #20, #2110 ) ;
#416 = ORIENTED_EDGE ( 'NONE', *, *, #925, .F. ) ;
#417 = EDGE_CURVE ( 'NONE', #898, #924, #1015, .T. ) ;
#418 = VECTOR ( 'NONE', #2051, 1000.000000000000000 ) ;
#419 = CARTESIAN_POINT ( 'NONE',  ( 50.00000000000000711, 4.849999999999999645, 1.850000000000000089 ) ) ;
#420 = VECTOR ( 'NONE', #2218, 1000.000000000000000 ) ;
#421 = DIRECTION ( 'NONE',  ( 0.000000000000000000, 0.000000000000000000, 1.000000000000000000 ) ) ;
#422 = VERTEX_POINT ( 'NONE', #1247 ) ;
#423 = LINE ( 'NONE', #2117, #2059 ) ;
#424 = DIRECTION ( 'NONE',  ( 0.000000000000000000, 0.000000000000000000, 1.000000000000000000 ) ) ;
#425 = EDGE_CURVE ( 'NONE', #358, #14, #112, .T. ) ;
#426 = CARTESIAN_POINT ( 'NONE',  ( 59.79999999999999005, 7.800000000000000711, 0.000000000000000000 ) ) ;
#427 =( BOUNDED_CURVE ( )  B_SPLINE_CURVE ( 3, ( #537, #1839, #1490, #1274 ),
 .UNSPECIFIED., .F., .T. ) 
 B_SPLINE_CURVE_WITH_KNOTS ( ( 4, 4 ),
 ( 1.570796326794896558, 3.141592653589793116 ),
 .UNSPECIFIED. ) 
 CURVE ( )  GEOMETRIC_REPRESENTATION_ITEM ( )  RATIONAL_B_SPLINE_CURVE ( ( 1.000000000000000000, 0.8047378541243649375, 0.8047378541243649375, 1.000000000000000000 ) ) 
 REPRESENTATION_ITEM ( '' )  );
#428 =( LENGTH_UNIT ( ) NAMED_UNIT ( * ) SI_UNIT ( .MILLI., .METRE. ) );
#429 = ORIENTED_EDGE ( 'NONE', *, *, #1485, .F. ) ;
#430 = VECTOR ( 'NONE', #1597, 1000.000000000000000 ) ;
#431 = CARTESIAN_POINT ( 'NONE',  ( 0.000000000000000000, 8.000000000000000000, 0.000000000000000000 ) ) ;
#432 = ADVANCED_FACE ( 'NONE', ( #1748 ), #1388, .T. ) ;
#433 = DIRECTION ( 'NONE',  ( -0.000000000000000000, 0.000000000000000000, 1.000000000000000000 ) ) ;
#434 = CARTESIAN_POINT ( 'NONE',  ( 50.00000000000000000, 7.800000000000000711, -1.850000000000000089 ) ) ;
#435 = LINE ( 'NONE', #250, #1389 ) ;
#436 = ADVANCED_FACE ( 'NONE', ( #2140 ), #1797, .F. ) ;
#437 = LINE ( 'NONE', #2098, #2306 ) ;
#438 = VERTEX_POINT ( 'NONE', #1958 ) ;
#439 = VECTOR ( 'NONE', #1612, 1000.000000000000000 ) ;
#440 =( BOUNDED_CURVE ( )  B_SPLINE_CURVE ( 3, ( #144, #288, #1045, #2345 ),
 .UNSPECIFIED., .F., .T. ) 
 B_SPLINE_CURVE_WITH_KNOTS ( ( 4, 4 ),
 ( 0.000000000000000000, 1.570796326794896558 ),
 .UNSPECIFIED. ) 
 CURVE ( )  GEOMETRIC_REPRESENTATION_ITEM ( )  RATIONAL_B_SPLINE_CURVE ( ( 1.000000000000000000, 0.8047378541243649375, 0.8047378541243649375, 1.000000000000000000 ) ) 
 REPRESENTATION_ITEM ( '' )  );
#441 = CARTESIAN_POINT ( 'NONE',  ( 47.49999999999997868, 7.917157287525380838, 1.850000000000000089 ) ) ;
#442 = CARTESIAN_POINT ( 'NONE',  ( 50.00000000000000000, 7.800000000000000711, -4.999999999999999112 ) ) ;
#443 = EDGE_CURVE ( 'NONE', #1138, #601, #1362, .T. ) ;
#444 = VECTOR ( 'NONE', #1895, 1000.000000000000000 ) ;
#445 = DIRECTION ( 'NONE',  ( -1.000000000000000000, 0.000000000000000000, 0.000000000000000000 ) ) ;
#446 = DIRECTION ( 'NONE',  ( -1.000000000000000000, 0.000000000000000000, 0.000000000000000000 ) ) ;
#447 = DIRECTION ( 'NONE',  ( 0.000000000000000000, 0.000000000000000000, -1.000000000000000000 ) ) ;
#448 = DIRECTION ( 'NONE',  ( 0.000000000000000000, 0.000000000000000000, 1.000000000000000000 ) ) ;
#449 = STYLED_ITEM ( 'NONE', ( #2120 ), #1865 ) ;
#450 = ORIENTED_EDGE ( 'NONE', *, *, #336, .F. ) ;
#451 = AXIS2_PLACEMENT_3D ( 'NONE', #1835, #1113, #531 ) ;
#452 = ORIENTED_EDGE ( 'NONE', *, *, #1203, .T. ) ;
#453 = EDGE_CURVE ( 'NONE', #774, #751, #99, .T. ) ;
#454 = LINE ( 'NONE', #1207, #430 ) ;
#455 = VECTOR ( 'NONE', #1783, 1000.000000000000000 ) ;
#456 = CIRCLE ( 'NONE', #31, 0.1999999999999996503 ) ;
#457 = CYLINDRICAL_SURFACE ( 'NONE', #2291, 0.2000000000000000944 ) ;
#458 = CARTESIAN_POINT ( 'NONE',  ( 47.00000000000000000, 3.000000000000000000, 0.000000000000000000 ) ) ;
#459 = CARTESIAN_POINT ( 'NONE',  ( 46.91715728752536307, 8.000000000000000000, 4.917157287525381726 ) ) ;
#460 = CYLINDRICAL_SURFACE ( 'NONE', #1976, 0.1999999999999987899 ) ;
#461 = PLANE ( 'NONE',  #1393 ) ;
#462 = ORIENTED_EDGE ( 'NONE', *, *, #894, .F. ) ;
#463 = DIRECTION ( 'NONE',  ( 0.000000000000000000, 0.000000000000000000, -1.000000000000000000 ) ) ;
#464 = PLANE ( 'NONE',  #1360 ) ;
#465 = EDGE_CURVE ( 'NONE', #1483, #2082, #1769, .T. ) ;
#466 = CYLINDRICAL_SURFACE ( 'NONE', #984, 0.1999999999999996503 ) ;
#467 = CARTESIAN_POINT ( 'NONE',  ( 50.00000000000000711, 7.800000000000000711, 1.850000000000000089 ) ) ;
#468 = PLANE ( 'NONE',  #2336 ) ;
#469 = CARTESIAN_POINT ( 'NONE',  ( 47.00000000000000000, 7.800000000000000711, 5.000000000000000888 ) ) ;
#470 = DIRECTION ( 'NONE',  ( 1.000000000000000000, 0.000000000000000000, 0.000000000000000000 ) ) ;
#471 = DIRECTION ( 'NONE',  ( -1.000000000000000000, -0.000000000000000000, -0.000000000000000000 ) ) ;
#472 = ADVANCED_FACE ( 'NONE', ( #680 ), #271, .T. ) ;
#473 = ORIENTED_EDGE ( 'NONE', *, *, #1633, .T. ) ;
#474 = ORIENTED_EDGE ( 'NONE', *, *, #2006, .T. ) ;
#475 = DIRECTION ( 'NONE',  ( 0.000000000000000000, -1.000000000000000000, 0.000000000000000000 ) ) ;
#476 = CARTESIAN_POINT ( 'NONE',  ( -49.80000000000000426, 8.000000000000000000, 4.800000000000001599 ) ) ;
#477 = ORIENTED_EDGE ( 'NONE', *, *, #2397, .T. ) ;
#478 = VECTOR ( 'NONE', #1728, 1000.000000000000000 ) ;
#479 = CARTESIAN_POINT ( 'NONE',  ( -60.00000000000000711, 7.800000000000000711, 2.050000000000000266 ) ) ;
#480 = DIRECTION ( 'NONE',  ( -1.000000000000000000, -0.000000000000000000, -0.000000000000000000 ) ) ;
#481 = EDGE_CURVE ( 'NONE', #14, #2322, #850, .T. ) ;
#482 = FACE_OUTER_BOUND ( 'NONE', #1921, .T. ) ;
#483 = AXIS2_PLACEMENT_3D ( 'NONE', #213, #1356, #2127 ) ;
#484 = CARTESIAN_POINT ( 'NONE',  ( -60.00000000000000711, 4.849999999999999645, 1.850000000000000089 ) ) ;
#485 = LINE ( 'NONE', #1248, #1116 ) ;
#486 = DIRECTION ( 'NONE',  ( 0.000000000000000000, 0.000000000000000000, 1.000000000000000000 ) ) ;
#487 = EDGE_CURVE ( 'NONE', #542, #2113, #2150, .T. ) ;
#488 = EDGE_LOOP ( 'NONE', ( #1492, #735, #1708, #1250, #2145 ) ) ;
#489 = LINE ( 'NONE', #1664, #1433 ) ;
#490 = ORIENTED_EDGE ( 'NONE', *, *, #2437, .F. ) ;
#491 = EDGE_CURVE ( 'NONE', #727, #1605, #1379, .T. ) ;
#492 = ADVANCED_FACE ( 'NONE', ( #1947 ), #2163, .T. ) ;
#493 = ORIENTED_EDGE ( 'NONE', *, *, #2362, .T. ) ;
#494 = VECTOR ( 'NONE', #237, 1000.000000000000000 ) ;
#495 = CARTESIAN_POINT ( 'NONE',  ( -50.70000000000000284, 8.000000000000000000, 2.050000000000000266 ) ) ;
#496 = CARTESIAN_POINT ( 'NONE',  ( 47.70000000000000284, 8.000000000000000000, -2.050000000000000266 ) ) ;
#497 = DIRECTION ( 'NONE',  ( -0.000000000000000000, -1.000000000000000000, -0.000000000000000000 ) ) ;
#498 = AXIS2_PLACEMENT_3D ( 'NONE', #524, #1813, #1081 ) ;
#499 = CARTESIAN_POINT ( 'NONE',  ( 59.79999999999999005, 0.000000000000000000, 5.000000000000000888 ) ) ;
#500 = DIRECTION ( 'NONE',  ( 0.000000000000000000, -0.000000000000000000, 1.000000000000000000 ) ) ;
#501 = ORIENTED_EDGE ( 'NONE', *, *, #1793, .T. ) ;
#502 = CARTESIAN_POINT ( 'NONE',  ( -59.80000000000000426, 8.000000000000000000, 4.800000000000001599 ) ) ;
#503 = DIRECTION ( 'NONE',  ( -1.000000000000000000, 0.000000000000000000, 0.000000000000000000 ) ) ;
#504 = ORIENTED_EDGE ( 'NONE', *, *, #845, .F. ) ;
#505 = ORIENTED_EDGE ( 'NONE', *, *, #145, .T. ) ;
#506 = ADVANCED_FACE ( 'NONE', ( #545 ), #149, .T. ) ;
#507 = LINE ( 'NONE', #926, #796 ) ;
#508 = DIRECTION ( 'NONE',  ( 0.000000000000000000, 0.000000000000000000, 1.000000000000000000 ) ) ;
#509 = DIRECTION ( 'NONE',  ( 0.000000000000000000, 0.000000000000000000, 1.000000000000000000 ) ) ;
#510 = DIRECTION ( 'NONE',  ( 0.000000000000000000, 0.000000000000000000, 1.000000000000000000 ) ) ;
#511 = EDGE_CURVE ( 'NONE', #945, #1582, #2009, .T. ) ;
#512 = CARTESIAN_POINT ( 'NONE',  ( -50.00000000000000000, 7.800000000000000711, -1.850000000000000089 ) ) ;
#513 = ORIENTED_EDGE ( 'NONE', *, *, #1528, .F. ) ;
#514 = CARTESIAN_POINT ( 'NONE',  ( 59.91715728752536307, 8.000000000000000000, -1.932842712474619473 ) ) ;
#515 = EDGE_LOOP ( 'NONE', ( #909, #188, #244, #1515 ) ) ;
#516 = VERTEX_POINT ( 'NONE', #1487 ) ;
#517 = ADVANCED_FACE ( 'NONE', ( #2061 ), #890, .T. ) ;
#518 = DIRECTION ( 'NONE',  ( -1.000000000000000000, 0.000000000000000000, 0.000000000000000000 ) ) ;
#519 = CARTESIAN_POINT ( 'NONE',  ( 59.99999999999999289, 7.800000000000000711, -1.850000000000000089 ) ) ;
#520 = LINE ( 'NONE', #929, #580 ) ;
#521 = VERTEX_POINT ( 'NONE', #1439 ) ;
#522 = VECTOR ( 'NONE', #837, 1000.000000000000000 ) ;
#523 = CARTESIAN_POINT ( 'NONE',  ( 59.99999999999999289, 7.800000000000000711, -4.799999999999999822 ) ) ;
#524 = CARTESIAN_POINT ( 'NONE',  ( -50.00000000000000000, 4.849999999999999645, 0.000000000000000000 ) ) ;
#525 = ORIENTED_EDGE ( 'NONE', *, *, #1407, .T. ) ;
#526 = AXIS2_PLACEMENT_3D ( 'NONE', #502, #475, #2168 ) ;
#527 = VERTEX_POINT ( 'NONE', #2189 ) ;
#528 = ORIENTED_EDGE ( 'NONE', *, *, #50, .F. ) ;
#529 = AXIS2_PLACEMENT_3D ( 'NONE', #1097, #2420, #1481 ) ;
#530 = ADVANCED_FACE ( 'NONE', ( #1822 ), #2378, .T. ) ;
#531 = DIRECTION ( 'NONE',  ( 0.000000000000000000, 0.000000000000000000, -1.000000000000000000 ) ) ;
#532 = CIRCLE ( 'NONE', #1910, 0.1999999999999996503 ) ;
#533 = DIRECTION ( 'NONE',  ( 0.000000000000000000, 0.000000000000000000, 1.000000000000000000 ) ) ;
#534 = ORIENTED_EDGE ( 'NONE', *, *, #2243, .F. ) ;
#535 = AXIS2_PLACEMENT_3D ( 'NONE', #1730, #1545, #2088 ) ;
#536 = CARTESIAN_POINT ( 'NONE',  ( -50.00000000000000000, 7.917157287525380838, 5.000000000000000888 ) ) ;
#537 = CARTESIAN_POINT ( 'NONE',  ( -59.80000000000000426, 8.000000000000000000, 2.050000000000000266 ) ) ;
#538 = VECTOR ( 'NONE', #639, 1000.000000000000000 ) ;
#539 = ORIENTED_EDGE ( 'NONE', *, *, #1103, .T. ) ;
#540 = LINE ( 'NONE', #376, #444 ) ;
#541 = VERTEX_POINT ( 'NONE', #1078 ) ;
#542 = VERTEX_POINT ( 'NONE', #1846 ) ;
#543 = ADVANCED_FACE ( 'NONE', ( #2229 ), #2046, .F. ) ;
#544 = CARTESIAN_POINT ( 'NONE',  ( 47.50000000000000000, 3.000000000000000000, -4.999999999999999112 ) ) ;
#545 = FACE_OUTER_BOUND ( 'NONE', #2422, .T. ) ;
#546 = ORIENTED_EDGE ( 'NONE', *, *, #336, .T. ) ;
#547 = VECTOR ( 'NONE', #2272, 1000.000000000000000 ) ;
#548 = FACE_OUTER_BOUND ( 'NONE', #940, .T. ) ;
#549 = LINE ( 'NONE', #1465, #2108 ) ;
#550 = FACE_OUTER_BOUND ( 'NONE', #367, .T. ) ;
#551 = PRODUCT_DEFINITION_SHAPE ( 'NONE', 'NONE',  #1042 ) ;
#552 = ORIENTED_EDGE ( 'NONE', *, *, #1668, .F. ) ;
#553 = CARTESIAN_POINT ( 'NONE',  ( 59.79999999999999005, 8.000000000000000000, 4.800000000000001599 ) ) ;
#554 = ORIENTED_EDGE ( 'NONE', *, *, #2079, .T. ) ;
#555 = EDGE_LOOP ( 'NONE', ( #387, #1311, #577, #2043, #1392 ) ) ;
#556 = CARTESIAN_POINT ( 'NONE',  ( 50.58284271247462272, 8.000000000000000000, -4.917157287525379949 ) ) ;
#557 = FACE_OUTER_BOUND ( 'NONE', #1651, .T. ) ;
#558 = ORIENTED_EDGE ( 'NONE', *, *, #221, .T. ) ;
#559 = DIRECTION ( 'NONE',  ( 0.000000000000000000, 1.761828530288947861E-15, -1.000000000000000000 ) ) ;
#560 = DIRECTION ( 'NONE',  ( 0.000000000000000000, -0.000000000000000000, -1.000000000000000000 ) ) ;
#561 = CARTESIAN_POINT ( 'NONE',  ( -49.91715728752539150, 8.000000000000000000, -4.917157287525379949 ) ) ;
#562 = ORIENTED_EDGE ( 'NONE', *, *, #2215, .T. ) ;
#563 = DIRECTION ( 'NONE',  ( -1.000000000000000000, -0.000000000000000000, -0.000000000000000000 ) ) ;
#564 = ADVANCED_FACE ( 'NONE', ( #557 ), #2389, .T. ) ;
#565 = VECTOR ( 'NONE', #350, 1000.000000000000000 ) ;
#566 = ORIENTED_EDGE ( 'NONE', *, *, #1181, .T. ) ;
#567 = VERTEX_POINT ( 'NONE', #173 ) ;
#568 = EDGE_CURVE ( 'NONE', #601, #924, #520, .T. ) ;
#569 = DIRECTION ( 'NONE',  ( 1.000000000000000000, 0.000000000000000000, 0.000000000000000000 ) ) ;
#570 = CARTESIAN_POINT ( 'NONE',  ( -59.80000000000000426, 7.800000000000000711, -4.799999999999999822 ) ) ;
#571 = ORIENTED_EDGE ( 'NONE', *, *, #2251, .T. ) ;
#572 = AXIS2_PLACEMENT_3D ( 'NONE', #1544, #1691, #2097 ) ;
#573 = FACE_OUTER_BOUND ( 'NONE', #315, .T. ) ;
#574 = DIRECTION ( 'NONE',  ( 1.000000000000000000, 0.000000000000000000, 0.000000000000000000 ) ) ;
#575 = CARTESIAN_POINT ( 'NONE',  ( 47.00000000000000000, 3.000000000000000000, -4.999999999999999112 ) ) ;
#576 = VECTOR ( 'NONE', #1479, 1000.000000000000000 ) ;
#577 = ORIENTED_EDGE ( 'NONE', *, *, #348, .F. ) ;
#578 = FACE_OUTER_BOUND ( 'NONE', #1706, .T. ) ;
#579 = ORIENTED_EDGE ( 'NONE', *, *, #1315, .F. ) ;
#580 = VECTOR ( 'NONE', #1304, 1000.000000000000000 ) ;
#581 = FACE_OUTER_BOUND ( 'NONE', #2266, .T. ) ;
#582 = EDGE_CURVE ( 'NONE', #1693, #119, #1952, .T. ) ;
#583 = ORIENTED_EDGE ( 'NONE', *, *, #1562, .T. ) ;
#584 = CARTESIAN_POINT ( 'NONE',  ( 50.50000000000000000, 7.800000000000000711, 5.000000000000000888 ) ) ;
#585 = DIRECTION ( 'NONE',  ( 0.000000000000000000, 0.000000000000000000, 1.000000000000000000 ) ) ;
#586 = LINE ( 'NONE', #994, #1714 ) ;
#587 = ORIENTED_EDGE ( 'NONE', *, *, #2073, .T. ) ;
#588 = DIRECTION ( 'NONE',  ( 0.000000000000000000, -1.000000000000000000, -0.000000000000000000 ) ) ;
#589 = VERTEX_POINT ( 'NONE', #1090 ) ;
#590 = ORIENTED_EDGE ( 'NONE', *, *, #2257, .T. ) ;
#591 = EDGE_CURVE ( 'NONE', #1980, #9, #123, .T. ) ;
#592 = CARTESIAN_POINT ( 'NONE',  ( 49.80000000000000426, 8.000000000000000000, -4.799999999999999822 ) ) ;
#593 = ORIENTED_EDGE ( 'NONE', *, *, #1776, .T. ) ;
#594 = LINE ( 'NONE', #46, #478 ) ;
#595 = FACE_OUTER_BOUND ( 'NONE', #1646, .T. ) ;
#596 = DIRECTION ( 'NONE',  ( 0.000000000000000000, 0.000000000000000000, -1.000000000000000000 ) ) ;
#597 = EDGE_LOOP ( 'NONE', ( #566, #1402, #90, #1, #1889, #756, #2074, #329, #736, #1667, #2209, #1072, #1872, #1091, #1189, #2288 ) ) ;
#598 = AXIS2_PLACEMENT_3D ( 'NONE', #1112, #2199, #518 ) ;
#599 =( BOUNDED_CURVE ( )  B_SPLINE_CURVE ( 3, ( #969, #1890, #1737, #584 ),
 .UNSPECIFIED., .F., .F. ) 
 B_SPLINE_CURVE_WITH_KNOTS ( ( 4, 4 ),
 ( 4.712388980384689674, 6.283185307179586232 ),
 .UNSPECIFIED. ) 
 CURVE ( )  GEOMETRIC_REPRESENTATION_ITEM ( )  RATIONAL_B_SPLINE_CURVE ( ( 1.000000000000000000, 0.8047378541243649375, 0.8047378541243649375, 1.000000000000000000 ) ) 
 REPRESENTATION_ITEM ( '' )  );
#600 = FACE_OUTER_BOUND ( 'NONE', #788, .T. ) ;
#601 = VERTEX_POINT ( 'NONE', #2213 ) ;
#602 = EDGE_LOOP ( 'NONE', ( #1736, #1595, #1884, #1008, #1237, #150, #1837, #286, #1523, #2343, #780, #2154, #352, #2425, #2433, #1805 ) ) ;
#603 = EDGE_CURVE ( 'NONE', #355, #169, #1948, .T. ) ;
#604 = DIRECTION ( 'NONE',  ( 1.000000000000000000, 0.000000000000000000, 0.000000000000000000 ) ) ;
#605 = ORIENTED_EDGE ( 'NONE', *, *, #2126, .F. ) ;
#606 = CYLINDRICAL_SURFACE ( 'NONE', #1190, 0.1999999999999996503 ) ;
#607 = DIRECTION ( 'NONE',  ( -1.000000000000000000, 0.000000000000000000, -0.000000000000000000 ) ) ;
#608 = DIRECTION ( 'NONE',  ( -0.000000000000000000, 0.000000000000000000, 1.000000000000000000 ) ) ;
#609 = AXIS2_PLACEMENT_3D ( 'NONE', #1888, #1316, #1527 ) ;
#610 = EDGE_LOOP ( 'NONE', ( #2407, #142, #2044, #40 ) ) ;
#611 = EDGE_CURVE ( 'NONE', #1561, #354, #715, .T. ) ;
#612 =( BOUNDED_CURVE ( )  B_SPLINE_CURVE ( 3, ( #1298, #1491, #561, #1310 ),
 .UNSPECIFIED., .F., .T. ) 
 B_SPLINE_CURVE_WITH_KNOTS ( ( 4, 4 ),
 ( 3.141592653589793116, 4.712388980384689674 ),
 .UNSPECIFIED. ) 
 CURVE ( )  GEOMETRIC_REPRESENTATION_ITEM ( )  RATIONAL_B_SPLINE_CURVE ( ( 1.000000000000000000, 0.8047378541243649375, 0.8047378541243649375, 1.000000000000000000 ) ) 
 REPRESENTATION_ITEM ( '' )  );
#613 = AXIS2_PLACEMENT_3D ( 'NONE', #666, #1971, #825 ) ;
#614 = CARTESIAN_POINT ( 'NONE',  ( -50.00000000000000000, 3.000000000000000000, 5.000000000000000000 ) ) ;
#615 = AXIS2_PLACEMENT_3D ( 'NONE', #1067, #1809, #704 ) ;
#616 = CARTESIAN_POINT ( 'NONE',  ( 50.00000000000000000, 7.917157287525380838, -4.999999999999999112 ) ) ;
#617 = FACE_OUTER_BOUND ( 'NONE', #341, .T. ) ;
#618 = CARTESIAN_POINT ( 'NONE',  ( 59.99999999999999289, 4.849999999999999645, -1.850000000000000089 ) ) ;
#619 = DIRECTION ( 'NONE',  ( 1.000000000000000000, 0.000000000000000000, 0.000000000000000000 ) ) ;
#620 = LINE ( 'NONE', #70, #1277 ) ;
#621 = ORIENTED_EDGE ( 'NONE', *, *, #407, .T. ) ;
#622 = CIRCLE ( 'NONE', #742, 0.1999999999999987899 ) ;
#623 = EDGE_CURVE ( 'NONE', #37, #542, #1259, .T. ) ;
#624 = ORIENTED_EDGE ( 'NONE', *, *, #1426, .T. ) ;
#625 = FACE_OUTER_BOUND ( 'NONE', #1085, .T. ) ;
#626 = DIRECTION ( 'NONE',  ( 0.000000000000000000, 1.000000000000000000, -0.000000000000000000 ) ) ;
#627 = DIRECTION ( 'NONE',  ( 0.000000000000000000, -1.000000000000000000, 0.000000000000000000 ) ) ;
#628 = CARTESIAN_POINT ( 'NONE',  ( 50.00000000000000711, 4.849999999999999645, 1.850000000000000089 ) ) ;
#629 =( NAMED_UNIT ( * ) SI_UNIT ( $, .STERADIAN. ) SOLID_ANGLE_UNIT ( ) );
#630 = DIRECTION ( 'NONE',  ( 0.000000000000000000, 0.000000000000000000, 1.000000000000000000 ) ) ;
#631 = ORIENTED_EDGE ( 'NONE', *, *, #2251, .F. ) ;
#632 = EDGE_CURVE ( 'NONE', #567, #541, #1122, .T. ) ;
#633 = EDGE_CURVE ( 'NONE', #1043, #37, #1021, .T. ) ;
#634 = CARTESIAN_POINT ( 'NONE',  ( -59.80000000000000426, 8.000000000000000000, 4.800000000000001599 ) ) ;
#635 = DIRECTION ( 'NONE',  ( 0.000000000000000000, 0.000000000000000000, -1.000000000000000000 ) ) ;
#636 = AXIS2_PLACEMENT_3D ( 'NONE', #1735, #802, #635 ) ;
#637 = DIRECTION ( 'NONE',  ( 0.000000000000000000, 1.000000000000000000, 0.000000000000000000 ) ) ;
#638 = DIRECTION ( 'NONE',  ( 0.000000000000000000, 0.000000000000000000, 1.000000000000000000 ) ) ;
#639 = DIRECTION ( 'NONE',  ( -0.000000000000000000, 1.000000000000000000, -0.000000000000000000 ) ) ;
#640 = DIRECTION ( 'NONE',  ( 0.000000000000000000, 1.000000000000000000, 0.000000000000000000 ) ) ;
#641 = CARTESIAN_POINT ( 'NONE',  ( -60.00000000000000711, 4.849999999999999645, -1.850000000000000089 ) ) ;
#642 = VECTOR ( 'NONE', #195, 1000.000000000000000 ) ;
#643 = ORIENTED_EDGE ( 'NONE', *, *, #591, .F. ) ;
#644 = VECTOR ( 'NONE', #210, 1000.000000000000000 ) ;
#645 = DIRECTION ( 'NONE',  ( 0.000000000000000000, 0.000000000000000000, 1.000000000000000000 ) ) ;
#646 = VECTOR ( 'NONE', #1382, 1000.000000000000000 ) ;
#647 = CYLINDRICAL_SURFACE ( 'NONE', #1383, 0.1999999999999996503 ) ;
#648 = EDGE_CURVE ( 'NONE', #194, #527, #1687, .T. ) ;
#649 = DIRECTION ( 'NONE',  ( -1.000000000000000000, 0.000000000000000000, 0.000000000000000000 ) ) ;
#650 = CYLINDRICAL_SURFACE ( 'NONE', #688, 0.1999999999999987899 ) ;
#651 = EDGE_CURVE ( 'NONE', #355, #1151, #1318, .T. ) ;
#652 = LINE ( 'NONE', #263, #1829 ) ;
#653 = CARTESIAN_POINT ( 'NONE',  ( 47.00000000000000711, 7.800000000000000711, -1.850000000000000089 ) ) ;
#654 = CARTESIAN_POINT ( 'NONE',  ( 47.70000000000000284, 8.000000000000000000, 0.000000000000000000 ) ) ;
#655 = ORIENTED_EDGE ( 'NONE', *, *, #120, .T. ) ;
#656 = ORIENTED_EDGE ( 'NONE', *, *, #603, .T. ) ;
#657 = CARTESIAN_POINT ( 'NONE',  ( -60.00000000000000711, 4.849999999999999645, 0.000000000000000000 ) ) ;
#658 = LINE ( 'NONE', #1864, #1242 ) ;
#659 = ORIENTED_EDGE ( 'NONE', *, *, #43, .F. ) ;
#660 = AXIS2_PLACEMENT_3D ( 'NONE', #739, #1486, #1303 ) ;
#661 = EDGE_CURVE ( 'NONE', #1151, #741, #887, .T. ) ;
#662 = FACE_OUTER_BOUND ( 'NONE', #2210, .T. ) ;
#663 = ADVANCED_FACE ( 'NONE', ( #1391 ), #266, .T. ) ;
#664 = PLANE ( 'NONE',  #709 ) ;
#665 = CARTESIAN_POINT ( 'NONE',  ( 59.79999999999999005, 8.000000000000000000, -4.999999999999999112 ) ) ;
#666 = CARTESIAN_POINT ( 'NONE',  ( 47.50000000000000711, 4.849999999999999645, 0.000000000000000000 ) ) ;
#667 = LINE ( 'NONE', #1235, #522 ) ;
#668 = DIRECTION ( 'NONE',  ( -1.000000000000000000, 0.000000000000000000, 0.000000000000000000 ) ) ;
#669 = ADVANCED_FACE ( 'NONE', ( #1027 ), #2152, .T. ) ;
#670 = EDGE_CURVE ( 'NONE', #354, #1572, #1516, .T. ) ;
#671 = EDGE_LOOP ( 'NONE', ( #991, #2192, #683, #2250 ) ) ;
#672 = LINE ( 'NONE', #1083, #1079 ) ;
#673 = CARTESIAN_POINT ( 'NONE',  ( 50.00000000000000000, 3.000000000000000000, -4.999999999999999112 ) ) ;
#674 = ORIENTED_EDGE ( 'NONE', *, *, #1108, .F. ) ;
#675 =( BOUNDED_CURVE ( )  B_SPLINE_CURVE ( 3, ( #1146, #921, #24, #775 ),
 .UNSPECIFIED., .F., .F. ) 
 B_SPLINE_CURVE_WITH_KNOTS ( ( 4, 4 ),
 ( 4.712388980384689674, 6.283185307179586232 ),
 .UNSPECIFIED. ) 
 CURVE ( )  GEOMETRIC_REPRESENTATION_ITEM ( )  RATIONAL_B_SPLINE_CURVE ( ( 1.000000000000000000, 0.8047378541243649375, 0.8047378541243649375, 1.000000000000000000 ) ) 
 REPRESENTATION_ITEM ( '' )  );
#676 = ORIENTED_EDGE ( 'NONE', *, *, #910, .F. ) ;
#677 = EDGE_CURVE ( 'NONE', #1151, #55, #1006, .T. ) ;
#678 = FACE_OUTER_BOUND ( 'NONE', #1710, .T. ) ;
#679 = CARTESIAN_POINT ( 'NONE',  ( 0.000000000000000000, 8.000000000000000000, 0.000000000000000000 ) ) ;
#680 = FACE_OUTER_BOUND ( 'NONE', #1431, .T. ) ;
#681 = DIRECTION ( 'NONE',  ( -1.000000000000000000, -0.000000000000000000, -0.000000000000000000 ) ) ;
#682 = CARTESIAN_POINT ( 'NONE',  ( 50.00000000000000711, 4.849999999999999645, 0.000000000000000000 ) ) ;
#683 = ORIENTED_EDGE ( 'NONE', *, *, #1348, .F. ) ;
#684 = DIRECTION ( 'NONE',  ( 0.000000000000000000, 0.000000000000000000, 1.000000000000000000 ) ) ;
#685 = DIRECTION ( 'NONE',  ( -0.000000000000000000, 1.000000000000000000, -0.000000000000000000 ) ) ;
#686 = VERTEX_POINT ( 'NONE', #2321 ) ;
#687 = ORIENTED_EDGE ( 'NONE', *, *, #905, .T. ) ;
#688 = AXIS2_PLACEMENT_3D ( 'NONE', #1780, #111, #1232 ) ;
#689 = EDGE_CURVE ( 'NONE', #698, #1048, #2141, .T. ) ;
#690 =( BOUNDED_CURVE ( )  B_SPLINE_CURVE ( 3, ( #2245, #1838, #536, #1296 ),
 .UNSPECIFIED., .F., .F. ) 
 B_SPLINE_CURVE_WITH_KNOTS ( ( 4, 4 ),
 ( 4.712388980384689674, 6.283185307179586232 ),
 .UNSPECIFIED. ) 
 CURVE ( )  GEOMETRIC_REPRESENTATION_ITEM ( )  RATIONAL_B_SPLINE_CURVE ( ( 1.000000000000000000, 0.8047378541243649375, 0.8047378541243649375, 1.000000000000000000 ) ) 
 REPRESENTATION_ITEM ( '' )  );
#691 = AXIS2_PLACEMENT_3D ( 'NONE', #1550, #811, #2303 ) ;
#692 = DIRECTION ( 'NONE',  ( -0.000000000000000000, -0.000000000000000000, -1.000000000000000000 ) ) ;
#693 = PLANE ( 'NONE',  #1469 ) ;
#694 = CARTESIAN_POINT ( 'NONE',  ( -50.00000000000000000, 7.800000000000000711, -4.999999999999980460 ) ) ;
#695 = AXIS2_PLACEMENT_3D ( 'NONE', #1038, #69, #1221 ) ;
#696 = DIRECTION ( 'NONE',  ( 0.000000000000000000, 1.000000000000000000, 0.000000000000000000 ) ) ;
#697 = CARTESIAN_POINT ( 'NONE',  ( 59.79999999999999005, 0.2000000000000000111, 0.000000000000000000 ) ) ;
#698 = VERTEX_POINT ( 'NONE', #1017 ) ;
#699 = CARTESIAN_POINT ( 'NONE',  ( 49.80000000000000426, 8.000000000000000000, -2.050000000000000266 ) ) ;
#700 = EDGE_LOOP ( 'NONE', ( #1878, #49, #182, #1905 ) ) ;
#701 = ADVANCED_FACE ( 'NONE', ( #1200 ), #89, .T. ) ;
#702 = ORIENTED_EDGE ( 'NONE', *, *, #845, .T. ) ;
#703 = CARTESIAN_POINT ( 'NONE',  ( 50.00000000000000000, 7.800000000000000711, 5.000000000000000888 ) ) ;
#704 = DIRECTION ( 'NONE',  ( 0.000000000000000000, 0.000000000000000000, -1.000000000000000000 ) ) ;
#705 = EDGE_LOOP ( 'NONE', ( #1529, #1549, #2031, #1684 ) ) ;
#706 = CARTESIAN_POINT ( 'NONE',  ( 59.99999999999999289, 8.000000000000000000, 0.000000000000000000 ) ) ;
#707 = CARTESIAN_POINT ( 'NONE',  ( 59.79999999999999005, 7.800000000000000711, 4.800000000000001599 ) ) ;
#708 = ORIENTED_EDGE ( 'NONE', *, *, #894, .T. ) ;
#709 = AXIS2_PLACEMENT_3D ( 'NONE', #2326, #1023, #1065 ) ;
#710 = CARTESIAN_POINT ( 'NONE',  ( 50.00000000000000000, 3.000000000000000000, -4.999999999999999112 ) ) ;
#711 = ORIENTED_EDGE ( 'NONE', *, *, #2293, .T. ) ;
#712 = EDGE_CURVE ( 'NONE', #2069, #1495, #80, .T. ) ;
#713 = EDGE_LOOP ( 'NONE', ( #196, #1500, #1962, #820, #2363 ) ) ;
#714 = CARTESIAN_POINT ( 'NONE',  ( 49.80000000000000426, 8.000000000000000000, 4.800000000000001599 ) ) ;
#715 = LINE ( 'NONE', #347, #2271 ) ;
#716 = VERTEX_POINT ( 'NONE', #2165 ) ;
#717 = DIRECTION ( 'NONE',  ( 0.000000000000000000, 0.000000000000000000, 1.000000000000000000 ) ) ;
#718 = CARTESIAN_POINT ( 'NONE',  ( -50.00000000000000000, 7.917157287525380838, -1.850000000000000089 ) ) ;
#719 = ORIENTED_EDGE ( 'NONE', *, *, #234, .T. ) ;
#720 = CARTESIAN_POINT ( 'NONE',  ( -50.58284271247462272, 8.000000000000000000, -1.932842712474619473 ) ) ;
#721 = ORIENTED_EDGE ( 'NONE', *, *, #2315, .T. ) ;
#722 = EDGE_CURVE ( 'NONE', #1170, #1869, #2179, .T. ) ;
#723 = EDGE_LOOP ( 'NONE', ( #655, #363, #1801, #1418 ) ) ;
#724 = DIRECTION ( 'NONE',  ( 0.000000000000000000, -1.000000000000000000, 0.000000000000000000 ) ) ;
#725 = CYLINDRICAL_SURFACE ( 'NONE', #1826, 0.1999999999999996503 ) ;
#726 = VECTOR ( 'NONE', #373, 1000.000000000000000 ) ;
#727 = VERTEX_POINT ( 'NONE', #866 ) ;
#728 = ADVANCED_FACE ( 'NONE', ( #819 ), #461, .F. ) ;
#729 = LINE ( 'NONE', #1662, #1740 ) ;
#730 = CARTESIAN_POINT ( 'NONE',  ( 47.00000000000000711, 4.849999999999999645, 0.000000000000000000 ) ) ;
#731 = CARTESIAN_POINT ( 'NONE',  ( -59.80000000000000426, 7.800000000000000711, -4.799999999999999822 ) ) ;
#732 = AXIS2_PLACEMENT_3D ( 'NONE', #2431, #745, #1094 ) ;
#733 = VERTEX_POINT ( 'NONE', #1989 ) ;
#734 = DIRECTION ( 'NONE',  ( 0.000000000000000000, 0.000000000000000000, 1.000000000000000000 ) ) ;
#735 = ORIENTED_EDGE ( 'NONE', *, *, #323, .T. ) ;
#736 = ORIENTED_EDGE ( 'NONE', *, *, #817, .T. ) ;
#737 = EDGE_CURVE ( 'NONE', #1723, #1619, #102, .T. ) ;
#738 = APPLICATION_PROTOCOL_DEFINITION ( 'draft international standard', 'automotive_design', 1998, #1227 ) ;
#739 = CARTESIAN_POINT ( 'NONE',  ( 49.80000000000000426, 7.800000000000000711, 0.000000000000000000 ) ) ;
#740 = CARTESIAN_POINT ( 'NONE',  ( 50.70000000000000284, 7.800000000000000711, 0.000000000000000000 ) ) ;
#741 = VERTEX_POINT ( 'NONE', #1223 ) ;
#742 = AXIS2_PLACEMENT_3D ( 'NONE', #832, #2125, #1565 ) ;
#743 = EDGE_CURVE ( 'NONE', #1525, #1224, #1569, .T. ) ;
#744 = PLANE ( 'NONE',  #1547 ) ;
#745 = DIRECTION ( 'NONE',  ( 1.000000000000000000, -0.000000000000000000, -0.000000000000000000 ) ) ;
#746 = CARTESIAN_POINT ( 'NONE',  ( -50.00000000000000000, 7.917157287525380838, 1.850000000000000089 ) ) ;
#747 = ORIENTED_EDGE ( 'NONE', *, *, #75, .F. ) ;
#748 = CARTESIAN_POINT ( 'NONE',  ( 47.50000000000000711, 4.849999999999999645, -1.850000000000000089 ) ) ;
#749 = EDGE_CURVE ( 'NONE', #13, #27, #1133, .T. ) ;
#750 = ADVANCED_FACE ( 'NONE', ( #2131 ), #1973, .F. ) ;
#751 = VERTEX_POINT ( 'NONE', #852 ) ;
#752 = ORIENTED_EDGE ( 'NONE', *, *, #1254, .T. ) ;
#753 = CARTESIAN_POINT ( 'NONE',  ( 0.000000000000000000, 3.000000000000000000, 5.000000000000000888 ) ) ;
#754 = DIRECTION ( 'NONE',  ( 1.000000000000000000, -0.000000000000000000, 0.000000000000000000 ) ) ;
#755 = AXIS2_PLACEMENT_3D ( 'NONE', #1807, #1245, #1945 ) ;
#756 = ORIENTED_EDGE ( 'NONE', *, *, #591, .T. ) ;
#757 = CARTESIAN_POINT ( 'NONE',  ( 47.00000000000000000, 7.800000000000000711, -4.999999999999999112 ) ) ;
#758 = SPHERICAL_SURFACE ( 'NONE', #1520, 0.2000000000000000111 ) ;
#759 = LINE ( 'NONE', #1504, #2337 ) ;
#760 = ORIENTED_EDGE ( 'NONE', *, *, #301, .T. ) ;
#761 = CYLINDRICAL_SURFACE ( 'NONE', #216, 0.1999999999999987899 ) ;
#762 = VERTEX_POINT ( 'NONE', #1752 ) ;
#763 = VECTOR ( 'NONE', #154, 1000.000000000000000 ) ;
#764 = EDGE_CURVE ( 'NONE', #1608, #55, #847, .T. ) ;
#765 = ORIENTED_EDGE ( 'NONE', *, *, #1459, .F. ) ;
#766 = VECTOR ( 'NONE', #11, 1000.000000000000000 ) ;
#767 = EDGE_CURVE ( 'NONE', #1608, #2225, #71, .T. ) ;
#768 = EDGE_LOOP ( 'NONE', ( #1830, #1265, #1913 ) ) ;
#769 = CIRCLE ( 'NONE', #451, 0.1999999999999996503 ) ;
#770 = FACE_OUTER_BOUND ( 'NONE', #1488, .T. ) ;
#771 = CARTESIAN_POINT ( 'NONE',  ( -50.00000000000000000, 7.800000000000000711, 5.000000000000000000 ) ) ;
#772 = CARTESIAN_POINT ( 'NONE',  ( -50.70000000000000284, 7.800000000000000711, -4.999999999999979572 ) ) ;
#773 = AXIS2_PLACEMENT_3D ( 'NONE', #2276, #1344, #2119 ) ;
#774 = VERTEX_POINT ( 'NONE', #1824 ) ;
#775 = CARTESIAN_POINT ( 'NONE',  ( 47.50000000000000000, 7.800000000000000711, 5.000000000000000888 ) ) ;
#776 = AXIS2_PLACEMENT_3D ( 'NONE', #137, #2399, #2242 ) ;
#777 = ORIENTED_EDGE ( 'NONE', *, *, #623, .F. ) ;
#778 = CIRCLE ( 'NONE', #143, 1.850000000000000089 ) ;
#779 = EDGE_CURVE ( 'NONE', #27, #1115, #1473, .T. ) ;
#780 = ORIENTED_EDGE ( 'NONE', *, *, #910, .T. ) ;
#781 = DIRECTION ( 'NONE',  ( 1.000000000000000000, 0.000000000000000000, 0.000000000000000000 ) ) ;
#782 = VERTEX_POINT ( 'NONE', #351 ) ;
#783 = FACE_OUTER_BOUND ( 'NONE', #705, .T. ) ;
#784 = DIRECTION ( 'NONE',  ( -1.000000000000000000, 0.000000000000000000, 0.000000000000000000 ) ) ;
#785 = CYLINDRICAL_SURFACE ( 'NONE', #773, 0.1999999999999996503 ) ;
#786 = ORIENTED_EDGE ( 'NONE', *, *, #1562, .F. ) ;
#787 = DIRECTION ( 'NONE',  ( 0.000000000000000000, 0.000000000000000000, 1.000000000000000000 ) ) ;
#788 = EDGE_LOOP ( 'NONE', ( #501, #1435, #1993, #1656, #546, #72, #1506, #980 ) ) ;
#789 = EDGE_CURVE ( 'NONE', #33, #782, #314, .T. ) ;
#790 =( BOUNDED_CURVE ( )  B_SPLINE_CURVE ( 3, ( #2404, #1276, #720, #1312 ),
 .UNSPECIFIED., .F., .T. ) 
 B_SPLINE_CURVE_WITH_KNOTS ( ( 4, 4 ),
 ( 3.141592653589793116, 4.712388980384689674 ),
 .UNSPECIFIED. ) 
 CURVE ( )  GEOMETRIC_REPRESENTATION_ITEM ( )  RATIONAL_B_SPLINE_CURVE ( ( 1.000000000000000000, 0.8047378541243649375, 0.8047378541243649375, 1.000000000000000000 ) ) 
 REPRESENTATION_ITEM ( '' )  );
#791 = VERTEX_POINT ( 'NONE', #2246 ) ;
#792 = CARTESIAN_POINT ( 'NONE',  ( -50.00000000000000000, 4.849999999999999645, 1.850000000000000089 ) ) ;
#793 = VERTEX_POINT ( 'NONE', #1679 ) ;
#794 = CARTESIAN_POINT ( 'NONE',  ( 59.79999999999999005, 0.2000000000000000111, -4.999999999999999112 ) ) ;
#795 = CYLINDRICAL_SURFACE ( 'NONE', #2267, 0.1999999999999987899 ) ;
#796 = VECTOR ( 'NONE', #2227, 1000.000000000000000 ) ;
#797 = FILL_AREA_STYLE ('',( #1731 ) ) ;
#798 = ORIENTED_EDGE ( 'NONE', *, *, #1152, .F. ) ;
#799 = VECTOR ( 'NONE', #1717, 1000.000000000000000 ) ;
#800 = CYLINDRICAL_SURFACE ( 'NONE', #691, 0.1999999999999987899 ) ;
#801 = EDGE_CURVE ( 'NONE', #897, #686, #1787, .T. ) ;
#802 = DIRECTION ( 'NONE',  ( 1.000000000000000000, 0.000000000000000000, 0.000000000000000000 ) ) ;
#803 = VERTEX_POINT ( 'NONE', #893 ) ;
#804 = CARTESIAN_POINT ( 'NONE',  ( -50.50000000000000000, 3.000000000000000000, 5.000000000000000000 ) ) ;
#805 = LINE ( 'NONE', #2260, #884 ) ;
#806 = DIRECTION ( 'NONE',  ( -1.000000000000000000, 0.000000000000000000, 0.000000000000000000 ) ) ;
#807 = PLANE ( 'NONE',  #2333 ) ;
#808 = VECTOR ( 'NONE', #947, 1000.000000000000000 ) ;
#809 = EDGE_LOOP ( 'NONE', ( #1145, #1215, #1622, #659 ) ) ;
#810 = VECTOR ( 'NONE', #1323, 1000.000000000000000 ) ;
#811 = DIRECTION ( 'NONE',  ( 0.000000000000000000, 0.000000000000000000, 1.000000000000000000 ) ) ;
#812 = VECTOR ( 'NONE', #1401, 1000.000000000000000 ) ;
#813 = PLANE ( 'NONE',  #2132 ) ;
#814 = DIRECTION ( 'NONE',  ( -0.000000000000000000, 0.000000000000000000, 1.000000000000000000 ) ) ;
#815 = FACE_OUTER_BOUND ( 'NONE', #371, .T. ) ;
#816 = DIRECTION ( 'NONE',  ( 0.000000000000000000, 0.000000000000000000, 1.000000000000000000 ) ) ;
#817 = EDGE_CURVE ( 'NONE', #1155, #741, #549, .T. ) ;
#818 = CARTESIAN_POINT ( 'NONE',  ( -60.00000000000000711, 4.849999999999999645, -1.850000000000000089 ) ) ;
#819 = FACE_OUTER_BOUND ( 'NONE', #1420, .T. ) ;
#820 = ORIENTED_EDGE ( 'NONE', *, *, #670, .F. ) ;
#821 = ORIENTED_EDGE ( 'NONE', *, *, #2424, .T. ) ;
#822 = DIRECTION ( 'NONE',  ( 0.000000000000000000, -1.000000000000000000, 0.000000000000000000 ) ) ;
#823 = DIRECTION ( 'NONE',  ( 1.000000000000000000, -0.000000000000000000, 0.000000000000000000 ) ) ;
#824 = DIRECTION ( 'NONE',  ( 0.000000000000000000, 0.000000000000000000, 1.000000000000000000 ) ) ;
#825 = DIRECTION ( 'NONE',  ( 0.000000000000000000, 0.000000000000000000, 1.000000000000000000 ) ) ;
#826 = CARTESIAN_POINT ( 'NONE',  ( 50.50000000000000711, 7.800000000000000711, -1.850000000000000089 ) ) ;
#827 = DIRECTION ( 'NONE',  ( -1.000000000000000000, 0.000000000000000000, -0.000000000000000000 ) ) ;
#828 = VERTEX_POINT ( 'NONE', #1069 ) ;
#829 = DIRECTION ( 'NONE',  ( 0.000000000000000000, 1.000000000000000000, -0.000000000000000000 ) ) ;
#830 = VECTOR ( 'NONE', #640, 1000.000000000000000 ) ;
#831 = EDGE_CURVE ( 'NONE', #1243, #589, #1560, .T. ) ;
#832 = CARTESIAN_POINT ( 'NONE',  ( 59.79999999999999005, 7.800000000000000711, 4.800000000000001599 ) ) ;
#833 = CIRCLE ( 'NONE', #636, 1.850000000000000089 ) ;
#834 = PLANE ( 'NONE',  #2203 ) ;
#835 = DIRECTION ( 'NONE',  ( 1.000000000000000000, -0.000000000000000000, -0.000000000000000000 ) ) ;
#836 = DIRECTION ( 'NONE',  ( 0.000000000000000000, 1.000000000000000000, 0.000000000000000000 ) ) ;
#837 = DIRECTION ( 'NONE',  ( 1.000000000000000000, -0.000000000000000000, -0.000000000000000000 ) ) ;
#838 = DIRECTION ( 'NONE',  ( 0.000000000000000000, 0.000000000000000000, -1.000000000000000000 ) ) ;
#839 = VECTOR ( 'NONE', #1168, 1000.000000000000000 ) ;
#840 = EDGE_CURVE ( 'NONE', #1043, #13, #163, .T. ) ;
#841 = ORIENTED_EDGE ( 'NONE', *, *, #2334, .F. ) ;
#842 = CARTESIAN_POINT ( 'NONE',  ( -49.80000000000000426, 8.000000000000000000, 0.000000000000000000 ) ) ;
#843 = CARTESIAN_POINT ( 'NONE',  ( -60.00000000000000711, 0.1999999999999996503, -4.799999999999999822 ) ) ;
#844 = ORIENTED_EDGE ( 'NONE', *, *, #223, .T. ) ;
#845 = EDGE_CURVE ( 'NONE', #2113, #1406, #427, .T. ) ;
#846 = DIRECTION ( 'NONE',  ( 1.000000000000000000, 0.000000000000000000, 0.000000000000000000 ) ) ;
#847 = CIRCLE ( 'NONE', #100, 0.1999999999999987899 ) ;
#848 = CARTESIAN_POINT ( 'NONE',  ( 47.00000000000000711, 4.849999999999999645, -1.850000000000000089 ) ) ;
#849 = LINE ( 'NONE', #1935, #2418 ) ;
#850 = LINE ( 'NONE', #628, #2423 ) ;
#851 = PLANE ( 'NONE',  #1580 ) ;
#852 = CARTESIAN_POINT ( 'NONE',  ( -50.50000000000000000, 3.000000000000000000, -4.999999999999979572 ) ) ;
#853 = ORIENTED_EDGE ( 'NONE', *, *, #1098, .T. ) ;
#854 = ORIENTED_EDGE ( 'NONE', *, *, #737, .T. ) ;
#855 = CARTESIAN_POINT ( 'NONE',  ( 50.00000000000000711, 4.849999999999999645, -1.850000000000000089 ) ) ;
#856 = CARTESIAN_POINT ( 'NONE',  ( 0.000000000000000000, 7.800000000000000711, -4.799999999999999822 ) ) ;
#857 = ADVANCED_FACE ( 'NONE', ( #339 ), #1286, .T. ) ;
#858 = ORIENTED_EDGE ( 'NONE', *, *, #737, .F. ) ;
#859 = AXIS2_PLACEMENT_3D ( 'NONE', #956, #2103, #421 ) ;
#860 = EDGE_LOOP ( 'NONE', ( #2081, #2039, #908 ) ) ;
#861 = DIRECTION ( 'NONE',  ( 1.000000000000000000, -0.000000000000000000, -0.000000000000000000 ) ) ;
#862 = DIRECTION ( 'NONE',  ( -1.000000000000000000, 0.000000000000000000, 0.000000000000000000 ) ) ;
#863 = CARTESIAN_POINT ( 'NONE',  ( 47.00000000000000711, 4.849999999999999645, 1.850000000000000089 ) ) ;
#864 = DIRECTION ( 'NONE',  ( 0.000000000000000000, 0.000000000000000000, 1.000000000000000000 ) ) ;
#865 = EDGE_CURVE ( 'NONE', #589, #2258, #1720, .T. ) ;
#866 = CARTESIAN_POINT ( 'NONE',  ( -50.00000000000000000, 3.000000000000000000, 5.000000000000000000 ) ) ;
#867 = ORIENTED_EDGE ( 'NONE', *, *, #661, .F. ) ;
#868 = DIRECTION ( 'NONE',  ( -1.000000000000000000, -0.000000000000000000, -0.000000000000000000 ) ) ;
#869 = CARTESIAN_POINT ( 'NONE',  ( -60.00000000000000711, 4.849999999999999645, -1.850000000000000089 ) ) ;
#870 = EDGE_CURVE ( 'NONE', #1661, #601, #456, .T. ) ;
#871 = EDGE_LOOP ( 'NONE', ( #1636, #2384, #562, #996 ) ) ;
#872 = VERTEX_POINT ( 'NONE', #1849 ) ;
#873 = CARTESIAN_POINT ( 'NONE',  ( 50.00000000000000000, 7.917157287525380838, 1.850000000000000089 ) ) ;
#874 = CARTESIAN_POINT ( 'NONE',  ( -60.00000000000000711, 4.849999999999999645, 1.850000000000000089 ) ) ;
#875 = CIRCLE ( 'NONE', #87, 0.1999999999999996503 ) ;
#876 = CARTESIAN_POINT ( 'NONE',  ( 0.000000000000000000, 7.800000000000000711, -4.999999999999999112 ) ) ;
#877 = DIRECTION ( 'NONE',  ( 1.000000000000000000, 0.000000000000000000, 0.000000000000000000 ) ) ;
#878 = DIRECTION ( 'NONE',  ( 0.000000000000000000, 0.000000000000000000, 1.000000000000000000 ) ) ;
#879 = EDGE_CURVE ( 'NONE', #55, #119, #125, .T. ) ;
#880 = ORIENTED_EDGE ( 'NONE', *, *, #1217, .F. ) ;
#881 = CARTESIAN_POINT ( 'NONE',  ( -59.80000000000000426, 0.000000000000000000, -4.799999999999999822 ) ) ;
#882 = VECTOR ( 'NONE', #974, 1000.000000000000000 ) ;
#883 = ORIENTED_EDGE ( 'NONE', *, *, #2314, .F. ) ;
#884 = VECTOR ( 'NONE', #395, 1000.000000000000000 ) ;
#885 = ORIENTED_EDGE ( 'NONE', *, *, #1375, .F. ) ;
#886 = VECTOR ( 'NONE', #2261, 1000.000000000000000 ) ;
#887 = CIRCLE ( 'NONE', #1204, 0.1999999999999996503 ) ;
#888 = SHAPE_DEFINITION_REPRESENTATION ( #551, #1672 ) ;
#889 = FACE_OUTER_BOUND ( 'NONE', #1844, .T. ) ;
#890 = CYLINDRICAL_SURFACE ( 'NONE', #1011, 0.1999999999999996503 ) ;
#891 = AXIS2_PLACEMENT_3D ( 'NONE', #1268, #1650, #334 ) ;
#892 = CARTESIAN_POINT ( 'NONE',  ( 59.99999999999999289, 7.800000000000000711, 0.000000000000000000 ) ) ;
#893 = CARTESIAN_POINT ( 'NONE',  ( 47.50000000000000000, 7.800000000000000711, -4.999999999999999112 ) ) ;
#894 = EDGE_CURVE ( 'NONE', #33, #1058, #1538, .T. ) ;
#895 = ORIENTED_EDGE ( 'NONE', *, *, #1609, .F. ) ;
#896 = LINE ( 'NONE', #116, #1820 ) ;
#897 = VERTEX_POINT ( 'NONE', #1261 ) ;
#898 = VERTEX_POINT ( 'NONE', #1628 ) ;
#899 = CARTESIAN_POINT ( 'NONE',  ( 47.49999999999997868, 7.917157287525380838, -1.850000000000000089 ) ) ;
#900 = FACE_OUTER_BOUND ( 'NONE', #700, .T. ) ;
#901 = CARTESIAN_POINT ( 'NONE',  ( 0.000000000000000000, 7.800000000000000711, 4.800000000000001599 ) ) ;
#902 = ORIENTED_EDGE ( 'NONE', *, *, #481, .T. ) ;
#903 = CARTESIAN_POINT ( 'NONE',  ( 0.000000000000000000, 7.800000000000000711, 4.800000000000001599 ) ) ;
#904 = LINE ( 'NONE', #1653, #1833 ) ;
#905 = EDGE_CURVE ( 'NONE', #686, #422, #778, .T. ) ;
#906 = ORIENTED_EDGE ( 'NONE', *, *, #1733, .T. ) ;
#907 = CARTESIAN_POINT ( 'NONE',  ( 59.79999999999999005, 0.2000000000000000111, -4.799999999999999822 ) ) ;
#908 = ORIENTED_EDGE ( 'NONE', *, *, #1784, .F. ) ;
#909 = ORIENTED_EDGE ( 'NONE', *, *, #2054, .T. ) ;
#910 = EDGE_CURVE ( 'NONE', #13, #1930, #904, .T. ) ;
#911 = VECTOR ( 'NONE', #1421, 1000.000000000000000 ) ;
#912 = ADVANCED_FACE ( 'NONE', ( #2402 ), #360, .F. ) ;
#913 = CARTESIAN_POINT ( 'NONE',  ( 59.99999999999999289, 8.000000000000000000, -2.050000000000000266 ) ) ;
#914 = CARTESIAN_POINT ( 'NONE',  ( -50.70000000000000284, 8.000000000000000000, 1.850000000000000089 ) ) ;
#915 = EDGE_LOOP ( 'NONE', ( #1634, #473, #941, #962, #1287 ) ) ;
#916 =( GEOMETRIC_REPRESENTATION_CONTEXT ( 3 ) GLOBAL_UNCERTAINTY_ASSIGNED_CONTEXT ( ( #41 ) ) GLOBAL_UNIT_ASSIGNED_CONTEXT ( ( #428, #1361, #629 ) ) REPRESENTATION_CONTEXT ( 'NONE', 'WORKASPACE' ) );
#917 = CARTESIAN_POINT ( 'NONE',  ( -59.80000000000000426, 8.000000000000000000, 2.050000000000000266 ) ) ;
#918 = CARTESIAN_POINT ( 'NONE',  ( -60.00000000000000711, 0.1999999999999996503, 0.000000000000000000 ) ) ;
#919 = DIRECTION ( 'NONE',  ( -1.000000000000000000, 0.000000000000000000, -0.000000000000000000 ) ) ;
#920 = ORIENTED_EDGE ( 'NONE', *, *, #1546, .F. ) ;
#921 = CARTESIAN_POINT ( 'NONE',  ( 47.58284271247462982, 8.000000000000000000, 4.917157287525381726 ) ) ;
#922 = ADVANCED_FACE ( 'NONE', ( #935 ), #758, .T. ) ;
#923 = ORIENTED_EDGE ( 'NONE', *, *, #831, .T. ) ;
#924 = VERTEX_POINT ( 'NONE', #993 ) ;
#925 = EDGE_CURVE ( 'NONE', #2230, #1482, #1239, .T. ) ;
#926 = CARTESIAN_POINT ( 'NONE',  ( -60.00000000000000711, 4.849999999999999645, 1.850000000000000089 ) ) ;
#927 = CARTESIAN_POINT ( 'NONE',  ( 50.50000000000000000, 3.000000000000000000, 0.000000000000000000 ) ) ;
#928 = AXIS2_PLACEMENT_3D ( 'NONE', #1768, #2327, #1037 ) ;
#929 = CARTESIAN_POINT ( 'NONE',  ( 50.50000000000000000, 7.800000000000000711, 5.000000000000000888 ) ) ;
#930 = EDGE_LOOP ( 'NONE', ( #1925, #2408, #1699, #1278, #2292 ) ) ;
#931 = ADVANCED_FACE ( 'NONE', ( #2298 ), #1916, .T. ) ;
#932 = AXIS2_PLACEMENT_3D ( 'NONE', #2123, #93, #1020 ) ;
#933 = ADVANCED_FACE ( 'NONE', ( #1518 ), #410, .T. ) ;
#934 = FACE_OUTER_BOUND ( 'NONE', #1313, .T. ) ;
#935 = FACE_OUTER_BOUND ( 'NONE', #768, .T. ) ;
#936 = FACE_OUTER_BOUND ( 'NONE', #255, .T. ) ;
#937 = VECTOR ( 'NONE', #2412, 1000.000000000000000 ) ;
#938 = ORIENTED_EDGE ( 'NONE', *, *, #1611, .F. ) ;
#939 = CARTESIAN_POINT ( 'NONE',  ( 59.99999999999999289, 8.000000000000000000, -4.799999999999999822 ) ) ;
#940 = EDGE_LOOP ( 'NONE', ( #1725, #1373, #1148, #2202, #1147 ) ) ;
#941 = ORIENTED_EDGE ( 'NONE', *, *, #1817, .F. ) ;
#942 = CARTESIAN_POINT ( 'NONE',  ( 47.50000000000000711, 4.849999999999999645, 1.850000000000000089 ) ) ;
#943 = DIRECTION ( 'NONE',  ( 0.000000000000000000, 0.000000000000000000, -1.000000000000000000 ) ) ;
#944 = CARTESIAN_POINT ( 'NONE',  ( 59.79999999999999005, 8.000000000000000000, 2.050000000000000266 ) ) ;
#945 = VERTEX_POINT ( 'NONE', #771 ) ;
#946 = LINE ( 'NONE', #2216, #1307 ) ;
#947 = DIRECTION ( 'NONE',  ( 0.000000000000000000, 1.000000000000000000, 0.000000000000000000 ) ) ;
#948 = CYLINDRICAL_SURFACE ( 'NONE', #2070, 0.1999999999999996503 ) ;
#949 = VERTEX_POINT ( 'NONE', #794 ) ;
#950 = ADVANCED_FACE ( 'NONE', ( #1357 ), #57, .T. ) ;
#951 =( BOUNDED_CURVE ( )  B_SPLINE_CURVE ( 3, ( #2297, #2351, #1409, #495 ),
 .UNSPECIFIED., .F., .F. ) 
 B_SPLINE_CURVE_WITH_KNOTS ( ( 4, 4 ),
 ( 0.000000000000000000, 1.570796326794896558 ),
 .UNSPECIFIED. ) 
 CURVE ( )  GEOMETRIC_REPRESENTATION_ITEM ( )  RATIONAL_B_SPLINE_CURVE ( ( 1.000000000000000000, 0.8047378541243649375, 0.8047378541243649375, 1.000000000000000000 ) ) 
 REPRESENTATION_ITEM ( '' )  );
#952 = CARTESIAN_POINT ( 'NONE',  ( -50.70000000000000284, 8.000000000000000000, -2.050000000000000266 ) ) ;
#953 = ORIENTED_EDGE ( 'NONE', *, *, #801, .F. ) ;
#954 = EDGE_CURVE ( 'NONE', #1137, #1202, #202, .T. ) ;
#955 = EDGE_LOOP ( 'NONE', ( #2194, #1363, #2302, #1157 ) ) ;
#956 = CARTESIAN_POINT ( 'NONE',  ( 0.000000000000000000, 8.000000000000000000, 0.000000000000000000 ) ) ;
#957 = AXIS2_PLACEMENT_3D ( 'NONE', #368, #134, #1076 ) ;
#958 = ORIENTED_EDGE ( 'NONE', *, *, #120, .F. ) ;
#959 = DIRECTION ( 'NONE',  ( 0.000000000000000000, 0.000000000000000000, 1.000000000000000000 ) ) ;
#960 = CARTESIAN_POINT ( 'NONE',  ( 49.80000000000000426, 8.000000000000000000, 4.800000000000001599 ) ) ;
#961 = CYLINDRICAL_SURFACE ( 'NONE', #535, 0.1999999999999987899 ) ;
#962 = ORIENTED_EDGE ( 'NONE', *, *, #397, .T. ) ;
#963 = EDGE_CURVE ( 'NONE', #686, #1174, #1143, .T. ) ;
#964 = ORIENTED_EDGE ( 'NONE', *, *, #1929, .F. ) ;
#965 = EDGE_LOOP ( 'NONE', ( #968, #235, #765, #429 ) ) ;
#966 = VECTOR ( 'NONE', #1751, 1000.000000000000000 ) ;
#967 = DIRECTION ( 'NONE',  ( 0.000000000000000000, 0.000000000000000000, 1.000000000000000000 ) ) ;
#968 = ORIENTED_EDGE ( 'NONE', *, *, #632, .T. ) ;
#969 = CARTESIAN_POINT ( 'NONE',  ( 50.70000000000000284, 8.000000000000000000, 4.800000000000001599 ) ) ;
#970 = DIRECTION ( 'NONE',  ( 0.000000000000000000, 0.000000000000000000, 1.000000000000000000 ) ) ;
#971 = LINE ( 'NONE', #1370, #886 ) ;
#972 = VECTOR ( 'NONE', #21, 1000.000000000000000 ) ;
#973 = EDGE_LOOP ( 'NONE', ( #721, #1953, #287, #2181 ) ) ;
#974 = DIRECTION ( 'NONE',  ( 1.000000000000000000, 0.000000000000000000, 0.000000000000000000 ) ) ;
#975 = EDGE_CURVE ( 'NONE', #1677, #33, #805, .T. ) ;
#976 = VECTOR ( 'NONE', #1475, 1000.000000000000000 ) ;
#977 = ORIENTED_EDGE ( 'NONE', *, *, #1880, .T. ) ;
#978 = ORIENTED_EDGE ( 'NONE', *, *, #1571, .F. ) ;
#979 = CARTESIAN_POINT ( 'NONE',  ( -50.00000000000000000, 3.000000000000000000, -4.999999999999980460 ) ) ;
#980 = ORIENTED_EDGE ( 'NONE', *, *, #1422, .T. ) ;
#981 = DIRECTION ( 'NONE',  ( 0.000000000000000000, 0.000000000000000000, -1.000000000000000000 ) ) ;
#982 = CARTESIAN_POINT ( 'NONE',  ( 50.50000000000000000, 3.000000000000000000, 0.000000000000000000 ) ) ;
#983 = CARTESIAN_POINT ( 'NONE',  ( 50.50000000000000711, 7.800000000000000711, 1.850000000000000089 ) ) ;
#984 = AXIS2_PLACEMENT_3D ( 'NONE', #259, #53, #1184 ) ;
#985 = DIRECTION ( 'NONE',  ( 0.000000000000000000, 0.000000000000000000, 1.000000000000000000 ) ) ;
#986 = ADVANCED_FACE ( 'NONE', ( #1556 ), #1309, .T. ) ;
#987 = VERTEX_POINT ( 'NONE', #2275 ) ;
#988 = DIRECTION ( 'NONE',  ( 0.000000000000000000, 0.000000000000000000, 1.000000000000000000 ) ) ;
#989 = EDGE_CURVE ( 'NONE', #1224, #23, #1718, .T. ) ;
#990 = DIRECTION ( 'NONE',  ( 0.000000000000000000, 0.000000000000000000, 1.000000000000000000 ) ) ;
#991 = ORIENTED_EDGE ( 'NONE', *, *, #1407, .F. ) ;
#992 = CARTESIAN_POINT ( 'NONE',  ( 0.000000000000000000, 7.800000000000000711, 4.800000000000001599 ) ) ;
#993 = CARTESIAN_POINT ( 'NONE',  ( 50.50000000000000000, 7.800000000000000711, 5.000000000000000888 ) ) ;
#994 = CARTESIAN_POINT ( 'NONE',  ( -50.50000000000000000, 8.000000000000000000, 4.800000000000001599 ) ) ;
#995 = SURFACE_SIDE_STYLE ('',( #2301 ) ) ;
#996 = ORIENTED_EDGE ( 'NONE', *, *, #1929, .T. ) ;
#997 = DIRECTION ( 'NONE',  ( 0.000000000000000000, 0.000000000000000000, 1.000000000000000000 ) ) ;
#998 = EDGE_CURVE ( 'NONE', #527, #1170, #1343, .T. ) ;
#999 = LINE ( 'NONE', #1022, #1062 ) ;
#1000 = CARTESIAN_POINT ( 'NONE',  ( -60.00000000000000711, 4.849999999999999645, 1.850000000000000089 ) ) ;
#1001 = DIRECTION ( 'NONE',  ( -1.000000000000000000, 0.000000000000000000, 0.000000000000000000 ) ) ;
#1002 = CARTESIAN_POINT ( 'NONE',  ( -60.00000000000000711, 4.849999999999999645, 1.850000000000000089 ) ) ;
#1003 = ADVANCED_FACE ( 'NONE', ( #1131 ), #7, .T. ) ;
#1004 = EDGE_CURVE ( 'NONE', #1930, #516, #1882, .T. ) ;
#1005 = CARTESIAN_POINT ( 'NONE',  ( 50.50000000000000711, 7.800000000000000711, -1.850000000000000089 ) ) ;
#1006 = LINE ( 'NONE', #1425, #455 ) ;
#1007 = AXIS2_PLACEMENT_3D ( 'NONE', #1821, #2200, #1859 ) ;
#1008 = ORIENTED_EDGE ( 'NONE', *, *, #1284, .F. ) ;
#1009 = AXIS2_PLACEMENT_3D ( 'NONE', #869, #2156, #919 ) ;
#1010 = CYLINDRICAL_SURFACE ( 'NONE', #1472, 0.2000000000000000944 ) ;
#1011 = AXIS2_PLACEMENT_3D ( 'NONE', #901, #1449, #321 ) ;
#1012 = CARTESIAN_POINT ( 'NONE',  ( 47.70000000000000284, 8.000000000000000000, -4.799999999999999822 ) ) ;
#1013 = CARTESIAN_POINT ( 'NONE',  ( 50.00000000000000711, 7.800000000000000711, 1.850000000000000089 ) ) ;
#1014 = CARTESIAN_POINT ( 'NONE',  ( 47.58284271247462982, 8.000000000000000000, -4.917157287525379949 ) ) ;
#1015 = LINE ( 'NONE', #312, #538 ) ;
#1016 = DIRECTION ( 'NONE',  ( 0.000000000000000000, 0.000000000000000000, 1.000000000000000000 ) ) ;
#1017 = CARTESIAN_POINT ( 'NONE',  ( -50.50000000000000000, 3.000000000000000000, 0.000000000000000000 ) ) ;
#1018 = ORIENTED_EDGE ( 'NONE', *, *, #975, .T. ) ;
#1019 = EDGE_CURVE ( 'NONE', #2082, #793, #1322, .T. ) ;
#1020 = DIRECTION ( 'NONE',  ( 0.000000000000000000, 1.761828530288947861E-15, -1.000000000000000000 ) ) ;
#1021 =( BOUNDED_CURVE ( )  B_SPLINE_CURVE ( 3, ( #1877, #187, #1127, #4 ),
 .UNSPECIFIED., .F., .T. ) 
 B_SPLINE_CURVE_WITH_KNOTS ( ( 4, 4 ),
 ( 3.141592653589793116, 4.712388980384689674 ),
 .UNSPECIFIED. ) 
 CURVE ( )  GEOMETRIC_REPRESENTATION_ITEM ( )  RATIONAL_B_SPLINE_CURVE ( ( 1.000000000000000000, 0.8047378541243649375, 0.8047378541243649375, 1.000000000000000000 ) ) 
 REPRESENTATION_ITEM ( '' )  );
#1022 = CARTESIAN_POINT ( 'NONE',  ( 59.99999999999999289, 7.800000000000000711, 0.000000000000000000 ) ) ;
#1023 = DIRECTION ( 'NONE',  ( 0.000000000000000000, 1.000000000000000000, -0.000000000000000000 ) ) ;
#1024 = DIRECTION ( 'NONE',  ( -0.000000000000000000, -0.000000000000000000, -1.000000000000000000 ) ) ;
#1025 = DIRECTION ( 'NONE',  ( 0.000000000000000000, 0.000000000000000000, 1.000000000000000000 ) ) ;
#1026 = SPHERICAL_SURFACE ( 'NONE', #1501, 0.2000000000000000111 ) ;
#1027 = FACE_OUTER_BOUND ( 'NONE', #915, .T. ) ;
#1028 = EDGE_CURVE ( 'NONE', #751, #1723, #2286, .T. ) ;
#1029 = ORIENTED_EDGE ( 'NONE', *, *, #1470, .F. ) ;
#1030 = VECTOR ( 'NONE', #2007, 1000.000000000000000 ) ;
#1031 = CARTESIAN_POINT ( 'NONE',  ( 50.50000000000000711, 7.800000000000000711, 1.850000000000000089 ) ) ;
#1032 = VERTEX_POINT ( 'NONE', #960 ) ;
#1033 = AXIS2_PLACEMENT_3D ( 'NONE', #1308, #151, #2390 ) ;
#1034 = CARTESIAN_POINT ( 'NONE',  ( 49.80000000000000426, 8.000000000000000000, -4.799999999999999822 ) ) ;
#1035 =( BOUNDED_CURVE ( )  B_SPLINE_CURVE ( 3, ( #442, #616, #2146, #1034 ),
 .UNSPECIFIED., .F., .F. ) 
 B_SPLINE_CURVE_WITH_KNOTS ( ( 4, 4 ),
 ( 0.000000000000000000, 1.570796326794896558 ),
 .UNSPECIFIED. ) 
 CURVE ( )  GEOMETRIC_REPRESENTATION_ITEM ( )  RATIONAL_B_SPLINE_CURVE ( ( 1.000000000000000000, 0.8047378541243649375, 0.8047378541243649375, 1.000000000000000000 ) ) 
 REPRESENTATION_ITEM ( '' )  );
#1036 = CARTESIAN_POINT ( 'NONE',  ( 47.50000000000000000, 7.800000000000000711, 0.000000000000000000 ) ) ;
#1037 = DIRECTION ( 'NONE',  ( 0.000000000000000000, 0.000000000000000000, -1.000000000000000000 ) ) ;
#1038 = CARTESIAN_POINT ( 'NONE',  ( 0.000000000000000000, 8.000000000000000000, 0.000000000000000000 ) ) ;
#1039 = CARTESIAN_POINT ( 'NONE',  ( -50.50000000000000000, 4.849999999999999645, 0.000000000000000000 ) ) ;
#1040 = ADVANCED_FACE ( 'NONE', ( #595 ), #2339, .T. ) ;
#1041 = CARTESIAN_POINT ( 'NONE',  ( -50.50000000000000000, 4.849999999999999645, 1.850000000000000089 ) ) ;
#1042 = PRODUCT_DEFINITION ( 'UNKNOWN', '', #1767, #1337 ) ;
#1043 = VERTEX_POINT ( 'NONE', #2352 ) ;
#1044 = VERTEX_POINT ( 'NONE', #2149 ) ;
#1045 = CARTESIAN_POINT ( 'NONE',  ( 46.91715728752536307, 8.000000000000000000, 1.932842712474619473 ) ) ;
#1046 = VECTOR ( 'NONE', #86, 1000.000000000000000 ) ;
#1047 = PLANE ( 'NONE',  #1874 ) ;
#1048 = VERTEX_POINT ( 'NONE', #1567 ) ;
#1049 = VECTOR ( 'NONE', #1704, 1000.000000000000000 ) ;
#1050 = VERTEX_POINT ( 'NONE', #1410 ) ;
#1051 = VECTOR ( 'NONE', #754, 1000.000000000000000 ) ;
#1052 = EDGE_CURVE ( 'NONE', #9, #949, #1747, .T. ) ;
#1053 = CARTESIAN_POINT ( 'NONE',  ( -60.00000000000000711, 4.849999999999999645, 1.850000000000000089 ) ) ;
#1054 = CARTESIAN_POINT ( 'NONE',  ( 59.79999999999999005, 8.000000000000000000, 0.000000000000000000 ) ) ;
#1055 = CARTESIAN_POINT ( 'NONE',  ( 0.000000000000000000, 8.000000000000000000, -4.799999999999999822 ) ) ;
#1056 = DIRECTION ( 'NONE',  ( 0.000000000000000000, 1.000000000000000000, 0.000000000000000000 ) ) ;
#1057 = DIRECTION ( 'NONE',  ( 0.000000000000000000, -0.000000000000000000, -1.000000000000000000 ) ) ;
#1058 = VERTEX_POINT ( 'NONE', #68 ) ;
#1059 = CARTESIAN_POINT ( 'NONE',  ( 50.00000000000000711, 7.800000000000000711, -1.850000000000000089 ) ) ;
#1060 = CARTESIAN_POINT ( 'NONE',  ( -60.00000000000000711, 0.1999999999999996503, 4.800000000000001599 ) ) ;
#1061 = VERTEX_POINT ( 'NONE', #2128 ) ;
#1062 = VECTOR ( 'NONE', #433, 1000.000000000000000 ) ;
#1063 = ORIENTED_EDGE ( 'NONE', *, *, #925, .T. ) ;
#1064 = ADVANCED_FACE ( 'NONE', ( #815 ), #1757, .F. ) ;
#1065 = DIRECTION ( 'NONE',  ( 0.000000000000000000, 0.000000000000000000, 1.000000000000000000 ) ) ;
#1066 = CARTESIAN_POINT ( 'NONE',  ( 50.00000000000000000, 7.800000000000000711, 5.000000000000000888 ) ) ;
#1067 = CARTESIAN_POINT ( 'NONE',  ( 0.000000000000000000, 7.800000000000000711, -4.799999999999999822 ) ) ;
#1068 = CARTESIAN_POINT ( 'NONE',  ( 47.50000000000000711, 7.800000000000000711, -1.850000000000000089 ) ) ;
#1069 = CARTESIAN_POINT ( 'NONE',  ( 50.70000000000000284, 8.000000000000000000, 2.050000000000000266 ) ) ;
#1070 = ORIENTED_EDGE ( 'NONE', *, *, #1840, .F. ) ;
#1071 = DIRECTION ( 'NONE',  ( 1.000000000000000000, -0.000000000000000000, 0.000000000000000000 ) ) ;
#1072 = ORIENTED_EDGE ( 'NONE', *, *, #453, .F. ) ;
#1073 = ORIENTED_EDGE ( 'NONE', *, *, #1850, .F. ) ;
#1074 = ADVANCED_FACE ( 'NONE', ( #1398 ), #468, .T. ) ;
#1075 = EDGE_CURVE ( 'NONE', #1977, #803, #1587, .T. ) ;
#1076 = DIRECTION ( 'NONE',  ( 1.000000000000000000, 0.000000000000000000, 0.000000000000000000 ) ) ;
#1077 = FACE_OUTER_BOUND ( 'NONE', #1213, .T. ) ;
#1078 = CARTESIAN_POINT ( 'NONE',  ( 59.79999999999999005, 8.000000000000000000, 2.050000000000000266 ) ) ;
#1079 = VECTOR ( 'NONE', #316, 1000.000000000000000 ) ;
#1080 = DIRECTION ( 'NONE',  ( 0.000000000000000000, 0.000000000000000000, 1.000000000000000000 ) ) ;
#1081 = DIRECTION ( 'NONE',  ( 0.000000000000000000, 0.000000000000000000, 1.000000000000000000 ) ) ;
#1082 = EDGE_LOOP ( 'NONE', ( #493, #1325, #146 ) ) ;
#1083 = CARTESIAN_POINT ( 'NONE',  ( 0.000000000000000000, 8.000000000000000000, 2.050000000000000266 ) ) ;
#1084 = PRESENTATION_LAYER_ASSIGNMENT (  '', '', ( #449 ) ) ;
#1085 = EDGE_LOOP ( 'NONE', ( #1350, #552, #880, #2419 ) ) ;
#1086 = VECTOR ( 'NONE', #332, 1000.000000000000000 ) ;
#1087 = ORIENTED_EDGE ( 'NONE', *, *, #801, .T. ) ;
#1088 = VECTOR ( 'NONE', #685, 1000.000000000000000 ) ;
#1089 = CARTESIAN_POINT ( 'NONE',  ( 49.91715728752539150, 8.000000000000000000, 4.917157287525381726 ) ) ;
#1090 = CARTESIAN_POINT ( 'NONE',  ( -50.00000000000000000, 3.000000000000000000, 0.000000000000000000 ) ) ;
#1091 = ORIENTED_EDGE ( 'NONE', *, *, #465, .T. ) ;
#1092 = AXIS2_PLACEMENT_3D ( 'NONE', #697, #560, #1643 ) ;
#1093 = LINE ( 'NONE', #176, #248 ) ;
#1094 = DIRECTION ( 'NONE',  ( 0.000000000000000000, 0.000000000000000000, 1.000000000000000000 ) ) ;
#1095 = EDGE_LOOP ( 'NONE', ( #366, #1134, #1125, #1907, #953 ) ) ;
#1096 = EDGE_CURVE ( 'NONE', #924, #290, #849, .T. ) ;
#1097 = CARTESIAN_POINT ( 'NONE',  ( -59.80000000000000426, 7.800000000000000711, 4.800000000000001599 ) ) ;
#1098 = EDGE_CURVE ( 'NONE', #358, #217, #1870, .T. ) ;
#1099 = ORIENTED_EDGE ( 'NONE', *, *, #1873, .F. ) ;
#1100 = EDGE_LOOP ( 'NONE', ( #207, #605, #204, #674 ) ) ;
#1101 = DIRECTION ( 'NONE',  ( 0.000000000000000000, -0.000000000000000000, -1.000000000000000000 ) ) ;
#1102 = ORIENTED_EDGE ( 'NONE', *, *, #43, .T. ) ;
#1103 = EDGE_CURVE ( 'NONE', #354, #2029, #2118, .T. ) ;
#1104 = PLANE ( 'NONE',  #1033 ) ;
#1105 = DIRECTION ( 'NONE',  ( 0.000000000000000000, 0.000000000000000000, -1.000000000000000000 ) ) ;
#1106 = ORIENTED_EDGE ( 'NONE', *, *, #2238, .T. ) ;
#1107 = DIRECTION ( 'NONE',  ( 0.000000000000000000, -1.000000000000000000, 0.000000000000000000 ) ) ;
#1108 = EDGE_CURVE ( 'NONE', #716, #1180, #1369, .T. ) ;
#1109 = ORIENTED_EDGE ( 'NONE', *, *, #779, .F. ) ;
#1110 = ORIENTED_EDGE ( 'NONE', *, *, #443, .T. ) ;
#1111 = EDGE_CURVE ( 'NONE', #1058, #1483, #435, .T. ) ;
#1112 = CARTESIAN_POINT ( 'NONE',  ( -59.80000000000000426, 7.800000000000000711, 0.000000000000000000 ) ) ;
#1113 = DIRECTION ( 'NONE',  ( 0.000000000000000000, -1.000000000000000000, 0.000000000000000000 ) ) ;
#1114 = CARTESIAN_POINT ( 'NONE',  ( 59.99999999999999289, 7.917157287525380838, 1.850000000000000089 ) ) ;
#1115 = VERTEX_POINT ( 'NONE', #1795 ) ;
#1116 = VECTOR ( 'NONE', #1771, 1000.000000000000000 ) ;
#1117 = CARTESIAN_POINT ( 'NONE',  ( 50.00000000000000000, 3.000000000000000000, 5.000000000000000888 ) ) ;
#1118 = DIRECTION ( 'NONE',  ( 1.000000000000000000, -0.000000000000000000, -0.000000000000000000 ) ) ;
#1119 = CARTESIAN_POINT ( 'NONE',  ( 59.79999999999999005, 7.800000000000000711, -4.799999999999999822 ) ) ;
#1120 = ORIENTED_EDGE ( 'NONE', *, *, #487, .F. ) ;
#1121 = ADVANCED_FACE ( 'NONE', ( #482 ), #650, .T. ) ;
#1122 =( BOUNDED_CURVE ( )  B_SPLINE_CURVE ( 3, ( #357, #1114, #2428, #944 ),
 .UNSPECIFIED., .F., .F. ) 
 B_SPLINE_CURVE_WITH_KNOTS ( ( 4, 4 ),
 ( 0.000000000000000000, 1.570796326794896558 ),
 .UNSPECIFIED. ) 
 CURVE ( )  GEOMETRIC_REPRESENTATION_ITEM ( )  RATIONAL_B_SPLINE_CURVE ( ( 1.000000000000000000, 0.8047378541243649375, 0.8047378541243649375, 1.000000000000000000 ) ) 
 REPRESENTATION_ITEM ( '' )  );
#1123 = CARTESIAN_POINT ( 'NONE',  ( -60.00000000000000711, 4.849999999999999645, 1.850000000000000089 ) ) ;
#1124 = ORIENTED_EDGE ( 'NONE', *, *, #2058, .F. ) ;
#1125 = ORIENTED_EDGE ( 'NONE', *, *, #1329, .F. ) ;
#1126 = CARTESIAN_POINT ( 'NONE',  ( 59.79999999999999005, 0.1999999999999996503, 4.800000000000001599 ) ) ;
#1127 = CARTESIAN_POINT ( 'NONE',  ( -50.58284271247462272, 8.000000000000000000, 4.917157287525381726 ) ) ;
#1128 = EDGE_CURVE ( 'NONE', #541, #828, #1575, .T. ) ;
#1129 = ORIENTED_EDGE ( 'NONE', *, *, #1028, .T. ) ;
#1130 = LINE ( 'NONE', #1652, #2295 ) ;
#1131 = FACE_OUTER_BOUND ( 'NONE', #555, .T. ) ;
#1132 = DIRECTION ( 'NONE',  ( 1.000000000000000000, -0.000000000000000000, -0.000000000000000000 ) ) ;
#1133 = CIRCLE ( 'NONE', #183, 0.1999999999999996503 ) ;
#1134 = ORIENTED_EDGE ( 'NONE', *, *, #1850, .T. ) ;
#1135 = EDGE_CURVE ( 'NONE', #2279, #1561, #1984, .T. ) ;
#1136 = CARTESIAN_POINT ( 'NONE',  ( 47.50000000000000711, 7.800000000000000711, 1.850000000000000089 ) ) ;
#1137 = VERTEX_POINT ( 'NONE', #618 ) ;
#1138 = VERTEX_POINT ( 'NONE', #1377 ) ;
#1139 = PLANE ( 'NONE',  #859 ) ;
#1140 = ORIENTED_EDGE ( 'NONE', *, *, #2315, .F. ) ;
#1141 = EDGE_CURVE ( 'NONE', #1525, #803, #1854, .T. ) ;
#1142 = DIRECTION ( 'NONE',  ( -0.000000000000000000, 1.000000000000000000, -0.000000000000000000 ) ) ;
#1143 = LINE ( 'NONE', #1176, #258 ) ;
#1144 = DIRECTION ( 'NONE',  ( 0.000000000000000000, 1.000000000000000000, 0.000000000000000000 ) ) ;
#1145 = ORIENTED_EDGE ( 'NONE', *, *, #1598, .F. ) ;
#1146 = CARTESIAN_POINT ( 'NONE',  ( 47.70000000000000284, 8.000000000000000000, 4.800000000000001599 ) ) ;
#1147 = ORIENTED_EDGE ( 'NONE', *, *, #865, .T. ) ;
#1148 = ORIENTED_EDGE ( 'NONE', *, *, #1812, .F. ) ;
#1149 = LINE ( 'NONE', #406, #494 ) ;
#1150 = AXIS2_PLACEMENT_3D ( 'NONE', #1517, #1186, #445 ) ;
#1151 = VERTEX_POINT ( 'NONE', #1196 ) ;
#1152 = EDGE_CURVE ( 'NONE', #1151, #1521, #374, .T. ) ;
#1153 = FACE_OUTER_BOUND ( 'NONE', #597, .T. ) ;
#1154 = DIRECTION ( 'NONE',  ( 0.000000000000000000, -1.000000000000000000, 0.000000000000000000 ) ) ;
#1155 = VERTEX_POINT ( 'NONE', #2045 ) ;
#1156 = LINE ( 'NONE', #1906, #168 ) ;
#1157 = ORIENTED_EDGE ( 'NONE', *, *, #2159, .F. ) ;
#1158 = ORIENTED_EDGE ( 'NONE', *, *, #1315, .T. ) ;
#1159 = CARTESIAN_POINT ( 'NONE',  ( 50.70000000000000284, 8.000000000000000000, 0.000000000000000000 ) ) ;
#1160 = ORIENTED_EDGE ( 'NONE', *, *, #677, .F. ) ;
#1161 = ADVANCED_FACE ( 'NONE', ( #1640 ), #693, .T. ) ;
#1162 = VECTOR ( 'NONE', #1531, 1000.000000000000000 ) ;
#1163 = FACE_OUTER_BOUND ( 'NONE', #488, .T. ) ;
#1164 = CARTESIAN_POINT ( 'NONE',  ( 59.99999999999999289, 4.849999999999999645, -1.850000000000000089 ) ) ;
#1165 = FACE_OUTER_BOUND ( 'NONE', #671, .T. ) ;
#1166 = VECTOR ( 'NONE', #1025, 1000.000000000000000 ) ;
#1167 = ORIENTED_EDGE ( 'NONE', *, *, #307, .T. ) ;
#1168 = DIRECTION ( 'NONE',  ( 0.000000000000000000, 1.000000000000000000, 0.000000000000000000 ) ) ;
#1169 = VECTOR ( 'NONE', #2366, 1000.000000000000000 ) ;
#1170 = VERTEX_POINT ( 'NONE', #122 ) ;
#1171 = EDGE_CURVE ( 'NONE', #1893, #1827, #135, .T. ) ;
#1172 = CARTESIAN_POINT ( 'NONE',  ( -50.70000000000000284, 8.000000000000000000, 4.800000000000001599 ) ) ;
#1173 = CARTESIAN_POINT ( 'NONE',  ( 50.50000000000000000, 7.917157287525380838, -4.999999999999999112 ) ) ;
#1174 = VERTEX_POINT ( 'NONE', #1626 ) ;
#1175 = FACE_OUTER_BOUND ( 'NONE', #2047, .T. ) ;
#1176 = CARTESIAN_POINT ( 'NONE',  ( 47.00000000000000000, 3.000000000000000000, 0.000000000000000000 ) ) ;
#1177 = LINE ( 'NONE', #1187, #810 ) ;
#1178 = ADVANCED_FACE ( 'NONE', ( #1077 ), #725, .T. ) ;
#1179 = CARTESIAN_POINT ( 'NONE',  ( 50.00000000000000711, 7.800000000000000711, -1.850000000000000089 ) ) ;
#1180 = VERTEX_POINT ( 'NONE', #356 ) ;
#1181 = EDGE_CURVE ( 'NONE', #1061, #803, #2019, .T. ) ;
#1182 = CARTESIAN_POINT ( 'NONE',  ( 0.000000000000000000, 7.800000000000000711, -2.050000000000000266 ) ) ;
#1183 = ADVANCED_FACE ( 'NONE', ( #889 ), #346, .T. ) ;
#1184 = DIRECTION ( 'NONE',  ( 0.000000000000000000, 0.000000000000000000, 1.000000000000000000 ) ) ;
#1185 = EDGE_CURVE ( 'NONE', #1275, #1032, #2284, .T. ) ;
#1186 = DIRECTION ( 'NONE',  ( 0.000000000000000000, 0.000000000000000000, -1.000000000000000000 ) ) ;
#1187 = CARTESIAN_POINT ( 'NONE',  ( 47.00000000000000000, 3.000000000000000000, -4.999999999999999112 ) ) ;
#1188 = DIRECTION ( 'NONE',  ( 0.000000000000000000, 0.000000000000000000, -1.000000000000000000 ) ) ;
#1189 = ORIENTED_EDGE ( 'NONE', *, *, #264, .F. ) ;
#1190 = AXIS2_PLACEMENT_3D ( 'NONE', #56, #1926, #2085 ) ;
#1191 = LINE ( 'NONE', #673, #1088 ) ;
#1192 = VECTOR ( 'NONE', #2372, 1000.000000000000000 ) ;
#1193 = DIRECTION ( 'NONE',  ( 0.000000000000000000, 0.000000000000000000, -1.000000000000000000 ) ) ;
#1194 = VECTOR ( 'NONE', #2278, 1000.000000000000000 ) ;
#1195 = CARTESIAN_POINT ( 'NONE',  ( 59.79999999999999005, 8.000000000000000000, 0.000000000000000000 ) ) ;
#1196 = CARTESIAN_POINT ( 'NONE',  ( -60.00000000000000711, 7.800000000000000711, -4.799999999999999822 ) ) ;
#1197 = ADVANCED_FACE ( 'NONE', ( #1474 ), #1448, .T. ) ;
#1198 = DIRECTION ( 'NONE',  ( 1.000000000000000000, 0.000000000000000000, 0.000000000000000000 ) ) ;
#1199 = AXIS2_PLACEMENT_3D ( 'NONE', #2233, #1118, #324 ) ;
#1200 = FACE_OUTER_BOUND ( 'NONE', #955, .T. ) ;
#1201 = VECTOR ( 'NONE', #1781, 1000.000000000000000 ) ;
#1202 = VERTEX_POINT ( 'NONE', #519 ) ;
#1203 = EDGE_CURVE ( 'NONE', #987, #716, #1267, .T. ) ;
#1204 = AXIS2_PLACEMENT_3D ( 'NONE', #570, #1413, #448 ) ;
#1205 = DIRECTION ( 'NONE',  ( 0.000000000000000000, 0.000000000000000000, 1.000000000000000000 ) ) ;
#1206 = VECTOR ( 'NONE', #1453, 1000.000000000000000 ) ;
#1207 = CARTESIAN_POINT ( 'NONE',  ( -50.70000000000000284, 8.000000000000000000, -4.999999999999979572 ) ) ;
#1208 = DIRECTION ( 'NONE',  ( -0.000000000000000000, 1.000000000000000000, -0.000000000000000000 ) ) ;
#1209 = DIRECTION ( 'NONE',  ( 0.000000000000000000, 0.000000000000000000, 1.000000000000000000 ) ) ;
#1210 = CARTESIAN_POINT ( 'NONE',  ( 50.00000000000000000, 3.000000000000000000, 0.000000000000000000 ) ) ;
#1211 = CARTESIAN_POINT ( 'NONE',  ( -49.80000000000000426, 7.800000000000000711, 0.000000000000000000 ) ) ;
#1212 = CARTESIAN_POINT ( 'NONE',  ( -59.80000000000000426, 0.2000000000000000111, -4.799999999999999822 ) ) ;
#1213 = EDGE_LOOP ( 'NONE', ( #2296, #325, #1696, #2400 ) ) ;
#1214 = LINE ( 'NONE', #2155, #1270 ) ;
#1215 = ORIENTED_EDGE ( 'NONE', *, *, #1203, .F. ) ;
#1216 = CARTESIAN_POINT ( 'NONE',  ( -50.58284271247462272, 8.000000000000000000, -4.917157287525379949 ) ) ;
#1217 = EDGE_CURVE ( 'NONE', #949, #319, #769, .T. ) ;
#1218 = PRODUCT_RELATED_PRODUCT_CATEGORY ( 'part', '', ( #1444 ) ) ;
#1219 = FACE_OUTER_BOUND ( 'NONE', #1853, .T. ) ;
#1220 = CARTESIAN_POINT ( 'NONE',  ( 47.50000000000000711, 4.849999999999999645, 0.000000000000000000 ) ) ;
#1221 = DIRECTION ( 'NONE',  ( 0.000000000000000000, 0.000000000000000000, 1.000000000000000000 ) ) ;
#1222 = DIRECTION ( 'NONE',  ( -0.000000000000000000, 0.000000000000000000, 1.000000000000000000 ) ) ;
#1223 = CARTESIAN_POINT ( 'NONE',  ( -59.80000000000000426, 7.800000000000000711, -4.999999999999999112 ) ) ;
#1224 = VERTEX_POINT ( 'NONE', #496 ) ;
#1225 = ORIENTED_EDGE ( 'NONE', *, *, #2126, .T. ) ;
#1226 = CARTESIAN_POINT ( 'NONE',  ( 59.99999999999999289, 7.800000000000000711, -1.850000000000000089 ) ) ;
#1227 = APPLICATION_CONTEXT ( 'automotive_design' ) ;
#1228 = DIRECTION ( 'NONE',  ( -1.000000000000000000, -0.000000000000000000, -0.000000000000000000 ) ) ;
#1229 = EDGE_LOOP ( 'NONE', ( #571, #777, #1269, #1899 ) ) ;
#1230 = CIRCLE ( 'NONE', #2208, 0.1999999999999996503 ) ;
#1231 = CARTESIAN_POINT ( 'NONE',  ( -50.50000000000000000, 8.000000000000000000, -2.050000000000000266 ) ) ;
#1232 = DIRECTION ( 'NONE',  ( -1.000000000000000000, 0.000000000000000000, 0.000000000000000000 ) ) ;
#1233 = CARTESIAN_POINT ( 'NONE',  ( -50.00000000000000000, 3.000000000000000000, -4.999999999999980460 ) ) ;
#1234 = ADVANCED_FACE ( 'NONE', ( #900 ), #1659, .T. ) ;
#1235 = CARTESIAN_POINT ( 'NONE',  ( -60.00000000000000711, 4.849999999999999645, -1.850000000000000089 ) ) ;
#1236 = DIRECTION ( 'NONE',  ( 1.000000000000000000, 0.000000000000000000, 0.000000000000000000 ) ) ;
#1237 = ORIENTED_EDGE ( 'NONE', *, *, #1329, .T. ) ;
#1238 = CARTESIAN_POINT ( 'NONE',  ( 47.00000000000000000, 7.800000000000000711, -4.999999999999999112 ) ) ;
#1239 = CIRCLE ( 'NONE', #572, 0.1999999999999987899 ) ;
#1240 = DIRECTION ( 'NONE',  ( 0.000000000000000000, 0.000000000000000000, 1.000000000000000000 ) ) ;
#1241 = ORIENTED_EDGE ( 'NONE', *, *, #1217, .T. ) ;
#1242 = VECTOR ( 'NONE', #2417, 1000.000000000000000 ) ;
#1243 = VERTEX_POINT ( 'NONE', #1281 ) ;
#1244 = VECTOR ( 'NONE', #500, 1000.000000000000000 ) ;
#1245 = DIRECTION ( 'NONE',  ( 1.000000000000000000, 0.000000000000000000, 0.000000000000000000 ) ) ;
#1246 = LINE ( 'NONE', #1997, #1429 ) ;
#1247 = CARTESIAN_POINT ( 'NONE',  ( 47.00000000000000711, 4.849999999999999645, -1.850000000000000089 ) ) ;
#1248 = CARTESIAN_POINT ( 'NONE',  ( 0.000000000000000000, 8.000000000000000000, -4.799999999999999822 ) ) ;
#1249 = DIRECTION ( 'NONE',  ( -1.000000000000000000, 0.000000000000000000, 0.000000000000000000 ) ) ;
#1250 = ORIENTED_EDGE ( 'NONE', *, *, #39, .F. ) ;
#1251 = CARTESIAN_POINT ( 'NONE',  ( 46.80000000000000426, 8.000000000000000000, -4.799999999999999822 ) ) ;
#1252 = DIRECTION ( 'NONE',  ( 0.000000000000000000, 0.000000000000000000, 1.000000000000000000 ) ) ;
#1253 = ORIENTED_EDGE ( 'NONE', *, *, #105, .F. ) ;
#1254 = EDGE_CURVE ( 'NONE', #782, #209, #172, .T. ) ;
#1255 = VERTEX_POINT ( 'NONE', #927 ) ;
#1256 = LINE ( 'NONE', #2018, #1030 ) ;
#1257 = DIRECTION ( 'NONE',  ( -1.000000000000000000, 0.000000000000000000, 0.000000000000000000 ) ) ;
#1258 = ADVANCED_FACE ( 'NONE', ( #2365 ), #158, .T. ) ;
#1259 = LINE ( 'NONE', #914, #937 ) ;
#1260 = CARTESIAN_POINT ( 'NONE',  ( -50.50000000000000000, 4.849999999999999645, -1.850000000000000089 ) ) ;
#1261 = CARTESIAN_POINT ( 'NONE',  ( 47.00000000000000711, 4.849999999999999645, 1.850000000000000089 ) ) ;
#1262 = ORIENTED_EDGE ( 'NONE', *, *, #648, .T. ) ;
#1263 = CARTESIAN_POINT ( 'NONE',  ( -50.50000000000000000, 7.800000000000000711, -1.850000000000000089 ) ) ;
#1264 = ORIENTED_EDGE ( 'NONE', *, *, #1551, .F. ) ;
#1265 = ORIENTED_EDGE ( 'NONE', *, *, #870, .T. ) ;
#1266 = AXIS2_PLACEMENT_3D ( 'NONE', #2430, #2075, #6 ) ;
#1267 = LINE ( 'NONE', #913, #1086 ) ;
#1268 = CARTESIAN_POINT ( 'NONE',  ( -59.80000000000000426, 0.1999999999999996503, 4.800000000000001599 ) ) ;
#1269 = ORIENTED_EDGE ( 'NONE', *, *, #633, .F. ) ;
#1270 = VECTOR ( 'NONE', #276, 1000.000000000000000 ) ;
#1271 = LINE ( 'NONE', #2037, #565 ) ;
#1272 = EDGE_CURVE ( 'NONE', #1115, #1406, #1246, .T. ) ;
#1273 =( BOUNDED_CURVE ( )  B_SPLINE_CURVE ( 3, ( #1031, #1631, #129, #2359 ),
 .UNSPECIFIED., .F., .T. ) 
 B_SPLINE_CURVE_WITH_KNOTS ( ( 4, 4 ),
 ( 3.141592653589793116, 4.712388980384689674 ),
 .UNSPECIFIED. ) 
 CURVE ( )  GEOMETRIC_REPRESENTATION_ITEM ( )  RATIONAL_B_SPLINE_CURVE ( ( 1.000000000000000000, 0.8047378541243649375, 0.8047378541243649375, 1.000000000000000000 ) ) 
 REPRESENTATION_ITEM ( '' )  );
#1274 = CARTESIAN_POINT ( 'NONE',  ( -60.00000000000000711, 7.800000000000000711, 1.850000000000000089 ) ) ;
#1275 = VERTEX_POINT ( 'NONE', #1066 ) ;
#1276 = CARTESIAN_POINT ( 'NONE',  ( -50.50000000000000000, 7.917157287525380838, -1.850000000000000089 ) ) ;
#1277 = VECTOR ( 'NONE', #218, 1000.000000000000000 ) ;
#1278 = ORIENTED_EDGE ( 'NONE', *, *, #1375, .T. ) ;
#1279 = ORIENTED_EDGE ( 'NONE', *, *, #1384, .T. ) ;
#1280 = AXIS2_PLACEMENT_3D ( 'NONE', #285, #668, #2368 ) ;
#1281 = CARTESIAN_POINT ( 'NONE',  ( -50.00000000000000000, 4.849999999999999645, 1.850000000000000089 ) ) ;
#1282 = CARTESIAN_POINT ( 'NONE',  ( -60.00000000000000711, 7.917157287525380838, -1.850000000000000089 ) ) ;
#1283 = EDGE_LOOP ( 'NONE', ( #1553, #2198, #1654, #858 ) ) ;
#1284 = EDGE_CURVE ( 'NONE', #1174, #1044, #1808, .T. ) ;
#1285 = CARTESIAN_POINT ( 'NONE',  ( -50.50000000000000000, 4.849999999999999645, 1.850000000000000089 ) ) ;
#1286 = CYLINDRICAL_SURFACE ( 'NONE', #1092, 0.1999999999999987899 ) ;
#1287 = ORIENTED_EDGE ( 'NONE', *, *, #1873, .T. ) ;
#1288 =( BOUNDED_CURVE ( )  B_SPLINE_CURVE ( 3, ( #467, #873, #1625, #261 ),
 .UNSPECIFIED., .F., .T. ) 
 B_SPLINE_CURVE_WITH_KNOTS ( ( 4, 4 ),
 ( 0.000000000000000000, 1.570796326794896558 ),
 .UNSPECIFIED. ) 
 CURVE ( )  GEOMETRIC_REPRESENTATION_ITEM ( )  RATIONAL_B_SPLINE_CURVE ( ( 1.000000000000000000, 0.8047378541243649375, 0.8047378541243649375, 1.000000000000000000 ) ) 
 REPRESENTATION_ITEM ( '' )  );
#1289 = DIRECTION ( 'NONE',  ( -0.000000000000000000, 1.000000000000000000, -0.000000000000000000 ) ) ;
#1290 = ORIENTED_EDGE ( 'NONE', *, *, #1019, .F. ) ;
#1291 = ORIENTED_EDGE ( 'NONE', *, *, #1446, .T. ) ;
#1292 =( LENGTH_UNIT ( ) NAMED_UNIT ( * ) SI_UNIT ( .MILLI., .METRE. ) );
#1293 = DIRECTION ( 'NONE',  ( -1.000000000000000000, 0.000000000000000000, -0.000000000000000000 ) ) ;
#1294 = EDGE_CURVE ( 'NONE', #741, #1723, #1540, .T. ) ;
#1295 = ORIENTED_EDGE ( 'NONE', *, *, #2437, .T. ) ;
#1296 = CARTESIAN_POINT ( 'NONE',  ( -50.00000000000000000, 7.800000000000000711, 5.000000000000000000 ) ) ;
#1297 = DIRECTION ( 'NONE',  ( 1.000000000000000000, -0.000000000000000000, 0.000000000000000000 ) ) ;
#1298 = CARTESIAN_POINT ( 'NONE',  ( -50.00000000000000000, 7.800000000000000711, -4.999999999999980460 ) ) ;
#1299 = VERTEX_POINT ( 'NONE', #592 ) ;
#1300 = ORIENTED_EDGE ( 'NONE', *, *, #1284, .T. ) ;
#1301 = EDGE_CURVE ( 'NONE', #1572, #1843, #1149, .T. ) ;
#1302 = ORIENTED_EDGE ( 'NONE', *, *, #234, .F. ) ;
#1303 = DIRECTION ( 'NONE',  ( -1.000000000000000000, 0.000000000000000000, 0.000000000000000000 ) ) ;
#1304 = DIRECTION ( 'NONE',  ( -1.000000000000000000, -0.000000000000000000, -0.000000000000000000 ) ) ;
#1305 = EDGE_CURVE ( 'NONE', #872, #987, #2083, .T. ) ;
#1306 = EDGE_LOOP ( 'NONE', ( #1338, #1512, #398, #2067 ) ) ;
#1307 = VECTOR ( 'NONE', #2049, 1000.000000000000000 ) ;
#1308 = CARTESIAN_POINT ( 'NONE',  ( -60.00000000000000711, 4.849999999999999645, -1.850000000000000089 ) ) ;
#1309 = SPHERICAL_SURFACE ( 'NONE', #1317, 0.2000000000000000111 ) ;
#1310 = CARTESIAN_POINT ( 'NONE',  ( -49.80000000000000426, 8.000000000000000000, -4.799999999999999822 ) ) ;
#1311 = ORIENTED_EDGE ( 'NONE', *, *, #1096, .T. ) ;
#1312 = CARTESIAN_POINT ( 'NONE',  ( -50.70000000000000284, 8.000000000000000000, -2.050000000000000266 ) ) ;
#1313 = EDGE_LOOP ( 'NONE', ( #1855, #1225, #62, #153, #1496, #2290, #1457, #760 ) ) ;
#1314 = ORIENTED_EDGE ( 'NONE', *, *, #2054, .F. ) ;
#1315 = EDGE_CURVE ( 'NONE', #589, #727, #1911, .T. ) ;
#1316 = DIRECTION ( 'NONE',  ( -1.000000000000000000, 0.000000000000000000, 0.000000000000000000 ) ) ;
#1317 = AXIS2_PLACEMENT_3D ( 'NONE', #1332, #970, #385 ) ;
#1318 = LINE ( 'NONE', #1499, #1716 ) ;
#1319 = ORIENTED_EDGE ( 'NONE', *, *, #1509, .T. ) ;
#1320 = CIRCLE ( 'NONE', #613, 1.850000000000000089 ) ;
#1321 = DIRECTION ( 'NONE',  ( 0.000000000000000000, 0.000000000000000000, 1.000000000000000000 ) ) ;
#1322 = LINE ( 'NONE', #214, #1162 ) ;
#1323 = DIRECTION ( 'NONE',  ( -0.000000000000000000, 1.000000000000000000, -0.000000000000000000 ) ) ;
#1324 = AXIS2_PLACEMENT_3D ( 'NONE', #1568, #2340, #2320 ) ;
#1325 = ORIENTED_EDGE ( 'NONE', *, *, #174, .T. ) ;
#1326 = SPHERICAL_SURFACE ( 'NONE', #1585, 0.2000000000000000111 ) ;
#1327 = ORIENTED_EDGE ( 'NONE', *, *, #1108, .T. ) ;
#1328 = ORIENTED_EDGE ( 'NONE', *, *, #1301, .T. ) ;
#1329 = EDGE_CURVE ( 'NONE', #1174, #380, #1339, .T. ) ;
#1330 = CARTESIAN_POINT ( 'NONE',  ( 50.50000000000000000, 7.800000000000000711, -4.999999999999999112 ) ) ;
#1331 = ORIENTED_EDGE ( 'NONE', *, *, #1963, .F. ) ;
#1332 = CARTESIAN_POINT ( 'NONE',  ( -59.80000000000000426, 0.2000000000000000111, -4.799999999999999822 ) ) ;
#1333 = CARTESIAN_POINT ( 'NONE',  ( 0.000000000000000000, 0.1999999999999996503, 4.800000000000001599 ) ) ;
#1334 = ORIENTED_EDGE ( 'NONE', *, *, #623, .T. ) ;
#1335 = CARTESIAN_POINT ( 'NONE',  ( -49.80000000000000426, 8.000000000000000000, 2.050000000000000266 ) ) ;
#1336 = EDGE_LOOP ( 'NONE', ( #170, #450, #292, #676 ) ) ;
#1337 = PRODUCT_DEFINITION_CONTEXT ( 'detailed design', #2197, 'design' ) ;
#1338 = ORIENTED_EDGE ( 'NONE', *, *, #1141, .T. ) ;
#1339 = LINE ( 'NONE', #369, #1589 ) ;
#1340 = VECTOR ( 'NONE', #1447, 1000.000000000000000 ) ;
#1341 = ORIENTED_EDGE ( 'NONE', *, *, #1098, .F. ) ;
#1342 = DIRECTION ( 'NONE',  ( 0.000000000000000000, 0.000000000000000000, -1.000000000000000000 ) ) ;
#1343 = LINE ( 'NONE', #2063, #726 ) ;
#1344 = DIRECTION ( 'NONE',  ( -0.000000000000000000, 1.000000000000000000, 0.000000000000000000 ) ) ;
#1345 = EDGE_CURVE ( 'NONE', #1608, #1155, #532, .T. ) ;
#1346 = ORIENTED_EDGE ( 'NONE', *, *, #2293, .F. ) ;
#1347 = AXIS2_PLACEMENT_3D ( 'NONE', #903, #372, #162 ) ;
#1348 = EDGE_CURVE ( 'NONE', #1693, #1930, #293, .T. ) ;
#1349 = PLANE ( 'NONE',  #133 ) ;
#1350 = ORIENTED_EDGE ( 'NONE', *, *, #1868, .T. ) ;
#1351 = CARTESIAN_POINT ( 'NONE',  ( -49.80000000000000426, 8.000000000000000000, -2.050000000000000266 ) ) ;
#1352 = FACE_OUTER_BOUND ( 'NONE', #197, .T. ) ;
#1353 = ADVANCED_FACE ( 'NONE', ( #1726 ), #2241, .F. ) ;
#1354 = ORIENTED_EDGE ( 'NONE', *, *, #400, .F. ) ;
#1355 = AXIS2_PLACEMENT_3D ( 'NONE', #458, #1001, #638 ) ;
#1356 = DIRECTION ( 'NONE',  ( -1.000000000000000000, 0.000000000000000000, 0.000000000000000000 ) ) ;
#1357 = FACE_OUTER_BOUND ( 'NONE', #610, .T. ) ;
#1358 = DIRECTION ( 'NONE',  ( 0.000000000000000000, 0.000000000000000000, 1.000000000000000000 ) ) ;
#1359 = ADVANCED_FACE ( 'NONE', ( #2072 ), #3, .T. ) ;
#1360 = AXIS2_PLACEMENT_3D ( 'NONE', #1775, #277, #1205 ) ;
#1361 =( NAMED_UNIT ( * ) PLANE_ANGLE_UNIT ( ) SI_UNIT ( $, .RADIAN. ) );
#1362 = CIRCLE ( 'NONE', #2030, 0.1999999999999996503 ) ;
#1363 = ORIENTED_EDGE ( 'NONE', *, *, #2215, .F. ) ;
#1364 = EDGE_CURVE ( 'NONE', #1243, #1582, #44, .T. ) ;
#1365 = ADVANCED_FACE ( 'NONE', ( #2282 ), #2093, .T. ) ;
#1366 = LINE ( 'NONE', #1954, #96 ) ;
#1367 = DIRECTION ( 'NONE',  ( 0.000000000000000000, 0.000000000000000000, 1.000000000000000000 ) ) ;
#1368 = CYLINDRICAL_SURFACE ( 'NONE', #1150, 0.1999999999999987899 ) ;
#1369 = LINE ( 'NONE', #1054, #1745 ) ;
#1370 = CARTESIAN_POINT ( 'NONE',  ( -60.00000000000000711, 8.000000000000000000, 4.800000000000001599 ) ) ;
#1371 = AXIS2_PLACEMENT_3D ( 'NONE', #1126, #186, #943 ) ;
#1372 = CARTESIAN_POINT ( 'NONE',  ( 50.50000000000000711, 4.849999999999999645, 1.850000000000000089 ) ) ;
#1373 = ORIENTED_EDGE ( 'NONE', *, *, #1111, .T. ) ;
#1374 = LINE ( 'NONE', #2323, #646 ) ;
#1375 = EDGE_CURVE ( 'NONE', #1061, #217, #1514, .T. ) ;
#1376 = CARTESIAN_POINT ( 'NONE',  ( 59.79999999999999005, 0.000000000000000000, -4.799999999999999822 ) ) ;
#1377 = CARTESIAN_POINT ( 'NONE',  ( 59.99999999999999289, 7.800000000000000711, 4.800000000000001599 ) ) ;
#1378 = ADVANCED_FACE ( 'NONE', ( #1352 ), #1139, .T. ) ;
#1379 = LINE ( 'NONE', #1411, #2071 ) ;
#1380 = CARTESIAN_POINT ( 'NONE',  ( 59.99999999999999289, 0.000000000000000000, -4.799999999999999822 ) ) ;
#1381 = ORIENTED_EDGE ( 'NONE', *, *, #1963, .T. ) ;
#1382 = DIRECTION ( 'NONE',  ( 1.000000000000000000, 0.000000000000000000, 0.000000000000000000 ) ) ;
#1383 = AXIS2_PLACEMENT_3D ( 'NONE', #1552, #822, #1942 ) ;
#1384 = EDGE_CURVE ( 'NONE', #1980, #872, #2195, .T. ) ;
#1385 = MECHANICAL_DESIGN_GEOMETRIC_PRESENTATION_REPRESENTATION (  '', ( #449 ), #916 ) ;
#1386 = LINE ( 'NONE', #1996, #911 ) ;
#1387 = DIRECTION ( 'NONE',  ( 0.000000000000000000, 0.000000000000000000, 1.000000000000000000 ) ) ;
#1388 = PLANE ( 'NONE',  #695 ) ;
#1389 = VECTOR ( 'NONE', #1024, 1000.000000000000000 ) ;
#1390 = CARTESIAN_POINT ( 'NONE',  ( 50.50000000000000000, 7.800000000000000711, -4.999999999999999112 ) ) ;
#1391 = FACE_OUTER_BOUND ( 'NONE', #1814, .T. ) ;
#1392 = ORIENTED_EDGE ( 'NONE', *, *, #2107, .T. ) ;
#1393 = AXIS2_PLACEMENT_3D ( 'NONE', #641, #2342, #827 ) ;
#1394 = LINE ( 'NONE', #614, #1912 ) ;
#1395 = AXIS2_PLACEMENT_3D ( 'NONE', #2001, #2038, #878 ) ;
#1396 = ADVANCED_FACE ( 'NONE', ( #581 ), #2427, .T. ) ;
#1397 = CARTESIAN_POINT ( 'NONE',  ( 50.50000000000000000, 3.000000000000000000, -4.999999999999999112 ) ) ;
#1398 = FACE_OUTER_BOUND ( 'NONE', #103, .T. ) ;
#1399 = DIRECTION ( 'NONE',  ( -1.000000000000000000, 0.000000000000000000, 0.000000000000000000 ) ) ;
#1400 = CARTESIAN_POINT ( 'NONE',  ( 50.50000000000000000, 7.917157287525380838, -1.850000000000000089 ) ) ;
#1401 = DIRECTION ( 'NONE',  ( 0.000000000000000000, 1.000000000000000000, 0.000000000000000000 ) ) ;
#1402 = ORIENTED_EDGE ( 'NONE', *, *, #412, .T. ) ;
#1403 = ORIENTED_EDGE ( 'NONE', *, *, #2334, .T. ) ;
#1404 = CYLINDRICAL_SURFACE ( 'NONE', #1705, 1.850000000000000089 ) ;
#1405 = CARTESIAN_POINT ( 'NONE',  ( -49.80000000000000426, 8.000000000000000000, 2.050000000000000266 ) ) ;
#1406 = VERTEX_POINT ( 'NONE', #2060 ) ;
#1407 = EDGE_CURVE ( 'NONE', #516, #1482, #2042, .T. ) ;
#1408 = DIRECTION ( 'NONE',  ( 0.000000000000000000, 0.000000000000000000, -1.000000000000000000 ) ) ;
#1409 = CARTESIAN_POINT ( 'NONE',  ( -50.58284271247462272, 8.000000000000000000, 1.932842712474619473 ) ) ;
#1410 = CARTESIAN_POINT ( 'NONE',  ( -60.00000000000000711, 4.849999999999999645, 1.850000000000000089 ) ) ;
#1411 = CARTESIAN_POINT ( 'NONE',  ( -50.00000000000000000, 3.000000000000000000, 5.000000000000000000 ) ) ;
#1412 = CARTESIAN_POINT ( 'NONE',  ( 0.000000000000000000, 7.800000000000000711, -2.050000000000000266 ) ) ;
#1413 = DIRECTION ( 'NONE',  ( -0.000000000000000000, -1.000000000000000000, -0.000000000000000000 ) ) ;
#1414 = ADVANCED_FACE ( 'NONE', ( #662 ), #466, .T. ) ;
#1415 = EDGE_LOOP ( 'NONE', ( #220, #1670, #528, #1160 ) ) ;
#1416 = FACE_OUTER_BOUND ( 'NONE', #1336, .T. ) ;
#1417 = CARTESIAN_POINT ( 'NONE',  ( 47.50000000000000000, 7.800000000000000711, -1.850000000000000089 ) ) ;
#1418 = ORIENTED_EDGE ( 'NONE', *, *, #1879, .F. ) ;
#1419 = CIRCLE ( 'NONE', #404, 1.850000000000000089 ) ;
#1420 = EDGE_LOOP ( 'NONE', ( #1328, #2186, #1253, #1647 ) ) ;
#1421 = DIRECTION ( 'NONE',  ( -1.000000000000000000, -0.000000000000000000, -0.000000000000000000 ) ) ;
#1422 = EDGE_CURVE ( 'NONE', #1050, #438, #2350, .T. ) ;
#1423 = DIRECTION ( 'NONE',  ( 0.000000000000000000, 0.000000000000000000, -1.000000000000000000 ) ) ;
#1424 = LINE ( 'NONE', #499, #281 ) ;
#1425 = CARTESIAN_POINT ( 'NONE',  ( -60.00000000000000711, 0.000000000000000000, -4.799999999999999822 ) ) ;
#1426 = EDGE_CURVE ( 'NONE', #1732, #791, #454, .T. ) ;
#1427 = ORIENTED_EDGE ( 'NONE', *, *, #1776, .F. ) ;
#1428 = CARTESIAN_POINT ( 'NONE',  ( 49.91715728752539150, 8.000000000000000000, -1.932842712474619473 ) ) ;
#1429 = VECTOR ( 'NONE', #310, 1000.000000000000000 ) ;
#1430 = CARTESIAN_POINT ( 'NONE',  ( -50.00000000000000000, 3.000000000000000000, -4.999999999999980460 ) ) ;
#1431 = EDGE_LOOP ( 'NONE', ( #29, #2244, #2348, #1792, #539, #906 ) ) ;
#1432 = EDGE_CURVE ( 'NONE', #1693, #1608, #1932, .T. ) ;
#1433 = VECTOR ( 'NONE', #1979, 1000.000000000000000 ) ;
#1434 = ADVANCED_FACE ( 'NONE', ( #2158 ), #1966, .T. ) ;
#1435 = ORIENTED_EDGE ( 'NONE', *, *, #651, .T. ) ;
#1436 = AXIS2_PLACEMENT_3D ( 'NONE', #1663, #2205, #140 ) ;
#1437 = CARTESIAN_POINT ( 'NONE',  ( 59.79999999999999005, 7.800000000000000711, -4.799999999999999822 ) ) ;
#1438 = DIRECTION ( 'NONE',  ( 0.000000000000000000, 1.000000000000000000, -0.000000000000000000 ) ) ;
#1439 = CARTESIAN_POINT ( 'NONE',  ( 49.80000000000000426, 8.000000000000000000, 2.050000000000000266 ) ) ;
#1440 = DIRECTION ( 'NONE',  ( 1.000000000000000000, -0.000000000000000000, -0.000000000000000000 ) ) ;
#1441 = ORIENTED_EDGE ( 'NONE', *, *, #1750, .F. ) ;
#1442 = LINE ( 'NONE', #2193, #211 ) ;
#1443 = ORIENTED_EDGE ( 'NONE', *, *, #998, .F. ) ;
#1444 = PRODUCT ( 'Cladded_Fiber_Cutting_Jig', 'Cladded_Fiber_Cutting_Jig', '', ( #171 ) ) ;
#1445 = ORIENTED_EDGE ( 'NONE', *, *, #767, .T. ) ;
#1446 = EDGE_CURVE ( 'NONE', #791, #1723, #345, .T. ) ;
#1447 = DIRECTION ( 'NONE',  ( 0.000000000000000000, 1.000000000000000000, 0.000000000000000000 ) ) ;
#1448 = PLANE ( 'NONE',  #136 ) ;
#1449 = DIRECTION ( 'NONE',  ( -1.000000000000000000, 0.000000000000000000, 0.000000000000000000 ) ) ;
#1450 = EDGE_LOOP ( 'NONE', ( #477, #558, #1681, #2436 ) ) ;
#1451 =( GEOMETRIC_REPRESENTATION_CONTEXT ( 3 ) GLOBAL_UNCERTAINTY_ASSIGNED_CONTEXT ( ( #403 ) ) GLOBAL_UNIT_ASSIGNED_CONTEXT ( ( #1292, #2426, #331 ) ) REPRESENTATION_CONTEXT ( 'NONE', 'WORKASPACE' ) );
#1452 = DIRECTION ( 'NONE',  ( 0.000000000000000000, 0.000000000000000000, -1.000000000000000000 ) ) ;
#1453 = DIRECTION ( 'NONE',  ( -0.000000000000000000, 0.000000000000000000, 1.000000000000000000 ) ) ;
#1454 = ORIENTED_EDGE ( 'NONE', *, *, #1941, .T. ) ;
#1455 = CARTESIAN_POINT ( 'NONE',  ( 59.99999999999999289, 7.917157287525380838, -1.850000000000000089 ) ) ;
#1456 = VECTOR ( 'NONE', #692, 1000.000000000000000 ) ;
#1457 = ORIENTED_EDGE ( 'NONE', *, *, #245, .T. ) ;
#1458 = EDGE_LOOP ( 'NONE', ( #504, #1120, #631, #1070 ) ) ;
#1459 = EDGE_CURVE ( 'NONE', #1138, #1661, #622, .T. ) ;
#1460 = VECTOR ( 'NONE', #814, 1000.000000000000000 ) ;
#1461 = DIRECTION ( 'NONE',  ( 0.000000000000000000, 0.000000000000000000, -1.000000000000000000 ) ) ;
#1462 = CARTESIAN_POINT ( 'NONE',  ( -60.00000000000000711, 7.800000000000000711, -1.850000000000000089 ) ) ;
#1463 = ORIENTED_EDGE ( 'NONE', *, *, #2073, .F. ) ;
#1464 = CARTESIAN_POINT ( 'NONE',  ( 47.50000000000000000, 3.000000000000000000, 0.000000000000000000 ) ) ;
#1465 = CARTESIAN_POINT ( 'NONE',  ( -59.80000000000000426, 8.000000000000000000, -4.999999999999999112 ) ) ;
#1466 = ORIENTED_EDGE ( 'NONE', *, *, #491, .F. ) ;
#1467 = CARTESIAN_POINT ( 'NONE',  ( -50.50000000000000000, 3.000000000000000000, -4.999999999999979572 ) ) ;
#1468 = ORIENTED_EDGE ( 'NONE', *, *, #1618, .F. ) ;
#1469 = AXIS2_PLACEMENT_3D ( 'NONE', #874, #320, #1293 ) ;
#1470 = EDGE_CURVE ( 'NONE', #157, #1299, #1035, .T. ) ;
#1471 = ORIENTED_EDGE ( 'NONE', *, *, #221, .F. ) ;
#1472 = AXIS2_PLACEMENT_3D ( 'NONE', #1182, #51, #645 ) ;
#1473 = CIRCLE ( 'NONE', #1436, 0.1999999999999987899 ) ;
#1474 = FACE_OUTER_BOUND ( 'NONE', #871, .T. ) ;
#1475 = DIRECTION ( 'NONE',  ( -0.000000000000000000, -0.000000000000000000, -1.000000000000000000 ) ) ;
#1476 = ORIENTED_EDGE ( 'NONE', *, *, #749, .F. ) ;
#1477 = PLANE ( 'NONE',  #1623 ) ;
#1478 = DIRECTION ( 'NONE',  ( 0.000000000000000000, -1.000000000000000000, 0.000000000000000000 ) ) ;
#1479 = DIRECTION ( 'NONE',  ( 1.000000000000000000, 0.000000000000000000, 0.000000000000000000 ) ) ;
#1480 = ORIENTED_EDGE ( 'NONE', *, *, #1528, .T. ) ;
#1481 = DIRECTION ( 'NONE',  ( 0.000000000000000000, 0.000000000000000000, 1.000000000000000000 ) ) ;
#1482 = VERTEX_POINT ( 'NONE', #2349 ) ;
#1483 = VERTEX_POINT ( 'NONE', #2317 ) ;
#1484 = AXIS2_PLACEMENT_3D ( 'NONE', #76, #846, #1408 ) ;
#1485 = EDGE_CURVE ( 'NONE', #567, #1138, #999, .T. ) ;
#1486 = DIRECTION ( 'NONE',  ( 0.000000000000000000, 0.000000000000000000, -1.000000000000000000 ) ) ;
#1487 = CARTESIAN_POINT ( 'NONE',  ( 59.79999999999999005, 0.1999999999999996503, 5.000000000000000888 ) ) ;
#1488 = EDGE_LOOP ( 'NONE', ( #5, #1443, #402, #1073 ) ) ;
#1489 = FACE_OUTER_BOUND ( 'NONE', #2184, .T. ) ;
#1490 = CARTESIAN_POINT ( 'NONE',  ( -60.00000000000000711, 7.917157287525380838, 1.850000000000000089 ) ) ;
#1491 = CARTESIAN_POINT ( 'NONE',  ( -50.00000000000000000, 7.917157287525380838, -4.999999999999999112 ) ) ;
#1492 = ORIENTED_EDGE ( 'NONE', *, *, #712, .T. ) ;
#1493 = CARTESIAN_POINT ( 'NONE',  ( 50.50000000000000000, 7.800000000000000711, 0.000000000000000000 ) ) ;
#1494 = ADVANCED_FACE ( 'NONE', ( #2325 ), #1765, .T. ) ;
#1495 = VERTEX_POINT ( 'NONE', #1778 ) ;
#1496 = ORIENTED_EDGE ( 'NONE', *, *, #2147, .T. ) ;
#1497 = CARTESIAN_POINT ( 'NONE',  ( 47.58284271247462982, 8.000000000000000000, -1.932842712474619473 ) ) ;
#1498 = DIRECTION ( 'NONE',  ( -0.000000000000000000, 1.000000000000000000, -0.000000000000000000 ) ) ;
#1499 = CARTESIAN_POINT ( 'NONE',  ( -60.00000000000000711, 7.800000000000000711, -4.999999999999999112 ) ) ;
#1500 = ORIENTED_EDGE ( 'NONE', *, *, #2159, .T. ) ;
#1501 = AXIS2_PLACEMENT_3D ( 'NONE', #2011, #470, #510 ) ;
#1502 = PLANE ( 'NONE',  #1266 ) ;
#1503 = DIRECTION ( 'NONE',  ( 1.000000000000000000, 0.000000000000000000, 0.000000000000000000 ) ) ;
#1504 = CARTESIAN_POINT ( 'NONE',  ( -50.50000000000000000, 7.800000000000000711, 5.000000000000000000 ) ) ;
#1505 = VECTOR ( 'NONE', #1707, 1000.000000000000000 ) ;
#1506 = ORIENTED_EDGE ( 'NONE', *, *, #1941, .F. ) ;
#1507 = DIRECTION ( 'NONE',  ( 1.000000000000000000, 0.000000000000000000, 0.000000000000000000 ) ) ;
#1508 = ADVANCED_FACE ( 'NONE', ( #625 ), #647, .T. ) ;
#1509 = EDGE_CURVE ( 'NONE', #2099, #1137, #833, .T. ) ;
#1510 = ORIENTED_EDGE ( 'NONE', *, *, #465, .F. ) ;
#1511 = COLOUR_RGB ( '',0.7921568627450980005, 0.8196078431372548767, 0.9333333333333333481 ) ;
#1512 = ORIENTED_EDGE ( 'NONE', *, *, #1075, .F. ) ;
#1513 = VECTOR ( 'NONE', #824, 1000.000000000000000 ) ;
#1514 = LINE ( 'NONE', #1686, #1923 ) ;
#1515 = ORIENTED_EDGE ( 'NONE', *, *, #648, .F. ) ;
#1516 = CIRCLE ( 'NONE', #340, 1.850000000000000089 ) ;
#1517 = CARTESIAN_POINT ( 'NONE',  ( 46.80000000000000426, 7.800000000000000711, 0.000000000000000000 ) ) ;
#1518 = FACE_OUTER_BOUND ( 'NONE', #1535, .T. ) ;
#1519 = FACE_OUTER_BOUND ( 'NONE', #1415, .T. ) ;
#1520 = AXIS2_PLACEMENT_3D ( 'NONE', #35, #1503, #585 ) ;
#1521 = VERTEX_POINT ( 'NONE', #65 ) ;
#1522 = SURFACE_STYLE_USAGE ( .BOTH. , #995 ) ;
#1523 = ORIENTED_EDGE ( 'NONE', *, *, #2173, .T. ) ;
#1524 =( BOUNDED_CURVE ( )  B_SPLINE_CURVE ( 3, ( #1815, #514, #1455, #1226 ),
 .UNSPECIFIED., .F., .T. ) 
 B_SPLINE_CURVE_WITH_KNOTS ( ( 4, 4 ),
 ( 1.570796326794896558, 3.141592653589793116 ),
 .UNSPECIFIED. ) 
 CURVE ( )  GEOMETRIC_REPRESENTATION_ITEM ( )  RATIONAL_B_SPLINE_CURVE ( ( 1.000000000000000000, 0.8047378541243649375, 0.8047378541243649375, 1.000000000000000000 ) ) 
 REPRESENTATION_ITEM ( '' )  );
#1525 = VERTEX_POINT ( 'NONE', #1012 ) ;
#1526 = ADVANCED_FACE ( 'NONE', ( #1744 ), #813, .F. ) ;
#1527 = DIRECTION ( 'NONE',  ( 0.000000000000000000, 0.000000000000000000, 1.000000000000000000 ) ) ;
#1528 = EDGE_CURVE ( 'NONE', #1032, #521, #1755, .T. ) ;
#1529 = ORIENTED_EDGE ( 'NONE', *, *, #348, .T. ) ;
#1530 = PLANE ( 'NONE',  #1541 ) ;
#1531 = DIRECTION ( 'NONE',  ( 0.000000000000000000, -0.000000000000000000, 1.000000000000000000 ) ) ;
#1532 = FACE_OUTER_BOUND ( 'NONE', #1229, .T. ) ;
#1533 = ORIENTED_EDGE ( 'NONE', *, *, #1633, .F. ) ;
#1534 = LINE ( 'NONE', #818, #839 ) ;
#1535 = EDGE_LOOP ( 'NONE', ( #1454, #2121, #2361, #1624 ) ) ;
#1536 = EDGE_CURVE ( 'NONE', #290, #828, #1273, .T. ) ;
#1537 = ORIENTED_EDGE ( 'NONE', *, *, #1185, .T. ) ;
#1538 =( BOUNDED_CURVE ( )  B_SPLINE_CURVE ( 3, ( #152, #177, #718, #512 ),
 .UNSPECIFIED., .F., .T. ) 
 B_SPLINE_CURVE_WITH_KNOTS ( ( 4, 4 ),
 ( 4.712388980384689674, 6.283185307179586232 ),
 .UNSPECIFIED. ) 
 CURVE ( )  GEOMETRIC_REPRESENTATION_ITEM ( )  RATIONAL_B_SPLINE_CURVE ( ( 1.000000000000000000, 0.8047378541243649375, 0.8047378541243649375, 1.000000000000000000 ) ) 
 REPRESENTATION_ITEM ( '' )  );
#1539 = EDGE_CURVE ( 'NONE', #762, #1170, #440, .T. ) ;
#1540 = LINE ( 'NONE', #2254, #2068 ) ;
#1541 = AXIS2_PLACEMENT_3D ( 'NONE', #1000, #981, #1746 ) ;
#1542 = ORIENTED_EDGE ( 'NONE', *, *, #2079, .F. ) ;
#1543 = LINE ( 'NONE', #1195, #439 ) ;
#1544 = CARTESIAN_POINT ( 'NONE',  ( 59.79999999999999005, 0.2000000000000000111, 4.800000000000001599 ) ) ;
#1545 = DIRECTION ( 'NONE',  ( -0.000000000000000000, 0.000000000000000000, 1.000000000000000000 ) ) ;
#1546 = EDGE_CURVE ( 'NONE', #2258, #422, #326, .T. ) ;
#1547 = AXIS2_PLACEMENT_3D ( 'NONE', #1862, #338, #2232 ) ;
#1548 = FACE_OUTER_BOUND ( 'NONE', #1458, .T. ) ;
#1549 = ORIENTED_EDGE ( 'NONE', *, *, #25, .T. ) ;
#1550 = CARTESIAN_POINT ( 'NONE',  ( 47.70000000000000284, 7.800000000000000711, 0.000000000000000000 ) ) ;
#1551 = EDGE_CURVE ( 'NONE', #521, #2092, #672, .T. ) ;
#1552 = CARTESIAN_POINT ( 'NONE',  ( 59.79999999999999005, 8.000000000000000000, -4.799999999999999822 ) ) ;
#1553 = ORIENTED_EDGE ( 'NONE', *, *, #1446, .F. ) ;
#1554 = AXIS2_PLACEMENT_3D ( 'NONE', #2309, #1703, #1738 ) ;
#1555 = LINE ( 'NONE', #2308, #2370 ) ;
#1556 = FACE_OUTER_BOUND ( 'NONE', #1773, .T. ) ;
#1557 = CARTESIAN_POINT ( 'NONE',  ( 50.00000000000000711, 4.849999999999999645, 0.000000000000000000 ) ) ;
#1558 = VECTOR ( 'NONE', #1240, 1000.000000000000000 ) ;
#1559 = LINE ( 'NONE', #265, #2135 ) ;
#1560 = CIRCLE ( 'NONE', #498, 1.850000000000000089 ) ;
#1561 = VERTEX_POINT ( 'NONE', #710 ) ;
#1562 = EDGE_CURVE ( 'NONE', #319, #2225, #327, .T. ) ;
#1563 = CARTESIAN_POINT ( 'NONE',  ( 47.58284271247462982, 8.000000000000000000, 1.932842712474619473 ) ) ;
#1564 = EDGE_CURVE ( 'NONE', #2082, #209, #18, .T. ) ;
#1565 = DIRECTION ( 'NONE',  ( 1.000000000000000000, 0.000000000000000000, 0.000000000000000000 ) ) ;
#1566 = LINE ( 'NONE', #804, #799 ) ;
#1567 = CARTESIAN_POINT ( 'NONE',  ( -50.50000000000000000, 4.849999999999999645, -1.850000000000000089 ) ) ;
#1568 = CARTESIAN_POINT ( 'NONE',  ( 0.000000000000000000, 3.000000000000000000, 0.000000000000000000 ) ) ;
#1569 = LINE ( 'NONE', #654, #225 ) ;
#1570 = ORIENTED_EDGE ( 'NONE', *, *, #73, .T. ) ;
#1571 = EDGE_CURVE ( 'NONE', #1596, #1032, #896, .T. ) ;
#1572 = VERTEX_POINT ( 'NONE', #855 ) ;
#1573 = DIRECTION ( 'NONE',  ( 0.000000000000000000, -0.000000000000000000, -1.000000000000000000 ) ) ;
#1574 = CARTESIAN_POINT ( 'NONE',  ( 47.50000000000000000, 7.800000000000000711, 5.000000000000000888 ) ) ;
#1575 = LINE ( 'NONE', #2319, #1046 ) ;
#1576 = DIRECTION ( 'NONE',  ( -1.000000000000000000, -0.000000000000000000, -0.000000000000000000 ) ) ;
#1577 = FACE_OUTER_BOUND ( 'NONE', #318, .T. ) ;
#1578 = CARTESIAN_POINT ( 'NONE',  ( -59.80000000000000426, 7.800000000000000711, 4.800000000000001599 ) ) ;
#1579 = EDGE_LOOP ( 'NONE', ( #2021, #841, #1427, #1124 ) ) ;
#1580 = AXIS2_PLACEMENT_3D ( 'NONE', #322, #1602, #1080 ) ;
#1581 = ADVANCED_FACE ( 'NONE', ( #1645 ), #1404, .F. ) ;
#1582 = VERTEX_POINT ( 'NONE', #2393 ) ;
#1583 = VECTOR ( 'NONE', #1573, 1000.000000000000000 ) ;
#1584 = CARTESIAN_POINT ( 'NONE',  ( -59.80000000000000426, 0.000000000000000000, 0.000000000000000000 ) ) ;
#1585 = AXIS2_PLACEMENT_3D ( 'NONE', #2027, #342, #734 ) ;
#1586 = LINE ( 'NONE', #1967, #2010 ) ;
#1587 = LINE ( 'NONE', #1946, #2265 ) ;
#1588 = CARTESIAN_POINT ( 'NONE',  ( 46.99999999999998579, 7.917157287525380838, 5.000000000000000888 ) ) ;
#1589 = VECTOR ( 'NONE', #1498, 1000.000000000000000 ) ;
#1590 = CARTESIAN_POINT ( 'NONE',  ( 0.000000000000000000, 8.000000000000000000, 2.050000000000000266 ) ) ;
#1591 = AXIS2_PLACEMENT_3D ( 'NONE', #731, #2064, #1252 ) ;
#1592 = ORIENTED_EDGE ( 'NONE', *, *, #1019, .T. ) ;
#1593 = ADVANCED_FACE ( 'NONE', ( #1416 ), #1594, .T. ) ;
#1594 = CYLINDRICAL_SURFACE ( 'NONE', #526, 0.1999999999999996503 ) ;
#1595 = ORIENTED_EDGE ( 'NONE', *, *, #190, .T. ) ;
#1596 = VERTEX_POINT ( 'NONE', #1964 ) ;
#1597 = DIRECTION ( 'NONE',  ( 0.000000000000000000, -0.000000000000000000, -1.000000000000000000 ) ) ;
#1598 = EDGE_CURVE ( 'NONE', #716, #1202, #1524, .T. ) ;
#1599 = LINE ( 'NONE', #1053, #2124 ) ;
#1600 = DIRECTION ( 'NONE',  ( -0.000000000000000000, -0.000000000000000000, -1.000000000000000000 ) ) ;
#1601 = CARTESIAN_POINT ( 'NONE',  ( 0.000000000000000000, 8.000000000000000000, 2.050000000000000266 ) ) ;
#1602 = DIRECTION ( 'NONE',  ( 0.000000000000000000, 1.000000000000000000, -0.000000000000000000 ) ) ;
#1603 = DIRECTION ( 'NONE',  ( 1.000000000000000000, -0.000000000000000000, -0.000000000000000000 ) ) ;
#1604 = ORIENTED_EDGE ( 'NONE', *, *, #2434, .T. ) ;
#1605 = VERTEX_POINT ( 'NONE', #1991 ) ;
#1606 = DIRECTION ( 'NONE',  ( 1.000000000000000000, -0.000000000000000000, -0.000000000000000000 ) ) ;
#1607 = DIRECTION ( 'NONE',  ( 0.000000000000000000, 0.000000000000000000, -1.000000000000000000 ) ) ;
#1608 = VERTEX_POINT ( 'NONE', #881 ) ;
#1609 = EDGE_CURVE ( 'NONE', #2029, #1275, #1214, .T. ) ;
#1610 = ORIENTED_EDGE ( 'NONE', *, *, #975, .F. ) ;
#1611 = EDGE_CURVE ( 'NONE', #1869, #194, #2385, .T. ) ;
#1612 = DIRECTION ( 'NONE',  ( -0.000000000000000000, -0.000000000000000000, -1.000000000000000000 ) ) ;
#1613 = DIRECTION ( 'NONE',  ( -1.000000000000000000, 0.000000000000000000, 0.000000000000000000 ) ) ;
#1614 = CARTESIAN_POINT ( 'NONE',  ( 59.79999999999999005, 7.800000000000000711, 4.800000000000001599 ) ) ;
#1615 = LINE ( 'NONE', #2367, #2253 ) ;
#1616 = CARTESIAN_POINT ( 'NONE',  ( -50.50000000000000000, 7.800000000000000711, -1.850000000000000089 ) ) ;
#1617 = EDGE_CURVE ( 'NONE', #1843, #23, #2106, .T. ) ;
#1618 = EDGE_CURVE ( 'NONE', #793, #1058, #1442, .T. ) ;
#1619 = VERTEX_POINT ( 'NONE', #1263 ) ;
#1620 = CARTESIAN_POINT ( 'NONE',  ( 46.91715728752536307, 8.000000000000000000, -4.917157287525379949 ) ) ;
#1621 = LINE ( 'NONE', #1430, #1558 ) ;
#1622 = ORIENTED_EDGE ( 'NONE', *, *, #1880, .F. ) ;
#1623 = AXIS2_PLACEMENT_3D ( 'NONE', #706, #2259, #1452 ) ;
#1624 = ORIENTED_EDGE ( 'NONE', *, *, #2424, .F. ) ;
#1625 = CARTESIAN_POINT ( 'NONE',  ( 49.91715728752539150, 8.000000000000000000, 1.932842712474619473 ) ) ;
#1626 = CARTESIAN_POINT ( 'NONE',  ( 47.00000000000000000, 3.000000000000000000, 5.000000000000000888 ) ) ;
#1627 = CARTESIAN_POINT ( 'NONE',  ( -59.80000000000000426, 8.000000000000000000, -2.050000000000000266 ) ) ;
#1628 = CARTESIAN_POINT ( 'NONE',  ( 50.50000000000000000, 3.000000000000000000, 5.000000000000000888 ) ) ;
#1629 = VECTOR ( 'NONE', #627, 1000.000000000000000 ) ;
#1630 = EDGE_LOOP ( 'NONE', ( #2277, #1975, #624, #2386 ) ) ;
#1631 = CARTESIAN_POINT ( 'NONE',  ( 50.50000000000000000, 7.917157287525380838, 1.850000000000000089 ) ) ;
#1632 = VECTOR ( 'NONE', #1891, 1000.000000000000000 ) ;
#1633 = EDGE_CURVE ( 'NONE', #1827, #1980, #2013, .T. ) ;
#1634 = ORIENTED_EDGE ( 'NONE', *, *, #1171, .T. ) ;
#1635 = AXIS2_PLACEMENT_3D ( 'NONE', #1680, #2003, #317 ) ;
#1636 = ORIENTED_EDGE ( 'NONE', *, *, #743, .T. ) ;
#1637 = VECTOR ( 'NONE', #2328, 1000.000000000000000 ) ;
#1638 = EDGE_CURVE ( 'NONE', #949, #2225, #2211, .T. ) ;
#1639 = DIRECTION ( 'NONE',  ( 0.000000000000000000, 0.000000000000000000, -1.000000000000000000 ) ) ;
#1640 = FACE_OUTER_BOUND ( 'NONE', #1741, .T. ) ;
#1641 = DIRECTION ( 'NONE',  ( -1.000000000000000000, 0.000000000000000000, 0.000000000000000000 ) ) ;
#1642 = FACE_OUTER_BOUND ( 'NONE', #131, .T. ) ;
#1643 = DIRECTION ( 'NONE',  ( -1.000000000000000000, 0.000000000000000000, 0.000000000000000000 ) ) ;
#1644 = EDGE_LOOP ( 'NONE', ( #2052, #1657, #165, #1290 ) ) ;
#1645 = FACE_OUTER_BOUND ( 'NONE', #2252, .T. ) ;
#1646 = EDGE_LOOP ( 'NONE', ( #1241, #583, #1701 ) ) ;
#1647 = ORIENTED_EDGE ( 'NONE', *, *, #1750, .T. ) ;
#1648 = APPLICATION_PROTOCOL_DEFINITION ( 'draft international standard', 'automotive_design', 1998, #2197 ) ;
#1649 = CARTESIAN_POINT ( 'NONE',  ( -60.00000000000000711, 7.800000000000000711, 2.050000000000000266 ) ) ;
#1650 = DIRECTION ( 'NONE',  ( -0.000000000000000000, -0.000000000000000000, -1.000000000000000000 ) ) ;
#1651 = EDGE_LOOP ( 'NONE', ( #1279, #2429, #115, #643 ) ) ;
#1652 = CARTESIAN_POINT ( 'NONE',  ( -60.00000000000000711, 7.800000000000000711, -1.850000000000000089 ) ) ;
#1653 = CARTESIAN_POINT ( 'NONE',  ( -59.80000000000000426, 8.000000000000000000, 5.000000000000000888 ) ) ;
#1654 = ORIENTED_EDGE ( 'NONE', *, *, #1689, .F. ) ;
#1655 = LINE ( 'NONE', #939, #130 ) ;
#1656 = ORIENTED_EDGE ( 'NONE', *, *, #879, .T. ) ;
#1657 = ORIENTED_EDGE ( 'NONE', *, *, #1254, .F. ) ;
#1658 = AXIS2_PLACEMENT_3D ( 'NONE', #1464, #1678, #1321 ) ;
#1659 = CYLINDRICAL_SURFACE ( 'NONE', #2136, 0.2000000000000000944 ) ;
#1660 = CARTESIAN_POINT ( 'NONE',  ( 0.000000000000000000, 8.000000000000000000, 0.000000000000000000 ) ) ;
#1661 = VERTEX_POINT ( 'NONE', #553 ) ;
#1662 = CARTESIAN_POINT ( 'NONE',  ( 47.50000000000000000, 3.000000000000000000, 5.000000000000000888 ) ) ;
#1663 = CARTESIAN_POINT ( 'NONE',  ( -59.80000000000000426, 7.800000000000000711, 4.800000000000001599 ) ) ;
#1664 = CARTESIAN_POINT ( 'NONE',  ( 47.50000000000000000, 7.800000000000000711, 5.000000000000000888 ) ) ;
#1665 = ORIENTED_EDGE ( 'NONE', *, *, #1536, .F. ) ;
#1666 = CARTESIAN_POINT ( 'NONE',  ( 47.70000000000000284, 7.800000000000000711, 0.000000000000000000 ) ) ;
#1667 = ORIENTED_EDGE ( 'NONE', *, *, #1294, .T. ) ;
#1668 = EDGE_CURVE ( 'NONE', #319, #2078, #1655, .T. ) ;
#1669 = VECTOR ( 'NONE', #862, 1000.000000000000000 ) ;
#1670 = ORIENTED_EDGE ( 'NONE', *, *, #817, .F. ) ;
#1671 = CIRCLE ( 'NONE', #377, 1.850000000000000089 ) ;
#1672 = ADVANCED_BREP_SHAPE_REPRESENTATION ( 'Cladded_Fiber_Cutting_Jig', ( #1865, #957 ), #1451 ) ;
#1673 = AXIS2_PLACEMENT_3D ( 'NONE', #2020, #1860, #1641 ) ;
#1674 = LINE ( 'NONE', #942, #1340 ) ;
#1675 = CARTESIAN_POINT ( 'NONE',  ( 50.70000000000000284, 8.000000000000000000, -4.799999999999999822 ) ) ;
#1676 = DIRECTION ( 'NONE',  ( 0.000000000000000000, 0.000000000000000000, 1.000000000000000000 ) ) ;
#1677 = VERTEX_POINT ( 'NONE', #2249 ) ;
#1678 = DIRECTION ( 'NONE',  ( -1.000000000000000000, 0.000000000000000000, 0.000000000000000000 ) ) ;
#1679 = CARTESIAN_POINT ( 'NONE',  ( 47.00000000000000711, 7.800000000000000711, -1.850000000000000089 ) ) ;
#1680 = CARTESIAN_POINT ( 'NONE',  ( -60.00000000000000711, 4.849999999999999645, 0.000000000000000000 ) ) ;
#1681 = ORIENTED_EDGE ( 'NONE', *, *, #481, .F. ) ;
#1682 = CARTESIAN_POINT ( 'NONE',  ( -59.80000000000000426, 0.000000000000000000, 4.800000000000001599 ) ) ;
#1683 = ORIENTED_EDGE ( 'NONE', *, *, #764, .T. ) ;
#1684 = ORIENTED_EDGE ( 'NONE', *, *, #2396, .F. ) ;
#1685 = CARTESIAN_POINT ( 'NONE',  ( 50.50000000000000711, 4.849999999999999645, 0.000000000000000000 ) ) ;
#1686 = CARTESIAN_POINT ( 'NONE',  ( 47.50000000000000000, 3.000000000000000000, 0.000000000000000000 ) ) ;
#1687 = LINE ( 'NONE', #370, #1051 ) ;
#1688 = ORIENTED_EDGE ( 'NONE', *, *, #2196, .F. ) ;
#1689 = EDGE_CURVE ( 'NONE', #1619, #1732, #790, .T. ) ;
#1690 = PLANE ( 'NONE',  #1658 ) ;
#1691 = DIRECTION ( 'NONE',  ( 0.000000000000000000, -0.000000000000000000, -1.000000000000000000 ) ) ;
#1692 = CARTESIAN_POINT ( 'NONE',  ( -59.80000000000000426, 8.000000000000000000, -2.050000000000000266 ) ) ;
#1693 = VERTEX_POINT ( 'NONE', #1682 ) ;
#1694 = CARTESIAN_POINT ( 'NONE',  ( 0.000000000000000000, 3.000000000000000000, 5.000000000000000888 ) ) ;
#1695 = EDGE_CURVE ( 'NONE', #2322, #1275, #2066, .T. ) ;
#1696 = ORIENTED_EDGE ( 'NONE', *, *, #870, .F. ) ;
#1697 = VECTOR ( 'NONE', #19, 1000.000000000000000 ) ;
#1698 =( BOUNDED_CURVE ( )  B_SPLINE_CURVE ( 3, ( #246, #1563, #441, #1754 ),
 .UNSPECIFIED., .F., .F. ) 
 B_SPLINE_CURVE_WITH_KNOTS ( ( 4, 4 ),
 ( 1.570796326794896558, 3.141592653589793116 ),
 .UNSPECIFIED. ) 
 CURVE ( )  GEOMETRIC_REPRESENTATION_ITEM ( )  RATIONAL_B_SPLINE_CURVE ( ( 1.000000000000000000, 0.8047378541243649375, 0.8047378541243649375, 1.000000000000000000 ) ) 
 REPRESENTATION_ITEM ( '' )  );
#1699 = ORIENTED_EDGE ( 'NONE', *, *, #1181, .F. ) ;
#1700 = CARTESIAN_POINT ( 'NONE',  ( 50.70000000000000284, 7.800000000000000711, 0.000000000000000000 ) ) ;
#1701 = ORIENTED_EDGE ( 'NONE', *, *, #1638, .F. ) ;
#1702 = CARTESIAN_POINT ( 'NONE',  ( 59.99999999999999289, 0.2000000000000000111, 4.800000000000001599 ) ) ;
#1703 = DIRECTION ( 'NONE',  ( -1.000000000000000000, 0.000000000000000000, 0.000000000000000000 ) ) ;
#1704 = DIRECTION ( 'NONE',  ( 1.000000000000000000, -0.000000000000000000, -0.000000000000000000 ) ) ;
#1705 = AXIS2_PLACEMENT_3D ( 'NONE', #657, #1606, #463 ) ;
#1706 = EDGE_LOOP ( 'NONE', ( #2395, #1604, #2172 ) ) ;
#1707 = DIRECTION ( 'NONE',  ( 0.000000000000000000, -0.000000000000000000, 1.000000000000000000 ) ) ;
#1708 = ORIENTED_EDGE ( 'NONE', *, *, #2173, .F. ) ;
#1709 = EDGE_CURVE ( 'NONE', #949, #1155, #540, .T. ) ;
#1710 = EDGE_LOOP ( 'NONE', ( #1346, #1471, #747, #1264 ) ) ;
#1711 = AXIS2_PLACEMENT_3D ( 'NONE', #1957, #270, #1257 ) ;
#1712 =( BOUNDED_CURVE ( )  B_SPLINE_CURVE ( 3, ( #178, #746, #193, #1405 ),
 .UNSPECIFIED., .F., .F. ) 
 B_SPLINE_CURVE_WITH_KNOTS ( ( 4, 4 ),
 ( 3.141592653589793116, 4.712388980384689674 ),
 .UNSPECIFIED. ) 
 CURVE ( )  GEOMETRIC_REPRESENTATION_ITEM ( )  RATIONAL_B_SPLINE_CURVE ( ( 1.000000000000000000, 0.8047378541243649375, 0.8047378541243649375, 1.000000000000000000 ) ) 
 REPRESENTATION_ITEM ( '' )  );
#1713 = CARTESIAN_POINT ( 'NONE',  ( 0.000000000000000000, 8.000000000000000000, 5.000000000000000888 ) ) ;
#1714 = VECTOR ( 'NONE', #2287, 1000.000000000000000 ) ;
#1715 = VERTEX_POINT ( 'NONE', #1136 ) ;
#1716 = VECTOR ( 'NONE', #2256, 1000.000000000000000 ) ;
#1717 = DIRECTION ( 'NONE',  ( -0.000000000000000000, 1.000000000000000000, -0.000000000000000000 ) ) ;
#1718 = LINE ( 'NONE', #2086, #64 ) ;
#1719 = LINE ( 'NONE', #47, #972 ) ;
#1720 = CIRCLE ( 'NONE', #1395, 1.850000000000000089 ) ;
#1721 = ORIENTED_EDGE ( 'NONE', *, *, #2347, .T. ) ;
#1722 = LINE ( 'NONE', #2312, #882 ) ;
#1723 = VERTEX_POINT ( 'NONE', #1885 ) ;
#1724 = EDGE_CURVE ( 'NONE', #751, #698, #167, .T. ) ;
#1725 = ORIENTED_EDGE ( 'NONE', *, *, #1981, .T. ) ;
#1726 = FACE_OUTER_BOUND ( 'NONE', #602, .T. ) ;
#1727 = VERTEX_POINT ( 'NONE', #748 ) ;
#1728 = DIRECTION ( 'NONE',  ( -0.000000000000000000, 0.000000000000000000, 1.000000000000000000 ) ) ;
#1729 = CARTESIAN_POINT ( 'NONE',  ( -60.00000000000000711, 4.849999999999999645, 1.850000000000000089 ) ) ;
#1730 = CARTESIAN_POINT ( 'NONE',  ( 59.79999999999999005, 7.800000000000000711, 0.000000000000000000 ) ) ;
#1731 = FILL_AREA_STYLE_COLOUR ( '', #1511 ) ;
#1732 = VERTEX_POINT ( 'NONE', #952 ) ;
#1733 = EDGE_CURVE ( 'NONE', #2029, #898, #2041, .T. ) ;
#1734 = FACE_OUTER_BOUND ( 'NONE', #2157, .T. ) ;
#1735 = CARTESIAN_POINT ( 'NONE',  ( 59.99999999999999289, 4.849999999999999645, 0.000000000000000000 ) ) ;
#1736 = ORIENTED_EDGE ( 'NONE', *, *, #1609, .T. ) ;
#1737 = CARTESIAN_POINT ( 'NONE',  ( 50.50000000000000000, 7.917157287525380838, 5.000000000000000888 ) ) ;
#1738 = DIRECTION ( 'NONE',  ( 0.000000000000000000, 0.000000000000000000, 1.000000000000000000 ) ) ;
#1739 = DIRECTION ( 'NONE',  ( -1.000000000000000000, 0.000000000000000000, 0.000000000000000000 ) ) ;
#1740 = VECTOR ( 'NONE', #1142, 1000.000000000000000 ) ;
#1741 = EDGE_LOOP ( 'NONE', ( #2055, #2091, #1354, #109 ) ) ;
#1742 = ADVANCED_FACE ( 'NONE', ( #2264 ), #761, .T. ) ;
#1743 = ORIENTED_EDGE ( 'NONE', *, *, #1272, .F. ) ;
#1744 = FACE_OUTER_BOUND ( 'NONE', #2240, .T. ) ;
#1745 = VECTOR ( 'NONE', #1970, 1000.000000000000000 ) ;
#1746 = DIRECTION ( 'NONE',  ( -1.000000000000000000, 0.000000000000000000, -0.000000000000000000 ) ) ;
#1747 = LINE ( 'NONE', #665, #1629 ) ;
#1748 = FACE_OUTER_BOUND ( 'NONE', #1630, .T. ) ;
#1749 = AXIS2_PLACEMENT_3D ( 'NONE', #431, #829, #988 ) ;
#1750 = EDGE_CURVE ( 'NONE', #1727, #1572, #2080, .T. ) ;
#1751 = DIRECTION ( 'NONE',  ( 0.000000000000000000, 0.000000000000000000, 1.000000000000000000 ) ) ;
#1752 = CARTESIAN_POINT ( 'NONE',  ( 47.00000000000000711, 7.800000000000000711, 1.850000000000000089 ) ) ;
#1753 = ORIENTED_EDGE ( 'NONE', *, *, #1345, .F. ) ;
#1754 = CARTESIAN_POINT ( 'NONE',  ( 47.50000000000000711, 7.800000000000000711, 1.850000000000000089 ) ) ;
#1755 = LINE ( 'NONE', #94, #1583 ) ;
#1756 = CARTESIAN_POINT ( 'NONE',  ( -60.00000000000000711, 4.849999999999999645, -1.850000000000000089 ) ) ;
#1757 = PLANE ( 'NONE',  #1355 ) ;
#1758 = CARTESIAN_POINT ( 'NONE',  ( 46.80000000000000426, 8.000000000000000000, 4.800000000000001599 ) ) ;
#1759 = ADVANCED_FACE ( 'NONE', ( #578 ), #2435, .T. ) ;
#1760 = CYLINDRICAL_SURFACE ( 'NONE', #2262, 0.2000000000000000944 ) ;
#1761 = DIRECTION ( 'NONE',  ( -1.000000000000000000, 0.000000000000000000, 0.000000000000000000 ) ) ;
#1762 = ORIENTED_EDGE ( 'NONE', *, *, #689, .T. ) ;
#1763 = CARTESIAN_POINT ( 'NONE',  ( -59.80000000000000426, 7.800000000000000711, 5.000000000000000888 ) ) ;
#1764 = VECTOR ( 'NONE', #823, 1000.000000000000000 ) ;
#1765 = SPHERICAL_SURFACE ( 'NONE', #16, 0.2000000000000000111 ) ;
#1766 = FACE_OUTER_BOUND ( 'NONE', #973, .T. ) ;
#1767 = PRODUCT_DEFINITION_FORMATION_WITH_SPECIFIED_SOURCE ( 'ANY', '', #1444, .NOT_KNOWN. ) ;
#1768 = CARTESIAN_POINT ( 'NONE',  ( 59.79999999999999005, 0.2000000000000000111, -4.799999999999999822 ) ) ;
#1769 = LINE ( 'NONE', #1985, #2341 ) ;
#1770 =( BOUNDED_CURVE ( )  B_SPLINE_CURVE ( 3, ( #1858, #1497, #899, #2 ),
 .UNSPECIFIED., .F., .F. ) 
 B_SPLINE_CURVE_WITH_KNOTS ( ( 4, 4 ),
 ( 4.712388980384689674, 6.283185307179586232 ),
 .UNSPECIFIED. ) 
 CURVE ( )  GEOMETRIC_REPRESENTATION_ITEM ( )  RATIONAL_B_SPLINE_CURVE ( ( 1.000000000000000000, 0.8047378541243649375, 0.8047378541243649375, 1.000000000000000000 ) ) 
 REPRESENTATION_ITEM ( '' )  );
#1771 = DIRECTION ( 'NONE',  ( -1.000000000000000000, -0.000000000000000000, -0.000000000000000000 ) ) ;
#1772 = DIRECTION ( 'NONE',  ( 0.000000000000000000, 0.000000000000000000, 1.000000000000000000 ) ) ;
#1773 = EDGE_LOOP ( 'NONE', ( #1683, #17, #1753 ) ) ;
#1774 = VECTOR ( 'NONE', #1056, 1000.000000000000000 ) ;
#1775 = CARTESIAN_POINT ( 'NONE',  ( 0.000000000000000000, 0.000000000000000000, 0.000000000000000000 ) ) ;
#1776 = EDGE_CURVE ( 'NONE', #1596, #2371, #675, .T. ) ;
#1777 = ADVANCED_FACE ( 'NONE', ( #2207 ), #1326, .T. ) ;
#1778 = CARTESIAN_POINT ( 'NONE',  ( -50.50000000000000000, 7.800000000000000711, 1.850000000000000089 ) ) ;
#1779 = DIRECTION ( 'NONE',  ( -1.000000000000000000, 0.000000000000000000, -0.000000000000000000 ) ) ;
#1780 = CARTESIAN_POINT ( 'NONE',  ( -59.80000000000000426, 7.800000000000000711, 0.000000000000000000 ) ) ;
#1781 = DIRECTION ( 'NONE',  ( 0.000000000000000000, 1.000000000000000000, 0.000000000000000000 ) ) ;
#1782 = CARTESIAN_POINT ( 'NONE',  ( -60.00000000000000711, 4.849999999999999645, 1.850000000000000089 ) ) ;
#1783 = DIRECTION ( 'NONE',  ( 0.000000000000000000, -1.000000000000000000, 0.000000000000000000 ) ) ;
#1784 = EDGE_CURVE ( 'NONE', #13, #1115, #330, .T. ) ;
#1785 = ORIENTED_EDGE ( 'NONE', *, *, #1141, .F. ) ;
#1786 = EDGE_LOOP ( 'NONE', ( #452, #1327, #147, #1931 ) ) ;
#1787 = CIRCLE ( 'NONE', #732, 1.850000000000000089 ) ;
#1788 = CARTESIAN_POINT ( 'NONE',  ( -60.00000000000000711, 4.849999999999999645, -1.850000000000000089 ) ) ;
#1789 = CARTESIAN_POINT ( 'NONE',  ( 47.50000000000000000, 3.000000000000000000, 0.000000000000000000 ) ) ;
#1790 = ORIENTED_EDGE ( 'NONE', *, *, #1638, .T. ) ;
#1791 = ADVANCED_FACE ( 'NONE', ( #2236 ), #2053, .T. ) ;
#1792 = ORIENTED_EDGE ( 'NONE', *, *, #611, .T. ) ;
#1793 = EDGE_CURVE ( 'NONE', #438, #355, #1534, .T. ) ;
#1794 = CARTESIAN_POINT ( 'NONE',  ( 59.99999999999999289, 8.000000000000000000, 4.800000000000001599 ) ) ;
#1795 = CARTESIAN_POINT ( 'NONE',  ( -60.00000000000000711, 7.800000000000000711, 4.800000000000001599 ) ) ;
#1796 = EDGE_CURVE ( 'NONE', #828, #733, #1937, .T. ) ;
#1797 = PLANE ( 'NONE',  #1831 ) ;
#1798 = DIRECTION ( 'NONE',  ( -1.000000000000000000, 0.000000000000000000, 0.000000000000000000 ) ) ;
#1799 = DIRECTION ( 'NONE',  ( -1.000000000000000000, 0.000000000000000000, 0.000000000000000000 ) ) ;
#1800 = VECTOR ( 'NONE', #1955, 1000.000000000000000 ) ;
#1801 = ORIENTED_EDGE ( 'NONE', *, *, #1539, .F. ) ;
#1802 = CARTESIAN_POINT ( 'NONE',  ( 50.00000000000000000, 7.917157287525380838, -1.850000000000000089 ) ) ;
#1803 = CARTESIAN_POINT ( 'NONE',  ( 50.00000000000000000, 7.800000000000000711, -4.999999999999999112 ) ) ;
#1804 = ADVANCED_FACE ( 'NONE', ( #232 ), #807, .F. ) ;
#1805 = ORIENTED_EDGE ( 'NONE', *, *, #1733, .F. ) ;
#1806 = EDGE_LOOP ( 'NONE', ( #1262, #2394, #1886, #2214 ) ) ;
#1807 = CARTESIAN_POINT ( 'NONE',  ( -60.00000000000000711, 7.800000000000000711, 2.050000000000000266 ) ) ;
#1808 = LINE ( 'NONE', #753, #26 ) ;
#1809 = DIRECTION ( 'NONE',  ( 1.000000000000000000, 0.000000000000000000, 0.000000000000000000 ) ) ;
#1810 = VECTOR ( 'NONE', #637, 1000.000000000000000 ) ;
#1811 = DIRECTION ( 'NONE',  ( 0.000000000000000000, -1.000000000000000000, 0.000000000000000000 ) ) ;
#1812 = EDGE_CURVE ( 'NONE', #774, #1483, #620, .T. ) ;
#1813 = DIRECTION ( 'NONE',  ( 1.000000000000000000, -0.000000000000000000, -0.000000000000000000 ) ) ;
#1814 = EDGE_LOOP ( 'NONE', ( #462, #1610, #1302, #2002 ) ) ;
#1815 = CARTESIAN_POINT ( 'NONE',  ( 59.79999999999999005, 8.000000000000000000, -2.050000000000000266 ) ) ;
#1816 = CARTESIAN_POINT ( 'NONE',  ( 47.50000000000000711, 4.849999999999999645, -1.850000000000000089 ) ) ;
#1817 = EDGE_CURVE ( 'NONE', #2279, #1980, #1559, .T. ) ;
#1818 = ORIENTED_EDGE ( 'NONE', *, *, #670, .T. ) ;
#1819 = ORIENTED_EDGE ( 'NONE', *, *, #1564, .F. ) ;
#1820 = VECTOR ( 'NONE', #1071, 1000.000000000000000 ) ;
#1821 = CARTESIAN_POINT ( 'NONE',  ( 0.000000000000000000, 7.800000000000000711, -4.799999999999999822 ) ) ;
#1822 = FACE_OUTER_BOUND ( 'NONE', #1283, .T. ) ;
#1823 = CARTESIAN_POINT ( 'NONE',  ( 46.80000000000000426, 8.000000000000000000, -2.050000000000000266 ) ) ;
#1824 = CARTESIAN_POINT ( 'NONE',  ( -50.00000000000000000, 3.000000000000000000, -4.999999999999980460 ) ) ;
#1825 = ADVANCED_FACE ( 'NONE', ( #1548 ), #1760, .T. ) ;
#1826 = AXIS2_PLACEMENT_3D ( 'NONE', #2008, #2377, #148 ) ;
#1827 = VERTEX_POINT ( 'NONE', #1005 ) ;
#1828 = DIRECTION ( 'NONE',  ( 0.000000000000000000, 0.000000000000000000, -1.000000000000000000 ) ) ;
#1829 = VECTOR ( 'NONE', #1198, 1000.000000000000000 ) ;
#1830 = ORIENTED_EDGE ( 'NONE', *, *, #1459, .T. ) ;
#1831 = AXIS2_PLACEMENT_3D ( 'NONE', #1210, #1399, #2176 ) ;
#1832 = ORIENTED_EDGE ( 'NONE', *, *, #1903, .F. ) ;
#1833 = VECTOR ( 'NONE', #1478, 1000.000000000000000 ) ;
#1834 = DIRECTION ( 'NONE',  ( 1.000000000000000000, -0.000000000000000000, -0.000000000000000000 ) ) ;
#1835 = CARTESIAN_POINT ( 'NONE',  ( 59.79999999999999005, 0.2000000000000000111, -4.799999999999999822 ) ) ;
#1836 = DIRECTION ( 'NONE',  ( 0.000000000000000000, 1.000000000000000000, -0.000000000000000000 ) ) ;
#1837 = ORIENTED_EDGE ( 'NONE', *, *, #73, .F. ) ;
#1838 = CARTESIAN_POINT ( 'NONE',  ( -49.91715728752539150, 8.000000000000000000, 4.917157287525381726 ) ) ;
#1839 = CARTESIAN_POINT ( 'NONE',  ( -59.91715728752539150, 8.000000000000000000, 1.932842712474619473 ) ) ;
#1840 = EDGE_CURVE ( 'NONE', #1406, #1495, #1722, .T. ) ;
#1841 = ORIENTED_EDGE ( 'NONE', *, *, #425, .T. ) ;
#1842 = DIRECTION ( 'NONE',  ( 0.000000000000000000, 0.000000000000000000, 1.000000000000000000 ) ) ;
#1843 = VERTEX_POINT ( 'NONE', #1179 ) ;
#1844 = EDGE_LOOP ( 'NONE', ( #1291, #2056, #408, #118 ) ) ;
#1845 = DIRECTION ( 'NONE',  ( -0.000000000000000000, 1.000000000000000000, -0.000000000000000000 ) ) ;
#1846 = CARTESIAN_POINT ( 'NONE',  ( -50.70000000000000284, 8.000000000000000000, 2.050000000000000266 ) ) ;
#1847 = ORIENTED_EDGE ( 'NONE', *, *, #954, .T. ) ;
#1848 = CYLINDRICAL_SURFACE ( 'NONE', #1347, 0.1999999999999996503 ) ;
#1849 = CARTESIAN_POINT ( 'NONE',  ( 50.70000000000000284, 8.000000000000000000, -4.799999999999999822 ) ) ;
#1850 = EDGE_CURVE ( 'NONE', #762, #380, #2130, .T. ) ;
#1851 = VERTEX_POINT ( 'NONE', #1372 ) ;
#1852 = CIRCLE ( 'NONE', #205, 0.1999999999999996503 ) ;
#1853 = EDGE_LOOP ( 'NONE', ( #579, #2374, #2280, #227, #302, #1466 ) ) ;
#1854 =( BOUNDED_CURVE ( )  B_SPLINE_CURVE ( 3, ( #262, #1014, #2138, #78 ),
 .UNSPECIFIED., .F., .T. ) 
 B_SPLINE_CURVE_WITH_KNOTS ( ( 4, 4 ),
 ( 1.570796326794896558, 3.141592653589793116 ),
 .UNSPECIFIED. ) 
 CURVE ( )  GEOMETRIC_REPRESENTATION_ITEM ( )  RATIONAL_B_SPLINE_CURVE ( ( 1.000000000000000000, 0.8047378541243649375, 0.8047378541243649375, 1.000000000000000000 ) ) 
 REPRESENTATION_ITEM ( '' )  );
#1855 = ORIENTED_EDGE ( 'NONE', *, *, #1668, .T. ) ;
#1856 = ADVANCED_FACE ( 'NONE', ( #600 ), #1349, .F. ) ;
#1857 = VECTOR ( 'NONE', #696, 1000.000000000000000 ) ;
#1858 = CARTESIAN_POINT ( 'NONE',  ( 47.70000000000000284, 8.000000000000000000, -2.050000000000000266 ) ) ;
#1859 = DIRECTION ( 'NONE',  ( 0.000000000000000000, 0.000000000000000000, -1.000000000000000000 ) ) ;
#1860 = DIRECTION ( 'NONE',  ( 0.000000000000000000, 0.000000000000000000, -1.000000000000000000 ) ) ;
#1861 = ORIENTED_EDGE ( 'NONE', *, *, #1689, .T. ) ;
#1862 = CARTESIAN_POINT ( 'NONE',  ( 0.000000000000000000, 3.000000000000000000, 0.000000000000000000 ) ) ;
#1863 = CARTESIAN_POINT ( 'NONE',  ( 46.99999999999997868, 8.000000000000000000, -2.050000000000000266 ) ) ;
#1864 = CARTESIAN_POINT ( 'NONE',  ( -50.00000000000000000, 7.800000000000000711, 5.000000000000000888 ) ) ;
#1865 = MANIFOLD_SOLID_BREP ( 'Fillet1', #2222 ) ;
#1866 = ORIENTED_EDGE ( 'NONE', *, *, #633, .T. ) ;
#1867 = DIRECTION ( 'NONE',  ( 0.000000000000000000, 0.000000000000000000, -1.000000000000000000 ) ) ;
#1868 = EDGE_CURVE ( 'NONE', #9, #2078, #875, .T. ) ;
#1869 = VERTEX_POINT ( 'NONE', #1335 ) ;
#1870 = CIRCLE ( 'NONE', #2177, 1.850000000000000089 ) ;
#1871 =( BOUNDED_CURVE ( )  B_SPLINE_CURVE ( 3, ( #1823, #101, #1999, #653 ),
 .UNSPECIFIED., .F., .F. ) 
 B_SPLINE_CURVE_WITH_KNOTS ( ( 4, 4 ),
 ( 1.570796326794896558, 3.141592653589793116 ),
 .UNSPECIFIED. ) 
 CURVE ( )  GEOMETRIC_REPRESENTATION_ITEM ( )  RATIONAL_B_SPLINE_CURVE ( ( 1.000000000000000000, 0.8047378541243649375, 0.8047378541243649375, 1.000000000000000000 ) ) 
 REPRESENTATION_ITEM ( '' )  );
#1872 = ORIENTED_EDGE ( 'NONE', *, *, #1812, .T. ) ;
#1873 = EDGE_CURVE ( 'NONE', #1255, #1893, #1419, .T. ) ;
#1874 = AXIS2_PLACEMENT_3D ( 'NONE', #1789, #107, #1358 ) ;
#1875 = VECTOR ( 'NONE', #2391, 1000.000000000000000 ) ;
#1876 = DIRECTION ( 'NONE',  ( 0.000000000000000000, 0.000000000000000000, -1.000000000000000000 ) ) ;
#1877 = CARTESIAN_POINT ( 'NONE',  ( -50.50000000000000000, 7.800000000000000711, 5.000000000000000000 ) ) ;
#1878 = ORIENTED_EDGE ( 'NONE', *, *, #1536, .T. ) ;
#1879 = EDGE_CURVE ( 'NONE', #1582, #762, #1156, .T. ) ;
#1880 = EDGE_CURVE ( 'NONE', #1827, #987, #2358, .T. ) ;
#1881 = DIRECTION ( 'NONE',  ( 0.000000000000000000, -1.000000000000000000, -1.761828530288947663E-15 ) ) ;
#1882 = LINE ( 'NONE', #192, #1943 ) ;
#1883 = PLANE ( 'NONE',  #1009 ) ;
#1884 = ORIENTED_EDGE ( 'NONE', *, *, #2122, .F. ) ;
#1885 = CARTESIAN_POINT ( 'NONE',  ( -50.50000000000000000, 7.800000000000000711, -4.999999999999979572 ) ) ;
#1886 = ORIENTED_EDGE ( 'NONE', *, *, #722, .T. ) ;
#1887 = ORIENTED_EDGE ( 'NONE', *, *, #1096, .F. ) ;
#1888 = CARTESIAN_POINT ( 'NONE',  ( -59.80000000000000426, 0.2000000000000000111, 4.800000000000001599 ) ) ;
#1889 = ORIENTED_EDGE ( 'NONE', *, *, #1817, .T. ) ;
#1890 = CARTESIAN_POINT ( 'NONE',  ( 50.58284271247462272, 8.000000000000000000, 4.917157287525381726 ) ) ;
#1891 = DIRECTION ( 'NONE',  ( -0.000000000000000000, 1.000000000000000000, -0.000000000000000000 ) ) ;
#1892 = CARTESIAN_POINT ( 'NONE',  ( -60.00000000000000711, 7.800000000000000711, -1.850000000000000089 ) ) ;
#1893 = VERTEX_POINT ( 'NONE', #1959 ) ;
#1894 = ADVANCED_FACE ( 'NONE', ( #2178 ), #2164, .T. ) ;
#1895 = DIRECTION ( 'NONE',  ( -1.000000000000000000, -0.000000000000000000, -0.000000000000000000 ) ) ;
#1896 = ORIENTED_EDGE ( 'NONE', *, *, #689, .F. ) ;
#1897 = ORIENTED_EDGE ( 'NONE', *, *, #1988, .F. ) ;
#1898 = DIRECTION ( 'NONE',  ( 0.000000000000000000, 0.000000000000000000, 1.000000000000000000 ) ) ;
#1899 = ORIENTED_EDGE ( 'NONE', *, *, #323, .F. ) ;
#1900 = DIRECTION ( 'NONE',  ( -1.000000000000000000, 0.000000000000000000, 0.000000000000000000 ) ) ;
#1901 = DIRECTION ( 'NONE',  ( 0.000000000000000000, 0.000000000000000000, 1.000000000000000000 ) ) ;
#1902 = DIRECTION ( 'NONE',  ( 1.000000000000000000, -0.000000000000000000, -0.000000000000000000 ) ) ;
#1903 = EDGE_CURVE ( 'NONE', #2225, #1482, #1424, .T. ) ;
#1904 = AXIS2_PLACEMENT_3D ( 'NONE', #106, #1828, #92 ) ;
#1905 = ORIENTED_EDGE ( 'NONE', *, *, #25, .F. ) ;
#1906 = CARTESIAN_POINT ( 'NONE',  ( -60.00000000000000711, 7.800000000000000711, 1.850000000000000089 ) ) ;
#1907 = ORIENTED_EDGE ( 'NONE', *, *, #963, .F. ) ;
#1908 = AXIS2_PLACEMENT_3D ( 'NONE', #353, #388, #1107 ) ;
#1909 = ORIENTED_EDGE ( 'NONE', *, *, #412, .F. ) ;
#1910 = AXIS2_PLACEMENT_3D ( 'NONE', #226, #781, #967 ) ;
#1911 = LINE ( 'NONE', #979, #2379 ) ;
#1912 = VECTOR ( 'NONE', #1939, 1000.000000000000000 ) ;
#1913 = ORIENTED_EDGE ( 'NONE', *, *, #443, .F. ) ;
#1914 = AXIS2_PLACEMENT_3D ( 'NONE', #254, #2143, #300 ) ;
#1915 = CYLINDRICAL_SURFACE ( 'NONE', #2166, 0.1999999999999996503 ) ;
#1916 = CYLINDRICAL_SURFACE ( 'NONE', #1554, 0.2000000000000000944 ) ;
#1917 = ADVANCED_FACE ( 'NONE', ( #1987 ), #1026, .T. ) ;
#1918 = CYLINDRICAL_SURFACE ( 'NONE', #294, 0.1999999999999996503 ) ;
#1919 = ORIENTED_EDGE ( 'NONE', *, *, #1793, .F. ) ;
#1920 = DIRECTION ( 'NONE',  ( 1.000000000000000000, 0.000000000000000000, 0.000000000000000000 ) ) ;
#1921 = EDGE_LOOP ( 'NONE', ( #702, #1743, #1109, #2133 ) ) ;
#1922 = LINE ( 'NONE', #268, #2028 ) ;
#1923 = VECTOR ( 'NONE', #15, 1000.000000000000000 ) ;
#1924 = DIRECTION ( 'NONE',  ( 0.000000000000000000, 1.000000000000000000, -0.000000000000000000 ) ) ;
#1925 = ORIENTED_EDGE ( 'NONE', *, *, #105, .T. ) ;
#1926 = DIRECTION ( 'NONE',  ( 1.000000000000000000, 0.000000000000000000, 0.000000000000000000 ) ) ;
#1927 = CARTESIAN_POINT ( 'NONE',  ( -59.80000000000000426, 0.1999999999999996503, 0.000000000000000000 ) ) ;
#1928 = DIRECTION ( 'NONE',  ( 0.000000000000000000, 0.000000000000000000, 1.000000000000000000 ) ) ;
#1929 = EDGE_CURVE ( 'NONE', #1299, #1525, #485, .T. ) ;
#1930 = VERTEX_POINT ( 'NONE', #2354 ) ;
#1931 = ORIENTED_EDGE ( 'NONE', *, *, #1305, .T. ) ;
#1932 = LINE ( 'NONE', #1584, #1800 ) ;
#1933 = ADVANCED_FACE ( 'NONE', ( #2329 ), #851, .T. ) ;
#1934 = FACE_OUTER_BOUND ( 'NONE', #2005, .T. ) ;
#1935 = CARTESIAN_POINT ( 'NONE',  ( 50.50000000000000000, 7.800000000000000711, 0.000000000000000000 ) ) ;
#1936 = FACE_OUTER_BOUND ( 'NONE', #1100, .T. ) ;
#1937 = LINE ( 'NONE', #2100, #966 ) ;
#1938 = ORIENTED_EDGE ( 'NONE', *, *, #301, .F. ) ;
#1939 = DIRECTION ( 'NONE',  ( -0.000000000000000000, 1.000000000000000000, -0.000000000000000000 ) ) ;
#1940 = EDGE_CURVE ( 'NONE', #2069, #698, #365, .T. ) ;
#1941 = EDGE_CURVE ( 'NONE', #1050, #1406, #1972, .T. ) ;
#1942 = DIRECTION ( 'NONE',  ( 0.000000000000000000, 0.000000000000000000, -1.000000000000000000 ) ) ;
#1943 = VECTOR ( 'NONE', #574, 1000.000000000000000 ) ;
#1944 = CIRCLE ( 'NONE', #932, 0.1999999999999996503 ) ;
#1945 = DIRECTION ( 'NONE',  ( 0.000000000000000000, 0.000000000000000000, -1.000000000000000000 ) ) ;
#1946 = CARTESIAN_POINT ( 'NONE',  ( 47.50000000000000000, 7.800000000000000711, 0.000000000000000000 ) ) ;
#1947 = FACE_OUTER_BOUND ( 'NONE', #2206, .T. ) ;
#1948 =( BOUNDED_CURVE ( )  B_SPLINE_CURVE ( 3, ( #1462, #1282, #2035, #1627 ),
 .UNSPECIFIED., .F., .T. ) 
 B_SPLINE_CURVE_WITH_KNOTS ( ( 4, 4 ),
 ( 3.141592653589793116, 4.712388980384689674 ),
 .UNSPECIFIED. ) 
 CURVE ( )  GEOMETRIC_REPRESENTATION_ITEM ( )  RATIONAL_B_SPLINE_CURVE ( ( 1.000000000000000000, 0.8047378541243649375, 0.8047378541243649375, 1.000000000000000000 ) ) 
 REPRESENTATION_ITEM ( '' )  );
#1949 = AXIS2_PLACEMENT_3D ( 'NONE', #772, #596, #1739 ) ;
#1950 = CARTESIAN_POINT ( 'NONE',  ( 59.79999999999999005, 7.800000000000000711, -4.799999999999999822 ) ) ;
#1951 = DIRECTION ( 'NONE',  ( 0.000000000000000000, 0.000000000000000000, 1.000000000000000000 ) ) ;
#1952 = CIRCLE ( 'NONE', #891, 0.1999999999999987899 ) ;
#1953 = ORIENTED_EDGE ( 'NONE', *, *, #1618, .T. ) ;
#1954 = CARTESIAN_POINT ( 'NONE',  ( -50.50000000000000000, 3.000000000000000000, -4.999999999999979572 ) ) ;
#1955 = DIRECTION ( 'NONE',  ( -0.000000000000000000, -0.000000000000000000, -1.000000000000000000 ) ) ;
#1956 = LINE ( 'NONE', #1794, #83 ) ;
#1957 = CARTESIAN_POINT ( 'NONE',  ( -59.80000000000000426, 7.800000000000000711, -4.799999999999999822 ) ) ;
#1958 = CARTESIAN_POINT ( 'NONE',  ( -60.00000000000000711, 4.849999999999999645, -1.850000000000000089 ) ) ;
#1959 = CARTESIAN_POINT ( 'NONE',  ( 50.50000000000000711, 4.849999999999999645, -1.850000000000000089 ) ) ;
#1960 = DIRECTION ( 'NONE',  ( 0.000000000000000000, 0.000000000000000000, 1.000000000000000000 ) ) ;
#1961 = EDGE_CURVE ( 'NONE', #782, #793, #1871, .T. ) ;
#1962 = ORIENTED_EDGE ( 'NONE', *, *, #1301, .F. ) ;
#1963 = EDGE_CURVE ( 'NONE', #438, #1048, #667, .T. ) ;
#1964 = CARTESIAN_POINT ( 'NONE',  ( 47.70000000000000284, 8.000000000000000000, 4.800000000000001599 ) ) ;
#1965 = ORIENTED_EDGE ( 'NONE', *, *, #1152, .T. ) ;
#1966 = CYLINDRICAL_SURFACE ( 'NONE', #2115, 0.2000000000000000944 ) ;
#1967 = CARTESIAN_POINT ( 'NONE',  ( 59.79999999999999005, 8.000000000000000000, 5.000000000000000888 ) ) ;
#1968 = ADVANCED_FACE ( 'NONE', ( #1577 ), #313, .T. ) ;
#1969 = AXIS2_PLACEMENT_3D ( 'NONE', #249, #1342, #2274 ) ;
#1970 = DIRECTION ( 'NONE',  ( -0.000000000000000000, -0.000000000000000000, -1.000000000000000000 ) ) ;
#1971 = DIRECTION ( 'NONE',  ( 1.000000000000000000, -0.000000000000000000, -0.000000000000000000 ) ) ;
#1972 = LINE ( 'NONE', #1782, #1774 ) ;
#1973 = CYLINDRICAL_SURFACE ( 'NONE', #1914, 1.850000000000000089 ) ;
#1974 = EDGE_CURVE ( 'NONE', #791, #1521, #1615, .T. ) ;
#1975 = ORIENTED_EDGE ( 'NONE', *, *, #2369, .T. ) ;
#1976 = AXIS2_PLACEMENT_3D ( 'NONE', #1211, #717, #139 ) ;
#1977 = VERTEX_POINT ( 'NONE', #1068 ) ;
#1978 = CARTESIAN_POINT ( 'NONE',  ( 46.99999999999998579, 7.917157287525380838, -4.999999999999999112 ) ) ;
#1979 = DIRECTION ( 'NONE',  ( -1.000000000000000000, -0.000000000000000000, -0.000000000000000000 ) ) ;
#1980 = VERTEX_POINT ( 'NONE', #1390 ) ;
#1981 = EDGE_CURVE ( 'NONE', #2258, #1058, #124, .T. ) ;
#1982 = CARTESIAN_POINT ( 'NONE',  ( -50.70000000000000284, 8.000000000000000000, -4.799999999999999822 ) ) ;
#1983 = LINE ( 'NONE', #2148, #161 ) ;
#1984 = LINE ( 'NONE', #280, #1669 ) ;
#1985 = CARTESIAN_POINT ( 'NONE',  ( 0.000000000000000000, 7.800000000000000711, -4.999999999999999112 ) ) ;
#1986 = AXIS2_PLACEMENT_3D ( 'NONE', #1713, #1876, #198 ) ;
#1987 = FACE_OUTER_BOUND ( 'NONE', #184, .T. ) ;
#1988 = EDGE_CURVE ( 'NONE', #1048, #1619, #2190, .T. ) ;
#1989 = CARTESIAN_POINT ( 'NONE',  ( 50.70000000000000284, 8.000000000000000000, 4.800000000000001599 ) ) ;
#1990 = EDGE_LOOP ( 'NONE', ( #2239, #2102, #1790, #2268 ) ) ;
#1991 = CARTESIAN_POINT ( 'NONE',  ( -50.50000000000000000, 3.000000000000000000, 5.000000000000000000 ) ) ;
#1992 = LINE ( 'NONE', #303, #576 ) ;
#1993 = ORIENTED_EDGE ( 'NONE', *, *, #677, .T. ) ;
#1994 = ORIENTED_EDGE ( 'NONE', *, *, #2414, .T. ) ;
#1995 = ADVANCED_FACE ( 'NONE', ( #2142 ), #460, .T. ) ;
#1996 = CARTESIAN_POINT ( 'NONE',  ( 0.000000000000000000, 8.000000000000000000, -4.799999999999999822 ) ) ;
#1997 = CARTESIAN_POINT ( 'NONE',  ( -60.00000000000000711, 7.800000000000000711, 1.850000000000000089 ) ) ;
#1998 = CARTESIAN_POINT ( 'NONE',  ( 50.50000000000000000, 3.000000000000000000, 0.000000000000000000 ) ) ;
#1999 = CARTESIAN_POINT ( 'NONE',  ( 46.99999999999998579, 7.917157287525380838, -1.850000000000000089 ) ) ;
#2000 = ADVANCED_FACE ( 'NONE', ( #1642 ), #744, .T. ) ;
#2001 = CARTESIAN_POINT ( 'NONE',  ( -50.00000000000000000, 4.849999999999999645, 0.000000000000000000 ) ) ;
#2002 = ORIENTED_EDGE ( 'NONE', *, *, #1111, .F. ) ;
#2003 = DIRECTION ( 'NONE',  ( 1.000000000000000000, -0.000000000000000000, -0.000000000000000000 ) ) ;
#2004 = ORIENTED_EDGE ( 'NONE', *, *, #963, .T. ) ;
#2005 = EDGE_LOOP ( 'NONE', ( #1866, #132, #1476, #104 ) ) ;
#2006 = EDGE_CURVE ( 'NONE', #1061, #239, #1093, .T. ) ;
#2007 = DIRECTION ( 'NONE',  ( 0.000000000000000000, 0.000000000000000000, 1.000000000000000000 ) ) ;
#2008 = CARTESIAN_POINT ( 'NONE',  ( 0.000000000000000000, 7.800000000000000711, 4.800000000000001599 ) ) ;
#2009 = LINE ( 'NONE', #694, #976 ) ;
#2010 = VECTOR ( 'NONE', #1208, 1000.000000000000000 ) ;
#2011 = CARTESIAN_POINT ( 'NONE',  ( -59.80000000000000426, 7.800000000000000711, -4.799999999999999822 ) ) ;
#2012 = ORIENTED_EDGE ( 'NONE', *, *, #511, .T. ) ;
#2013 = LINE ( 'NONE', #1493, #763 ) ;
#2014 = ORIENTED_EDGE ( 'NONE', *, *, #1695, .F. ) ;
#2015 = EDGE_LOOP ( 'NONE', ( #1099, #2316, #156, #1319, #2403 ) ) ;
#2016 = VECTOR ( 'NONE', #684, 1000.000000000000000 ) ;
#2017 = ADVANCED_FACE ( 'NONE', ( #1489 ), #1104, .F. ) ;
#2018 = CARTESIAN_POINT ( 'NONE',  ( 47.00000000000000000, 3.000000000000000000, 0.000000000000000000 ) ) ;
#2019 = LINE ( 'NONE', #544, #219 ) ;
#2020 = CARTESIAN_POINT ( 'NONE',  ( -50.70000000000000284, 7.800000000000000711, -4.999999999999979572 ) ) ;
#2021 = ORIENTED_EDGE ( 'NONE', *, *, #75, .T. ) ;
#2022 = VECTOR ( 'NONE', #206, 1000.000000000000000 ) ;
#2023 = DIRECTION ( 'NONE',  ( -1.000000000000000000, 0.000000000000000000, 0.000000000000000000 ) ) ;
#2024 = DIRECTION ( 'NONE',  ( 1.000000000000000000, 0.000000000000000000, 0.000000000000000000 ) ) ;
#2025 = VECTOR ( 'NONE', #2212, 1000.000000000000000 ) ;
#2026 = ORIENTED_EDGE ( 'NONE', *, *, #2281, .T. ) ;
#2027 = CARTESIAN_POINT ( 'NONE',  ( -59.80000000000000426, 7.800000000000000711, 4.800000000000001599 ) ) ;
#2028 = VECTOR ( 'NONE', #2332, 1000.000000000000000 ) ;
#2029 = VERTEX_POINT ( 'NONE', #1117 ) ;
#2030 = AXIS2_PLACEMENT_3D ( 'NONE', #1614, #497, #816 ) ;
#2031 = ORIENTED_EDGE ( 'NONE', *, *, #2147, .F. ) ;
#2032 = ADVANCED_FACE ( 'NONE', ( #934 ), #1477, .T. ) ;
#2033 = CYLINDRICAL_SURFACE ( 'NONE', #598, 0.1999999999999987899 ) ;
#2034 = CARTESIAN_POINT ( 'NONE',  ( 46.80000000000000426, 8.000000000000000000, -4.999999999999999112 ) ) ;
#2035 = CARTESIAN_POINT ( 'NONE',  ( -59.91715728752539150, 8.000000000000000000, -1.932842712474619473 ) ) ;
#2036 = ORIENTED_EDGE ( 'NONE', *, *, #789, .F. ) ;
#2037 = CARTESIAN_POINT ( 'NONE',  ( 50.50000000000000000, 3.000000000000000000, 0.000000000000000000 ) ) ;
#2038 = DIRECTION ( 'NONE',  ( 1.000000000000000000, -0.000000000000000000, -0.000000000000000000 ) ) ;
#2039 = ORIENTED_EDGE ( 'NONE', *, *, #779, .T. ) ;
#2040 = ADVANCED_FACE ( 'NONE', ( #573 ), #1690, .T. ) ;
#2041 = LINE ( 'NONE', #1694, #766 ) ;
#2042 = CIRCLE ( 'NONE', #1371, 0.1999999999999996503 ) ;
#2043 = ORIENTED_EDGE ( 'NONE', *, *, #2405, .T. ) ;
#2044 = ORIENTED_EDGE ( 'NONE', *, *, #764, .F. ) ;
#2045 = CARTESIAN_POINT ( 'NONE',  ( -59.80000000000000426, 0.2000000000000000111, -4.999999999999999112 ) ) ;
#2046 = PLANE ( 'NONE',  #776 ) ;
#2047 = EDGE_LOOP ( 'NONE', ( #1029, #1909, #1785, #964 ) ) ;
#2048 = ADVANCED_FACE ( 'NONE', ( #548 ), #1502, .T. ) ;
#2049 = DIRECTION ( 'NONE',  ( 0.000000000000000000, 0.000000000000000000, 1.000000000000000000 ) ) ;
#2050 = DIRECTION ( 'NONE',  ( 0.000000000000000000, 0.000000000000000000, 1.000000000000000000 ) ) ;
#2051 = DIRECTION ( 'NONE',  ( 0.000000000000000000, 1.000000000000000000, 0.000000000000000000 ) ) ;
#2052 = ORIENTED_EDGE ( 'NONE', *, *, #1564, .T. ) ;
#2053 = PLANE ( 'NONE',  #22 ) ;
#2054 = EDGE_CURVE ( 'NONE', #194, #945, #690, .T. ) ;
#2055 = ORIENTED_EDGE ( 'NONE', *, *, #1364, .T. ) ;
#2056 = ORIENTED_EDGE ( 'NONE', *, *, #1294, .F. ) ;
#2057 = ADVANCED_FACE ( 'NONE', ( #359 ), #1848, .T. ) ;
#2058 = EDGE_CURVE ( 'NONE', #2092, #1596, #946, .T. ) ;
#2059 = VECTOR ( 'NONE', #409, 1000.000000000000000 ) ;
#2060 = CARTESIAN_POINT ( 'NONE',  ( -60.00000000000000711, 7.800000000000000711, 1.850000000000000089 ) ) ;
#2061 = FACE_OUTER_BOUND ( 'NONE', #515, .T. ) ;
#2062 = ORIENTED_EDGE ( 'NONE', *, *, #1551, .T. ) ;
#2063 = CARTESIAN_POINT ( 'NONE',  ( 46.80000000000000426, 8.000000000000000000, 1.850000000000000089 ) ) ;
#2064 = DIRECTION ( 'NONE',  ( -1.000000000000000000, 0.000000000000000000, 0.000000000000000000 ) ) ;
#2065 = ORIENTED_EDGE ( 'NONE', *, *, #511, .F. ) ;
#2066 = LINE ( 'NONE', #2221, #1505 ) ;
#2067 = ORIENTED_EDGE ( 'NONE', *, *, #743, .F. ) ;
#2068 = VECTOR ( 'NONE', #569, 1000.000000000000000 ) ;
#2069 = VERTEX_POINT ( 'NONE', #1285 ) ;
#2070 = AXIS2_PLACEMENT_3D ( 'NONE', #856, #117, #1607 ) ;
#2071 = VECTOR ( 'NONE', #446, 1000.000000000000000 ) ;
#2072 = FACE_OUTER_BOUND ( 'NONE', #1786, .T. ) ;
#2073 = EDGE_CURVE ( 'NONE', #2230, #516, #1230, .T. ) ;
#2074 = ORIENTED_EDGE ( 'NONE', *, *, #1052, .T. ) ;
#2075 = DIRECTION ( 'NONE',  ( -1.000000000000000000, 0.000000000000000000, 0.000000000000000000 ) ) ;
#2076 = CARTESIAN_POINT ( 'NONE',  ( -50.50000000000000000, 3.000000000000000000, -4.999999999999979572 ) ) ;
#2077 = LINE ( 'NONE', #386, #222 ) ;
#2078 = VERTEX_POINT ( 'NONE', #523 ) ;
#2079 = EDGE_CURVE ( 'NONE', #1619, #355, #1130, .T. ) ;
#2080 = LINE ( 'NONE', #364, #2022 ) ;
#2081 = ORIENTED_EDGE ( 'NONE', *, *, #749, .T. ) ;
#2082 = VERTEX_POINT ( 'NONE', #757 ) ;
#2083 = LINE ( 'NONE', #1159, #644 ) ;
#2084 = EDGE_LOOP ( 'NONE', ( #1063, #1832, #786, #1938 ) ) ;
#2085 = DIRECTION ( 'NONE',  ( 0.000000000000000000, 0.000000000000000000, -1.000000000000000000 ) ) ;
#2086 = CARTESIAN_POINT ( 'NONE',  ( 49.99999999999997868, 8.000000000000000000, -2.050000000000000266 ) ) ;
#2087 = VECTOR ( 'NONE', #480, 1000.000000000000000 ) ;
#2088 = DIRECTION ( 'NONE',  ( 1.000000000000000000, 0.000000000000000000, 0.000000000000000000 ) ) ;
#2089 = ORIENTED_EDGE ( 'NONE', *, *, #200, .F. ) ;
#2090 = CARTESIAN_POINT ( 'NONE',  ( 50.50000000000000711, 4.849999999999999645, 0.000000000000000000 ) ) ;
#2091 = ORIENTED_EDGE ( 'NONE', *, *, #1879, .T. ) ;
#2092 = VERTEX_POINT ( 'NONE', #2401 ) ;
#2093 = CYLINDRICAL_SURFACE ( 'NONE', #308, 0.1999999999999987899 ) ;
#2094 = AXIS2_PLACEMENT_3D ( 'NONE', #1412, #1798, #864 ) ;
#2095 = ORIENTED_EDGE ( 'NONE', *, *, #1171, .F. ) ;
#2096 = PLANE ( 'NONE',  #483 ) ;
#2097 = DIRECTION ( 'NONE',  ( 1.000000000000000000, 0.000000000000000000, 0.000000000000000000 ) ) ;
#2098 = CARTESIAN_POINT ( 'NONE',  ( 59.99999999999999289, 0.000000000000000000, 4.800000000000001599 ) ) ;
#2099 = VERTEX_POINT ( 'NONE', #191 ) ;
#2100 = CARTESIAN_POINT ( 'NONE',  ( 50.70000000000000284, 8.000000000000000000, 0.000000000000000000 ) ) ;
#2101 = ORIENTED_EDGE ( 'NONE', *, *, #2238, .F. ) ;
#2102 = ORIENTED_EDGE ( 'NONE', *, *, #1709, .F. ) ;
#2103 = DIRECTION ( 'NONE',  ( 0.000000000000000000, 1.000000000000000000, -0.000000000000000000 ) ) ;
#2104 = AXIS2_PLACEMENT_3D ( 'NONE', #252, #806, #1928 ) ;
#2105 = EDGE_LOOP ( 'NONE', ( #212, #1762, #1331, #2273, #821 ) ) ;
#2106 =( BOUNDED_CURVE ( )  B_SPLINE_CURVE ( 3, ( #1059, #1802, #1428, #699 ),
 .UNSPECIFIED., .F., .T. ) 
 B_SPLINE_CURVE_WITH_KNOTS ( ( 4, 4 ),
 ( 3.141592653589793116, 4.712388980384689674 ),
 .UNSPECIFIED. ) 
 CURVE ( )  GEOMETRIC_REPRESENTATION_ITEM ( )  RATIONAL_B_SPLINE_CURVE ( ( 1.000000000000000000, 0.8047378541243649375, 0.8047378541243649375, 1.000000000000000000 ) ) 
 REPRESENTATION_ITEM ( '' )  );
#2107 = EDGE_CURVE ( 'NONE', #1255, #898, #1271, .T. ) ;
#2108 = VECTOR ( 'NONE', #2191, 1000.000000000000000 ) ;
#2109 = LINE ( 'NONE', #434, #127 ) ;
#2110 = DIRECTION ( 'NONE',  ( 1.000000000000000000, 0.000000000000000000, 0.000000000000000000 ) ) ;
#2111 = CYLINDRICAL_SURFACE ( 'NONE', #2104, 0.1999999999999996503 ) ;
#2112 = DIRECTION ( 'NONE',  ( 1.000000000000000000, 0.000000000000000000, 0.000000000000000000 ) ) ;
#2113 = VERTEX_POINT ( 'NONE', #917 ) ;
#2114 = FACE_OUTER_BOUND ( 'NONE', #2263, .T. ) ;
#2115 = AXIS2_PLACEMENT_3D ( 'NONE', #479, #247, #1193 ) ;
#2116 = DIRECTION ( 'NONE',  ( -1.000000000000000000, 0.000000000000000000, 0.000000000000000000 ) ) ;
#2117 = CARTESIAN_POINT ( 'NONE',  ( 59.99999999999999289, 4.849999999999999645, 1.850000000000000089 ) ) ;
#2118 = LINE ( 'NONE', #296, #1513 ) ;
#2119 = DIRECTION ( 'NONE',  ( 0.000000000000000000, 0.000000000000000000, 1.000000000000000000 ) ) ;
#2120 = PRESENTATION_STYLE_ASSIGNMENT (( #1522 ) ) ;
#2121 = ORIENTED_EDGE ( 'NONE', *, *, #1840, .T. ) ;
#2122 = EDGE_CURVE ( 'NONE', #1044, #2371, #729, .T. ) ;
#2123 = CARTESIAN_POINT ( 'NONE',  ( -59.80000000000000426, 0.1999999999999996503, -4.799999999999999822 ) ) ;
#2124 = VECTOR ( 'NONE', #861, 1000.000000000000000 ) ;
#2125 = DIRECTION ( 'NONE',  ( 0.000000000000000000, 0.000000000000000000, 1.000000000000000000 ) ) ;
#2126 = EDGE_CURVE ( 'NONE', #2078, #1202, #2415, .T. ) ;
#2127 = DIRECTION ( 'NONE',  ( 0.000000000000000000, 0.000000000000000000, 1.000000000000000000 ) ) ;
#2128 = CARTESIAN_POINT ( 'NONE',  ( 47.50000000000000000, 3.000000000000000000, -4.999999999999999112 ) ) ;
#2129 = CARTESIAN_POINT ( 'NONE',  ( 47.00000000000000000, 7.800000000000000711, 5.000000000000000888 ) ) ;
#2130 = LINE ( 'NONE', #2289, #1194 ) ;
#2131 = FACE_OUTER_BOUND ( 'NONE', #2015, .T. ) ;
#2132 = AXIS2_PLACEMENT_3D ( 'NONE', #2305, #2116, #1367 ) ;
#2133 = ORIENTED_EDGE ( 'NONE', *, *, #2307, .F. ) ;
#2134 = FACE_OUTER_BOUND ( 'NONE', #2413, .T. ) ;
#2135 = VECTOR ( 'NONE', #253, 1000.000000000000000 ) ;
#2136 = AXIS2_PLACEMENT_3D ( 'NONE', #1649, #2398, #1461 ) ;
#2137 = LINE ( 'NONE', #110, #2087 ) ;
#2138 = CARTESIAN_POINT ( 'NONE',  ( 47.49999999999997868, 7.917157287525380838, -4.999999999999999112 ) ) ;
#2139 = ADVANCED_FACE ( 'NONE', ( #1175 ), #606, .T. ) ;
#2140 = FACE_OUTER_BOUND ( 'NONE', #713, .T. ) ;
#2141 = CIRCLE ( 'NONE', #2224, 1.850000000000000089 ) ;
#2142 = FACE_OUTER_BOUND ( 'NONE', #128, .T. ) ;
#2143 = DIRECTION ( 'NONE',  ( 1.000000000000000000, -0.000000000000000000, -0.000000000000000000 ) ) ;
#2144 = ORIENTED_EDGE ( 'NONE', *, *, #251, .T. ) ;
#2145 = ORIENTED_EDGE ( 'NONE', *, *, #1940, .F. ) ;
#2146 = CARTESIAN_POINT ( 'NONE',  ( 49.91715728752539150, 8.000000000000000000, -4.917157287525379949 ) ) ;
#2147 = EDGE_CURVE ( 'NONE', #2099, #567, #423, .T. ) ;
#2148 = CARTESIAN_POINT ( 'NONE',  ( -59.80000000000000426, 8.000000000000000000, 5.000000000000000888 ) ) ;
#2149 = CARTESIAN_POINT ( 'NONE',  ( 47.50000000000000000, 3.000000000000000000, 5.000000000000000888 ) ) ;
#2150 = LINE ( 'NONE', #1601, #260 ) ;
#2151 = DIRECTION ( 'NONE',  ( 1.000000000000000000, 0.000000000000000000, 0.000000000000000000 ) ) ;
#2152 = PLANE ( 'NONE',  #1280 ) ;
#2153 = ORIENTED_EDGE ( 'NONE', *, *, #1903, .T. ) ;
#2154 = ORIENTED_EDGE ( 'NONE', *, *, #1004, .T. ) ;
#2155 = CARTESIAN_POINT ( 'NONE',  ( 50.00000000000000000, 3.000000000000000000, 5.000000000000000888 ) ) ;
#2156 = DIRECTION ( 'NONE',  ( 0.000000000000000000, 0.000000000000000000, -1.000000000000000000 ) ) ;
#2157 = EDGE_LOOP ( 'NONE', ( #1861, #413, #224, #1542 ) ) ;
#2158 = FACE_OUTER_BOUND ( 'NONE', #723, .T. ) ;
#2159 = EDGE_CURVE ( 'NONE', #157, #1843, #2109, .T. ) ;
#2160 = CARTESIAN_POINT ( 'NONE',  ( -50.00000000000000000, 4.849999999999999645, -1.850000000000000089 ) ) ;
#2161 = CIRCLE ( 'NONE', #399, 0.1999999999999996503 ) ;
#2162 = DIRECTION ( 'NONE',  ( -0.000000000000000000, -0.000000000000000000, -1.000000000000000000 ) ) ;
#2163 = PLANE ( 'NONE',  #298 ) ;
#2164 = SPHERICAL_SURFACE ( 'NONE', #54, 0.2000000000000000111 ) ;
#2165 = CARTESIAN_POINT ( 'NONE',  ( 59.79999999999999005, 8.000000000000000000, -2.050000000000000266 ) ) ;
#2166 = AXIS2_PLACEMENT_3D ( 'NONE', #992, #1900, #394 ) ;
#2167 = EDGE_LOOP ( 'NONE', ( #593, #2392, #1537, #978 ) ) ;
#2168 = DIRECTION ( 'NONE',  ( 0.000000000000000000, 0.000000000000000000, -1.000000000000000000 ) ) ;
#2169 = CARTESIAN_POINT ( 'NONE',  ( -60.00000000000000711, 4.849999999999999645, -1.850000000000000089 ) ) ;
#2170 = ADVANCED_FACE ( 'NONE', ( #1163 ), #2096, .F. ) ;
#2171 = ORIENTED_EDGE ( 'NONE', *, *, #1128, .T. ) ;
#2172 = ORIENTED_EDGE ( 'NONE', *, *, #582, .F. ) ;
#2173 = EDGE_CURVE ( 'NONE', #1605, #1043, #1566, .T. ) ;
#2174 = CYLINDRICAL_SURFACE ( 'NONE', #755, 0.2000000000000000944 ) ;
#2175 = DIRECTION ( 'NONE',  ( -1.000000000000000000, 0.000000000000000000, 0.000000000000000000 ) ) ;
#2176 = DIRECTION ( 'NONE',  ( 0.000000000000000000, 0.000000000000000000, 1.000000000000000000 ) ) ;
#2177 = AXIS2_PLACEMENT_3D ( 'NONE', #1220, #835, #1387 ) ;
#2178 = FACE_OUTER_BOUND ( 'NONE', #275, .T. ) ;
#2179 = LINE ( 'NONE', #1590, #30 ) ;
#2180 = CIRCLE ( 'NONE', #1591, 0.1999999999999996503 ) ;
#2181 = ORIENTED_EDGE ( 'NONE', *, *, #1546, .T. ) ;
#2182 = AXIS2_PLACEMENT_3D ( 'NONE', #2355, #838, #1761 ) ;
#2183 = CARTESIAN_POINT ( 'NONE',  ( 47.50000000000000000, 3.000000000000000000, 0.000000000000000000 ) ) ;
#2184 = EDGE_LOOP ( 'NONE', ( #1847, #1102, #2095, #505 ) ) ;
#2185 = ADVANCED_FACE ( 'NONE', ( #1934 ), #1915, .T. ) ;
#2186 = ORIENTED_EDGE ( 'NONE', *, *, #200, .T. ) ;
#2187 = DIRECTION ( 'NONE',  ( 1.000000000000000000, -0.000000000000000000, 0.000000000000000000 ) ) ;
#2188 = CARTESIAN_POINT ( 'NONE',  ( 50.00000000000000000, 7.917157287525380838, 5.000000000000000888 ) ) ;
#2189 = CARTESIAN_POINT ( 'NONE',  ( 46.80000000000000426, 8.000000000000000000, 4.800000000000001599 ) ) ;
#2190 = LINE ( 'NONE', #1260, #830 ) ;
#2191 = DIRECTION ( 'NONE',  ( -0.000000000000000000, 1.000000000000000000, -0.000000000000000000 ) ) ;
#2192 = ORIENTED_EDGE ( 'NONE', *, *, #1004, .F. ) ;
#2193 = CARTESIAN_POINT ( 'NONE',  ( -50.00000000000000000, 7.800000000000000711, -1.850000000000000089 ) ) ;
#2194 = ORIENTED_EDGE ( 'NONE', *, *, #1470, .T. ) ;
#2195 =( BOUNDED_CURVE ( )  B_SPLINE_CURVE ( 3, ( #1330, #1173, #556, #1675 ),
 .UNSPECIFIED., .F., .T. ) 
 B_SPLINE_CURVE_WITH_KNOTS ( ( 4, 4 ),
 ( 3.141592653589793116, 4.712388980384689674 ),
 .UNSPECIFIED. ) 
 CURVE ( )  GEOMETRIC_REPRESENTATION_ITEM ( )  RATIONAL_B_SPLINE_CURVE ( ( 1.000000000000000000, 0.8047378541243649375, 0.8047378541243649375, 1.000000000000000000 ) ) 
 REPRESENTATION_ITEM ( '' )  );
#2196 = EDGE_CURVE ( 'NONE', #733, #924, #599, .T. ) ;
#2197 = APPLICATION_CONTEXT ( 'automotive_design' ) ;
#2198 = ORIENTED_EDGE ( 'NONE', *, *, #1426, .F. ) ;
#2199 = DIRECTION ( 'NONE',  ( 0.000000000000000000, -0.000000000000000000, -1.000000000000000000 ) ) ;
#2200 = DIRECTION ( 'NONE',  ( 1.000000000000000000, 0.000000000000000000, 0.000000000000000000 ) ) ;
#2201 = DIRECTION ( 'NONE',  ( 1.000000000000000000, 0.000000000000000000, 0.000000000000000000 ) ) ;
#2202 = ORIENTED_EDGE ( 'NONE', *, *, #126, .T. ) ;
#2203 = AXIS2_PLACEMENT_3D ( 'NONE', #1756, #121, #1779 ) ;
#2204 = DIRECTION ( 'NONE',  ( -1.000000000000000000, -0.000000000000000000, -0.000000000000000000 ) ) ;
#2205 = DIRECTION ( 'NONE',  ( 0.000000000000000000, -0.000000000000000000, 1.000000000000000000 ) ) ;
#2206 = EDGE_LOOP ( 'NONE', ( #375, #752, #621, #1018 ) ) ;
#2207 = FACE_OUTER_BOUND ( 'NONE', #860, .T. ) ;
#2208 = AXIS2_PLACEMENT_3D ( 'NONE', #384, #1881, #559 ) ;
#2209 = ORIENTED_EDGE ( 'NONE', *, *, #1028, .F. ) ;
#2210 = EDGE_LOOP ( 'NONE', ( #1110, #883, #1463, #349 ) ) ;
#2211 = CIRCLE ( 'NONE', #2255, 0.1999999999999996503 ) ;
#2212 = DIRECTION ( 'NONE',  ( 0.000000000000000000, 1.000000000000000000, 0.000000000000000000 ) ) ;
#2213 = CARTESIAN_POINT ( 'NONE',  ( 59.79999999999999005, 7.800000000000000711, 5.000000000000000888 ) ) ;
#2214 = ORIENTED_EDGE ( 'NONE', *, *, #1611, .T. ) ;
#2215 = EDGE_CURVE ( 'NONE', #23, #1299, #1555, .T. ) ;
#2216 = CARTESIAN_POINT ( 'NONE',  ( 47.70000000000000284, 8.000000000000000000, 0.000000000000000000 ) ) ;
#2217 = ADVANCED_FACE ( 'NONE', ( #617 ), #228, .T. ) ;
#2218 = DIRECTION ( 'NONE',  ( 1.000000000000000000, -0.000000000000000000, 0.000000000000000000 ) ) ;
#2219 = AXIS2_PLACEMENT_3D ( 'NONE', #982, #784, #1901 ) ;
#2220 = EDGE_LOOP ( 'NONE', ( #977, #2356, #390, #1533 ) ) ;
#2221 = CARTESIAN_POINT ( 'NONE',  ( 50.00000000000000000, 7.800000000000000711, 5.000000000000000888 ) ) ;
#2222 = CLOSED_SHELL ( 'NONE', ( #1933, #52, #2217, #2231, #1353, #492, #1359, #1197, #231, #912, #750, #1581, #1161, #2237, #1791, #2324, #2017, #728, #2032, #1856, #1378, #432, #12, #933, #166, #2000, #236, #1064, #2040, #1804, #472, #669, #436, #1003, #543, #2311, #2048, #1526, #1074, #2170, #1825, #272, #506, #1234, #1121, #2185, #1178, #291, #530, #59, #1777, #922, #2382, #1365, #1183, #2409, #1593, #283, #1414, #256, #564, #1917, #1759, #1894, #1494, #238, #950, #857, #1508, #986, #1040, #305, #2300, #1742, #1396, #2057, #2139, #60, #701, #1968, #1995, #1434, #517, #2226, #663, #155, #931, #1258 ) ) ;
#2223 = ORIENTED_EDGE ( 'NONE', *, *, #2058, .T. ) ;
#2224 = AXIS2_PLACEMENT_3D ( 'NONE', #274, #1603, #1772 ) ;
#2225 = VERTEX_POINT ( 'NONE', #1376 ) ;
#2226 = ADVANCED_FACE ( 'NONE', ( #770 ), #1368, .T. ) ;
#2227 = DIRECTION ( 'NONE',  ( 1.000000000000000000, -0.000000000000000000, -0.000000000000000000 ) ) ;
#2228 = CARTESIAN_POINT ( 'NONE',  ( 50.50000000000000711, 4.849999999999999645, -1.850000000000000089 ) ) ;
#2229 = FACE_OUTER_BOUND ( 'NONE', #344, .T. ) ;
#2230 = VERTEX_POINT ( 'NONE', #1702 ) ;
#2231 = ADVANCED_FACE ( 'NONE', ( #1153 ), #34, .T. ) ;
#2232 = DIRECTION ( 'NONE',  ( 0.000000000000000000, 0.000000000000000000, 1.000000000000000000 ) ) ;
#2233 = CARTESIAN_POINT ( 'NONE',  ( -60.00000000000000711, 4.849999999999999645, 0.000000000000000000 ) ) ;
#2234 = FACE_OUTER_BOUND ( 'NONE', #2331, .T. ) ;
#2235 = EDGE_LOOP ( 'NONE', ( #656, #534, #798, #81 ) ) ;
#2236 = FACE_OUTER_BOUND ( 'NONE', #1450, .T. ) ;
#2237 = ADVANCED_FACE ( 'NONE', ( #783 ), #1530, .T. ) ;
#2238 = EDGE_CURVE ( 'NONE', #217, #1044, #2285, .T. ) ;
#2239 = ORIENTED_EDGE ( 'NONE', *, *, #1345, .T. ) ;
#2240 = EDGE_LOOP ( 'NONE', ( #1129, #854, #1897, #1896, #199 ) ) ;
#2241 = PLANE ( 'NONE',  #1986 ) ;
#2242 = DIRECTION ( 'NONE',  ( 0.000000000000000000, 0.000000000000000000, 1.000000000000000000 ) ) ;
#2243 = EDGE_CURVE ( 'NONE', #1521, #169, #594, .T. ) ;
#2244 = ORIENTED_EDGE ( 'NONE', *, *, #397, .F. ) ;
#2245 = CARTESIAN_POINT ( 'NONE',  ( -49.80000000000000426, 8.000000000000000000, 4.800000000000001599 ) ) ;
#2246 = CARTESIAN_POINT ( 'NONE',  ( -50.70000000000000284, 8.000000000000000000, -4.799999999999999822 ) ) ;
#2247 = LINE ( 'NONE', #1816, #418 ) ;
#2248 = ORIENTED_EDGE ( 'NONE', *, *, #865, .F. ) ;
#2249 = CARTESIAN_POINT ( 'NONE',  ( -49.80000000000000426, 8.000000000000000000, -4.799999999999999822 ) ) ;
#2250 = ORIENTED_EDGE ( 'NONE', *, *, #2347, .F. ) ;
#2251 = EDGE_CURVE ( 'NONE', #1495, #542, #951, .T. ) ;
#2252 = EDGE_LOOP ( 'NONE', ( #45, #1818, #1441, #389, #1341, #1841 ) ) ;
#2253 = VECTOR ( 'NONE', #681, 1000.000000000000000 ) ;
#2254 = CARTESIAN_POINT ( 'NONE',  ( 0.000000000000000000, 7.800000000000000711, -4.999999999999999112 ) ) ;
#2255 = AXIS2_PLACEMENT_3D ( 'NONE', #907, #563, #181 ) ;
#2256 = DIRECTION ( 'NONE',  ( 0.000000000000000000, -0.000000000000000000, -1.000000000000000000 ) ) ;
#2257 = EDGE_CURVE ( 'NONE', #1661, #541, #1543, .T. ) ;
#2258 = VERTEX_POINT ( 'NONE', #2160 ) ;
#2259 = DIRECTION ( 'NONE',  ( 1.000000000000000000, 0.000000000000000000, 0.000000000000000000 ) ) ;
#2260 = CARTESIAN_POINT ( 'NONE',  ( -49.80000000000000426, 8.000000000000000000, 0.000000000000000000 ) ) ;
#2261 = DIRECTION ( 'NONE',  ( -0.000000000000000000, 1.000000000000000000, -0.000000000000000000 ) ) ;
#2262 = AXIS2_PLACEMENT_3D ( 'NONE', #243, #2112, #1188 ) ;
#2263 = EDGE_LOOP ( 'NONE', ( #2026, #590, #2171, #267 ) ) ;
#2264 = FACE_OUTER_BOUND ( 'NONE', #1579, .T. ) ;
#2265 = VECTOR ( 'NONE', #1600, 1000.000000000000000 ) ;
#2266 = EDGE_LOOP ( 'NONE', ( #711, #513, #304, #2014 ) ) ;
#2267 = AXIS2_PLACEMENT_3D ( 'NONE', #426, #608, #242 ) ;
#2268 = ORIENTED_EDGE ( 'NONE', *, *, #767, .F. ) ;
#2269 = AXIS2_PLACEMENT_3D ( 'NONE', #740, #1676, #2201 ) ;
#2270 = EDGE_CURVE ( 'NONE', #1180, #872, #1386, .T. ) ;
#2271 = VECTOR ( 'NONE', #509, 1000.000000000000000 ) ;
#2272 = DIRECTION ( 'NONE',  ( 0.000000000000000000, 1.000000000000000000, 0.000000000000000000 ) ) ;
#2273 = ORIENTED_EDGE ( 'NONE', *, *, #1422, .F. ) ;
#2274 = DIRECTION ( 'NONE',  ( -1.000000000000000000, 0.000000000000000000, -0.000000000000000000 ) ) ;
#2275 = CARTESIAN_POINT ( 'NONE',  ( 50.70000000000000284, 8.000000000000000000, -2.050000000000000266 ) ) ;
#2276 = CARTESIAN_POINT ( 'NONE',  ( -59.80000000000000426, 8.000000000000000000, -4.799999999999999822 ) ) ;
#2277 = ORIENTED_EDGE ( 'NONE', *, *, #2243, .T. ) ;
#2278 = DIRECTION ( 'NONE',  ( 0.000000000000000000, -0.000000000000000000, 1.000000000000000000 ) ) ;
#2279 = VERTEX_POINT ( 'NONE', #1397 ) ;
#2280 = ORIENTED_EDGE ( 'NONE', *, *, #453, .T. ) ;
#2281 = EDGE_CURVE ( 'NONE', #733, #1661, #1956, .T. ) ;
#2282 = FACE_OUTER_BOUND ( 'NONE', #2220, .T. ) ;
#2283 = ORIENTED_EDGE ( 'NONE', *, *, #1695, .T. ) ;
#2284 =( BOUNDED_CURVE ( )  B_SPLINE_CURVE ( 3, ( #703, #2188, #1089, #714 ),
 .UNSPECIFIED., .F., .F. ) 
 B_SPLINE_CURVE_WITH_KNOTS ( ( 4, 4 ),
 ( 3.141592653589793116, 4.712388980384689674 ),
 .UNSPECIFIED. ) 
 CURVE ( )  GEOMETRIC_REPRESENTATION_ITEM ( )  RATIONAL_B_SPLINE_CURVE ( ( 1.000000000000000000, 0.8047378541243649375, 0.8047378541243649375, 1.000000000000000000 ) ) 
 REPRESENTATION_ITEM ( '' )  );
#2285 = LINE ( 'NONE', #67, #1697 ) ;
#2286 = LINE ( 'NONE', #2076, #1632 ) ;
#2287 = DIRECTION ( 'NONE',  ( 1.000000000000000000, -0.000000000000000000, 0.000000000000000000 ) ) ;
#2288 = ORIENTED_EDGE ( 'NONE', *, *, #2006, .F. ) ;
#2289 = CARTESIAN_POINT ( 'NONE',  ( 47.00000000000000000, 7.800000000000000711, 5.000000000000000888 ) ) ;
#2290 = ORIENTED_EDGE ( 'NONE', *, *, #1485, .T. ) ;
#2291 = AXIS2_PLACEMENT_3D ( 'NONE', #2338, #649, #97 ) ;
#2292 = ORIENTED_EDGE ( 'NONE', *, *, #381, .T. ) ;
#2293 = EDGE_CURVE ( 'NONE', #2322, #521, #1288, .T. ) ;
#2294 = DIRECTION ( 'NONE',  ( 0.000000000000000000, 0.000000000000000000, 1.000000000000000000 ) ) ;
#2295 = VECTOR ( 'NONE', #2204, 1000.000000000000000 ) ;
#2296 = ORIENTED_EDGE ( 'NONE', *, *, #2196, .T. ) ;
#2297 = CARTESIAN_POINT ( 'NONE',  ( -50.50000000000000000, 7.800000000000000711, 1.850000000000000089 ) ) ;
#2298 = FACE_OUTER_BOUND ( 'NONE', #179, .T. ) ;
#2299 = FACE_OUTER_BOUND ( 'NONE', #1990, .T. ) ;
#2300 = ADVANCED_FACE ( 'NONE', ( #678 ), #2174, .T. ) ;
#2301 = SURFACE_STYLE_FILL_AREA ( #797 ) ;
#2302 = ORIENTED_EDGE ( 'NONE', *, *, #1617, .F. ) ;
#2303 = DIRECTION ( 'NONE',  ( 1.000000000000000000, 0.000000000000000000, 0.000000000000000000 ) ) ;
#2304 = AXIS2_PLACEMENT_3D ( 'NONE', #392, #1924, #382 ) ;
#2305 = CARTESIAN_POINT ( 'NONE',  ( -50.50000000000000000, 3.000000000000000000, -4.999999999999979572 ) ) ;
#2306 = VECTOR ( 'NONE', #1154, 1000.000000000000000 ) ;
#2307 = EDGE_CURVE ( 'NONE', #2113, #27, #1983, .T. ) ;
#2308 = CARTESIAN_POINT ( 'NONE',  ( 49.80000000000000426, 8.000000000000000000, -4.999999999999999112 ) ) ;
#2309 = CARTESIAN_POINT ( 'NONE',  ( 0.000000000000000000, 7.800000000000000711, -2.050000000000000266 ) ) ;
#2310 = DIRECTION ( 'NONE',  ( 0.000000000000000000, -0.000000000000000000, 1.000000000000000000 ) ) ;
#2311 = ADVANCED_FACE ( 'NONE', ( #1219 ), #664, .T. ) ;
#2312 = CARTESIAN_POINT ( 'NONE',  ( -60.00000000000000711, 7.800000000000000711, 1.850000000000000089 ) ) ;
#2313 = ORIENTED_EDGE ( 'NONE', *, *, #831, .F. ) ;
#2314 = EDGE_CURVE ( 'NONE', #516, #601, #1586, .T. ) ;
#2315 = EDGE_CURVE ( 'NONE', #422, #793, #279, .T. ) ;
#2316 = ORIENTED_EDGE ( 'NONE', *, *, #2405, .F. ) ;
#2317 = CARTESIAN_POINT ( 'NONE',  ( -50.00000000000000000, 7.800000000000000711, -4.999999999999980460 ) ) ;
#2318 = CARTESIAN_POINT ( 'NONE',  ( 0.000000000000000000, 8.000000000000000000, 0.000000000000000000 ) ) ;
#2319 = CARTESIAN_POINT ( 'NONE',  ( 0.000000000000000000, 8.000000000000000000, 2.050000000000000266 ) ) ;
#2320 = DIRECTION ( 'NONE',  ( 0.000000000000000000, 0.000000000000000000, 1.000000000000000000 ) ) ;
#2321 = CARTESIAN_POINT ( 'NONE',  ( 47.00000000000000000, 3.000000000000000000, 0.000000000000000000 ) ) ;
#2322 = VERTEX_POINT ( 'NONE', #1013 ) ;
#2323 = CARTESIAN_POINT ( 'NONE',  ( -60.00000000000000711, 7.800000000000000711, 1.850000000000000089 ) ) ;
#2324 = ADVANCED_FACE ( 'NONE', ( #1766 ), #834, .F. ) ;
#2325 = FACE_OUTER_BOUND ( 'NONE', #1082, .T. ) ;
#2326 = CARTESIAN_POINT ( 'NONE',  ( 0.000000000000000000, 3.000000000000000000, 0.000000000000000000 ) ) ;
#2327 = DIRECTION ( 'NONE',  ( -0.000000000000000000, 1.000000000000000000, 0.000000000000000000 ) ) ;
#2328 = DIRECTION ( 'NONE',  ( 1.000000000000000000, -0.000000000000000000, -0.000000000000000000 ) ) ;
#2329 = FACE_OUTER_BOUND ( 'NONE', #1806, .T. ) ;
#2330 = DIRECTION ( 'NONE',  ( 1.000000000000000000, -0.000000000000000000, -0.000000000000000000 ) ) ;
#2331 = EDGE_LOOP ( 'NONE', ( #2357, #554, #1919, #1381 ) ) ;
#2332 = DIRECTION ( 'NONE',  ( -1.000000000000000000, -0.000000000000000000, -0.000000000000000000 ) ) ;
#2333 = AXIS2_PLACEMENT_3D ( 'NONE', #38, #48, #787 ) ;
#2334 = EDGE_CURVE ( 'NONE', #2371, #1715, #2376, .T. ) ;
#2335 = CARTESIAN_POINT ( 'NONE',  ( 59.79999999999999005, 7.800000000000000711, -4.799999999999999822 ) ) ;
#2336 = AXIS2_PLACEMENT_3D ( 'NONE', #98, #1613, #1209 ) ;
#2337 = VECTOR ( 'NONE', #2310, 1000.000000000000000 ) ;
#2338 = CARTESIAN_POINT ( 'NONE',  ( 0.000000000000000000, 7.800000000000000711, -2.050000000000000266 ) ) ;
#2339 = SPHERICAL_SURFACE ( 'NONE', #928, 0.2000000000000000111 ) ;
#2340 = DIRECTION ( 'NONE',  ( 0.000000000000000000, 1.000000000000000000, -0.000000000000000000 ) ) ;
#2341 = VECTOR ( 'NONE', #88, 1000.000000000000000 ) ;
#2342 = DIRECTION ( 'NONE',  ( 0.000000000000000000, 0.000000000000000000, -1.000000000000000000 ) ) ;
#2343 = ORIENTED_EDGE ( 'NONE', *, *, #840, .T. ) ;
#2344 = ORIENTED_EDGE ( 'NONE', *, *, #1796, .F. ) ;
#2345 = CARTESIAN_POINT ( 'NONE',  ( 46.80000000000000426, 8.000000000000000000, 2.050000000000000266 ) ) ;
#2346 = CARTESIAN_POINT ( 'NONE',  ( 49.80000000000000426, 8.000000000000000000, -2.050000000000000266 ) ) ;
#2347 = EDGE_CURVE ( 'NONE', #1482, #1693, #2137, .T. ) ;
#2348 = ORIENTED_EDGE ( 'NONE', *, *, #1135, .T. ) ;
#2349 = CARTESIAN_POINT ( 'NONE',  ( 59.79999999999999005, 0.000000000000000000, 4.800000000000001599 ) ) ;
#2350 = CIRCLE ( 'NONE', #1484, 1.850000000000000089 ) ;
#2351 = CARTESIAN_POINT ( 'NONE',  ( -50.50000000000000000, 7.917157287525380838, 1.850000000000000089 ) ) ;
#2352 = CARTESIAN_POINT ( 'NONE',  ( -50.50000000000000000, 7.800000000000000711, 5.000000000000000000 ) ) ;
#2353 = DIRECTION ( 'NONE',  ( -1.000000000000000000, -0.000000000000000000, -0.000000000000000000 ) ) ;
#2354 = CARTESIAN_POINT ( 'NONE',  ( -59.80000000000000426, 0.1999999999999996503, 5.000000000000000888 ) ) ;
#2355 = CARTESIAN_POINT ( 'NONE',  ( 49.80000000000000426, 7.800000000000000711, 0.000000000000000000 ) ) ;
#2356 = ORIENTED_EDGE ( 'NONE', *, *, #1305, .F. ) ;
#2357 = ORIENTED_EDGE ( 'NONE', *, *, #1988, .T. ) ;
#2358 =( BOUNDED_CURVE ( )  B_SPLINE_CURVE ( 3, ( #826, #1400, #113, #284 ),
 .UNSPECIFIED., .F., .T. ) 
 B_SPLINE_CURVE_WITH_KNOTS ( ( 4, 4 ),
 ( 0.000000000000000000, 1.570796326794896558 ),
 .UNSPECIFIED. ) 
 CURVE ( )  GEOMETRIC_REPRESENTATION_ITEM ( )  RATIONAL_B_SPLINE_CURVE ( ( 1.000000000000000000, 0.8047378541243649375, 0.8047378541243649375, 1.000000000000000000 ) ) 
 REPRESENTATION_ITEM ( '' )  );
#2359 = CARTESIAN_POINT ( 'NONE',  ( 50.70000000000000284, 8.000000000000000000, 2.050000000000000266 ) ) ;
#2360 = CYLINDRICAL_SURFACE ( 'NONE', #1635, 1.850000000000000089 ) ;
#2361 = ORIENTED_EDGE ( 'NONE', *, *, #712, .F. ) ;
#2362 = EDGE_CURVE ( 'NONE', #9, #1180, #1852, .T. ) ;
#2363 = ORIENTED_EDGE ( 'NONE', *, *, #611, .F. ) ;
#2364 = DIRECTION ( 'NONE',  ( 1.000000000000000000, -0.000000000000000000, 0.000000000000000000 ) ) ;
#2365 = FACE_OUTER_BOUND ( 'NONE', #1644, .T. ) ;
#2366 = DIRECTION ( 'NONE',  ( -1.000000000000000000, 0.000000000000000000, 1.734723475976805517E-15 ) ) ;
#2367 = CARTESIAN_POINT ( 'NONE',  ( 0.000000000000000000, 8.000000000000000000, -4.799999999999999822 ) ) ;
#2368 = DIRECTION ( 'NONE',  ( 0.000000000000000000, 0.000000000000000000, 1.000000000000000000 ) ) ;
#2369 = EDGE_CURVE ( 'NONE', #169, #1732, #85, .T. ) ;
#2370 = VECTOR ( 'NONE', #201, 1000.000000000000000 ) ;
#2371 = VERTEX_POINT ( 'NONE', #1574 ) ;
#2372 = DIRECTION ( 'NONE',  ( 1.000000000000000000, -0.000000000000000000, -0.000000000000000000 ) ) ;
#2373 = DIRECTION ( 'NONE',  ( 0.000000000000000000, 0.000000000000000000, -1.000000000000000000 ) ) ;
#2374 = ORIENTED_EDGE ( 'NONE', *, *, #126, .F. ) ;
#2375 = ORIENTED_EDGE ( 'NONE', *, *, #1432, .T. ) ;
#2376 = LINE ( 'NONE', #1036, #1456 ) ;
#2377 = DIRECTION ( 'NONE',  ( -1.000000000000000000, 0.000000000000000000, 0.000000000000000000 ) ) ;
#2378 = CYLINDRICAL_SURFACE ( 'NONE', #1673, 0.1999999999999987899 ) ;
#2379 = VECTOR ( 'NONE', #1898, 1000.000000000000000 ) ;
#2380 = CARTESIAN_POINT ( 'NONE',  ( -50.00000000000000000, 4.849999999999999645, -1.850000000000000089 ) ) ;
#2381 = DIRECTION ( 'NONE',  ( 1.000000000000000000, -0.000000000000000000, -0.000000000000000000 ) ) ;
#2382 = ADVANCED_FACE ( 'NONE', ( #295 ), #457, .T. ) ;
#2383 = AXIS2_PLACEMENT_3D ( 'NONE', #1119, #2373, #503 ) ;
#2384 = ORIENTED_EDGE ( 'NONE', *, *, #989, .T. ) ;
#2385 = LINE ( 'NONE', #842, #2016 ) ;
#2386 = ORIENTED_EDGE ( 'NONE', *, *, #1974, .T. ) ;
#2387 = ORIENTED_EDGE ( 'NONE', *, *, #264, .T. ) ;
#2388 = CARTESIAN_POINT ( 'NONE',  ( -59.80000000000000426, 0.1999999999999996503, 4.800000000000001599 ) ) ;
#2389 = CYLINDRICAL_SURFACE ( 'NONE', #615, 0.1999999999999996503 ) ;
#2390 = DIRECTION ( 'NONE',  ( -1.000000000000000000, 0.000000000000000000, -0.000000000000000000 ) ) ;
#2391 = DIRECTION ( 'NONE',  ( -1.000000000000000000, -0.000000000000000000, -0.000000000000000000 ) ) ;
#2392 = ORIENTED_EDGE ( 'NONE', *, *, #190, .F. ) ;
#2393 = CARTESIAN_POINT ( 'NONE',  ( -50.00000000000000000, 7.800000000000000711, 1.850000000000000089 ) ) ;
#2394 = ORIENTED_EDGE ( 'NONE', *, *, #998, .T. ) ;
#2395 = ORIENTED_EDGE ( 'NONE', *, *, #1348, .T. ) ;
#2396 = EDGE_CURVE ( 'NONE', #1851, #2099, #1599, .T. ) ;
#2397 = EDGE_CURVE ( 'NONE', #358, #1715, #1674, .T. ) ;
#2398 = DIRECTION ( 'NONE',  ( 1.000000000000000000, 0.000000000000000000, 0.000000000000000000 ) ) ;
#2399 = DIRECTION ( 'NONE',  ( -1.000000000000000000, 0.000000000000000000, 0.000000000000000000 ) ) ;
#2400 = ORIENTED_EDGE ( 'NONE', *, *, #2281, .F. ) ;
#2401 = CARTESIAN_POINT ( 'NONE',  ( 47.70000000000000284, 8.000000000000000000, 2.050000000000000266 ) ) ;
#2402 = FACE_OUTER_BOUND ( 'NONE', #2105, .T. ) ;
#2403 = ORIENTED_EDGE ( 'NONE', *, *, #145, .F. ) ;
#2404 = CARTESIAN_POINT ( 'NONE',  ( -50.50000000000000000, 7.800000000000000711, -1.850000000000000089 ) ) ;
#2405 = EDGE_CURVE ( 'NONE', #1851, #1255, #391, .T. ) ;
#2406 = AXIS2_PLACEMENT_3D ( 'NONE', #1039, #1440, #299 ) ;
#2407 = ORIENTED_EDGE ( 'NONE', *, *, #582, .T. ) ;
#2408 = ORIENTED_EDGE ( 'NONE', *, *, #1075, .T. ) ;
#2409 = ADVANCED_FACE ( 'NONE', ( #2410 ), #2033, .T. ) ;
#2410 = FACE_OUTER_BOUND ( 'NONE', #2235, .T. ) ;
#2411 = CARTESIAN_POINT ( 'NONE',  ( 46.80000000000000426, 7.800000000000000711, 0.000000000000000000 ) ) ;
#2412 = DIRECTION ( 'NONE',  ( 0.000000000000000000, -0.000000000000000000, -1.000000000000000000 ) ) ;
#2413 = EDGE_LOOP ( 'NONE', ( #2375, #1445, #2153, #1721 ) ) ;
#2414 = EDGE_CURVE ( 'NONE', #1224, #1977, #1770, .T. ) ;
#2415 = LINE ( 'NONE', #892, #1460 ) ;
#2416 = CARTESIAN_POINT ( 'NONE',  ( -60.00000000000000711, 7.800000000000000711, 5.000000000000000888 ) ) ;
#2417 = DIRECTION ( 'NONE',  ( -1.000000000000000000, -0.000000000000000000, -0.000000000000000000 ) ) ;
#2418 = VECTOR ( 'NONE', #2162, 1000.000000000000000 ) ;
#2419 = ORIENTED_EDGE ( 'NONE', *, *, #1052, .F. ) ;
#2420 = DIRECTION ( 'NONE',  ( -0.000000000000000000, -1.000000000000000000, 0.000000000000000000 ) ) ;
#2421 = CIRCLE ( 'NONE', #2383, 0.1999999999999987899 ) ;
#2422 = EDGE_LOOP ( 'NONE', ( #1688, #2344, #1665, #1887 ) ) ;
#2423 = VECTOR ( 'NONE', #836, 1000.000000000000000 ) ;
#2424 = EDGE_CURVE ( 'NONE', #1050, #2069, #507, .T. ) ;
#2425 = ORIENTED_EDGE ( 'NONE', *, *, #568, .T. ) ;
#2426 =( NAMED_UNIT ( * ) PLANE_ANGLE_UNIT ( ) SI_UNIT ( $, .RADIAN. ) );
#2427 = CYLINDRICAL_SURFACE ( 'NONE', #660, 0.1999999999999987899 ) ;
#2428 = CARTESIAN_POINT ( 'NONE',  ( 59.91715728752536307, 8.000000000000000000, 1.932842712474619473 ) ) ;
#2429 = ORIENTED_EDGE ( 'NONE', *, *, #2270, .F. ) ;
#2430 = CARTESIAN_POINT ( 'NONE',  ( -50.00000000000000000, 3.000000000000000000, -4.999999999999980460 ) ) ;
#2431 = CARTESIAN_POINT ( 'NONE',  ( 47.00000000000000711, 4.849999999999999645, 0.000000000000000000 ) ) ;
#2432 = LINE ( 'NONE', #1417, #337 ) ;
#2433 = ORIENTED_EDGE ( 'NONE', *, *, #417, .F. ) ;
#2434 = EDGE_CURVE ( 'NONE', #1930, #119, #2161, .T. ) ;
#2435 = SPHERICAL_SURFACE ( 'NONE', #1908, 0.2000000000000000111 ) ;
#2436 = ORIENTED_EDGE ( 'NONE', *, *, #425, .F. ) ;
#2437 = EDGE_CURVE ( 'NONE', #239, #686, #1256, .T. ) ;
ENDSEC;
END-ISO-10303-21;
