ISO-10303-21;
HEADER;
FILE_DESCRIPTION (( 'STEP AP214' ),
    '1' );
FILE_NAME ('Fiber_Cladding_Mold_Bottom.STEP',
    '2025-10-13T15:25:10',
    ( '' ),
    ( '' ),
    'SwSTEP 2.0',
    'SolidWorks 2025',
    '' );
FILE_SCHEMA (( 'AUTOMOTIVE_DESIGN' ));
ENDSEC;

DATA;
#1 = VECTOR ( 'NONE', #5959, 1000.000000000000000 ) ;
#2 = CARTESIAN_POINT ( 'NONE',  ( -1.435711727751726396, 0.3000000000000234701, 41.74463402012479918 ) ) ;
#3 = ORIENTED_EDGE ( 'NONE', *, *, #565, .T. ) ;
#4 = B_SPLINE_CURVE_WITH_KNOTS ( 'NONE', 3,
 ( #2989, #4533, #2889, #6577, #1973, #4030, #1474, #973, #3024, #301, #6450, #5953, #6593, #1460, #6099, #4046, #3076, #3573, #6162 ),
 .UNSPECIFIED., .F., .F.,
 ( 4, 1, 1, 1, 1, 1, 1, 1, 1, 1, 1, 1, 1, 1, 1, 1, 4 ),
 ( 0.000000000000000000, 0.06480916084195609272, 0.1263493137603080851, 0.1840869594338958026, 0.2387416829624842418, 0.2896182280257562081, 0.3370906112673940913, 0.3811990263900851827, 0.4217897500224108698, 0.4972470010393397200, 0.5692737207317585257, 0.6391353460476641990, 0.7082163981344784531, 0.7773921899943855296, 0.8483686164361373683, 0.9221571796891797623, 1.000000000000000000 ),
 .UNSPECIFIED. ) ;
#5 = VECTOR ( 'NONE', #2852, 1000.000000000000000 ) ;
#6 = EDGE_CURVE ( 'NONE', #3635, #1353, #542, .T. ) ;
#7 = EDGE_LOOP ( 'NONE', ( #3845, #1095, #4999, #3944 ) ) ;
#8 = AXIS2_PLACEMENT_3D ( 'NONE', #3178, #5226, #4682 ) ;
#9 = EDGE_LOOP ( 'NONE', ( #4965, #3597, #5185, #5374 ) ) ;
#10 = CARTESIAN_POINT ( 'NONE',  ( -0.2557676580217192464, 0.3000000000000316858, 31.14829254150390980 ) ) ;
#11 = DIRECTION ( 'NONE',  ( -7.228014483236701486E-16, 1.000000000000000000, 0.000000000000000000 ) ) ;
#12 = CARTESIAN_POINT ( 'NONE',  ( -2.068540174841012380, 1.907368201468465914E-14, 43.12867366004707748 ) ) ;
#13 = FACE_BOUND ( 'NONE', #26, .T. ) ;
#14 = FACE_OUTER_BOUND ( 'NONE', #5997, .T. ) ;
#15 = CARTESIAN_POINT ( 'NONE',  ( 2.026100084516718525, 4.766640212433143137E-14, -40.45306481255424558 ) ) ;
#16 = ORIENTED_EDGE ( 'NONE', *, *, #5321, .F. ) ;
#17 = EDGE_CURVE ( 'NONE', #4289, #1166, #2485, .T. ) ;
#18 = DIRECTION ( 'NONE',  ( 0.000000000000000000, -1.000000000000000000, 0.000000000000000000 ) ) ;
#19 = B_SPLINE_SURFACE_WITH_KNOTS ( 'NONE', 3, 1, ( 
 ( #5960, #1350 ),
 ( #3401, #5453 ),
 ( #6486, #1880 ),
 ( #3937, #1383 ),
 ( #3432, #5480 ),
 ( #877, #910 ),
 ( #4470, #2959 ),
 ( #3969, #3463 ),
 ( #2415, #6518 ),
 ( #6024, #5513 ),
 ( #1417, #5010 ) ),
 .UNSPECIFIED., .F., .F., .F.,
 ( 4, 1, 1, 1, 1, 1, 1, 1, 4 ),
 ( 2, 2 ),
 ( 0.000000000000000000, 0.1850972836079776140, 0.3457019150817388642, 0.4856983546663037887, 0.6051019010543309262, 0.7108152203237482203, 0.8056958280862535071, 0.9000712421470832281, 0.9999999999999998890 ),
 ( 0.000000000000000000, 1.000000000000000000 ),
 .UNSPECIFIED. ) ;
#20 = ORIENTED_EDGE ( 'NONE', *, *, #2389, .T. ) ;
#21 = CARTESIAN_POINT ( 'NONE',  ( -2.252638894129060265, 1.778812752888638423E-14, 40.91358316440700804 ) ) ;
#22 = CARTESIAN_POINT ( 'NONE',  ( 7.999999999999983125, 1.400000000000002798, 32.75000000000000000 ) ) ;
#23 = CARTESIAN_POINT ( 'NONE',  ( 0.6463577751769004065, 3.810970636286548086E-14, -36.59201302590562221 ) ) ;
#24 = CARTESIAN_POINT ( 'NONE',  ( -4.031818089520687209, 0.3000000000000053180, -39.77912626201226942 ) ) ;
#25 = CARTESIAN_POINT ( 'NONE',  ( -4.239727889166937658, 0.3000000000000038747, 44.87850528293186159 ) ) ;
#26 = EDGE_LOOP ( 'NONE', ( #1991, #6394, #2455, #114, #3122, #5343, #5620, #4315, #752, #6012, #786, #5779 ) ) ;
#27 = CARTESIAN_POINT ( 'NONE',  ( 1.705915048200118411, 4.548228113576691101E-14, 44.52898474713279597 ) ) ;
#28 = CARTESIAN_POINT ( 'NONE',  ( 1.281970042138967703, 0.3000000000000423994, 44.53731812809299129 ) ) ;
#29 = CIRCLE ( 'NONE', #884, 2.599999999999998312 ) ;
#30 = LINE ( 'NONE', #2543, #2327 ) ;
#31 = EDGE_CURVE ( 'NONE', #3115, #4447, #508, .T. ) ;
#32 = CARTESIAN_POINT ( 'NONE',  ( -4.032317496064095508, 0.3000000000000053180, -37.04325120219272094 ) ) ;
#33 = LINE ( 'NONE', #5647, #3791 ) ;
#34 = CARTESIAN_POINT ( 'NONE',  ( 12.00000000000000000, 1.000000000000002220, 70.00000000000000000 ) ) ;
#35 = FACE_OUTER_BOUND ( 'NONE', #3576, .T. ) ;
#36 = EDGE_CURVE ( 'NONE', #4278, #6630, #6085, .T. ) ;
#37 = CARTESIAN_POINT ( 'NONE',  ( -0.7381816162728104258, 0.3000000000000282996, 43.33414768301840070 ) ) ;
#38 = CARTESIAN_POINT ( 'NONE',  ( 1.405523301696085303, 0.3000000000000432876, 37.89463506792281322 ) ) ;
#39 = VECTOR ( 'NONE', #5519, 1000.000000000000000 ) ;
#40 = CARTESIAN_POINT ( 'NONE',  ( 4.066888863434393819, 6.207057437479512885E-14, 32.29033188625272288 ) ) ;
#41 = ORIENTED_EDGE ( 'NONE', *, *, #6319, .F. ) ;
#42 = VECTOR ( 'NONE', #3609, 1000.000000000000000 ) ;
#43 = ORIENTED_EDGE ( 'NONE', *, *, #3968, .T. ) ;
#44 = CARTESIAN_POINT ( 'NONE',  ( -0.6015051947699714407, 0.3000000000000292988, 28.29728762308756629 ) ) ;
#45 = CARTESIAN_POINT ( 'NONE',  ( -4.800000000000014033, -8.817456953860966955E-16, -26.04201507568359730 ) ) ;
#46 = CARTESIAN_POINT ( 'NONE',  ( 4.277826605902761870, 6.339012438352647476E-14, -16.05640580919052596 ) ) ;
#47 = CARTESIAN_POINT ( 'NONE',  ( -4.800000000000007816, 0.2999999999999999889, 14.33126415146720944 ) ) ;
#48 = DIRECTION ( 'NONE',  ( 0.000000000000000000, 0.000000000000000000, -1.000000000000000000 ) ) ;
#49 = CARTESIAN_POINT ( 'NONE',  ( 0.1728218694969672342, 0.3000000000000347389, 35.33304037239585682 ) ) ;
#50 = ORIENTED_EDGE ( 'NONE', *, *, #418, .F. ) ;
#51 = FACE_OUTER_BOUND ( 'NONE', #532, .T. ) ;
#52 = B_SPLINE_SURFACE_WITH_KNOTS ( 'NONE', 3, 1, ( 
 ( #141, #5795 ),
 ( #238, #3204 ),
 ( #1778, #5252 ),
 ( #5762, #3237 ),
 ( #779, #2828 ),
 ( #2795, #108 ),
 ( #3708, #4305 ),
 ( #4210, #209 ),
 ( #3742, #6354 ),
 ( #2696, #3803 ),
 ( #1190, #1717 ),
 ( #5350, #3330 ),
 ( #6293, #4745 ),
 ( #5287, #650 ),
 ( #685, #5381 ),
 ( #4843, #4337 ),
 ( #5853, #6385 ),
 ( #2731, #1221 ),
 ( #179, #6256 ) ),
 .UNSPECIFIED., .F., .F., .F.,
 ( 4, 1, 1, 1, 1, 1, 1, 1, 1, 1, 1, 1, 1, 1, 1, 1, 4 ),
 ( 2, 2 ),
 ( 0.000000000000000000, 0.06480916084195609272, 0.1263493137603080851, 0.1840869594338958026, 0.2387416829624842418, 0.2896182280257562081, 0.3370906112673940913, 0.3811990263900851827, 0.4217897500224108698, 0.4972470010393397200, 0.5692737207317585257, 0.6391353460476641990, 0.7082163981344784531, 0.7773921899943855296, 0.8483686164361373683, 0.9221571796891797623, 1.000000000000000000 ),
 ( 0.000000000000000000, 1.000000000000000000 ),
 .UNSPECIFIED. ) ;
#53 = CARTESIAN_POINT ( 'NONE',  ( 3.692094548271878995, 5.925164872633281732E-14, 26.97495226025659676 ) ) ;
#54 = VECTOR ( 'NONE', #1553, 1000.000000000000000 ) ;
#55 = ORIENTED_EDGE ( 'NONE', *, *, #5384, .T. ) ;
#56 = EDGE_CURVE ( 'NONE', #2201, #5427, #5577, .T. ) ;
#57 = VECTOR ( 'NONE', #95, 1000.000000000000000 ) ;
#58 = ADVANCED_FACE ( 'NONE', ( #5613 ), #5265, .T. ) ;
#59 = ORIENTED_EDGE ( 'NONE', *, *, #161, .T. ) ;
#60 = CARTESIAN_POINT ( 'NONE',  ( -4.736818324824295878, 4.411952796656565030E-16, 31.88058835164393656 ) ) ;
#61 = DIRECTION ( 'NONE',  ( 8.493092510093977457E-16, 0.000000000000000000, 1.000000000000000000 ) ) ;
#62 = CARTESIAN_POINT ( 'NONE',  ( -1.289434242248535867, 2.451414966394188296E-14, 42.10905896292793216 ) ) ;
#63 = LINE ( 'NONE', #5598, #3615 ) ;
#64 = ORIENTED_EDGE ( 'NONE', *, *, #6420, .F. ) ;
#65 = PLANE ( 'NONE',  #5700 ) ;
#66 = CARTESIAN_POINT ( 'NONE',  ( -4.905891476798508677, 0.2999999999999992117, 40.15471682547129717 ) ) ;
#67 = DIRECTION ( 'NONE',  ( -1.000000000000000000, -6.672013369141575078E-16, 0.000000000000000000 ) ) ;
#68 = FACE_OUTER_BOUND ( 'NONE', #243, .T. ) ;
#69 = CARTESIAN_POINT ( 'NONE',  ( 0.4771993274052295231, 3.685048594598178051E-14, 44.40054452501518512 ) ) ;
#70 = CARTESIAN_POINT ( 'NONE',  ( -3.532939553499323981, 8.847835808286832136E-15, -36.93690210253235762 ) ) ;
#71 = B_SPLINE_CURVE_WITH_KNOTS ( 'NONE', 3,
 ( #5188, #2125, #1282, #3332, #2162, #152, #3681, #586, #1100, #1623, #4681 ),
 .UNSPECIFIED., .F., .F.,
 ( 4, 1, 1, 1, 1, 1, 1, 1, 4 ),
 ( 0.000000000000000000, 0.1314695072733018111, 0.2603570407267057907, 0.3872900060521326515, 0.5125221014239885742, 0.6363758010241368224, 0.7584642406616972643, 0.8795863584309628891, 1.000000000000000000 ),
 .UNSPECIFIED. ) ;
#72 = DIRECTION ( 'NONE',  ( -7.228014483236701486E-16, 1.000000000000000000, -0.000000000000000000 ) ) ;
#73 = CARTESIAN_POINT ( 'NONE',  ( -4.800000000000007816, -1.689219635093318271E-29, 14.33126415146720944 ) ) ;
#74 = DIRECTION ( 'NONE',  ( -5.782411586589357639E-16, 1.000000000000000000, -0.000000000000000000 ) ) ;
#75 = CARTESIAN_POINT ( 'NONE',  ( 4.277826605902767199, 0.3000000000000633271, -0.8510462443033864899 ) ) ;
#76 = AXIS2_PLACEMENT_3D ( 'NONE', #4622, #2463, #3112 ) ;
#77 = CARTESIAN_POINT ( 'NONE',  ( 4.387320004892061753, 6.413055850251758727E-14, -32.34906462542820549 ) ) ;
#78 = VECTOR ( 'NONE', #6185, 1000.000000000000000 ) ;
#79 = PRODUCT ( 'Fiber_Cladding_Mold_Bottom_washer clamp', 'Fiber_Cladding_Mold_Bottom_washer clamp', '', ( #2253 ) ) ;
#80 = ORIENTED_EDGE ( 'NONE', *, *, #3835, .T. ) ;
#81 = VERTEX_POINT ( 'NONE', #822 ) ;
#82 = EDGE_LOOP ( 'NONE', ( #4981, #5056, #6368, #852 ) ) ;
#83 = VECTOR ( 'NONE', #1230, 1000.000000000000000 ) ;
#84 = DIRECTION ( 'NONE',  ( 1.000000000000000000, 6.505213034913030548E-16, 0.000000000000000000 ) ) ;
#85 = DIRECTION ( 'NONE',  ( -7.228014483236701486E-16, 1.000000000000000000, 0.000000000000000000 ) ) ;
#86 = CARTESIAN_POINT ( 'NONE',  ( -4.815168031478021859, 1.084202172485504434E-16, 39.19675034668204461 ) ) ;
#87 = CARTESIAN_POINT ( 'NONE',  ( -4.494612133933040710, 0.3000000000000020983, -39.45794175578115670 ) ) ;
#88 = CARTESIAN_POINT ( 'NONE',  ( 3.200750049242689688, 0.3000000000000558886, -28.03221665894349002 ) ) ;
#89 = ORIENTED_EDGE ( 'NONE', *, *, #4786, .F. ) ;
#90 = FACE_OUTER_BOUND ( 'NONE', #436, .T. ) ;
#91 = CARTESIAN_POINT ( 'NONE',  ( -2.068540174841012380, 0.3000000000000190292, 43.12867366004707748 ) ) ;
#92 = ORIENTED_EDGE ( 'NONE', *, *, #196, .F. ) ;
#93 = ORIENTED_EDGE ( 'NONE', *, *, #2031, .T. ) ;
#94 = DIRECTION ( 'NONE',  ( 1.000000000000000000, 0.000000000000000000, 0.000000000000000000 ) ) ;
#95 = DIRECTION ( 'NONE',  ( 4.496343093579168074E-16, 1.597421961313887122E-30, 1.000000000000000000 ) ) ;
#96 = CARTESIAN_POINT ( 'NONE',  ( 4.277826605902770751, 6.339012438352648739E-14, 13.44653065999347952 ) ) ;
#97 = DIRECTION ( 'NONE',  ( 0.3084138270448672503, 0.000000000000000000, 0.9512522858251321045 ) ) ;
#98 = DIRECTION ( 'NONE',  ( -0.000000000000000000, 1.000000000000000000, -0.000000000000000000 ) ) ;
#99 = ADVANCED_FACE ( 'NONE', ( #5454 ), #5514, .T. ) ;
#100 = ORIENTED_EDGE ( 'NONE', *, *, #3924, .F. ) ;
#101 = CARTESIAN_POINT ( 'NONE',  ( 2.672675564669841464, 5.225854471380131372E-14, 44.26277254197214717 ) ) ;
#102 = CARTESIAN_POINT ( 'NONE',  ( -3.532939553499323981, 0.3000000000000088152, -36.93690210253235762 ) ) ;
#103 = CARTESIAN_POINT ( 'NONE',  ( 0.8643077578808564532, 0.3000000000000395683, -40.29764746398601716 ) ) ;
#104 = CARTESIAN_POINT ( 'NONE',  ( -2.510850010807409216, 0.3000000000000159761, 34.81533178956154018 ) ) ;
#105 = CARTESIAN_POINT ( 'NONE',  ( -1.014962439699554020, 2.643077601721870033E-14, 42.77801847118195866 ) ) ;
#106 = CARTESIAN_POINT ( 'NONE',  ( 2.026100084516718969, 4.765068548073791987E-14, -40.45306481255425268 ) ) ;
#107 = CARTESIAN_POINT ( 'NONE',  ( -0.8112512040076094166, 2.786399583287746395E-14, 28.80501068710431767 ) ) ;
#108 = CARTESIAN_POINT ( 'NONE',  ( 0.3864782055840120245, 3.621235256101584810E-14, 38.09806593738794334 ) ) ;
#109 = EDGE_CURVE ( 'NONE', #4347, #4507, #1917, .T. ) ;
#110 = CARTESIAN_POINT ( 'NONE',  ( 4.277826605902770751, 0.3000000000000633271, 13.44653065999347952 ) ) ;
#111 = EDGE_CURVE ( 'NONE', #2526, #5128, #3402, .T. ) ;
#112 = B_SPLINE_SURFACE_WITH_KNOTS ( 'NONE', 3, 1, ( 
 ( #6165, #1559 ),
 ( #485, #3510 ),
 ( #6596, #5591 ),
 ( #4585, #2023 ),
 ( #5668, #6133 ),
 ( #1524, #3577 ),
 ( #1073, #523 ),
 ( #2602, #3753 ),
 ( #4687, #5808 ),
 ( #3648, #1730 ),
 ( #3184, #700 ),
 ( #666, #5232 ),
 ( #123, #2202 ),
 ( #2779, #3250 ),
 ( #4153, #2095 ) ),
 .UNSPECIFIED., .F., .F., .F.,
 ( 4, 1, 1, 1, 1, 1, 1, 1, 1, 1, 1, 1, 4 ),
 ( 2, 2 ),
 ( 0.000000000000000000, 0.04727672915333756831, 0.1009447685583632071, 0.1646827786718301490, 0.2403054573951383666, 0.2873553295333588498, 0.3484448112134984621, 0.4224586930946468977, 0.5108902320761168347, 0.6119418840168006080, 0.7279580536416550007, 0.8566578048970563408, 1.000000000000000000 ),
 ( 0.000000000000000000, 1.000000000000000000 ),
 .UNSPECIFIED. ) ;
#113 = CARTESIAN_POINT ( 'NONE',  ( 4.045621532888002747, 6.174531372304947752E-14, -34.69927980785723776 ) ) ;
#114 = ORIENTED_EDGE ( 'NONE', *, *, #3787, .T. ) ;
#115 = AXIS2_PLACEMENT_3D ( 'NONE', #3007, #2943, #1927 ) ;
#116 = ORIENTED_EDGE ( 'NONE', *, *, #4307, .F. ) ;
#117 = ORIENTED_EDGE ( 'NONE', *, *, #2031, .F. ) ;
#118 = CARTESIAN_POINT ( 'NONE',  ( -0.6015051947699714407, 0.3000000000000292988, 28.29728762308756629 ) ) ;
#119 = CARTESIAN_POINT ( 'NONE',  ( -1.289434242248550522, 2.451414966394187980E-14, -29.83271688885157857 ) ) ;
#120 = CARTESIAN_POINT ( 'NONE',  ( 1.125950384185458342, 4.138069036258763874E-14, 39.94446498970654602 ) ) ;
#121 = AXIS2_PLACEMENT_3D ( 'NONE', #299, #5471, #6448 ) ;
#122 = CARTESIAN_POINT ( 'NONE',  ( -4.630583796061953805, 0.3000000000000011546, -33.57167349979290805 ) ) ;
#123 = CARTESIAN_POINT ( 'NONE',  ( 0.8433027952743146205, 0.3000000000000394018, -32.68593253902218976 ) ) ;
#124 = CARTESIAN_POINT ( 'NONE',  ( 4.381446922212215433, 6.407634839389331205E-14, 29.79334593484650995 ) ) ;
#125 = VECTOR ( 'NONE', #6267, 1000.000000000000000 ) ;
#126 = VERTEX_POINT ( 'NONE', #401 ) ;
#127 = ORIENTED_EDGE ( 'NONE', *, *, #3362, .F. ) ;
#128 = CARTESIAN_POINT ( 'NONE',  ( -4.239727889166951869, 3.912359239295775660E-15, -27.06327056884764204 ) ) ;
#129 = CARTESIAN_POINT ( 'NONE',  ( 4.389964219678220481, 0.3000000000000641598, 39.92169896794879946 ) ) ;
#130 = PLANE ( 'NONE',  #5450 ) ;
#131 = DIRECTION ( 'NONE',  ( -0.3136923190926536043, 0.000000000000000000, -0.9495246857993071554 ) ) ;
#132 = PLANE ( 'NONE',  #1569 ) ;
#133 = CARTESIAN_POINT ( 'NONE',  ( -8.000000000000007105, 1.399999999999990585, 65.50000000000000000 ) ) ;
#134 = VERTEX_POINT ( 'NONE', #2453 ) ;
#135 = CARTESIAN_POINT ( 'NONE',  ( 3.631842243055949826, 5.892638807458716599E-14, 43.41224695424942581 ) ) ;
#136 = CYLINDRICAL_SURFACE ( 'NONE', #3467, 1.300000000000000044 ) ;
#137 = CARTESIAN_POINT ( 'NONE',  ( -4.800000000000012257, 0.2999999999999999889, -21.95699310302734020 ) ) ;
#138 = CARTESIAN_POINT ( 'NONE',  ( -2.510850010807409216, 1.610040226140974085E-14, 34.81533178956154018 ) ) ;
#139 = CARTESIAN_POINT ( 'NONE',  ( -4.888937248571799010, -6.210454874328650064E-16, -38.71132588223601800 ) ) ;
#140 = CARTESIAN_POINT ( 'NONE',  ( -1.395815022786471404, 0.3000000000000237477, -14.12736765543618311 ) ) ;
#141 = CARTESIAN_POINT ( 'NONE',  ( 0.7619418091244145597, 0.3000000000000387912, 39.03288139237298537 ) ) ;
#142 = CARTESIAN_POINT ( 'NONE',  ( -2.054526520068907125, 0.3000000000000191402, 40.91522445580557843 ) ) ;
#143 = EDGE_CURVE ( 'NONE', #733, #4575, #4110, .T. ) ;
#144 = ADVANCED_FACE ( 'NONE', ( #1291 ), #1602, .T. ) ;
#145 = CIRCLE ( 'NONE', #3893, 1.750000000000000000 ) ;
#146 = EDGE_CURVE ( 'NONE', #6628, #4289, #4419, .T. ) ;
#147 = CARTESIAN_POINT ( 'NONE',  ( -0.9749344018057071182, 2.671029031189256285E-14, -39.55903238615307060 ) ) ;
#148 = EDGE_LOOP ( 'NONE', ( #64, #3211, #6453, #6306 ) ) ;
#149 = AXIS2_PLACEMENT_3D ( 'NONE', #6497, #1363, #3947 ) ;
#150 = ORIENTED_EDGE ( 'NONE', *, *, #652, .T. ) ;
#151 = ORIENTED_EDGE ( 'NONE', *, *, #6348, .F. ) ;
#152 = CARTESIAN_POINT ( 'NONE',  ( 4.241265047817292633, 6.313481638797759149E-14, -33.78725814992239407 ) ) ;
#153 = CARTESIAN_POINT ( 'NONE',  ( 4.000000000000000000, 5.999999999999999112, 70.00000000000000000 ) ) ;
#154 = ADVANCED_FACE ( 'NONE', ( #2048 ), #3531, .F. ) ;
#155 = CARTESIAN_POINT ( 'NONE',  ( 1.231587863774313618, 4.211835293992145905E-14, 40.15089258735746824 ) ) ;
#156 = CARTESIAN_POINT ( 'NONE',  ( -3.484424347347701012, 0.3000000000000091482, -39.88570064968532591 ) ) ;
#157 = EDGE_LOOP ( 'NONE', ( #703, #3782, #404, #3691 ) ) ;
#158 = AXIS2_PLACEMENT_3D ( 'NONE', #1970, #2110, #1604 ) ;
#159 = CARTESIAN_POINT ( 'NONE',  ( -4.800000000000006040, -1.223919835130628432E-30, 13.44653065999348307 ) ) ;
#160 = CARTESIAN_POINT ( 'NONE',  ( 3.692094548271878995, 0.3000000000000592748, 26.97495226025659676 ) ) ;
#161 = EDGE_CURVE ( 'NONE', #1416, #4751, #3103, .T. ) ;
#162 = ORIENTED_EDGE ( 'NONE', *, *, #4662, .F. ) ;
#163 = EDGE_LOOP ( 'NONE', ( #5484, #6565, #5046, #4438 ) ) ;
#164 = CARTESIAN_POINT ( 'NONE',  ( -3.254810673109344243, 1.078999939963663244E-14, 34.29693220242237572 ) ) ;
#165 = CARTESIAN_POINT ( 'NONE',  ( -1.155485990674285812, 2.544950530542629226E-14, -29.48623592552537076 ) ) ;
#166 = DIRECTION ( 'NONE',  ( -0.000000000000000000, 0.000000000000000000, 1.000000000000000000 ) ) ;
#167 = VECTOR ( 'NONE', #3570, 1000.000000000000000 ) ;
#168 = CARTESIAN_POINT ( 'NONE',  ( 4.385525955529536724, 6.414218492238134666E-14, -38.21088805528329146 ) ) ;
#169 = CIRCLE ( 'NONE', #4779, 1.000000000000000888 ) ;
#170 = CARTESIAN_POINT ( 'NONE',  ( -0.3074161322300330568, 0.3000000000000313527, 31.14462540978609084 ) ) ;
#171 = CYLINDRICAL_SURFACE ( 'NONE', #4734, 1.000000000000000888 ) ;
#172 = ORIENTED_EDGE ( 'NONE', *, *, #755, .F. ) ;
#173 = CARTESIAN_POINT ( 'NONE',  ( 2.374276282111455139, 0.3000000000000500600, 44.38900498388535709 ) ) ;
#174 = CARTESIAN_POINT ( 'NONE',  ( -4.387515913052035366, 0.3000000000000028200, -37.27241522223654613 ) ) ;
#175 = LINE ( 'NONE', #3766, #5013 ) ;
#176 = CARTESIAN_POINT ( 'NONE',  ( 10.99999999999999645, 6.000000000000003553, 70.00000000000000000 ) ) ;
#177 = LINE ( 'NONE', #4273, #473 ) ;
#178 = CARTESIAN_POINT ( 'NONE',  ( -1.395815022786471404, -2.564070599785862683E-16, -14.12736765543617956 ) ) ;
#179 = CARTESIAN_POINT ( 'NONE',  ( -1.993320406807796097, 0.3000000000000195843, 36.25457000732422586 ) ) ;
#180 = CYLINDRICAL_SURFACE ( 'NONE', #2898, 1.750000000000000000 ) ;
#181 = CARTESIAN_POINT ( 'NONE',  ( -2.612166758377050702, 1.534146074066988774E-14, 41.32253933288067316 ) ) ;
#182 = EDGE_LOOP ( 'NONE', ( #2235, #3243, #6587, #4024 ) ) ;
#183 = B_SPLINE_CURVE_WITH_KNOTS ( 'NONE', 3,
 ( #3709, #4107, #5111, #38, #1546, #3598, #2080, #4475, #370, #509, #4674 ),
 .UNSPECIFIED., .F., .F.,
 ( 4, 1, 1, 1, 1, 1, 1, 1, 4 ),
 ( 0.000000000000000000, 0.1436708984003762513, 0.2788582419204841401, 0.4067870132186550136, 0.5297837450611715404, 0.6482828039214284521, 0.7655287926444478419, 0.8817668468039334684, 1.000000000000000000 ),
 .UNSPECIFIED. ) ;
#184 = VECTOR ( 'NONE', #4620, 1000.000000000000000 ) ;
#185 = ORIENTED_EDGE ( 'NONE', *, *, #3497, .T. ) ;
#186 = ORIENTED_EDGE ( 'NONE', *, *, #4869, .F. ) ;
#187 = AXIS2_PLACEMENT_3D ( 'NONE', #2313, #3866, #5918 ) ;
#188 = CARTESIAN_POINT ( 'NONE',  ( -4.913472832573801519, 0.2999999999999991562, -38.41941889127095067 ) ) ;
#189 = DIRECTION ( 'NONE',  ( 1.000000000000000000, 0.000000000000000000, -4.246546255046991194E-16 ) ) ;
#190 = CARTESIAN_POINT ( 'NONE',  ( -4.912038222923762909, 0.2999999999999992117, -38.46913294361366553 ) ) ;
#191 = ORIENTED_EDGE ( 'NONE', *, *, #1751, .F. ) ;
#192 = CARTESIAN_POINT ( 'NONE',  ( 1.999459904540533461, 0.3000000000000474509, -31.67269176083791749 ) ) ;
#193 = CARTESIAN_POINT ( 'NONE',  ( -0.9330779622009198748, 2.700257226747362017E-14, -37.26290035613008200 ) ) ;
#194 = B_SPLINE_SURFACE_WITH_KNOTS ( 'NONE', 3, 1, ( 
 ( #5140, #537 ),
 ( #1572, #4062 ),
 ( #3630, #2579 ),
 ( #5607, #3057 ),
 ( #6181, #2657 ),
 ( #3263, #2246 ),
 ( #4809, #4707 ),
 ( #6351, #5792 ),
 ( #3739, #1187 ),
 ( #1645, #2112 ),
 ( #2148, #5316 ),
 ( #3200, #2762 ),
 ( #104, #138 ),
 ( #4204, #6252 ),
 ( #3163, #3704 ),
 ( #207, #2183 ),
 ( #5758, #5211 ),
 ( #1157, #608 ),
 ( #5249, #4773 ) ),
 .UNSPECIFIED., .F., .F., .F.,
 ( 4, 1, 1, 1, 1, 1, 1, 1, 1, 1, 1, 1, 1, 1, 1, 1, 4 ),
 ( 2, 2 ),
 ( 0.000000000000000000, 0.07379307064957585371, 0.1440714864144684026, 0.2113032929740326915, 0.2763110071120011835, 0.3394184354501711964, 0.4013881609336378276, 0.4630115693914689246, 0.5247925960214754326, 0.5859472660693472168, 0.6455944206962886955, 0.7038387163496403476, 0.7614242272367496289, 0.8194092248833625414, 0.8779974660948737242, 0.9379863130412948724, 1.000000000000000000 ),
 ( 0.000000000000000000, 1.000000000000000000 ),
 .UNSPECIFIED. ) ;
#195 = ORIENTED_EDGE ( 'NONE', *, *, #292, .T. ) ;
#196 = EDGE_CURVE ( 'NONE', #4885, #2475, #4531, .T. ) ;
#197 = ORIENTED_EDGE ( 'NONE', *, *, #655, .T. ) ;
#198 = CARTESIAN_POINT ( 'NONE',  ( -4.630583796061953805, 1.183027029094760180E-15, -33.57167349979290805 ) ) ;
#199 = CARTESIAN_POINT ( 'NONE',  ( 1.607669014400904040, 4.477754972365133312E-14, 40.45306481255425979 ) ) ;
#200 = FACE_OUTER_BOUND ( 'NONE', #2348, .T. ) ;
#201 = CARTESIAN_POINT ( 'NONE',  ( -1.168869357638894879, -2.147178176180842830E-16, 19.63080003526475181 ) ) ;
#202 = CARTESIAN_POINT ( 'NONE',  ( 4.099576544528197530, 6.214541085765260402E-14, -29.53034500109005123 ) ) ;
#203 = VERTEX_POINT ( 'NONE', #3031 ) ;
#204 = CARTESIAN_POINT ( 'NONE',  ( -0.1284804736280474868, 0.3000000000000326295, 37.13022582329503507 ) ) ;
#205 = CARTESIAN_POINT ( 'NONE',  ( -4.276383275428620401, 0.3000000000000035971, -37.17973238414391091 ) ) ;
#206 = EDGE_CURVE ( 'NONE', #6572, #2666, #472, .T. ) ;
#207 = CARTESIAN_POINT ( 'NONE',  ( -1.252004619846397659, 0.3000000000000247469, 35.26995550764645060 ) ) ;
#208 = CARTESIAN_POINT ( 'NONE',  ( -1.435711727751741273, 2.349269944208730644E-14, -30.19714183165471511 ) ) ;
#209 = CARTESIAN_POINT ( 'NONE',  ( 0.2092224859696477368, 3.496552006265751800E-14, 37.71973137853986202 ) ) ;
#210 = CARTESIAN_POINT ( 'NONE',  ( -1.362351350674517070, 2.400497221723845321E-14, 41.91966564260756201 ) ) ;
#211 = CARTESIAN_POINT ( 'NONE',  ( -2.252638894129060265, 1.783512573738654794E-14, 40.91358316440700804 ) ) ;
#212 = CARTESIAN_POINT ( 'NONE',  ( 1.467831074421174442, 0.3000000000000437317, -27.40678240473481964 ) ) ;
#213 = ORIENTED_EDGE ( 'NONE', *, *, #2902, .F. ) ;
#214 = ORIENTED_EDGE ( 'NONE', *, *, #4886, .F. ) ;
#215 = ORIENTED_EDGE ( 'NONE', *, *, #4946, .T. ) ;
#216 = CARTESIAN_POINT ( 'NONE',  ( 1.522835356000692641, 4.415212330810799389E-14, 40.44339243881893253 ) ) ;
#217 = CARTESIAN_POINT ( 'NONE',  ( -3.628049532866302496, 0.3000000000000081490, -39.88144297843886932 ) ) ;
#218 = EDGE_CURVE ( 'NONE', #251, #4268, #2012, .T. ) ;
#219 = VERTEX_POINT ( 'NONE', #1513 ) ;
#220 = DIRECTION ( 'NONE',  ( 1.000000000000000000, 0.000000000000000000, 0.000000000000000000 ) ) ;
#221 = ORIENTED_EDGE ( 'NONE', *, *, #930, .F. ) ;
#222 = ORIENTED_EDGE ( 'NONE', *, *, #2642, .F. ) ;
#223 = ADVANCED_FACE ( 'NONE', ( #3566 ), #471, .T. ) ;
#224 = CIRCLE ( 'NONE', #3972, 2.599999999999998312 ) ;
#225 = CARTESIAN_POINT ( 'NONE',  ( -4.733827212008969276, 4.620821088199164674E-16, -33.17447239858307739 ) ) ;
#226 = LINE ( 'NONE', #4228, #2437 ) ;
#227 = EDGE_CURVE ( 'NONE', #1326, #4039, #6295, .T. ) ;
#228 = CARTESIAN_POINT ( 'NONE',  ( -4.800000000000012257, 0.2999999999999999889, -14.12736765543618311 ) ) ;
#229 = CARTESIAN_POINT ( 'NONE',  ( -4.800000000000012257, -1.195273122225496042E-30, -21.95699310302734020 ) ) ;
#230 = CARTESIAN_POINT ( 'NONE',  ( -2.164650103900743972, 0.3000000000000183631, -38.94092418594462401 ) ) ;
#231 = AXIS2_PLACEMENT_3D ( 'NONE', #6232, #5773, #2165 ) ;
#232 = ORIENTED_EDGE ( 'NONE', *, *, #5443, .F. ) ;
#233 = CARTESIAN_POINT ( 'NONE',  ( 1.145745687299140503, 0.3000000000000415112, 37.62340730929452803 ) ) ;
#234 = DIRECTION ( 'NONE',  ( 1.000000000000000000, 0.000000000000000000, 0.000000000000000000 ) ) ;
#235 = CARTESIAN_POINT ( 'NONE',  ( 0.1928046332465216117, 0.3000000000000348499, 28.29728762308756629 ) ) ;
#236 = CARTESIAN_POINT ( 'NONE',  ( -1.289434242248550522, 2.451414966394187980E-14, -29.83271688885157857 ) ) ;
#237 = PLANE ( 'NONE',  #1500 ) ;
#238 = CARTESIAN_POINT ( 'NONE',  ( 0.7297105740347324954, 0.3000000000000385691, 38.94707942306996529 ) ) ;
#239 = FACE_OUTER_BOUND ( 'NONE', #763, .T. ) ;
#240 = CARTESIAN_POINT ( 'NONE',  ( -2.252638894129074920, 1.778812752888638423E-14, -31.02819268737250269 ) ) ;
#241 = CARTESIAN_POINT ( 'NONE',  ( 2.374276282111442260, 5.019856058607885529E-14, -27.55277086789415364 ) ) ;
#242 = EDGE_LOOP ( 'NONE', ( #4794, #3398, #4473, #6337 ) ) ;
#243 = EDGE_LOOP ( 'NONE', ( #4489, #1929, #3081, #2320 ) ) ;
#244 = ORIENTED_EDGE ( 'NONE', *, *, #2734, .T. ) ;
#245 = CARTESIAN_POINT ( 'NONE',  ( 1.607669014400904040, 0.3000000000000446754, 40.45306481255425979 ) ) ;
#246 = CARTESIAN_POINT ( 'NONE',  ( 1.438918895087040628, 4.356613779350453701E-14, -31.54578881946581959 ) ) ;
#247 = ORIENTED_EDGE ( 'NONE', *, *, #1116, .T. ) ;
#248 = CARTESIAN_POINT ( 'NONE',  ( -4.174721520575643829, 4.366296284980712203E-15, 37.37653426937444578 ) ) ;
#249 = CARTESIAN_POINT ( 'NONE',  ( 4.277826605902763646, 0.3000000000000633271, -21.95699310302734375 ) ) ;
#250 = ORIENTED_EDGE ( 'NONE', *, *, #4123, .T. ) ;
#251 = VERTEX_POINT ( 'NONE', #4311 ) ;
#252 = VECTOR ( 'NONE', #2558, 1000.000000000000000 ) ;
#253 = CARTESIAN_POINT ( 'NONE',  ( 0.2998072317769966966, 3.561604136614882066E-14, 28.67040053085039375 ) ) ;
#254 = CARTESIAN_POINT ( 'NONE',  ( -11.00000000000000000, -2.020667218593132311E-15, 69.00000000000000000 ) ) ;
#255 = CARTESIAN_POINT ( 'NONE',  ( 0.9975380024965487813, 4.054916125095786583E-14, 39.64574338530890429 ) ) ;
#256 = VECTOR ( 'NONE', #6503, 1000.000000000000000 ) ;
#257 = EDGE_CURVE ( 'NONE', #2869, #2770, #5309, .T. ) ;
#258 = CARTESIAN_POINT ( 'NONE',  ( -0.3284646566163282877, 3.122456441480334435E-14, -35.04625391439333271 ) ) ;
#259 = CARTESIAN_POINT ( 'NONE',  ( 0.000000000000000000, 5.000000000000000000, 62.00000000000000000 ) ) ;
#260 = EDGE_CURVE ( 'NONE', #2678, #1865, #4178, .T. ) ;
#261 = FACE_OUTER_BOUND ( 'NONE', #3034, .T. ) ;
#262 = VERTEX_POINT ( 'NONE', #6222 ) ;
#263 = CARTESIAN_POINT ( 'NONE',  ( -1.883183696199243640, 0.3000000000000203615, 36.25782677127063636 ) ) ;
#264 = CARTESIAN_POINT ( 'NONE',  ( -4.800000000000007816, -6.731559093218456817E-30, 9.361508687337233070 ) ) ;
#265 = CARTESIAN_POINT ( 'NONE',  ( 4.207079600431082866, 0.3000000000000628830, -29.93082319694041260 ) ) ;
#266 = CARTESIAN_POINT ( 'NONE',  ( -1.865965216226724843, 2.048825539012218172E-14, -30.92537861289522283 ) ) ;
#267 = VECTOR ( 'NONE', #376, 1000.000000000000227 ) ;
#268 = DIRECTION ( 'NONE',  ( 0.000000000000000000, -1.000000000000000000, 0.000000000000000000 ) ) ;
#269 = DIRECTION ( 'NONE',  ( 0.000000000000000000, -1.000000000000000000, 0.000000000000000000 ) ) ;
#270 = CARTESIAN_POINT ( 'NONE',  ( -1.624316733053017714, 0.3000000000000221378, 41.33588364029485973 ) ) ;
#271 = ADVANCED_FACE ( 'NONE', ( #5219 ), #958, .T. ) ;
#272 = VECTOR ( 'NONE', #3318, 1000.000000000000000 ) ;
#273 = DIRECTION ( 'NONE',  ( 0.000000000000000000, -1.000000000000000000, 0.000000000000000000 ) ) ;
#274 = DIRECTION ( 'NONE',  ( -1.000000000000000000, -7.506015040284271099E-16, 0.000000000000000000 ) ) ;
#275 = CARTESIAN_POINT ( 'NONE',  ( -2.346074559111977820, 1.713566976754597864E-14, -30.98743451323210962 ) ) ;
#276 = DIRECTION ( 'NONE',  ( 4.306356765681455539E-16, 0.000000000000000000, 1.000000000000000000 ) ) ;
#277 = EDGE_LOOP ( 'NONE', ( #1936, #2802, #1879, #1385 ) ) ;
#278 = DIRECTION ( 'NONE',  ( 0.000000000000000000, -1.000000000000000000, 0.000000000000000000 ) ) ;
#279 = CARTESIAN_POINT ( 'NONE',  ( -1.829057479843679168, 2.074598073580286337E-14, -28.52926550167583386 ) ) ;
#280 = CARTESIAN_POINT ( 'NONE',  ( 1.065486096489344003, 4.095847049827290327E-14, -32.13526473774381742 ) ) ;
#281 = CARTESIAN_POINT ( 'NONE',  ( -0.3988799687781692804, 3.089976191583687637E-14, -28.14651947182681369 ) ) ;
#282 = VERTEX_POINT ( 'NONE', #1876 ) ;
#283 = CARTESIAN_POINT ( 'NONE',  ( -4.815168031478021859, -1.059177977050008206E-16, 39.19675034668204461 ) ) ;
#284 = CARTESIAN_POINT ( 'NONE',  ( -4.800000000000010481, -6.944512862778303603E-30, -6.978579203287758048 ) ) ;
#285 = ORIENTED_EDGE ( 'NONE', *, *, #652, .F. ) ;
#286 = ORIENTED_EDGE ( 'NONE', *, *, #5745, .F. ) ;
#287 = VECTOR ( 'NONE', #5023, 1000.000000000000000 ) ;
#288 = CARTESIAN_POINT ( 'NONE',  ( 1.962629466150767277, 4.722318916515222712E-14, 34.79305116404280795 ) ) ;
#289 = FACE_OUTER_BOUND ( 'NONE', #1074, .T. ) ;
#290 = CARTESIAN_POINT ( 'NONE',  ( -3.265246263001241989, 0.3000000000000107025, -36.94332878210918381 ) ) ;
#291 = CIRCLE ( 'NONE', #2868, 2.599999999999996536 ) ;
#292 = EDGE_CURVE ( 'NONE', #4478, #6026, #145, .T. ) ;
#293 = VERTEX_POINT ( 'NONE', #1846 ) ;
#294 = CARTESIAN_POINT ( 'NONE',  ( 1.833044930725007626, 0.3000000000000462852, 40.41129868759333732 ) ) ;
#295 = CARTESIAN_POINT ( 'NONE',  ( -2.496294679689194496, 1.626303258728256651E-14, -39.46993800911575079 ) ) ;
#296 = CYLINDRICAL_SURFACE ( 'NONE', #4338, 1.000000000000000888 ) ;
#297 = CARTESIAN_POINT ( 'NONE',  ( -2.346074559111963609, 0.3000000000000170863, 40.95434133854740111 ) ) ;
#298 = EDGE_CURVE ( 'NONE', #2071, #369, #6178, .T. ) ;
#299 = CARTESIAN_POINT ( 'NONE',  ( -1.395815022786472293, 0.3000000000000237477, -16.05640580919052240 ) ) ;
#300 = CARTESIAN_POINT ( 'NONE',  ( -1.014962439699554020, 2.650874311727058341E-14, 42.77801847118195866 ) ) ;
#301 = CARTESIAN_POINT ( 'NONE',  ( 0.01602579398159591564, 3.363012837414785425E-14, 37.35426486064437057 ) ) ;
#302 = CARTESIAN_POINT ( 'NONE',  ( -1.624316733053032813, 0.3000000000000221378, -30.60589221148465455 ) ) ;
#303 = EDGE_CURVE ( 'NONE', #5479, #5775, #5605, .T. ) ;
#304 = CARTESIAN_POINT ( 'NONE',  ( 2.051082824931337978, 0.3000000000000478395, -27.46833411347247633 ) ) ;
#305 = ORIENTED_EDGE ( 'NONE', *, *, #6047, .T. ) ;
#306 = CARTESIAN_POINT ( 'NONE',  ( 2.744778116484929864, 0.3000000000000526690, -40.37522648952726456 ) ) ;
#307 = CARTESIAN_POINT ( 'NONE',  ( 1.191010957294032391, 0.3000000000000418443, 8.453726026746954503 ) ) ;
#308 = CARTESIAN_POINT ( 'NONE',  ( 0.2991870202482602159, 0.3000000000000355715, -34.04174424848046243 ) ) ;
#309 = CARTESIAN_POINT ( 'NONE',  ( 0.6347645690232888160, 0.3000000000000379030, -27.48981955788361375 ) ) ;
#310 = ORIENTED_EDGE ( 'NONE', *, *, #718, .F. ) ;
#311 = LINE ( 'NONE', #3347, #3831 ) ;
#312 = ORIENTED_EDGE ( 'NONE', *, *, #3764, .F. ) ;
#313 = ORIENTED_EDGE ( 'NONE', *, *, #4946, .F. ) ;
#314 = LINE ( 'NONE', #4422, #272 ) ;
#315 = CARTESIAN_POINT ( 'NONE',  ( 0.1928046332465163937, 0.3000000000000348499, -8.907617357042099115 ) ) ;
#316 = CARTESIAN_POINT ( 'NONE',  ( 3.483516777886278781, 5.784348849996791169E-14, 26.60937923855251697 ) ) ;
#317 = EDGE_CURVE ( 'NONE', #6572, #6401, #1912, .T. ) ;
#318 = B_SPLINE_CURVE_WITH_KNOTS ( 'NONE', 3,
 ( #3026, #2007, #4065, #6147, #6118, #5106, #1542, #4304, #2248, #6325, #4812, #4240, #3741, #5794, #2620, #2695, #4775, #70, #6353 ),
 .UNSPECIFIED., .F., .F.,
 ( 4, 1, 1, 1, 1, 1, 1, 1, 1, 1, 1, 1, 1, 1, 1, 1, 4 ),
 ( 0.000000000000000000, 0.06517322385667148610, 0.1285239086782593576, 0.1905621288657626533, 0.2520802153252538758, 0.3137883910047227221, 0.3762703671401960714, 0.4395166772135873923, 0.5048417826637011663, 0.5700748808773785647, 0.6328923974638378525, 0.6941757185455629253, 0.7548285562856148490, 0.8144224850962004103, 0.8753273132273083901, 0.9363749661221905107, 1.000000000000000000 ),
 .UNSPECIFIED. ) ;
#319 = CARTESIAN_POINT ( 'NONE',  ( -2.349107858101697310, 1.718460443389524528E-14, -37.52503203012601318 ) ) ;
#320 = AXIS2_PLACEMENT_3D ( 'NONE', #4644, #1091, #1919 ) ;
#321 = ORIENTED_EDGE ( 'NONE', *, *, #5556, .T. ) ;
#322 = DIRECTION ( 'NONE',  ( -0.000000000000000000, 0.000000000000000000, 1.000000000000000000 ) ) ;
#323 = CARTESIAN_POINT ( 'NONE',  ( -4.630583796061953805, 0.3000000000000011546, -33.57167349979290805 ) ) ;
#324 = AXIS2_PLACEMENT_3D ( 'NONE', #4138, #3063, #4173 ) ;
#325 = CARTESIAN_POINT ( 'NONE',  ( -2.506774760217755027, 0.3000000000000159761, 41.10176638898224866 ) ) ;
#326 = CARTESIAN_POINT ( 'NONE',  ( -1.624316733053017714, 2.211772431870429045E-14, 41.33588364029485973 ) ) ;
#327 = CARTESIAN_POINT ( 'NONE',  ( -0.3988799687781596215, 0.3000000000000306866, 43.79525637995268994 ) ) ;
#328 = CARTESIAN_POINT ( 'NONE',  ( 3.366752569092299474, 5.708324438136180845E-14, -40.13177062712606613 ) ) ;
#329 = DIRECTION ( 'NONE',  ( -0.000000000000000000, -0.000000000000000000, -1.000000000000000000 ) ) ;
#330 = CARTESIAN_POINT ( 'NONE',  ( -0.6723961416206539754, 0.3000000000000287992, 30.95075560560045957 ) ) ;
#331 = CARTESIAN_POINT ( 'NONE',  ( -1.566747100734731557, 2.260561529632276745E-14, -30.48866206042498206 ) ) ;
#332 = DIRECTION ( 'NONE',  ( -1.000000000000000000, -7.506015040284266169E-16, 0.000000000000000000 ) ) ;
#333 = ADVANCED_FACE ( 'NONE', ( #1283 ), #6390, .T. ) ;
#334 = ORIENTED_EDGE ( 'NONE', *, *, #722, .T. ) ;
#335 = ADVANCED_FACE ( 'NONE', ( #2861 ), #6112, .T. ) ;
#336 = CARTESIAN_POINT ( 'NONE',  ( -4.800000000000013145, 0.2999999999999999889, -16.05640580919052240 ) ) ;
#337 = CARTESIAN_POINT ( 'NONE',  ( -1.668646482053304680, 0.3000000000000218048, -35.67760517337441684 ) ) ;
#338 = CARTESIAN_POINT ( 'NONE',  ( 2.721719507722989650, 5.269222558279551549E-14, 34.25245672271323372 ) ) ;
#339 = VERTEX_POINT ( 'NONE', #4467 ) ;
#340 = CARTESIAN_POINT ( 'NONE',  ( -3.978403917251458921, 5.737174781966309197E-15, 37.11103345290258915 ) ) ;
#341 = CARTESIAN_POINT ( 'NONE',  ( 1.956952577167069940, 0.3000000000000471179, -36.36804283989799558 ) ) ;
#342 = VERTEX_POINT ( 'NONE', #6515 ) ;
#343 = ORIENTED_EDGE ( 'NONE', *, *, #2081, .T. ) ;
#344 = AXIS2_PLACEMENT_3D ( 'NONE', #4846, #1413, #2797 ) ;
#345 = CARTESIAN_POINT ( 'NONE',  ( 0.1647870109559484986, 0.3000000000000346834, 30.97315381409053359 ) ) ;
#346 = CARTESIAN_POINT ( 'NONE',  ( -3.265246263001241989, 1.071712806490195980E-14, -36.94332878210918381 ) ) ;
#347 = DIRECTION ( 'NONE',  ( 0.000000000000000000, 0.000000000000000000, -1.000000000000000000 ) ) ;
#348 = LINE ( 'NONE', #2395, #6403 ) ;
#349 = EDGE_CURVE ( 'NONE', #4113, #3082, #6547, .T. ) ;
#350 = LINE ( 'NONE', #2820, #1352 ) ;
#351 = VERTEX_POINT ( 'NONE', #5610 ) ;
#352 = CIRCLE ( 'NONE', #2069, 2.599999999999996536 ) ;
#353 = CARTESIAN_POINT ( 'NONE',  ( -0.3231421523624024017, 3.126173126336023016E-14, 35.34678734673394018 ) ) ;
#354 = CARTESIAN_POINT ( 'NONE',  ( 1.956952577167069940, 4.718354766125379277E-14, -36.36804283989799558 ) ) ;
#355 = DIRECTION ( 'NONE',  ( -0.000000000000000000, -0.000000000000000000, 1.000000000000000000 ) ) ;
#356 = CARTESIAN_POINT ( 'NONE',  ( -10.60000000000000853, 5.999999999999988454, -32.75000000000000000 ) ) ;
#357 = CARTESIAN_POINT ( 'NONE',  ( -1.435711727751726396, 0.3000000000000234701, 41.74463402012479918 ) ) ;
#358 = EDGE_LOOP ( 'NONE', ( #1021, #1550, #773, #4036 ) ) ;
#359 = CARTESIAN_POINT ( 'NONE',  ( 4.389349922734766984, 0.3000000000000641598, -38.35487649410439559 ) ) ;
#360 = CARTESIAN_POINT ( 'NONE',  ( 4.385725160504716058, 0.3000000000000641043, -38.63866863407061913 ) ) ;
#361 = DIRECTION ( 'NONE',  ( 1.000000000000000000, 6.982962677686266711E-15, -3.821891629542292715E-16 ) ) ;
#362 = CARTESIAN_POINT ( 'NONE',  ( -1.289434242248550522, 2.455717920679667543E-14, -29.83271688885157857 ) ) ;
#363 = CARTESIAN_POINT ( 'NONE',  ( 0.01602579398157866555, 0.3000000000000335731, -34.58751099113514016 ) ) ;
#364 = VECTOR ( 'NONE', #3839, 1000.000000000000000 ) ;
#365 = ORIENTED_EDGE ( 'NONE', *, *, #1893, .F. ) ;
#366 = VECTOR ( 'NONE', #4953, 1000.000000000000000 ) ;
#367 = CARTESIAN_POINT ( 'NONE',  ( 0.9238103592362113536, 3.996915411270061946E-14, -32.47933221643800294 ) ) ;
#368 = CARTESIAN_POINT ( 'NONE',  ( 0.1728218694969672342, 3.491130995403324278E-14, 35.33304037239585682 ) ) ;
#369 = VERTEX_POINT ( 'NONE', #5142 ) ;
#370 = CARTESIAN_POINT ( 'NONE',  ( 2.111520788161238560, 0.3000000000000482281, 39.39194116865364492 ) ) ;
#371 = EDGE_CURVE ( 'NONE', #3132, #2675, #33, .T. ) ;
#372 = ORIENTED_EDGE ( 'NONE', *, *, #3497, .F. ) ;
#373 = VERTEX_POINT ( 'NONE', #4601 ) ;
#374 = CARTESIAN_POINT ( 'NONE',  ( -4.913472832573789972, -7.923765547940911306E-16, 30.27774315410190198 ) ) ;
#375 = DIRECTION ( 'NONE',  ( 6.982962677686979841E-15, -1.000000000000000000, -2.033638035851904768E-29 ) ) ;
#376 = DIRECTION ( 'NONE',  ( 0.9516151461907619291, 6.645093049371048608E-15, 0.3072923909574311607 ) ) ;
#377 = CARTESIAN_POINT ( 'NONE',  ( -2.346074559111977820, 0.3000000000000170863, -30.98743451323210962 ) ) ;
#378 = CARTESIAN_POINT ( 'NONE',  ( 4.277826605902761870, 0.3000000000000633271, -16.05640580919052596 ) ) ;
#379 = CARTESIAN_POINT ( 'NONE',  ( 3.200750049242703010, 0.3000000000000558886, 43.90955919283602071 ) ) ;
#380 = ADVANCED_FACE ( 'NONE', ( #2450 ), #2582, .T. ) ;
#381 = CARTESIAN_POINT ( 'NONE',  ( 1.345263089074028695, 4.291214279556695144E-14, 44.53808678521050979 ) ) ;
#382 = VECTOR ( 'NONE', #4262, 1000.000000000000000 ) ;
#383 = ORIENTED_EDGE ( 'NONE', *, *, #3516, .T. ) ;
#384 = DIRECTION ( 'NONE',  ( -1.000000000000000000, -6.672013369141570147E-16, 0.000000000000000000 ) ) ;
#385 = CARTESIAN_POINT ( 'NONE',  ( 2.054320344270550880, 0.3000000000000478395, 40.16227188247221846 ) ) ;
#386 = CARTESIAN_POINT ( 'NONE',  ( -4.500749147646372350, 0.3000000000000020983, -33.93539883271584046 ) ) ;
#387 = CIRCLE ( 'NONE', #4155, 2.599999999999998312 ) ;
#388 = VECTOR ( 'NONE', #3738, 1000.000000000000000 ) ;
#389 = CARTESIAN_POINT ( 'NONE',  ( -2.252638894129060265, 0.3000000000000177525, 40.91358316440700804 ) ) ;
#390 = CARTESIAN_POINT ( 'NONE',  ( 0.8736416286892226823, 0.3000000000000396239, -14.12736765543618311 ) ) ;
#391 = VERTEX_POINT ( 'NONE', #6183 ) ;
#392 = CARTESIAN_POINT ( 'NONE',  ( 3.706526925433957675, 5.946848916082991821E-14, -36.94638236987054114 ) ) ;
#393 = EDGE_CURVE ( 'NONE', #4112, #2869, #3134, .T. ) ;
#394 = CARTESIAN_POINT ( 'NONE',  ( -1.289434242248535867, 2.455717920679667543E-14, 42.10905896292793216 ) ) ;
#395 = CARTESIAN_POINT ( 'NONE',  ( 7.999999999999983125, 1.400000000000002798, -32.75000000000000000 ) ) ;
#396 = DIRECTION ( 'NONE',  ( 0.000000000000000000, -1.000000000000000000, 0.000000000000000000 ) ) ;
#397 = CARTESIAN_POINT ( 'NONE',  ( 3.770744885338658481, 0.3000000000000598299, -35.57373301188150805 ) ) ;
#398 = CARTESIAN_POINT ( 'NONE',  ( -4.073506686801241727, 0.3000000000000050959, 26.73358665364533948 ) ) ;
#399 = CARTESIAN_POINT ( 'NONE',  ( -1.668646482053304680, 0.3000000000000218048, -35.67760517337441684 ) ) ;
#400 = ORIENTED_EDGE ( 'NONE', *, *, #3951, .F. ) ;
#401 = CARTESIAN_POINT ( 'NONE',  ( 1.300000000000000044, 5.000000000000000000, -62.00000000000000000 ) ) ;
#402 = ORIENTED_EDGE ( 'NONE', *, *, #3268, .T. ) ;
#403 = EDGE_CURVE ( 'NONE', #405, #1109, #29, .T. ) ;
#404 = ORIENTED_EDGE ( 'NONE', *, *, #876, .T. ) ;
#405 = VERTEX_POINT ( 'NONE', #2482 ) ;
#406 = CARTESIAN_POINT ( 'NONE',  ( 0.4148048201677836389, 0.3000000000000364042, 30.17639108886468335 ) ) ;
#407 = CARTESIAN_POINT ( 'NONE',  ( 2.043300491872551916, 0.3000000000000477840, -36.36973358888023711 ) ) ;
#408 = CARTESIAN_POINT ( 'NONE',  ( -4.800000000000006040, 0.2999999999999999889, 13.44653065999348307 ) ) ;
#409 = EDGE_CURVE ( 'NONE', #4180, #3880, #3632, .T. ) ;
#410 = CARTESIAN_POINT ( 'NONE',  ( -8.000000000000007105, 1.399999999999990585, 65.50000000000000000 ) ) ;
#411 = CARTESIAN_POINT ( 'NONE',  ( -3.251254211700700836, 1.089623183347931956E-14, -35.41305562454387257 ) ) ;
#412 = CARTESIAN_POINT ( 'NONE',  ( 3.648470843906456373, 0.3000000000000589417, 33.15489293912893487 ) ) ;
#413 = CARTESIAN_POINT ( 'NONE',  ( 0.7619418091244145597, 3.883883206857862301E-14, 39.03288139237298537 ) ) ;
#414 = CARTESIAN_POINT ( 'NONE',  ( 4.277826605902770751, 6.339012438352648739E-14, 10.52283220820956089 ) ) ;
#415 = EDGE_CURVE ( 'NONE', #6483, #4111, #5071, .T. ) ;
#416 = VERTEX_POINT ( 'NONE', #6612 ) ;
#417 = CARTESIAN_POINT ( 'NONE',  ( -2.340564852382052319E-28, 0.3000000000000334621, 5.525988671592820334E-44 ) ) ;
#418 = EDGE_CURVE ( 'NONE', #5074, #2781, #5218, .T. ) ;
#419 = CARTESIAN_POINT ( 'NONE',  ( 0.000000000000000000, 5.000000000000000000, 70.00000000000000000 ) ) ;
#420 = CARTESIAN_POINT ( 'NONE',  ( -3.263932410980130872, 1.089623183347931956E-14, -39.87479733157828576 ) ) ;
#421 = CARTESIAN_POINT ( 'NONE',  ( -4.388135181703495924, 0.3000000000000028200, -39.55782336282014455 ) ) ;
#422 = CARTESIAN_POINT ( 'NONE',  ( -1.362351350674517070, 0.3000000000000239697, 41.91966564260756201 ) ) ;
#423 = ORIENTED_EDGE ( 'NONE', *, *, #6091, .T. ) ;
#424 = DIRECTION ( 'NONE',  ( -7.228014483236701486E-16, 1.000000000000000000, 0.000000000000000000 ) ) ;
#425 = CARTESIAN_POINT ( 'NONE',  ( 2.121842787000866259, 4.833496984243894553E-14, 39.71726441383362527 ) ) ;
#426 = CARTESIAN_POINT ( 'NONE',  ( 3.170719631900544844, 0.3000000000000556666, -40.23168465629319002 ) ) ;
#427 = VECTOR ( 'NONE', #4141, 1000.000000000000000 ) ;
#428 = CARTESIAN_POINT ( 'NONE',  ( 2.026100084516718525, 0.3000000000000476175, -40.45306481255424558 ) ) ;
#429 = CARTESIAN_POINT ( 'NONE',  ( 0.7900181394085736830, 0.3000000000000390132, 39.10982186241554359 ) ) ;
#430 = CARTESIAN_POINT ( 'NONE',  ( -4.672156895580365621, 0.3000000000000008216, 28.33935907010500799 ) ) ;
#431 = CARTESIAN_POINT ( 'NONE',  ( -0.6839752127191354170, 0.3000000000000286882, 28.45813505792359521 ) ) ;
#432 = VECTOR ( 'NONE', #361, 1000.000000000000000 ) ;
#433 = CARTESIAN_POINT ( 'NONE',  ( 0.6347645690233040261, 0.3000000000000379030, 44.45195629389590408 ) ) ;
#434 = AXIS2_PLACEMENT_3D ( 'NONE', #5664, #4619, #4549 ) ;
#435 = CARTESIAN_POINT ( 'NONE',  ( -1.865965216226710632, 0.3000000000000204725, 41.01639723888428790 ) ) ;
#436 = EDGE_LOOP ( 'NONE', ( #3148, #6134, #5656, #6235 ) ) ;
#437 = EDGE_LOOP ( 'NONE', ( #907, #1273, #2630, #244 ) ) ;
#438 = EDGE_LOOP ( 'NONE', ( #127, #1633 ) ) ;
#439 = CARTESIAN_POINT ( 'NONE',  ( -4.910208457214234379, -7.695815434923609786E-16, 30.12160785786185713 ) ) ;
#440 = DIRECTION ( 'NONE',  ( 0.000000000000000000, -0.000000000000000000, 1.000000000000000000 ) ) ;
#441 = LINE ( 'NONE', #3977, #6388 ) ;
#442 = FACE_OUTER_BOUND ( 'NONE', #5703, .T. ) ;
#443 = B_SPLINE_CURVE_WITH_KNOTS ( 'NONE', 3,
 ( #1644, #646, #4742, #1085, #4706, #2003, #103, #1051, #3093, #3162, #4134, #500, #4061, #5210, #2074, #6180, #2656, #2147, #1506 ),
 .UNSPECIFIED., .F., .F.,
 ( 4, 1, 1, 1, 1, 1, 1, 1, 1, 1, 1, 1, 1, 1, 1, 1, 4 ),
 ( 0.000000000000000000, 0.04914105492828010902, 0.09958900461974840024, 0.1515461205188597948, 0.2046494872029794576, 0.2599294866108421420, 0.3165505713294211043, 0.3755747410008625775, 0.4361021293892529127, 0.4988525104159727275, 0.5636044994543012443, 0.6307387496190079990, 0.6996255306185906742, 0.7713753919442165596, 0.8449693243781767338, 0.9215246343455834044, 1.000000000000000000 ),
 .UNSPECIFIED. ) ;
#444 = LINE ( 'NONE', #4117, #1302 ) ;
#445 = CARTESIAN_POINT ( 'NONE',  ( 3.877199047901553897, 0.3000000000000606071, 32.73395420117111598 ) ) ;
#446 = CARTESIAN_POINT ( 'NONE',  ( 4.384278014953337355, 0.3000000000000641043, 40.61022562720309281 ) ) ;
#447 = CARTESIAN_POINT ( 'NONE',  ( -1.014962439699567343, 0.3000000000000264122, -29.16375738059755562 ) ) ;
#448 = ORIENTED_EDGE ( 'NONE', *, *, #817, .F. ) ;
#449 = CARTESIAN_POINT ( 'NONE',  ( -4.854930664747029390, -4.336808689942017736E-16, 29.32505723002768505 ) ) ;
#450 = CARTESIAN_POINT ( 'NONE',  ( 4.277826605902761870, 0.3000000000000633271, -16.05640580919052596 ) ) ;
#451 = EDGE_CURVE ( 'NONE', #4643, #4039, #318, .T. ) ;
#452 = LINE ( 'NONE', #2505, #2664 ) ;
#453 = EDGE_CURVE ( 'NONE', #2964, #2844, #2151, .T. ) ;
#454 = CARTESIAN_POINT ( 'NONE',  ( 0.4011605285398756604, 3.637498288688867376E-14, -36.67011566527523314 ) ) ;
#455 = DIRECTION ( 'NONE',  ( -1.000000000000000000, -6.982962677686267499E-15, 1.019171101211278518E-15 ) ) ;
#456 =( LENGTH_UNIT ( ) NAMED_UNIT ( * ) SI_UNIT ( .MILLI., .METRE. ) );
#457 = ORIENTED_EDGE ( 'NONE', *, *, #6463, .T. ) ;
#458 = CARTESIAN_POINT ( 'NONE',  ( 4.126494444431823005, 6.239583502654078018E-14, -37.42651991043749149 ) ) ;
#459 = CARTESIAN_POINT ( 'NONE',  ( 0.1928046332465181423, 3.486456841093956996E-14, -0.8510462443033852686 ) ) ;
#460 = LINE ( 'NONE', #3661, #800 ) ;
#461 = CARTESIAN_POINT ( 'NONE',  ( 4.277826605902769863, 6.339012438352647476E-14, 17.45885909928214730 ) ) ;
#462 = AXIS2_PLACEMENT_3D ( 'NONE', #917, #6556, #1359 ) ;
#463 = CARTESIAN_POINT ( 'NONE',  ( -0.1874429712508913770, 3.220931358045448773E-14, 44.00031676536905678 ) ) ;
#464 = DIRECTION ( 'NONE',  ( -1.000000000000000000, -6.505213034913030548E-16, 0.000000000000000000 ) ) ;
#465 = CIRCLE ( 'NONE', #4004, 2.599999999999996536 ) ;
#466 = CARTESIAN_POINT ( 'NONE',  ( -0.1284804736280600879, 0.3000000000000326295, -34.81155002848446856 ) ) ;
#467 = CARTESIAN_POINT ( 'NONE',  ( -12.00000000000000000, 6.000000000000000000, 69.00000000000000000 ) ) ;
#468 = CARTESIAN_POINT ( 'NONE',  ( 0.8736416286892210170, 0.3000000000000396239, -16.05640580919052240 ) ) ;
#469 = EDGE_CURVE ( 'NONE', #293, #967, #5686, .T. ) ;
#470 = VECTOR ( 'NONE', #4615, 1000.000000000000000 ) ;
#471 = B_SPLINE_SURFACE_WITH_KNOTS ( 'NONE', 3, 1, ( 
 ( #1019, #546 ),
 ( #2589, #4645 ),
 ( #4676, #77 ),
 ( #3209, #5727 ),
 ( #3807, #6260 ),
 ( #2251, #615 ),
 ( #1654, #3711 ),
 ( #5764, #113 ),
 ( #2665, #3744 ),
 ( #1163, #1752 ),
 ( #5291, #2120 ) ),
 .UNSPECIFIED., .F., .F., .F.,
 ( 4, 1, 1, 1, 1, 1, 1, 1, 4 ),
 ( 2, 2 ),
 ( 0.000000000000000000, 0.1314695072733018111, 0.2603570407267057907, 0.3872900060521326515, 0.5125221014239885742, 0.6363758010241368224, 0.7584642406616972643, 0.8795863584309628891, 1.000000000000000000 ),
 ( 0.000000000000000000, 1.000000000000000000 ),
 .UNSPECIFIED. ) ;
#472 = LINE ( 'NONE', #2523, #3361 ) ;
#473 = VECTOR ( 'NONE', #5285, 1000.000000000000000 ) ;
#474 = VERTEX_POINT ( 'NONE', #3770 ) ;
#475 = ADVANCED_FACE ( 'NONE', ( #4709 ), #649, .T. ) ;
#476 = ORIENTED_EDGE ( 'NONE', *, *, #2601, .T. ) ;
#477 = VERTEX_POINT ( 'NONE', #178 ) ;
#478 = CARTESIAN_POINT ( 'NONE',  ( -4.854930664747029390, -3.835787817889851069E-16, 29.32505723002768505 ) ) ;
#479 = CARTESIAN_POINT ( 'NONE',  ( 0.4120963515268071808, 0.3000000000000363487, 29.47236806793426922 ) ) ;
#480 = DIRECTION ( 'NONE',  ( -7.228014483236701486E-16, 1.000000000000000000, -0.000000000000000000 ) ) ;
#481 = DIRECTION ( 'NONE',  ( -0.3257402721147514280, 0.000000000000000000, 0.9454592932128849103 ) ) ;
#482 = CARTESIAN_POINT ( 'NONE',  ( -2.333946174869854673, 0.3000000000000171974, -35.67788452306332658 ) ) ;
#483 = LINE ( 'NONE', #1491, #5224 ) ;
#484 = ORIENTED_EDGE ( 'NONE', *, *, #4372, .F. ) ;
#485 = CARTESIAN_POINT ( 'NONE',  ( 1.580610470578357685, 0.3000000000000445088, -31.49179613956775015 ) ) ;
#486 = ORIENTED_EDGE ( 'NONE', *, *, #2668, .T. ) ;
#487 = CARTESIAN_POINT ( 'NONE',  ( 1.130728514989211897, 4.141405587165939165E-14, 20.42510986328124289 ) ) ;
#488 = CARTESIAN_POINT ( 'NONE',  ( 4.277826605902767199, 6.339012438352647476E-14, 8.453726026746952726 ) ) ;
#489 = CARTESIAN_POINT ( 'NONE',  ( -4.800000000000010481, -1.372452375347808889E-30, -10.04234568277993311 ) ) ;
#490 = CARTESIAN_POINT ( 'NONE',  ( 1.111572919779462598, 0.3000000000000412337, -36.46713754060244383 ) ) ;
#491 = B_SPLINE_CURVE_WITH_KNOTS ( 'NONE', 3,
 ( #4255, #3251, #5302, #701, #2748, #193, #2234, #1731, #4923, #1763, #1829, #1355, #5868, #5995, #6461, #4893, #2871, #5364, #2810 ),
 .UNSPECIFIED., .F., .F.,
 ( 4, 1, 1, 1, 1, 1, 1, 1, 1, 1, 1, 1, 1, 1, 1, 1, 4 ),
 ( 0.000000000000000000, 0.08267830526580750850, 0.1623383165474914236, 0.2394176572719168006, 0.3132080326103174883, 0.3844737811954639928, 0.4528987057658007687, 0.5185093162957314927, 0.5817695821953625668, 0.6423022115372429841, 0.7002721239175409007, 0.7556255319328752940, 0.8086115997138167977, 0.8595221000310073745, 0.9083210622552954083, 0.9552539764578326098, 1.000000000000000000 ),
 .UNSPECIFIED. ) ;
#492 = AXIS2_PLACEMENT_3D ( 'NONE', #3783, #1106, #629 ) ;
#493 = CARTESIAN_POINT ( 'NONE',  ( 1.405523301696068428, 4.336808689942017736E-14, -34.04714078385671172 ) ) ;
#494 = DIRECTION ( 'NONE',  ( -7.228014483236701486E-16, 1.000000000000000000, -0.000000000000000000 ) ) ;
#495 = ORIENTED_EDGE ( 'NONE', *, *, #5436, .F. ) ;
#496 = CARTESIAN_POINT ( 'NONE',  ( 4.006730897989002393, 6.152847328855237663E-14, -37.25680017051148241 ) ) ;
#497 = DIRECTION ( 'NONE',  ( 1.000000000000000000, 6.982962677686266711E-15, -2.919500550344806969E-16 ) ) ;
#498 = VECTOR ( 'NONE', #4776, 1000.000000000000000 ) ;
#499 = CARTESIAN_POINT ( 'NONE',  ( 0.01185926148423722265, 3.366447745567491268E-14, 44.15509734737231184 ) ) ;
#500 = CARTESIAN_POINT ( 'NONE',  ( -0.4248411140035839861, 0.3000000000000305755, -39.83304652448822480 ) ) ;
#501 = CARTESIAN_POINT ( 'NONE',  ( -4.810820092996253905, -7.555630556181797421E-17, -38.98306009914769277 ) ) ;
#502 = LINE ( 'NONE', #2545, #6086 ) ;
#503 = ADVANCED_FACE ( 'NONE', ( #610 ), #2142, .T. ) ;
#504 = DIRECTION ( 'NONE',  ( -0.9454592932128847993, -6.602106957777210124E-15, -0.3257402721147513724 ) ) ;
#505 = DIRECTION ( 'NONE',  ( 0.9458001202013632813, 6.604486939917304420E-15, -0.3247493381472653651 ) ) ;
#506 = PLANE ( 'NONE',  #2385 ) ;
#507 = CARTESIAN_POINT ( 'NONE',  ( -4.870920520358623662, -4.952353467463072894E-16, 7.462611754735306135 ) ) ;
#508 = LINE ( 'NONE', #4673, #4430 ) ;
#509 = CARTESIAN_POINT ( 'NONE',  ( 2.118382658330535406, 0.3000000000000482836, 39.60820992688186237 ) ) ;
#510 = VECTOR ( 'NONE', #3027, 1000.000000000000000 ) ;
#511 = EDGE_CURVE ( 'NONE', #5205, #6193, #6416, .T. ) ;
#512 = ORIENTED_EDGE ( 'NONE', *, *, #4284, .T. ) ;
#513 = ORIENTED_EDGE ( 'NONE', *, *, #5896, .T. ) ;
#514 = VERTEX_POINT ( 'NONE', #1777 ) ;
#515 = LINE ( 'NONE', #2052, #252 ) ;
#516 = B_SPLINE_CURVE_WITH_KNOTS ( 'NONE', 3,
 ( #3558, #2075, #4063, #105, #5759, #5069, #3631, #2149, #463, #4205, #1052, #3094, #69, #6253, #1646, #2517, #4170, #5141, #4639 ),
 .UNSPECIFIED., .F., .F.,
 ( 4, 1, 1, 1, 1, 1, 1, 1, 1, 1, 1, 1, 1, 1, 1, 1, 4 ),
 ( 0.000000000000000000, 0.09845803827519977736, 0.1893012954853396657, 0.2724514183616404961, 0.3482415831074446855, 0.4207593834583837622, 0.4942149931779751815, 0.5699857929989934346, 0.6486546974282449973, 0.6891802880778955531, 0.7299328568249910942, 0.7715985836368589590, 0.8144573034058886218, 0.8582139769225041181, 0.9036073271986464484, 0.9509891788839647253, 1.000000000000000000 ),
 .UNSPECIFIED. ) ;
#517 = CARTESIAN_POINT ( 'NONE',  ( 2.461502701462638942, 0.3000000000000506706, -36.39947976098424220 ) ) ;
#518 = DIRECTION ( 'NONE',  ( -4.246546255046988728E-16, 0.000000000000000000, -1.000000000000000000 ) ) ;
#519 = CARTESIAN_POINT ( 'NONE',  ( -3.978403917251458921, 5.963111948670274387E-15, 37.11103345290258915 ) ) ;
#520 = DIRECTION ( 'NONE',  ( -0.9458001202013632813, 0.000000000000000000, 0.3247493381472653651 ) ) ;
#521 = CARTESIAN_POINT ( 'NONE',  ( 3.374623919271784622, 0.3000000000000570544, 33.54984095985728487 ) ) ;
#522 = EDGE_LOOP ( 'NONE', ( #3111, #6225, #3873, #3259 ) ) ;
#523 = CARTESIAN_POINT ( 'NONE',  ( 1.231587863774302516, 4.206704429243757204E-14, -31.79088326442203893 ) ) ;
#524 = EDGE_LOOP ( 'NONE', ( #6066, #5581, #5365, #1594 ) ) ;
#525 = ADVANCED_FACE ( 'NONE', ( #2498 ), #2024, .T. ) ;
#526 = ORIENTED_EDGE ( 'NONE', *, *, #2884, .T. ) ;
#527 = CARTESIAN_POINT ( 'NONE',  ( -0.7937626115241948055, 2.797540616167786439E-14, 35.33496246247023009 ) ) ;
#528 = CARTESIAN_POINT ( 'NONE',  ( -1.289434242248550522, 2.451414966394187980E-14, -29.83271688885157857 ) ) ;
#529 = CARTESIAN_POINT ( 'NONE',  ( -4.901685496938358533, 0.2999999999999992673, 30.83489316322345530 ) ) ;
#530 = CARTESIAN_POINT ( 'NONE',  ( 1.805833333651763351, 0.3000000000000461187, -33.47744877643773975 ) ) ;
#531 = FILL_AREA_STYLE_COLOUR ( '', #4625 ) ;
#532 = EDGE_LOOP ( 'NONE', ( #3957, #1733, #1035, #2061 ) ) ;
#533 = B_SPLINE_SURFACE_WITH_KNOTS ( 'NONE', 3, 1, ( 
 ( #2641, #6308 ),
 ( #3688, #1668 ),
 ( #2132, #124 ),
 ( #5777, #4287 ),
 ( #3784, #5197 ),
 ( #5743, #3185 ),
 ( #6203, #2096 ),
 ( #5838, #3281 ),
 ( #160, #53 ),
 ( #4154, #1172 ),
 ( #5233, #6237 ) ),
 .UNSPECIFIED., .F., .F., .F.,
 ( 4, 1, 1, 1, 1, 1, 1, 1, 4 ),
 ( 2, 2 ),
 ( 0.000000000000000000, 0.1258739598263001191, 0.2545669303551294504, 0.3860733800226968659, 0.5213736630634558944, 0.6536977552827888394, 0.7770188289568252804, 0.8925946634827702786, 1.000000000000000000 ),
 ( 0.000000000000000000, 1.000000000000000000 ),
 .UNSPECIFIED. ) ;
#534 = CARTESIAN_POINT ( 'NONE',  ( 4.391299438476560901, 0.3000000000000641598, 40.08782413270738232 ) ) ;
#535 = CARTESIAN_POINT ( 'NONE',  ( -2.108796936361810648, 0.3000000000000188072, 36.25773005552411377 ) ) ;
#536 = PLANE ( 'NONE',  #2426 ) ;
#537 = CARTESIAN_POINT ( 'NONE',  ( -4.913472832573789972, -7.047314121155778821E-16, 30.27774315410190198 ) ) ;
#538 = CARTESIAN_POINT ( 'NONE',  ( -3.902897541613979726, 6.264432984970286930E-15, -39.82840717263218266 ) ) ;
#539 = CARTESIAN_POINT ( 'NONE',  ( 4.014710606750893085, 6.155279518154685400E-14, -39.56995821873763930 ) ) ;
#540 = CARTESIAN_POINT ( 'NONE',  ( -0.000000000000000000, 6.000000000000000000, -70.00000000000000000 ) ) ;
#541 = CARTESIAN_POINT ( 'NONE',  ( -2.644016181098105545, 0.3000000000000150324, -30.35575572649636555 ) ) ;
#542 = LINE ( 'NONE', #468, #992 ) ;
#543 = DIRECTION ( 'NONE',  ( -7.228014483236701486E-16, 1.000000000000000000, -0.000000000000000000 ) ) ;
#544 = VECTOR ( 'NONE', #1796, 1000.000000000000000 ) ;
#545 = EDGE_CURVE ( 'NONE', #4930, #3253, #5474, .T. ) ;
#546 = CARTESIAN_POINT ( 'NONE',  ( 4.391299438476544026, 6.418476861114186249E-14, -31.85395171907212131 ) ) ;
#547 = ADVANCED_FACE ( 'NONE', ( #778 ), #237, .F. ) ;
#548 = ORIENTED_EDGE ( 'NONE', *, *, #4177, .T. ) ;
#549 = CIRCLE ( 'NONE', #4085, 1.000000000000000888 ) ;
#550 = VERTEX_POINT ( 'NONE', #4874 ) ;
#551 = ORIENTED_EDGE ( 'NONE', *, *, #1130, .F. ) ;
#552 = FACE_BOUND ( 'NONE', #5594, .T. ) ;
#553 = FACE_OUTER_BOUND ( 'NONE', #5658, .T. ) ;
#554 = CARTESIAN_POINT ( 'NONE',  ( -2.966531372544277900, 1.301042606982605321E-14, 36.40471377469565084 ) ) ;
#555 = LINE ( 'NONE', #5022, #3128 ) ;
#556 = CARTESIAN_POINT ( 'NONE',  ( -11.00000000000000000, 0.9999999999999981126, -69.00000000000000000 ) ) ;
#557 = VERTEX_POINT ( 'NONE', #5054 ) ;
#558 = CARTESIAN_POINT ( 'NONE',  ( -1.155485990674285812, 0.3000000000000254130, -29.48623592552537076 ) ) ;
#559 = ORIENTED_EDGE ( 'NONE', *, *, #6551, .T. ) ;
#560 = ADVANCED_FACE ( 'NONE', ( #4370 ), #5024, .T. ) ;
#561 = ORIENTED_EDGE ( 'NONE', *, *, #3151, .F. ) ;
#562 = DIRECTION ( 'NONE',  ( -1.000000000000000000, 0.000000000000000000, 0.000000000000000000 ) ) ;
#563 = CARTESIAN_POINT ( 'NONE',  ( -2.152891577614678642, 1.848465931730567182E-14, 40.90695614284940262 ) ) ;
#564 = CARTESIAN_POINT ( 'NONE',  ( 1.925928342686519912, 4.710858439449516766E-14, 40.35349932190231925 ) ) ;
#565 = EDGE_CURVE ( 'NONE', #6057, #2204, #2973, .T. ) ;
#566 = CARTESIAN_POINT ( 'NONE',  ( 1.145745687299125182, 0.3000000000000415112, -34.31836854248498270 ) ) ;
#567 = ORIENTED_EDGE ( 'NONE', *, *, #3846, .F. ) ;
#568 = CARTESIAN_POINT ( 'NONE',  ( 4.388907671279855371, 6.423897871976613771E-14, 40.26577419566999083 ) ) ;
#569 = CARTESIAN_POINT ( 'NONE',  ( 1.281970042138967703, 4.250072516143177381E-14, 44.53731812809299129 ) ) ;
#570 = CARTESIAN_POINT ( 'NONE',  ( 3.866439604919302386, 6.051742430957363210E-14, 27.38082320040685502 ) ) ;
#571 = PLANE ( 'NONE',  #4875 ) ;
#572 = CARTESIAN_POINT ( 'NONE',  ( -4.276383275428620401, 0.3000000000000035971, -37.17973238414391091 ) ) ;
#573 = CARTESIAN_POINT ( 'NONE',  ( -0.9749344018057071182, 0.3000000000000266898, -39.55903238615307060 ) ) ;
#574 = CARTESIAN_POINT ( 'NONE',  ( -4.870920520358624550, 0.2999999999999994893, 4.368704054090705391 ) ) ;
#575 = DIRECTION ( 'NONE',  ( -7.228014483236701486E-16, 1.000000000000000000, 0.000000000000000000 ) ) ;
#576 = CARTESIAN_POINT ( 'NONE',  ( 1.345263089074028695, 0.3000000000000428990, 44.53808678521050979 ) ) ;
#577 = DIRECTION ( 'NONE',  ( -1.000000000000000000, -7.506015040284266169E-16, 0.000000000000000000 ) ) ;
#578 = CIRCLE ( 'NONE', #5415, 2.599999999999996536 ) ;
#579 = AXIS2_PLACEMENT_3D ( 'NONE', #645, #3326, #1245 ) ;
#580 = CARTESIAN_POINT ( 'NONE',  ( 4.379130661397380386, 6.423897871976613771E-14, 30.81067788251048256 ) ) ;
#581 = ORIENTED_EDGE ( 'NONE', *, *, #4591, .F. ) ;
#582 = B_SPLINE_CURVE_WITH_KNOTS ( 'NONE', 3,
 ( #4211, #5725, #2625, #1650, #4176, #1161, #6221, #1613, #4242, #3867, #5919 ),
 .UNSPECIFIED., .F., .F.,
 ( 4, 1, 1, 1, 1, 1, 1, 1, 4 ),
 ( 0.000000000000000000, 0.1399081321011402257, 0.2754465983760372438, 0.4059530101806412827, 0.5325528392344748285, 0.6545613760729642738, 0.7732163166311398772, 0.8882214211495604861, 1.000000000000000000 ),
 .UNSPECIFIED. ) ;
#583 = ORIENTED_EDGE ( 'NONE', *, *, #5030, .F. ) ;
#584 = VERTEX_POINT ( 'NONE', #413 ) ;
#585 = FACE_OUTER_BOUND ( 'NONE', #4943, .T. ) ;
#586 = CARTESIAN_POINT ( 'NONE',  ( 4.045621532888002747, 6.176864502509501208E-14, -34.69927980785723776 ) ) ;
#587 = VECTOR ( 'NONE', #5296, 1000.000000000000000 ) ;
#588 = CARTESIAN_POINT ( 'NONE',  ( 2.121842787000852049, 0.3000000000000483391, -32.22451143794588546 ) ) ;
#589 = CARTESIAN_POINT ( 'NONE',  ( -4.630583796061937818, 1.409462824231155764E-15, 38.37010235198658137 ) ) ;
#590 = CARTESIAN_POINT ( 'NONE',  ( -3.902897541613979726, 6.451002926288751382E-15, -39.82840717263218266 ) ) ;
#591 = EDGE_CURVE ( 'NONE', #1166, #5411, #1442, .T. ) ;
#592 = CARTESIAN_POINT ( 'NONE',  ( 4.391299438476544026, 0.3000000000000641598, -31.85395171907212131 ) ) ;
#593 = ORIENTED_EDGE ( 'NONE', *, *, #1422, .T. ) ;
#594 = CARTESIAN_POINT ( 'NONE',  ( -10.60000000000000853, 5.999999999999988454, 65.50000000000000000 ) ) ;
#595 = B_SPLINE_SURFACE_WITH_KNOTS ( 'NONE', 3, 1, ( 
 ( #4199, #5278 ),
 ( #5788, #1213 ),
 ( #2788, #2685 ),
 ( #6284, #3733 ),
 ( #6376, #677 ),
 ( #2722, #5342 ),
 ( #1677, #4834 ),
 ( #4767, #5878 ),
 ( #2271, #1640 ),
 ( #1741, #3793 ),
 ( #1771, #1272 ) ),
 .UNSPECIFIED., .F., .F., .F.,
 ( 4, 1, 1, 1, 1, 1, 1, 1, 4 ),
 ( 2, 2 ),
 ( 0.000000000000000000, 0.1399081321011402257, 0.2754465983760372438, 0.4059530101806412827, 0.5325528392344748285, 0.6545613760729642738, 0.7732163166311398772, 0.8882214211495604861, 1.000000000000000000 ),
 ( 0.000000000000000000, 1.000000000000000000 ),
 .UNSPECIFIED. ) ;
#596 = LINE ( 'NONE', #2677, #2256 ) ;
#597 = ORIENTED_EDGE ( 'NONE', *, *, #3224, .T. ) ;
#598 = CARTESIAN_POINT ( 'NONE',  ( -11.00000000000000000, 0.9999999999999981126, 69.00000000000000000 ) ) ;
#599 = CARTESIAN_POINT ( 'NONE',  ( -0.1556979415720737003, 3.243098793790373391E-14, 35.34214618090872051 ) ) ;
#600 = CARTESIAN_POINT ( 'NONE',  ( 1.648197029008590775, 4.521123059264553490E-14, 40.45161951423384750 ) ) ;
#601 = EDGE_CURVE ( 'NONE', #3778, #5078, #2541, .T. ) ;
#602 = DIRECTION ( 'NONE',  ( 1.000000000000000000, 6.982962677686266711E-15, -3.821891629542292715E-16 ) ) ;
#603 = CARTESIAN_POINT ( 'NONE',  ( 4.277826605902761870, 0.3000000000000633271, -16.05640580919052596 ) ) ;
#604 = ORIENTED_EDGE ( 'NONE', *, *, #1599, .F. ) ;
#605 = FACE_OUTER_BOUND ( 'NONE', #242, .T. ) ;
#606 = DIRECTION ( 'NONE',  ( -6.505213034913030548E-16, 1.000000000000000000, -0.000000000000000000 ) ) ;
#607 = CARTESIAN_POINT ( 'NONE',  ( 4.277826605902763646, 0.3000000000000633271, -8.907617357042102668 ) ) ;
#608 = CARTESIAN_POINT ( 'NONE',  ( -0.4817418110980185575, 3.024924061234557371E-14, 35.34280234656594644 ) ) ;
#609 = DIRECTION ( 'NONE',  ( 1.000000000000000000, 5.782411586589357639E-16, -0.000000000000000000 ) ) ;
#610 = FACE_OUTER_BOUND ( 'NONE', #4611, .T. ) ;
#611 = CARTESIAN_POINT ( 'NONE',  ( 0.2280790316413486285, 3.511088821840847864E-14, 28.42028775145295327 ) ) ;
#612 = CARTESIAN_POINT ( 'NONE',  ( -2.271281496494557128, 1.772670552013799750E-14, -29.11830204081927320 ) ) ;
#613 = CARTESIAN_POINT ( 'NONE',  ( -0.5849028221956670270, 0.3000000000000294098, -28.36505273668019100 ) ) ;
#614 = CARTESIAN_POINT ( 'NONE',  ( -10.60000000000000497, 1.399999999999988809, 0.000000000000000000 ) ) ;
#615 = CARTESIAN_POINT ( 'NONE',  ( 4.241265047817292633, 6.315477654728063328E-14, -33.78725814992239407 ) ) ;
#616 = B_SPLINE_SURFACE_WITH_KNOTS ( 'NONE', 3, 1, ( 
 ( #4150, #5085 ),
 ( #3474, #5523 ),
 ( #482, #1521 ),
 ( #4079, #6130 ),
 ( #1429, #4516 ),
 ( #921, #411 ),
 ( #5626, #5553 ),
 ( #4010, #6062 ),
 ( #954, #3005 ),
 ( #5052, #3146 ),
 ( #6199, #4222 ),
 ( #2260, #4823 ),
 ( #122, #1202 ),
 ( #6333, #2777 ),
 ( #6269, #3722 ),
 ( #4283, #3645 ),
 ( #4756, #625 ),
 ( #1665, #4789 ),
 ( #2200, #1729 ) ),
 .UNSPECIFIED., .F., .F., .F.,
 ( 4, 1, 1, 1, 1, 1, 1, 1, 1, 1, 1, 1, 1, 1, 1, 1, 4 ),
 ( 2, 2 ),
 ( 0.000000000000000000, 0.05788094285645361409, 0.1128528044494230831, 0.1655833948434750069, 0.2169635121761020746, 0.2681577282320923850, 0.3195925452859336713, 0.3724213661878509329, 0.4272619916366188209, 0.4848117811471501226, 0.5454334485380483155, 0.6099407695031813237, 0.6783204866915184539, 0.7510512415195391700, 0.8290369631912966053, 0.9119341134044181008, 1.000000000000000000 ),
 ( 0.000000000000000000, 1.000000000000000000 ),
 .UNSPECIFIED. ) ;
#617 = VERTEX_POINT ( 'NONE', #5926 ) ;
#618 = VECTOR ( 'NONE', #2616, 1000.000000000000000 ) ;
#619 = EDGE_LOOP ( 'NONE', ( #214, #1826, #4626, #4895 ) ) ;
#620 = ORIENTED_EDGE ( 'NONE', *, *, #975, .T. ) ;
#621 = FACE_OUTER_BOUND ( 'NONE', #3029, .T. ) ;
#622 = CARTESIAN_POINT ( 'NONE',  ( -12.00000000000000000, 6.000000000000000000, 70.00000000000000000 ) ) ;
#623 = DIRECTION ( 'NONE',  ( 1.000000000000000000, 0.000000000000000000, 0.000000000000000000 ) ) ;
#624 = DIRECTION ( 'NONE',  ( 0.000000000000000000, -1.000000000000000000, 0.000000000000000000 ) ) ;
#625 = CARTESIAN_POINT ( 'NONE',  ( -4.905891476798524664, -6.505213034913026604E-16, -31.78705902630820646 ) ) ;
#626 = VECTOR ( 'NONE', #5338, 1000.000000000000000 ) ;
#627 = DIRECTION ( 'NONE',  ( 6.982962677685081841E-15, -1.000000000000000000, 3.140000802909231124E-29 ) ) ;
#628 = EDGE_LOOP ( 'NONE', ( #286, #2715, #3928, #5932 ) ) ;
#629 = DIRECTION ( 'NONE',  ( 1.836970198721029194E-16, -1.000000000000000000, 0.000000000000000000 ) ) ;
#630 = CARTESIAN_POINT ( 'NONE',  ( 2.121842787000852049, 0.3000000000000483391, -32.22451143794588546 ) ) ;
#631 = ORIENTED_EDGE ( 'NONE', *, *, #5236, .F. ) ;
#632 = ORIENTED_EDGE ( 'NONE', *, *, #2425, .T. ) ;
#633 = EDGE_CURVE ( 'NONE', #5325, #5163, #2865, .T. ) ;
#634 = DIRECTION ( 'NONE',  ( -1.000000000000000000, -6.672013369141575078E-16, 0.000000000000000000 ) ) ;
#635 = CARTESIAN_POINT ( 'NONE',  ( 4.308126567036887344, 0.3000000000000635492, 38.62505897560269830 ) ) ;
#636 = B_SPLINE_CURVE_WITH_KNOTS ( 'NONE', 3,
 ( #3153, #2716, #4762, #4194, #5199, #6241, #1634, #478, #1985, #439, #374 ),
 .UNSPECIFIED., .F., .F.,
 ( 4, 1, 1, 1, 1, 1, 1, 1, 4 ),
 ( 0.000000000000000000, 0.1111788987368658305, 0.2292243904383462205, 0.3539627955052428443, 0.4865167246188054628, 0.6210177687245657108, 0.7512529205772729979, 0.8772747622609666784, 1.000000000000000000 ),
 .UNSPECIFIED. ) ;
#637 = FACE_OUTER_BOUND ( 'NONE', #5040, .T. ) ;
#638 = EDGE_CURVE ( 'NONE', #1061, #4678, #969, .T. ) ;
#639 = CARTESIAN_POINT ( 'NONE',  ( 2.698551819869534629, 5.236210749484551307E-14, -36.44604085231727453 ) ) ;
#640 = CARTESIAN_POINT ( 'NONE',  ( -4.800000000000007816, -6.731559093218456817E-30, 9.361508687337233070 ) ) ;
#641 = EDGE_CURVE ( 'NONE', #3187, #1764, #1319, .T. ) ;
#642 = CARTESIAN_POINT ( 'NONE',  ( -3.410306503438882864, 0.3000000000000097033, -39.88203552504240434 ) ) ;
#643 = ORIENTED_EDGE ( 'NONE', *, *, #5556, .F. ) ;
#644 = CARTESIAN_POINT ( 'NONE',  ( 2.948643856937727126, 0.3000000000000540568, 44.10426689647356824 ) ) ;
#645 = CARTESIAN_POINT ( 'NONE',  ( -8.000000000000010658, 5.999999999999990230, 0.000000000000000000 ) ) ;
#646 = CARTESIAN_POINT ( 'NONE',  ( 1.952201628694225199, 0.3000000000000471179, -40.45133864738155438 ) ) ;
#647 = CARTESIAN_POINT ( 'NONE',  ( -5.400000000000009237, 1.399999999999992584, -32.75000000000000000 ) ) ;
#648 = CARTESIAN_POINT ( 'NONE',  ( 0.000000000000000000, 5.000000000000000000, 70.00000000000000000 ) ) ;
#649 = PLANE ( 'NONE',  #5912 ) ;
#650 = CARTESIAN_POINT ( 'NONE',  ( -0.7983488460859743396, 2.791820594150173918E-14, 36.53339996213892249 ) ) ;
#651 = CARTESIAN_POINT ( 'NONE',  ( -1.289434242248535867, 2.451414966394188296E-14, 42.10905896292793216 ) ) ;
#652 = EDGE_CURVE ( 'NONE', #293, #5220, #3400, .T. ) ;
#653 = CARTESIAN_POINT ( 'NONE',  ( 1.105734467289789080, 4.123952336941010107E-14, -40.35558278671086896 ) ) ;
#654 = ORIENTED_EDGE ( 'NONE', *, *, #4308, .T. ) ;
#655 = EDGE_CURVE ( 'NONE', #3139, #4575, #5568, .T. ) ;
#656 = AXIS2_PLACEMENT_3D ( 'NONE', #5566, #4095, #694 ) ;
#657 = ORIENTED_EDGE ( 'NONE', *, *, #3030, .F. ) ;
#658 = ORIENTED_EDGE ( 'NONE', *, *, #5115, .F. ) ;
#659 = CARTESIAN_POINT ( 'NONE',  ( -8.000000000000007105, 1.399999999999990585, -65.50000000000000000 ) ) ;
#660 = CARTESIAN_POINT ( 'NONE',  ( 1.130728514989211897, 0.3000000000000414002, 20.42510986328124289 ) ) ;
#661 = LINE ( 'NONE', #1624, #2585 ) ;
#662 = CARTESIAN_POINT ( 'NONE',  ( 1.580610470578370785, 4.455556477690297162E-14, 40.44997971221176414 ) ) ;
#663 =( GEOMETRIC_REPRESENTATION_CONTEXT ( 3 ) GLOBAL_UNCERTAINTY_ASSIGNED_CONTEXT ( ( #999 ) ) GLOBAL_UNIT_ASSIGNED_CONTEXT ( ( #456, #5714, #2611 ) ) REPRESENTATION_CONTEXT ( 'NONE', 'WORKASPACE' ) );
#664 = CARTESIAN_POINT ( 'NONE',  ( -4.156006061401992469, 4.662069341687669066E-15, -39.71896807988401434 ) ) ;
#665 = ORIENTED_EDGE ( 'NONE', *, *, #1456, .T. ) ;
#666 = CARTESIAN_POINT ( 'NONE',  ( 0.9238103592362113536, 0.3000000000000399014, -32.47933221643800294 ) ) ;
#667 = DIRECTION ( 'NONE',  ( 0.000000000000000000, -1.000000000000000000, 0.000000000000000000 ) ) ;
#668 = AXIS2_PLACEMENT_3D ( 'NONE', #4912, #4880, #274 ) ;
#669 = EDGE_CURVE ( 'NONE', #6026, #2822, #2037, .T. ) ;
#670 = ORIENTED_EDGE ( 'NONE', *, *, #1493, .F. ) ;
#671 = ORIENTED_EDGE ( 'NONE', *, *, #1980, .T. ) ;
#672 = DIRECTION ( 'NONE',  ( -7.228014483236701486E-16, 1.000000000000000000, 0.000000000000000000 ) ) ;
#673 = CARTESIAN_POINT ( 'NONE',  ( -4.500749147646372350, 2.089657533251302616E-15, -33.93539883271584046 ) ) ;
#674 = CARTESIAN_POINT ( 'NONE',  ( 1.125950384185458342, 0.3000000000000413447, 39.94446498970654602 ) ) ;
#675 = CARTESIAN_POINT ( 'NONE',  ( 3.340042906878074813, 5.684161581349453867E-14, -36.69099657613583787 ) ) ;
#676 = FACE_OUTER_BOUND ( 'NONE', #5145, .T. ) ;
#677 = CARTESIAN_POINT ( 'NONE',  ( -4.824831032406390108, -2.168404344971008868E-16, 42.40191800853860826 ) ) ;
#678 = ORIENTED_EDGE ( 'NONE', *, *, #2859, .T. ) ;
#679 = CARTESIAN_POINT ( 'NONE',  ( 4.348997765079670508, 6.396792817664476161E-14, 41.11046855264694244 ) ) ;
#680 = CARTESIAN_POINT ( 'NONE',  ( -4.912031789579051733, -8.131516293641283255E-16, -38.36970731336263185 ) ) ;
#681 = ADVANCED_FACE ( 'NONE', ( #4564 ), #1349, .F. ) ;
#682 = FACE_OUTER_BOUND ( 'NONE', #5096, .T. ) ;
#683 = DIRECTION ( 'NONE',  ( 0.000000000000000000, -1.000000000000000000, 0.000000000000000000 ) ) ;
#684 = CARTESIAN_POINT ( 'NONE',  ( 0.1054996166192711388, 3.426078865054194011E-14, -40.05693789329372123 ) ) ;
#685 = CARTESIAN_POINT ( 'NONE',  ( -1.067966057167497151, 0.3000000000000260236, 36.40914147466100559 ) ) ;
#686 = CARTESIAN_POINT ( 'NONE',  ( -1.788982143740578179, 2.102582531210644043E-14, 41.08431108033305179 ) ) ;
#687 = CLOSED_SHELL ( 'NONE', ( #1252, #1174, #3818, #154, #3959, #3241, #5101, #3599, #5567, #3421, #3911, #4324, #5692, #547, #6138, #2404, #3530, #4213, #5854, #3805, #2143, #1196, #99, #4607, #3137, #4504, #2228, #2510, #994, #3227, #503, #3551, #5593, #4524, #2742, #223, #6436, #2057, #6421, #2344, #3021, #5576, #525, #2588, #1737, #3837, #335, #58, #2942, #5774, #5102, #2879, #4699, #5592, #6264, #475, #3136, #5640, #5246, #5485, #1329, #6314, #2698, #1388, #1670, #333, #1382, #4328, #4293, #2592, #2974, #798, #5941, #3307, #2311, #6580, #2927, #6449, #6071, #5458, #1414, #2466, #5333, #3716, #2490, #5366, #1327, #5963, #2146, #5403, #5477, #2360, #3883, #380, #4279, #6191, #1821, #1820, #1214, #4538, #836, #560, #5677, #5669, #2185, #6052, #2107, #6259, #6570, #144, #4609, #3875, #4974, #819, #3679, #3813, #1818, #3914, #1566, #3095, #2195, #271, #1286, #4425, #770, #2929, #6621, #6552, #4654, #3340, #6491, #2315, #1720, #3101, #1193, #902, #5827, #5118, #6211, #3419, #5616, #1404, #5015, #1483, #4474, #681, #2557, #6493, #2350, #4389, #2098, #915, #4096, #1579, #4691, #5976, #2864, #1024, #6169 ) ) ;
#688 = CARTESIAN_POINT ( 'NONE',  ( -2.644016181098090890, 1.512462030617278685E-14, 41.58602012528314162 ) ) ;
#689 = EDGE_CURVE ( 'NONE', #3249, #1255, #2255, .T. ) ;
#690 = ORIENTED_EDGE ( 'NONE', *, *, #2782, .T. ) ;
#691 = AXIS2_PLACEMENT_3D ( 'NONE', #598, #2135, #2680 ) ;
#692 = ORIENTED_EDGE ( 'NONE', *, *, #1153, .T. ) ;
#693 = ORIENTED_EDGE ( 'NONE', *, *, #3517, .F. ) ;
#694 = DIRECTION ( 'NONE',  ( 0.000000000000000000, 1.000000000000000000, 0.000000000000000000 ) ) ;
#695 = CARTESIAN_POINT ( 'NONE',  ( 4.277826605902761870, 6.339012438352647476E-14, -20.14142778184677596 ) ) ;
#696 = CARTESIAN_POINT ( 'NONE',  ( -2.639522353628279472, 1.508653477058928793E-14, -30.25606198834415039 ) ) ;
#697 = FACE_OUTER_BOUND ( 'NONE', #5162, .T. ) ;
#698 = EDGE_CURVE ( 'NONE', #6401, #81, #6113, .T. ) ;
#699 = VECTOR ( 'NONE', #1681, 1000.000000000000000 ) ;
#700 = CARTESIAN_POINT ( 'NONE',  ( 0.9975380024965369019, 4.044074103370931539E-14, -32.29603246647058512 ) ) ;
#701 = CARTESIAN_POINT ( 'NONE',  ( -1.519924591261406999, 2.290464415921823156E-14, -37.58582773788899800 ) ) ;
#702 = EDGE_LOOP ( 'NONE', ( #6586, #2167, #6210, #305 ) ) ;
#703 = ORIENTED_EDGE ( 'NONE', *, *, #4996, .F. ) ;
#704 = CARTESIAN_POINT ( 'NONE',  ( -0.3231421523624024017, 3.126173126336023016E-14, 35.34678734673394018 ) ) ;
#705 = CARTESIAN_POINT ( 'NONE',  ( 1.065486096489355772, 4.103705222857634283E-14, 39.80651111403571463 ) ) ;
#706 = VECTOR ( 'NONE', #2634, 1000.000000000000000 ) ;
#707 = CARTESIAN_POINT ( 'NONE',  ( -5.400000000000012790, 5.999999999999992006, 32.75000000000000000 ) ) ;
#708 = CARTESIAN_POINT ( 'NONE',  ( -0.6723961416206539754, 0.3000000000000287992, 30.95075560560045957 ) ) ;
#709 = CARTESIAN_POINT ( 'NONE',  ( -11.00000000000000000, 0.9999999999999981126, 70.00000000000000000 ) ) ;
#710 = ORIENTED_EDGE ( 'NONE', *, *, #6009, .T. ) ;
#711 = CARTESIAN_POINT ( 'NONE',  ( 1.405523301696085303, 0.3000000000000432876, 37.89463506792281322 ) ) ;
#712 = DIRECTION ( 'NONE',  ( 5.484328795755763592E-16, 0.000000000000000000, 1.000000000000000000 ) ) ;
#713 = CARTESIAN_POINT ( 'NONE',  ( 3.483516777886278781, 5.784348849996791169E-14, 26.60937923855251697 ) ) ;
#714 = DIRECTION ( 'NONE',  ( 0.000000000000000000, 1.000000000000000000, 0.000000000000000000 ) ) ;
#715 = CARTESIAN_POINT ( 'NONE',  ( 0.1054996166192711388, 0.3000000000000342393, -40.05693789329372123 ) ) ;
#716 = DIRECTION ( 'NONE',  ( -1.000000000000000000, -6.982962677686266711E-15, 0.000000000000000000 ) ) ;
#717 = DIRECTION ( 'NONE',  ( -1.000000000000000000, -7.506015040284266169E-16, 0.000000000000000000 ) ) ;
#718 = EDGE_CURVE ( 'NONE', #5220, #4157, #5602, .T. ) ;
#719 = CARTESIAN_POINT ( 'NONE',  ( -2.346074559111963609, 0.3000000000000170863, 40.95434133854740111 ) ) ;
#720 = EDGE_LOOP ( 'NONE', ( #2901, #4817, #2651, #3446 ) ) ;
#721 = VECTOR ( 'NONE', #4552, 1000.000000000000000 ) ;
#722 = EDGE_CURVE ( 'NONE', #5962, #3480, #2982, .T. ) ;
#723 = ORIENTED_EDGE ( 'NONE', *, *, #109, .F. ) ;
#724 = ORIENTED_EDGE ( 'NONE', *, *, #1297, .T. ) ;
#725 = EDGE_CURVE ( 'NONE', #4443, #5280, #4739, .T. ) ;
#726 = B_SPLINE_CURVE_WITH_KNOTS ( 'NONE', 3,
 ( #6307, #1700, #1204, #5301, #4792, #192, #5331, #4286, #731, #4825, #2809 ),
 .UNSPECIFIED., .F., .F.,
 ( 4, 1, 1, 1, 1, 1, 1, 1, 4 ),
 ( 0.000000000000000000, 0.1689022074795300254, 0.3184317872561837626, 0.4482139440641094708, 0.5625756027281693106, 0.6697294301672188643, 0.7729592904557750499, 0.8812919015951191648, 1.000000000000000000 ),
 .UNSPECIFIED. ) ;
#727 = AXIS2_PLACEMENT_3D ( 'NONE', #6139, #2210, #3824 ) ;
#728 = DIRECTION ( 'NONE',  ( -7.228014483236701486E-16, 1.000000000000000000, 0.000000000000000000 ) ) ;
#729 = CARTESIAN_POINT ( 'NONE',  ( 0.7619418091243989055, 0.3000000000000387912, -32.90889445940651825 ) ) ;
#730 = ORIENTED_EDGE ( 'NONE', *, *, #545, .T. ) ;
#731 = CARTESIAN_POINT ( 'NONE',  ( 1.725710773366305517, 0.3000000000000455636, -31.49292061024972611 ) ) ;
#732 = CARTESIAN_POINT ( 'NONE',  ( -1.250427956051296752, 0.3000000000000247469, 43.89093703693814774 ) ) ;
#733 = VERTEX_POINT ( 'NONE', #6287 ) ;
#734 = ORIENTED_EDGE ( 'NONE', *, *, #949, .F. ) ;
#735 = VECTOR ( 'NONE', #505, 1000.000000000000000 ) ;
#736 = CARTESIAN_POINT ( 'NONE',  ( -2.660436546740475805, 1.494049174065290587E-14, -35.62282814859082691 ) ) ;
#737 = AXIS2_PLACEMENT_3D ( 'NONE', #2019, #4077, #4045 ) ;
#738 = CARTESIAN_POINT ( 'NONE',  ( -4.800000000000013145, 0.2999999999999999889, -16.05640580919052240 ) ) ;
#739 = CARTESIAN_POINT ( 'NONE',  ( -4.800000000000010481, 0.2999999999999999889, -10.04234568277993311 ) ) ;
#740 = CARTESIAN_POINT ( 'NONE',  ( -0.9419236924913245712, 0.3000000000000269118, 29.80080265469021228 ) ) ;
#741 = CARTESIAN_POINT ( 'NONE',  ( -2.663546523079796113, 0.3000000000000148659, -39.62047268937080702 ) ) ;
#742 = ORIENTED_EDGE ( 'NONE', *, *, #17, .F. ) ;
#743 = CARTESIAN_POINT ( 'NONE',  ( 2.111520788161238560, 4.824699667560494731E-14, 39.39194116865364492 ) ) ;
#744 = DIRECTION ( 'NONE',  ( -7.228014483236701486E-16, 1.000000000000000000, 0.000000000000000000 ) ) ;
#745 = CARTESIAN_POINT ( 'NONE',  ( 3.200750049242689688, 0.3000000000000558886, -28.03221665894349002 ) ) ;
#746 = CARTESIAN_POINT ( 'NONE',  ( -4.913472832573801519, -7.923765547940862002E-16, -38.41941889127095067 ) ) ;
#747 = CARTESIAN_POINT ( 'NONE',  ( -4.913472832573800630, 0.2999999999999991562, -31.27063043912250961 ) ) ;
#748 = LINE ( 'NONE', #2187, #498 ) ;
#749 = CARTESIAN_POINT ( 'NONE',  ( -2.152891577614678642, 1.848465931730567182E-14, 40.90695614284940262 ) ) ;
#750 = CARTESIAN_POINT ( 'NONE',  ( -2.506774760217755027, 0.3000000000000159761, 41.10176638898224866 ) ) ;
#751 = PLANE ( 'NONE',  #3086 ) ;
#752 = ORIENTED_EDGE ( 'NONE', *, *, #1251, .T. ) ;
#753 = VERTEX_POINT ( 'NONE', #2689 ) ;
#754 = EDGE_LOOP ( 'NONE', ( #2242, #5516 ) ) ;
#755 = EDGE_CURVE ( 'NONE', #5696, #5355, #2573, .T. ) ;
#756 = DIRECTION ( 'NONE',  ( 0.000000000000000000, 0.000000000000000000, -1.000000000000000000 ) ) ;
#757 = CARTESIAN_POINT ( 'NONE',  ( -2.554248584258054677, 1.568199831948721115E-14, -29.74491826918449533 ) ) ;
#758 = CARTESIAN_POINT ( 'NONE',  ( -1.993320406807811640, 0.3000000000000195843, -35.68720584445528488 ) ) ;
#759 = ORIENTED_EDGE ( 'NONE', *, *, #2477, .F. ) ;
#760 = CARTESIAN_POINT ( 'NONE',  ( -2.333946174869838686, 1.722036182204937475E-14, 36.26389132871616994 ) ) ;
#761 = CARTESIAN_POINT ( 'NONE',  ( 11.00000000000000000, 1.000000000000001998, 69.00000000000000000 ) ) ;
#762 = ORIENTED_EDGE ( 'NONE', *, *, #111, .F. ) ;
#763 = EDGE_LOOP ( 'NONE', ( #1131, #3617 ) ) ;
#764 = B_SPLINE_CURVE_WITH_KNOTS ( 'NONE', 3,
 ( #5793, #2247, #777, #6324, #266, #1684, #3800, #3202, #2793, #5884, #1715, #208, #1277, #6291, #236 ),
 .UNSPECIFIED., .F., .F.,
 ( 4, 1, 1, 1, 1, 1, 1, 1, 1, 1, 1, 1, 4 ),
 ( 0.000000000000000000, 0.06196885780174795494, 0.1275031183531113443, 0.1972591458298045275, 0.2761876151904314458, 0.3239992394032306655, 0.3830244142912403449, 0.4548749134693162444, 0.5388518610235155659, 0.6345563411628331041, 0.7436429989050329370, 0.8655896599986702133, 0.9999999999999998890 ),
 .UNSPECIFIED. ) ;
#765 = CIRCLE ( 'NONE', #3541, 2.599999999999996536 ) ;
#766 = CARTESIAN_POINT ( 'NONE',  ( -1.557054328942282018, 2.264536858676028007E-14, 43.67038638749073698 ) ) ;
#767 = CARTESIAN_POINT ( 'NONE',  ( 1.358455888594032324, 0.3000000000000429545, 40.32029985877520772 ) ) ;
#768 = CARTESIAN_POINT ( 'NONE',  ( -3.263932410980130872, 1.072630264452938244E-14, -39.87479733157828576 ) ) ;
#769 = VECTOR ( 'NONE', #4435, 1000.000000000000000 ) ;
#770 = ADVANCED_FACE ( 'NONE', ( #605 ), #2566, .T. ) ;
#771 = DIRECTION ( 'NONE',  ( -1.000000000000000000, -6.982962677686266711E-15, 3.792264562646615699E-16 ) ) ;
#772 = LINE ( 'NONE', #2821, #5277 ) ;
#773 = ORIENTED_EDGE ( 'NONE', *, *, #4624, .F. ) ;
#774 = CARTESIAN_POINT ( 'NONE',  ( 1.626454102443058769, 4.488596994089988357E-14, 38.17429904957307230 ) ) ;
#775 = DIRECTION ( 'NONE',  ( -1.000000000000000000, -7.506015040284266169E-16, 0.000000000000000000 ) ) ;
#776 = DIRECTION ( 'NONE',  ( 0.000000000000000000, -1.000000000000000000, 0.000000000000000000 ) ) ;
#777 = CARTESIAN_POINT ( 'NONE',  ( -2.054526520068921780, 1.917153884293625954E-14, -31.02655139597393941 ) ) ;
#778 = FACE_OUTER_BOUND ( 'NONE', #990, .T. ) ;
#779 = CARTESIAN_POINT ( 'NONE',  ( 0.4794085458955858470, 0.3000000000000368483, 38.30944461913590970 ) ) ;
#780 = CARTESIAN_POINT ( 'NONE',  ( -2.120720222317615811, 1.864827736675067626E-14, 40.90966038397381510 ) ) ;
#781 = B_SPLINE_CURVE_WITH_KNOTS ( 'NONE', 3,
 ( #922, #2058, #49, #4080, #6131, #6100, #3041, #2972, #1031, #5125, #521, #412, #445, #3543, #5589, #4119, #6163, #6357, #1753 ),
 .UNSPECIFIED., .F., .F.,
 ( 4, 1, 1, 1, 1, 1, 1, 1, 1, 1, 1, 1, 1, 1, 1, 1, 4 ),
 ( 0.000000000000000000, 0.06479289943588702194, 0.1271214512632311278, 0.1876948033653557113, 0.2472334264607954080, 0.3063537066792873520, 0.3655557714831974003, 0.4260984599825512475, 0.4880431421973528971, 0.5505342919807542090, 0.6121979869085054649, 0.6737105034685254568, 0.7356044992846588748, 0.7986108183985948239, 0.8633843395524334330, 0.9304183182513261485, 1.000000000000000000 ),
 .UNSPECIFIED. ) ;
#782 = CARTESIAN_POINT ( 'NONE',  ( -11.00000000000000000, -2.020667218593132311E-15, 70.00000000000000000 ) ) ;
#783 = CARTESIAN_POINT ( 'NONE',  ( -0.000000000000000000, 5.000000000000000000, -70.00000000000000000 ) ) ;
#784 = CARTESIAN_POINT ( 'NONE',  ( -2.506774760217771014, 1.601350626092753875E-14, -30.84000946279725497 ) ) ;
#785 = PLANE ( 'NONE',  #6194 ) ;
#786 = ORIENTED_EDGE ( 'NONE', *, *, #5152, .T. ) ;
#787 = VERTEX_POINT ( 'NONE', #3260 ) ;
#788 = CARTESIAN_POINT ( 'NONE',  ( -11.00000000000000000, 0.000000000000000000, -69.00000000000000000 ) ) ;
#789 = PLANE ( 'NONE',  #3843 ) ;
#790 = CARTESIAN_POINT ( 'NONE',  ( 0.1928046332465163937, 0.3000000000000348499, -6.978579203287759825 ) ) ;
#791 = CARTESIAN_POINT ( 'NONE',  ( -0.3231421523624024017, 3.144186300207962859E-14, 35.34678734673394018 ) ) ;
#792 = CARTESIAN_POINT ( 'NONE',  ( -2.133388434516076071, 0.3000000000000185851, -37.95666249593098485 ) ) ;
#793 = CARTESIAN_POINT ( 'NONE',  ( -5.400000000000012790, 5.999999999999992006, -32.75000000000000000 ) ) ;
#794 = ORIENTED_EDGE ( 'NONE', *, *, #4542, .F. ) ;
#795 = ORIENTED_EDGE ( 'NONE', *, *, #5907, .F. ) ;
#796 = VECTOR ( 'NONE', #995, 1000.000000000000000 ) ;
#797 = CARTESIAN_POINT ( 'NONE',  ( -2.133388434516076071, 1.862084903766090023E-14, -37.95666249593098485 ) ) ;
#798 = ADVANCED_FACE ( 'NONE', ( #4666 ), #65, .T. ) ;
#799 = CARTESIAN_POINT ( 'NONE',  ( -3.484424347347701012, 9.186615682143873242E-15, -39.88570064968532591 ) ) ;
#800 = VECTOR ( 'NONE', #1048, 1000.000000000000000 ) ;
#801 = FACE_OUTER_BOUND ( 'NONE', #1480, .T. ) ;
#802 = CARTESIAN_POINT ( 'NONE',  ( -3.484424347347700124, 0.3000000000000091482, -36.93540700276692235 ) ) ;
#803 = CARTESIAN_POINT ( 'NONE',  ( -0.8590984549520279678, 2.751916840550614867E-14, 28.98980975253051184 ) ) ;
#804 = ORIENTED_EDGE ( 'NONE', *, *, #1944, .F. ) ;
#805 = EDGE_CURVE ( 'NONE', #5879, #4819, #1642, .T. ) ;
#806 = DIRECTION ( 'NONE',  ( 1.000000000000000000, 0.000000000000000000, 0.000000000000000000 ) ) ;
#807 = LINE ( 'NONE', #137, #388 ) ;
#808 = DIRECTION ( 'NONE',  ( 5.782411586589357639E-16, -1.000000000000000000, 0.000000000000000000 ) ) ;
#809 = AXIS2_PLACEMENT_3D ( 'NONE', #3814, #728, #4822 ) ;
#810 = CARTESIAN_POINT ( 'NONE',  ( -4.239727889166951869, 0.3000000000000038747, -27.06327056884764204 ) ) ;
#811 = CARTESIAN_POINT ( 'NONE',  ( -3.484424347347700124, 0.3000000000000091482, -36.93540700276692235 ) ) ;
#812 = CARTESIAN_POINT ( 'NONE',  ( -0.8771969141668124470, 0.3000000000000273559, 43.06958928393706998 ) ) ;
#813 = CARTESIAN_POINT ( 'NONE',  ( -10.60000000000000497, 1.399999999999988809, -65.50000000000000000 ) ) ;
#814 = CARTESIAN_POINT ( 'NONE',  ( -1.678179693311566023, 0.3000000000000217493, -30.70377559626346553 ) ) ;
#815 = CARTESIAN_POINT ( 'NONE',  ( 4.348997765079651856, 0.3000000000000638822, -30.83130729913256829 ) ) ;
#816 = ORIENTED_EDGE ( 'NONE', *, *, #4421, .T. ) ;
#817 = EDGE_CURVE ( 'NONE', #6141, #2964, #3141, .T. ) ;
#818 = CARTESIAN_POINT ( 'NONE',  ( 4.014710606750893085, 0.3000000000000614953, -39.56995821873763930 ) ) ;
#819 = ADVANCED_FACE ( 'NONE', ( #1274 ), #3649, .T. ) ;
#820 = CARTESIAN_POINT ( 'NONE',  ( -2.644016181098105545, 1.505515454108753555E-14, -30.35575572649636555 ) ) ;
#821 = CARTESIAN_POINT ( 'NONE',  ( 1.358455888594021443, 4.300426762222936962E-14, -31.62147599300430656 ) ) ;
#822 = CARTESIAN_POINT ( 'NONE',  ( 0.1928046332465181423, 3.541763654491915444E-17, -2.893557230631504940 ) ) ;
#823 = ORIENTED_EDGE ( 'NONE', *, *, #5603, .F. ) ;
#824 = DIRECTION ( 'NONE',  ( -0.5567903982362177873, 0.000000000000000000, 0.8306530277028755238 ) ) ;
#825 = ORIENTED_EDGE ( 'NONE', *, *, #755, .T. ) ;
#826 = ORIENTED_EDGE ( 'NONE', *, *, #2654, .T. ) ;
#827 = VECTOR ( 'NONE', #3948, 1000.000000000000000 ) ;
#828 = CARTESIAN_POINT ( 'NONE',  ( 4.211760300923505618, 6.292878584160360345E-14, 31.82122521012506411 ) ) ;
#829 = CARTESIAN_POINT ( 'NONE',  ( -2.186394262467371341, 1.832301671500502493E-14, -31.03259385441577933 ) ) ;
#830 = CARTESIAN_POINT ( 'NONE',  ( -4.870920520358623662, 0.2999999999999994893, 7.462611754735306135 ) ) ;
#831 = FACE_OUTER_BOUND ( 'NONE', #2996, .T. ) ;
#832 = ORIENTED_EDGE ( 'NONE', *, *, #2782, .F. ) ;
#833 = CARTESIAN_POINT ( 'NONE',  ( 2.118382658330521195, 4.831080789307403572E-14, -32.33356592489765546 ) ) ;
#834 = EDGE_CURVE ( 'NONE', #2123, #6201, #2712, .T. ) ;
#835 = CARTESIAN_POINT ( 'NONE',  ( -1.993320406807811640, 0.3000000000000195843, -35.68720584445528488 ) ) ;
#836 = ADVANCED_FACE ( 'NONE', ( #1142 ), #533, .T. ) ;
#837 = CARTESIAN_POINT ( 'NONE',  ( -4.404532197742388355, 0.3000000000000027645, -27.51794067997075999 ) ) ;
#838 = LINE ( 'NONE', #2918, #3546 ) ;
#839 = CARTESIAN_POINT ( 'NONE',  ( -2.346074559111977820, 0.3000000000000170863, -30.98743451323210962 ) ) ;
#840 = CARTESIAN_POINT ( 'NONE',  ( 0.1928046332465163937, 0.3000000000000348499, -8.907617357042099115 ) ) ;
#841 = DIRECTION ( 'NONE',  ( -0.8346519609615571378, 0.000000000000000000, -0.5507777265494923080 ) ) ;
#842 = CARTESIAN_POINT ( 'NONE',  ( -1.362351350674532169, 0.3000000000000239697, -30.02211020917194162 ) ) ;
#843 = CARTESIAN_POINT ( 'NONE',  ( -4.239727889166951869, 3.912359239295775660E-15, -27.06327056884764204 ) ) ;
#844 = VERTEX_POINT ( 'NONE', #630 ) ;
#845 = EDGE_CURVE ( 'NONE', #282, #4379, #596, .T. ) ;
#846 = DIRECTION ( 'NONE',  ( 1.000000000000000000, 6.982962677686267499E-15, 0.000000000000000000 ) ) ;
#847 = DIRECTION ( 'NONE',  ( -7.228014483236701486E-16, 1.000000000000000000, -0.000000000000000000 ) ) ;
#848 = CARTESIAN_POINT ( 'NONE',  ( 0.1728218694969672342, 0.3000000000000347389, 35.33304037239585682 ) ) ;
#849 = ORIENTED_EDGE ( 'NONE', *, *, #3534, .F. ) ;
#850 = CARTESIAN_POINT ( 'NONE',  ( -3.756409330034989669, 7.287354699147269286E-15, 36.88331362174723438 ) ) ;
#851 = DIRECTION ( 'NONE',  ( 0.000000000000000000, -1.000000000000000000, 0.000000000000000000 ) ) ;
#852 = ORIENTED_EDGE ( 'NONE', *, *, #317, .T. ) ;
#853 = ORIENTED_EDGE ( 'NONE', *, *, #4267, .T. ) ;
#854 = FACE_OUTER_BOUND ( 'NONE', #2452, .T. ) ;
#855 = CARTESIAN_POINT ( 'NONE',  ( -3.484424347347700124, 7.047314121155778821E-15, -36.93540700276692235 ) ) ;
#856 = CARTESIAN_POINT ( 'NONE',  ( -2.346074559111977820, 1.718460443389524528E-14, -30.98743451323210962 ) ) ;
#857 = CARTESIAN_POINT ( 'NONE',  ( -0.9409288631442278561, 0.3000000000000269118, 29.72926129881667379 ) ) ;
#858 = CARTESIAN_POINT ( 'NONE',  ( 1.191010957294032391, 4.183500591639374891E-14, 8.453726026746954503 ) ) ;
#859 = CARTESIAN_POINT ( 'NONE',  ( -3.410809414312578891, 9.757819552369539906E-15, -36.93806767597034479 ) ) ;
#860 = VECTOR ( 'NONE', #5540, 1000.000000000000000 ) ;
#861 = ORIENTED_EDGE ( 'NONE', *, *, #3009, .T. ) ;
#862 = CARTESIAN_POINT ( 'NONE',  ( 4.389964219678220481, 6.417317715528519466E-14, 39.92169896794879946 ) ) ;
#863 = CARTESIAN_POINT ( 'NONE',  ( -3.410306503438882864, 0.3000000000000097033, -39.88203552504240434 ) ) ;
#864 = LINE ( 'NONE', #1440, #3300 ) ;
#865 = CARTESIAN_POINT ( 'NONE',  ( 0.1928046332465181423, 3.486456841093956996E-14, -2.893557230631510269 ) ) ;
#866 = AXIS2_PLACEMENT_3D ( 'NONE', #3682, #85, #2860 ) ;
#867 = EDGE_LOOP ( 'NONE', ( #5893, #1838, #3310, #2903 ) ) ;
#868 = CARTESIAN_POINT ( 'NONE',  ( 4.020680469917261135, 0.3000000000000615508, 27.82786404599470131 ) ) ;
#869 = CARTESIAN_POINT ( 'NONE',  ( 3.880327604688988075, 0.3000000000000606071, -39.73120943067678468 ) ) ;
#870 = DIRECTION ( 'NONE',  ( 1.000000000000000000, 0.000000000000000000, -0.000000000000000000 ) ) ;
#871 = CARTESIAN_POINT ( 'NONE',  ( -0.5508427395651096514, 0.3000000000000296319, 31.06496476103416171 ) ) ;
#872 = EDGE_CURVE ( 'NONE', #4002, #4643, #3725, .T. ) ;
#873 = CARTESIAN_POINT ( 'NONE',  ( -2.639483235726256538, 1.508680792943916159E-14, -30.49116459496599774 ) ) ;
#874 = CARTESIAN_POINT ( 'NONE',  ( 7.999999999999983125, 1.400000000000002798, -65.50000000000000000 ) ) ;
#875 = VERTEX_POINT ( 'NONE', #5332 ) ;
#876 = EDGE_CURVE ( 'NONE', #5016, #2201, #6583, .T. ) ;
#877 = CARTESIAN_POINT ( 'NONE',  ( 0.2605361375379841582, 0.3000000000000352940, 30.83093401416640944 ) ) ;
#878 = DIRECTION ( 'NONE',  ( -0.000000000000000000, 0.000000000000000000, 1.000000000000000000 ) ) ;
#879 = EDGE_LOOP ( 'NONE', ( #643, #3105, #1787, #4749 ) ) ;
#880 = CARTESIAN_POINT ( 'NONE',  ( -4.910895287143062227, -7.743776512512974806E-16, 40.49556756290920134 ) ) ;
#881 = DIRECTION ( 'NONE',  ( 0.000000000000000000, 1.000000000000000000, 0.000000000000000000 ) ) ;
#882 = ORIENTED_EDGE ( 'NONE', *, *, #31, .F. ) ;
#883 = VERTEX_POINT ( 'NONE', #4224 ) ;
#884 = AXIS2_PLACEMENT_3D ( 'NONE', #2076, #1574, #4136 ) ;
#885 = CARTESIAN_POINT ( 'NONE',  ( 1.925928342686503258, 4.700016417724661721E-14, -31.58827652987720924 ) ) ;
#886 = CARTESIAN_POINT ( 'NONE',  ( -2.853615765255273828, 1.359152846765947462E-14, -37.08208778048196308 ) ) ;
#887 = CARTESIAN_POINT ( 'NONE',  ( -2.644016181098105545, 0.3000000000000150324, -30.35575572649636555 ) ) ;
#888 = CARTESIAN_POINT ( 'NONE',  ( 0.1928046332465181423, 0.3000000000000348499, -2.893557230631510269 ) ) ;
#889 = CARTESIAN_POINT ( 'NONE',  ( -4.749334005271741432, 3.794707603699265519E-16, -29.00359110787261585 ) ) ;
#890 = CARTESIAN_POINT ( 'NONE',  ( -0.5508427395651096514, 2.967170656123647649E-14, 31.06496476103416171 ) ) ;
#891 = ORIENTED_EDGE ( 'NONE', *, *, #4082, .F. ) ;
#892 = AXIS2_PLACEMENT_3D ( 'NONE', #4752, #5733, #5621 ) ;
#893 = PLANE ( 'NONE',  #4761 ) ;
#894 = DIRECTION ( 'NONE',  ( -0.000000000000000000, 0.000000000000000000, 1.000000000000000000 ) ) ;
#895 = DIRECTION ( 'NONE',  ( 1.000000000000000000, 0.000000000000000000, 0.000000000000000000 ) ) ;
#896 = VECTOR ( 'NONE', #6624, 1000.000000000000000 ) ;
#897 = DIRECTION ( 'NONE',  ( -7.228014483236701486E-16, 1.000000000000000000, 0.000000000000000000 ) ) ;
#898 = LINE ( 'NONE', #3895, #5041 ) ;
#899 = ORIENTED_EDGE ( 'NONE', *, *, #4177, .F. ) ;
#900 = CARTESIAN_POINT ( 'NONE',  ( 3.529909234034393162, 5.822165666247158811E-14, -36.81009563793089967 ) ) ;
#901 = CARTESIAN_POINT ( 'NONE',  ( -2.252638894129074920, 0.3000000000000177525, -31.02819268737250269 ) ) ;
#902 = ADVANCED_FACE ( 'NONE', ( #6273 ), #2203, .F. ) ;
#903 = DIRECTION ( 'NONE',  ( 0.000000000000000000, -1.000000000000000000, 0.000000000000000000 ) ) ;
#904 = CARTESIAN_POINT ( 'NONE',  ( 0.9238103592362292282, 0.3000000000000399014, 39.46244363534153621 ) ) ;
#905 = CARTESIAN_POINT ( 'NONE',  ( 4.227799127771261212, 6.304078437087548218E-14, -39.22529492293318754 ) ) ;
#906 = CARTESIAN_POINT ( 'NONE',  ( 0.5707707827331606198, 0.3000000000000375144, -33.40392176135320312 ) ) ;
#907 = ORIENTED_EDGE ( 'NONE', *, *, #3787, .F. ) ;
#908 = CIRCLE ( 'NONE', #2085, 2.599999999999996536 ) ;
#909 = EDGE_CURVE ( 'NONE', #5707, #5544, #3218, .T. ) ;
#910 = CARTESIAN_POINT ( 'NONE',  ( 0.2605361375379841582, 3.539920093165171977E-14, 30.83093401416640944 ) ) ;
#911 = CARTESIAN_POINT ( 'NONE',  ( 0.01185926148422550806, 3.377289767292346312E-14, -27.78667850440718823 ) ) ;
#912 = EDGE_CURVE ( 'NONE', #3547, #4656, #491, .T. ) ;
#913 = ORIENTED_EDGE ( 'NONE', *, *, #5254, .F. ) ;
#914 = ORIENTED_EDGE ( 'NONE', *, *, #5706, .F. ) ;
#915 = ADVANCED_FACE ( 'NONE', ( #4826 ), #2263, .T. ) ;
#916 = ORIENTED_EDGE ( 'NONE', *, *, #4780, .T. ) ;
#917 = CARTESIAN_POINT ( 'NONE',  ( 4.277826605902767199, 0.3000000000000633271, 4.368704054090701838 ) ) ;
#918 = CARTESIAN_POINT ( 'NONE',  ( 10.59999999999998010, 1.400000000000004796, 32.75000000000000000 ) ) ;
#919 = CYLINDRICAL_SURFACE ( 'NONE', #1864, 2.599999999999996536 ) ;
#920 = DIRECTION ( 'NONE',  ( 1.000000000000000000, 0.000000000000000000, 0.000000000000000000 ) ) ;
#921 = CARTESIAN_POINT ( 'NONE',  ( -3.251254211700700836, 0.3000000000000107581, -35.41305562454387257 ) ) ;
#922 = CARTESIAN_POINT ( 'NONE',  ( -0.3231421523624024017, 0.3000000000000312417, 35.34678734673394018 ) ) ;
#923 = CARTESIAN_POINT ( 'NONE',  ( -4.239727889166951869, 0.3000000000000038747, -27.06327056884764204 ) ) ;
#924 = LINE ( 'NONE', #414, #721 ) ;
#925 = VECTOR ( 'NONE', #4696, 1000.000000000000000 ) ;
#926 = ORIENTED_EDGE ( 'NONE', *, *, #161, .F. ) ;
#927 = DIRECTION ( 'NONE',  ( -4.067645193304434615E-16, 0.000000000000000000, -1.000000000000000000 ) ) ;
#928 = DIRECTION ( 'NONE',  ( -0.9512522858251319935, -6.642559208980646313E-15, 0.3084138270448672503 ) ) ;
#929 = CARTESIAN_POINT ( 'NONE',  ( -3.251254211700700836, 0.3000000000000107581, -35.41305562454387257 ) ) ;
#930 = EDGE_CURVE ( 'NONE', #5866, #1724, #4856, .T. ) ;
#931 = VECTOR ( 'NONE', #6447, 1000.000000000000000 ) ;
#932 = DIRECTION ( 'NONE',  ( -0.000000000000000000, -0.000000000000000000, 1.000000000000000000 ) ) ;
#933 = CARTESIAN_POINT ( 'NONE',  ( -0.2557676580217192464, 3.173220484276921249E-14, 31.14829254150390980 ) ) ;
#934 = ORIENTED_EDGE ( 'NONE', *, *, #1374, .F. ) ;
#935 = CARTESIAN_POINT ( 'NONE',  ( 4.381446922212215433, 0.3000000000000641043, 29.79334593484650995 ) ) ;
#936 = AXIS2_PLACEMENT_3D ( 'NONE', #874, #4437, #5509 ) ;
#937 = CARTESIAN_POINT ( 'NONE',  ( -1.155485990674272045, 0.3000000000000254130, 42.45553992625413287 ) ) ;
#938 = CARTESIAN_POINT ( 'NONE',  ( 2.515300031347116771, 5.112013243269153406E-14, -40.42143709058872503 ) ) ;
#939 = CARTESIAN_POINT ( 'NONE',  ( 5.399999999999982592, 6.000000000000000888, -32.75000000000000000 ) ) ;
#940 = DIRECTION ( 'NONE',  ( -1.000000000000000000, -6.672013369141570147E-16, 0.000000000000000000 ) ) ;
#941 = VECTOR ( 'NONE', #1808, 1000.000000000000000 ) ;
#942 = CARTESIAN_POINT ( 'NONE',  ( 2.274371339497623712, 4.940007103180543547E-14, -40.44816733140757492 ) ) ;
#943 = CARTESIAN_POINT ( 'NONE',  ( -0.1284804736280600879, 3.258027528318940824E-14, -34.81155002848446856 ) ) ;
#944 = CARTESIAN_POINT ( 'NONE',  ( -1.289434242248535867, 0.3000000000000244693, 42.10905896292793216 ) ) ;
#945 = CARTESIAN_POINT ( 'NONE',  ( 3.877199047901553897, 6.076953176781252353E-14, 32.73395420117111598 ) ) ;
#946 = ORIENTED_EDGE ( 'NONE', *, *, #3989, .F. ) ;
#947 = VERTEX_POINT ( 'NONE', #793 ) ;
#948 = ORIENTED_EDGE ( 'NONE', *, *, #3342, .F. ) ;
#949 = EDGE_CURVE ( 'NONE', #4144, #6175, #4355, .T. ) ;
#950 = CARTESIAN_POINT ( 'NONE',  ( 1.607669014400890051, 0.3000000000000446754, -31.48871103922525094 ) ) ;
#951 = CARTESIAN_POINT ( 'NONE',  ( -8.000000000000010658, 5.999999999999990230, -32.75000000000000000 ) ) ;
#952 = CARTESIAN_POINT ( 'NONE',  ( -2.644016181098091334, 1.505515454108754186E-14, 41.58602012528314873 ) ) ;
#953 = PLANE ( 'NONE',  #3624 ) ;
#954 = CARTESIAN_POINT ( 'NONE',  ( -3.978403917251473576, 0.3000000000000057065, -34.83074239887692158 ) ) ;
#955 = LINE ( 'NONE', #2563, #6509 ) ;
#956 = CARTESIAN_POINT ( 'NONE',  ( 4.207079600431097077, 0.3000000000000628830, 42.01095265483908037 ) ) ;
#957 = LINE ( 'NONE', #4049, #4796 ) ;
#958 = B_SPLINE_SURFACE_WITH_KNOTS ( 'NONE', 3, 1, ( 
 ( #3242, #688 ),
 ( #1618, #2735 ),
 ( #1721, #5353 ),
 ( #4781, #181 ),
 ( #2223, #3775 ),
 ( #750, #5828 ),
 ( #1224, #5323 ),
 ( #719, #2769 ),
 ( #4815, #211 ),
 ( #3933, #2412 ),
 ( #3965, #6019 ) ),
 .UNSPECIFIED., .F., .F., .F.,
 ( 4, 1, 1, 1, 1, 1, 1, 1, 4 ),
 ( 2, 2 ),
 ( 0.000000000000000000, 0.1494422361013147404, 0.2881908720082015929, 0.4213463886540453340, 0.5525102689378151855, 0.6757268801235767341, 0.7866394655402541014, 0.8920946412305866824, 1.000000000000000000 ),
 ( 0.000000000000000000, 1.000000000000000000 ),
 .UNSPECIFIED. ) ;
#959 = ORIENTED_EDGE ( 'NONE', *, *, #3989, .T. ) ;
#960 = ORIENTED_EDGE ( 'NONE', *, *, #6454, .F. ) ;
#961 = FACE_OUTER_BOUND ( 'NONE', #4388, .T. ) ;
#962 = CARTESIAN_POINT ( 'NONE',  ( 3.770744885338672692, 5.984919165429042893E-14, 36.36804283989800268 ) ) ;
#963 = CARTESIAN_POINT ( 'NONE',  ( -3.484424347347701012, 9.324138683375338132E-15, -39.88570064968532591 ) ) ;
#964 = EDGE_CURVE ( 'NONE', #514, #2337, #5902, .T. ) ;
#965 = CARTESIAN_POINT ( 'NONE',  ( 3.483516777886278781, 5.784348849996791169E-14, 26.60937923855251697 ) ) ;
#966 = VECTOR ( 'NONE', #268, 1000.000000000000000 ) ;
#967 = VERTEX_POINT ( 'NONE', #1294 ) ;
#968 = DIRECTION ( 'NONE',  ( -1.000000000000000000, -1.836970198721029194E-16, -0.000000000000000000 ) ) ;
#969 = LINE ( 'NONE', #5424, #3338 ) ;
#970 = CARTESIAN_POINT ( 'NONE',  ( -4.733827212008957730, 0.3000000000000004885, 38.76730345319644044 ) ) ;
#971 = CYLINDRICAL_SURFACE ( 'NONE', #5781, 2.599999999999996536 ) ;
#972 = B_SPLINE_CURVE_WITH_KNOTS ( 'NONE', 3,
 ( #1497, #3014, #996, #5596, #2065, #5131, #2100, #5092, #2029, #5059, #1531, #2537, #4019, #4521, #6567, #4159, #4125, #3514, #1596 ),
 .UNSPECIFIED., .F., .F.,
 ( 4, 1, 1, 1, 1, 1, 1, 1, 1, 1, 1, 1, 1, 1, 1, 1, 4 ),
 ( 0.000000000000000000, 0.08267830526580750850, 0.1623383165474914236, 0.2394176572719168006, 0.3132080326103174883, 0.3844737811954639928, 0.4528987057658007687, 0.5185093162957314927, 0.5817695821953625668, 0.6423022115372429841, 0.7002721239175409007, 0.7556255319328752940, 0.8086115997138167977, 0.8595221000310073745, 0.9083210622552954083, 0.9552539764578326098, 1.000000000000000000 ),
 .UNSPECIFIED. ) ;
#973 = CARTESIAN_POINT ( 'NONE',  ( 0.2092224859696477368, 3.497921366375286928E-14, 37.71973137853986202 ) ) ;
#974 = CARTESIAN_POINT ( 'NONE',  ( 3.820618509800867368, 0.3000000000000601630, -35.42998242951109233 ) ) ;
#975 = EDGE_CURVE ( 'NONE', #4113, #126, #4387, .T. ) ;
#976 = CARTESIAN_POINT ( 'NONE',  ( -4.913472832573789972, 0.2999999999999991562, 30.27774315410190198 ) ) ;
#977 = CARTESIAN_POINT ( 'NONE',  ( -4.800000000000014921, 0.2999999999999999889, -20.14142778184677240 ) ) ;
#978 = PLANE ( 'NONE',  #324 ) ;
#979 = ORIENTED_EDGE ( 'NONE', *, *, #1093, .T. ) ;
#980 = DIRECTION ( 'NONE',  ( -7.228014483236701486E-16, 1.000000000000000000, 0.000000000000000000 ) ) ;
#981 = ORIENTED_EDGE ( 'NONE', *, *, #2104, .T. ) ;
#982 = VERTEX_POINT ( 'NONE', #284 ) ;
#983 = ORIENTED_EDGE ( 'NONE', *, *, #5889, .F. ) ;
#984 = CARTESIAN_POINT ( 'NONE',  ( -1.168869357638893991, 0.3000000000000253575, 21.21232763926187559 ) ) ;
#985 = CYLINDRICAL_SURFACE ( 'NONE', #3550, 2.599999999999996536 ) ;
#986 = CARTESIAN_POINT ( 'NONE',  ( 3.820618509800882023, 0.3000000000000601630, 36.51179342226841840 ) ) ;
#987 = EDGE_CURVE ( 'NONE', #5448, #5457, #5934, .T. ) ;
#988 = DIRECTION ( 'NONE',  ( 4.246546255046991194E-16, 1.348252052242091936E-30, 1.000000000000000000 ) ) ;
#989 = CARTESIAN_POINT ( 'NONE',  ( -2.133388434516076071, 1.862084903766090023E-14, -38.86444515652125631 ) ) ;
#990 = EDGE_LOOP ( 'NONE', ( #1421, #2958, #2000, #5258 ) ) ;
#991 = LINE ( 'NONE', #6035, #6297 ) ;
#992 = VECTOR ( 'NONE', #2522, 1000.000000000000000 ) ;
#993 = EDGE_LOOP ( 'NONE', ( #162, #484, #1381, #4623 ) ) ;
#994 = ADVANCED_FACE ( 'NONE', ( #2900 ), #6166, .T. ) ;
#995 = DIRECTION ( 'NONE',  ( 0.000000000000000000, -1.000000000000000000, 0.000000000000000000 ) ) ;
#996 = CARTESIAN_POINT ( 'NONE',  ( -1.826194475150944685, 0.3000000000000207501, -37.76400491397000536 ) ) ;
#997 = LINE ( 'NONE', #3048, #5546 ) ;
#998 = CARTESIAN_POINT ( 'NONE',  ( 0.1498840320622168709, 3.464025941091186667E-14, -36.76627945226096017 ) ) ;
#999 = UNCERTAINTY_MEASURE_WITH_UNIT (LENGTH_MEASURE( 1.000000000000000082E-05 ), #456, 'distance_accuracy_value', 'NONE');
#1000 = CARTESIAN_POINT ( 'NONE',  ( 2.047409290551221783, 0.3000000000000477840, -32.86876650144723300 ) ) ;
#1001 = VECTOR ( 'NONE', #2115, 1000.000000000000000 ) ;
#1002 = LINE ( 'NONE', #1565, #3874 ) ;
#1003 = CARTESIAN_POINT ( 'NONE',  ( 2.924160419677603429, 0.3000000000000538902, -36.50943049544297736 ) ) ;
#1004 = EDGE_CURVE ( 'NONE', #2644, #3776, #3379, .T. ) ;
#1005 = CARTESIAN_POINT ( 'NONE',  ( 2.121842787000852049, 4.833496984243894553E-14, -32.22451143794588546 ) ) ;
#1006 = CARTESIAN_POINT ( 'NONE',  ( 1.157487615097647415, 0.3000000000000415668, 44.53580636166387308 ) ) ;
#1007 = CARTESIAN_POINT ( 'NONE',  ( 0.1928046332465216117, 3.486456841093955733E-14, 28.29728762308756629 ) ) ;
#1008 = DIRECTION ( 'NONE',  ( 0.000000000000000000, -1.000000000000000000, 0.000000000000000000 ) ) ;
#1009 = CARTESIAN_POINT ( 'NONE',  ( -4.679936980657220857, 0.3000000000000007661, -37.60170560079647828 ) ) ;
#1010 = DIRECTION ( 'NONE',  ( 0.000000000000000000, -1.000000000000000000, 0.000000000000000000 ) ) ;
#1011 = DIRECTION ( 'NONE',  ( -7.228014483236701486E-16, 1.000000000000000000, 0.000000000000000000 ) ) ;
#1012 = PLANE ( 'NONE',  #4653 ) ;
#1013 = CARTESIAN_POINT ( 'NONE',  ( 0.1928046332465181423, 0.3000000000000348499, -2.893557230631510269 ) ) ;
#1014 = ORIENTED_EDGE ( 'NONE', *, *, #5418, .T. ) ;
#1015 = LINE ( 'NONE', #2047, #2355 ) ;
#1016 = AXIS2_PLACEMENT_3D ( 'NONE', #5020, #2596, #518 ) ;
#1017 = AXIS2_PLACEMENT_3D ( 'NONE', #4879, #6266, #84 ) ;
#1018 = EDGE_CURVE ( 'NONE', #282, #2605, #765, .T. ) ;
#1019 = CARTESIAN_POINT ( 'NONE',  ( 4.391299438476544026, 0.3000000000000641598, -31.85395171907212131 ) ) ;
#1020 = VECTOR ( 'NONE', #2658, 1000.000000000000000 ) ;
#1021 = ORIENTED_EDGE ( 'NONE', *, *, #3846, .T. ) ;
#1022 = EDGE_CURVE ( 'NONE', #3734, #4930, #1967, .T. ) ;
#1023 = ORIENTED_EDGE ( 'NONE', *, *, #1149, .F. ) ;
#1024 = ADVANCED_FACE ( 'NONE', ( #5097 ), #2036, .T. ) ;
#1025 = ORIENTED_EDGE ( 'NONE', *, *, #4491, .F. ) ;
#1026 = DIRECTION ( 'NONE',  ( -7.228014483236701486E-16, 1.000000000000000000, -0.000000000000000000 ) ) ;
#1027 = CARTESIAN_POINT ( 'NONE',  ( 3.137878337924103977, 0.3000000000000554445, -36.59120544113384454 ) ) ;
#1028 = CARTESIAN_POINT ( 'NONE',  ( -2.271281496494544694, 1.765794693235325991E-14, 42.82347381096023042 ) ) ;
#1029 = CARTESIAN_POINT ( 'NONE',  ( -3.756409330034989669, 7.480994990149980595E-15, 36.88331362174723438 ) ) ;
#1030 = DIRECTION ( 'NONE',  ( 1.000000000000000000, 6.982962677686265922E-15, -1.019171101211278123E-15 ) ) ;
#1031 = CARTESIAN_POINT ( 'NONE',  ( 2.721719507722989650, 0.3000000000000525024, 34.25245672271323372 ) ) ;
#1032 = EDGE_LOOP ( 'NONE', ( #1551, #4951, #2834, #513 ) ) ;
#1033 = CARTESIAN_POINT ( 'NONE',  ( -0.8771969141668288783, 0.3000000000000273559, -28.87218656784242654 ) ) ;
#1034 = ORIENTED_EDGE ( 'NONE', *, *, #1783, .T. ) ;
#1035 = ORIENTED_EDGE ( 'NONE', *, *, #2380, .T. ) ;
#1036 = CARTESIAN_POINT ( 'NONE',  ( -2.892579119288175349, 1.331944882065014931E-14, 34.57816420924742573 ) ) ;
#1037 = DIRECTION ( 'NONE',  ( -1.000000000000000000, 0.000000000000000000, 8.493092510093977457E-16 ) ) ;
#1038 = B_SPLINE_CURVE_WITH_KNOTS ( 'NONE', 3,
 ( #3062, #611, #1575, #2660, #6219, #2583, #2621 ),
 .UNSPECIFIED., .F., .F.,
 ( 4, 1, 1, 1, 4 ),
 ( 0.000000000000000000, 0.2368983475670438932, 0.4817174171448150855, 0.7359924004609792458, 1.000000000000000000 ),
 .UNSPECIFIED. ) ;
#1039 = CARTESIAN_POINT ( 'NONE',  ( 0.000000000000000000, 6.000000000000000000, 70.00000000000000000 ) ) ;
#1040 = CARTESIAN_POINT ( 'NONE',  ( 1.332863173547118807, 4.288019592180170036E-14, -36.42082701905712128 ) ) ;
#1041 = CIRCLE ( 'NONE', #4369, 2.599999999999998312 ) ;
#1042 = CARTESIAN_POINT ( 'NONE',  ( -4.594013229281103783, 0.3000000000000014322, -39.34938159871578023 ) ) ;
#1043 = CARTESIAN_POINT ( 'NONE',  ( 1.607669014400890051, 0.3000000000000446754, -31.48871103922525094 ) ) ;
#1044 = ORIENTED_EDGE ( 'NONE', *, *, #2229, .T. ) ;
#1045 = PRODUCT_RELATED_PRODUCT_CATEGORY ( 'part', '', ( #79 ) ) ;
#1046 = CARTESIAN_POINT ( 'NONE',  ( 1.725710773366305517, 4.556879477579219167E-14, -31.49292061024972611 ) ) ;
#1047 = CIRCLE ( 'NONE', #5654, 1.000000000000000888 ) ;
#1049 = EDGE_CURVE ( 'NONE', #4347, #5256, #224, .T. ) ;
#1048 = DIRECTION ( 'NONE',  ( 0.000000000000000000, -1.000000000000000000, 0.000000000000000000 ) ) ;
#1050 = EDGE_CURVE ( 'NONE', #5256, #617, #6257, .T. ) ;
#1051 = CARTESIAN_POINT ( 'NONE',  ( 0.6159680625754230254, 0.3000000000000377920, -40.23088188046207136 ) ) ;
#1052 = CARTESIAN_POINT ( 'NONE',  ( 0.1866346133907177407, 3.482148339256586451E-14, 44.26531709703705531 ) ) ;
#1053 = CARTESIAN_POINT ( 'NONE',  ( -1.314515185062128166, 0.3000000000000243028, -29.89786158724634291 ) ) ;
#1054 = CARTESIAN_POINT ( 'NONE',  ( 4.351810018171238248, 6.390674779016516475E-14, -38.84284971892304128 ) ) ;
#1055 = CARTESIAN_POINT ( 'NONE',  ( -0.6839752127191354170, 0.3000000000000286882, 28.45813505792359521 ) ) ;
#1056 = CARTESIAN_POINT ( 'NONE',  ( -2.630319005954915745, 0.3000000000000150879, -30.05188945630265351 ) ) ;
#1057 = EDGE_LOOP ( 'NONE', ( #1982, #215, #5830, #6615, #1516, #20, #321, #1699, #1034, #5292 ) ) ;
#1058 = LINE ( 'NONE', #110, #1615 ) ;
#1059 = CIRCLE ( 'NONE', #2119, 1.000000000000000888 ) ;
#1060 = CARTESIAN_POINT ( 'NONE',  ( -1.289434242248535867, 0.3000000000000244693, 42.10905896292793216 ) ) ;
#1061 = VERTEX_POINT ( 'NONE', #5763 ) ;
#1062 = ORIENTED_EDGE ( 'NONE', *, *, #5691, .F. ) ;
#1063 = EDGE_CURVE ( 'NONE', #4478, #391, #1015, .T. ) ;
#1064 = ORIENTED_EDGE ( 'NONE', *, *, #3536, .T. ) ;
#1065 = B_SPLINE_CURVE_WITH_KNOTS ( 'NONE', 3,
 ( #2650, #6073, #5062, #4561, #5599, #1535, #4633, #1181, #4735, #5373, #5845, #4266, #202, #1151, #2178, #2211, #4866, #6345, #4329 ),
 .UNSPECIFIED., .F., .F.,
 ( 4, 1, 1, 1, 1, 1, 1, 1, 1, 1, 1, 1, 1, 1, 1, 1, 4 ),
 ( 0.000000000000000000, 0.06010494839182106697, 0.1167517350992661185, 0.1711356521932388686, 0.2236523954605229569, 0.2752383353370504437, 0.3269260845771740365, 0.3794276098946345877, 0.4340153052958315438, 0.4908666365111230001, 0.5508062224093613901, 0.6143876246633779292, 0.6819986453985109609, 0.7540653391070440970, 0.8309763590638535868, 0.9126792203682164706, 1.000000000000000000 ),
 .UNSPECIFIED. ) ;
#1066 = CARTESIAN_POINT ( 'NONE',  ( 1.345263089074014928, 0.3000000000000428990, -27.40368906656900094 ) ) ;
#1067 = PLANE ( 'NONE',  #5630 ) ;
#1068 = CARTESIAN_POINT ( 'NONE',  ( -1.250427956051296752, 0.3000000000000247469, 43.89093703693814774 ) ) ;
#1069 = CARTESIAN_POINT ( 'NONE',  ( -4.351410559965921188, 0.3000000000000030975, 37.67352424443313907 ) ) ;
#1070 = LINE ( 'NONE', #3109, #3979 ) ;
#1071 = LINE ( 'NONE', #4011, #184 ) ;
#1072 = ORIENTED_EDGE ( 'NONE', *, *, #6280, .F. ) ;
#1073 = CARTESIAN_POINT ( 'NONE',  ( 1.231587863774302516, 0.3000000000000421219, -31.79088326442203893 ) ) ;
#1074 = EDGE_LOOP ( 'NONE', ( #583, #1536, #5186, #3752 ) ) ;
#1075 = VERTEX_POINT ( 'NONE', #4606 ) ;
#1076 = DIRECTION ( 'NONE',  ( -1.019171101211278123E-15, 0.000000000000000000, -1.000000000000000000 ) ) ;
#1077 = CARTESIAN_POINT ( 'NONE',  ( -2.431381251695986734, 1.653997631707488412E-14, 41.01648237987053136 ) ) ;
#1078 = CARTESIAN_POINT ( 'NONE',  ( -2.510850010807409216, 0.3000000000000159761, 34.81533178956154018 ) ) ;
#1079 = CARTESIAN_POINT ( 'NONE',  ( -4.275680791604775877, 0.3000000000000036526, -39.64652164311210925 ) ) ;
#1080 = FACE_OUTER_BOUND ( 'NONE', #6508, .T. ) ;
#1081 = ORIENTED_EDGE ( 'NONE', *, *, #4122, .F. ) ;
#1082 = B_SPLINE_SURFACE_WITH_KNOTS ( 'NONE', 3, 1, ( 
 ( #4034, #1479 ),
 ( #3098, #4711 ),
 ( #1511, #3563 ),
 ( #1089, #1611 ),
 ( #2550, #5109 ),
 ( #3668, #612 ),
 ( #4604, #6648 ),
 ( #4104, #5649 ),
 ( #1056, #5144 ),
 ( #5723, #5215 ),
 ( #541, #1576 ) ),
 .UNSPECIFIED., .F., .F., .F.,
 ( 4, 1, 1, 1, 1, 1, 1, 1, 4 ),
 ( 2, 2 ),
 ( 0.000000000000000000, 0.1359826728439911259, 0.2693664966883814182, 0.4013714352847821409, 0.5341298545672922282, 0.6621877169219991810, 0.7809226503997456215, 0.8930285102126842567, 1.000000000000000000 ),
 ( 0.000000000000000000, 1.000000000000000000 ),
 .UNSPECIFIED. ) ;
#1083 = CARTESIAN_POINT ( 'NONE',  ( 4.388907671279855371, 0.3000000000000641598, 40.26577419566999083 ) ) ;
#1084 = CARTESIAN_POINT ( 'NONE',  ( -3.756409330034989669, 0.3000000000000072609, 36.88331362174723438 ) ) ;
#1085 = CARTESIAN_POINT ( 'NONE',  ( 1.574973546020988824, 0.3000000000000444533, -40.43055771152108946 ) ) ;
#1086 = CARTESIAN_POINT ( 'NONE',  ( 4.277826605902770751, 0.3000000000000633271, 13.44653065999347952 ) ) ;
#1087 = CARTESIAN_POINT ( 'NONE',  ( 11.99999999999999645, 6.000000000000004441, 70.00000000000000000 ) ) ;
#1088 = DIRECTION ( 'NONE',  ( -2.803450593589760281E-16, 0.000000000000000000, -1.000000000000000000 ) ) ;
#1089 = CARTESIAN_POINT ( 'NONE',  ( -1.829057479843679168, 0.3000000000000207501, -28.52926550167583386 ) ) ;
#1090 = CARTESIAN_POINT ( 'NONE',  ( -1.243603297660063722, 0.3000000000000248024, 42.22760884801066794 ) ) ;
#1091 = DIRECTION ( 'NONE',  ( -7.228014483236701486E-16, 1.000000000000000000, 0.000000000000000000 ) ) ;
#1092 = VECTOR ( 'NONE', #3133, 1000.000000000000000 ) ;
#1093 = EDGE_CURVE ( 'NONE', #4478, #6021, #6650, .T. ) ;
#1094 = CARTESIAN_POINT ( 'NONE',  ( 3.374623919271784622, 0.3000000000000570544, 33.54984095985728487 ) ) ;
#1095 = ORIENTED_EDGE ( 'NONE', *, *, #4182, .F. ) ;
#1096 = VECTOR ( 'NONE', #2598, 1000.000000000000000 ) ;
#1097 = EDGE_LOOP ( 'NONE', ( #6598, #2872, #3809, #1207 ) ) ;
#1098 = ORIENTED_EDGE ( 'NONE', *, *, #1993, .F. ) ;
#1099 = EDGE_CURVE ( 'NONE', #3647, #3480, #3565, .T. ) ;
#1100 = CARTESIAN_POINT ( 'NONE',  ( 3.920659199530581063, 6.089603771514355593E-14, -35.14163548131043058 ) ) ;
#1101 = CARTESIAN_POINT ( 'NONE',  ( -5.400000000000009237, 1.399999999999992584, 32.75000000000000000 ) ) ;
#1102 = CARTESIAN_POINT ( 'NONE',  ( -4.815168031478021859, 0.2999999999999998779, 39.19675034668204461 ) ) ;
#1103 = CARTESIAN_POINT ( 'NONE',  ( -4.909209121818440380, -5.963111948670274387E-16, -38.56717081783904177 ) ) ;
#1104 = CARTESIAN_POINT ( 'NONE',  ( 3.427265561421345641, 5.757113535898028545E-14, -28.26445535381655461 ) ) ;
#1105 = ORIENTED_EDGE ( 'NONE', *, *, #1295, .F. ) ;
#1106 = DIRECTION ( 'NONE',  ( -1.000000000000000000, -1.836970198721029194E-16, 0.000000000000000000 ) ) ;
#1107 = CARTESIAN_POINT ( 'NONE',  ( 2.121842787000866259, 0.3000000000000483391, 39.71726441383362527 ) ) ;
#1108 = ORIENTED_EDGE ( 'NONE', *, *, #1222, .T. ) ;
#1109 = VERTEX_POINT ( 'NONE', #614 ) ;
#1110 = DIRECTION ( 'NONE',  ( -1.000000000000000000, -7.506015040284266169E-16, 0.000000000000000000 ) ) ;
#1111 = CARTESIAN_POINT ( 'NONE',  ( -4.800000000000006928, 0.2999999999999999889, 18.38082586394415685 ) ) ;
#1112 = CARTESIAN_POINT ( 'NONE',  ( 1.833044930725007626, 0.3000000000000462852, 40.41129868759333732 ) ) ;
#1113 = CARTESIAN_POINT ( 'NONE',  ( -0.5508427395651096514, 0.3000000000000296319, 31.06496476103416171 ) ) ;
#1114 = CARTESIAN_POINT ( 'NONE',  ( 1.184069202295763512, 0.3000000000000417888, -31.88358168490072231 ) ) ;
#1115 = EDGE_LOOP ( 'NONE', ( #4828, #4081 ) ) ;
#1116 = EDGE_CURVE ( 'NONE', #5163, #4268, #3065, .T. ) ;
#1117 = DIRECTION ( 'NONE',  ( 8.493092510093987318E-16, 0.000000000000000000, 1.000000000000000000 ) ) ;
#1118 = CARTESIAN_POINT ( 'NONE',  ( 0.8007878874224397814, 0.3000000000000390687, 44.49141485850038436 ) ) ;
#1119 = CARTESIAN_POINT ( 'NONE',  ( 1.607669014400904040, 4.474451357852825569E-14, 40.45306481255425979 ) ) ;
#1120 = CARTESIAN_POINT ( 'NONE',  ( -4.800000000000009592, 0.2999999999999999889, -2.893557230631508492 ) ) ;
#1121 = CARTESIAN_POINT ( 'NONE',  ( 11.00000000000000000, 1.000000000000001998, 69.00000000000000000 ) ) ;
#1122 = CARTESIAN_POINT ( 'NONE',  ( -1.838705126111295884, 0.3000000000000206390, -39.05554774707515264 ) ) ;
#1123 = CARTESIAN_POINT ( 'NONE',  ( -0.6015051947699714407, 2.932766876573289494E-14, 28.29728762308756629 ) ) ;
#1124 = LINE ( 'NONE', #73, #78 ) ;
#1125 = CARTESIAN_POINT ( 'NONE',  ( -1.014962439699567343, 0.3000000000000264122, -29.16375738059755562 ) ) ;
#1126 = CARTESIAN_POINT ( 'NONE',  ( -2.349107858101697310, 0.3000000000000170863, -37.52503203012601318 ) ) ;
#1127 = VECTOR ( 'NONE', #1606, 1000.000000000000000 ) ;
#1128 = CARTESIAN_POINT ( 'NONE',  ( -2.133388434516076071, 1.862084903766090023E-14, -38.86444515652125631 ) ) ;
#1129 = ORIENTED_EDGE ( 'NONE', *, *, #5685, .T. ) ;
#1130 = EDGE_CURVE ( 'NONE', #5807, #1856, #4841, .T. ) ;
#1131 = ORIENTED_EDGE ( 'NONE', *, *, #1018, .T. ) ;
#1132 = EDGE_LOOP ( 'NONE', ( #4690, #1387, #4977, #6262 ) ) ;
#1133 = DIRECTION ( 'NONE',  ( 0.000000000000000000, -1.000000000000000000, 0.000000000000000000 ) ) ;
#1134 = LINE ( 'NONE', #622, #2400 ) ;
#1135 = CARTESIAN_POINT ( 'NONE',  ( 0.8736416286892226823, 0.3000000000000396239, -14.12736765543618311 ) ) ;
#1136 = EDGE_CURVE ( 'NONE', #6398, #6192, #183, .T. ) ;
#1137 = DIRECTION ( 'NONE',  ( 0.000000000000000000, -1.000000000000000000, 0.000000000000000000 ) ) ;
#1138 = CARTESIAN_POINT ( 'NONE',  ( -4.909209121818440380, 0.2999999999999992117, -38.56717081783904177 ) ) ;
#1139 = DIRECTION ( 'NONE',  ( -6.982962677686266711E-15, 1.000000000000000000, 0.000000000000000000 ) ) ;
#1140 = EDGE_CURVE ( 'NONE', #1326, #474, #3314, .T. ) ;
#1141 = FACE_BOUND ( 'NONE', #6296, .T. ) ;
#1142 = FACE_OUTER_BOUND ( 'NONE', #1399, .T. ) ;
#1143 = ORIENTED_EDGE ( 'NONE', *, *, #6300, .T. ) ;
#1144 = ORIENTED_EDGE ( 'NONE', *, *, #4182, .T. ) ;
#1145 = CARTESIAN_POINT ( 'NONE',  ( -2.110803557749052928, 1.877855838920506081E-14, 35.01074085023495286 ) ) ;
#1146 = CARTESIAN_POINT ( 'NONE',  ( -0.7381816162728231934, 2.836352617710691684E-14, -28.60762816876111714 ) ) ;
#1147 = CARTESIAN_POINT ( 'NONE',  ( 1.522835356000692641, 4.418123852878430569E-14, 40.44339243881893253 ) ) ;
#1148 = CARTESIAN_POINT ( 'NONE',  ( -1.993320406807811640, 1.959893884748483369E-14, -35.68720584445528488 ) ) ;
#1149 = EDGE_CURVE ( 'NONE', #4247, #5448, #1058, .T. ) ;
#1150 = FACE_OUTER_BOUND ( 'NONE', #2226, .T. ) ;
#1151 = CARTESIAN_POINT ( 'NONE',  ( 4.207079600431082866, 6.289610068475967477E-14, -29.93082319694041260 ) ) ;
#1152 = ORIENTED_EDGE ( 'NONE', *, *, #146, .F. ) ;
#1153 = EDGE_CURVE ( 'NONE', #5016, #6298, #3100, .T. ) ;
#1154 = DIRECTION ( 'NONE',  ( 4.246546255046989221E-16, 1.316695255501225378E-30, 1.000000000000000000 ) ) ;
#1155 = DIRECTION ( 'NONE',  ( 0.000000000000000000, -1.000000000000000000, 0.000000000000000000 ) ) ;
#1156 = CARTESIAN_POINT ( 'NONE',  ( 1.999459904540543453, 4.748037474183084715E-14, 40.26908409094159680 ) ) ;
#1157 = CARTESIAN_POINT ( 'NONE',  ( -0.4817418110980185575, 0.3000000000000301315, 35.34280234656594644 ) ) ;
#1158 = CARTESIAN_POINT ( 'NONE',  ( -3.532939553499323981, 0.3000000000000088152, -36.93690210253235762 ) ) ;
#1159 = CARTESIAN_POINT ( 'NONE',  ( -2.034352965228320986, 1.929879867024197893E-14, -38.92866981464683818 ) ) ;
#1160 = CARTESIAN_POINT ( 'NONE',  ( 7.999999999999983125, 1.400000000000002798, 0.000000000000000000 ) ) ;
#1161 = CARTESIAN_POINT ( 'NONE',  ( -4.749334005271727221, 0.3000000000000003775, 42.93818474390688777 ) ) ;
#1162 = AXIS2_PLACEMENT_3D ( 'NONE', #5704, #5837, #4757 ) ;
#1163 = CARTESIAN_POINT ( 'NONE',  ( 3.820618509800867368, 0.3000000000000601630, -35.42998242951109233 ) ) ;
#1164 = EDGE_LOOP ( 'NONE', ( #400, #172, #423, #1234 ) ) ;
#1165 = EDGE_LOOP ( 'NONE', ( #4181, #1367, #1228, #3715 ) ) ;
#1166 = VERTEX_POINT ( 'NONE', #6187 ) ;
#1167 = DIRECTION ( 'NONE',  ( -1.000000000000000000, -7.228014483236701486E-16, 0.000000000000000000 ) ) ;
#1168 = CARTESIAN_POINT ( 'NONE',  ( 1.626454102443046335, 0.3000000000000448419, -33.76747680220643844 ) ) ;
#1169 = CARTESIAN_POINT ( 'NONE',  ( -5.400000000000009237, 1.399999999999992584, 32.75000000000000000 ) ) ;
#1170 = FACE_OUTER_BOUND ( 'NONE', #6274, .T. ) ;
#1171 = CARTESIAN_POINT ( 'NONE',  ( 0.000000000000000000, 6.000000000000000000, 70.00000000000000000 ) ) ;
#1172 = CARTESIAN_POINT ( 'NONE',  ( 3.551323316911432659, 5.827586677109586333E-14, 26.72822335754417367 ) ) ;
#1173 = ORIENTED_EDGE ( 'NONE', *, *, #6533, .T. ) ;
#1174 = ADVANCED_FACE ( 'NONE', ( #1578 ), #3636, .F. ) ;
#1175 = VERTEX_POINT ( 'NONE', #75 ) ;
#1176 = CARTESIAN_POINT ( 'NONE',  ( -0.4817418110980185575, 3.015423576571563554E-14, 35.34280234656594644 ) ) ;
#1177 = CARTESIAN_POINT ( 'NONE',  ( 0.8007878874224263477, 3.911009278350821191E-14, -27.45036099327913348 ) ) ;
#1178 = CARTESIAN_POINT ( 'NONE',  ( 0.000000000000000000, 0.000000000000000000, 70.00000000000000000 ) ) ;
#1179 = CARTESIAN_POINT ( 'NONE',  ( 0.1928046332465181423, 0.3000000000000348499, -0.8510462443033852686 ) ) ;
#1180 = CARTESIAN_POINT ( 'NONE',  ( -0.9381326144339934281, 2.699663409488906041E-14, 30.09453289248567742 ) ) ;
#1181 = CARTESIAN_POINT ( 'NONE',  ( 3.200750049242689688, 5.586893898735835371E-14, -28.03221665894349002 ) ) ;
#1182 = ORIENTED_EDGE ( 'NONE', *, *, #5298, .F. ) ;
#1183 = CARTESIAN_POINT ( 'NONE',  ( 2.948643856937727126, 5.415589851565094648E-14, 44.10426689647356824 ) ) ;
#1184 = EDGE_CURVE ( 'NONE', #5936, #1416, #582, .T. ) ;
#1185 = CARTESIAN_POINT ( 'NONE',  ( -4.494851919800658457, 0.3000000000000020983, -37.37364494673769855 ) ) ;
#1186 = DIRECTION ( 'NONE',  ( -1.000000000000000000, -6.982962677686266711E-15, 6.180696507661572586E-16 ) ) ;
#1187 = CARTESIAN_POINT ( 'NONE',  ( -3.904255670430986758, 6.342582709040200939E-15, 33.61852322115765901 ) ) ;
#1188 = CARTESIAN_POINT ( 'NONE',  ( -4.909209121818440380, -7.626032217209516551E-16, -38.56717081783904177 ) ) ;
#1189 = DIRECTION ( 'NONE',  ( 1.000000000000000000, 0.000000000000000000, -0.000000000000000000 ) ) ;
#1190 = CARTESIAN_POINT ( 'NONE',  ( -0.1284804736280474868, 0.3000000000000326295, 37.13022582329503507 ) ) ;
#1191 = DIRECTION ( 'NONE',  ( -0.000000000000000000, -0.000000000000000000, 1.000000000000000000 ) ) ;
#1192 = DIRECTION ( 'NONE',  ( 0.000000000000000000, -1.000000000000000000, 0.000000000000000000 ) ) ;
#1193 = ADVANCED_FACE ( 'NONE', ( #239 ), #2314, .T. ) ;
#1194 = ORIENTED_EDGE ( 'NONE', *, *, #6387, .T. ) ;
#1195 = ORIENTED_EDGE ( 'NONE', *, *, #4748, .F. ) ;
#1196 = ADVANCED_FACE ( 'NONE', ( #1250 ), #180, .F. ) ;
#1197 = VERTEX_POINT ( 'NONE', #2796 ) ;
#1198 = CARTESIAN_POINT ( 'NONE',  ( 10.59999999999998010, 1.400000000000004796, 65.50000000000000000 ) ) ;
#1199 = CARTESIAN_POINT ( 'NONE',  ( 1.358455888594032324, 4.300426762222935700E-14, 40.32029985877520772 ) ) ;
#1200 = CARTESIAN_POINT ( 'NONE',  ( 0.1928046332465181423, 3.486456841093956996E-14, -0.8510462443033852686 ) ) ;
#1201 = VECTOR ( 'NONE', #5499, 1000.000000000000000 ) ;
#1202 = CARTESIAN_POINT ( 'NONE',  ( -4.630583796061953805, 1.301042606982605321E-15, -33.57167349979290805 ) ) ;
#1203 = ORIENTED_EDGE ( 'NONE', *, *, #3354, .F. ) ;
#1204 = CARTESIAN_POINT ( 'NONE',  ( 2.116357668861243102, 0.3000000000000482836, -32.05895707736338096 ) ) ;
#1205 = CARTESIAN_POINT ( 'NONE',  ( -2.435888362454794898, 0.3000000000000165312, 42.50987708744306559 ) ) ;
#1206 = VECTOR ( 'NONE', #2671, 1000.000000000000000 ) ;
#1207 = ORIENTED_EDGE ( 'NONE', *, *, #1813, .T. ) ;
#1208 = VERTEX_POINT ( 'NONE', #3205 ) ;
#1209 = CARTESIAN_POINT ( 'NONE',  ( 4.391299438476560901, 0.3000000000000641598, 40.08782413270738232 ) ) ;
#1210 = FACE_OUTER_BOUND ( 'NONE', #879, .T. ) ;
#1211 = CARTESIAN_POINT ( 'NONE',  ( -0.9419236924913245712, 0.3000000000000269118, 29.80080265469021228 ) ) ;
#1212 = CARTESIAN_POINT ( 'NONE',  ( -1.250427956051296752, 2.493664996716660198E-14, 43.89093703693814774 ) ) ;
#1213 = CARTESIAN_POINT ( 'NONE',  ( -4.911550313876355212, -8.131516293641283255E-16, 40.87095418334794061 ) ) ;
#1214 = ADVANCED_FACE ( 'NONE', ( #5253 ), #3238, .T. ) ;
#1215 = ORIENTED_EDGE ( 'NONE', *, *, #5057, .T. ) ;
#1216 = CARTESIAN_POINT ( 'NONE',  ( 4.348997765079670508, 0.3000000000000638822, 41.11046855264694244 ) ) ;
#1217 = CARTESIAN_POINT ( 'NONE',  ( -3.628004667521424143, 0.3000000000000081490, -36.93983173719639268 ) ) ;
#1218 = CARTESIAN_POINT ( 'NONE',  ( 2.051082824931337978, 0.3000000000000478395, -27.46833411347247633 ) ) ;
#1219 = PLANE ( 'NONE',  #3275 ) ;
#1220 = CARTESIAN_POINT ( 'NONE',  ( -0.1560144864623587146, 0.3000000000000324074, -39.94907524507616614 ) ) ;
#1221 = CARTESIAN_POINT ( 'NONE',  ( -1.883183696199243640, 2.038300084272748336E-14, 36.25782677127063636 ) ) ;
#1222 = EDGE_CURVE ( 'NONE', #2639, #3651, #4014, .T. ) ;
#1223 = VECTOR ( 'NONE', #2376, 1000.000000000000000 ) ;
#1224 = CARTESIAN_POINT ( 'NONE',  ( -2.431381251695986734, 0.3000000000000165312, 41.01648237987053136 ) ) ;
#1225 = ORIENTED_EDGE ( 'NONE', *, *, #2013, .F. ) ;
#1226 = VECTOR ( 'NONE', #3633, 1000.000000000000000 ) ;
#1227 = ORIENTED_EDGE ( 'NONE', *, *, #4037, .F. ) ;
#1228 = ORIENTED_EDGE ( 'NONE', *, *, #930, .T. ) ;
#1229 = DIRECTION ( 'NONE',  ( 5.782411586589357639E-16, -1.000000000000000000, 0.000000000000000000 ) ) ;
#1230 = DIRECTION ( 'NONE',  ( 1.000000000000000000, 6.982962677686268288E-15, -5.619783211733645486E-16 ) ) ;
#1231 = CARTESIAN_POINT ( 'NONE',  ( -4.594013229281103783, 1.626303258728256651E-15, -39.34938159871578023 ) ) ;
#1232 = DIRECTION ( 'NONE',  ( 4.274374212157390516E-16, 1.388630754403677745E-30, 1.000000000000000000 ) ) ;
#1233 = CARTESIAN_POINT ( 'NONE',  ( 2.121842787000866259, 4.835541689285349776E-14, 39.71726441383362527 ) ) ;
#1234 = ORIENTED_EDGE ( 'NONE', *, *, #6214, .T. ) ;
#1235 = ORIENTED_EDGE ( 'NONE', *, *, #2643, .F. ) ;
#1236 = CARTESIAN_POINT ( 'NONE',  ( -1.243603297660077933, 2.483418543948628488E-14, -29.71416700376882858 ) ) ;
#1237 = CARTESIAN_POINT ( 'NONE',  ( 0.7900181394085736830, 3.908548831810243485E-14, 39.10982186241554359 ) ) ;
#1238 = VECTOR ( 'NONE', #4939, 1000.000000000000000 ) ;
#1239 = CARTESIAN_POINT ( 'NONE',  ( 1.956952577167069940, 4.718354766125379277E-14, -36.36804283989799558 ) ) ;
#1240 = AXIS2_PLACEMENT_3D ( 'NONE', #4316, #5863, #756 ) ;
#1241 = CARTESIAN_POINT ( 'NONE',  ( -1.557054328942282018, 2.282245573081986834E-14, 43.67038638749073698 ) ) ;
#1242 = LINE ( 'NONE', #5752, #3011 ) ;
#1243 = ORIENTED_EDGE ( 'NONE', *, *, #3002, .T. ) ;
#1244 = CARTESIAN_POINT ( 'NONE',  ( -1.993320406807796097, 0.3000000000000195843, 36.25457000732422586 ) ) ;
#1245 = DIRECTION ( 'NONE',  ( -1.000000000000000000, -6.672013369141570147E-16, 0.000000000000000000 ) ) ;
#1246 = CARTESIAN_POINT ( 'NONE',  ( 1.705915048200104867, 0.3000000000000453970, -27.41279110464673252 ) ) ;
#1247 = CARTESIAN_POINT ( 'NONE',  ( -4.800000000000006928, 0.2999999999999999889, 18.38082586394415685 ) ) ;
#1248 = CARTESIAN_POINT ( 'NONE',  ( -4.824831032406403430, -1.626303258728256651E-16, -29.53985784324089181 ) ) ;
#1249 = CARTESIAN_POINT ( 'NONE',  ( -8.000000000000010658, 5.999999999999990230, -65.50000000000000000 ) ) ;
#1250 = FACE_OUTER_BOUND ( 'NONE', #1529, .T. ) ;
#1251 = EDGE_CURVE ( 'NONE', #4000, #4679, #4746, .T. ) ;
#1252 = ADVANCED_FACE ( 'NONE', ( #6294 ), #1718, .F. ) ;
#1253 = CARTESIAN_POINT ( 'NONE',  ( -0.6965039581632890275, 2.865455970817920568E-14, -39.70100431304641830 ) ) ;
#1254 = CARTESIAN_POINT ( 'NONE',  ( 2.672675564669828141, 0.3000000000000521694, -27.67900330980737422 ) ) ;
#1255 = VERTEX_POINT ( 'NONE', #2188 ) ;
#1256 = VECTOR ( 'NONE', #1557, 1000.000000000000000 ) ;
#1257 = VERTEX_POINT ( 'NONE', #5796 ) ;
#1258 = ORIENTED_EDGE ( 'NONE', *, *, #2380, .F. ) ;
#1259 = LINE ( 'NONE', #1169, #4553 ) ;
#1260 = DIRECTION ( 'NONE',  ( 1.000000000000000000, 0.000000000000000000, 0.000000000000000000 ) ) ;
#1261 = LINE ( 'NONE', #4440, #5709 ) ;
#1262 = CARTESIAN_POINT ( 'NONE',  ( -10.60000000000000497, 1.399999999999988809, -32.75000000000000000 ) ) ;
#1263 = B_SPLINE_SURFACE_WITH_KNOTS ( 'NONE', 3, 1, ( 
 ( #5536, #394 ),
 ( #5920, #2445 ),
 ( #937, #3896 ),
 ( #2373, #300 ),
 ( #812, #4402 ),
 ( #1844, #5950 ),
 ( #2886, #4935 ),
 ( #327, #6477 ),
 ( #5984, #5473 ),
 ( #6608, #499 ),
 ( #6642, #4597 ),
 ( #2577, #2615 ),
 ( #4637, #1538 ),
 ( #3627, #6078 ),
 ( #1118, #5604 ),
 ( #6213, #2002 ),
 ( #1006, #2038 ),
 ( #28, #569 ),
 ( #2073, #1505 ) ),
 .UNSPECIFIED., .F., .F., .F.,
 ( 4, 1, 1, 1, 1, 1, 1, 1, 1, 1, 1, 1, 1, 1, 1, 1, 4 ),
 ( 2, 2 ),
 ( 0.000000000000000000, 0.09845803827519977736, 0.1893012954853396657, 0.2724514183616404961, 0.3482415831074446855, 0.4207593834583837622, 0.4942149931779751815, 0.5699857929989934346, 0.6486546974282449973, 0.6891802880778955531, 0.7299328568249910942, 0.7715985836368589590, 0.8144573034058886218, 0.8582139769225041181, 0.9036073271986464484, 0.9509891788839647253, 1.000000000000000000 ),
 ( 0.000000000000000000, 1.000000000000000000 ),
 .UNSPECIFIED. ) ;
#1264 = ORIENTED_EDGE ( 'NONE', *, *, #4748, .T. ) ;
#1265 = ORIENTED_EDGE ( 'NONE', *, *, #5322, .F. ) ;
#1266 = CIRCLE ( 'NONE', #4697, 1.000000000000000888 ) ;
#1267 = LINE ( 'NONE', #3855, #2205 ) ;
#1268 = AXIS2_PLACEMENT_3D ( 'NONE', #1309, #1775, #6350 ) ;
#1269 = DIRECTION ( 'NONE',  ( 0.000000000000000000, 0.000000000000000000, -1.000000000000000000 ) ) ;
#1270 = CARTESIAN_POINT ( 'NONE',  ( 3.529909234034393162, 5.816744528977647214E-14, -36.81009563793089967 ) ) ;
#1271 = CARTESIAN_POINT ( 'NONE',  ( -2.133388434516076071, 0.3000000000000185851, -37.95666249593098485 ) ) ;
#1272 = CARTESIAN_POINT ( 'NONE',  ( -4.239727889166937658, 3.848917712323540741E-15, 44.87850528293186159 ) ) ;
#1273 = ORIENTED_EDGE ( 'NONE', *, *, #2282, .F. ) ;
#1274 = FACE_OUTER_BOUND ( 'NONE', #1702, .T. ) ;
#1275 = CARTESIAN_POINT ( 'NONE',  ( -3.768604609063828992, 7.155734338404329264E-15, -36.95909097900806728 ) ) ;
#1276 = DIRECTION ( 'NONE',  ( -1.000000000000000000, -6.672013369141575078E-16, 0.000000000000000000 ) ) ;
#1277 = CARTESIAN_POINT ( 'NONE',  ( -1.362351350674532169, 2.400497221723845321E-14, -30.02211020917194162 ) ) ;
#1278 = CARTESIAN_POINT ( 'NONE',  ( -4.824831032406403430, 0.2999999999999998224, -29.53985784324089181 ) ) ;
#1279 = DIRECTION ( 'NONE',  ( -7.228014483236701486E-16, 1.000000000000000000, 0.000000000000000000 ) ) ;
#1280 = CARTESIAN_POINT ( 'NONE',  ( -1.678179693311551146, 0.3000000000000217493, 41.23800025551602033 ) ) ;
#1281 = B_SPLINE_CURVE_WITH_KNOTS ( 'NONE', 3,
 ( #4455, #1928, #6499, #890, #4487, #5372, #5629, #2565, #2976, #1463, #6562 ),
 .UNSPECIFIED., .F., .F.,
 ( 4, 1, 1, 1, 1, 1, 1, 1, 4 ),
 ( 0.000000000000000000, 0.09216944968663898230, 0.1818921711492658966, 0.2787873151416759288, 0.3886106576206494467, 0.5137812864565334259, 0.6556394086725108039, 0.8173188029951370392, 1.000000000000000000 ),
 .UNSPECIFIED. ) ;
#1282 = CARTESIAN_POINT ( 'NONE',  ( 4.387320004892061753, 6.415471270212179312E-14, -32.34906462542820549 ) ) ;
#1283 = FACE_OUTER_BOUND ( 'NONE', #4555, .T. ) ;
#1284 = CARTESIAN_POINT ( 'NONE',  ( 4.388907671279837608, 6.429318882839041294E-14, -31.67600165610951635 ) ) ;
#1285 = ORIENTED_EDGE ( 'NONE', *, *, #6387, .F. ) ;
#1286 = ADVANCED_FACE ( 'NONE', ( #5826 ), #2082, .T. ) ;
#1287 = ORIENTED_EDGE ( 'NONE', *, *, #1980, .F. ) ;
#1288 = CARTESIAN_POINT ( 'NONE',  ( -10.60000000000000497, 1.399999999999988809, 0.000000000000000000 ) ) ;
#1289 = FACE_OUTER_BOUND ( 'NONE', #3308, .T. ) ;
#1290 = CARTESIAN_POINT ( 'NONE',  ( -0.1284804736280600879, 0.3000000000000326295, -34.81155002848446856 ) ) ;
#1291 = FACE_OUTER_BOUND ( 'NONE', #277, .T. ) ;
#1292 = AXIS2_PLACEMENT_3D ( 'NONE', #3329, #3865, #5852 ) ;
#1293 = CARTESIAN_POINT ( 'NONE',  ( -4.351410559965921188, 3.132483317362148298E-15, 37.67352424443313907 ) ) ;
#1294 = CARTESIAN_POINT ( 'NONE',  ( 11.99999999999999645, 6.000000000000004441, -69.00000000000000000 ) ) ;
#1295 = EDGE_CURVE ( 'NONE', #373, #1356, #898, .T. ) ;
#1296 = ORIENTED_EDGE ( 'NONE', *, *, #4737, .F. ) ;
#1297 = EDGE_CURVE ( 'NONE', #5126, #4648, #5394, .T. ) ;
#1298 = ORIENTED_EDGE ( 'NONE', *, *, #3009, .F. ) ;
#1299 = VECTOR ( 'NONE', #6034, 1000.000000000000000 ) ;
#1300 = CARTESIAN_POINT ( 'NONE',  ( -1.353292046776525481, 2.406823299824394008E-14, 43.81694880885336829 ) ) ;
#1301 = CARTESIAN_POINT ( 'NONE',  ( 4.389964219678220481, 0.3000000000000641598, 39.92169896794879946 ) ) ;
#1302 = VECTOR ( 'NONE', #1556, 1000.000000000000000 ) ;
#1303 = CARTESIAN_POINT ( 'NONE',  ( 4.277826605902761870, 6.339012438352647476E-14, -14.12736765543618667 ) ) ;
#1304 = CARTESIAN_POINT ( 'NONE',  ( -3.054085491512464223, 0.3000000000000121458, -36.99764121097572200 ) ) ;
#1305 = CARTESIAN_POINT ( 'NONE',  ( -1.395815022786471404, 2.377129664382242488E-14, -14.12736765543618311 ) ) ;
#1306 = AXIS2_PLACEMENT_3D ( 'NONE', #2559, #11, #2527 ) ;
#1307 = ORIENTED_EDGE ( 'NONE', *, *, #4377, .T. ) ;
#1308 = CARTESIAN_POINT ( 'NONE',  ( 2.119941732340051121, 0.3000000000000482836, 39.77464292069402063 ) ) ;
#1309 = CARTESIAN_POINT ( 'NONE',  ( 7.999999999999983125, 1.400000000000002798, -65.50000000000000000 ) ) ;
#1310 = CARTESIAN_POINT ( 'NONE',  ( -4.239727889166951869, 3.912359239295775660E-15, -27.06327056884764204 ) ) ;
#1311 = CARTESIAN_POINT ( 'NONE',  ( -4.824831032406403430, 0.2999999999999998224, -29.53985784324089181 ) ) ;
#1312 = PLANE ( 'NONE',  #2580 ) ;
#1313 = CARTESIAN_POINT ( 'NONE',  ( 1.405523301696085303, 4.333293761125623542E-14, 37.89463506792281322 ) ) ;
#1314 = CARTESIAN_POINT ( 'NONE',  ( -2.133388434516076071, 1.862084903766090023E-14, -38.86444515652125631 ) ) ;
#1315 = PLANE ( 'NONE',  #3774 ) ;
#1316 = CARTESIAN_POINT ( 'NONE',  ( -1.788982143740593056, 0.3000000000000210276, -30.85746477144643052 ) ) ;
#1317 = CARTESIAN_POINT ( 'NONE',  ( 3.810881282776103163, 0.3000000000000601075, -28.83023711853648408 ) ) ;
#1318 = ORIENTED_EDGE ( 'NONE', *, *, #4482, .T. ) ;
#1319 = LINE ( 'NONE', #459, #6231 ) ;
#1320 = CARTESIAN_POINT ( 'NONE',  ( -1.557054328942292232, 2.264536858676031478E-14, -28.27138946428875954 ) ) ;
#1321 = FACE_OUTER_BOUND ( 'NONE', #3950, .T. ) ;
#1322 = CARTESIAN_POINT ( 'NONE',  ( 1.962629466150767277, 4.737963493761654377E-14, 34.79305116404280795 ) ) ;
#1323 = ORIENTED_EDGE ( 'NONE', *, *, #3713, .T. ) ;
#1324 = AXIS2_PLACEMENT_3D ( 'NONE', #6632, #5595, #6502 ) ;
#1325 = CARTESIAN_POINT ( 'NONE',  ( -1.223638364525095446, 0.3000000000000249689, -37.41667131202145669 ) ) ;
#1326 = VERTEX_POINT ( 'NONE', #811 ) ;
#1327 = ADVANCED_FACE ( 'NONE', ( #2372 ), #3391, .T. ) ;
#1328 = VERTEX_POINT ( 'NONE', #6571 ) ;
#1329 = ADVANCED_FACE ( 'NONE', ( #1965 ), #1312, .T. ) ;
#1330 = VECTOR ( 'NONE', #4169, 1000.000000000000000 ) ;
#1331 = CARTESIAN_POINT ( 'NONE',  ( -4.800000000000006928, -1.126885041513207204E-29, 18.38082586394415685 ) ) ;
#1332 = DIRECTION ( 'NONE',  ( -0.000000000000000000, 0.000000000000000000, 1.000000000000000000 ) ) ;
#1333 = VECTOR ( 'NONE', #5209, 1000.000000000000000 ) ;
#1334 = CARTESIAN_POINT ( 'NONE',  ( -2.644016181098105545, 0.3000000000000150324, -30.35575572649636555 ) ) ;
#1335 = CARTESIAN_POINT ( 'NONE',  ( 4.099576544528212629, 6.214541085765260402E-14, 42.41143085068945595 ) ) ;
#1336 = EDGE_LOOP ( 'NONE', ( #92, #5744, #1129, #693 ) ) ;
#1337 = CARTESIAN_POINT ( 'NONE',  ( 1.999459904540543453, 0.3000000000000474509, 40.26908409094159680 ) ) ;
#1338 = CARTESIAN_POINT ( 'NONE',  ( -3.756409330035004768, 0.3000000000000072609, -35.05846223003224083 ) ) ;
#1339 = CIRCLE ( 'NONE', #5958, 1.000000000000000888 ) ;
#1340 = VECTOR ( 'NONE', #4589, 1000.000000000000000 ) ;
#1341 = DIRECTION ( 'NONE',  ( -7.228014483236701486E-16, 1.000000000000000000, -0.000000000000000000 ) ) ;
#1342 = CARTESIAN_POINT ( 'NONE',  ( -1.362351350674517070, 2.396086801192964799E-14, 41.91966564260756201 ) ) ;
#1343 = EDGE_CURVE ( 'NONE', #81, #3187, #3926, .T. ) ;
#1344 = CARTESIAN_POINT ( 'NONE',  ( 4.389416598550170079, 0.3000000000000641598, -38.49934619490097987 ) ) ;
#1345 = LINE ( 'NONE', #4404, #1406 ) ;
#1346 = CARTESIAN_POINT ( 'NONE',  ( -1.435711727751741273, 0.3000000000000234701, -30.19714183165471511 ) ) ;
#1347 = DIRECTION ( 'NONE',  ( -1.000000000000000000, -6.982962677686267499E-15, 3.821891629542293208E-16 ) ) ;
#1348 = ORIENTED_EDGE ( 'NONE', *, *, #834, .F. ) ;
#1349 = CYLINDRICAL_SURFACE ( 'NONE', #6122, 2.599999999999998312 ) ;
#1350 = CARTESIAN_POINT ( 'NONE',  ( 0.4197502983940923915, 3.648340310413722420E-14, 29.89477234416537499 ) ) ;
#1351 = CARTESIAN_POINT ( 'NONE',  ( 0.1866346133907040294, 0.3000000000000347944, -27.67645875474245187 ) ) ;
#1352 = VECTOR ( 'NONE', #771, 1000.000000000000000 ) ;
#1353 = VERTEX_POINT ( 'NONE', #4461 ) ;
#1354 = CARTESIAN_POINT ( 'NONE',  ( -4.913472832573787308, -7.923765547940876793E-16, 40.67114541265701178 ) ) ;
#1355 = CARTESIAN_POINT ( 'NONE',  ( 0.6463577751769004065, 3.803171307338681880E-14, -36.59201302590562221 ) ) ;
#1356 = VERTEX_POINT ( 'NONE', #5032 ) ;
#1357 = ORIENTED_EDGE ( 'NONE', *, *, #641, .F. ) ;
#1358 = VECTOR ( 'NONE', #932, 1000.000000000000000 ) ;
#1359 = DIRECTION ( 'NONE',  ( 1.000000000000000000, 0.000000000000000000, -3.792264562646615699E-16 ) ) ;
#1360 = CARTESIAN_POINT ( 'NONE',  ( 0.1928046332465216395, 0.3000000000000348499, 28.29728762308756984 ) ) ;
#1361 = DIRECTION ( 'NONE',  ( 0.3251599034845704117, 0.000000000000000000, 0.9456590491112031316 ) ) ;
#1362 = CARTESIAN_POINT ( 'NONE',  ( 4.241265047817305955, 0.3000000000000631051, 38.15451770185711666 ) ) ;
#1363 = DIRECTION ( 'NONE',  ( -5.782411586589357639E-16, 1.000000000000000000, 0.000000000000000000 ) ) ;
#1364 = DIRECTION ( 'NONE',  ( 0.000000000000000000, -1.000000000000000000, 0.000000000000000000 ) ) ;
#1365 = CARTESIAN_POINT ( 'NONE',  ( -2.644016181098091334, 0.3000000000000150324, 41.58602012528314873 ) ) ;
#1366 = CIRCLE ( 'NONE', #3306, 2.599999999999996536 ) ;
#1367 = ORIENTED_EDGE ( 'NONE', *, *, #5397, .F. ) ;
#1368 = PLANE ( 'NONE',  #1652 ) ;
#1369 = CARTESIAN_POINT ( 'NONE',  ( -2.851044355889458704, 0.3000000000000135891, -39.73684977572092691 ) ) ;
#1370 = CARTESIAN_POINT ( 'NONE',  ( -4.911550313876370311, 0.2999999999999992117, -31.07082166843158433 ) ) ;
#1371 = CARTESIAN_POINT ( 'NONE',  ( -1.501678036839892316, 0.3000000000000230260, 41.58826572701626390 ) ) ;
#1372 = EDGE_LOOP ( 'NONE', ( #313, #3387, #1465, #4849 ) ) ;
#1373 = CARTESIAN_POINT ( 'NONE',  ( 4.223023780046446518, 6.304635633003208284E-14, -37.60855009771412938 ) ) ;
#1374 = EDGE_CURVE ( 'NONE', #2500, #3033, #5981, .T. ) ;
#1375 = CARTESIAN_POINT ( 'NONE',  ( 7.999999999999979572, 6.000000000000002665, -32.75000000000000000 ) ) ;
#1376 = CARTESIAN_POINT ( 'NONE',  ( 3.550857735023134509, 0.3000000000000583311, -40.01269857978888922 ) ) ;
#1377 = B_SPLINE_CURVE_WITH_KNOTS ( 'NONE', 3,
 ( #704, #599, #3693, #3788, #4829, #2266, #288, #5999, #2361, #5404, #5938, #5488, #3381, #2846, #828, #3916, #4391, #6437, #6404 ),
 .UNSPECIFIED., .F., .F.,
 ( 4, 1, 1, 1, 1, 1, 1, 1, 1, 1, 1, 1, 1, 1, 1, 1, 4 ),
 ( 0.000000000000000000, 0.06479289943588702194, 0.1271214512632311278, 0.1876948033653557113, 0.2472334264607954080, 0.3063537066792873520, 0.3655557714831974003, 0.4260984599825512475, 0.4880431421973528971, 0.5505342919807542090, 0.6121979869085054649, 0.6737105034685254568, 0.7356044992846588748, 0.7986108183985948239, 0.8633843395524334330, 0.9304183182513261485, 1.000000000000000000 ),
 .UNSPECIFIED. ) ;
#1378 = PLANE ( 'NONE',  #3442 ) ;
#1379 = CARTESIAN_POINT ( 'NONE',  ( -1.314515185062128166, 2.439454888092384977E-14, -29.89786158724634291 ) ) ;
#1380 = CARTESIAN_POINT ( 'NONE',  ( -0.9419236924913245712, 0.3000000000000269118, 29.80080265469021228 ) ) ;
#1381 = ORIENTED_EDGE ( 'NONE', *, *, #5298, .T. ) ;
#1382 = ADVANCED_FACE ( 'NONE', ( #4023 ), #3364, .T. ) ;
#1383 = CARTESIAN_POINT ( 'NONE',  ( 0.3834995300015754394, 3.626656266964012332E-14, 30.43264384413481949 ) ) ;
#1384 = CARTESIAN_POINT ( 'NONE',  ( 0.6347645690232888160, 3.810970636286548086E-14, -27.48981955788361375 ) ) ;
#1385 = ORIENTED_EDGE ( 'NONE', *, *, #6428, .T. ) ;
#1386 = CARTESIAN_POINT ( 'NONE',  ( -0.6523417115022431823, 0.3000000000000289102, -37.11789957270765683 ) ) ;
#1387 = ORIENTED_EDGE ( 'NONE', *, *, #3382, .F. ) ;
#1388 = ADVANCED_FACE ( 'NONE', ( #2443 ), #4909, .T. ) ;
#1389 = ORIENTED_EDGE ( 'NONE', *, *, #2851, .F. ) ;
#1390 = LINE ( 'NONE', #2427, #39 ) ;
#1391 = DIRECTION ( 'NONE',  ( 0.000000000000000000, -1.000000000000000000, 0.000000000000000000 ) ) ;
#1392 = DIRECTION ( 'NONE',  ( -7.228014483236701486E-16, 1.000000000000000000, -0.000000000000000000 ) ) ;
#1393 = DIRECTION ( 'NONE',  ( 0.000000000000000000, -1.000000000000000000, 0.000000000000000000 ) ) ;
#1394 = CARTESIAN_POINT ( 'NONE',  ( 1.467831074421188653, 0.3000000000000437317, 44.53499344704470531 ) ) ;
#1395 = CARTESIAN_POINT ( 'NONE',  ( 3.200750049242703010, 5.586893898735836633E-14, 43.90955919283602071 ) ) ;
#1396 = B_SPLINE_CURVE_WITH_KNOTS ( 'NONE', 3,
 ( #245, #2288, #4350, #1447, #3059, #6018, #6513, #1911, #1940, #1974, #5572, #904, #2518, #429, #1412 ),
 .UNSPECIFIED., .F., .F.,
 ( 4, 1, 1, 1, 1, 1, 1, 1, 1, 1, 1, 1, 4 ),
 ( 0.000000000000000000, 0.04727672915333675646, 0.1009447685583622495, 0.1646827786718290665, 0.2403054573951402262, 0.2873553295333571844, 0.3484448112134966302, 0.4224586930946485630, 0.5108902320761146143, 0.6119418840167981655, 0.7279580536416556669, 0.8566578048970566739, 1.000000000000000000 ),
 .UNSPECIFIED. ) ;
#1397 = VECTOR ( 'NONE', #846, 1000.000000000000000 ) ;
#1398 = EDGE_CURVE ( 'NONE', #4390, #753, #838, .T. ) ;
#1399 = EDGE_LOOP ( 'NONE', ( #948, #3777, #3245, #5400 ) ) ;
#1400 = DIRECTION ( 'NONE',  ( -1.836970198721029194E-16, 1.000000000000000000, 0.000000000000000000 ) ) ;
#1401 = CARTESIAN_POINT ( 'NONE',  ( 4.387320004892079517, 6.415471270212180574E-14, 39.59271122635127682 ) ) ;
#1402 = CARTESIAN_POINT ( 'NONE',  ( -3.050299310050955892, 0.3000000000000121458, -39.82493114615173369 ) ) ;
#1403 = CARTESIAN_POINT ( 'NONE',  ( -3.484424347347701012, 0.3000000000000091482, -39.88570064968532591 ) ) ;
#1404 = ADVANCED_FACE ( 'NONE', ( #4495 ), #6538, .F. ) ;
#1405 = CARTESIAN_POINT ( 'NONE',  ( 0.4148048201677836389, 3.641478743065010095E-14, 30.17639108886468335 ) ) ;
#1406 = VECTOR ( 'NONE', #1845, 1000.000000000000000 ) ;
#1407 = ORIENTED_EDGE ( 'NONE', *, *, #2884, .F. ) ;
#1408 = CARTESIAN_POINT ( 'NONE',  ( 2.924160419677603429, 5.399326818977812081E-14, -36.50943049544297736 ) ) ;
#1409 = EDGE_CURVE ( 'NONE', #1328, #4253, #4056, .T. ) ;
#1410 = CARTESIAN_POINT ( 'NONE',  ( 4.391299438476544914, 0.3000000000000641598, -38.42828395631578076 ) ) ;
#1411 = CARTESIAN_POINT ( 'NONE',  ( -4.870920520358623662, 0.2999999999999994893, 7.462611754735306135 ) ) ;
#1412 = CARTESIAN_POINT ( 'NONE',  ( 0.7619418091244145597, 0.3000000000000387912, 39.03288139237298537 ) ) ;
#1413 = DIRECTION ( 'NONE',  ( -7.228014483236701486E-16, 1.000000000000000000, 0.000000000000000000 ) ) ;
#1414 = ADVANCED_FACE ( 'NONE', ( #1080 ), #3051, .T. ) ;
#1415 = CARTESIAN_POINT ( 'NONE',  ( 0.6668738641881035711, 0.3000000000000381251, -33.16197247116836166 ) ) ;
#1416 = VERTEX_POINT ( 'NONE', #25 ) ;
#1417 = CARTESIAN_POINT ( 'NONE',  ( -0.2557676580217192464, 0.3000000000000316858, 31.14829254150390980 ) ) ;
#1418 = CARTESIAN_POINT ( 'NONE',  ( 0.8007878874224263477, 0.3000000000000390687, -27.45036099327913348 ) ) ;
#1419 = ORIENTED_EDGE ( 'NONE', *, *, #817, .T. ) ;
#1420 = CARTESIAN_POINT ( 'NONE',  ( -2.494875965596641265, 0.3000000000000160871, -37.34629705810536393 ) ) ;
#1421 = ORIENTED_EDGE ( 'NONE', *, *, #5487, .T. ) ;
#1422 = EDGE_CURVE ( 'NONE', #2526, #3638, #1002, .T. ) ;
#1423 = EDGE_LOOP ( 'NONE', ( #670, #5871, #185, #1173 ) ) ;
#1424 = VECTOR ( 'NONE', #5182, 1000.000000000000000 ) ;
#1425 = CARTESIAN_POINT ( 'NONE',  ( 1.999459904540533461, 4.754226526348936943E-14, -31.67269176083791749 ) ) ;
#1426 = LINE ( 'NONE', #4114, #54 ) ;
#1427 = CARTESIAN_POINT ( 'NONE',  ( -4.005690171983513181, 0.3000000000000054845, 26.60937923855252052 ) ) ;
#1428 = CARTESIAN_POINT ( 'NONE',  ( -2.567543320934291717, 1.566672139241553907E-14, -30.73604863794624364 ) ) ;
#1429 = CARTESIAN_POINT ( 'NONE',  ( -2.966531372544294332, 0.3000000000000127565, -35.53706207708385989 ) ) ;
#1430 = CARTESIAN_POINT ( 'NONE',  ( 0.7619418091243989055, 3.883883206857861670E-14, -32.90889445940651825 ) ) ;
#1431 = CARTESIAN_POINT ( 'NONE',  ( -4.911550313876370311, -7.589415207398531038E-16, -31.07082166843158433 ) ) ;
#1432 = CARTESIAN_POINT ( 'NONE',  ( 0.6347645690232888160, 0.3000000000000379030, -27.48981955788361375 ) ) ;
#1433 = MANIFOLD_SOLID_BREP ( 'Fillet2', #687 ) ;
#1434 = ORIENTED_EDGE ( 'NONE', *, *, #5969, .T. ) ;
#1435 = VECTOR ( 'NONE', #1860, 1000.000000000000000 ) ;
#1436 = AXIS2_PLACEMENT_3D ( 'NONE', #5346, #744, #775 ) ;
#1437 = CARTESIAN_POINT ( 'NONE',  ( -3.438326009114589521, 0.3000000000000094813, 18.82053309016756870 ) ) ;
#1438 = CARTESIAN_POINT ( 'NONE',  ( -4.913472832573800630, 0.2999999999999991562, -31.27063043912250961 ) ) ;
#1439 = CARTESIAN_POINT ( 'NONE',  ( -4.913472832573800630, 0.2999999999999991562, -31.27063043912250961 ) ) ;
#1440 = CARTESIAN_POINT ( 'NONE',  ( -4.800000000000013145, 0.2999999999999999889, -16.05640580919052240 ) ) ;
#1441 = CARTESIAN_POINT ( 'NONE',  ( -1.314515185062113289, 2.428612866367529932E-14, 42.04391426453317138 ) ) ;
#1442 = B_SPLINE_CURVE_WITH_KNOTS ( 'NONE', 3,
 ( #6002, #1394, #3444, #2462, #6064, #5492, #4989, #379, #3509, #1955, #2433, #5555, #4486, #956, #6530, #3981, #446, #5137, #534 ),
 .UNSPECIFIED., .F., .F.,
 ( 4, 1, 1, 1, 1, 1, 1, 1, 1, 1, 1, 1, 1, 1, 1, 1, 4 ),
 ( 0.000000000000000000, 0.06010494839182099064, 0.1167517350992659242, 0.1711356521932385633, 0.2236523954605225684, 0.2752383353370499441, 0.3269260845771734258, 0.3794276098946334219, 0.4340153052958303226, 0.4908666365111221119, 0.5508062224093603909, 0.6143876246633763749, 0.6819986453985097397, 0.7540653391070432088, 0.8309763590638521435, 0.9126792203682154714, 1.000000000000000000 ),
 .UNSPECIFIED. ) ;
#1443 = VERTEX_POINT ( 'NONE', #2140 ) ;
#1444 = CARTESIAN_POINT ( 'NONE',  ( 3.137878337924103977, 5.551115123125782702E-14, -36.59120544113384454 ) ) ;
#1445 = CARTESIAN_POINT ( 'NONE',  ( 2.121842787000852049, 4.833496984243894553E-14, -32.22451143794588546 ) ) ;
#1446 = LINE ( 'NONE', #5571, #6238 ) ;
#1447 = CARTESIAN_POINT ( 'NONE',  ( 1.438918895087055283, 0.3000000000000435652, 40.39598703231369115 ) ) ;
#1448 = CARTESIAN_POINT ( 'NONE',  ( 2.744778116484929864, 5.268490399883847165E-14, -40.37522648952726456 ) ) ;
#1449 = CARTESIAN_POINT ( 'NONE',  ( 0.6668738641881035711, 3.810970636286548086E-14, -33.16197247116836166 ) ) ;
#1450 = CARTESIAN_POINT ( 'NONE',  ( -1.014962439699554020, 0.3000000000000264122, 42.77801847118195866 ) ) ;
#1451 = EDGE_CURVE ( 'NONE', #3647, #2678, #4108, .T. ) ;
#1452 = CARTESIAN_POINT ( 'NONE',  ( 4.387193061716431863, 6.429318882839041294E-14, 30.45758298263688246 ) ) ;
#1453 = ORIENTED_EDGE ( 'NONE', *, *, #469, .T. ) ;
#1454 = ORIENTED_EDGE ( 'NONE', *, *, #1251, .F. ) ;
#1455 = ORIENTED_EDGE ( 'NONE', *, *, #292, .F. ) ;
#1456 = EDGE_CURVE ( 'NONE', #2015, #4587, #6209, .T. ) ;
#1457 = CARTESIAN_POINT ( 'NONE',  ( 4.391299438476544914, 0.3000000000000641598, -38.42828395631578076 ) ) ;
#1458 = PLANE ( 'NONE',  #2751 ) ;
#1459 = FACE_OUTER_BOUND ( 'NONE', #9, .T. ) ;
#1460 = CARTESIAN_POINT ( 'NONE',  ( -0.7983488460859743396, 2.794338065690181108E-14, 36.53339996213892249 ) ) ;
#1461 = CARTESIAN_POINT ( 'NONE',  ( -12.00000000000000000, 6.000000000000000000, -69.00000000000000000 ) ) ;
#1462 = CARTESIAN_POINT ( 'NONE',  ( -4.404532197742388355, 0.3000000000000027645, -27.51794067997075999 ) ) ;
#1463 = CARTESIAN_POINT ( 'NONE',  ( -0.9406096436003561490, 2.694997881736103818E-14, 29.90261429965821804 ) ) ;
#1464 = CIRCLE ( 'NONE', #5974, 2.599999999999996536 ) ;
#1465 = ORIENTED_EDGE ( 'NONE', *, *, #1398, .T. ) ;
#1466 = CARTESIAN_POINT ( 'NONE',  ( 2.121842787000866259, 0.3000000000000483391, 39.71726441383362527 ) ) ;
#1467 = DIRECTION ( 'NONE',  ( 0.000000000000000000, -1.000000000000000000, 0.000000000000000000 ) ) ;
#1468 = DIRECTION ( 'NONE',  ( 0.000000000000000000, -0.000000000000000000, -1.000000000000000000 ) ) ;
#1469 = CARTESIAN_POINT ( 'NONE',  ( 2.118382658330521195, 0.3000000000000482836, -32.33356592489765546 ) ) ;
#1470 = ORIENTED_EDGE ( 'NONE', *, *, #5271, .T. ) ;
#1471 = CARTESIAN_POINT ( 'NONE',  ( 4.223023780046446518, 0.3000000000000629385, -37.60855009771412938 ) ) ;
#1472 = CARTESIAN_POINT ( 'NONE',  ( 4.301680792169972456, 0.3000000000000634937, -39.03834671317407157 ) ) ;
#1473 = LINE ( 'NONE', #3523, #1889 ) ;
#1474 = CARTESIAN_POINT ( 'NONE',  ( 0.2991870202482777574, 3.560743264893597097E-14, 37.90003160329904830 ) ) ;
#1475 = CARTESIAN_POINT ( 'NONE',  ( 3.920659199530581063, 0.3000000000000608291, -35.14163548131043058 ) ) ;
#1476 = VECTOR ( 'NONE', #5849, 1000.000000000000000 ) ;
#1477 = CARTESIAN_POINT ( 'NONE',  ( -4.854930664747029390, 0.2999999999999996003, 29.32505723002768505 ) ) ;
#1478 = LINE ( 'NONE', #977, #510 ) ;
#1479 = CARTESIAN_POINT ( 'NONE',  ( -1.250427956051311629, 2.482822974991805154E-14, -28.05083881484136299 ) ) ;
#1480 = EDGE_LOOP ( 'NONE', ( #3578, #899, #2985, #1492, #2257, #5943, #914, #4857 ) ) ;
#1481 = CARTESIAN_POINT ( 'NONE',  ( 3.648470843906456373, 0.3000000000000589417, 33.15489293912893487 ) ) ;
#1482 = EDGE_LOOP ( 'NONE', ( #1348, #658, #6402, #512 ) ) ;
#1483 = ADVANCED_FACE ( 'NONE', ( #3658 ), #5204, .F. ) ;
#1484 = ORIENTED_EDGE ( 'NONE', *, *, #5729, .F. ) ;
#1485 = VERTEX_POINT ( 'NONE', #603 ) ;
#1486 = CARTESIAN_POINT ( 'NONE',  ( 2.054320344270533560, 4.792173602385929598E-14, -31.77950396930728871 ) ) ;
#1487 = CARTESIAN_POINT ( 'NONE',  ( 0.4171672413841645000, 0.3000000000000364042, 29.75221918229200213 ) ) ;
#1488 = CARTESIAN_POINT ( 'NONE',  ( 11.00000000000000000, 1.000000000000001998, -70.00000000000000000 ) ) ;
#1489 = CARTESIAN_POINT ( 'NONE',  ( -12.00000000000000000, 6.000000000000000000, 69.00000000000000000 ) ) ;
#1490 = LINE ( 'NONE', #2530, #5164 ) ;
#1491 = CARTESIAN_POINT ( 'NONE',  ( 0.000000000000000000, 5.000000000000000000, -62.00000000000000000 ) ) ;
#1492 = ORIENTED_EDGE ( 'NONE', *, *, #1545, .F. ) ;
#1493 = EDGE_CURVE ( 'NONE', #4111, #4234, #1065, .T. ) ;
#1494 = CARTESIAN_POINT ( 'NONE',  ( -0.1874429712509085022, 0.3000000000000321854, -27.94145908641047171 ) ) ;
#1495 = EDGE_LOOP ( 'NONE', ( #730, #6261, #3090 ) ) ;
#1496 = DIRECTION ( 'NONE',  ( 1.000000000000000000, 1.836970198721029194E-16, 0.000000000000000000 ) ) ;
#1497 = CARTESIAN_POINT ( 'NONE',  ( -2.133388434516076071, 0.3000000000000185851, -37.95666249593098485 ) ) ;
#1498 = CARTESIAN_POINT ( 'NONE',  ( -3.904255670430986758, 0.3000000000000062061, 33.61852322115765901 ) ) ;
#1499 = DIRECTION ( 'NONE',  ( 1.000000000000000000, 6.505213034913020688E-16, 0.000000000000000000 ) ) ;
#1500 = AXIS2_PLACEMENT_3D ( 'NONE', #2827, #6561, #2278 ) ;
#1501 = CARTESIAN_POINT ( 'NONE',  ( -8.000000000000007105, 1.399999999999990585, 0.000000000000000000 ) ) ;
#1502 = EDGE_LOOP ( 'NONE', ( #2141, #5294, #5732, #3070, #2508, #3052 ) ) ;
#1503 = CARTESIAN_POINT ( 'NONE',  ( 3.551323316911432659, 0.3000000000000583311, 26.72822335754417367 ) ) ;
#1504 = CARTESIAN_POINT ( 'NONE',  ( -4.800000000000009592, -2.480183165277965072E-30, -2.893557230631508492 ) ) ;
#1505 = CARTESIAN_POINT ( 'NONE',  ( 1.345263089074028695, 4.298861613905025081E-14, 44.53808678521050979 ) ) ;
#1506 = CARTESIAN_POINT ( 'NONE',  ( -2.133388434516076071, 0.3000000000000185851, -38.86444515652125631 ) ) ;
#1507 = DIRECTION ( 'NONE',  ( 0.000000000000000000, 0.000000000000000000, -1.000000000000000000 ) ) ;
#1508 = CARTESIAN_POINT ( 'NONE',  ( -4.749474425623441576, 0.3000000000000003775, -37.72682454783588923 ) ) ;
#1509 = CARTESIAN_POINT ( 'NONE',  ( -4.539947098345828991, 0.3000000000000017653, 27.85850922856673506 ) ) ;
#1510 = CARTESIAN_POINT ( 'NONE',  ( -8.000000000000010658, 5.999999999999990230, 65.50000000000000000 ) ) ;
#1511 = CARTESIAN_POINT ( 'NONE',  ( -1.557054328942292232, 0.3000000000000226374, -28.27138946428875954 ) ) ;
#1512 = CARTESIAN_POINT ( 'NONE',  ( -2.644016181098091334, 0.3000000000000150324, 41.58602012528314873 ) ) ;
#1513 = CARTESIAN_POINT ( 'NONE',  ( 4.277826605902767199, 7.858239990339312418E-16, 4.368704054090705391 ) ) ;
#1514 = ORIENTED_EDGE ( 'NONE', *, *, #3283, .F. ) ;
#1515 = EDGE_LOOP ( 'NONE', ( #4858, #5533, #6004, #2254 ) ) ;
#1516 = ORIENTED_EDGE ( 'NONE', *, *, #2189, .T. ) ;
#1517 = CARTESIAN_POINT ( 'NONE',  ( -4.913472832573787308, -7.923765547940876793E-16, 40.67114541265701178 ) ) ;
#1518 = LINE ( 'NONE', #4075, #167 ) ;
#1519 = CARTESIAN_POINT ( 'NONE',  ( -4.800000000000013145, -1.046494936202703882E-29, -16.05640580919052240 ) ) ;
#1520 = CARTESIAN_POINT ( 'NONE',  ( -2.108796936361810648, 1.902774812712060282E-14, 36.25773005552411377 ) ) ;
#1521 = CARTESIAN_POINT ( 'NONE',  ( -2.333946174869854673, 1.734723475976807094E-14, -35.67788452306332658 ) ) ;
#1522 = SPHERICAL_SURFACE ( 'NONE', #6077, 1.000000000000000000 ) ;
#1523 = ORIENTED_EDGE ( 'NONE', *, *, #2104, .F. ) ;
#1524 = CARTESIAN_POINT ( 'NONE',  ( 1.289424520594337986, 0.3000000000000424549, -31.70304109170912810 ) ) ;
#1525 = EDGE_CURVE ( 'NONE', #4958, #3284, #4410, .T. ) ;
#1526 = APPLICATION_CONTEXT ( 'automotive_design' ) ;
#1527 = ORIENTED_EDGE ( 'NONE', *, *, #1493, .T. ) ;
#1528 = EDGE_CURVE ( 'NONE', #5074, #1943, #1242, .T. ) ;
#1529 = EDGE_LOOP ( 'NONE', ( #2702, #1455, #979, #2291 ) ) ;
#1530 = DIRECTION ( 'NONE',  ( 0.000000000000000000, -1.000000000000000000, 0.000000000000000000 ) ) ;
#1531 = CARTESIAN_POINT ( 'NONE',  ( 0.4011605285398756604, 0.3000000000000362932, -36.67011566527523314 ) ) ;
#1532 = CARTESIAN_POINT ( 'NONE',  ( 2.121842787000866259, 4.851804721872632342E-14, 39.71726441383362527 ) ) ;
#1533 = CARTESIAN_POINT ( 'NONE',  ( 1.949577699930620467, 0.3000000000000470624, -33.17875258114990089 ) ) ;
#1534 = AXIS2_PLACEMENT_3D ( 'NONE', #6276, #2172, #562 ) ;
#1535 = CARTESIAN_POINT ( 'NONE',  ( 2.672675564669828141, 5.218141457054765326E-14, -27.67900330980737422 ) ) ;
#1536 = ORIENTED_EDGE ( 'NONE', *, *, #4780, .F. ) ;
#1537 = CARTESIAN_POINT ( 'NONE',  ( 1.833044930724993860, 4.631830519066881752E-14, -31.53047716418617341 ) ) ;
#1538 = CARTESIAN_POINT ( 'NONE',  ( 0.4771993274052295231, 3.691708397313142598E-14, 44.40054452501518512 ) ) ;
#1539 = CARTESIAN_POINT ( 'NONE',  ( 4.020680469917261135, 6.159448251322841808E-14, 27.82786404599470131 ) ) ;
#1540 = CARTESIAN_POINT ( 'NONE',  ( -2.133388434516076071, 0.3000000000000185851, -38.86444515652125631 ) ) ;
#1541 = CARTESIAN_POINT ( 'NONE',  ( -1.678179693311566023, 0.3000000000000217493, -30.70377559626346553 ) ) ;
#1542 = CARTESIAN_POINT ( 'NONE',  ( -4.749474425623441576, 3.528182001402713617E-16, -37.72682454783588923 ) ) ;
#1543 = LINE ( 'NONE', #1013, #1728 ) ;
#1544 = CARTESIAN_POINT ( 'NONE',  ( -1.243603297660077933, 2.499086007579087720E-14, -29.71416700376882858 ) ) ;
#1545 = EDGE_CURVE ( 'NONE', #3912, #203, #2740, .T. ) ;
#1546 = CARTESIAN_POINT ( 'NONE',  ( 1.626454102443058769, 0.3000000000000448419, 38.17429904957307230 ) ) ;
#1547 = VECTOR ( 'NONE', #5770, 999.9999999999998863 ) ;
#1548 = DIRECTION ( 'NONE',  ( -7.228014483236701486E-16, 1.000000000000000000, -0.000000000000000000 ) ) ;
#1549 = VECTOR ( 'NONE', #683, 1000.000000000000000 ) ;
#1550 = ORIENTED_EDGE ( 'NONE', *, *, #975, .F. ) ;
#1551 = ORIENTED_EDGE ( 'NONE', *, *, #5817, .F. ) ;
#1552 = CARTESIAN_POINT ( 'NONE',  ( -0.2025859665257245534, 0.3000000000000320743, 31.14483792346860724 ) ) ;
#1553 = DIRECTION ( 'NONE',  ( -5.484328795755763592E-16, -1.948424993172097996E-30, -1.000000000000000000 ) ) ;
#1554 = CARTESIAN_POINT ( 'NONE',  ( -2.554248584258040022, 1.568199831948719853E-14, 42.19685758259501540 ) ) ;
#1555 = CARTESIAN_POINT ( 'NONE',  ( -4.174721520575643829, 4.607859233063393845E-15, 37.37653426937444578 ) ) ;
#1556 = DIRECTION ( 'NONE',  ( -1.000000000000000000, -6.505213034913030548E-16, 0.000000000000000000 ) ) ;
#1557 = DIRECTION ( 'NONE',  ( 4.496343093579168074E-16, 1.597421961313887122E-30, 1.000000000000000000 ) ) ;
#1558 = VERTEX_POINT ( 'NONE', #5243 ) ;
#1559 = CARTESIAN_POINT ( 'NONE',  ( 1.607669014400890273, 4.466912950640278268E-14, -31.48871103922525805 ) ) ;
#1560 = ORIENTED_EDGE ( 'NONE', *, *, #2158, .F. ) ;
#1561 = CARTESIAN_POINT ( 'NONE',  ( -4.800000000000014921, -1.664098505109217453E-29, -20.14142778184677240 ) ) ;
#1562 = CARTESIAN_POINT ( 'NONE',  ( 2.054320344270550880, 0.3000000000000478395, 40.16227188247221846 ) ) ;
#1563 = VECTOR ( 'NONE', #1795, 1000.000000000000000 ) ;
#1564 = CARTESIAN_POINT ( 'NONE',  ( 1.626454102443046335, 4.494018004952415879E-14, -33.76747680220643844 ) ) ;
#1565 = CARTESIAN_POINT ( 'NONE',  ( -4.800000000000010481, 0.2999999999999999889, -10.04234568277993311 ) ) ;
#1566 = ADVANCED_FACE ( 'NONE', ( #261 ), #595, .T. ) ;
#1567 = ORIENTED_EDGE ( 'NONE', *, *, #4573, .F. ) ;
#1568 = CARTESIAN_POINT ( 'NONE',  ( 4.207079600431097077, 0.3000000000000628830, 42.01095265483908037 ) ) ;
#1569 = AXIS2_PLACEMENT_3D ( 'NONE', #2176, #2241, #3226 ) ;
#1570 = CARTESIAN_POINT ( 'NONE',  ( -1.993320406807796097, 0.3000000000000195843, 36.25457000732422586 ) ) ;
#1571 = CARTESIAN_POINT ( 'NONE',  ( 0.8470464335547378543, 3.943311448467418063E-14, -34.56843463579813402 ) ) ;
#1572 = CARTESIAN_POINT ( 'NONE',  ( -4.909480335110973925, 0.2999999999999992117, 30.46645585955326396 ) ) ;
#1573 = CARTESIAN_POINT ( 'NONE',  ( 4.391299438476544026, 3.903127820947815962E-15, -31.85395171907212131 ) ) ;
#1574 = DIRECTION ( 'NONE',  ( -7.228014483236701486E-16, 1.000000000000000000, 0.000000000000000000 ) ) ;
#1575 = CARTESIAN_POINT ( 'NONE',  ( 0.2998072317769966966, 3.561176356289331817E-14, 28.67040053085039375 ) ) ;
#1576 = CARTESIAN_POINT ( 'NONE',  ( -2.644016181098105545, 1.512462030617278685E-14, -30.35575572649636555 ) ) ;
#1577 = ORIENTED_EDGE ( 'NONE', *, *, #5511, .T. ) ;
#1578 = FACE_OUTER_BOUND ( 'NONE', #6393, .T. ) ;
#1579 = ADVANCED_FACE ( 'NONE', ( #3323 ), #171, .T. ) ;
#1580 = AXIS2_PLACEMENT_3D ( 'NONE', #4300, #2726, #3359 ) ;
#1581 = CARTESIAN_POINT ( 'NONE',  ( 4.391299438476554684, 6.434739893701468816E-14, 30.27774315410189843 ) ) ;
#1582 = VERTEX_POINT ( 'NONE', #2757 ) ;
#1583 = EDGE_LOOP ( 'NONE', ( #1285, #4612, #2710, #6205 ) ) ;
#1584 = ORIENTED_EDGE ( 'NONE', *, *, #1184, .T. ) ;
#1585 = LINE ( 'NONE', #2633, #2610 ) ;
#1586 = DIRECTION ( 'NONE',  ( 4.274374212157390516E-16, 1.388630754403677745E-30, 1.000000000000000000 ) ) ;
#1587 = DIRECTION ( 'NONE',  ( -1.000000000000000000, 0.000000000000000000, 3.821891629542292715E-16 ) ) ;
#1588 = CARTESIAN_POINT ( 'NONE',  ( 3.920659199530597938, 0.3000000000000608291, 36.80014037046908015 ) ) ;
#1589 = CARTESIAN_POINT ( 'NONE',  ( -3.768288062047087550, 7.372574772901430151E-15, -39.86140131943434284 ) ) ;
#1590 = LINE ( 'NONE', #4655, #5983 ) ;
#1591 = ORIENTED_EDGE ( 'NONE', *, *, #872, .F. ) ;
#1592 = LINE ( 'NONE', #2640, #5112 ) ;
#1593 = CARTESIAN_POINT ( 'NONE',  ( -1.168869357638894879, 2.535604975341058486E-14, 19.63080003526475181 ) ) ;
#1594 = ORIENTED_EDGE ( 'NONE', *, *, #4505, .T. ) ;
#1595 = CARTESIAN_POINT ( 'NONE',  ( 5.399999999999986144, 1.400000000000000799, 0.000000000000000000 ) ) ;
#1596 = CARTESIAN_POINT ( 'NONE',  ( 1.956952577167069940, 0.3000000000000471179, -36.36804283989799558 ) ) ;
#1597 = CARTESIAN_POINT ( 'NONE',  ( -0.7937626115241948055, 0.3000000000000279665, 35.33496246247023009 ) ) ;
#1598 = CARTESIAN_POINT ( 'NONE',  ( 4.277826605902761870, 0.3000000000000633271, -14.12736765543618667 ) ) ;
#1599 = EDGE_CURVE ( 'NONE', #5936, #5975, #772, .T. ) ;
#1600 = CARTESIAN_POINT ( 'NONE',  ( -4.800000000000007816, 0.2999999999999999889, 9.361508687337233070 ) ) ;
#1601 = EDGE_LOOP ( 'NONE', ( #1788, #5746, #5650, #4225 ) ) ;
#1602 = B_SPLINE_SURFACE_WITH_KNOTS ( 'NONE', 3, 1, ( 
 ( #5426, #791 ),
 ( #2931, #4976 ),
 ( #848, #368 ),
 ( #2841, #4471 ),
 ( #6519, #4890 ),
 ( #6458, #4384 ),
 ( #5931, #1322 ),
 ( #2353, #4414 ),
 ( #5961, #338 ),
 ( #6188, #4142 ),
 ( #1094, #1945 ),
 ( #1481, #3637 ),
 ( #5075, #945 ),
 ( #5578, #40 ),
 ( #6089, #6617 ),
 ( #2553, #3495 ),
 ( #4574, #580 ),
 ( #2084, #1452 ),
 ( #2995, #1581 ) ),
 .UNSPECIFIED., .F., .F., .F.,
 ( 4, 1, 1, 1, 1, 1, 1, 1, 1, 1, 1, 1, 1, 1, 1, 1, 4 ),
 ( 2, 2 ),
 ( 0.000000000000000000, 0.06479289943588702194, 0.1271214512632311278, 0.1876948033653557113, 0.2472334264607954080, 0.3063537066792873520, 0.3655557714831974003, 0.4260984599825512475, 0.4880431421973528971, 0.5505342919807542090, 0.6121979869085054649, 0.6737105034685254568, 0.7356044992846588748, 0.7986108183985948239, 0.8633843395524334330, 0.9304183182513261485, 1.000000000000000000 ),
 ( 0.000000000000000000, 1.000000000000000000 ),
 .UNSPECIFIED. ) ;
#1603 = CARTESIAN_POINT ( 'NONE',  ( 3.200750049242703010, 5.594483210025202879E-14, 43.90955919283602071 ) ) ;
#1604 = DIRECTION ( 'NONE',  ( -1.000000000000000000, -7.228014483236701486E-16, 0.000000000000000000 ) ) ;
#1605 = CARTESIAN_POINT ( 'NONE',  ( 1.833044930725007626, 4.631830519066881121E-14, 40.41129868759333732 ) ) ;
#1606 = DIRECTION ( 'NONE',  ( -0.9512522858251319935, -6.642559208980646313E-15, 0.3084138270448672503 ) ) ;
#1607 = LINE ( 'NONE', #1540, #6054 ) ;
#1608 = EDGE_CURVE ( 'NONE', #477, #3554, #3698, .T. ) ;
#1609 = CARTESIAN_POINT ( 'NONE',  ( 0.8643077578808564532, 3.957337929572091184E-14, -40.29764746398601716 ) ) ;
#1610 = CARTESIAN_POINT ( 'NONE',  ( 3.770744885338672692, 5.984919165429042893E-14, 36.36804283989800268 ) ) ;
#1611 = CARTESIAN_POINT ( 'NONE',  ( -1.829057479843679168, 2.081668171172168513E-14, -28.52926550167583386 ) ) ;
#1612 = CARTESIAN_POINT ( 'NONE',  ( -0.7381816162728231934, 0.3000000000000282996, -28.60762816876111714 ) ) ;
#1613 = CARTESIAN_POINT ( 'NONE',  ( -4.538603004686842191, 0.3000000000000018208, 43.94876211339825289 ) ) ;
#1614 = EDGE_CURVE ( 'NONE', #3811, #2951, #4263, .T. ) ;
#1615 = VECTOR ( 'NONE', #2154, 1000.000000000000000 ) ;
#1616 = EDGE_CURVE ( 'NONE', #2666, #4854, #1543, .T. ) ;
#1617 = VECTOR ( 'NONE', #903, 1000.000000000000000 ) ;
#1618 = CARTESIAN_POINT ( 'NONE',  ( -2.642468278345896149, 0.3000000000000150324, 41.53978092692938162 ) ) ;
#1619 = ORIENTED_EDGE ( 'NONE', *, *, #5357, .T. ) ;
#1620 = ORIENTED_EDGE ( 'NONE', *, *, #1873, .T. ) ;
#1621 = ORIENTED_EDGE ( 'NONE', *, *, #3924, .T. ) ;
#1622 = CARTESIAN_POINT ( 'NONE',  ( 0.4197502983940923915, 0.3000000000000364042, 29.89477234416537499 ) ) ;
#1623 = CARTESIAN_POINT ( 'NONE',  ( 3.820618509800867368, 6.019745731251096662E-14, -35.42998242951109233 ) ) ;
#1624 = CARTESIAN_POINT ( 'NONE',  ( -4.239727889166951869, 0.3000000000000038747, -27.06327056884764204 ) ) ;
#1625 = CARTESIAN_POINT ( 'NONE',  ( 7.999999999999983125, 1.400000000000002798, 0.000000000000000000 ) ) ;
#1626 = CARTESIAN_POINT ( 'NONE',  ( -3.768288062047087550, 0.3000000000000072053, -39.86140131943434284 ) ) ;
#1627 = CARTESIAN_POINT ( 'NONE',  ( 3.966754225818080570, 6.131163285405527574E-14, -29.16367338784596086 ) ) ;
#1628 = ORIENTED_EDGE ( 'NONE', *, *, #3066, .T. ) ;
#1629 = DIRECTION ( 'NONE',  ( -0.000000000000000000, -0.000000000000000000, 1.000000000000000000 ) ) ;
#1630 = DIRECTION ( 'NONE',  ( 0.9452024727728634002, 6.600313590229672419E-15, 0.3264847400171475011 ) ) ;
#1631 = B_SPLINE_SURFACE_WITH_KNOTS ( 'NONE', 3, 1, ( 
 ( #4683, #5552 ),
 ( #5663, #1520 ),
 ( #4116, #3644 ),
 ( #4149, #3572 ),
 ( #5050, #554 ),
 ( #5624, #6161 ),
 ( #3610, #2561 ),
 ( #6198, #1029 ),
 ( #3075, #519 ),
 ( #4616, #1555 ),
 ( #1069, #3108 ),
 ( #5156, #5699 ),
 ( #2597, #589 ),
 ( #4651, #2636 ),
 ( #1102, #86 ),
 ( #5359, #3779 ),
 ( #6304, #2776 ),
 ( #6230, #3215 ),
 ( #5262, #1694 ) ),
 .UNSPECIFIED., .F., .F., .F.,
 ( 4, 1, 1, 1, 1, 1, 1, 1, 1, 1, 1, 1, 1, 1, 1, 1, 4 ),
 ( 2, 2 ),
 ( 0.000000000000000000, 0.05788094285645360021, 0.1128528044494230692, 0.1655833948434750624, 0.2169635121761021301, 0.2681577282320924405, 0.3195925452859336713, 0.3724213661878509329, 0.4272619916366188209, 0.4848117811471501226, 0.5454334485380483155, 0.6099407695031813237, 0.6783204866915184539, 0.7510512415195403912, 0.8290369631912966053, 0.9119341134044181008, 1.000000000000000000 ),
 ( 0.000000000000000000, 1.000000000000000000 ),
 .UNSPECIFIED. ) ;
#1632 = ORIENTED_EDGE ( 'NONE', *, *, #1599, .T. ) ;
#1633 = ORIENTED_EDGE ( 'NONE', *, *, #5289, .F. ) ;
#1634 = CARTESIAN_POINT ( 'NONE',  ( -4.779194672081729323, 1.452828283503276895E-16, 28.83358259440610993 ) ) ;
#1635 = CARTESIAN_POINT ( 'NONE',  ( -1.395815022786471404, 0.3000000000000237477, -14.12736765543618311 ) ) ;
#1636 = CARTESIAN_POINT ( 'NONE',  ( 2.095493847130323051, 0.3000000000000481171, 40.03431673722899831 ) ) ;
#1637 = DIRECTION ( 'NONE',  ( -7.228014483236701486E-16, 1.000000000000000000, 0.000000000000000000 ) ) ;
#1638 = AXIS2_PLACEMENT_3D ( 'NONE', #6553, #980, #2629 ) ;
#1639 = CARTESIAN_POINT ( 'NONE',  ( -0.2557676580217191908, 0.3000000000000316858, 31.14829254150390625 ) ) ;
#1640 = CARTESIAN_POINT ( 'NONE',  ( -4.404532197742375921, 2.710505431213761085E-15, 44.42383517180876851 ) ) ;
#1641 = ORIENTED_EDGE ( 'NONE', *, *, #3458, .F. ) ;
#1642 = LINE ( 'NONE', #3701, #5812 ) ;
#1643 = CARTESIAN_POINT ( 'NONE',  ( 4.277826605902767199, 0.3000000000000633271, 4.368704054090701838 ) ) ;
#1644 = CARTESIAN_POINT ( 'NONE',  ( 2.026100084516718525, 0.3000000000000476175, -40.45306481255424558 ) ) ;
#1645 = CARTESIAN_POINT ( 'NONE',  ( -3.593694944307936456, 0.3000000000000083711, 33.97491668889989569 ) ) ;
#1646 = CARTESIAN_POINT ( 'NONE',  ( 0.8007878874224397814, 3.911009278350819929E-14, 44.49141485850038436 ) ) ;
#1647 = CARTESIAN_POINT ( 'NONE',  ( 1.802439405049667709, 4.607859233063393845E-14, -40.44784041008060882 ) ) ;
#1648 = CARTESIAN_POINT ( 'NONE',  ( -0.6288895274175909655, 2.911082833123579405E-14, 28.35069733210183429 ) ) ;
#1649 = CARTESIAN_POINT ( 'NONE',  ( 1.191010957294032391, 4.183500591639374891E-14, 8.453726026746954503 ) ) ;
#1650 = CARTESIAN_POINT ( 'NONE',  ( -4.874364077958667885, 0.2999999999999994338, 41.84324506005585675 ) ) ;
#1651 = AXIS2_PLACEMENT_3D ( 'NONE', #5272, #1076, #3116 ) ;
#1652 = AXIS2_PLACEMENT_3D ( 'NONE', #4397, #322, #806 ) ;
#1653 = EDGE_CURVE ( 'NONE', #3407, #3152, #4067, .T. ) ;
#1654 = CARTESIAN_POINT ( 'NONE',  ( 4.151845596625311607, 0.3000000000000624945, -34.24776298593714330 ) ) ;
#1655 = EDGE_CURVE ( 'NONE', #1659, #4717, #549, .T. ) ;
#1656 = ORIENTED_EDGE ( 'NONE', *, *, #4821, .F. ) ;
#1657 = VECTOR ( 'NONE', #5083, 1000.000000000000000 ) ;
#1658 = ORIENTED_EDGE ( 'NONE', *, *, #3181, .T. ) ;
#1659 = VERTEX_POINT ( 'NONE', #467 ) ;
#1660 = DIRECTION ( 'NONE',  ( -7.228014483236701486E-16, 1.000000000000000000, 0.000000000000000000 ) ) ;
#1661 = CARTESIAN_POINT ( 'NONE',  ( 7.999999999999983125, 1.400000000000002798, -32.75000000000000000 ) ) ;
#1662 = AXIS2_PLACEMENT_3D ( 'NONE', #788, #278, #5506 ) ;
#1663 = CARTESIAN_POINT ( 'NONE',  ( -0.000000000000000000, 5.000000000000000000, 62.00000000000000000 ) ) ;
#1664 = DIRECTION ( 'NONE',  ( -7.228014483236701486E-16, 1.000000000000000000, -0.000000000000000000 ) ) ;
#1665 = CARTESIAN_POINT ( 'NONE',  ( -4.910895287143076438, 0.2999999999999992117, -31.44620828887031294 ) ) ;
#1666 = EDGE_LOOP ( 'NONE', ( #5860, #2027, #5043, #4385 ) ) ;
#1667 = CARTESIAN_POINT ( 'NONE',  ( 11.00000000000000000, 2.020667218593132311E-15, 70.00000000000000000 ) ) ;
#1668 = CARTESIAN_POINT ( 'NONE',  ( 4.388039601617656160, 6.413055850251758727E-14, 30.11747385158962231 ) ) ;
#1669 = VERTEX_POINT ( 'NONE', #2116 ) ;
#1670 = ADVANCED_FACE ( 'NONE', ( #35 ), #978, .T. ) ;
#1671 = EDGE_LOOP ( 'NONE', ( #825, #1194 ) ) ;
#1672 = CARTESIAN_POINT ( 'NONE',  ( -3.904255670430986758, 6.254949222129546330E-15, 33.61852322115765901 ) ) ;
#1673 = CARTESIAN_POINT ( 'NONE',  ( -0.8771969141668288783, 2.739278754028565323E-14, -28.87218656784242654 ) ) ;
#1674 = DIRECTION ( 'NONE',  ( -0.8306530277028755238, -5.800419090556273805E-15, -0.5567903982362176762 ) ) ;
#1675 = LINE ( 'NONE', #1738, #3929 ) ;
#1676 = LINE ( 'NONE', #4230, #6500 ) ;
#1677 = CARTESIAN_POINT ( 'NONE',  ( -4.656924429486201333, 0.3000000000000009326, 43.45466150084894252 ) ) ;
#1678 = EDGE_CURVE ( 'NONE', #5832, #6398, #2521, .T. ) ;
#1679 = ORIENTED_EDGE ( 'NONE', *, *, #4308, .F. ) ;
#1680 = CARTESIAN_POINT ( 'NONE',  ( 4.384278014953337355, 6.418476861114186249E-14, 40.61022562720309281 ) ) ;
#1681 = DIRECTION ( 'NONE',  ( 0.000000000000000000, -1.000000000000000000, 0.000000000000000000 ) ) ;
#1682 = DIRECTION ( 'NONE',  ( 4.246546255046991194E-16, 1.511873309471876412E-30, 1.000000000000000000 ) ) ;
#1683 = CARTESIAN_POINT ( 'NONE',  ( 0.000000000000000000, 0.000000000000000000, 70.00000000000000000 ) ) ;
#1684 = CARTESIAN_POINT ( 'NONE',  ( -1.788982143740593056, 2.102582531210643727E-14, -30.85746477144643052 ) ) ;
#1685 = CARTESIAN_POINT ( 'NONE',  ( 0.3640793263378176992, 3.604972223514302243E-14, -40.14836932096963551 ) ) ;
#1686 = DIRECTION ( 'NONE',  ( 1.000000000000000000, 6.982962677686268288E-15, -5.619783211733645486E-16 ) ) ;
#1687 = CARTESIAN_POINT ( 'NONE',  ( -2.054526520068907125, 1.913616834436915326E-14, 40.91522445580557843 ) ) ;
#1688 = VECTOR ( 'NONE', #2168, 1000.000000000000000 ) ;
#1689 = CARTESIAN_POINT ( 'NONE',  ( 0.8643077578808564532, 3.955364966821092043E-14, -40.29764746398601716 ) ) ;
#1690 = VERTEX_POINT ( 'NONE', #2045 ) ;
#1691 = ORIENTED_EDGE ( 'NONE', *, *, #453, .T. ) ;
#1692 = EDGE_LOOP ( 'NONE', ( #632, #1785, #5136, #2294 ) ) ;
#1693 = LINE ( 'NONE', #1198, #1206 ) ;
#1694 = CARTESIAN_POINT ( 'NONE',  ( -4.913472832573787308, -5.963111948670274387E-16, 40.67114541265701178 ) ) ;
#1695 = CARTESIAN_POINT ( 'NONE',  ( -1.250427956051311629, 2.478652910465234608E-14, -28.05083881484136299 ) ) ;
#1696 = CARTESIAN_POINT ( 'NONE',  ( -4.678698628962723483, 0.3000000000000008216, -39.23225466327190247 ) ) ;
#1697 = VECTOR ( 'NONE', #2882, 1000.000000000000000 ) ;
#1698 = EDGE_CURVE ( 'NONE', #875, #3064, #1124, .T. ) ;
#1699 = ORIENTED_EDGE ( 'NONE', *, *, #2305, .T. ) ;
#1700 = CARTESIAN_POINT ( 'NONE',  ( 2.119941732340036911, 0.3000000000000482836, -32.16713293108549010 ) ) ;
#1701 = DIRECTION ( 'NONE',  ( 0.000000000000000000, -1.000000000000000000, 0.000000000000000000 ) ) ;
#1702 = EDGE_LOOP ( 'NONE', ( #4218, #2897, #2306, #2600 ) ) ;
#1703 = ORIENTED_EDGE ( 'NONE', *, *, #6223, .T. ) ;
#1704 = CARTESIAN_POINT ( 'NONE',  ( -4.913472832573789972, -7.923765547940911306E-16, 30.27774315410190198 ) ) ;
#1705 = CARTESIAN_POINT ( 'NONE',  ( -4.910895287143076438, -7.743776512513005375E-16, -31.44620828887031294 ) ) ;
#1706 = CARTESIAN_POINT ( 'NONE',  ( 4.000000000000000000, 5.999999999999999112, 70.00000000000000000 ) ) ;
#1707 = EDGE_CURVE ( 'NONE', #405, #1669, #3167, .T. ) ;
#1708 = CARTESIAN_POINT ( 'NONE',  ( 4.277826605902763646, 0.3000000000000633271, -8.907617357042102668 ) ) ;
#1709 = CARTESIAN_POINT ( 'NONE',  ( -0.4093420213639777927, 3.073713158996405070E-14, 31.13738849394995611 ) ) ;
#1710 = CARTESIAN_POINT ( 'NONE',  ( -2.346107000639668705, 0.3000000000000170863, -39.29556470847602156 ) ) ;
#1711 = ORIENTED_EDGE ( 'NONE', *, *, #415, .T. ) ;
#1712 = CARTESIAN_POINT ( 'NONE',  ( 2.051082824931353077, 0.3000000000000478395, 44.47344173830703795 ) ) ;
#1713 = CARTESIAN_POINT ( 'NONE',  ( -4.032317496064095508, 0.3000000000000053180, -37.04325120219272094 ) ) ;
#1714 = DIRECTION ( 'NONE',  ( 0.000000000000000000, -1.000000000000000000, 0.000000000000000000 ) ) ;
#1715 = CARTESIAN_POINT ( 'NONE',  ( -1.501678036839907193, 2.303205916773993317E-14, -30.35351012476326105 ) ) ;
#1716 = CARTESIAN_POINT ( 'NONE',  ( 0.8643077578808564532, 0.3000000000000395683, -40.29764746398601716 ) ) ;
#1717 = CARTESIAN_POINT ( 'NONE',  ( -0.1284804736280474868, 3.263448539181368346E-14, 37.13022582329503507 ) ) ;
#1718 = CYLINDRICAL_SURFACE ( 'NONE', #2150, 2.599999999999998312 ) ;
#1719 = EDGE_CURVE ( 'NONE', #2283, #3324, #6220, .T. ) ;
#1720 = ADVANCED_FACE ( 'NONE', ( #5612 ), #3596, .T. ) ;
#1721 = CARTESIAN_POINT ( 'NONE',  ( -2.639483235726241883, 0.3000000000000150324, 41.45061125681352365 ) ) ;
#1722 = ORIENTED_EDGE ( 'NONE', *, *, #6540, .F. ) ;
#1723 = VECTOR ( 'NONE', #4978, 1000.000000000000000 ) ;
#1724 = VERTEX_POINT ( 'NONE', #2009 ) ;
#1725 = ORIENTED_EDGE ( 'NONE', *, *, #1883, .F. ) ;
#1726 = DIRECTION ( 'NONE',  ( -1.000000000000000000, -7.506015040284266169E-16, 0.000000000000000000 ) ) ;
#1727 = CARTESIAN_POINT ( 'NONE',  ( -0.2557676580217192464, 0.3000000000000316858, 31.14829254150390980 ) ) ;
#1728 = VECTOR ( 'NONE', #6149, 1000.000000000000000 ) ;
#1729 = CARTESIAN_POINT ( 'NONE',  ( -4.913472832573800630, -7.047314121155778821E-16, -31.27063043912250961 ) ) ;
#1730 = CARTESIAN_POINT ( 'NONE',  ( 1.065486096489344003, 4.092863201132779238E-14, -32.13526473774381742 ) ) ;
#1731 = CARTESIAN_POINT ( 'NONE',  ( -0.3767020127273434382, 3.088772475740986757E-14, -36.99007177890243980 ) ) ;
#1732 = AXIS2_PLACEMENT_3D ( 'NONE', #3870, #6229, #1587 ) ;
#1733 = ORIENTED_EDGE ( 'NONE', *, *, #303, .F. ) ;
#1734 = ORIENTED_EDGE ( 'NONE', *, *, #451, .T. ) ;
#1735 = CARTESIAN_POINT ( 'NONE',  ( -3.756409330035004768, 7.287354699147266130E-15, -35.05846223003224083 ) ) ;
#1736 = CARTESIAN_POINT ( 'NONE',  ( 1.522835356000692641, 0.3000000000000441203, 40.44339243881893253 ) ) ;
#1737 = ADVANCED_FACE ( 'NONE', ( #5688 ), #1082, .T. ) ;
#1738 = CARTESIAN_POINT ( 'NONE',  ( 0.000000000000000000, 5.000000000000000000, 70.00000000000000000 ) ) ;
#1739 = CARTESIAN_POINT ( 'NONE',  ( -0.9010406640893670049, 0.3000000000000271894, 30.36312000381684939 ) ) ;
#1740 = EDGE_CURVE ( 'NONE', #2919, #3152, #2584, .T. ) ;
#1741 = CARTESIAN_POINT ( 'NONE',  ( -4.294139125907372900, 0.3000000000000034861, 44.72839292683531909 ) ) ;
#1742 = ORIENTED_EDGE ( 'NONE', *, *, #3382, .T. ) ;
#1743 = CARTESIAN_POINT ( 'NONE',  ( -0.3284646566163110237, 0.3000000000000311862, 36.89552193738619934 ) ) ;
#1744 = CARTESIAN_POINT ( 'NONE',  ( -5.400000000000012790, 5.999999999999992006, -65.50000000000000000 ) ) ;
#1745 = LINE ( 'NONE', #5413, #1476 ) ;
#1746 = CARTESIAN_POINT ( 'NONE',  ( -4.800000000000009592, 0.2999999999999999889, -2.893557230631508492 ) ) ;
#1747 = CARTESIAN_POINT ( 'NONE',  ( 0.1928046332465181423, 0.3000000000000348499, -2.893557230631510269 ) ) ;
#1748 = DIRECTION ( 'NONE',  ( 0.000000000000000000, -1.000000000000000000, 0.000000000000000000 ) ) ;
#1749 = DIRECTION ( 'NONE',  ( -1.000000000000000000, -7.506015040284271099E-16, 0.000000000000000000 ) ) ;
#1750 = CARTESIAN_POINT ( 'NONE',  ( -1.788982143740578179, 0.3000000000000210276, 41.08431108033305179 ) ) ;
#1751 = EDGE_CURVE ( 'NONE', #6309, #5401, #5179, .T. ) ;
#1752 = CARTESIAN_POINT ( 'NONE',  ( 3.820618509800867368, 6.017322057294549609E-14, -35.42998242951109233 ) ) ;
#1753 = CARTESIAN_POINT ( 'NONE',  ( 4.391299438476554684, 0.3000000000000641598, 30.27774315410189843 ) ) ;
#1754 = ORIENTED_EDGE ( 'NONE', *, *, #3586, .F. ) ;
#1755 = CIRCLE ( 'NONE', #3266, 1.300000000000000044 ) ;
#1756 = ORIENTED_EDGE ( 'NONE', *, *, #257, .T. ) ;
#1757 = ORIENTED_EDGE ( 'NONE', *, *, #6463, .F. ) ;
#1758 = ORIENTED_EDGE ( 'NONE', *, *, #3927, .T. ) ;
#1759 = CARTESIAN_POINT ( 'NONE',  ( 0.1928046332465163937, 0.3000000000000348499, -6.978579203287759825 ) ) ;
#1760 = CYLINDRICAL_SURFACE ( 'NONE', #2435, 2.599999999999996536 ) ;
#1761 = DIRECTION ( 'NONE',  ( -7.228014483236701486E-16, 1.000000000000000000, 0.000000000000000000 ) ) ;
#1762 = CARTESIAN_POINT ( 'NONE',  ( -2.966531372544277900, 1.280304299623198156E-14, 36.40471377469565084 ) ) ;
#1763 = CARTESIAN_POINT ( 'NONE',  ( 0.1498840320622168709, 3.456485545476578146E-14, -36.76627945226096017 ) ) ;
#1764 = VERTEX_POINT ( 'NONE', #2153 ) ;
#1765 = ORIENTED_EDGE ( 'NONE', *, *, #4675, .T. ) ;
#1766 = CARTESIAN_POINT ( 'NONE',  ( -2.966531372544294332, 1.280304299623197525E-14, -35.53706207708385989 ) ) ;
#1767 = CARTESIAN_POINT ( 'NONE',  ( 0.9975380024965487813, 0.3000000000000404565, 39.64574338530890429 ) ) ;
#1768 =( NAMED_UNIT ( * ) SI_UNIT ( $, .STERADIAN. ) SOLID_ANGLE_UNIT ( ) );
#1769 = CARTESIAN_POINT ( 'NONE',  ( 2.043300491872551916, 4.778651192693820914E-14, -36.36973358888023711 ) ) ;
#1770 = CARTESIAN_POINT ( 'NONE',  ( -0.4093420213639777927, 0.3000000000000306311, 31.13738849394995611 ) ) ;
#1771 = CARTESIAN_POINT ( 'NONE',  ( -4.239727889166937658, 0.3000000000000038747, 44.87850528293186159 ) ) ;
#1772 = ORIENTED_EDGE ( 'NONE', *, *, #4591, .T. ) ;
#1773 = CARTESIAN_POINT ( 'NONE',  ( 2.111520788161238560, 0.3000000000000482281, 39.39194116865364492 ) ) ;
#1774 = CARTESIAN_POINT ( 'NONE',  ( -4.593315915933875004, 0.3000000000000014322, -37.48412202652922787 ) ) ;
#1775 = DIRECTION ( 'NONE',  ( -7.228014483236701486E-16, 1.000000000000000000, -0.000000000000000000 ) ) ;
#1776 = LINE ( 'NONE', #6352, #1549 ) ;
#1777 = CARTESIAN_POINT ( 'NONE',  ( 4.277826605902773416, 6.339012438352648739E-14, 23.40199870533412607 ) ) ;
#1778 = CARTESIAN_POINT ( 'NONE',  ( 0.6668738641881192253, 0.3000000000000381251, 38.77980338061114907 ) ) ;
#1779 = EDGE_CURVE ( 'NONE', #6369, #1582, #5009, .T. ) ;
#1780 = DIRECTION ( 'NONE',  ( 0.3264847400171475011, 0.000000000000000000, -0.9452024727728634002 ) ) ;
#1781 = LINE ( 'NONE', #4649, #706 ) ;
#1782 = CARTESIAN_POINT ( 'NONE',  ( -2.186394262467371341, 1.825071131937713995E-14, -31.03259385441577933 ) ) ;
#1783 = EDGE_CURVE ( 'NONE', #2675, #4678, #2766, .T. ) ;
#1784 = CARTESIAN_POINT ( 'NONE',  ( 4.384278014953318703, 0.3000000000000641043, -31.33155022457640726 ) ) ;
#1785 = ORIENTED_EDGE ( 'NONE', *, *, #4214, .F. ) ;
#1786 = AXIS2_PLACEMENT_3D ( 'NONE', #2786, #131, #3695 ) ;
#1787 = ORIENTED_EDGE ( 'NONE', *, *, #1149, .T. ) ;
#1788 = ORIENTED_EDGE ( 'NONE', *, *, #2189, .F. ) ;
#1789 = VECTOR ( 'NONE', #1842, 1000.000000000000000 ) ;
#1790 = CARTESIAN_POINT ( 'NONE',  ( 4.391299438476544026, 0.3000000000000641598, -31.85395171907212131 ) ) ;
#1791 = CARTESIAN_POINT ( 'NONE',  ( 1.289424520594337986, 4.252222415589796292E-14, -31.70304109170912810 ) ) ;
#1792 = CARTESIAN_POINT ( 'NONE',  ( -0.1874429712509085022, 3.236343484869230736E-14, -27.94145908641047171 ) ) ;
#1793 = VECTOR ( 'NONE', #2952, 1000.000000000000114 ) ;
#1794 = EDGE_LOOP ( 'NONE', ( #2977, #2853, #6156, #4820, #1756, #1434, #3305, #1734 ) ) ;
#1795 = DIRECTION ( 'NONE',  ( 0.000000000000000000, -1.000000000000000000, 0.000000000000000000 ) ) ;
#1796 = DIRECTION ( 'NONE',  ( 4.246546255046989221E-16, 1.316695255501225378E-30, 1.000000000000000000 ) ) ;
#1797 = ORIENTED_EDGE ( 'NONE', *, *, #1616, .T. ) ;
#1798 = ORIENTED_EDGE ( 'NONE', *, *, #2067, .F. ) ;
#1799 = CARTESIAN_POINT ( 'NONE',  ( -2.666363799069642493, 1.489910195885711321E-14, -37.19935122218389978 ) ) ;
#1800 = CIRCLE ( 'NONE', #3208, 1.000000000000000888 ) ;
#1801 = CARTESIAN_POINT ( 'NONE',  ( 0.7619418091244145597, 3.886864788360533396E-14, 39.03288139237298537 ) ) ;
#1802 = CARTESIAN_POINT ( 'NONE',  ( -0.9389695459803416577, 0.3000000000000269118, 29.58836054342603461 ) ) ;
#1803 = LINE ( 'NONE', #830, #827 ) ;
#1804 = CARTESIAN_POINT ( 'NONE',  ( -3.410809414312578891, 0.3000000000000097033, -36.93806767597034479 ) ) ;
#1805 = CARTESIAN_POINT ( 'NONE',  ( -0.9389695459803416577, 2.696143155782935819E-14, 29.58836054342603461 ) ) ;
#1806 = EDGE_LOOP ( 'NONE', ( #3461, #4921, #678, #3175 ) ) ;
#1807 = CARTESIAN_POINT ( 'NONE',  ( 1.949577699930620467, 4.713204916875914596E-14, -33.17875258114990089 ) ) ;
#1808 = DIRECTION ( 'NONE',  ( 0.000000000000000000, -1.000000000000000000, 0.000000000000000000 ) ) ;
#1809 = PLANE ( 'NONE',  #5631 ) ;
#1810 = CARTESIAN_POINT ( 'NONE',  ( -4.800000000000005151, 0.2999999999999999889, 22.46052879757350595 ) ) ;
#1811 = CARTESIAN_POINT ( 'NONE',  ( -4.656924429486216432, 0.3000000000000009326, -28.48711435093058242 ) ) ;
#1812 = CARTESIAN_POINT ( 'NONE',  ( -1.730442198314947166, 2.143460756616744105E-14, 41.16127396334157851 ) ) ;
#1813 = EDGE_CURVE ( 'NONE', #6398, #4179, #748, .T. ) ;
#1814 = CARTESIAN_POINT ( 'NONE',  ( 4.277826605902763646, 0.3000000000000633271, -21.95699310302734375 ) ) ;
#1815 = PLANE ( 'NONE',  #1732 ) ;
#1816 = CARTESIAN_POINT ( 'NONE',  ( -2.642468278345910360, 1.506596348823479922E-14, -30.40199492485012200 ) ) ;
#1817 = CARTESIAN_POINT ( 'NONE',  ( 1.705915048200104867, 0.3000000000000453970, -27.41279110464673252 ) ) ;
#1818 = ADVANCED_FACE ( 'NONE', ( #4813 ), #52, .T. ) ;
#1819 = ORIENTED_EDGE ( 'NONE', *, *, #2287, .F. ) ;
#1820 = ADVANCED_FACE ( 'NONE', ( #4241 ), #2220, .T. ) ;
#1821 = ADVANCED_FACE ( 'NONE', ( #3771, #5825 ), #3833, .F. ) ;
#1822 = CARTESIAN_POINT ( 'NONE',  ( 3.170719631900544844, 0.3000000000000556666, -40.23168465629319002 ) ) ;
#1823 = CARTESIAN_POINT ( 'NONE',  ( -2.435888362454808220, 1.650850333086191902E-14, -29.43189876433645225 ) ) ;
#1824 = CARTESIAN_POINT ( 'NONE',  ( 0.5707707827331606198, 0.3000000000000375144, -33.40392176135320312 ) ) ;
#1825 = CARTESIAN_POINT ( 'NONE',  ( -5.400000000000009237, 1.399999999999992584, -65.50000000000000000 ) ) ;
#1826 = ORIENTED_EDGE ( 'NONE', *, *, #4800, .F. ) ;
#1827 = VECTOR ( 'NONE', #4411, 1000.000000000000000 ) ;
#1828 = CARTESIAN_POINT ( 'NONE',  ( -2.029729034756839301, 1.940721888749052937E-14, -37.89165220293429570 ) ) ;
#1829 = CARTESIAN_POINT ( 'NONE',  ( 0.4011605285398756604, 3.631950985144905702E-14, -36.67011566527523314 ) ) ;
#1830 = ORIENTED_EDGE ( 'NONE', *, *, #1975, .F. ) ;
#1831 = ORIENTED_EDGE ( 'NONE', *, *, #5728, .F. ) ;
#1832 = AXIS2_PLACEMENT_3D ( 'NONE', #133, #5818, #3228 ) ;
#1833 = DIRECTION ( 'NONE',  ( 0.000000000000000000, -1.000000000000000000, 0.000000000000000000 ) ) ;
#1834 = CARTESIAN_POINT ( 'NONE',  ( -2.642468278345910360, 0.3000000000000150324, -30.40199492485012200 ) ) ;
#1835 = CARTESIAN_POINT ( 'NONE',  ( 10.59999999999998010, 1.400000000000004796, 32.75000000000000000 ) ) ;
#1836 = LINE ( 'NONE', #4453, #3072 ) ;
#1837 = CARTESIAN_POINT ( 'NONE',  ( 3.966754225818094337, 6.121791756333611747E-14, 42.77810246393357119 ) ) ;
#1838 = ORIENTED_EDGE ( 'NONE', *, *, #1099, .F. ) ;
#1839 = CARTESIAN_POINT ( 'NONE',  ( 4.163779232550886888, 0.3000000000000626055, 28.38558175347765200 ) ) ;
#1840 = DIRECTION ( 'NONE',  ( -7.228014483236701486E-16, 1.000000000000000000, 0.000000000000000000 ) ) ;
#1841 = CARTESIAN_POINT ( 'NONE',  ( -4.294139125907387111, 3.532407603890563951E-15, -27.21338292494417743 ) ) ;
#1842 = DIRECTION ( 'NONE',  ( -1.000000000000000000, -6.982962677686267499E-15, 1.019171101211278518E-15 ) ) ;
#1843 = CARTESIAN_POINT ( 'NONE',  ( 4.277826605902761870, 0.3000000000000633271, -20.14142778184677596 ) ) ;
#1844 = CARTESIAN_POINT ( 'NONE',  ( -0.7381816162728104258, 0.3000000000000282996, 43.33414768301840070 ) ) ;
#1845 = DIRECTION ( 'NONE',  ( 0.000000000000000000, -1.000000000000000000, 0.000000000000000000 ) ) ;
#1846 = CARTESIAN_POINT ( 'NONE',  ( 11.99999999999999645, 6.000000000000004441, 69.00000000000000000 ) ) ;
#1847 = CARTESIAN_POINT ( 'NONE',  ( 2.672675564669828141, 5.231275482242558894E-14, -27.67900330980737422 ) ) ;
#1848 = ORIENTED_EDGE ( 'NONE', *, *, #4482, .F. ) ;
#1849 = CARTESIAN_POINT ( 'NONE',  ( 1.925928342686503258, 4.696690658977220617E-14, -31.58827652987720924 ) ) ;
#1850 = EDGE_CURVE ( 'NONE', #617, #4507, #2653, .T. ) ;
#1851 = CARTESIAN_POINT ( 'NONE',  ( -10.60000000000000497, 1.399999999999988809, 65.50000000000000000 ) ) ;
#1852 = CARTESIAN_POINT ( 'NONE',  ( 0.4771993274052175327, 0.3000000000000368483, -27.54123132676431851 ) ) ;
#1853 = EDGE_LOOP ( 'NONE', ( #3795, #5861, #6318, #5583 ) ) ;
#1854 = VECTOR ( 'NONE', #6005, 1000.000000000000000 ) ;
#1855 = CARTESIAN_POINT ( 'NONE',  ( -4.800000000000007816, 0.2999999999999999889, 9.361508687337233070 ) ) ;
#1856 = VERTEX_POINT ( 'NONE', #2341 ) ;
#1857 = ORIENTED_EDGE ( 'NONE', *, *, #4786, .T. ) ;
#1858 = PLANE ( 'NONE',  #4021 ) ;
#1859 = CARTESIAN_POINT ( 'NONE',  ( 4.389964219678220481, 6.418476861114186249E-14, 39.92169896794879946 ) ) ;
#1860 = DIRECTION ( 'NONE',  ( 0.000000000000000000, -1.000000000000000000, 0.000000000000000000 ) ) ;
#1861 = CARTESIAN_POINT ( 'NONE',  ( -2.271281496494557128, 0.3000000000000176414, -29.11830204081927320 ) ) ;
#1862 = EDGE_CURVE ( 'NONE', #351, #982, #6474, .T. ) ;
#1863 = CARTESIAN_POINT ( 'NONE',  ( 1.467831074421188653, 4.376803046272537922E-14, 44.53499344704470531 ) ) ;
#1864 = AXIS2_PLACEMENT_3D ( 'NONE', #4547, #6591, #5155 ) ;
#1865 = VERTEX_POINT ( 'NONE', #4400 ) ;
#1866 = CARTESIAN_POINT ( 'NONE',  ( 1.405523301696068428, 4.333293761125621649E-14, -34.04714078385671172 ) ) ;
#1867 = VECTOR ( 'NONE', #273, 1000.000000000000000 ) ;
#1868 = DIRECTION ( 'NONE',  ( 1.000000000000000000, 0.000000000000000000, -0.000000000000000000 ) ) ;
#1869 = B_SPLINE_CURVE_WITH_KNOTS ( 'NONE', 3,
 ( #3127, #6217, #4669, #5684, #538, #5176, #2618, #5608, #3664, #4566, #3058, #6610, #5104, #501, #2544, #139, #1188, #2277, #746 ),
 .UNSPECIFIED., .F., .F.,
 ( 4, 1, 1, 1, 1, 1, 1, 1, 1, 1, 1, 1, 1, 1, 1, 1, 4 ),
 ( 0.000000000000000000, 0.06395042779706833214, 0.1253102932571360517, 0.1863330140476971153, 0.2462317207244439643, 0.3068503956786989284, 0.3680369628067257648, 0.4302072998689192018, 0.4952397167928626054, 0.5603187686578443572, 0.6238885357647198093, 0.6853422728078112369, 0.7473660391268578396, 0.8084632899954228291, 0.8708187887505008939, 0.9344934644034528226, 1.000000000000000000 ),
 .UNSPECIFIED. ) ;
#1870 = VECTOR ( 'NONE', #3264, 1000.000000000000000 ) ;
#1871 = CARTESIAN_POINT ( 'NONE',  ( -4.749334005271741432, 0.3000000000000003775, -29.00359110787261585 ) ) ;
#1872 = DIRECTION ( 'NONE',  ( -0.000000000000000000, 0.000000000000000000, 1.000000000000000000 ) ) ;
#1873 = EDGE_CURVE ( 'NONE', #1921, #947, #1888, .T. ) ;
#1874 = CARTESIAN_POINT ( 'NONE',  ( 2.744778116484929864, 5.274643569141979071E-14, -40.37522648952726456 ) ) ;
#1875 = LINE ( 'NONE', #6045, #2470 ) ;
#1876 = CARTESIAN_POINT ( 'NONE',  ( 5.399999999999986144, 1.400000000000000799, 65.50000000000000000 ) ) ;
#1877 = CARTESIAN_POINT ( 'NONE',  ( -1.883183696199259405, 2.032879073410320814E-14, -35.68394908050886727 ) ) ;
#1878 = EDGE_CURVE ( 'NONE', #3726, #5126, #5416, .T. ) ;
#1879 = ORIENTED_EDGE ( 'NONE', *, *, #2904, .T. ) ;
#1880 = CARTESIAN_POINT ( 'NONE',  ( 0.4148048201677836389, 3.648340310413722420E-14, 30.17639108886468335 ) ) ;
#1881 = VECTOR ( 'NONE', #602, 1000.000000000000000 ) ;
#1882 = ORIENTED_EDGE ( 'NONE', *, *, #5889, .T. ) ;
#1883 = EDGE_CURVE ( 'NONE', #1257, #1669, #387, .T. ) ;
#1884 = CARTESIAN_POINT ( 'NONE',  ( -1.826194475150944685, 2.081668171172168513E-14, -37.76400491397000536 ) ) ;
#1885 = CARTESIAN_POINT ( 'NONE',  ( 2.043300491872551916, 4.786752591523502076E-14, -36.36973358888023711 ) ) ;
#1886 = ORIENTED_EDGE ( 'NONE', *, *, #3049, .T. ) ;
#1887 = ORIENTED_EDGE ( 'NONE', *, *, #3224, .F. ) ;
#1888 = CIRCLE ( 'NONE', #187, 2.599999999999998312 ) ;
#1889 = VECTOR ( 'NONE', #3488, 1000.000000000000000 ) ;
#1890 = CARTESIAN_POINT ( 'NONE',  ( 7.999999999999983125, 1.400000000000002798, 65.50000000000000000 ) ) ;
#1891 = CARTESIAN_POINT ( 'NONE',  ( 0.2280790316413486285, 0.3000000000000351275, 28.42028775145295327 ) ) ;
#1892 = LINE ( 'NONE', #6465, #4990 ) ;
#1893 = EDGE_CURVE ( 'NONE', #5707, #6247, #5947, .T. ) ;
#1894 = DIRECTION ( 'NONE',  ( -7.228014483236701486E-16, 1.000000000000000000, -0.000000000000000000 ) ) ;
#1895 = LINE ( 'NONE', #6033, #5535 ) ;
#1896 = CARTESIAN_POINT ( 'NONE',  ( -3.484424347347701012, 9.186615682143873242E-15, -39.88570064968532591 ) ) ;
#1897 = VECTOR ( 'NONE', #2957, 999.9999999999998863 ) ;
#1898 = ORIENTED_EDGE ( 'NONE', *, *, #1783, .F. ) ;
#1899 = FACE_OUTER_BOUND ( 'NONE', #6190, .T. ) ;
#1900 = EDGE_CURVE ( 'NONE', #1582, #4594, #4494, .T. ) ;
#1901 = CARTESIAN_POINT ( 'NONE',  ( 2.116357668861257313, 0.3000000000000482836, 39.88281877441612977 ) ) ;
#1902 = CARTESIAN_POINT ( 'NONE',  ( -8.000000000000010658, 5.999999999999990230, 65.50000000000000000 ) ) ;
#1903 = CARTESIAN_POINT ( 'NONE',  ( 10.59999999999998010, 1.400000000000004796, 3.184081677783113260E-16 ) ) ;
#1904 = DIRECTION ( 'NONE',  ( 3.821891629542292715E-16, 0.000000000000000000, 1.000000000000000000 ) ) ;
#1905 = ORIENTED_EDGE ( 'NONE', *, *, #5436, .T. ) ;
#1906 = CARTESIAN_POINT ( 'NONE',  ( 4.333128997070958555, 0.3000000000000637157, 29.30377066051305945 ) ) ;
#1907 = CARTESIAN_POINT ( 'NONE',  ( 1.626454102443058769, 4.487568914722366583E-14, 38.17429904957307230 ) ) ;
#1908 = CARTESIAN_POINT ( 'NONE',  ( 2.274371339497623712, 4.943961906533900219E-14, -40.44816733140757492 ) ) ;
#1909 = FACE_OUTER_BOUND ( 'NONE', #3889, .T. ) ;
#1910 = CARTESIAN_POINT ( 'NONE',  ( -2.644016181098091334, 1.505515454108754186E-14, 41.58602012528314873 ) ) ;
#1911 = CARTESIAN_POINT ( 'NONE',  ( 1.184069202295775947, 0.3000000000000417888, 40.05819416687879198 ) ) ;
#1912 = LINE ( 'NONE', #5476, #1223 ) ;
#1913 = CARTESIAN_POINT ( 'NONE',  ( -0.3284646566163282877, 0.3000000000000311862, -35.04625391439333271 ) ) ;
#1914 = ORIENTED_EDGE ( 'NONE', *, *, #1614, .F. ) ;
#1915 = B_SPLINE_CURVE_WITH_KNOTS ( 'NONE', 3,
 ( #5964, #2329, #760, #3817, #1762, #5867, #3908, #850, #340, #248, #1293, #5428, #5399, #6433, #283, #2356, #4354, #880, #1354 ),
 .UNSPECIFIED., .F., .F.,
 ( 4, 1, 1, 1, 1, 1, 1, 1, 1, 1, 1, 1, 1, 1, 1, 1, 4 ),
 ( 0.000000000000000000, 0.05788094285645360021, 0.1128528044494230692, 0.1655833948434750624, 0.2169635121761021301, 0.2681577282320924405, 0.3195925452859336713, 0.3724213661878509329, 0.4272619916366188209, 0.4848117811471501226, 0.5454334485380483155, 0.6099407695031813237, 0.6783204866915184539, 0.7510512415195403912, 0.8290369631912966053, 0.9119341134044181008, 1.000000000000000000 ),
 .UNSPECIFIED. ) ;
#1916 = FACE_OUTER_BOUND ( 'NONE', #5008, .T. ) ;
#1917 = LINE ( 'NONE', #1825, #6258 ) ;
#1918 = ORIENTED_EDGE ( 'NONE', *, *, #2368, .T. ) ;
#1919 = DIRECTION ( 'NONE',  ( -1.000000000000000000, -7.506015040284271099E-16, 0.000000000000000000 ) ) ;
#1920 = ORIENTED_EDGE ( 'NONE', *, *, #453, .F. ) ;
#1921 = VERTEX_POINT ( 'NONE', #356 ) ;
#1922 = DIRECTION ( 'NONE',  ( 0.3251599034845682468, 0.000000000000000000, 0.9456590491112039087 ) ) ;
#1923 = LINE ( 'NONE', #660, #2739 ) ;
#1924 = CARTESIAN_POINT ( 'NONE',  ( 7.999999999999983125, 1.400000000000002798, 32.75000000000000000 ) ) ;
#1925 = CARTESIAN_POINT ( 'NONE',  ( 0.000000000000000000, 5.000000000000000000, -62.00000000000000000 ) ) ;
#1926 = CARTESIAN_POINT ( 'NONE',  ( 0.3864782055839999786, 3.621698373822643201E-14, -33.84370991439157450 ) ) ;
#1927 = DIRECTION ( 'NONE',  ( 0.8897775297030668940, 0.000000000000000000, -0.4563945087701076209 ) ) ;
#1928 = CARTESIAN_POINT ( 'NONE',  ( -0.3074161322300330568, 3.137154547501312030E-14, 31.14462540978609084 ) ) ;
#1929 = ORIENTED_EDGE ( 'NONE', *, *, #317, .F. ) ;
#1930 = DIRECTION ( 'NONE',  ( -6.982962677686266711E-15, 1.000000000000000000, 1.648652145304925620E-30 ) ) ;
#1931 = CARTESIAN_POINT ( 'NONE',  ( -1.250427956051311629, 2.478652910465234608E-14, -28.05083881484136299 ) ) ;
#1932 = CARTESIAN_POINT ( 'NONE',  ( -4.905891476798524664, 0.2999999999999992117, -31.78705902630820646 ) ) ;
#1933 = EDGE_CURVE ( 'NONE', #2407, #883, #3605, .T. ) ;
#1934 = CARTESIAN_POINT ( 'NONE',  ( -2.567543320934277951, 0.3000000000000155875, 41.20572721383327774 ) ) ;
#1935 = DIRECTION ( 'NONE',  ( -1.000000000000000000, 0.000000000000000000, 8.992686187158334176E-16 ) ) ;
#1936 = ORIENTED_EDGE ( 'NONE', *, *, #4861, .F. ) ;
#1937 = CARTESIAN_POINT ( 'NONE',  ( 4.006730897989002393, 0.3000000000000614397, -37.25680017051148241 ) ) ;
#1938 = CARTESIAN_POINT ( 'NONE',  ( -2.506774760217771014, 0.3000000000000159761, -30.84000946279725497 ) ) ;
#1939 = CARTESIAN_POINT ( 'NONE',  ( -0.9419236924913245712, 0.3000000000000269118, 29.80080265469021228 ) ) ;
#1940 = CARTESIAN_POINT ( 'NONE',  ( 1.125950384185458342, 0.3000000000000413447, 39.94446498970654602 ) ) ;
#1941 = CARTESIAN_POINT ( 'NONE',  ( -0.000000000000000000, 5.000000000000000000, -70.00000000000000000 ) ) ;
#1942 = CARTESIAN_POINT ( 'NONE',  ( -0.8112512040076094166, 0.3000000000000278555, 28.80501068710431767 ) ) ;
#1943 = VERTEX_POINT ( 'NONE', #5531 ) ;
#1944 = EDGE_CURVE ( 'NONE', #2540, #733, #3925, .T. ) ;
#1945 = CARTESIAN_POINT ( 'NONE',  ( 3.374623919271784622, 5.724587470723463412E-14, 33.54984095985728487 ) ) ;
#1946 = B_SPLINE_CURVE_WITH_KNOTS ( 'NONE', 3,
 ( #3830, #4873, #4743, #3740, #6445, #3892, #4399, #2856, #4905, #1841, #1310 ),
 .UNSPECIFIED., .F., .F.,
 ( 4, 1, 1, 1, 1, 1, 1, 1, 4 ),
 ( 0.000000000000000000, 0.1399081321011402257, 0.2754465983760372438, 0.4059530101806412827, 0.5325528392344757167, 0.6545613760729651620, 0.7732163166311405433, 0.8882214211495597089, 1.000000000000000000 ),
 .UNSPECIFIED. ) ;
#1947 = ORIENTED_EDGE ( 'NONE', *, *, #3604, .F. ) ;
#1948 = ORIENTED_EDGE ( 'NONE', *, *, #5322, .T. ) ;
#1949 = CARTESIAN_POINT ( 'NONE',  ( 2.095493847130310616, 4.819278656698067209E-14, -31.90745911455051242 ) ) ;
#1950 = CARTESIAN_POINT ( 'NONE',  ( 4.352679279253946376, 0.3000000000000638822, -38.00043339249410934 ) ) ;
#1951 = CARTESIAN_POINT ( 'NONE',  ( -8.000000000000007105, 1.399999999999990585, 65.50000000000000000 ) ) ;
#1952 = CARTESIAN_POINT ( 'NONE',  ( 4.277826605902763646, 6.339012438352647476E-14, -8.907617357042102668 ) ) ;
#1953 = LINE ( 'NONE', #2020, #6022 ) ;
#1954 = LINE ( 'NONE', #6063, #5001 ) ;
#1955 = CARTESIAN_POINT ( 'NONE',  ( 3.631842243055949826, 0.3000000000000588307, 43.41224695424942581 ) ) ;
#1956 = CARTESIAN_POINT ( 'NONE',  ( 0.9753325377482766623, 0.3000000000000402900, -27.42533679308770189 ) ) ;
#1957 = VERTEX_POINT ( 'NONE', #6417 ) ;
#1958 = VECTOR ( 'NONE', #1392, 1000.000000000000000 ) ;
#1959 = AXIS2_PLACEMENT_3D ( 'NONE', #6413, #894, #3953 ) ;
#1960 = FACE_OUTER_BOUND ( 'NONE', #754, .T. ) ;
#1961 = LINE ( 'NONE', #450, #4133 ) ;
#1962 = CARTESIAN_POINT ( 'NONE',  ( -12.00000000000000000, 0.000000000000000000, 70.00000000000000000 ) ) ;
#1963 = CARTESIAN_POINT ( 'NONE',  ( -4.888937248571799010, 0.2999999999999993783, -38.71132588223601800 ) ) ;
#1964 = B_SPLINE_CURVE_WITH_KNOTS ( 'NONE', 3,
 ( #1695, #3247, #1320, #279, #3373, #4382, #1823, #757, #2804, #696, #820 ),
 .UNSPECIFIED., .F., .F.,
 ( 4, 1, 1, 1, 1, 1, 1, 1, 4 ),
 ( 0.000000000000000000, 0.1359826728439911259, 0.2693664966883814182, 0.4013714352847821409, 0.5341298545672922282, 0.6621877169219991810, 0.7809226503997456215, 0.8930285102126842567, 1.000000000000000000 ),
 .UNSPECIFIED. ) ;
#1965 = FACE_OUTER_BOUND ( 'NONE', #3520, .T. ) ;
#1966 = EDGE_LOOP ( 'NONE', ( #2046, #5913, #2836, #4073 ) ) ;
#1967 = LINE ( 'NONE', #4529, #3235 ) ;
#1968 = CARTESIAN_POINT ( 'NONE',  ( 4.385725160504716058, 0.3000000000000641043, -38.63866863407061913 ) ) ;
#1969 = VECTOR ( 'NONE', #2164, 1000.000000000000000 ) ;
#1970 = CARTESIAN_POINT ( 'NONE',  ( -8.000000000000007105, 1.399999999999990585, 0.000000000000000000 ) ) ;
#1971 = FACE_OUTER_BOUND ( 'NONE', #3652, .T. ) ;
#1972 = DIRECTION ( 'NONE',  ( -1.000000000000000000, -6.982962677686267499E-15, 0.000000000000000000 ) ) ;
#1973 = CARTESIAN_POINT ( 'NONE',  ( 0.4794085458955858470, 3.686591283624679764E-14, 38.30944461913590970 ) ) ;
#1974 = CARTESIAN_POINT ( 'NONE',  ( 1.065486096489355772, 0.3000000000000409561, 39.80651111403571463 ) ) ;
#1975 = EDGE_CURVE ( 'NONE', #6028, #1690, #4933, .T. ) ;
#1976 = CARTESIAN_POINT ( 'NONE',  ( -4.005690171983513181, 0.3000000000000054845, 26.60937923855252052 ) ) ;
#1977 = CARTESIAN_POINT ( 'NONE',  ( -1.357195341873279837, 2.396086801192964799E-14, -35.62395168203714491 ) ) ;
#1978 = DIRECTION ( 'NONE',  ( -0.9456590491112039087, -6.603501845759821930E-15, 0.3251599034845683023 ) ) ;
#1979 = ORIENTED_EDGE ( 'NONE', *, *, #2081, .F. ) ;
#1980 = EDGE_CURVE ( 'NONE', #474, #3547, #2949, .T. ) ;
#1981 = CARTESIAN_POINT ( 'NONE',  ( -1.314515185062113289, 0.3000000000000243028, 42.04391426453317138 ) ) ;
#1982 = ORIENTED_EDGE ( 'NONE', *, *, #2441, .T. ) ;
#1983 = ORIENTED_EDGE ( 'NONE', *, *, #5659, .F. ) ;
#1984 = EDGE_LOOP ( 'NONE', ( #1296, #3035, #1227, #6331 ) ) ;
#1985 = CARTESIAN_POINT ( 'NONE',  ( -4.903592019945191893, -7.233792089833767846E-16, 29.80514321171383685 ) ) ;
#1986 = CARTESIAN_POINT ( 'NONE',  ( 4.389349922734766984, 0.3000000000000641598, -38.35487649410439559 ) ) ;
#1987 = DIRECTION ( 'NONE',  ( 0.000000000000000000, -1.000000000000000000, 0.000000000000000000 ) ) ;
#1988 = PLANE ( 'NONE',  #737 ) ;
#1989 = FACE_OUTER_BOUND ( 'NONE', #6459, .T. ) ;
#1990 = DIRECTION ( 'NONE',  ( 0.000000000000000000, -1.000000000000000000, 0.000000000000000000 ) ) ;
#1991 = ORIENTED_EDGE ( 'NONE', *, *, #1608, .T. ) ;
#1992 = FACE_OUTER_BOUND ( 'NONE', #82, .T. ) ;
#1993 = EDGE_CURVE ( 'NONE', #2201, #6628, #4084, .T. ) ;
#1994 = ORIENTED_EDGE ( 'NONE', *, *, #1409, .T. ) ;
#1995 = CARTESIAN_POINT ( 'NONE',  ( -4.385618206499353633, 0.3000000000000028200, 27.40649072129292207 ) ) ;
#1996 = CARTESIAN_POINT ( 'NONE',  ( -2.567543320934277951, 1.558916166946734925E-14, 41.20572721383327774 ) ) ;
#1997 = CARTESIAN_POINT ( 'NONE',  ( -4.838268674657664192, 0.2999999999999997113, 31.37220606810353729 ) ) ;
#1998 = AXIS2_PLACEMENT_3D ( 'NONE', #2578, #4638, #67 ) ;
#1999 = FACE_OUTER_BOUND ( 'NONE', #1495, .T. ) ;
#2000 = ORIENTED_EDGE ( 'NONE', *, *, #511, .F. ) ;
#2001 = CARTESIAN_POINT ( 'NONE',  ( 3.366752569092299474, 0.3000000000000569989, -40.13177062712606613 ) ) ;
#2002 = CARTESIAN_POINT ( 'NONE',  ( 0.9753325377482913172, 4.038653092508504017E-14, 44.51643905869181594 ) ) ;
#2003 = CARTESIAN_POINT ( 'NONE',  ( 1.105734467289789080, 0.3000000000000412337, -40.35558278671086896 ) ) ;
#2004 = CARTESIAN_POINT ( 'NONE',  ( -3.902548046614921606, 0.3000000000000062617, -36.99513860406866428 ) ) ;
#2005 = CARTESIAN_POINT ( 'NONE',  ( -4.913472832573801519, 0.2999999999999991562, -38.41941889127095067 ) ) ;
#2006 = VECTOR ( 'NONE', #3319, 1000.000000000000000 ) ;
#2007 = CARTESIAN_POINT ( 'NONE',  ( -4.912031789579051733, -7.823138053448063594E-16, -38.36970731336263185 ) ) ;
#2008 = FACE_OUTER_BOUND ( 'NONE', #5982, .T. ) ;
#2009 = CARTESIAN_POINT ( 'NONE',  ( 4.277826605902760093, 0.3000000000000633271, -26.04201507568359730 ) ) ;
#2010 = CARTESIAN_POINT ( 'NONE',  ( -0.1874429712508913770, 0.3000000000000321854, 44.00031676536905678 ) ) ;
#2011 = EDGE_CURVE ( 'NONE', #3778, #4040, #864, .T. ) ;
#2012 = LINE ( 'NONE', #4069, #5402 ) ;
#2013 = EDGE_CURVE ( 'NONE', #2737, #2388, #4963, .T. ) ;
#2014 = ORIENTED_EDGE ( 'NONE', *, *, #5147, .F. ) ;
#2015 = VERTEX_POINT ( 'NONE', #6010 ) ;
#2016 = CARTESIAN_POINT ( 'NONE',  ( 7.999999999999983125, 1.400000000000002798, -65.50000000000000000 ) ) ;
#2017 = CARTESIAN_POINT ( 'NONE',  ( 4.223023780046446518, 0.3000000000000629385, -37.60855009771412938 ) ) ;
#2018 = LINE ( 'NONE', #408, #4509 ) ;
#2019 = CARTESIAN_POINT ( 'NONE',  ( 0.000000000000000000, 0.000000000000000000, 70.00000000000000000 ) ) ;
#2020 = CARTESIAN_POINT ( 'NONE',  ( 4.277826605902767199, 6.339012438352647476E-14, 8.453726026746952726 ) ) ;
#2021 = CARTESIAN_POINT ( 'NONE',  ( -4.800000000000012257, 0.2999999999999999889, -21.95699310302734020 ) ) ;
#2022 = ORIENTED_EDGE ( 'NONE', *, *, #2026, .T. ) ;
#2023 = CARTESIAN_POINT ( 'NONE',  ( 1.438918895087040628, 4.353071722529300303E-14, -31.54578881946581959 ) ) ;
#2024 = B_SPLINE_SURFACE_WITH_KNOTS ( 'NONE', 3, 1, ( 
 ( #747, #3832 ),
 ( #6595, #1431 ),
 ( #3297, #5380 ),
 ( #4012, #4517 ),
 ( #1278, #1248 ),
 ( #2794, #889 ),
 ( #5525, #3476 ),
 ( #5885, #3801 ),
 ( #1462, #2312 ),
 ( #5349, #4842 ),
 ( #923, #4335 ) ),
 .UNSPECIFIED., .F., .F., .F.,
 ( 4, 1, 1, 1, 1, 1, 1, 1, 4 ),
 ( 2, 2 ),
 ( 0.000000000000000000, 0.1399081321011402257, 0.2754465983760372438, 0.4059530101806412827, 0.5325528392344757167, 0.6545613760729651620, 0.7732163166311405433, 0.8882214211495597089, 1.000000000000000000 ),
 ( 0.000000000000000000, 1.000000000000000000 ),
 .UNSPECIFIED. ) ;
#2025 = EDGE_LOOP ( 'NONE', ( #4357, #3485, #4665, #3603 ) ) ;
#2026 = EDGE_CURVE ( 'NONE', #203, #4002, #3854, .T. ) ;
#2027 = ORIENTED_EDGE ( 'NONE', *, *, #1900, .T. ) ;
#2028 = CARTESIAN_POINT ( 'NONE',  ( -4.073506686801241727, 5.041540102057595618E-15, 26.73358665364533948 ) ) ;
#2029 = CARTESIAN_POINT ( 'NONE',  ( -0.1110369396601649655, 0.3000000000000327405, -36.86879813935501460 ) ) ;
#2030 = DIRECTION ( 'NONE',  ( 1.000000000000000000, 0.000000000000000000, 0.000000000000000000 ) ) ;
#2031 = EDGE_CURVE ( 'NONE', #2704, #3317, #2103, .T. ) ;
#2032 = FACE_OUTER_BOUND ( 'NONE', #5904, .T. ) ;
#2033 = AXIS2_PLACEMENT_3D ( 'NONE', #5352, #1780, #4373 ) ;
#2034 = CARTESIAN_POINT ( 'NONE',  ( 0.7619418091243989055, 0.3000000000000387912, -32.90889445940651825 ) ) ;
#2035 = ORIENTED_EDGE ( 'NONE', *, *, #143, .F. ) ;
#2036 = SPHERICAL_SURFACE ( 'NONE', #656, 1.000000000000000000 ) ;
#2037 = LINE ( 'NONE', #4945, #5157 ) ;
#2038 = CARTESIAN_POINT ( 'NONE',  ( 1.157487615097647415, 4.163336342344337027E-14, 44.53580636166387308 ) ) ;
#2039 = DIRECTION ( 'NONE',  ( -1.000000000000000000, -7.506015040284266169E-16, 0.000000000000000000 ) ) ;
#2040 = VECTOR ( 'NONE', #98, 1000.000000000000000 ) ;
#2041 = LINE ( 'NONE', #2113, #1020 ) ;
#2042 = CARTESIAN_POINT ( 'NONE',  ( -1.730442198314961599, 0.3000000000000213607, -30.78050188843794999 ) ) ;
#2043 = CARTESIAN_POINT ( 'NONE',  ( 2.962873734149894300, 5.420785755715987127E-14, -40.31122162349247162 ) ) ;
#2044 = CARTESIAN_POINT ( 'NONE',  ( -0.8962735356198848757, 2.726768463801043652E-14, 29.18167448491595550 ) ) ;
#2045 = CARTESIAN_POINT ( 'NONE',  ( 0.8470464335547378543, 0.3000000000000394018, -34.56843463579813402 ) ) ;
#2046 = ORIENTED_EDGE ( 'NONE', *, *, #4695, .F. ) ;
#2047 = CARTESIAN_POINT ( 'NONE',  ( 0.000000000000000000, 5.000000000000000000, -62.00000000000000000 ) ) ;
#2048 = FACE_OUTER_BOUND ( 'NONE', #1336, .T. ) ;
#2049 = ORIENTED_EDGE ( 'NONE', *, *, #17, .T. ) ;
#2050 = ORIENTED_EDGE ( 'NONE', *, *, #5236, .T. ) ;
#2051 = ORIENTED_EDGE ( 'NONE', *, *, #2686, .F. ) ;
#2052 = CARTESIAN_POINT ( 'NONE',  ( -5.400000000000009237, 1.399999999999992584, 65.50000000000000000 ) ) ;
#2053 = DIRECTION ( 'NONE',  ( 0.000000000000000000, -1.000000000000000000, 0.000000000000000000 ) ) ;
#2054 = CARTESIAN_POINT ( 'NONE',  ( 0.4197502983940923915, 3.644932152052772362E-14, 29.89477234416537499 ) ) ;
#2055 = FACE_BOUND ( 'NONE', #5063, .T. ) ;
#2056 = CARTESIAN_POINT ( 'NONE',  ( -1.168869357638893991, 2.535604975341059117E-14, 21.21232763926187559 ) ) ;
#2057 = ADVANCED_FACE ( 'NONE', ( #3119 ), #5693, .T. ) ;
#2058 = CARTESIAN_POINT ( 'NONE',  ( -0.1556979415720737003, 0.3000000000000324074, 35.34214618090872051 ) ) ;
#2059 = ORIENTED_EDGE ( 'NONE', *, *, #4870, .T. ) ;
#2060 = PLANE ( 'NONE',  #76 ) ;
#2061 = ORIENTED_EDGE ( 'NONE', *, *, #2774, .T. ) ;
#2062 = VECTOR ( 'NONE', #4569, 1000.000000000000000 ) ;
#2063 = ORIENTED_EDGE ( 'NONE', *, *, #4903, .F. ) ;
#2064 = DIRECTION ( 'NONE',  ( -7.228014483236701486E-16, 1.000000000000000000, 0.000000000000000000 ) ) ;
#2065 = CARTESIAN_POINT ( 'NONE',  ( -1.223638364525095446, 0.3000000000000249689, -37.41667131202145669 ) ) ;
#2066 = CARTESIAN_POINT ( 'NONE',  ( -1.252004619846397659, 0.3000000000000247469, 35.26995550764645060 ) ) ;
#2067 = EDGE_CURVE ( 'NONE', #5076, #4157, #1047, .T. ) ;
#2068 = CARTESIAN_POINT ( 'NONE',  ( -4.810820092996253905, 0.2999999999999999334, -38.98306009914769277 ) ) ;
#2069 = AXIS2_PLACEMENT_3D ( 'NONE', #1890, #6622, #4952 ) ;
#2070 = SURFACE_SIDE_STYLE ('',( #5678 ) ) ;
#2071 = VERTEX_POINT ( 'NONE', #5061 ) ;
#2072 = CARTESIAN_POINT ( 'NONE',  ( 4.289144946042564577, 0.3000000000000634381, 41.57695601319492340 ) ) ;
#2073 = CARTESIAN_POINT ( 'NONE',  ( 1.345263089074028695, 0.3000000000000428990, 44.53808678521050979 ) ) ;
#2074 = CARTESIAN_POINT ( 'NONE',  ( -1.256905729295115126, 0.3000000000000246914, -39.40298006866835578 ) ) ;
#2075 = CARTESIAN_POINT ( 'NONE',  ( -1.243603297660063722, 2.483418543948628488E-14, 42.22760884801066794 ) ) ;
#2076 = CARTESIAN_POINT ( 'NONE',  ( -8.000000000000007105, 1.399999999999990585, 0.000000000000000000 ) ) ;
#2077 = CARTESIAN_POINT ( 'NONE',  ( -0.8590984549520279678, 0.3000000000000275224, 28.98980975253051184 ) ) ;
#2078 = DIRECTION ( 'NONE',  ( 0.8346519609615571378, 5.828343492252208655E-15, 0.5507777265494921970 ) ) ;
#2079 = CARTESIAN_POINT ( 'NONE',  ( -0.3988799687781596215, 0.3000000000000306866, 43.79525637995268994 ) ) ;
#2080 = CARTESIAN_POINT ( 'NONE',  ( 1.949577699930638452, 0.3000000000000470624, 38.76302327062960273 ) ) ;
#2081 = EDGE_CURVE ( 'NONE', #416, #4677, #4560, .T. ) ;
#2082 = B_SPLINE_SURFACE_WITH_KNOTS ( 'NONE', 3, 1, ( 
 ( #5382, #4878 ),
 ( #2250, #780 ),
 ( #142, #1687 ),
 ( #2767, #4844 ),
 ( #6355, #4339 ),
 ( #1750, #3804 ),
 ( #6386, #5888 ),
 ( #1280, #3331 ),
 ( #270, #326 ),
 ( #2342, #2473 ),
 ( #1371, #3956 ),
 ( #357, #6011 ),
 ( #422, #1342 ),
 ( #6041, #1441 ),
 ( #5949, #4432 ) ),
 .UNSPECIFIED., .F., .F., .F.,
 ( 4, 1, 1, 1, 1, 1, 1, 1, 1, 1, 1, 1, 4 ),
 ( 2, 2 ),
 ( 0.000000000000000000, 0.06196885780174795494, 0.1275031183531113443, 0.1972591458298045275, 0.2761876151904314458, 0.3239992394032306655, 0.3830244142912403449, 0.4548749134693162444, 0.5388518610235155659, 0.6345563411628331041, 0.7436429989050329370, 0.8655896599986702133, 0.9999999999999998890 ),
 ( 0.000000000000000000, 1.000000000000000000 ),
 .UNSPECIFIED. ) ;
#2083 = VECTOR ( 'NONE', #2428, 1000.000000000000000 ) ;
#2084 = CARTESIAN_POINT ( 'NONE',  ( 4.387193061716431863, 0.3000000000000641043, 30.45758298263688246 ) ) ;
#2085 = AXIS2_PLACEMENT_3D ( 'NONE', #1924, #4926, #4452 ) ;
#2086 = VERTEX_POINT ( 'NONE', #4593 ) ;
#2087 = ORIENTED_EDGE ( 'NONE', *, *, #5512, .F. ) ;
#2088 = FACE_OUTER_BOUND ( 'NONE', #3044, .T. ) ;
#2089 = LINE ( 'NONE', #5154, #3587 ) ;
#2090 = LINE ( 'NONE', #3214, #4310 ) ;
#2091 = FACE_BOUND ( 'NONE', #3499, .T. ) ;
#2092 = DIRECTION ( 'NONE',  ( -1.000000000000000000, -7.506015040284266169E-16, 0.000000000000000000 ) ) ;
#2093 = CARTESIAN_POINT ( 'NONE',  ( -4.913472832573789972, 0.2999999999999991562, 30.27774315410190198 ) ) ;
#2094 = ORIENTED_EDGE ( 'NONE', *, *, #1850, .F. ) ;
#2095 = CARTESIAN_POINT ( 'NONE',  ( 0.7619418091243989055, 3.876022766635678352E-14, -32.90889445940651825 ) ) ;
#2096 = CARTESIAN_POINT ( 'NONE',  ( 4.020680469917261135, 6.152847328855237663E-14, 27.82786404599470131 ) ) ;
#2097 = ORIENTED_EDGE ( 'NONE', *, *, #6377, .F. ) ;
#2098 = ADVANCED_FACE ( 'NONE', ( #1999 ), #2506, .T. ) ;
#2099 = CARTESIAN_POINT ( 'NONE',  ( 0.000000000000000000, 5.000000000000000000, 62.00000000000000000 ) ) ;
#2100 = CARTESIAN_POINT ( 'NONE',  ( -0.6523417115022431823, 0.3000000000000289102, -37.11789957270765683 ) ) ;
#2101 = DIRECTION ( 'NONE',  ( -7.228014483236701486E-16, 1.000000000000000000, -0.000000000000000000 ) ) ;
#2102 = AXIS2_PLACEMENT_3D ( 'NONE', #2021, #4550, #5053 ) ;
#2103 = LINE ( 'NONE', #965, #3936 ) ;
#2104 = EDGE_CURVE ( 'NONE', #6517, #982, #63, .T. ) ;
#2105 = CARTESIAN_POINT ( 'NONE',  ( 0.9238103592362113536, 0.3000000000000399014, -32.47933221643800294 ) ) ;
#2106 = VERTEX_POINT ( 'NONE', #3050 ) ;
#2107 = ADVANCED_FACE ( 'NONE', ( #2032 ), #4092, .T. ) ;
#2108 = CARTESIAN_POINT ( 'NONE',  ( -8.000000000000007105, 1.399999999999990585, 32.75000000000000000 ) ) ;
#2109 = AXIS2_PLACEMENT_3D ( 'NONE', #3267, #4275, #6326 ) ;
#2110 = DIRECTION ( 'NONE',  ( -7.228014483236701486E-16, 1.000000000000000000, 0.000000000000000000 ) ) ;
#2111 = CARTESIAN_POINT ( 'NONE',  ( 3.692094548271878995, 5.929997928596556908E-14, 26.97495226025659676 ) ) ;
#2112 = CARTESIAN_POINT ( 'NONE',  ( -3.593694944307936456, 8.510987054011209807E-15, 33.97491668889989569 ) ) ;
#2113 = CARTESIAN_POINT ( 'NONE',  ( -1.836970198721029194E-16, 1.000000000000000000, -70.00000000000000000 ) ) ;
#2114 = DIRECTION ( 'NONE',  ( -0.000000000000000000, -0.000000000000000000, -1.000000000000000000 ) ) ;
#2115 = DIRECTION ( 'NONE',  ( -0.9456590491112031316, -6.603501845759818775E-15, 0.3251599034845704117 ) ) ;
#2116 = CARTESIAN_POINT ( 'NONE',  ( -5.400000000000012790, 5.999999999999992006, 3.184081677783115233E-16 ) ) ;
#2117 = CARTESIAN_POINT ( 'NONE',  ( -1.014962439699567343, 2.661716333451913385E-14, -29.16375738059755562 ) ) ;
#2118 = CARTESIAN_POINT ( 'NONE',  ( -2.224604435562166138, 0.3000000000000179745, -37.72889999988812804 ) ) ;
#2119 = AXIS2_PLACEMENT_3D ( 'NONE', #5739, #3335, #3182 ) ;
#2120 = CARTESIAN_POINT ( 'NONE',  ( 3.770744885338658925, 5.984795992119984476E-14, -35.57373301188151515 ) ) ;
#2121 = ORIENTED_EDGE ( 'NONE', *, *, #371, .F. ) ;
#2122 = ORIENTED_EDGE ( 'NONE', *, *, #2067, .T. ) ;
#2123 = VERTEX_POINT ( 'NONE', #201 ) ;
#2124 = CARTESIAN_POINT ( 'NONE',  ( -0.09917805123560193004, 0.3000000000000328515, 31.13812067098742631 ) ) ;
#2125 = CARTESIAN_POINT ( 'NONE',  ( 4.389964219678202717, 6.417317715528518204E-14, -32.02007688383069706 ) ) ;
#2126 = LINE ( 'NONE', #1663, #2363 ) ;
#2127 = LINE ( 'NONE', #4186, #4345 ) ;
#2128 = CARTESIAN_POINT ( 'NONE',  ( -4.888937248571799010, -4.336808689942017736E-16, -38.71132588223601800 ) ) ;
#2129 = CARTESIAN_POINT ( 'NONE',  ( 3.966754225818080570, 0.3000000000000611622, -29.16367338784596086 ) ) ;
#2130 = ORIENTED_EDGE ( 'NONE', *, *, #987, .F. ) ;
#2131 = CARTESIAN_POINT ( 'NONE',  ( 5.399999999999986144, 1.400000000000000799, 32.75000000000000000 ) ) ;
#2132 = CARTESIAN_POINT ( 'NONE',  ( 4.381446922212215433, 0.3000000000000641043, 29.79334593484650995 ) ) ;
#2133 = ORIENTED_EDGE ( 'NONE', *, *, #655, .F. ) ;
#2134 = ORIENTED_EDGE ( 'NONE', *, *, #4836, .T. ) ;
#2135 = DIRECTION ( 'NONE',  ( 0.000000000000000000, -1.000000000000000000, 0.000000000000000000 ) ) ;
#2136 = CARTESIAN_POINT ( 'NONE',  ( -1.993320406807811640, 1.959893884748483369E-14, -35.68720584445528488 ) ) ;
#2137 = CARTESIAN_POINT ( 'NONE',  ( 1.607669014400890051, 0.3000000000000446754, -31.48871103922525094 ) ) ;
#2138 = CARTESIAN_POINT ( 'NONE',  ( -1.300000000000000044, 5.000000000000000000, 62.00000000000000000 ) ) ;
#2139 = CARTESIAN_POINT ( 'NONE',  ( -2.554248584258040022, 0.3000000000000156430, 42.19685758259501540 ) ) ;
#2140 = CARTESIAN_POINT ( 'NONE',  ( -1.300000000000000044, 5.000000000000000000, -70.00000000000000000 ) ) ;
#2141 = ORIENTED_EDGE ( 'NONE', *, *, #6053, .F. ) ;
#2142 = B_SPLINE_SURFACE_WITH_KNOTS ( 'NONE', 3, 1, ( 
 ( #5213, #106 ),
 ( #2186, #6218 ),
 ( #2219, #1647 ),
 ( #6254, #6292 ),
 ( #2729, #4274 ),
 ( #5318, #3129 ),
 ( #1716, #1609 ),
 ( #3236, #5251 ),
 ( #5824, #1685 ),
 ( #715, #684 ),
 ( #1220, #3265 ),
 ( #5286, #2765 ),
 ( #5177, #4670 ),
 ( #573, #3706 ),
 ( #5760, #3666 ),
 ( #5721, #4208 ),
 ( #1122, #3165 ),
 ( #2659, #1159 ),
 ( #3203, #6384 ) ),
 .UNSPECIFIED., .F., .F., .F.,
 ( 4, 1, 1, 1, 1, 1, 1, 1, 1, 1, 1, 1, 1, 1, 1, 1, 4 ),
 ( 2, 2 ),
 ( 0.000000000000000000, 0.04914105492828010902, 0.09958900461974840024, 0.1515461205188597948, 0.2046494872029794576, 0.2599294866108421420, 0.3165505713294211043, 0.3755747410008625775, 0.4361021293892529127, 0.4988525104159727275, 0.5636044994543012443, 0.6307387496190079990, 0.6996255306185906742, 0.7713753919442165596, 0.8449693243781767338, 0.9215246343455834044, 1.000000000000000000 ),
 ( 0.000000000000000000, 1.000000000000000000 ),
 .UNSPECIFIED. ) ;
#2143 = ADVANCED_FACE ( 'NONE', ( #676 ), #132, .F. ) ;
#2144 = CARTESIAN_POINT ( 'NONE',  ( 3.966754225818094337, 0.3000000000000611622, 42.77810246393357119 ) ) ;
#2145 = CARTESIAN_POINT ( 'NONE',  ( -3.532939553499323981, 8.782037597132585915E-15, -36.93690210253235762 ) ) ;
#2146 = ADVANCED_FACE ( 'NONE', ( #5203 ), #4295, .T. ) ;
#2147 = CARTESIAN_POINT ( 'NONE',  ( -2.034352965228320986, 0.3000000000000192513, -38.92866981464683818 ) ) ;
#2148 = CARTESIAN_POINT ( 'NONE',  ( -3.254810673109344243, 0.3000000000000107581, 34.29693220242237572 ) ) ;
#2149 = CARTESIAN_POINT ( 'NONE',  ( -0.3988799687781596215, 3.073285691803951851E-14, 43.79525637995268994 ) ) ;
#2150 = AXIS2_PLACEMENT_3D ( 'NONE', #4306, #3772, #717 ) ;
#2151 = LINE ( 'NONE', #4744, #4938 ) ;
#2152 = LINE ( 'NONE', #1610, #1001 ) ;
#2153 = CARTESIAN_POINT ( 'NONE',  ( 4.277826605902767199, 6.339012438352648739E-14, -0.8510462443033864899 ) ) ;
#2154 = DIRECTION ( 'NONE',  ( 0.000000000000000000, 0.000000000000000000, -1.000000000000000000 ) ) ;
#2155 = VECTOR ( 'NONE', #3158, 1000.000000000000000 ) ;
#2156 = VECTOR ( 'NONE', #2635, 1000.000000000000000 ) ;
#2157 = CARTESIAN_POINT ( 'NONE',  ( 0.3640793263378176992, 3.606057320042832383E-14, -40.14836932096963551 ) ) ;
#2158 = EDGE_CURVE ( 'NONE', #844, #5962, #1676, .T. ) ;
#2159 = ORIENTED_EDGE ( 'NONE', *, *, #36, .F. ) ;
#2160 = VERTEX_POINT ( 'NONE', #4733 ) ;
#2161 = ORIENTED_EDGE ( 'NONE', *, *, #4675, .F. ) ;
#2162 = CARTESIAN_POINT ( 'NONE',  ( 4.308126567036875798, 6.360170788126134778E-14, -33.31671687617679112 ) ) ;
#2163 = CARTESIAN_POINT ( 'NONE',  ( 0.8470464335547378543, 0.3000000000000394018, -34.56843463579813402 ) ) ;
#2164 = DIRECTION ( 'NONE',  ( -5.782411586589357639E-16, 1.000000000000000000, -0.000000000000000000 ) ) ;
#2165 = DIRECTION ( 'NONE',  ( 1.000000000000000000, 0.000000000000000000, -3.821891629542292715E-16 ) ) ;
#2166 = EDGE_CURVE ( 'NONE', #4819, #5160, #5310, .T. ) ;
#2167 = ORIENTED_EDGE ( 'NONE', *, *, #2515, .F. ) ;
#2168 = DIRECTION ( 'NONE',  ( 0.000000000000000000, 0.000000000000000000, 1.000000000000000000 ) ) ;
#2169 = CARTESIAN_POINT ( 'NONE',  ( -2.644016181098091334, 0.3000000000000150324, 41.58602012528314873 ) ) ;
#2170 = ORIENTED_EDGE ( 'NONE', *, *, #4212, .F. ) ;
#2171 = ORIENTED_EDGE ( 'NONE', *, *, #6588, .F. ) ;
#2172 = DIRECTION ( 'NONE',  ( 0.000000000000000000, 0.000000000000000000, -1.000000000000000000 ) ) ;
#2173 = CARTESIAN_POINT ( 'NONE',  ( 3.820618509800882023, 0.3000000000000601630, 36.51179342226841840 ) ) ;
#2174 = CARTESIAN_POINT ( 'NONE',  ( 0.9238103592362292282, 0.3000000000000399014, 39.46244363534153621 ) ) ;
#2175 = CARTESIAN_POINT ( 'NONE',  ( 4.006730897989002393, 6.149707317308378807E-14, -37.25680017051148241 ) ) ;
#2176 = CARTESIAN_POINT ( 'NONE',  ( 0.000000000000000000, 0.000000000000000000, -70.00000000000000000 ) ) ;
#2177 = B_SPLINE_CURVE_WITH_KNOTS ( 'NONE', 3,
 ( #855, #2907, #346, #2392, #886, #1799, #2938, #2429, #4481, #6526, #797 ),
 .UNSPECIFIED., .F., .F.,
 ( 4, 1, 1, 1, 1, 1, 1, 1, 4 ),
 ( 0.000000000000000000, 0.1218183014932369135, 0.2408785163777859006, 0.3589874486842192791, 0.4813365685237687153, 0.6056821337981689313, 0.7316386588117744783, 0.8622060521039196512, 0.9999999999999998890 ),
 .UNSPECIFIED. ) ;
#2178 = CARTESIAN_POINT ( 'NONE',  ( 4.289144946042552142, 6.346915993029599135E-14, -30.36481983858459799 ) ) ;
#2179 = ORIENTED_EDGE ( 'NONE', *, *, #206, .F. ) ;
#2180 = CARTESIAN_POINT ( 'NONE',  ( 4.099576544528212629, 0.3000000000000621059, 42.41143085068945595 ) ) ;
#2181 = LINE ( 'NONE', #6349, #2190 ) ;
#2182 = CARTESIAN_POINT ( 'NONE',  ( 3.631842243055935171, 0.3000000000000588307, -28.52952889753009558 ) ) ;
#2183 = CARTESIAN_POINT ( 'NONE',  ( -1.252004619846397659, 2.488243985854232676E-14, 35.26995550764645060 ) ) ;
#2184 = CARTESIAN_POINT ( 'NONE',  ( 10.59999999999998010, 1.400000000000004796, -32.75000000000000000 ) ) ;
#2185 = ADVANCED_FACE ( 'NONE', ( #1150 ), #5206, .T. ) ;
#2186 = CARTESIAN_POINT ( 'NONE',  ( 1.952201628694225199, 0.3000000000000471179, -40.45133864738155438 ) ) ;
#2187 = CARTESIAN_POINT ( 'NONE',  ( 0.8470464335547535084, 0.3000000000000394018, 37.37334121598138381 ) ) ;
#2188 = CARTESIAN_POINT ( 'NONE',  ( 2.026100084516718525, 0.3000000000000476175, -40.45306481255424558 ) ) ;
#2189 = EDGE_CURVE ( 'NONE', #4587, #5390, #4265, .T. ) ;
#2190 = VECTOR ( 'NONE', #5247, 1000.000000000000000 ) ;
#2191 = CARTESIAN_POINT ( 'NONE',  ( -2.034352965228320986, 1.931241002346444692E-14, -38.92866981464683818 ) ) ;
#2192 = ORIENTED_EDGE ( 'NONE', *, *, #689, .T. ) ;
#2193 = ORIENTED_EDGE ( 'NONE', *, *, #4900, .F. ) ;
#2194 = ORIENTED_EDGE ( 'NONE', *, *, #3983, .F. ) ;
#2195 = ADVANCED_FACE ( 'NONE', ( #5844 ), #3172, .T. ) ;
#2196 = FACE_BOUND ( 'NONE', #4736, .T. ) ;
#2197 = VECTOR ( 'NONE', #624, 1000.000000000000000 ) ;
#2198 = DIRECTION ( 'NONE',  ( 8.493092510093982387E-16, 0.000000000000000000, 1.000000000000000000 ) ) ;
#2199 = CARTESIAN_POINT ( 'NONE',  ( 1.065486096489355772, 4.095847049827289696E-14, 39.80651111403571463 ) ) ;
#2200 = CARTESIAN_POINT ( 'NONE',  ( -4.913472832573800630, 0.2999999999999991562, -31.27063043912250961 ) ) ;
#2201 = VERTEX_POINT ( 'NONE', #1365 ) ;
#2202 = CARTESIAN_POINT ( 'NONE',  ( 0.8433027952743146205, 3.935653886122381095E-14, -32.68593253902218976 ) ) ;
#2203 = CYLINDRICAL_SURFACE ( 'NONE', #3435, 2.599999999999996536 ) ;
#2204 = VERTEX_POINT ( 'NONE', #3888 ) ;
#2205 = VECTOR ( 'NONE', #3441, 1000.000000000000000 ) ;
#2206 = ORIENTED_EDGE ( 'NONE', *, *, #2818, .T. ) ;
#2207 = LINE ( 'NONE', #1111, #4346 ) ;
#2208 = CARTESIAN_POINT ( 'NONE',  ( 11.00000000000000000, 1.000000000000001998, -69.00000000000000000 ) ) ;
#2209 = CARTESIAN_POINT ( 'NONE',  ( 4.389349922734766984, 6.416888754265615241E-14, -38.35487649410439559 ) ) ;
#2210 = DIRECTION ( 'NONE',  ( -0.4442247180392538408, 0.000000000000000000, 0.8959153977262280799 ) ) ;
#2211 = CARTESIAN_POINT ( 'NONE',  ( 4.348997765079651856, 6.388710993178639851E-14, -30.83130729913256829 ) ) ;
#2212 = VERTEX_POINT ( 'NONE', #1896 ) ;
#2213 = CARTESIAN_POINT ( 'NONE',  ( 4.391299438476560901, 0.3000000000000641598, 40.08782413270738232 ) ) ;
#2214 = CARTESIAN_POINT ( 'NONE',  ( -4.276383275428620401, 3.577867169202164632E-15, -37.17973238414391091 ) ) ;
#2215 = CARTESIAN_POINT ( 'NONE',  ( -1.993320406807801204, 1.959893884748484316E-14, 9.361508687337231294 ) ) ;
#2216 = DIRECTION ( 'NONE',  ( -0.9516151461907619291, 0.000000000000000000, -0.3072923909574312717 ) ) ;
#2217 = AXIS2_PLACEMENT_3D ( 'NONE', #4897, #4956, #6001 ) ;
#2218 = B_SPLINE_CURVE_WITH_KNOTS ( 'NONE', 3,
 ( #5712, #2571, #529, #1997, #6208, #4160, #5597, #5675, #1498, #4126, #6634, #5093, #1078, #3118, #6601, #2066, #1597, #3549, #4196 ),
 .UNSPECIFIED., .F., .F.,
 ( 4, 1, 1, 1, 1, 1, 1, 1, 1, 1, 1, 1, 1, 1, 1, 1, 4 ),
 ( 0.000000000000000000, 0.07379307064957585371, 0.1440714864144684026, 0.2113032929740326915, 0.2763110071120011835, 0.3394184354501711964, 0.4013881609336378276, 0.4630115693914689246, 0.5247925960214754326, 0.5859472660693472168, 0.6455944206962886955, 0.7038387163496403476, 0.7614242272367496289, 0.8194092248833625414, 0.8779974660948737242, 0.9379863130412948724, 1.000000000000000000 ),
 .UNSPECIFIED. ) ;
#2219 = CARTESIAN_POINT ( 'NONE',  ( 1.802439405049667709, 0.3000000000000460632, -40.44784041008060882 ) ) ;
#2220 = PLANE ( 'NONE',  #2109 ) ;
#2221 = CARTESIAN_POINT ( 'NONE',  ( -1.678179693311551146, 2.179955468804852747E-14, 41.23800025551602033 ) ) ;
#2222 = AXIS2_PLACEMENT_3D ( 'NONE', #3634, #575, #6614 ) ;
#2223 = CARTESIAN_POINT ( 'NONE',  ( -2.567543320934277951, 0.3000000000000155875, 41.20572721383327774 ) ) ;
#2224 = ORIENTED_EDGE ( 'NONE', *, *, #2229, .F. ) ;
#2225 = VERTEX_POINT ( 'NONE', #2850 ) ;
#2226 = EDGE_LOOP ( 'NONE', ( #5486, #100, #1619, #4344 ) ) ;
#2227 = PRODUCT_DEFINITION ( 'General', '', #3806, #6636 ) ;
#2228 = ADVANCED_FACE ( 'NONE', ( #831 ), #6286, .T. ) ;
#2229 = EDGE_CURVE ( 'NONE', #3174, #4390, #350, .T. ) ;
#2230 = DIRECTION ( 'NONE',  ( -1.000000000000000000, -6.982962677686266711E-15, 3.474446935947538742E-16 ) ) ;
#2231 = CARTESIAN_POINT ( 'NONE',  ( -3.484424347347701012, 9.324138683375338132E-15, -39.88570064968532591 ) ) ;
#2232 = EDGE_LOOP ( 'NONE', ( #5430, #2059 ) ) ;
#2233 = PLANE ( 'NONE',  #2534 ) ;
#2234 = CARTESIAN_POINT ( 'NONE',  ( -0.6523417115022431823, 2.896294302837602479E-14, -37.11789957270765683 ) ) ;
#2235 = ORIENTED_EDGE ( 'NONE', *, *, #2623, .F. ) ;
#2236 = ORIENTED_EDGE ( 'NONE', *, *, #3968, .F. ) ;
#2237 = CARTESIAN_POINT ( 'NONE',  ( -4.905891476798524664, -7.394362303690785629E-16, -31.78705902630820646 ) ) ;
#2238 = CARTESIAN_POINT ( 'NONE',  ( 4.277826605902770751, 0.3000000000000633271, 13.44653065999347952 ) ) ;
#2239 = PLANE ( 'NONE',  #1786 ) ;
#2240 = EDGE_CURVE ( 'NONE', #6021, #2822, #3496, .T. ) ;
#2241 = DIRECTION ( 'NONE',  ( -0.000000000000000000, 0.000000000000000000, 1.000000000000000000 ) ) ;
#2242 = ORIENTED_EDGE ( 'NONE', *, *, #1779, .T. ) ;
#2243 = CARTESIAN_POINT ( 'NONE',  ( 1.805833333651780670, 4.613280243925821367E-14, 38.46432707534176387 ) ) ;
#2244 = CARTESIAN_POINT ( 'NONE',  ( -4.857574222574011280, 0.2999999999999996003, -37.98828449111759653 ) ) ;
#2245 = CARTESIAN_POINT ( 'NONE',  ( -4.870920520358623662, -4.952353467463072894E-16, 7.462611754735306135 ) ) ;
#2246 = CARTESIAN_POINT ( 'NONE',  ( -4.590967099326075385, 1.572093150103981429E-15, 32.35909018311651408 ) ) ;
#2247 = CARTESIAN_POINT ( 'NONE',  ( -2.120720222317630022, 1.870931069063564772E-14, -31.03211546780569563 ) ) ;
#2248 = CARTESIAN_POINT ( 'NONE',  ( -4.593315915933875004, 1.443267245105626488E-15, -37.48412202652922787 ) ) ;
#2249 = DIRECTION ( 'NONE',  ( -7.228014483236701486E-16, 1.000000000000000000, -0.000000000000000000 ) ) ;
#2250 = CARTESIAN_POINT ( 'NONE',  ( -2.120720222317615811, 0.3000000000000186962, 40.90966038397381510 ) ) ;
#2251 = CARTESIAN_POINT ( 'NONE',  ( 4.241265047817292633, 0.3000000000000631051, -33.78725814992239407 ) ) ;
#2252 = CARTESIAN_POINT ( 'NONE',  ( 2.374276282111442260, 0.3000000000000500600, -27.55277086789415364 ) ) ;
#2253 = PRODUCT_CONTEXT ( 'NONE', #1526, 'mechanical' ) ;
#2254 = ORIENTED_EDGE ( 'NONE', *, *, #3271, .T. ) ;
#2255 = B_SPLINE_CURVE_WITH_KNOTS ( 'NONE', 3,
 ( #4917, #6076, #1968, #4026, #1472, #3876, #6427, #818, #3588, #5642, #3521, #2001, #1822, #3371, #306, #5066, #2349, #4059, #3905 ),
 .UNSPECIFIED., .F., .F.,
 ( 4, 1, 1, 1, 1, 1, 1, 1, 1, 1, 1, 1, 1, 1, 1, 1, 4 ),
 ( 0.000000000000000000, 0.06124811215327040370, 0.1200811647594940829, 0.1780711754646549516, 0.2350576978971776199, 0.2929916676813237308, 0.3512499244131481735, 0.4112983210755264407, 0.4736835373780666214, 0.5365004617051540858, 0.5995651040791653008, 0.6624874277381799237, 0.7259136398564370873, 0.7912450390378125142, 0.8583269767119900973, 0.9275686342340818680, 0.9999999999999998890 ),
 .UNSPECIFIED. ) ;
#2256 = VECTOR ( 'NONE', #4758, 1000.000000000000000 ) ;
#2257 = ORIENTED_EDGE ( 'NONE', *, *, #3302, .F. ) ;
#2258 = ORIENTED_EDGE ( 'NONE', *, *, #2806, .F. ) ;
#2259 = CARTESIAN_POINT ( 'NONE',  ( 1.438918895087055283, 4.356613779350455594E-14, 40.39598703231369115 ) ) ;
#2260 = CARTESIAN_POINT ( 'NONE',  ( -4.500749147646372350, 0.3000000000000020983, -33.93539883271584046 ) ) ;
#2261 = ORIENTED_EDGE ( 'NONE', *, *, #2733, .F. ) ;
#2262 = DIRECTION ( 'NONE',  ( 0.000000000000000000, 0.000000000000000000, 1.000000000000000000 ) ) ;
#2263 = SPHERICAL_SURFACE ( 'NONE', #4618, 1.000000000000000000 ) ;
#2264 = ORIENTED_EDGE ( 'NONE', *, *, #4290, .T. ) ;
#2265 = VERTEX_POINT ( 'NONE', #6468 ) ;
#2266 = CARTESIAN_POINT ( 'NONE',  ( 1.549969286057848228, 4.434159852899607471E-14, 34.99753169815421927 ) ) ;
#2267 = EDGE_CURVE ( 'NONE', #787, #5802, #3689, .T. ) ;
#2268 = DIRECTION ( 'NONE',  ( -0.000000000000000000, 0.000000000000000000, 1.000000000000000000 ) ) ;
#2269 = DIRECTION ( 'NONE',  ( 1.000000000000000000, 0.000000000000000000, 0.000000000000000000 ) ) ;
#2270 = CARTESIAN_POINT ( 'NONE',  ( -0.7697009190416097546, 2.818925648462311528E-14, 30.79184494536619709 ) ) ;
#2271 = CARTESIAN_POINT ( 'NONE',  ( -4.404532197742375921, 0.3000000000000027645, 44.42383517180876851 ) ) ;
#2272 = ORIENTED_EDGE ( 'NONE', *, *, #1022, .F. ) ;
#2273 = CARTESIAN_POINT ( 'NONE',  ( 1.805833333651780670, 0.3000000000000461187, 38.46432707534176387 ) ) ;
#2274 = EDGE_CURVE ( 'NONE', #4648, #3811, #1281, .T. ) ;
#2275 = CARTESIAN_POINT ( 'NONE',  ( -4.913472832573801519, 0.2999999999999991562, -38.41941889127095067 ) ) ;
#2276 = CARTESIAN_POINT ( 'NONE',  ( 4.391299438476544026, 0.3000000000000641598, -31.85395171907212131 ) ) ;
#2277 = CARTESIAN_POINT ( 'NONE',  ( -4.912038222923762909, -7.823587291508245533E-16, -38.46913294361366553 ) ) ;
#2278 = DIRECTION ( 'NONE',  ( -0.000000000000000000, 0.000000000000000000, -1.000000000000000000 ) ) ;
#2279 = DIRECTION ( 'NONE',  ( -1.000000000000000000, -7.228014483236701486E-16, 0.000000000000000000 ) ) ;
#2280 = DIRECTION ( 'NONE',  ( 0.000000000000000000, 0.000000000000000000, -1.000000000000000000 ) ) ;
#2281 = CARTESIAN_POINT ( 'NONE',  ( 2.948643856937713359, 0.3000000000000540568, -27.83750895530594960 ) ) ;
#2282 = EDGE_CURVE ( 'NONE', #5128, #3678, #991, .T. ) ;
#2283 = VERTEX_POINT ( 'NONE', #4657 ) ;
#2284 = VECTOR ( 'NONE', #4146, 1000.000000000000000 ) ;
#2285 = ORIENTED_EDGE ( 'NONE', *, *, #4505, .F. ) ;
#2286 = ORIENTED_EDGE ( 'NONE', *, *, #3239, .F. ) ;
#2287 = EDGE_CURVE ( 'NONE', #6309, #1075, #2961, .T. ) ;
#2288 = CARTESIAN_POINT ( 'NONE',  ( 1.580610470578370785, 0.3000000000000445088, 40.44997971221176414 ) ) ;
#2289 = CARTESIAN_POINT ( 'NONE',  ( 1.191010957294032391, 0.3000000000000418443, 8.453726026746954503 ) ) ;
#2290 = CARTESIAN_POINT ( 'NONE',  ( 0.4794085458955682499, 0.3000000000000368483, -33.63233123264360103 ) ) ;
#2291 = ORIENTED_EDGE ( 'NONE', *, *, #2240, .T. ) ;
#2292 = CARTESIAN_POINT ( 'NONE',  ( -11.00000000000000000, 0.9999999999999981126, -69.00000000000000000 ) ) ;
#2293 = DIRECTION ( 'NONE',  ( -8.493092510093978443E-16, -3.017352593592895873E-30, -1.000000000000000000 ) ) ;
#2294 = ORIENTED_EDGE ( 'NONE', *, *, #725, .F. ) ;
#2295 = ORIENTED_EDGE ( 'NONE', *, *, #6564, .F. ) ;
#2296 = VECTOR ( 'NONE', #6611, 1000.000000000000000 ) ;
#2297 = EDGE_CURVE ( 'NONE', #4795, #477, #957, .T. ) ;
#2298 = LINE ( 'NONE', #4985, #5518 ) ;
#2299 = B_SPLINE_CURVE_WITH_KNOTS ( 'NONE', 3,
 ( #1517, #3142, #5259, #6265, #5223, #5153, #5187, #4074, #3569, #3606, #3106 ),
 .UNSPECIFIED., .F., .F.,
 ( 4, 1, 1, 1, 1, 1, 1, 1, 4 ),
 ( 0.000000000000000000, 0.1399081321011402257, 0.2754465983760372438, 0.4059530101806412827, 0.5325528392344748285, 0.6545613760729642738, 0.7732163166311398772, 0.8882214211495604861, 1.000000000000000000 ),
 .UNSPECIFIED. ) ;
#2300 = CARTESIAN_POINT ( 'NONE',  ( 0.7619418091244145597, 0.3000000000000387912, 39.03288139237298537 ) ) ;
#2301 = LINE ( 'NONE', #315, #1435 ) ;
#2302 = CARTESIAN_POINT ( 'NONE',  ( -2.068540174841027479, 0.3000000000000190292, -28.81310219173240839 ) ) ;
#2303 = CARTESIAN_POINT ( 'NONE',  ( -2.644016181098091334, 0.3000000000000150324, 41.58602012528314873 ) ) ;
#2304 = CARTESIAN_POINT ( 'NONE',  ( -0.7529470325853993007, 2.826041982607562786E-14, 28.62781294036259894 ) ) ;
#2305 = EDGE_CURVE ( 'NONE', #5457, #2675, #924, .T. ) ;
#2306 = ORIENTED_EDGE ( 'NONE', *, *, #1136, .T. ) ;
#2307 = CARTESIAN_POINT ( 'NONE',  ( 0.9486119494961858800, 4.011548038196366406E-14, 37.45837019234615894 ) ) ;
#2308 = LINE ( 'NONE', #2369, #2837 ) ;
#2309 = CARTESIAN_POINT ( 'NONE',  ( 4.289144946042552142, 0.3000000000000634381, -30.36481983858459799 ) ) ;
#2310 = CARTESIAN_POINT ( 'NONE',  ( 11.00000000000000000, 1.000000000000001998, 69.00000000000000000 ) ) ;
#2311 = ADVANCED_FACE ( 'NONE', ( #1992 ), #2060, .T. ) ;
#2312 = CARTESIAN_POINT ( 'NONE',  ( -4.404532197742388355, 2.764715539838036307E-15, -27.51794067997075999 ) ) ;
#2313 = CARTESIAN_POINT ( 'NONE',  ( -8.000000000000010658, 5.999999999999990230, -32.75000000000000000 ) ) ;
#2314 = PLANE ( 'NONE',  #4078 ) ;
#2315 = ADVANCED_FACE ( 'NONE', ( #51 ), #5055, .F. ) ;
#2316 = CARTESIAN_POINT ( 'NONE',  ( 4.391299438476560901, 3.957337929572091184E-15, 40.08782413270738232 ) ) ;
#2317 = DIRECTION ( 'NONE',  ( 0.000000000000000000, -1.000000000000000000, 0.000000000000000000 ) ) ;
#2318 = CARTESIAN_POINT ( 'NONE',  ( -2.120720222317630022, 1.875669758399922671E-14, -31.03211546780569563 ) ) ;
#2319 = LINE ( 'NONE', #4378, #4810 ) ;
#2320 = ORIENTED_EDGE ( 'NONE', *, *, #3494, .T. ) ;
#2321 = VECTOR ( 'NONE', #5159, 1000.000000000000000 ) ;
#2322 = CARTESIAN_POINT ( 'NONE',  ( -2.644016181098105545, 0.3000000000000150324, -30.35575572649636555 ) ) ;
#2323 = CARTESIAN_POINT ( 'NONE',  ( -4.811406417464779928, 0.2999999999999999334, -37.85435056928057662 ) ) ;
#2324 = DIRECTION ( 'NONE',  ( -7.228014483236701486E-16, 1.000000000000000000, 0.000000000000000000 ) ) ;
#2325 = CARTESIAN_POINT ( 'NONE',  ( 1.125950384185440578, 4.138069036258761981E-14, -31.99731086207295405 ) ) ;
#2326 = CARTESIAN_POINT ( 'NONE',  ( 0.000000000000000000, 0.000000000000000000, -62.00000000000000000 ) ) ;
#2327 = VECTOR ( 'NONE', #3629, 1000.000000000000000 ) ;
#2328 = ORIENTED_EDGE ( 'NONE', *, *, #2477, .T. ) ;
#2329 = CARTESIAN_POINT ( 'NONE',  ( -2.108796936361810648, 1.879257055146042204E-14, 36.25773005552411377 ) ) ;
#2330 = DIRECTION ( 'NONE',  ( -0.000000000000000000, -0.000000000000000000, 1.000000000000000000 ) ) ;
#2331 = ORIENTED_EDGE ( 'NONE', *, *, #3671, .T. ) ;
#2332 = ORIENTED_EDGE ( 'NONE', *, *, #641, .T. ) ;
#2333 = CIRCLE ( 'NONE', #6514, 1.000000000000000888 ) ;
#2334 = CARTESIAN_POINT ( 'NONE',  ( -1.357195341873279837, 2.404097643426340534E-14, -35.62395168203714491 ) ) ;
#2335 = CARTESIAN_POINT ( 'NONE',  ( -2.349107858101697310, 0.3000000000000170863, -37.52503203012601318 ) ) ;
#2336 = B_SPLINE_CURVE_WITH_KNOTS ( 'NONE', 3,
 ( #1209, #129, #2646, #6340, #635, #2681, #2784, #3757, #4731, #2173, #6371 ),
 .UNSPECIFIED., .F., .F.,
 ( 4, 1, 1, 1, 1, 1, 1, 1, 4 ),
 ( 0.000000000000000000, 0.1314695072733020609, 0.2603570407267062903, 0.3872900060521315968, 0.5125221014239876860, 0.6363758010241361562, 0.7584642406616968202, 0.8795863584309627781, 1.000000000000000000 ),
 .UNSPECIFIED. ) ;
#2337 = VERTEX_POINT ( 'NONE', #5088 ) ;
#2338 = CARTESIAN_POINT ( 'NONE',  ( 1.145745687299125182, 4.151892022542397226E-14, -34.31836854248498270 ) ) ;
#2339 = CARTESIAN_POINT ( 'NONE',  ( -2.663546523079796113, 0.3000000000000148659, -39.62047268937080702 ) ) ;
#2340 = CARTESIAN_POINT ( 'NONE',  ( 5.399999999999982592, 6.000000000000000888, 65.50000000000000000 ) ) ;
#2341 = CARTESIAN_POINT ( 'NONE',  ( 5.399999999999986144, 1.400000000000000799, -65.50000000000000000 ) ) ;
#2342 = CARTESIAN_POINT ( 'NONE',  ( -1.566747100734717124, 0.3000000000000225264, 41.45311379135451801 ) ) ;
#2343 = EDGE_CURVE ( 'NONE', #557, #6483, #4818, .T. ) ;
#2344 = ADVANCED_FACE ( 'NONE', ( #6065 ), #112, .T. ) ;
#2345 = CARTESIAN_POINT ( 'NONE',  ( -4.800000000000006040, 0.2999999999999999889, 13.44653065999348307 ) ) ;
#2346 = CARTESIAN_POINT ( 'NONE',  ( -1.501678036839907193, 0.3000000000000230260, -30.35351012476326105 ) ) ;
#2347 = CARTESIAN_POINT ( 'NONE',  ( 2.051082824931337978, 4.797594613248357120E-14, -27.46833411347247633 ) ) ;
#2348 = EDGE_LOOP ( 'NONE', ( #2965, #6359, #1882, #5836 ) ) ;
#2349 = CARTESIAN_POINT ( 'NONE',  ( 2.274371339497623712, 0.3000000000000493383, -40.44816733140757492 ) ) ;
#2350 = ADVANCED_FACE ( 'NONE', ( #6272 ), #5196, .T. ) ;
#2351 = DIRECTION ( 'NONE',  ( -1.000000000000000000, -7.506015040284271099E-16, 0.000000000000000000 ) ) ;
#2352 = CARTESIAN_POINT ( 'NONE',  ( 0.7619418091243989055, 3.883883206857861670E-14, -32.90889445940651825 ) ) ;
#2353 = CARTESIAN_POINT ( 'NONE',  ( 2.355129913565425337, 0.3000000000000499489, 34.54727145396964261 ) ) ;
#2354 = ORIENTED_EDGE ( 'NONE', *, *, #5465, .F. ) ;
#2355 = VECTOR ( 'NONE', #2587, 1000.000000000000000 ) ;
#2356 = CARTESIAN_POINT ( 'NONE',  ( -4.872930816273071564, -5.092731680880368492E-16, 39.65920111904510037 ) ) ;
#2357 = ORIENTED_EDGE ( 'NONE', *, *, #349, .T. ) ;
#2358 = ORIENTED_EDGE ( 'NONE', *, *, #4407, .T. ) ;
#2359 = VECTOR ( 'NONE', #3451, 1000.000000000000000 ) ;
#2360 = ADVANCED_FACE ( 'NONE', ( #90 ), #6202, .T. ) ;
#2361 = CARTESIAN_POINT ( 'NONE',  ( 2.721719507722989650, 5.252388659445437157E-14, 34.25245672271323372 ) ) ;
#2362 = DIRECTION ( 'NONE',  ( -1.000000000000000000, -6.982962677686267499E-15, 8.493092510093987318E-16 ) ) ;
#2363 = VECTOR ( 'NONE', #623, 1000.000000000000000 ) ;
#2364 = LINE ( 'NONE', #5972, #3399 ) ;
#2365 = CARTESIAN_POINT ( 'NONE',  ( -2.133388434516076071, 1.864827736675067626E-14, -37.95666249593098485 ) ) ;
#2366 = EDGE_CURVE ( 'NONE', #2086, #6517, #5264, .T. ) ;
#2367 = VERTEX_POINT ( 'NONE', #594 ) ;
#2368 = EDGE_CURVE ( 'NONE', #2204, #3159, #1592, .T. ) ;
#2369 = CARTESIAN_POINT ( 'NONE',  ( -3.438326009114588189, 0.3000000000000094813, 22.01904855834112595 ) ) ;
#2370 = CARTESIAN_POINT ( 'NONE',  ( -4.733827212008969276, 0.3000000000000004885, -33.17447239858307739 ) ) ;
#2371 = CARTESIAN_POINT ( 'NONE',  ( -4.907765321341845954, 0.2999999999999992117, -30.67744463318730297 ) ) ;
#2372 = FACE_OUTER_BOUND ( 'NONE', #524, .T. ) ;
#2373 = CARTESIAN_POINT ( 'NONE',  ( -1.014962439699554020, 0.3000000000000264122, 42.77801847118195866 ) ) ;
#2374 = CARTESIAN_POINT ( 'NONE',  ( 3.170719631900544844, 5.572799166575492791E-14, -40.23168465629319002 ) ) ;
#2375 = CARTESIAN_POINT ( 'NONE',  ( -0.9010406640893670049, 0.3000000000000271894, 30.36312000381684939 ) ) ;
#2376 = DIRECTION ( 'NONE',  ( 0.000000000000000000, -1.000000000000000000, 0.000000000000000000 ) ) ;
#2377 = CARTESIAN_POINT ( 'NONE',  ( 0.2092224859696323325, 3.491130995403324278E-14, -34.22204447323965582 ) ) ;
#2378 = ORIENTED_EDGE ( 'NONE', *, *, #2240, .F. ) ;
#2379 = AXIS2_PLACEMENT_3D ( 'NONE', #2896, #3970, #4506 ) ;
#2380 = EDGE_CURVE ( 'NONE', #5479, #3909, #3217, .T. ) ;
#2381 = DIRECTION ( 'NONE',  ( -7.228014483236701486E-16, 1.000000000000000000, -0.000000000000000000 ) ) ;
#2382 = CARTESIAN_POINT ( 'NONE',  ( 1.580610470578357685, 4.455556477690299055E-14, -31.49179613956775015 ) ) ;
#2383 = CARTESIAN_POINT ( 'NONE',  ( 0.9753325377482766623, 0.3000000000000402900, -27.42533679308770189 ) ) ;
#2384 = EDGE_LOOP ( 'NONE', ( #1357, #3762, #5300, #1758 ) ) ;
#2385 = AXIS2_PLACEMENT_3D ( 'NONE', #6255, #3707, #5761 ) ;
#2386 = DIRECTION ( 'NONE',  ( 0.8306530277028754128, 0.000000000000000000, 0.5567903982362176762 ) ) ;
#2387 = CARTESIAN_POINT ( 'NONE',  ( 1.956952577167069940, 4.721700461174371810E-14, -36.36804283989799558 ) ) ;
#2388 = VERTEX_POINT ( 'NONE', #4190 ) ;
#2389 = EDGE_CURVE ( 'NONE', #5390, #3700, #6236, .T. ) ;
#2390 = ORIENTED_EDGE ( 'NONE', *, *, #1063, .T. ) ;
#2391 = CARTESIAN_POINT ( 'NONE',  ( 0.04489505734297041112, 0.3000000000000337952, 31.07669657975786492 ) ) ;
#2392 = CARTESIAN_POINT ( 'NONE',  ( -3.054085491512464223, 1.219165585119953533E-14, -36.99764121097572200 ) ) ;
#2393 = CARTESIAN_POINT ( 'NONE',  ( 4.151845596625327595, 6.250425524378933062E-14, 37.69401286584235322 ) ) ;
#2394 = LINE ( 'NONE', #6528, #6575 ) ;
#2395 = CARTESIAN_POINT ( 'NONE',  ( 1.607669014400904040, 0.3000000000000446754, 40.45306481255425979 ) ) ;
#2396 = CARTESIAN_POINT ( 'NONE',  ( 4.391299438476560901, 3.957337929572091184E-15, 40.08782413270738232 ) ) ;
#2397 = ORIENTED_EDGE ( 'NONE', *, *, #418, .T. ) ;
#2398 = LINE ( 'NONE', #3952, #1854 ) ;
#2399 = CARTESIAN_POINT ( 'NONE',  ( 0.9486119494961704479, 4.014234269183314799E-14, -34.48340565943335179 ) ) ;
#2400 = VECTOR ( 'NONE', #6422, 1000.000000000000000 ) ;
#2401 = CARTESIAN_POINT ( 'NONE',  ( -2.333946174869854673, 0.3000000000000171974, -35.67788452306332658 ) ) ;
#2402 = EDGE_CURVE ( 'NONE', #5280, #3734, #4724, .T. ) ;
#2403 = CARTESIAN_POINT ( 'NONE',  ( -2.225613056375124632, 1.797684794525544085E-14, -39.09006489172885779 ) ) ;
#2404 = ADVANCED_FACE ( 'NONE', ( #3687, #6335, #5742, #1141, #3724, #5776 ), #2233, .T. ) ;
#2405 = CARTESIAN_POINT ( 'NONE',  ( -4.874364077958682095, 0.2999999999999994338, -30.09853079172365042 ) ) ;
#2406 = CARTESIAN_POINT ( 'NONE',  ( 4.277826605902767199, 0.3000000000000633271, 8.453726026746952726 ) ) ;
#2407 = VERTEX_POINT ( 'NONE', #2747 ) ;
#2408 = CARTESIAN_POINT ( 'NONE',  ( 2.461502701462638942, 0.3000000000000506706, -36.39947976098424220 ) ) ;
#2409 = CARTESIAN_POINT ( 'NONE',  ( 4.131938275465236288, 6.245004513516505540E-14, -39.40225720545956989 ) ) ;
#2410 = LINE ( 'NONE', #2888, #4448 ) ;
#2411 = CARTESIAN_POINT ( 'NONE',  ( -4.800000000000005151, 0.2999999999999999889, 22.46052879757350595 ) ) ;
#2412 = CARTESIAN_POINT ( 'NONE',  ( -2.186394262467356686, 1.832301671500502493E-14, 40.90918199736373140 ) ) ;
#2413 = CARTESIAN_POINT ( 'NONE',  ( -0.8962735356198848757, 0.3000000000000272449, 29.18167448491595550 ) ) ;
#2414 = ORIENTED_EDGE ( 'NONE', *, *, #3191, .F. ) ;
#2415 = CARTESIAN_POINT ( 'NONE',  ( -0.09917805123560193004, 0.3000000000000328515, 31.13812067098742631 ) ) ;
#2416 = CARTESIAN_POINT ( 'NONE',  ( 1.345263089074014928, 4.309703635629880125E-14, -27.40368906656900094 ) ) ;
#2417 = AXIS2_PLACEMENT_3D ( 'NONE', #4444, #824, #2386 ) ;
#2418 = VERTEX_POINT ( 'NONE', #4254 ) ;
#2419 = CARTESIAN_POINT ( 'NONE',  ( -3.484424347347700124, 0.3000000000000091482, -36.93540700276692235 ) ) ;
#2420 = ORIENTED_EDGE ( 'NONE', *, *, #2734, .F. ) ;
#2421 = EDGE_CURVE ( 'NONE', #844, #3647, #726, .T. ) ;
#2422 = ORIENTED_EDGE ( 'NONE', *, *, #5909, .T. ) ;
#2423 = AXIS2_PLACEMENT_3D ( 'NONE', #1160, #1279, #1749 ) ;
#2424 = EDGE_CURVE ( 'NONE', #203, #2212, #3315, .T. ) ;
#2425 = EDGE_CURVE ( 'NONE', #4443, #1328, #4906, .T. ) ;
#2426 = AXIS2_PLACEMENT_3D ( 'NONE', #6643, #3557, #3055 ) ;
#2427 = CARTESIAN_POINT ( 'NONE',  ( 4.391299438476554684, 0.3000000000000641598, 30.27774315410189843 ) ) ;
#2428 = DIRECTION ( 'NONE',  ( 0.000000000000000000, -1.000000000000000000, 0.000000000000000000 ) ) ;
#2429 = CARTESIAN_POINT ( 'NONE',  ( -2.349107858101697310, 1.711448835391052279E-14, -37.52503203012601318 ) ) ;
#2430 = CARTESIAN_POINT ( 'NONE',  ( -2.252638894129074920, 0.3000000000000177525, -31.02819268737250269 ) ) ;
#2431 = CARTESIAN_POINT ( 'NONE',  ( -2.346107000639668705, 1.713544322956891437E-14, -39.29556470847602156 ) ) ;
#2432 = CARTESIAN_POINT ( 'NONE',  ( -1.557054328942292232, 0.3000000000000226374, -28.27138946428875954 ) ) ;
#2433 = CARTESIAN_POINT ( 'NONE',  ( 3.810881282776116930, 0.3000000000000601075, 43.11153873324303731 ) ) ;
#2434 = CARTESIAN_POINT ( 'NONE',  ( 2.374276282111455139, 5.009770351739406356E-14, 44.38900498388535709 ) ) ;
#2435 = AXIS2_PLACEMENT_3D ( 'NONE', #3780, #5834, #2839 ) ;
#2436 = ORIENTED_EDGE ( 'NONE', *, *, #3735, .F. ) ;
#2437 = VECTOR ( 'NONE', #1674, 1000.000000000000000 ) ;
#2438 = LINE ( 'NONE', #2536, #5305 ) ;
#2439 = CARTESIAN_POINT ( 'NONE',  ( 1.300000000000000044, 5.000000000000000000, 70.00000000000000000 ) ) ;
#2440 = CARTESIAN_POINT ( 'NONE',  ( -4.872930816273083998, 0.2999999999999994893, -32.28257473273443168 ) ) ;
#2441 = EDGE_CURVE ( 'NONE', #219, #2106, #311, .T. ) ;
#2442 = CARTESIAN_POINT ( 'NONE',  ( -2.152891577614678642, 0.3000000000000184741, 40.90695614284940262 ) ) ;
#2443 = FACE_OUTER_BOUND ( 'NONE', #2812, .T. ) ;
#2444 = ORIENTED_EDGE ( 'NONE', *, *, #409, .F. ) ;
#2445 = CARTESIAN_POINT ( 'NONE',  ( -1.243603297660063722, 2.488243985854232676E-14, 42.22760884801066794 ) ) ;
#2446 = DIRECTION ( 'NONE',  ( -1.000000000000000000, -7.506015040284271099E-16, 0.000000000000000000 ) ) ;
#2447 = CARTESIAN_POINT ( 'NONE',  ( 5.399999999999982592, 6.000000000000000888, 0.000000000000000000 ) ) ;
#2448 = DIRECTION ( 'NONE',  ( -0.8897775297030668940, -6.213283281360401735E-15, 0.4563945087701076764 ) ) ;
#2449 = CARTESIAN_POINT ( 'NONE',  ( -4.800000000000007816, 0.2999999999999999889, 14.33126415146720944 ) ) ;
#2450 = FACE_OUTER_BOUND ( 'NONE', #5116, .T. ) ;
#2451 = CARTESIAN_POINT ( 'NONE',  ( -1.993320406807811640, 1.956984921336335503E-14, -35.68720584445528488 ) ) ;
#2452 = EDGE_LOOP ( 'NONE', ( #4543, #2285, #1044, #6365 ) ) ;
#2453 = CARTESIAN_POINT ( 'NONE',  ( 10.59999999999997655, 6.000000000000004441, -65.50000000000000000 ) ) ;
#2454 = ORIENTED_EDGE ( 'NONE', *, *, #1719, .T. ) ;
#2455 = ORIENTED_EDGE ( 'NONE', *, *, #5869, .T. ) ;
#2456 = CARTESIAN_POINT ( 'NONE',  ( 0.3834995300015754394, 0.3000000000000361822, 30.43264384413481949 ) ) ;
#2457 = CARTESIAN_POINT ( 'NONE',  ( 3.529909234034393162, 0.3000000000000581646, -36.81009563793089967 ) ) ;
#2458 = CARTESIAN_POINT ( 'NONE',  ( -1.395815022786472293, 0.3000000000000237477, -16.05640580919052240 ) ) ;
#2459 = CARTESIAN_POINT ( 'NONE',  ( 4.391299438476560901, 6.418476861114186249E-14, 40.08782413270738232 ) ) ;
#2460 = CARTESIAN_POINT ( 'NONE',  ( 1.130728514989211897, 0.3000000000000414002, 20.42510986328124289 ) ) ;
#2461 = LINE ( 'NONE', #3110, #1256 ) ;
#2462 = CARTESIAN_POINT ( 'NONE',  ( 2.051082824931353077, 0.3000000000000478395, 44.47344173830703795 ) ) ;
#2463 = DIRECTION ( 'NONE',  ( 1.000000000000000000, 0.000000000000000000, -2.123273127523496090E-16 ) ) ;
#2464 = AXIS2_PLACEMENT_3D ( 'NONE', #5690, #5181, #577 ) ;
#2465 = ORIENTED_EDGE ( 'NONE', *, *, #5614, .F. ) ;
#2466 = ADVANCED_FACE ( 'NONE', ( #4949 ), #5901, .T. ) ;
#2467 = DIRECTION ( 'NONE',  ( -1.000000000000000000, -6.982962677686266711E-15, 0.000000000000000000 ) ) ;
#2468 = CARTESIAN_POINT ( 'NONE',  ( -4.239727889166937658, 3.912359239295775660E-15, 44.87850528293186159 ) ) ;
#2469 = FACE_OUTER_BOUND ( 'NONE', #5840, .T. ) ;
#2470 = VECTOR ( 'NONE', #3900, 1000.000000000000000 ) ;
#2471 = CARTESIAN_POINT ( 'NONE',  ( -4.750569898260783575, 0.3000000000000003220, -39.10968929882502465 ) ) ;
#2472 = VECTOR ( 'NONE', #847, 1000.000000000000000 ) ;
#2473 = CARTESIAN_POINT ( 'NONE',  ( -1.566747100734717124, 2.249719507907421701E-14, 41.45311379135451801 ) ) ;
#2474 = EDGE_CURVE ( 'NONE', #1856, #2160, #6366, .T. ) ;
#2475 = VERTEX_POINT ( 'NONE', #1262 ) ;
#2476 = CARTESIAN_POINT ( 'NONE',  ( 4.299536451558359396, 6.358845741627483505E-14, -37.79914322861822029 ) ) ;
#2477 = EDGE_CURVE ( 'NONE', #2844, #5975, #1915, .T. ) ;
#2478 = DIRECTION ( 'NONE',  ( -7.228014483236701486E-16, 1.000000000000000000, -0.000000000000000000 ) ) ;
#2479 = CARTESIAN_POINT ( 'NONE',  ( -2.340564852382053216E-28, 0.3000000000000334621, 2.075727326334387294E-44 ) ) ;
#2480 = FACE_OUTER_BOUND ( 'NONE', #4915, .T. ) ;
#2481 = CARTESIAN_POINT ( 'NONE',  ( 4.277826605902773416, 0.3000000000000633271, 23.40199870533412607 ) ) ;
#2482 = CARTESIAN_POINT ( 'NONE',  ( -5.400000000000009237, 1.399999999999992584, 3.184081677783117205E-16 ) ) ;
#2483 = CARTESIAN_POINT ( 'NONE',  ( 0.01602579398157866555, 3.355605723842636223E-14, -34.58751099113514016 ) ) ;
#2484 = CARTESIAN_POINT ( 'NONE',  ( 0.4771993274052295231, 0.3000000000000368483, 44.40054452501518512 ) ) ;
#2485 = B_SPLINE_CURVE_WITH_KNOTS ( 'NONE', 3,
 ( #944, #1090, #4572, #1450, #4537, #37, #2624, #2079, #2010, #4068, #2586, #6121, #2484, #433, #5542, #3493, #4139, #6186, #576 ),
 .UNSPECIFIED., .F., .F.,
 ( 4, 1, 1, 1, 1, 1, 1, 1, 1, 1, 1, 1, 1, 1, 1, 1, 4 ),
 ( 0.000000000000000000, 0.09845803827519977736, 0.1893012954853396657, 0.2724514183616404961, 0.3482415831074446855, 0.4207593834583837622, 0.4942149931779751815, 0.5699857929989934346, 0.6486546974282449973, 0.6891802880778955531, 0.7299328568249910942, 0.7715985836368589590, 0.8144573034058886218, 0.8582139769225041181, 0.9036073271986464484, 0.9509891788839647253, 1.000000000000000000 ),
 .UNSPECIFIED. ) ;
#2486 = CARTESIAN_POINT ( 'NONE',  ( -2.120720222317615811, 0.3000000000000186962, 40.90966038397381510 ) ) ;
#2487 = AXIS2_PLACEMENT_3D ( 'NONE', #2326, #878, #5899 ) ;
#2488 = ORIENTED_EDGE ( 'NONE', *, *, #1878, .F. ) ;
#2489 = ORIENTED_EDGE ( 'NONE', *, *, #6280, .T. ) ;
#2490 = ADVANCED_FACE ( 'NONE', ( #6399 ), #2870, .T. ) ;
#2491 = ORIENTED_EDGE ( 'NONE', *, *, #5470, .F. ) ;
#2492 = PLANE ( 'NONE',  #3898 ) ;
#2493 = CARTESIAN_POINT ( 'NONE',  ( 0.4197502983940923915, 3.642919299551294898E-14, 29.89477234416537499 ) ) ;
#2494 = FACE_OUTER_BOUND ( 'NONE', #148, .T. ) ;
#2495 = FACE_BOUND ( 'NONE', #6597, .T. ) ;
#2496 = CARTESIAN_POINT ( 'NONE',  ( 5.399999999999986144, 1.400000000000000799, 32.75000000000000000 ) ) ;
#2497 = LINE ( 'NONE', #6594, #2321 ) ;
#2498 = FACE_OUTER_BOUND ( 'NONE', #4979, .T. ) ;
#2499 = CARTESIAN_POINT ( 'NONE',  ( -0.5849028221956670270, 0.3000000000000294098, -28.36505273668019100 ) ) ;
#2500 = VERTEX_POINT ( 'NONE', #4416 ) ;
#2501 = VECTOR ( 'NONE', #6438, 1000.000000000000000 ) ;
#2502 = AXIS2_PLACEMENT_3D ( 'NONE', #1839, #3890, #6471 ) ;
#2503 = CARTESIAN_POINT ( 'NONE',  ( -4.213328176736474084, 0.3000000000000040967, 26.98967273954874102 ) ) ;
#2504 = CARTESIAN_POINT ( 'NONE',  ( 3.820618509800882023, 6.019745731251096662E-14, 36.51179342226841840 ) ) ;
#2505 = CARTESIAN_POINT ( 'NONE',  ( -2.152891577614693741, 0.3000000000000184741, -31.03481970893010811 ) ) ;
#2506 = SPHERICAL_SURFACE ( 'NONE', #6505, 1.000000000000000000 ) ;
#2507 = CARTESIAN_POINT ( 'NONE',  ( 1.358455888594021443, 0.3000000000000429545, -31.62147599300430656 ) ) ;
#2508 = ORIENTED_EDGE ( 'NONE', *, *, #3604, .T. ) ;
#2509 = CARTESIAN_POINT ( 'NONE',  ( 4.388039601617656160, 0.3000000000000641598, 30.11747385158962231 ) ) ;
#2510 = ADVANCED_FACE ( 'NONE', ( #3851 ), #5754, .T. ) ;
#2511 = DIRECTION ( 'NONE',  ( -0.000000000000000000, -0.000000000000000000, -1.000000000000000000 ) ) ;
#2512 = VECTOR ( 'NONE', #464, 1000.000000000000000 ) ;
#2513 = FACE_OUTER_BOUND ( 'NONE', #358, .T. ) ;
#2514 = CIRCLE ( 'NONE', #6282, 2.599999999999998312 ) ;
#2515 = EDGE_CURVE ( 'NONE', #3316, #1197, #5371, .T. ) ;
#2516 = FACE_OUTER_BOUND ( 'NONE', #4577, .T. ) ;
#2517 = CARTESIAN_POINT ( 'NONE',  ( 0.9753325377482913172, 4.032893156232344156E-14, 44.51643905869181594 ) ) ;
#2518 = CARTESIAN_POINT ( 'NONE',  ( 0.8433027952743297195, 0.3000000000000394018, 39.25584331275730676 ) ) ;
#2519 = DIRECTION ( 'NONE',  ( 1.000000000000000000, 0.000000000000000000, -4.283731423655104799E-16 ) ) ;
#2520 = CARTESIAN_POINT ( 'NONE',  ( 0.4794085458955682499, 0.3000000000000368483, -33.63233123264360103 ) ) ;
#2521 = LINE ( 'NONE', #6084, #4309 ) ;
#2522 = DIRECTION ( 'NONE',  ( 0.000000000000000000, -1.000000000000000000, 0.000000000000000000 ) ) ;
#2523 = CARTESIAN_POINT ( 'NONE',  ( -4.800000000000009592, 0.2999999999999999889, -2.893557230631508492 ) ) ;
#2524 = ORIENTED_EDGE ( 'NONE', *, *, #1297, .F. ) ;
#2525 = EDGE_CURVE ( 'NONE', #4575, #6193, #1675, .T. ) ;
#2526 = VERTEX_POINT ( 'NONE', #739 ) ;
#2527 = DIRECTION ( 'NONE',  ( -1.000000000000000000, -6.672013369141575078E-16, 0.000000000000000000 ) ) ;
#2528 = LINE ( 'NONE', #5623, #5636 ) ;
#2529 = FACE_BOUND ( 'NONE', #2025, .T. ) ;
#2530 = CARTESIAN_POINT ( 'NONE',  ( -4.800000000000007816, 0.2999999999999999889, 9.361508687337233070 ) ) ;
#2531 = DIRECTION ( 'NONE',  ( 0.000000000000000000, 1.000000000000000000, -0.000000000000000000 ) ) ;
#2532 = VERTEX_POINT ( 'NONE', #1148 ) ;
#2533 = CARTESIAN_POINT ( 'NONE',  ( -0.7381816162728231934, 0.3000000000000282996, -28.60762816876111714 ) ) ;
#2534 = AXIS2_PLACEMENT_3D ( 'NONE', #1171, #3280, #2711 ) ;
#2535 = VERTEX_POINT ( 'NONE', #228 ) ;
#2536 = CARTESIAN_POINT ( 'NONE',  ( -4.800000000000014921, 0.2999999999999999889, -20.14142778184677240 ) ) ;
#2537 = CARTESIAN_POINT ( 'NONE',  ( 0.6463577751769004065, 0.3000000000000380140, -36.59201302590562221 ) ) ;
#2538 = CARTESIAN_POINT ( 'NONE',  ( -0.3231421523624024017, 0.3000000000000312417, 35.34678734673394018 ) ) ;
#2539 = CARTESIAN_POINT ( 'NONE',  ( 1.405523301696068428, 0.3000000000000432876, -34.04714078385671172 ) ) ;
#2540 = VERTEX_POINT ( 'NONE', #2138 ) ;
#2541 = LINE ( 'NONE', #336, #1397 ) ;
#2542 = FACE_OUTER_BOUND ( 'NONE', #3220, .T. ) ;
#2543 = CARTESIAN_POINT ( 'NONE',  ( 5.399999999999986144, 1.400000000000000799, 0.000000000000000000 ) ) ;
#2544 = CARTESIAN_POINT ( 'NONE',  ( -4.857963980825509509, -4.047603147545407391E-16, -38.85011092404509014 ) ) ;
#2545 = CARTESIAN_POINT ( 'NONE',  ( 1.130728514989211897, 4.141405587165939165E-14, 20.42510986328124289 ) ) ;
#2546 = VECTOR ( 'NONE', #1714, 1000.000000000000000 ) ;
#2547 = CARTESIAN_POINT ( 'NONE',  ( -4.800000000000007816, 0.2999999999999999889, 14.33126415146720944 ) ) ;
#2548 = PLANE ( 'NONE',  #4472 ) ;
#2549 = LINE ( 'NONE', #4603, #6370 ) ;
#2550 = CARTESIAN_POINT ( 'NONE',  ( -2.068540174841027479, 0.3000000000000190292, -28.81310219173240839 ) ) ;
#2551 = CARTESIAN_POINT ( 'NONE',  ( -1.289434242248550522, 0.3000000000000244693, -29.83271688885157857 ) ) ;
#2552 = CARTESIAN_POINT ( 'NONE',  ( -2.164334757839283974, 0.3000000000000184186, -37.87939083566731568 ) ) ;
#2553 = CARTESIAN_POINT ( 'NONE',  ( 4.316346479806233205, 0.3000000000000636047, 31.32821049270964764 ) ) ;
#2554 = ORIENTED_EDGE ( 'NONE', *, *, #1050, .T. ) ;
#2555 = ORIENTED_EDGE ( 'NONE', *, *, #6454, .T. ) ;
#2556 = ORIENTED_EDGE ( 'NONE', *, *, #876, .F. ) ;
#2557 = ADVANCED_FACE ( 'NONE', ( #4325 ), #4197, .T. ) ;
#2558 = DIRECTION ( 'NONE',  ( -7.228014483236701486E-16, 1.000000000000000000, -0.000000000000000000 ) ) ;
#2559 = CARTESIAN_POINT ( 'NONE',  ( 7.999999999999979572, 6.000000000000002665, 65.50000000000000000 ) ) ;
#2560 = DIRECTION ( 'NONE',  ( -1.000000000000000000, -7.506015040284271099E-16, 0.000000000000000000 ) ) ;
#2561 = CARTESIAN_POINT ( 'NONE',  ( -3.515760589819048931, 9.161508357502512467E-15, 36.68662331502316221 ) ) ;
#2562 = LINE ( 'NONE', #4582, #1096 ) ;
#2563 = CARTESIAN_POINT ( 'NONE',  ( -4.800000000000012257, 0.2999999999999999889, -14.12736765543618311 ) ) ;
#2564 = ORIENTED_EDGE ( 'NONE', *, *, #3362, .T. ) ;
#2565 = CARTESIAN_POINT ( 'NONE',  ( -0.9010406640893670049, 2.722628752448039917E-14, 30.36312000381684939 ) ) ;
#2566 = B_SPLINE_SURFACE_WITH_KNOTS ( 'NONE', 3, 1, ( 
 ( #3196, #3230 ),
 ( #4704, #6177 ),
 ( #4235, #27 ),
 ( #1712, #4166 ),
 ( #173, #2614 ),
 ( #6212, #101 ),
 ( #644, #1183 ),
 ( #5245, #1603 ),
 ( #5681, #3763 ),
 ( #5208, #135 ),
 ( #2576, #4635 ),
 ( #2144, #5755 ),
 ( #2180, #3626 ),
 ( #1568, #6320 ),
 ( #2072, #3123 ),
 ( #1216, #679 ),
 ( #3660, #1680 ),
 ( #1083, #568 ),
 ( #2213, #5820 ) ),
 .UNSPECIFIED., .F., .F., .F.,
 ( 4, 1, 1, 1, 1, 1, 1, 1, 1, 1, 1, 1, 1, 1, 1, 1, 4 ),
 ( 2, 2 ),
 ( 0.000000000000000000, 0.06010494839182099064, 0.1167517350992659242, 0.1711356521932385633, 0.2236523954605225684, 0.2752383353370499441, 0.3269260845771734258, 0.3794276098946334219, 0.4340153052958303226, 0.4908666365111221119, 0.5508062224093603909, 0.6143876246633763749, 0.6819986453985097397, 0.7540653391070432088, 0.8309763590638521435, 0.9126792203682154714, 1.000000000000000000 ),
 ( 0.000000000000000000, 1.000000000000000000 ),
 .UNSPECIFIED. ) ;
#2567 = ORIENTED_EDGE ( 'NONE', *, *, #409, .T. ) ;
#2568 = EDGE_LOOP ( 'NONE', ( #117, #6329, #6360, #4189 ) ) ;
#2569 = CARTESIAN_POINT ( 'NONE',  ( 7.999999999999979572, 6.000000000000002665, 32.75000000000000000 ) ) ;
#2570 = CARTESIAN_POINT ( 'NONE',  ( -2.639483235726241883, 1.508680792943914897E-14, 41.45061125681352365 ) ) ;
#2571 = CARTESIAN_POINT ( 'NONE',  ( -4.909480335110973925, 0.2999999999999992117, 30.46645585955326396 ) ) ;
#2572 = CARTESIAN_POINT ( 'NONE',  ( 2.047409290551221783, 4.786752591523502076E-14, -32.86876650144723300 ) ) ;
#2573 = CIRCLE ( 'NONE', #2694, 2.599999999999998312 ) ;
#2574 = CARTESIAN_POINT ( 'NONE',  ( 1.580610470578357685, 0.3000000000000445088, -31.49179613956775015 ) ) ;
#2575 = ORIENTED_EDGE ( 'NONE', *, *, #4164, .F. ) ;
#2576 = CARTESIAN_POINT ( 'NONE',  ( 3.810881282776116930, 0.3000000000000601075, 43.11153873324303731 ) ) ;
#2577 = CARTESIAN_POINT ( 'NONE',  ( 0.3276631479849733686, 0.3000000000000357936, 44.33853269234764838 ) ) ;
#2578 = CARTESIAN_POINT ( 'NONE',  ( 7.999999999999979572, 6.000000000000002665, 65.50000000000000000 ) ) ;
#2580 = AXIS2_PLACEMENT_3D ( 'NONE', #390, #1935, #2984 ) ;
#2579 = CARTESIAN_POINT ( 'NONE',  ( -4.901685496938358533, -5.963111948670274387E-16, 30.83489316322345530 ) ) ;
#2581 = CARTESIAN_POINT ( 'NONE',  ( -1.168869357638894879, 0.3000000000000253575, 19.63080003526475181 ) ) ;
#2582 = PLANE ( 'NONE',  #2928 ) ;
#2583 = CARTESIAN_POINT ( 'NONE',  ( 0.4171672413841645000, 3.643128412983306112E-14, 29.75221918229200213 ) ) ;
#2584 = LINE ( 'NONE', #3131, #3079 ) ;
#2585 = VECTOR ( 'NONE', #4148, 1000.000000000000000 ) ;
#2586 = CARTESIAN_POINT ( 'NONE',  ( 0.1866346133907177407, 0.3000000000000347944, 44.26531709703705531 ) ) ;
#2587 = DIRECTION ( 'NONE',  ( 1.000000000000000000, 0.000000000000000000, 0.000000000000000000 ) ) ;
#2588 = ADVANCED_FACE ( 'NONE', ( #200 ), #2239, .T. ) ;
#2589 = CARTESIAN_POINT ( 'NONE',  ( 4.389964219678202717, 0.3000000000000641598, -32.02007688383069706 ) ) ;
#2590 = B_SPLINE_SURFACE_WITH_KNOTS ( 'NONE', 3, 1, ( 
 ( #2275, #4332 ),
 ( #3797, #680 ),
 ( #4740, #5282 ),
 ( #4771, #2725 ),
 ( #2244, #6380 ),
 ( #4807, #6321 ),
 ( #5848, #4202 ),
 ( #5881, #3737 ),
 ( #1774, #2690 ),
 ( #1185, #3231 ),
 ( #174, #6288 ),
 ( #205, #2214 ),
 ( #5376, #4270 ),
 ( #1713, #3765 ),
 ( #5821, #2791 ),
 ( #3198, #1275 ),
 ( #1217, #4299 ),
 ( #102, #2145 ),
 ( #2824, #3261 ) ),
 .UNSPECIFIED., .F., .F., .F.,
 ( 4, 1, 1, 1, 1, 1, 1, 1, 1, 1, 1, 1, 1, 1, 1, 1, 4 ),
 ( 2, 2 ),
 ( 0.000000000000000000, 0.06517322385667148610, 0.1285239086782593576, 0.1905621288657626533, 0.2520802153252538758, 0.3137883910047227221, 0.3762703671401960714, 0.4395166772135873923, 0.5048417826637011663, 0.5700748808773785647, 0.6328923974638378525, 0.6941757185455629253, 0.7548285562856148490, 0.8144224850962004103, 0.8753273132273083901, 0.9363749661221905107, 1.000000000000000000 ),
 ( 0.000000000000000000, 1.000000000000000000 ),
 .UNSPECIFIED. ) ;
#2591 = ORIENTED_EDGE ( 'NONE', *, *, #5745, .T. ) ;
#2592 = ADVANCED_FACE ( 'NONE', ( #5749 ), #3823, .T. ) ;
#2593 = ORIENTED_EDGE ( 'NONE', *, *, #3302, .T. ) ;
#2594 = CARTESIAN_POINT ( 'NONE',  ( 0.1928046332465163937, 3.486456841093956364E-14, -6.978579203287759825 ) ) ;
#2595 = DIRECTION ( 'NONE',  ( 1.000000000000000000, 6.982962677686266711E-15, -3.821891629542292715E-16 ) ) ;
#2596 = DIRECTION ( 'NONE',  ( 1.000000000000000000, 0.000000000000000000, -4.246546255046988728E-16 ) ) ;
#2597 = CARTESIAN_POINT ( 'NONE',  ( -4.630583796061937818, 0.3000000000000011546, 38.37010235198658137 ) ) ;
#2598 = DIRECTION ( 'NONE',  ( 0.000000000000000000, -1.000000000000000000, 0.000000000000000000 ) ) ;
#2599 = CARTESIAN_POINT ( 'NONE',  ( 0.1928046332465163937, 0.3000000000000348499, -8.907617357042099115 ) ) ;
#2600 = ORIENTED_EDGE ( 'NONE', *, *, #5195, .T. ) ;
#2601 = EDGE_CURVE ( 'NONE', #6067, #5455, #5308, .T. ) ;
#2602 = CARTESIAN_POINT ( 'NONE',  ( 1.184069202295763512, 0.3000000000000417888, -31.88358168490072231 ) ) ;
#2603 = ORIENTED_EDGE ( 'NONE', *, *, #4377, .F. ) ;
#2604 = VECTOR ( 'NONE', #504, 1000.000000000000114 ) ;
#2605 = VERTEX_POINT ( 'NONE', #5843 ) ;
#2606 = CARTESIAN_POINT ( 'NONE',  ( -4.405082435980616218, 2.757694610310157239E-15, 32.80907734666350706 ) ) ;
#2607 = CARTESIAN_POINT ( 'NONE',  ( 4.277826605902763646, 0.3000000000000633271, -21.95699310302734375 ) ) ;
#2608 = CARTESIAN_POINT ( 'NONE',  ( 1.725710773366319506, 0.3000000000000455636, 40.44885524152978462 ) ) ;
#2609 = CARTESIAN_POINT ( 'NONE',  ( 0.9486119494961704479, 4.016969049058793928E-14, -34.48340565943335179 ) ) ;
#2610 = VECTOR ( 'NONE', #1133, 1000.000000000000000 ) ;
#2611 =( NAMED_UNIT ( * ) SI_UNIT ( $, .STERADIAN. ) SOLID_ANGLE_UNIT ( ) );
#2612 = CIRCLE ( 'NONE', #579, 2.599999999999998312 ) ;
#2613 = ORIENTED_EDGE ( 'NONE', *, *, #371, .T. ) ;
#2614 = CARTESIAN_POINT ( 'NONE',  ( 2.374276282111455139, 5.014435047745458007E-14, 44.38900498388535709 ) ) ;
#2615 = CARTESIAN_POINT ( 'NONE',  ( 0.3276631479849733686, 3.588709190927019677E-14, 44.33853269234764838 ) ) ;
#2616 = DIRECTION ( 'NONE',  ( 0.9495246857993071554, 6.630495442478340635E-15, -0.3136923190926536043 ) ) ;
#2617 = LINE ( 'NONE', #4238, #1330 ) ;
#2618 = CARTESIAN_POINT ( 'NONE',  ( -4.156006061401992469, 4.496985637886186982E-15, -39.71896807988401434 ) ) ;
#2619 = B_SPLINE_CURVE_WITH_KNOTS ( 'NONE', 3,
 ( #1380, #6516, #5478, #5072, #2413, #4536, #1942, #3999, #431, #6083, #3492 ),
 .UNSPECIFIED., .F., .F.,
 ( 4, 1, 1, 1, 1, 1, 1, 1, 4 ),
 ( 0.000000000000000000, 0.1377975365248373385, 0.2713923541180600085, 0.4000397752264568396, 0.5252976497836711056, 0.6476238849957134391, 0.7675099851304751919, 0.8844239865659155875, 1.000000000000000000 ),
 .UNSPECIFIED. ) ;
#2620 = CARTESIAN_POINT ( 'NONE',  ( -3.902548046614921606, 6.266873495504739408E-15, -36.99513860406866428 ) ) ;
#2621 = CARTESIAN_POINT ( 'NONE',  ( 0.4197502983940923915, 3.644932152052772362E-14, 29.89477234416537499 ) ) ;
#2622 = CARTESIAN_POINT ( 'NONE',  ( 3.770744885338658481, 5.984919165429042893E-14, -35.57373301188150805 ) ) ;
#2623 = EDGE_CURVE ( 'NONE', #4656, #4112, #5778, .T. ) ;
#2624 = CARTESIAN_POINT ( 'NONE',  ( -0.5849028221956501516, 0.3000000000000294098, 43.57672311509931973 ) ) ;
#2625 = CARTESIAN_POINT ( 'NONE',  ( -4.907765321341830855, 0.2999999999999992117, 41.26433121859222553 ) ) ;
#2626 = AXIS2_PLACEMENT_3D ( 'NONE', #2607, #1037, #61 ) ;
#2627 = B_SPLINE_CURVE_WITH_KNOTS ( 'NONE', 3,
 ( #2967, #5018, #406, #2456, #5549, #2906, #345, #2391, #2124, #1552, #10 ),
 .UNSPECIFIED., .F., .F.,
 ( 4, 1, 1, 1, 1, 1, 1, 1, 4 ),
 ( 0.000000000000000000, 0.1850972836079776140, 0.3457019150817388642, 0.4856983546663037887, 0.6051019010543309262, 0.7108152203237482203, 0.8056958280862535071, 0.9000712421470832281, 0.9999999999999998890 ),
 .UNSPECIFIED. ) ;
#2628 = EDGE_CURVE ( 'NONE', #4769, #3811, #3759, .T. ) ;
#2629 = DIRECTION ( 'NONE',  ( -1.000000000000000000, -7.506015040284266169E-16, 0.000000000000000000 ) ) ;
#2630 = ORIENTED_EDGE ( 'NONE', *, *, #3735, .T. ) ;
#2631 = VERTEX_POINT ( 'NONE', #707 ) ;
#2632 = ORIENTED_EDGE ( 'NONE', *, *, #3271, .F. ) ;
#2633 = CARTESIAN_POINT ( 'NONE',  ( 4.391299438476544026, 0.3000000000000641598, -31.85395171907212131 ) ) ;
#2634 = DIRECTION ( 'NONE',  ( -1.000000000000000000, -6.982962677686267499E-15, 3.821891629542293208E-16 ) ) ;
#2635 = DIRECTION ( 'NONE',  ( 0.000000000000000000, -1.000000000000000000, 0.000000000000000000 ) ) ;
#2636 = CARTESIAN_POINT ( 'NONE',  ( -4.733827212008957730, 7.047314121155778821E-16, 38.76730345319644044 ) ) ;
#2637 = CARTESIAN_POINT ( 'NONE',  ( -4.750569898260783575, 0.3000000000000003220, -39.10968929882502465 ) ) ;
#2638 = CARTESIAN_POINT ( 'NONE',  ( 4.099576544528197530, 0.3000000000000621059, -29.53034500109005123 ) ) ;
#2639 = VERTEX_POINT ( 'NONE', #2755 ) ;
#2640 = CARTESIAN_POINT ( 'NONE',  ( -4.800000000000005151, -5.603649452663447221E-30, 22.46052879757350595 ) ) ;
#2641 = CARTESIAN_POINT ( 'NONE',  ( 4.391299438476554684, 0.3000000000000641598, 30.27774315410189843 ) ) ;
#2642 = EDGE_CURVE ( 'NONE', #6175, #5866, #1836, .T. ) ;
#2643 = EDGE_CURVE ( 'NONE', #4854, #1175, #1895, .T. ) ;
#2644 = VERTEX_POINT ( 'NONE', #2877 ) ;
#2645 = CARTESIAN_POINT ( 'NONE',  ( -4.838268674657664192, -2.672287268589664890E-16, 31.37220606810353729 ) ) ;
#2646 = CARTESIAN_POINT ( 'NONE',  ( 4.387320004892079517, 0.3000000000000641043, 39.59271122635127682 ) ) ;
#2647 = CARTESIAN_POINT ( 'NONE',  ( 1.607669014400904040, 0.3000000000000446754, 40.45306481255425979 ) ) ;
#2648 = VECTOR ( 'NONE', #1364, 1000.000000000000000 ) ;
#2649 = CARTESIAN_POINT ( 'NONE',  ( -2.271281496494544694, 0.3000000000000176414, 42.82347381096023042 ) ) ;
#2650 = CARTESIAN_POINT ( 'NONE',  ( 1.345263089074014928, 4.291214279556695144E-14, -27.40368906656900094 ) ) ;
#2651 = ORIENTED_EDGE ( 'NONE', *, *, #5603, .T. ) ;
#2652 = DIRECTION ( 'NONE',  ( -7.228014483236701486E-16, 1.000000000000000000, 0.000000000000000000 ) ) ;
#2653 = CIRCLE ( 'NONE', #3836, 2.599999999999998312 ) ;
#2654 = EDGE_CURVE ( 'NONE', #1865, #2532, #4559, .T. ) ;
#2655 = PLANE ( 'NONE',  #158 ) ;
#2656 = CARTESIAN_POINT ( 'NONE',  ( -1.838705126111295884, 0.3000000000000206390, -39.05554774707515264 ) ) ;
#2657 = CARTESIAN_POINT ( 'NONE',  ( -4.736818324824295878, 5.421010862427522170E-16, 31.88058835164393656 ) ) ;
#2658 = DIRECTION ( 'NONE',  ( -1.000000000000000000, -1.836970198721029194E-16, -0.000000000000000000 ) ) ;
#2659 = CARTESIAN_POINT ( 'NONE',  ( -2.034352965228320986, 0.3000000000000192513, -38.92866981464683818 ) ) ;
#2660 = CARTESIAN_POINT ( 'NONE',  ( 0.3681160807526113188, 3.608876170584573661E-14, 29.06238658043754342 ) ) ;
#2661 = CARTESIAN_POINT ( 'NONE',  ( 5.399999999999986144, 1.400000000000000799, -32.75000000000000000 ) ) ;
#2662 = CARTESIAN_POINT ( 'NONE',  ( -0.5849028221956670270, 2.959871930885427105E-14, -28.36505273668019100 ) ) ;
#2663 = CARTESIAN_POINT ( 'NONE',  ( -3.265246263001241989, 0.3000000000000107025, -36.94332878210918381 ) ) ;
#2664 = VECTOR ( 'NONE', #4558, 1000.000000000000000 ) ;
#2665 = CARTESIAN_POINT ( 'NONE',  ( 3.920659199530581063, 0.3000000000000608291, -35.14163548131043058 ) ) ;
#2666 = VERTEX_POINT ( 'NONE', #888 ) ;
#2667 = ORIENTED_EDGE ( 'NONE', *, *, #3010, .F. ) ;
#2668 = EDGE_CURVE ( 'NONE', #262, #5715, #4859, .T. ) ;
#2669 = ORIENTED_EDGE ( 'NONE', *, *, #4662, .T. ) ;
#2670 = CARTESIAN_POINT ( 'NONE',  ( -4.800000000000010481, -1.372452375347808889E-30, -10.04234568277993311 ) ) ;
#2671 = DIRECTION ( 'NONE',  ( -7.228014483236701486E-16, 1.000000000000000000, -0.000000000000000000 ) ) ;
#2672 = LINE ( 'NONE', #6362, #1969 ) ;
#2673 = CARTESIAN_POINT ( 'NONE',  ( -4.388135181703495924, 3.035766082959412415E-15, -39.55782336282014455 ) ) ;
#2674 = CARTESIAN_POINT ( 'NONE',  ( -2.340564852382053216E-28, 0.3000000000000334621, 0.000000000000000000 ) ) ;
#2675 = VERTEX_POINT ( 'NONE', #858 ) ;
#2676 = DIRECTION ( 'NONE',  ( 1.000000000000000000, 6.982962677686266711E-15, -3.821891629542292715E-16 ) ) ;
#2677 = CARTESIAN_POINT ( 'NONE',  ( 5.399999999999986144, 1.400000000000000799, 65.50000000000000000 ) ) ;
#2678 = VERTEX_POINT ( 'NONE', #3385 ) ;
#2679 = ORIENTED_EDGE ( 'NONE', *, *, #4123, .F. ) ;
#2680 = DIRECTION ( 'NONE',  ( 0.000000000000000000, 0.000000000000000000, -1.000000000000000000 ) ) ;
#2681 = CARTESIAN_POINT ( 'NONE',  ( 4.241265047817305955, 0.3000000000000631051, 38.15451770185711666 ) ) ;
#2682 = CYLINDRICAL_SURFACE ( 'NONE', #6619, 2.599999999999998312 ) ;
#2683 = CARTESIAN_POINT ( 'NONE',  ( 3.706526925433957675, 5.940076003703874245E-14, -36.94638236987054114 ) ) ;
#2684 = CARTESIAN_POINT ( 'NONE',  ( -0.9419236924913245712, 2.699663409488906041E-14, 29.80080265469021228 ) ) ;
#2685 = CARTESIAN_POINT ( 'NONE',  ( -4.907765321341830855, -8.131516293641283255E-16, 41.26433121859222553 ) ) ;
#2686 = EDGE_CURVE ( 'NONE', #753, #3407, #1803, .T. ) ;
#2687 = ORIENTED_EDGE ( 'NONE', *, *, #4290, .F. ) ;
#2688 = B_SPLINE_SURFACE_WITH_KNOTS ( 'NONE', 3, 1, ( 
 ( #5007, #5988 ),
 ( #4570, #3460 ),
 ( #1415, #1449 ),
 ( #906, #2892 ),
 ( #2520, #6613 ),
 ( #6581, #3902 ),
 ( #2925, #4972 ),
 ( #6020, #2377 ),
 ( #5541, #3966 ),
 ( #363, #2483 ),
 ( #466, #943 ),
 ( #1913, #4942 ),
 ( #3430, #5955 ),
 ( #3397, #5447 ),
 ( #3527, #6548 ),
 ( #4502, #1977 ),
 ( #399, #6481 ),
 ( #2992, #1877 ),
 ( #3934, #2451 ) ),
 .UNSPECIFIED., .F., .F., .F.,
 ( 4, 1, 1, 1, 1, 1, 1, 1, 1, 1, 1, 1, 1, 1, 1, 1, 4 ),
 ( 2, 2 ),
 ( 0.000000000000000000, 0.06480916084195605109, 0.1263493137603080019, 0.1840869594338956916, 0.2387416829624855741, 0.2896182280257560415, 0.3370906112673938693, 0.3811990263900849607, 0.4217897500224105922, 0.4972470010393407747, 0.5692737207317594139, 0.6391353460476653092, 0.7082163981344785642, 0.7773921899943861957, 0.8483686164361374793, 0.9221571796891798733, 1.000000000000000000 ),
 ( 0.000000000000000000, 1.000000000000000000 ),
 .UNSPECIFIED. ) ;
#2689 = CARTESIAN_POINT ( 'NONE',  ( -4.870920520358623662, 0.2999999999999994893, 7.462611754735306135 ) ) ;
#2690 = CARTESIAN_POINT ( 'NONE',  ( -4.593315915933875004, 1.409462824231155764E-15, -37.48412202652922787 ) ) ;
#2691 = LINE ( 'NONE', #3662, #618 ) ;
#2692 = DIRECTION ( 'NONE',  ( -7.228014483236701486E-16, 1.000000000000000000, -0.000000000000000000 ) ) ;
#2693 = DIRECTION ( 'NONE',  ( -1.000000000000000000, -6.982962677686267499E-15, 0.000000000000000000 ) ) ;
#2694 = AXIS2_PLACEMENT_3D ( 'NONE', #2108, #2652, #5171 ) ;
#2695 = CARTESIAN_POINT ( 'NONE',  ( -3.768604609063828992, 7.202195520845041391E-15, -36.95909097900806728 ) ) ;
#2696 = CARTESIAN_POINT ( 'NONE',  ( 0.01602579398159591564, 0.3000000000000335731, 37.35426486064437057 ) ) ;
#2697 = CARTESIAN_POINT ( 'NONE',  ( -1.314515185062113289, 2.433901037635348591E-14, 42.04391426453317138 ) ) ;
#2698 = ADVANCED_FACE ( 'NONE', ( #289 ), #3353, .T. ) ;
#2699 = AXIS2_PLACEMENT_3D ( 'NONE', #1501, #3553, #4093 ) ;
#2700 = AXIS2_PLACEMENT_3D ( 'NONE', #2971, #5124, #520 ) ;
#2701 = CARTESIAN_POINT ( 'NONE',  ( 0.6159680625754230254, 3.781950284450510693E-14, -40.23088188046207136 ) ) ;
#2702 = ORIENTED_EDGE ( 'NONE', *, *, #669, .F. ) ;
#2703 = ORIENTED_EDGE ( 'NONE', *, *, #964, .T. ) ;
#2704 = VERTEX_POINT ( 'NONE', #316 ) ;
#2705 = DIRECTION ( 'NONE',  ( -1.000000000000000000, -7.228014483236701486E-16, 0.000000000000000000 ) ) ;
#2706 = FACE_OUTER_BOUND ( 'NONE', #6649, .T. ) ;
#2707 = CARTESIAN_POINT ( 'NONE',  ( 11.00000000000000000, 2.020667218593132311E-15, -69.00000000000000000 ) ) ;
#2708 = DIRECTION ( 'NONE',  ( 0.000000000000000000, -1.000000000000000000, 0.000000000000000000 ) ) ;
#2709 = CARTESIAN_POINT ( 'NONE',  ( -4.275680791604775877, 0.3000000000000036526, -39.64652164311210925 ) ) ;
#2710 = ORIENTED_EDGE ( 'NONE', *, *, #4035, .T. ) ;
#2711 = DIRECTION ( 'NONE',  ( 0.000000000000000000, -0.000000000000000000, 1.000000000000000000 ) ) ;
#2712 = LINE ( 'NONE', #1593, #6543 ) ;
#2713 = B_SPLINE_SURFACE_WITH_KNOTS ( 'NONE', 3, 1, ( 
 ( #6095, #3976 ),
 ( #2999, #6494 ),
 ( #5081, #6058 ),
 ( #5584, #1949 ),
 ( #2937, #1486 ),
 ( #3440, #1425 ),
 ( #3470, #885 ),
 ( #3503, #4983 ),
 ( #4451, #5998 ),
 ( #3537, #3036 ),
 ( #950, #4479 ) ),
 .UNSPECIFIED., .F., .F., .F.,
 ( 4, 1, 1, 1, 1, 1, 1, 1, 4 ),
 ( 2, 2 ),
 ( 0.000000000000000000, 0.1689022074795300254, 0.3184317872561837626, 0.4482139440641094708, 0.5625756027281693106, 0.6697294301672188643, 0.7729592904557750499, 0.8812919015951191648, 1.000000000000000000 ),
 ( 0.000000000000000000, 1.000000000000000000 ),
 .UNSPECIFIED. ) ;
#2714 = ORIENTED_EDGE ( 'NONE', *, *, #4105, .F. ) ;
#2715 = ORIENTED_EDGE ( 'NONE', *, *, #909, .F. ) ;
#2716 = CARTESIAN_POINT ( 'NONE',  ( -4.073506686801241727, 5.073075691655596559E-15, 26.73358665364533948 ) ) ;
#2717 = CARTESIAN_POINT ( 'NONE',  ( -2.108796936361825747, 1.879257055146041257E-14, -35.68404579625538275 ) ) ;
#2718 = B_SPLINE_CURVE_WITH_KNOTS ( 'NONE', 3,
 ( #729, #4383, #6430, #1824, #2290, #5991, #308, #3849, #4352, #2930, #1290, #4853, #5930, #3344, #4975, #5898, #337, #4947, #758 ),
 .UNSPECIFIED., .F., .F.,
 ( 4, 1, 1, 1, 1, 1, 1, 1, 1, 1, 1, 1, 1, 1, 1, 1, 4 ),
 ( 0.000000000000000000, 0.06480916084195605109, 0.1263493137603080019, 0.1840869594338956916, 0.2387416829624855741, 0.2896182280257560415, 0.3370906112673938693, 0.3811990263900849607, 0.4217897500224105922, 0.4972470010393407747, 0.5692737207317594139, 0.6391353460476653092, 0.7082163981344785642, 0.7773921899943861957, 0.8483686164361374793, 0.9221571796891798733, 1.000000000000000000 ),
 .UNSPECIFIED. ) ;
#2719 = CARTESIAN_POINT ( 'NONE',  ( 1.580610470578370785, 0.3000000000000445088, 40.44997971221176414 ) ) ;
#2720 = CARTESIAN_POINT ( 'NONE',  ( 4.126494444431823005, 6.233337754804135031E-14, -37.42651991043749149 ) ) ;
#2721 = CARTESIAN_POINT ( 'NONE',  ( -0.9381326144339934281, 0.3000000000000269118, 30.09453289248567742 ) ) ;
#2722 = CARTESIAN_POINT ( 'NONE',  ( -4.749334005271727221, 0.3000000000000003775, 42.93818474390688777 ) ) ;
#2723 = EDGE_LOOP ( 'NONE', ( #4469, #4824, #6361, #2272 ) ) ;
#2724 = CARTESIAN_POINT ( 'NONE',  ( 0.3864782055840120245, 0.3000000000000361822, 38.09806593738794334 ) ) ;
#2725 = CARTESIAN_POINT ( 'NONE',  ( -4.889010603687366618, -6.505213034913026604E-16, -38.12748368598965953 ) ) ;
#2726 = DIRECTION ( 'NONE',  ( -7.228014483236701486E-16, 1.000000000000000000, -0.000000000000000000 ) ) ;
#2727 = CARTESIAN_POINT ( 'NONE',  ( 0.000000000000000000, 0.000000000000000000, 0.000000000000000000 ) ) ;
#2728 = DIRECTION ( 'NONE',  ( 0.3072923909574312717, 0.000000000000000000, -0.9516151461907619291 ) ) ;
#2729 = CARTESIAN_POINT ( 'NONE',  ( 1.343368982643654563, 0.3000000000000428435, -40.39725999697628822 ) ) ;
#2730 =( GEOMETRIC_REPRESENTATION_CONTEXT ( 3 ) GLOBAL_UNCERTAINTY_ASSIGNED_CONTEXT ( ( #4091 ) ) GLOBAL_UNIT_ASSIGNED_CONTEXT ( ( #5719, #3767, #1768 ) ) REPRESENTATION_CONTEXT ( 'NONE', 'WORKASPACE' ) );
#2731 = CARTESIAN_POINT ( 'NONE',  ( -1.883183696199243640, 0.3000000000000203615, 36.25782677127063636 ) ) ;
#2732 = CARTESIAN_POINT ( 'NONE',  ( -1.865965216226710632, 2.048825539012218172E-14, 41.01639723888428790 ) ) ;
#2733 = EDGE_CURVE ( 'NONE', #5325, #251, #2364, .T. ) ;
#2734 = EDGE_CURVE ( 'NONE', #416, #2737, #3858, .T. ) ;
#2735 = CARTESIAN_POINT ( 'NONE',  ( -2.642468278345896149, 1.512462030617278685E-14, 41.53978092692938162 ) ) ;
#2736 = ORIENTED_EDGE ( 'NONE', *, *, #1374, .T. ) ;
#2737 = VERTEX_POINT ( 'NONE', #1303 ) ;
#2738 = ORIENTED_EDGE ( 'NONE', *, *, #5065, .F. ) ;
#2739 = VECTOR ( 'NONE', #3642, 1000.000000000000114 ) ;
#2740 = B_SPLINE_CURVE_WITH_KNOTS ( 'NONE', 3,
 ( #4803, #230, #3761, #1710, #3194, #741, #3289, #4232, #4296, #642, #5311 ),
 .UNSPECIFIED., .F., .F.,
 ( 4, 1, 1, 1, 1, 1, 1, 1, 4 ),
 ( 0.000000000000000000, 0.1369351102033903311, 0.2670352792963015531, 0.3929060056825982028, 0.5171946454176541419, 0.6387480689156841418, 0.7572765847451882193, 0.8770948061731548284, 1.000000000000000000 ),
 .UNSPECIFIED. ) ;
#2741 = AXIS2_PLACEMENT_3D ( 'NONE', #5212, #609, #6182 ) ;
#2742 = ADVANCED_FACE ( 'NONE', ( #801 ), #3415, .T. ) ;
#2743 = CARTESIAN_POINT ( 'NONE',  ( 4.277826605902767199, 0.3000000000000633271, -0.8510462443033864899 ) ) ;
#2744 = B_SPLINE_CURVE_WITH_KNOTS ( 'NONE', 3,
 ( #2136, #2717, #4195, #736, #1766, #3821, #4260, #1735, #3154, #5200, #6242, #673, #198, #225, #5337, #4322, #2237, #1705, #5813 ),
 .UNSPECIFIED., .F., .F.,
 ( 4, 1, 1, 1, 1, 1, 1, 1, 1, 1, 1, 1, 1, 1, 1, 1, 4 ),
 ( 0.000000000000000000, 0.05788094285645361409, 0.1128528044494230831, 0.1655833948434750069, 0.2169635121761020746, 0.2681577282320923850, 0.3195925452859336713, 0.3724213661878509329, 0.4272619916366188209, 0.4848117811471501226, 0.5454334485380483155, 0.6099407695031813237, 0.6783204866915184539, 0.7510512415195391700, 0.8290369631912966053, 0.9119341134044181008, 1.000000000000000000 ),
 .UNSPECIFIED. ) ;
#2745 = CYLINDRICAL_SURFACE ( 'NONE', #5012, 1.300000000000000044 ) ;
#2746 = CARTESIAN_POINT ( 'NONE',  ( -4.912038222923762909, -5.963111948670274387E-16, -38.46913294361366553 ) ) ;
#2747 = CARTESIAN_POINT ( 'NONE',  ( -4.913472832573800630, 0.2999999999999991562, -31.27063043912250961 ) ) ;
#2748 = CARTESIAN_POINT ( 'NONE',  ( -1.223638364525095446, 2.497359982243039703E-14, -37.41667131202145669 ) ) ;
#2749 = EDGE_CURVE ( 'NONE', #6239, #4850, #348, .T. ) ;
#2750 = EDGE_LOOP ( 'NONE', ( #4193, #2014, #55, #3639 ) ) ;
#2751 = AXIS2_PLACEMENT_3D ( 'NONE', #1951, #3001, #4044 ) ;
#2752 = ORIENTED_EDGE ( 'NONE', *, *, #3342, .T. ) ;
#2753 = CARTESIAN_POINT ( 'NONE',  ( 0.3276631479849574924, 3.580628038612633012E-14, -27.60324315943186946 ) ) ;
#2754 = CARTESIAN_POINT ( 'NONE',  ( 0.8433027952743297195, 0.3000000000000394018, 39.25584331275730676 ) ) ;
#2755 = CARTESIAN_POINT ( 'NONE',  ( -2.152891577614678642, 1.848465931730567182E-14, 40.90695614284940262 ) ) ;
#2756 = CARTESIAN_POINT ( 'NONE',  ( -0.6723961416206539754, 2.889398789673869317E-14, 30.95075560560045957 ) ) ;
#2757 = CARTESIAN_POINT ( 'NONE',  ( 10.59999999999998010, 1.400000000000004796, 3.184081677783114739E-16 ) ) ;
#2758 = ORIENTED_EDGE ( 'NONE', *, *, #4525, .F. ) ;
#2759 = CARTESIAN_POINT ( 'NONE',  ( 0.8470464335547535084, 0.3000000000000394018, 37.37334121598138381 ) ) ;
#2760 = LINE ( 'NONE', #1643, #699 ) ;
#2761 = CARTESIAN_POINT ( 'NONE',  ( 4.099576544528197530, 0.3000000000000621059, -29.53034500109005123 ) ) ;
#2762 = CARTESIAN_POINT ( 'NONE',  ( -2.892579119288175349, 1.344410693882025498E-14, 34.57816420924742573 ) ) ;
#2763 = FACE_OUTER_BOUND ( 'NONE', #5789, .T. ) ;
#2764 = AXIS2_PLACEMENT_3D ( 'NONE', #6283, #97, #3257 ) ;
#2765 = CARTESIAN_POINT ( 'NONE',  ( -0.4248411140035839861, 3.057450126409122504E-14, -39.83304652448822480 ) ) ;
#2766 = LINE ( 'NONE', #1649, #5876 ) ;
#2767 = CARTESIAN_POINT ( 'NONE',  ( -1.957170802894802941, 0.3000000000000198064, 40.95198493314992305 ) ) ;
#2768 = VECTOR ( 'NONE', #455, 1000.000000000000000 ) ;
#2769 = CARTESIAN_POINT ( 'NONE',  ( -2.346074559111963609, 1.718460443389524528E-14, 40.95434133854740111 ) ) ;
#2770 = VERTEX_POINT ( 'NONE', #989 ) ;
#2771 = CIRCLE ( 'NONE', #3621, 2.599999999999998312 ) ;
#2772 = ORIENTED_EDGE ( 'NONE', *, *, #4821, .T. ) ;
#2773 = AXIS2_PLACEMENT_3D ( 'NONE', #1925, #1332, #920 ) ;
#2774 = EDGE_CURVE ( 'NONE', #3909, #3501, #1464, .T. ) ;
#2775 = ORIENTED_EDGE ( 'NONE', *, *, #1222, .F. ) ;
#2776 = CARTESIAN_POINT ( 'NONE',  ( -4.905891476798508677, -5.421010862427522170E-16, 40.15471682547129717 ) ) ;
#2777 = CARTESIAN_POINT ( 'NONE',  ( -4.733827212008969276, 5.963111948670274387E-16, -33.17447239858307739 ) ) ;
#2778 = EDGE_LOOP ( 'NONE', ( #1725, #2758 ) ) ;
#2779 = CARTESIAN_POINT ( 'NONE',  ( 0.7900181394085581399, 0.3000000000000390132, -32.83195398936395293 ) ) ;
#2780 = CARTESIAN_POINT ( 'NONE',  ( -2.639522353628265261, 0.3000000000000150324, 41.68571386343535323 ) ) ;
#2781 = VERTEX_POINT ( 'NONE', #2093 ) ;
#2782 = EDGE_CURVE ( 'NONE', #5078, #342, #1071, .T. ) ;
#2783 = ORIENTED_EDGE ( 'NONE', *, *, #4568, .T. ) ;
#2784 = CARTESIAN_POINT ( 'NONE',  ( 4.151845596625327595, 0.3000000000000624945, 37.69401286584235322 ) ) ;
#2785 = LINE ( 'NONE', #1706, #3512 ) ;
#2786 = CARTESIAN_POINT ( 'NONE',  ( -4.239727889166951869, 0.3000000000000038747, -27.06327056884764204 ) ) ;
#2787 = CARTESIAN_POINT ( 'NONE',  ( -1.829057479843662515, 2.092510192897023558E-14, 43.41251035010368753 ) ) ;
#2788 = CARTESIAN_POINT ( 'NONE',  ( -4.907765321341830855, 0.2999999999999992117, 41.26433121859222553 ) ) ;
#2789 = ORIENTED_EDGE ( 'NONE', *, *, #6087, .F. ) ;
#2790 = CARTESIAN_POINT ( 'NONE',  ( 1.626454102443058769, 0.3000000000000448419, 38.17429904957307230 ) ) ;
#2791 = CARTESIAN_POINT ( 'NONE',  ( -3.902548046614921606, 6.234162491791650496E-15, -36.99513860406866428 ) ) ;
#2792 = CARTESIAN_POINT ( 'NONE',  ( 4.348997765079651856, 0.3000000000000638822, -30.83130729913256829 ) ) ;
#2793 = CARTESIAN_POINT ( 'NONE',  ( -1.624316733053032813, 2.217567772924356786E-14, -30.60589221148465455 ) ) ;
#2794 = CARTESIAN_POINT ( 'NONE',  ( -4.749334005271741432, 0.3000000000000003775, -29.00359110787261585 ) ) ;
#2795 = CARTESIAN_POINT ( 'NONE',  ( 0.3864782055840120245, 0.3000000000000361822, 38.09806593738794334 ) ) ;
#2796 = CARTESIAN_POINT ( 'NONE',  ( 4.277826605902763646, 6.339012438352647476E-14, -8.907617357042102668 ) ) ;
#2797 = DIRECTION ( 'NONE',  ( -1.000000000000000000, -7.506015040284271099E-16, 0.000000000000000000 ) ) ;
#2798 = CARTESIAN_POINT ( 'NONE',  ( 3.200750049242689688, 5.599904220887630402E-14, -28.03221665894349002 ) ) ;
#2799 = ORIENTED_EDGE ( 'NONE', *, *, #6214, .F. ) ;
#2800 = VECTOR ( 'NONE', #3556, 1000.000000000000000 ) ;
#2801 = ORIENTED_EDGE ( 'NONE', *, *, #4832, .F. ) ;
#2802 = ORIENTED_EDGE ( 'NONE', *, *, #5098, .F. ) ;
#2803 = CARTESIAN_POINT ( 'NONE',  ( -3.484424347347700124, 7.047314121155778821E-15, -36.93540700276692235 ) ) ;
#2804 = CARTESIAN_POINT ( 'NONE',  ( -2.630319005954915745, 1.515080140390215542E-14, -30.05188945630265351 ) ) ;
#2805 = CARTESIAN_POINT ( 'NONE',  ( 4.000000000000000000, 5.999999999999999112, -70.00000000000000000 ) ) ;
#2806 = EDGE_CURVE ( 'NONE', #2475, #4885, #1041, .T. ) ;
#2807 = CIRCLE ( 'NONE', #3665, 2.599999999999998312 ) ;
#2808 = ORIENTED_EDGE ( 'NONE', *, *, #2891, .F. ) ;
#2809 = CARTESIAN_POINT ( 'NONE',  ( 1.607669014400890051, 0.3000000000000446754, -31.48871103922525094 ) ) ;
#2810 = CARTESIAN_POINT ( 'NONE',  ( 1.956952577167069940, 4.718354766125379277E-14, -36.36804283989799558 ) ) ;
#2811 = ORIENTED_EDGE ( 'NONE', *, *, #5726, .F. ) ;
#2812 = EDGE_LOOP ( 'NONE', ( #1454, #2738, #4216, #1703 ) ) ;
#2813 = EDGE_CURVE ( 'NONE', #126, #6026, #483, .T. ) ;
#2814 = CARTESIAN_POINT ( 'NONE',  ( 0.2998072317769966966, 0.3000000000000355715, 28.67040053085039375 ) ) ;
#2815 = LINE ( 'NONE', #2874, #366 ) ;
#2816 = CARTESIAN_POINT ( 'NONE',  ( 1.231587863774313618, 0.3000000000000421219, 40.15089258735746824 ) ) ;
#2817 = DIRECTION ( 'NONE',  ( 4.283731423655104799E-16, 1.388630754403678270E-30, 1.000000000000000000 ) ) ;
#2818 = EDGE_CURVE ( 'NONE', #5078, #4795, #2461, .T. ) ;
#2819 = CARTESIAN_POINT ( 'NONE',  ( 0.01602579398157866555, 3.363012837414784794E-14, -34.58751099113514016 ) ) ;
#2820 = CARTESIAN_POINT ( 'NONE',  ( 4.277826605902767199, 0.3000000000000633271, 4.368704054090701838 ) ) ;
#2821 = CARTESIAN_POINT ( 'NONE',  ( -4.913472832573787308, 0.2999999999999991562, 40.67114541265701178 ) ) ;
#2822 = VERTEX_POINT ( 'NONE', #3575 ) ;
#2823 = CARTESIAN_POINT ( 'NONE',  ( -1.357195341873262739, 0.3000000000000239697, 36.31782416974235161 ) ) ;
#2824 = CARTESIAN_POINT ( 'NONE',  ( -3.484424347347700124, 0.3000000000000091482, -36.93540700276692235 ) ) ;
#2825 = CARTESIAN_POINT ( 'NONE',  ( 2.672675564669828141, 0.3000000000000521694, -27.67900330980737422 ) ) ;
#2826 = CARTESIAN_POINT ( 'NONE',  ( -2.340564852382053665E-28, 0.3000000000000334621, 4.871786559730191724E-44 ) ) ;
#2827 = CARTESIAN_POINT ( 'NONE',  ( 4.000000000000000000, 0.000000000000000000, 70.00000000000000000 ) ) ;
#2828 = CARTESIAN_POINT ( 'NONE',  ( 0.4794085458955858470, 3.686287386450715076E-14, 38.30944461913590970 ) ) ;
#2829 = CARTESIAN_POINT ( 'NONE',  ( 4.277826605902761870, 6.339012438352647476E-14, -20.14142778184677596 ) ) ;
#2830 = FACE_OUTER_BOUND ( 'NONE', #6492, .T. ) ;
#2831 = DIRECTION ( 'NONE',  ( 1.000000000000000000, 0.000000000000000000, 0.000000000000000000 ) ) ;
#2832 = CARTESIAN_POINT ( 'NONE',  ( -2.644016181098105545, 1.505515454108753555E-14, -30.35575572649636555 ) ) ;
#2833 = CARTESIAN_POINT ( 'NONE',  ( 4.277826605902767199, 0.3000000000000633271, -0.8510462443033864899 ) ) ;
#2834 = ORIENTED_EDGE ( 'NONE', *, *, #4122, .T. ) ;
#2835 = VECTOR ( 'NONE', #5214, 1000.000000000000000 ) ;
#2836 = ORIENTED_EDGE ( 'NONE', *, *, #1993, .T. ) ;
#2837 = VECTOR ( 'NONE', #928, 1000.000000000000000 ) ;
#2838 = CARTESIAN_POINT ( 'NONE',  ( -4.494851919800658457, 0.3000000000000020983, -37.37364494673769855 ) ) ;
#2839 = DIRECTION ( 'NONE',  ( -1.000000000000000000, -7.506015040284271099E-16, 0.000000000000000000 ) ) ;
#2840 = CARTESIAN_POINT ( 'NONE',  ( 1.607669014400890051, 4.474451357852825569E-14, -31.48871103922525094 ) ) ;
#2841 = CARTESIAN_POINT ( 'NONE',  ( 0.6546420018152000475, 0.3000000000000380695, 35.26772984532303923 ) ) ;
#2842 = ORIENTED_EDGE ( 'NONE', *, *, #912, .F. ) ;
#2843 = CARTESIAN_POINT ( 'NONE',  ( -2.133388434516076071, 1.864827736675067626E-14, -37.95666249593098485 ) ) ;
#2844 = VERTEX_POINT ( 'NONE', #5627 ) ;
#2845 = ORIENTED_EDGE ( 'NONE', *, *, #1698, .F. ) ;
#2846 = CARTESIAN_POINT ( 'NONE',  ( 4.066888863434393819, 6.191715400055438383E-14, 32.29033188625272288 ) ) ;
#2847 = CARTESIAN_POINT ( 'NONE',  ( 4.355037564978148090, 0.3000000000000638822, 39.10425734668651643 ) ) ;
#2848 = CARTESIAN_POINT ( 'NONE',  ( -4.913472832573787308, -7.923765547940876793E-16, 40.67114541265701178 ) ) ;
#2849 = DIRECTION ( 'NONE',  ( -1.000000000000000000, 0.000000000000000000, -0.000000000000000000 ) ) ;
#2850 = CARTESIAN_POINT ( 'NONE',  ( -4.800000000000006928, 0.2999999999999999889, 18.38082586394415685 ) ) ;
#2851 = EDGE_CURVE ( 'NONE', #3316, #2265, #1954, .T. ) ;
#2852 = DIRECTION ( 'NONE',  ( -1.000000000000000000, -6.982962677686267499E-15, 0.000000000000000000 ) ) ;
#2853 = ORIENTED_EDGE ( 'NONE', *, *, #912, .T. ) ;
#2854 = CARTESIAN_POINT ( 'NONE',  ( 2.121842787000852049, 4.833496984243894553E-14, -32.22451143794588546 ) ) ;
#2855 = CARTESIAN_POINT ( 'NONE',  ( 2.948643856937713359, 0.3000000000000540568, -27.83750895530594960 ) ) ;
#2856 = CARTESIAN_POINT ( 'NONE',  ( -4.538603004686857290, 1.825325462331094674E-15, -27.99301373838122942 ) ) ;
#2857 = CARTESIAN_POINT ( 'NONE',  ( -2.612166758377050702, 0.3000000000000152545, 41.32253933288067316 ) ) ;
#2858 = CARTESIAN_POINT ( 'NONE',  ( 0.2605361375379841582, 3.533753497751037671E-14, 30.83093401416640944 ) ) ;
#2859 = EDGE_CURVE ( 'NONE', #4795, #2535, #2497, .T. ) ;
#2860 = DIRECTION ( 'NONE',  ( -1.000000000000000000, -6.672013369141575078E-16, 0.000000000000000000 ) ) ;
#2861 = FACE_OUTER_BOUND ( 'NONE', #6462, .T. ) ;
#2862 = DIRECTION ( 'NONE',  ( 1.000000000000000000, 6.982962677685081841E-15, 0.000000000000000000 ) ) ;
#2863 = ORIENTED_EDGE ( 'NONE', *, *, #6473, .F. ) ;
#2864 = ADVANCED_FACE ( 'NONE', ( #6200 ), #1522, .T. ) ;
#2865 = LINE ( 'NONE', #5451, #4303 ) ;
#2866 = CARTESIAN_POINT ( 'NONE',  ( 0.000000000000000000, 5.000000000000000000, -70.00000000000000000 ) ) ;
#2867 = DIRECTION ( 'NONE',  ( -1.000000000000000000, 0.000000000000000000, 3.821891629542292715E-16 ) ) ;
#2868 = AXIS2_PLACEMENT_3D ( 'NONE', #3232, #3327, #1276 ) ;
#2869 = VERTEX_POINT ( 'NONE', #15 ) ;
#2870 = PLANE ( 'NONE',  #2417 ) ;
#2871 = CARTESIAN_POINT ( 'NONE',  ( 1.754970927894738963, 4.577311734280759448E-14, -36.37036819884966832 ) ) ;
#2872 = ORIENTED_EDGE ( 'NONE', *, *, #4042, .F. ) ;
#2873 = VERTEX_POINT ( 'NONE', #1461 ) ;
#2874 = CARTESIAN_POINT ( 'NONE',  ( -3.438326009114589521, 0.3000000000000094813, 18.82053309016756870 ) ) ;
#2875 = VECTOR ( 'NONE', #4954, 1000.000000000000000 ) ;
#2876 = CARTESIAN_POINT ( 'NONE',  ( -2.644016181098105545, 1.512462030617278685E-14, -30.35575572649636555 ) ) ;
#2877 = CARTESIAN_POINT ( 'NONE',  ( 4.391299438476554684, 0.3000000000000641598, 30.27774315410189843 ) ) ;
#2878 = CARTESIAN_POINT ( 'NONE',  ( -3.265246263001241989, 1.078781161623076912E-14, -36.94332878210918381 ) ) ;
#2879 = ADVANCED_FACE ( 'NONE', ( #4151 ), #3508, .T. ) ;
#2880 = ORIENTED_EDGE ( 'NONE', *, *, #6023, .F. ) ;
#2881 = CARTESIAN_POINT ( 'NONE',  ( 10.59999999999997655, 6.000000000000004441, 3.184081677783112767E-16 ) ) ;
#2882 = DIRECTION ( 'NONE',  ( -7.228014483236701486E-16, 1.000000000000000000, -0.000000000000000000 ) ) ;
#2883 = CARTESIAN_POINT ( 'NONE',  ( -1.300000000000000044, 5.000000000000000000, -70.00000000000000000 ) ) ;
#2884 = EDGE_CURVE ( 'NONE', #2265, #5641, #4047, .T. ) ;
#2885 = CARTESIAN_POINT ( 'NONE',  ( -0.2025859665257245534, 3.210357060962196783E-14, 31.14483792346860724 ) ) ;
#2886 = CARTESIAN_POINT ( 'NONE',  ( -0.5849028221956501516, 0.3000000000000294098, 43.57672311509931973 ) ) ;
#2887 = CARTESIAN_POINT ( 'NONE',  ( 4.351810018171238248, 0.3000000000000638822, -38.84284971892304128 ) ) ;
#2888 = CARTESIAN_POINT ( 'NONE',  ( 4.000000000000000000, 5.000000000000000000, 70.00000000000000000 ) ) ;
#2889 = CARTESIAN_POINT ( 'NONE',  ( 0.6668738641881192253, 3.817497615724413970E-14, 38.77980338061114907 ) ) ;
#2890 = CARTESIAN_POINT ( 'NONE',  ( -1.362351350674532169, 2.406928822917819843E-14, -30.02211020917194162 ) ) ;
#2891 = EDGE_CURVE ( 'NONE', #4679, #4040, #1590, .T. ) ;
#2892 = CARTESIAN_POINT ( 'NONE',  ( 0.5707707827331606198, 3.745918505937417819E-14, -33.40392176135320312 ) ) ;
#2893 = ORIENTED_EDGE ( 'NONE', *, *, #4525, .T. ) ;
#2894 = DIRECTION ( 'NONE',  ( -0.000000000000000000, -0.000000000000000000, 1.000000000000000000 ) ) ;
#2895 = CARTESIAN_POINT ( 'NONE',  ( 0.9975380024965369019, 4.048399149390120184E-14, -32.29603246647058512 ) ) ;
#2896 = CARTESIAN_POINT ( 'NONE',  ( 0.000000000000000000, 5.000000000000000000, 70.00000000000000000 ) ) ;
#2897 = ORIENTED_EDGE ( 'NONE', *, *, #1813, .F. ) ;
#2898 = AXIS2_PLACEMENT_3D ( 'NONE', #5320, #1191, #3299 ) ;
#2899 = CARTESIAN_POINT ( 'NONE',  ( 5.399999999999986144, 1.400000000000000799, -65.50000000000000000 ) ) ;
#2900 = FACE_OUTER_BOUND ( 'NONE', #182, .T. ) ;
#2901 = ORIENTED_EDGE ( 'NONE', *, *, #2654, .F. ) ;
#2902 = EDGE_CURVE ( 'NONE', #2535, #3554, #955, .T. ) ;
#2903 = ORIENTED_EDGE ( 'NONE', *, *, #260, .T. ) ;
#2904 = EDGE_CURVE ( 'NONE', #3675, #2644, #781, .T. ) ;
#2905 = PRESENTATION_LAYER_ASSIGNMENT (  '', '', ( #5917 ) ) ;
#2906 = CARTESIAN_POINT ( 'NONE',  ( 0.2605361375379841582, 0.3000000000000352940, 30.83093401416640944 ) ) ;
#2907 = CARTESIAN_POINT ( 'NONE',  ( -3.410809414312578891, 9.700666012048500432E-15, -36.93806767597034479 ) ) ;
#2908 = CARTESIAN_POINT ( 'NONE',  ( 4.241265047817305955, 6.315477654728063328E-14, 38.15451770185711666 ) ) ;
#2909 = CARTESIAN_POINT ( 'NONE',  ( -0.9409288631442278561, 2.694242398626478519E-14, 29.72926129881667379 ) ) ;
#2910 = VECTOR ( 'NONE', #5662, 1000.000000000000000 ) ;
#2911 = CARTESIAN_POINT ( 'NONE',  ( 0.1251663804306376582, 3.439225301594239665E-14, -34.38900998170185375 ) ) ;
#2912 = CARTESIAN_POINT ( 'NONE',  ( -2.494875965596641265, 1.615461237003401607E-14, -37.34629705810536393 ) ) ;
#2913 = ORIENTED_EDGE ( 'NONE', *, *, #5928, .T. ) ;
#2914 = CARTESIAN_POINT ( 'NONE',  ( -4.913472832573789972, 0.2999999999999991562, 30.27774315410190198 ) ) ;
#2915 = DIRECTION ( 'NONE',  ( -7.228014483236701486E-16, 1.000000000000000000, 0.000000000000000000 ) ) ;
#2916 = CARTESIAN_POINT ( 'NONE',  ( -3.484424347347701012, 0.3000000000000091482, -39.88570064968532591 ) ) ;
#2917 = DIRECTION ( 'NONE',  ( 0.000000000000000000, -1.000000000000000000, 0.000000000000000000 ) ) ;
#2918 = CARTESIAN_POINT ( 'NONE',  ( -4.870920520358624550, 0.2999999999999994893, 4.368704054090705391 ) ) ;
#2919 = VERTEX_POINT ( 'NONE', #4914 ) ;
#2920 = CARTESIAN_POINT ( 'NONE',  ( 2.461502701462638942, 5.074066167232160751E-14, -36.39947976098424220 ) ) ;
#2921 = FACE_OUTER_BOUND ( 'NONE', #4576, .T. ) ;
#2922 = CARTESIAN_POINT ( 'NONE',  ( 3.880327604688988075, 6.066111155056397308E-14, -39.73120943067678468 ) ) ;
#2923 = CARTESIAN_POINT ( 'NONE',  ( -0.9406096436003561490, 0.3000000000000269118, 29.90261429965821804 ) ) ;
#2924 = CARTESIAN_POINT ( 'NONE',  ( -2.612166758377066245, 1.527755787125438832E-14, -30.61923651889881626 ) ) ;
#2925 = CARTESIAN_POINT ( 'NONE',  ( 0.2991870202482602159, 0.3000000000000355715, -34.04174424848046243 ) ) ;
#2926 = ORIENTED_EDGE ( 'NONE', *, *, #1779, .F. ) ;
#2927 = ADVANCED_FACE ( 'NONE', ( #5924 ), #751, .F. ) ;
#2928 = AXIS2_PLACEMENT_3D ( 'NONE', #2547, #2519, #3096 ) ;
#2929 = ADVANCED_FACE ( 'NONE', ( #5702 ), #4847, .T. ) ;
#2930 = CARTESIAN_POINT ( 'NONE',  ( 0.01602579398157866555, 0.3000000000000335731, -34.58751099113514016 ) ) ;
#2931 = CARTESIAN_POINT ( 'NONE',  ( -0.1556979415720737003, 0.3000000000000324074, 35.34214618090872051 ) ) ;
#2932 = ORIENTED_EDGE ( 'NONE', *, *, #5896, .F. ) ;
#2933 = CIRCLE ( 'NONE', #1534, 1.000000000000000888 ) ;
#2934 = CARTESIAN_POINT ( 'NONE',  ( 0.1498840320622168709, 0.3000000000000345723, -36.76627945226096017 ) ) ;
#2935 = ORIENTED_EDGE ( 'NONE', *, *, #1751, .T. ) ;
#2936 = ORIENTED_EDGE ( 'NONE', *, *, #257, .F. ) ;
#2937 = CARTESIAN_POINT ( 'NONE',  ( 2.054320344270533560, 0.3000000000000478395, -31.77950396930728871 ) ) ;
#2938 = CARTESIAN_POINT ( 'NONE',  ( -2.494875965596641265, 1.609659509967636172E-14, -37.34629705810536393 ) ) ;
#2939 = CARTESIAN_POINT ( 'NONE',  ( -2.612166758377066245, 0.3000000000000152545, -30.61923651889881626 ) ) ;
#2940 = LINE ( 'NONE', #4987, #5738 ) ;
#2941 = CARTESIAN_POINT ( 'NONE',  ( -2.435888362454808220, 0.3000000000000165312, -29.43189876433645225 ) ) ;
#2942 = ADVANCED_FACE ( 'NONE', ( #6452 ), #4725, .T. ) ;
#2943 = DIRECTION ( 'NONE',  ( 0.4563945087701076764, 0.000000000000000000, 0.8897775297030670050 ) ) ;
#2944 = CARTESIAN_POINT ( 'NONE',  ( -2.666363799069642493, 0.3000000000000148659, -37.19935122218389978 ) ) ;
#2945 = ORIENTED_EDGE ( 'NONE', *, *, #469, .F. ) ;
#2946 = DIRECTION ( 'NONE',  ( 1.000000000000000000, 0.000000000000000000, -4.067645193304434615E-16 ) ) ;
#2947 = CARTESIAN_POINT ( 'NONE',  ( 2.121842787000866259, 0.3000000000000483391, 39.71726441383362527 ) ) ;
#2948 = CARTESIAN_POINT ( 'NONE',  ( -4.815168031478038735, 0.2999999999999998779, -32.74502550509744481 ) ) ;
#2949 = LINE ( 'NONE', #3988, #6189 ) ;
#2950 = CARTESIAN_POINT ( 'NONE',  ( -0.09917805123560193004, 3.282566422267024865E-14, 31.13812067098742631 ) ) ;
#2951 = VERTEX_POINT ( 'NONE', #3685 ) ;
#2952 = DIRECTION ( 'NONE',  ( 0.8346519609615571378, 5.828343492252208655E-15, 0.5507777265494921970 ) ) ;
#2953 = LINE ( 'NONE', #3899, #1238 ) ;
#2954 = LINE ( 'NONE', #5004, #769 ) ;
#2955 = CARTESIAN_POINT ( 'NONE',  ( 4.308126567036875798, 0.3000000000000635492, -33.31671687617679112 ) ) ;
#2956 = CARTESIAN_POINT ( 'NONE',  ( 4.131938275465236288, 6.237139161697130631E-14, -39.40225720545956989 ) ) ;
#2957 = DIRECTION ( 'NONE',  ( 0.9495246857993071554, 6.630495442478342213E-15, -0.3136923190926536043 ) ) ;
#2958 = ORIENTED_EDGE ( 'NONE', *, *, #5928, .F. ) ;
#2959 = CARTESIAN_POINT ( 'NONE',  ( 0.1647870109559484986, 3.474867962816041711E-14, 30.97315381409053359 ) ) ;
#2960 = CARTESIAN_POINT ( 'NONE',  ( 1.281970042138953714, 0.3000000000000423994, -27.40445772368652300 ) ) ;
#2961 = CIRCLE ( 'NONE', #5769, 2.599999999999996536 ) ;
#2962 = ORIENTED_EDGE ( 'NONE', *, *, #834, .T. ) ;
#2963 = EDGE_CURVE ( 'NONE', #967, #2418, #1059, .T. ) ;
#2964 = VERTEX_POINT ( 'NONE', #5230 ) ;
#2965 = ORIENTED_EDGE ( 'NONE', *, *, #3002, .F. ) ;
#2966 = VECTOR ( 'NONE', #5980, 999.9999999999998863 ) ;
#2967 = CARTESIAN_POINT ( 'NONE',  ( 0.4197502983940923915, 0.3000000000000364042, 29.89477234416537499 ) ) ;
#2968 = CARTESIAN_POINT ( 'NONE',  ( 4.385525955529536724, 0.3000000000000641043, -38.21088805528329146 ) ) ;
#2969 = CARTESIAN_POINT ( 'NONE',  ( 4.277826605902765422, 0.3000000000000633271, -10.04234568277993667 ) ) ;
#2970 = CARTESIAN_POINT ( 'NONE',  ( 4.391299438476560901, 0.3000000000000641598, 40.08782413270738232 ) ) ;
#2971 = CARTESIAN_POINT ( 'NONE',  ( -4.800000000000003375, 0.2999999999999999889, 26.51895557509527634 ) ) ;
#2972 = CARTESIAN_POINT ( 'NONE',  ( 2.355129913565425337, 0.3000000000000499489, 34.54727145396964261 ) ) ;
#2973 = LINE ( 'NONE', #1810, #966 ) ;
#2974 = ADVANCED_FACE ( 'NONE', ( #5389 ), #785, .T. ) ;
#2975 = EDGE_CURVE ( 'NONE', #1724, #4144, #2319, .T. ) ;
#2976 = CARTESIAN_POINT ( 'NONE',  ( -0.9381326144339934281, 2.696727581958129691E-14, 30.09453289248567742 ) ) ;
#2977 = ORIENTED_EDGE ( 'NONE', *, *, #4980, .T. ) ;
#2978 = VECTOR ( 'NONE', #355, 1000.000000000000000 ) ;
#2979 = CARTESIAN_POINT ( 'NONE',  ( -4.672156895580365621, 8.131516293641283255E-16, 28.33935907010500799 ) ) ;
#2980 = FACE_OUTER_BOUND ( 'NONE', #5326, .T. ) ;
#2981 = CARTESIAN_POINT ( 'NONE',  ( -2.133388434516076071, 1.862084903766090023E-14, -37.95666249593098485 ) ) ;
#2982 = B_SPLINE_CURVE_WITH_KNOTS ( 'NONE', 3,
 ( #1005, #3054, #6455, #5099, #6641, #4097, #1849, #1537, #1046, #3091, #4269 ),
 .UNSPECIFIED., .F., .F.,
 ( 4, 1, 1, 1, 1, 1, 1, 1, 4 ),
 ( 0.000000000000000000, 0.1689022074795300254, 0.3184317872561837626, 0.4482139440641094708, 0.5625756027281693106, 0.6697294301672188643, 0.7729592904557750499, 0.8812919015951191648, 1.000000000000000000 ),
 .UNSPECIFIED. ) ;
#2983 = CARTESIAN_POINT ( 'NONE',  ( -3.902897541613979726, 0.3000000000000062617, -39.82840717263218266 ) ) ;
#2984 = DIRECTION ( 'NONE',  ( 8.992686187158334176E-16, 0.000000000000000000, 1.000000000000000000 ) ) ;
#2985 = ORIENTED_EDGE ( 'NONE', *, *, #2026, .F. ) ;
#2986 = CARTESIAN_POINT ( 'NONE',  ( 3.867139973607732095, 0.3000000000000604961, -37.09521324651944241 ) ) ;
#2987 = CARTESIAN_POINT ( 'NONE',  ( -4.870920520358624550, 0.2999999999999994893, 4.368704054090705391 ) ) ;
#2988 = CARTESIAN_POINT ( 'NONE',  ( -2.186394262467371341, 0.3000000000000182521, -31.03259385441577933 ) ) ;
#2989 = CARTESIAN_POINT ( 'NONE',  ( 0.7619418091244145597, 3.883883206857862301E-14, 39.03288139237298537 ) ) ;
#2990 = DIRECTION ( 'NONE',  ( -7.228014483236701486E-16, 1.000000000000000000, -0.000000000000000000 ) ) ;
#2991 = CARTESIAN_POINT ( 'NONE',  ( 4.301680792169972456, 6.355669727593698533E-14, -39.03834671317407157 ) ) ;
#2992 = CARTESIAN_POINT ( 'NONE',  ( -1.883183696199259405, 0.3000000000000203615, -35.68394908050886727 ) ) ;
#2993 = ORIENTED_EDGE ( 'NONE', *, *, #3794, .T. ) ;
#2994 = B_SPLINE_CURVE_WITH_KNOTS ( 'NONE', 3,
 ( #2947, #1308, #1901, #4994, #385, #1337, #5977, #294, #4931, #5529, #4429 ),
 .UNSPECIFIED., .F., .F.,
 ( 4, 1, 1, 1, 1, 1, 1, 1, 4 ),
 ( 0.000000000000000000, 0.1689022074795359651, 0.3184317872561822638, 0.4482139440641136896, 0.5625756027281670901, 0.6697294301672211958, 0.7729592904557768263, 0.8812919015951204971, 1.000000000000000000 ),
 .UNSPECIFIED. ) ;
#2995 = CARTESIAN_POINT ( 'NONE',  ( 4.391299438476554684, 0.3000000000000641598, 30.27774315410189843 ) ) ;
#2996 = EDGE_LOOP ( 'NONE', ( #6299, #3755, #4610, #671 ) ) ;
#2997 = ORIENTED_EDGE ( 'NONE', *, *, #5190, .T. ) ;
#2998 = ORIENTED_EDGE ( 'NONE', *, *, #2474, .F. ) ;
#2999 = CARTESIAN_POINT ( 'NONE',  ( 2.119941732340036911, 0.3000000000000482836, -32.16713293108549010 ) ) ;
#3000 = CARTESIAN_POINT ( 'NONE',  ( 4.391299438476544914, 0.3000000000000641598, -38.42828395631578076 ) ) ;
#3001 = DIRECTION ( 'NONE',  ( -7.228014483236701486E-16, 1.000000000000000000, 0.000000000000000000 ) ) ;
#3002 = EDGE_CURVE ( 'NONE', #6310, #4621, #5039, .T. ) ;
#3003 = FACE_BOUND ( 'NONE', #1794, .T. ) ;
#3004 = AXIS2_PLACEMENT_3D ( 'NONE', #2406, #5532, #1872 ) ;
#3005 = CARTESIAN_POINT ( 'NONE',  ( -3.978403917251473576, 5.854691731421723944E-15, -34.83074239887692158 ) ) ;
#3006 = DIRECTION ( 'NONE',  ( -1.000000000000000000, -6.672013369141575078E-16, 0.000000000000000000 ) ) ;
#3007 = CARTESIAN_POINT ( 'NONE',  ( 3.483516777886278781, 0.3000000000000578315, 26.60937923855251697 ) ) ;
#3008 = DIRECTION ( 'NONE',  ( 0.000000000000000000, -1.000000000000000000, 0.000000000000000000 ) ) ;
#3009 = EDGE_CURVE ( 'NONE', #1109, #405, #5883, .T. ) ;
#3010 = EDGE_CURVE ( 'NONE', #1856, #5807, #3403, .T. ) ;
#3011 = VECTOR ( 'NONE', #3825, 1000.000000000000000 ) ;
#3012 = EDGE_LOOP ( 'NONE', ( #4143, #1918, #5033, #2703, #402, #3018, #4973, #3376 ) ) ;
#3013 = CARTESIAN_POINT ( 'NONE',  ( -4.073506686801241727, 0.3000000000000050959, 26.73358665364533948 ) ) ;
#3014 = CARTESIAN_POINT ( 'NONE',  ( -2.029729034756839301, 0.3000000000000193068, -37.89165220293429570 ) ) ;
#3015 = DIRECTION ( 'NONE',  ( 0.000000000000000000, -1.000000000000000000, 0.000000000000000000 ) ) ;
#3016 = DIRECTION ( 'NONE',  ( 6.505213034913020688E-16, -1.000000000000000000, 0.000000000000000000 ) ) ;
#3017 = CARTESIAN_POINT ( 'NONE',  ( 1.231587863774302516, 0.3000000000000421219, -31.79088326442203893 ) ) ;
#3018 = ORIENTED_EDGE ( 'NONE', *, *, #1698, .T. ) ;
#3019 = CARTESIAN_POINT ( 'NONE',  ( 4.385525955529536724, 6.418476861114186249E-14, -38.21088805528329146 ) ) ;
#3020 = CARTESIAN_POINT ( 'NONE',  ( 12.00000000000000000, 6.938893903907228378E-15, 69.00000000000000000 ) ) ;
#3021 = ADVANCED_FACE ( 'NONE', ( #6050 ), #2688, .T. ) ;
#3022 = CARTESIAN_POINT ( 'NONE',  ( -3.978403917251458921, 0.3000000000000057065, 37.11103345290258915 ) ) ;
#3023 = CARTESIAN_POINT ( 'NONE',  ( 3.722634465029642570, 5.957690937807846865E-14, -39.87769282886888078 ) ) ;
#3024 = CARTESIAN_POINT ( 'NONE',  ( 0.1251663804306532013, 3.439225301594242189E-14, 37.55276587007764277 ) ) ;
#3025 = DIRECTION ( 'NONE',  ( 0.000000000000000000, -1.000000000000000000, 0.000000000000000000 ) ) ;
#3026 = CARTESIAN_POINT ( 'NONE',  ( -4.913472832573801519, -7.923765547940862002E-16, -38.41941889127095067 ) ) ;
#3027 = DIRECTION ( 'NONE',  ( 4.246546255046992673E-16, 1.511873309471876237E-30, 1.000000000000000000 ) ) ;
#3028 = DIRECTION ( 'NONE',  ( -0.9456590491112031316, -6.603501845759818775E-15, 0.3251599034845704117 ) ) ;
#3029 = EDGE_LOOP ( 'NONE', ( #795, #2667, #6226, #2050 ) ) ;
#3030 = EDGE_CURVE ( 'NONE', #4769, #5811, #2619, .T. ) ;
#3031 = CARTESIAN_POINT ( 'NONE',  ( -3.484424347347701012, 0.3000000000000091482, -39.88570064968532591 ) ) ;
#3032 = VECTOR ( 'NONE', #1192, 1000.000000000000000 ) ;
#3033 = VERTEX_POINT ( 'NONE', #4033 ) ;
#3034 = EDGE_LOOP ( 'NONE', ( #2863, #604, #1584, #59 ) ) ;
#3035 = ORIENTED_EDGE ( 'NONE', *, *, #1409, .F. ) ;
#3036 = CARTESIAN_POINT ( 'NONE',  ( 1.648197029008577008, 4.510281037539698445E-14, -31.49015633754567034 ) ) ;
#3037 = CARTESIAN_POINT ( 'NONE',  ( -2.644016181098105545, 0.3000000000000150324, -30.35575572649636555 ) ) ;
#3038 = CARTESIAN_POINT ( 'NONE',  ( 7.999999999999983125, 1.400000000000002798, 0.000000000000000000 ) ) ;
#3039 = CARTESIAN_POINT ( 'NONE',  ( 3.820618509800882023, 6.017322057294549609E-14, 36.51179342226841840 ) ) ;
#3040 = FACE_OUTER_BOUND ( 'NONE', #4901, .T. ) ;
#3041 = CARTESIAN_POINT ( 'NONE',  ( 1.962629466150767277, 0.3000000000000471734, 34.79305116404280795 ) ) ;
#3042 = ORIENTED_EDGE ( 'NONE', *, *, #1343, .T. ) ;
#3043 = DIRECTION ( 'NONE',  ( -1.000000000000000000, -7.506015040284271099E-16, 0.000000000000000000 ) ) ;
#3044 = EDGE_LOOP ( 'NONE', ( #4891, #6554 ) ) ;
#3045 = AXIS2_PLACEMENT_3D ( 'NONE', #3389, #2915, #4960 ) ;
#3046 = CARTESIAN_POINT ( 'NONE',  ( -4.903592019945191893, -7.589415207398531038E-16, 29.80514321171383685 ) ) ;
#3047 = DIRECTION ( 'NONE',  ( 1.000000000000000000, 0.000000000000000000, 0.000000000000000000 ) ) ;
#3048 = CARTESIAN_POINT ( 'NONE',  ( -12.00000000000000000, 0.000000000000000000, -69.00000000000000000 ) ) ;
#3049 = EDGE_CURVE ( 'NONE', #1356, #3778, #1478, .T. ) ;
#3050 = CARTESIAN_POINT ( 'NONE',  ( -4.870920520358624550, -4.952353467463114309E-16, 4.368704054090705391 ) ) ;
#3051 = PLANE ( 'NONE',  #6446 ) ;
#3052 = ORIENTED_EDGE ( 'NONE', *, *, #633, .T. ) ;
#3053 = DIRECTION ( 'NONE',  ( -1.000000000000000000, -7.506015040284271099E-16, 0.000000000000000000 ) ) ;
#3054 = CARTESIAN_POINT ( 'NONE',  ( 2.119941732340036911, 4.832169484869422576E-14, -32.16713293108549010 ) ) ;
#3055 = DIRECTION ( 'NONE',  ( 1.000000000000000000, 0.000000000000000000, -3.474446935947538249E-16 ) ) ;
#3056 = B_SPLINE_CURVE_WITH_KNOTS ( 'NONE', 3,
 ( #5467, #862, #1401, #3862, #5914, #3358, #5412, #4660, #5634, #2504, #962 ),
 .UNSPECIFIED., .F., .F.,
 ( 4, 1, 1, 1, 1, 1, 1, 1, 4 ),
 ( 0.000000000000000000, 0.1314695072733020609, 0.2603570407267062903, 0.3872900060521315968, 0.5125221014239876860, 0.6363758010241361562, 0.7584642406616968202, 0.8795863584309627781, 1.000000000000000000 ),
 .UNSPECIFIED. ) ;
#3057 = CARTESIAN_POINT ( 'NONE',  ( -4.838268674657664192, -1.626303258728256651E-16, 31.37220606810353729 ) ) ;
#3058 = CARTESIAN_POINT ( 'NONE',  ( -4.594013229281103783, 1.438397932027279876E-15, -39.34938159871578023 ) ) ;
#3059 = CARTESIAN_POINT ( 'NONE',  ( 1.358455888594032324, 0.3000000000000429545, 40.32029985877520772 ) ) ;
#3060 = CARTESIAN_POINT ( 'NONE',  ( 4.385725160504716058, 6.414357596328823577E-14, -38.63866863407061913 ) ) ;
#3061 = CARTESIAN_POINT ( 'NONE',  ( -4.800000000000003375, 3.200678509869458970E-32, 26.51895557509527634 ) ) ;
#3062 = CARTESIAN_POINT ( 'NONE',  ( 0.1928046332465216117, 3.486456841093955733E-14, 28.29728762308756629 ) ) ;
#3063 = DIRECTION ( 'NONE',  ( 1.000000000000000000, 0.000000000000000000, -4.246546255046992180E-16 ) ) ;
#3064 = VERTEX_POINT ( 'NONE', #4602 ) ;
#3065 = LINE ( 'NONE', #6151, #1092 ) ;
#3066 = EDGE_CURVE ( 'NONE', #2367, #339, #2771, .T. ) ;
#3067 = DIRECTION ( 'NONE',  ( 1.000000000000000000, 6.982962677686265922E-15, -3.474446935947538249E-16 ) ) ;
#3068 = ORIENTED_EDGE ( 'NONE', *, *, #1678, .F. ) ;
#3069 = EDGE_LOOP ( 'NONE', ( #1765, #3183, #2358, #3974, #4396, #4192, #2328, #4418, #597, #5231, #5437, #1108, #5500, #4005 ) ) ;
#3070 = ORIENTED_EDGE ( 'NONE', *, *, #1655, .T. ) ;
#3071 = CYLINDRICAL_SURFACE ( 'NONE', #892, 1.000000000000000888 ) ;
#3072 = VECTOR ( 'NONE', #4928, 1000.000000000000000 ) ;
#3073 = CARTESIAN_POINT ( 'NONE',  ( 3.867139973607732095, 0.3000000000000604961, -37.09521324651944241 ) ) ;
#3074 = LINE ( 'NONE', #3571, #42 ) ;
#3075 = CARTESIAN_POINT ( 'NONE',  ( -3.978403917251458921, 0.3000000000000057065, 37.11103345290258915 ) ) ;
#3076 = CARTESIAN_POINT ( 'NONE',  ( -1.668646482053288915, 2.186612474646348090E-14, 36.26417067840509389 ) ) ;
#3077 = CARTESIAN_POINT ( 'NONE',  ( 7.999999999999979572, 6.000000000000002665, 32.75000000000000000 ) ) ;
#3078 = CARTESIAN_POINT ( 'NONE',  ( 7.999999999999983125, 1.400000000000002798, -32.75000000000000000 ) ) ;
#3079 = VECTOR ( 'NONE', #4642, 1000.000000000000000 ) ;
#3080 = B_SPLINE_CURVE_WITH_KNOTS ( 'NONE', 3,
 ( #1790, #3847, #3490, #5897, #2955, #3963, #5005, #3996, #1475, #974, #397 ),
 .UNSPECIFIED., .F., .F.,
 ( 4, 1, 1, 1, 1, 1, 1, 1, 4 ),
 ( 0.000000000000000000, 0.1314695072733018111, 0.2603570407267057907, 0.3872900060521326515, 0.5125221014239885742, 0.6363758010241368224, 0.7584642406616972643, 0.8795863584309628891, 1.000000000000000000 ),
 .UNSPECIFIED. ) ;
#3081 = ORIENTED_EDGE ( 'NONE', *, *, #206, .T. ) ;
#3082 = VERTEX_POINT ( 'NONE', #5107 ) ;
#3083 = CARTESIAN_POINT ( 'NONE',  ( -1.690805019079701488, 2.171139250941593360E-14, 35.16120268912840174 ) ) ;
#3084 = CARTESIAN_POINT ( 'NONE',  ( -8.000000000000007105, 1.399999999999990585, 65.50000000000000000 ) ) ;
#3085 = CARTESIAN_POINT ( 'NONE',  ( 2.116357668861257313, 0.3000000000000482836, 39.88281877441612977 ) ) ;
#3086 = AXIS2_PLACEMENT_3D ( 'NONE', #2674, #1139, #5859 ) ;
#3087 = CARTESIAN_POINT ( 'NONE',  ( -4.857963980825509509, 0.2999999999999996003, -38.85011092404509014 ) ) ;
#3088 = EDGE_CURVE ( 'NONE', #3159, #514, #5611, .T. ) ;
#3089 = CARTESIAN_POINT ( 'NONE',  ( 1.289424520594337986, 0.3000000000000424549, -31.70304109170912810 ) ) ;
#3090 = ORIENTED_EDGE ( 'NONE', *, *, #3677, .F. ) ;
#3091 = CARTESIAN_POINT ( 'NONE',  ( 1.648197029008577008, 4.502751919193445595E-14, -31.49015633754567034 ) ) ;
#3092 = CARTESIAN_POINT ( 'NONE',  ( -11.00000000000000000, -2.020667218593132311E-15, -69.00000000000000000 ) ) ;
#3093 = CARTESIAN_POINT ( 'NONE',  ( 0.3640793263378176992, 0.3000000000000360156, -40.14836932096963551 ) ) ;
#3094 = CARTESIAN_POINT ( 'NONE',  ( 0.3276631479849733686, 3.580628038612634906E-14, 44.33853269234764838 ) ) ;
#3095 = ADVANCED_FACE ( 'NONE', ( #2008 ), #2548, .T. ) ;
#3096 = DIRECTION ( 'NONE',  ( -4.283731423655104799E-16, 0.000000000000000000, -1.000000000000000000 ) ) ;
#3097 = CARTESIAN_POINT ( 'NONE',  ( -0.6839752127191354170, 2.873135757086586750E-14, 28.45813505792359521 ) ) ;
#3098 = CARTESIAN_POINT ( 'NONE',  ( -1.353292046776539914, 0.3000000000000240252, -28.12482704292614244 ) ) ;
#3099 = ORIENTED_EDGE ( 'NONE', *, *, #2525, .F. ) ;
#3100 = LINE ( 'NONE', #3670, #427 ) ;
#3101 = ADVANCED_FACE ( 'NONE', ( #3877 ), #1760, .F. ) ;
#3102 = EDGE_CURVE ( 'NONE', #3132, #1061, #3848, .T. ) ;
#3103 = LINE ( 'NONE', #6154, #1424 ) ;
#3104 = ORIENTED_EDGE ( 'NONE', *, *, #5254, .T. ) ;
#3105 = ORIENTED_EDGE ( 'NONE', *, *, #6176, .F. ) ;
#3106 = CARTESIAN_POINT ( 'NONE',  ( -4.239727889166937658, 3.912359239295775660E-15, 44.87850528293186159 ) ) ;
#3107 = CARTESIAN_POINT ( 'NONE',  ( 4.277826605902763646, 6.339012438352648739E-14, -21.95699310302734375 ) ) ;
#3108 = CARTESIAN_POINT ( 'NONE',  ( -4.351410559965921188, 3.361026734705063745E-15, 37.67352424443313907 ) ) ;
#3109 = CARTESIAN_POINT ( 'NONE',  ( 0.8736416286892210170, 0.3000000000000396239, -16.05640580919052240 ) ) ;
#3110 = CARTESIAN_POINT ( 'NONE',  ( -1.395815022786472293, 0.3000000000000237477, -16.05640580919052240 ) ) ;
#3111 = ORIENTED_EDGE ( 'NONE', *, *, #1116, .F. ) ;
#3112 = DIRECTION ( 'NONE',  ( -2.123273127523496090E-16, 0.000000000000000000, -1.000000000000000000 ) ) ;
#3113 = EDGE_CURVE ( 'NONE', #1582, #6369, #1366, .T. ) ;
#3114 = ORIENTED_EDGE ( 'NONE', *, *, #1862, .T. ) ;
#3115 = VERTEX_POINT ( 'NONE', #5929 ) ;
#3116 = DIRECTION ( 'NONE',  ( -1.000000000000000000, 0.000000000000000000, 1.019171101211278123E-15 ) ) ;
#3117 = CYLINDRICAL_SURFACE ( 'NONE', #5515, 1.000000000000000888 ) ;
#3118 = CARTESIAN_POINT ( 'NONE',  ( -2.110803557749052928, 0.3000000000000187517, 35.01074085023495286 ) ) ;
#3119 = FACE_OUTER_BOUND ( 'NONE', #993, .T. ) ;
#3120 = VECTOR ( 'NONE', #6248, 1000.000000000000000 ) ;
#3121 = DIRECTION ( 'NONE',  ( 0.000000000000000000, -1.000000000000000000, 0.000000000000000000 ) ) ;
#3122 = ORIENTED_EDGE ( 'NONE', *, *, #2013, .T. ) ;
#3123 = CARTESIAN_POINT ( 'NONE',  ( 4.289144946042564577, 6.353424730765055983E-14, 41.57695601319492340 ) ) ;
#3124 = CARTESIAN_POINT ( 'NONE',  ( -4.351410559965921188, 0.3000000000000030975, 37.67352424443313907 ) ) ;
#3125 = CARTESIAN_POINT ( 'NONE',  ( 4.381446922212215433, 6.411370118496536534E-14, 29.79334593484650995 ) ) ;
#3126 = CARTESIAN_POINT ( 'NONE',  ( -3.438326009114588189, 9.508518657528967744E-15, 22.01904855834112595 ) ) ;
#3127 = CARTESIAN_POINT ( 'NONE',  ( -3.484424347347701012, 9.186615682143873242E-15, -39.88570064968532591 ) ) ;
#3128 = VECTOR ( 'NONE', #48, 1000.000000000000000 ) ;
#3129 = CARTESIAN_POINT ( 'NONE',  ( 1.105734467289789080, 4.125389266307344371E-14, -40.35558278671086896 ) ) ;
#3130 = CARTESIAN_POINT ( 'NONE',  ( 4.277826605902767199, 0.3000000000000633271, 8.453726026746952726 ) ) ;
#3131 = CARTESIAN_POINT ( 'NONE',  ( -1.993320406807801204, 0.3000000000000195843, 9.361508687337231294 ) ) ;
#3132 = VERTEX_POINT ( 'NONE', #307 ) ;
#3133 = DIRECTION ( 'NONE',  ( 0.000000000000000000, -1.000000000000000000, 0.000000000000000000 ) ) ;
#3134 = B_SPLINE_CURVE_WITH_KNOTS ( 'NONE', 3,
 ( #3526, #6646, #3060, #1054, #2991, #905, #2956, #539, #6082, #3997, #4501, #6048, #3594, #2043, #1448, #4640, #942, #3491, #4535 ),
 .UNSPECIFIED., .F., .F.,
 ( 4, 1, 1, 1, 1, 1, 1, 1, 1, 1, 1, 1, 1, 1, 1, 1, 4 ),
 ( 0.000000000000000000, 0.06124811215327040370, 0.1200811647594940829, 0.1780711754646549516, 0.2350576978971776199, 0.2929916676813237308, 0.3512499244131481735, 0.4112983210755264407, 0.4736835373780666214, 0.5365004617051540858, 0.5995651040791653008, 0.6624874277381799237, 0.7259136398564370873, 0.7912450390378125142, 0.8583269767119900973, 0.9275686342340818680, 0.9999999999999998890 ),
 .UNSPECIFIED. ) ;
#3135 = B_SPLINE_SURFACE_WITH_KNOTS ( 'NONE', 3, 1, ( 
 ( #3918, #5462 ),
 ( #857, #2909 ),
 ( #1802, #3857 ),
 ( #4955, #6647 ),
 ( #4103, #2044 ),
 ( #2077, #4137 ),
 ( #6148, #107 ),
 ( #3595, #5648 ),
 ( #1055, #3097 ),
 ( #5143, #1648 ),
 ( #3166, #1123 ) ),
 .UNSPECIFIED., .F., .F., .F.,
 ( 4, 1, 1, 1, 1, 1, 1, 1, 4 ),
 ( 2, 2 ),
 ( 0.000000000000000000, 0.1377975365248373385, 0.2713923541180600085, 0.4000397752264568396, 0.5252976497836711056, 0.6476238849957134391, 0.7675099851304751919, 0.8844239865659155875, 1.000000000000000000 ),
 ( 0.000000000000000000, 1.000000000000000000 ),
 .UNSPECIFIED. ) ;
#3136 = ADVANCED_FACE ( 'NONE', ( #3277 ), #789, .T. ) ;
#3137 = ADVANCED_FACE ( 'NONE', ( #1289 ), #2745, .F. ) ;
#3138 = ORIENTED_EDGE ( 'NONE', *, *, #5418, .F. ) ;
#3139 = VERTEX_POINT ( 'NONE', #6363 ) ;
#3140 = ORIENTED_EDGE ( 'NONE', *, *, #4246, .F. ) ;
#3141 = B_SPLINE_CURVE_WITH_KNOTS ( 'NONE', 3,
 ( #4130, #3736, #5790, #5313, #5281, #2724, #4770, #4837, #5880, #3325, #204, #1743, #4298, #3796, #4365, #2823, #5847, #263, #1244 ),
 .UNSPECIFIED., .F., .F.,
 ( 4, 1, 1, 1, 1, 1, 1, 1, 1, 1, 1, 1, 1, 1, 1, 1, 4 ),
 ( 0.000000000000000000, 0.06480916084195609272, 0.1263493137603080851, 0.1840869594338958026, 0.2387416829624842418, 0.2896182280257562081, 0.3370906112673940913, 0.3811990263900851827, 0.4217897500224108698, 0.4972470010393397200, 0.5692737207317585257, 0.6391353460476641990, 0.7082163981344784531, 0.7773921899943855296, 0.8483686164361373683, 0.9221571796891797623, 1.000000000000000000 ),
 .UNSPECIFIED. ) ;
#3142 = CARTESIAN_POINT ( 'NONE',  ( -4.911550313876355212, -7.789516784827666233E-16, 40.87095418334794061 ) ) ;
#3143 = DIRECTION ( 'NONE',  ( 0.000000000000000000, 0.000000000000000000, -1.000000000000000000 ) ) ;
#3144 = CARTESIAN_POINT ( 'NONE',  ( -0.2557676580217192464, 0.3000000000000316858, 31.14829254150390980 ) ) ;
#3145 = CARTESIAN_POINT ( 'NONE',  ( 4.045621532888014293, 0.3000000000000617173, 37.24249604392226587 ) ) ;
#3146 = CARTESIAN_POINT ( 'NONE',  ( -4.174721520575658040, 4.499439015814843401E-15, -34.56524158240507205 ) ) ;
#3147 = CARTESIAN_POINT ( 'NONE',  ( 4.207079600431082866, 0.3000000000000628830, -29.93082319694041260 ) ) ;
#3148 = ORIENTED_EDGE ( 'NONE', *, *, #964, .F. ) ;
#3149 = CARTESIAN_POINT ( 'NONE',  ( 0.1928046332465163937, 3.486456841093956364E-14, -8.907617357042099115 ) ) ;
#3150 = CARTESIAN_POINT ( 'NONE',  ( -4.913472832573801519, 0.2999999999999991562, -38.41941889127095067 ) ) ;
#3151 = EDGE_CURVE ( 'NONE', #4443, #5831, #1266, .T. ) ;
#3152 = VERTEX_POINT ( 'NONE', #3313 ) ;
#3153 = CARTESIAN_POINT ( 'NONE',  ( -4.005690171983513181, 5.546635883558555182E-15, 26.60937923855252052 ) ) ;
#3154 = CARTESIAN_POINT ( 'NONE',  ( -3.978403917251473576, 5.737174781966306830E-15, -34.83074239887692158 ) ) ;
#3155 = CARTESIAN_POINT ( 'NONE',  ( 1.833044930725007626, 4.645806309100386500E-14, 40.41129868759333732 ) ) ;
#3156 = CARTESIAN_POINT ( 'NONE',  ( -2.068540174841012380, 1.924458856161770370E-14, 43.12867366004707748 ) ) ;
#3157 = AXIS2_PLACEMENT_3D ( 'NONE', #2016, #1026, #5120 ) ;
#3158 = DIRECTION ( 'NONE',  ( 0.000000000000000000, -1.000000000000000000, 0.000000000000000000 ) ) ;
#3159 = VERTEX_POINT ( 'NONE', #5805 ) ;
#3160 = DIRECTION ( 'NONE',  ( 1.000000000000000000, 0.000000000000000000, -8.493092510093987318E-16 ) ) ;
#3161 = CARTESIAN_POINT ( 'NONE',  ( -4.174721520575643829, 0.3000000000000043743, 37.37653426937444578 ) ) ;
#3162 = CARTESIAN_POINT ( 'NONE',  ( 0.1054996166192711388, 0.3000000000000342393, -40.05693789329372123 ) ) ;
#3163 = CARTESIAN_POINT ( 'NONE',  ( -1.690805019079701488, 0.3000000000000216938, 35.16120268912840174 ) ) ;
#3164 = FACE_OUTER_BOUND ( 'NONE', #3282, .T. ) ;
#3165 = CARTESIAN_POINT ( 'NONE',  ( -1.838705126111295884, 2.065405138584885947E-14, -39.05554774707515264 ) ) ;
#3166 = CARTESIAN_POINT ( 'NONE',  ( -0.6015051947699714407, 0.3000000000000292988, 28.29728762308756629 ) ) ;
#3167 = LINE ( 'NONE', #4571, #5340 ) ;
#3168 = CARTESIAN_POINT ( 'NONE',  ( -1.155485990674285812, 2.558717127065790464E-14, -29.48623592552537076 ) ) ;
#3169 = CARTESIAN_POINT ( 'NONE',  ( -1.750000000000000000, 5.000000000000000000, -62.00000000000000000 ) ) ;
#3170 = B_SPLINE_CURVE_WITH_KNOTS ( 'NONE', 3,
 ( #3868, #6510, #6541, #1313, #1907, #3426, #4967, #5502, #3365, #3960, #425 ),
 .UNSPECIFIED., .F., .F.,
 ( 4, 1, 1, 1, 1, 1, 1, 1, 4 ),
 ( 0.000000000000000000, 0.1436708984003762513, 0.2788582419204841401, 0.4067870132186550136, 0.5297837450611715404, 0.6482828039214284521, 0.7655287926444478419, 0.8817668468039334684, 1.000000000000000000 ),
 .UNSPECIFIED. ) ;
#3171 = CIRCLE ( 'NONE', #809, 2.599999999999998312 ) ;
#3172 = B_SPLINE_SURFACE_WITH_KNOTS ( 'NONE', 3, 1, ( 
 ( #4766, #1212 ),
 ( #6315, #4327 ),
 ( #6375, #1241 ),
 ( #3288, #2787 ),
 ( #4833, #3156 ),
 ( #2649, #4698 ),
 ( #5751, #3193 ),
 ( #2139, #6245 ),
 ( #5242, #4991 ),
 ( #4898, #3949 ),
 ( #2303, #3859 ) ),
 .UNSPECIFIED., .F., .F., .F.,
 ( 4, 1, 1, 1, 1, 1, 1, 1, 4 ),
 ( 2, 2 ),
 ( 0.000000000000000000, 0.1359826728439894050, 0.2693664966883814182, 0.4013714352847819189, 0.5341298545672907849, 0.6621877169219985149, 0.7809226503997435120, 0.8930285102126831465, 1.000000000000000000 ),
 ( 0.000000000000000000, 1.000000000000000000 ),
 .UNSPECIFIED. ) ;
#3173 = CARTESIAN_POINT ( 'NONE',  ( -1.545809350737496368, 2.272389184987581260E-14, -39.23581467937188449 ) ) ;
#3174 = VERTEX_POINT ( 'NONE', #5360 ) ;
#3175 = ORIENTED_EDGE ( 'NONE', *, *, #2902, .T. ) ;
#3176 = ORIENTED_EDGE ( 'NONE', *, *, #6090, .F. ) ;
#3177 = PLANE ( 'NONE',  #1017 ) ;
#3178 = CARTESIAN_POINT ( 'NONE',  ( 7.999999999999979572, 6.000000000000002665, -65.50000000000000000 ) ) ;
#3179 = LINE ( 'NONE', #5227, #6167 ) ;
#3180 = CARTESIAN_POINT ( 'NONE',  ( -4.275680791604775877, 3.848917712323540741E-15, -39.64652164311210925 ) ) ;
#3181 = EDGE_CURVE ( 'NONE', #4621, #2071, #1964, .T. ) ;
#3182 = DIRECTION ( 'NONE',  ( 1.000000000000000000, 8.673617379884027583E-16, 0.000000000000000000 ) ) ;
#3183 = ORIENTED_EDGE ( 'NONE', *, *, #6126, .T. ) ;
#3184 = CARTESIAN_POINT ( 'NONE',  ( 0.9975380024965369019, 0.3000000000000404565, -32.29603246647058512 ) ) ;
#3185 = CARTESIAN_POINT ( 'NONE',  ( 4.149830361428437975, 6.245004513516505540E-14, 28.30885660591120612 ) ) ;
#3186 = ORIENTED_EDGE ( 'NONE', *, *, #1873, .F. ) ;
#3187 = VERTEX_POINT ( 'NONE', #1200 ) ;
#3188 = LINE ( 'NONE', #4158, #5504 ) ;
#3189 = CARTESIAN_POINT ( 'NONE',  ( -0.1874429712509085022, 3.220931358045445617E-14, -27.94145908641047171 ) ) ;
#3190 = PLANE ( 'NONE',  #6418 ) ;
#3191 = EDGE_CURVE ( 'NONE', #4894, #557, #4617, .T. ) ;
#3192 = DIRECTION ( 'NONE',  ( -1.000000000000000000, 0.000000000000000000, 2.919500550344805983E-16 ) ) ;
#3193 = CARTESIAN_POINT ( 'NONE',  ( -2.435888362454794898, 1.669671345627676828E-14, 42.50987708744306559 ) ) ;
#3194 = CARTESIAN_POINT ( 'NONE',  ( -2.496294679689194496, 0.3000000000000160871, -39.46993800911575079 ) ) ;
#3195 = ORIENTED_EDGE ( 'NONE', *, *, #1049, .F. ) ;
#3196 = CARTESIAN_POINT ( 'NONE',  ( 1.345263089074028917, 0.3000000000000428990, 44.53808678521051689 ) ) ;
#3197 = PRODUCT_DEFINITION_SHAPE ( 'NONE', 'NONE',  #2227 ) ;
#3198 = CARTESIAN_POINT ( 'NONE',  ( -3.768604609063828992, 0.3000000000000072053, -36.95909097900806728 ) ) ;
#3199 = CARTESIAN_POINT ( 'NONE',  ( 4.333128997070958555, 6.377629891704073462E-14, 29.30377066051305945 ) ) ;
#3200 = CARTESIAN_POINT ( 'NONE',  ( -2.892579119288175349, 0.3000000000000133116, 34.57816420924742573 ) ) ;
#3201 = VECTOR ( 'NONE', #1186, 1000.000000000000000 ) ;
#3202 = CARTESIAN_POINT ( 'NONE',  ( -1.678179693311566023, 2.179955468804852432E-14, -30.70377559626346553 ) ) ;
#3203 = CARTESIAN_POINT ( 'NONE',  ( -2.133388434516076071, 0.3000000000000185851, -38.86444515652125631 ) ) ;
#3204 = CARTESIAN_POINT ( 'NONE',  ( 0.7297105740347324954, 3.859759734048395785E-14, 38.94707942306996529 ) ) ;
#3205 = CARTESIAN_POINT ( 'NONE',  ( -4.913472832573800630, -7.923765547940901445E-16, -31.27063043912250961 ) ) ;
#3206 = EDGE_CURVE ( 'NONE', #6201, #5544, #502, .T. ) ;
#3207 = EDGE_CURVE ( 'NONE', #5715, #4894, #5911, .T. ) ;
#3208 = AXIS2_PLACEMENT_3D ( 'NONE', #3655, #5132, #2030 ) ;
#3209 = CARTESIAN_POINT ( 'NONE',  ( 4.355037564978135656, 0.3000000000000638822, -32.83751850509298720 ) ) ;
#3210 = ORIENTED_EDGE ( 'NONE', *, *, #6616, .F. ) ;
#3211 = ORIENTED_EDGE ( 'NONE', *, *, #5279, .T. ) ;
#3212 = ORIENTED_EDGE ( 'NONE', *, *, #1707, .F. ) ;
#3213 = LINE ( 'NONE', #6196, #364 ) ;
#3214 = CARTESIAN_POINT ( 'NONE',  ( 2.121842787000866259, 0.3000000000000483391, 39.71726441383362527 ) ) ;
#3215 = CARTESIAN_POINT ( 'NONE',  ( -4.910895287143062227, -5.421010862427522170E-16, 40.49556756290920134 ) ) ;
#3216 = CARTESIAN_POINT ( 'NONE',  ( -3.532954713316861728, 0.3000000000000088152, -39.88426199988987975 ) ) ;
#3217 = LINE ( 'NONE', #2131, #3392 ) ;
#3218 = LINE ( 'NONE', #5266, #6339 ) ;
#3219 = ORIENTED_EDGE ( 'NONE', *, *, #3030, .T. ) ;
#3220 = EDGE_LOOP ( 'NONE', ( #861, #4727 ) ) ;
#3221 = DIRECTION ( 'NONE',  ( -1.000000000000000000, -6.672013369141575078E-16, 0.000000000000000000 ) ) ;
#3222 = CARTESIAN_POINT ( 'NONE',  ( 1.345263089074014928, 4.291214279556695144E-14, -27.40368906656900094 ) ) ;
#3223 = CARTESIAN_POINT ( 'NONE',  ( -0.9419236924913245712, 2.694080286299874799E-14, 29.80080265469021228 ) ) ;
#3224 = EDGE_CURVE ( 'NONE', #4751, #6298, #1473, .T. ) ;
#3225 = CARTESIAN_POINT ( 'NONE',  ( 2.461502701462638942, 5.070680234823172320E-14, -36.39947976098424220 ) ) ;
#3226 = DIRECTION ( 'NONE',  ( 1.000000000000000000, 0.000000000000000000, 0.000000000000000000 ) ) ;
#3227 = ADVANCED_FACE ( 'NONE', ( #2516 ), #3673, .T. ) ;
#3228 = DIRECTION ( 'NONE',  ( -1.000000000000000000, -7.506015040284266169E-16, 0.000000000000000000 ) ) ;
#3229 = ORIENTED_EDGE ( 'NONE', *, *, #3311, .T. ) ;
#3230 = CARTESIAN_POINT ( 'NONE',  ( 1.345263089074028917, 4.298861613905025081E-14, 44.53808678521051689 ) ) ;
#3231 = CARTESIAN_POINT ( 'NONE',  ( -4.494851919800658457, 2.059984127722458425E-15, -37.37364494673769855 ) ) ;
#3232 = CARTESIAN_POINT ( 'NONE',  ( 7.999999999999979572, 6.000000000000002665, 0.000000000000000000 ) ) ;
#3233 = FACE_OUTER_BOUND ( 'NONE', #3290, .T. ) ;
#3234 = CARTESIAN_POINT ( 'NONE',  ( 1.130728514989211897, 0.3000000000000414002, 20.42510986328124289 ) ) ;
#3235 = VECTOR ( 'NONE', #968, 1000.000000000000000 ) ;
#3236 = CARTESIAN_POINT ( 'NONE',  ( 0.6159680625754230254, 0.3000000000000377920, -40.23088188046207136 ) ) ;
#3237 = CARTESIAN_POINT ( 'NONE',  ( 0.5707707827331760519, 3.751339516799845342E-14, 38.53785409042630050 ) ) ;
#3238 = PLANE ( 'NONE',  #2033 ) ;
#3239 = EDGE_CURVE ( 'NONE', #753, #2919, #6015, .T. ) ;
#3240 = CIRCLE ( 'NONE', #8, 2.599999999999996536 ) ;
#3241 = ADVANCED_FACE ( 'NONE', ( #1971 ), #971, .F. ) ;
#3242 = CARTESIAN_POINT ( 'NONE',  ( -2.644016181098090890, 0.3000000000000150324, 41.58602012528314162 ) ) ;
#3243 = ORIENTED_EDGE ( 'NONE', *, *, #3516, .F. ) ;
#3244 = EDGE_LOOP ( 'NONE', ( #1848, #2159, #6263, #285 ) ) ;
#3245 = ORIENTED_EDGE ( 'NONE', *, *, #1004, .T. ) ;
#3246 = CARTESIAN_POINT ( 'NONE',  ( 0.8433027952743297195, 3.940697279828321951E-14, 39.25584331275730676 ) ) ;
#3247 = CARTESIAN_POINT ( 'NONE',  ( -1.353292046776539914, 2.406823299824394639E-14, -28.12482704292614244 ) ) ;
#3248 = CARTESIAN_POINT ( 'NONE',  ( -4.857963980825509509, -2.168404344971008868E-16, -38.85011092404509014 ) ) ;
#3249 = VERTEX_POINT ( 'NONE', #4498 ) ;
#3250 = CARTESIAN_POINT ( 'NONE',  ( 0.7900181394085581399, 3.897706810085388440E-14, -32.83195398936395293 ) ) ;
#3251 = CARTESIAN_POINT ( 'NONE',  ( -2.029729034756839301, 1.934469875737100979E-14, -37.89165220293429570 ) ) ;
#3252 = ORIENTED_EDGE ( 'NONE', *, *, #5321, .T. ) ;
#3253 = VERTEX_POINT ( 'NONE', #6079 ) ;
#3254 = CARTESIAN_POINT ( 'NONE',  ( 0.4771993274052175327, 3.685048594598179313E-14, -27.54123132676431851 ) ) ;
#3255 = CARTESIAN_POINT ( 'NONE',  ( 1.289424520594356416, 4.255493527005604903E-14, 40.23873476007040040 ) ) ;
#3256 = DIRECTION ( 'NONE',  ( 0.000000000000000000, -1.000000000000000000, 0.000000000000000000 ) ) ;
#3257 = DIRECTION ( 'NONE',  ( 0.9512522858251321045, 0.000000000000000000, -0.3084138270448672503 ) ) ;
#3258 = DIRECTION ( 'NONE',  ( -1.000000000000000000, 0.000000000000000000, 0.000000000000000000 ) ) ;
#3259 = ORIENTED_EDGE ( 'NONE', *, *, #218, .T. ) ;
#3260 = CARTESIAN_POINT ( 'NONE',  ( 1.345263089074028695, 4.291214279556695144E-14, 44.53808678521050979 ) ) ;
#3261 = CARTESIAN_POINT ( 'NONE',  ( -3.484424347347700124, 9.107298248878237246E-15, -36.93540700276692235 ) ) ;
#3262 = CARTESIAN_POINT ( 'NONE',  ( 2.374276282111442260, 0.3000000000000500600, -27.55277086789415364 ) ) ;
#3263 = CARTESIAN_POINT ( 'NONE',  ( -4.590967099326075385, 0.3000000000000014322, 32.35909018311651408 ) ) ;
#3264 = DIRECTION ( 'NONE',  ( -7.228014483236701486E-16, 1.000000000000000000, -0.000000000000000000 ) ) ;
#3265 = CARTESIAN_POINT ( 'NONE',  ( -0.1560144864623587146, 3.241764495731658258E-14, -39.94907524507616614 ) ) ;
#3266 = AXIS2_PLACEMENT_3D ( 'NONE', #2099, #6206, #94 ) ;
#3267 = CARTESIAN_POINT ( 'NONE',  ( 1.130728514989211897, 0.3000000000000414002, 20.42510986328124289 ) ) ;
#3268 = EDGE_CURVE ( 'NONE', #2337, #875, #5068, .T. ) ;
#3269 = CARTESIAN_POINT ( 'NONE',  ( 7.999999999999983125, 1.400000000000002798, 65.50000000000000000 ) ) ;
#3270 = CARTESIAN_POINT ( 'NONE',  ( -3.484424347347700124, 0.3000000000000091482, -36.93540700276692235 ) ) ;
#3271 = EDGE_CURVE ( 'NONE', #4379, #5014, #3502, .T. ) ;
#3272 = ORIENTED_EDGE ( 'NONE', *, *, #4035, .F. ) ;
#3273 = ORIENTED_EDGE ( 'NONE', *, *, #1093, .F. ) ;
#3274 = ORIENTED_EDGE ( 'NONE', *, *, #2425, .F. ) ;
#3275 = AXIS2_PLACEMENT_3D ( 'NONE', #1247, #2728, #2216 ) ;
#3276 = CARTESIAN_POINT ( 'NONE',  ( 1.289424520594356416, 4.252222415589798816E-14, 40.23873476007040040 ) ) ;
#3277 = FACE_OUTER_BOUND ( 'NONE', #4217, .T. ) ;
#3278 = CARTESIAN_POINT ( 'NONE',  ( -4.750569898260783575, 4.878909776184769953E-16, -39.10968929882502465 ) ) ;
#3279 = ORIENTED_EDGE ( 'NONE', *, *, #3500, .F. ) ;
#3280 = DIRECTION ( 'NONE',  ( 0.000000000000000000, 1.000000000000000000, 0.000000000000000000 ) ) ;
#3281 = CARTESIAN_POINT ( 'NONE',  ( 3.866439604919302386, 6.044427111606687220E-14, 27.38082320040685502 ) ) ;
#3282 = EDGE_LOOP ( 'NONE', ( #3940, #43, #2945, #150 ) ) ;
#3283 = EDGE_CURVE ( 'NONE', #1416, #5016, #2691, .T. ) ;
#3284 = VERTEX_POINT ( 'NONE', #5644 ) ;
#3285 = CARTESIAN_POINT ( 'NONE',  ( -1.395815022786472293, 2.377129664382242173E-14, -16.05640580919052240 ) ) ;
#3286 = CARTESIAN_POINT ( 'NONE',  ( 0.7900181394085736830, 0.3000000000000390132, 39.10982186241554359 ) ) ;
#3287 = CARTESIAN_POINT ( 'NONE',  ( 4.352679279253946376, 6.391281780786285420E-14, -38.00043339249410934 ) ) ;
#3288 = CARTESIAN_POINT ( 'NONE',  ( -1.829057479843662515, 0.3000000000000207501, 43.41251035010368753 ) ) ;
#3289 = CARTESIAN_POINT ( 'NONE',  ( -2.851044355889458704, 0.3000000000000135891, -39.73684977572092691 ) ) ;
#3290 = EDGE_LOOP ( 'NONE', ( #4145, #2591, #2962 ) ) ;
#3291 = CARTESIAN_POINT ( 'NONE',  ( 1.949577699930638452, 4.710858439449516766E-14, 38.76302327062960273 ) ) ;
#3292 = DIRECTION ( 'NONE',  ( -1.000000000000000000, 0.000000000000000000, 5.484328795755763592E-16 ) ) ;
#3293 = CARTESIAN_POINT ( 'NONE',  ( 1.345263089074014928, 0.3000000000000428990, -27.40368906656900094 ) ) ;
#3294 = FACE_OUTER_BOUND ( 'NONE', #5559, .T. ) ;
#3295 = AXIS2_PLACEMENT_3D ( 'NONE', #1179, #3790, #3192 ) ;
#3296 = EDGE_CURVE ( 'NONE', #4321, #4850, #5672, .T. ) ;
#3297 = CARTESIAN_POINT ( 'NONE',  ( -4.907765321341845954, 0.2999999999999992117, -30.67744463318730297 ) ) ;
#3298 = DIRECTION ( 'NONE',  ( -7.228014483236701486E-16, 1.000000000000000000, 0.000000000000000000 ) ) ;
#3299 = DIRECTION ( 'NONE',  ( 1.000000000000000000, 0.000000000000000000, 0.000000000000000000 ) ) ;
#3300 = VECTOR ( 'NONE', #2917, 1000.000000000000000 ) ;
#3301 = AXIS2_PLACEMENT_3D ( 'NONE', #4203, #5683, #2039 ) ;
#3302 = EDGE_CURVE ( 'NONE', #1255, #3912, #443, .T. ) ;
#3303 = CARTESIAN_POINT ( 'NONE',  ( -1.256905729295115126, 2.474129505585637323E-14, -39.40298006866835578 ) ) ;
#3304 = CARTESIAN_POINT ( 'NONE',  ( 2.948643856937713359, 5.421010862427522170E-14, -27.83750895530594960 ) ) ;
#3305 = ORIENTED_EDGE ( 'NONE', *, *, #4257, .T. ) ;
#3306 = AXIS2_PLACEMENT_3D ( 'NONE', #4351, #2324, #2351 ) ;
#3307 = ADVANCED_FACE ( 'NONE', ( #5139 ), #536, .T. ) ;
#3308 = EDGE_LOOP ( 'NONE', ( #4297, #3745, #2133, #151 ) ) ;
#3309 = VECTOR ( 'NONE', #1682, 1000.000000000000000 ) ;
#3310 = ORIENTED_EDGE ( 'NONE', *, *, #1451, .T. ) ;
#3311 = EDGE_CURVE ( 'NONE', #6369, #5957, #30, .T. ) ;
#3312 = CARTESIAN_POINT ( 'NONE',  ( 11.00000000000000000, 1.626123079806299467E-15, -70.00000000000000000 ) ) ;
#3313 = CARTESIAN_POINT ( 'NONE',  ( -1.993320406807801204, 1.959893884748484316E-14, 9.361508687337231294 ) ) ;
#3314 = B_SPLINE_CURVE_WITH_KNOTS ( 'NONE', 3,
 ( #2419, #6521, #2663, #5651, #6027, #3973, #1420, #1126, #2118, #2552, #4713 ),
 .UNSPECIFIED., .F., .F.,
 ( 4, 1, 1, 1, 1, 1, 1, 1, 4 ),
 ( 0.000000000000000000, 0.1218183014932369135, 0.2408785163777859006, 0.3589874486842192791, 0.4813365685237687153, 0.6056821337981689313, 0.7316386588117744783, 0.8622060521039196512, 0.9999999999999998890 ),
 .UNSPECIFIED. ) ;
#3315 = LINE ( 'NONE', #4892, #1563 ) ;
#3316 = VERTEX_POINT ( 'NONE', #607 ) ;
#3317 = VERTEX_POINT ( 'NONE', #1007 ) ;
#3318 = DIRECTION ( 'NONE',  ( 0.000000000000000000, -1.000000000000000000, 0.000000000000000000 ) ) ;
#3319 = DIRECTION ( 'NONE',  ( -8.493092510093982387E-16, -3.017352593592897274E-30, -1.000000000000000000 ) ) ;
#3320 = CARTESIAN_POINT ( 'NONE',  ( -2.851044355889458704, 1.360948452329001658E-14, -39.73684977572092691 ) ) ;
#3321 = CARTESIAN_POINT ( 'NONE',  ( 3.867139973607732095, 6.052231495798561866E-14, -37.09521324651944241 ) ) ;
#3322 = CARTESIAN_POINT ( 'NONE',  ( 4.207079600431097077, 6.289610068475968740E-14, 42.01095265483908037 ) ) ;
#3323 = FACE_OUTER_BOUND ( 'NONE', #3747, .T. ) ;
#3324 = VERTEX_POINT ( 'NONE', #1571 ) ;
#3325 = CARTESIAN_POINT ( 'NONE',  ( 0.01602579398159591564, 0.3000000000000335731, 37.35426486064437057 ) ) ;
#3326 = DIRECTION ( 'NONE',  ( -7.228014483236701486E-16, 1.000000000000000000, 0.000000000000000000 ) ) ;
#3327 = DIRECTION ( 'NONE',  ( -7.228014483236701486E-16, 1.000000000000000000, 0.000000000000000000 ) ) ;
#3328 = CARTESIAN_POINT ( 'NONE',  ( -4.000000000000000888, 5.000000000000000000, -70.00000000000000000 ) ) ;
#3329 = CARTESIAN_POINT ( 'NONE',  ( -11.00000000000000000, 0.9999999999999981126, 69.00000000000000000 ) ) ;
#3330 = CARTESIAN_POINT ( 'NONE',  ( -0.3284646566163110237, 3.122502256758252770E-14, 36.89552193738619934 ) ) ;
#3331 = CARTESIAN_POINT ( 'NONE',  ( -1.678179693311551146, 2.173825355833436390E-14, 41.23800025551602033 ) ) ;
#3332 = CARTESIAN_POINT ( 'NONE',  ( 4.355037564978135656, 6.392928562905817849E-14, -32.83751850509298720 ) ) ;
#3333 = CARTESIAN_POINT ( 'NONE',  ( 1.145745687299125182, 0.3000000000000415112, -34.31836854248498270 ) ) ;
#3334 = CARTESIAN_POINT ( 'NONE',  ( -2.054526520068921780, 1.924458856161770370E-14, -31.02655139597393941 ) ) ;
#3335 = DIRECTION ( 'NONE',  ( -6.505213034913030548E-16, 1.000000000000000000, -0.000000000000000000 ) ) ;
#3336 = DIRECTION ( 'NONE',  ( 1.000000000000000000, 0.000000000000000000, 0.000000000000000000 ) ) ;
#3337 = ORIENTED_EDGE ( 'NONE', *, *, #1900, .F. ) ;
#3338 = VECTOR ( 'NONE', #4439, 1000.000000000000000 ) ;
#3339 = ORIENTED_EDGE ( 'NONE', *, *, #601, .T. ) ;
#3340 = ADVANCED_FACE ( 'NONE', ( #5103 ), #4099, .F. ) ;
#3341 = AXIS2_PLACEMENT_3D ( 'NONE', #1411, #3456, #841 ) ;
#3342 = EDGE_CURVE ( 'NONE', #5966, #2704, #4790, .T. ) ;
#3343 = LINE ( 'NONE', #2449, #5423 ) ;
#3344 = CARTESIAN_POINT ( 'NONE',  ( -0.7983488460859944347, 0.3000000000000279110, -35.40837588964056692 ) ) ;
#3345 = CARTESIAN_POINT ( 'NONE',  ( -0.1874429712509085022, 0.3000000000000321854, -27.94145908641047171 ) ) ;
#3346 = AXIS2_PLACEMENT_3D ( 'NONE', #5019, #5048, #440 ) ;
#3347 = CARTESIAN_POINT ( 'NONE',  ( 4.277826605902767199, 6.339012438352647476E-14, 4.368704054090701838 ) ) ;
#3348 = CARTESIAN_POINT ( 'NONE',  ( 1.300000000000000044, 5.000000000000000000, -70.00000000000000000 ) ) ;
#3349 = ORIENTED_EDGE ( 'NONE', *, *, #6023, .T. ) ;
#3350 = ORIENTED_EDGE ( 'NONE', *, *, #4741, .T. ) ;
#3351 = CARTESIAN_POINT ( 'NONE',  ( -1.829057479843662515, 2.074598073580288230E-14, 43.41251035010368753 ) ) ;
#3352 = CARTESIAN_POINT ( 'NONE',  ( -2.252638894129074920, 1.783512573738654794E-14, -31.02819268737250269 ) ) ;
#3353 = PLANE ( 'NONE',  #5440 ) ;
#3354 = EDGE_CURVE ( 'NONE', #3152, #4587, #5882, .T. ) ;
#3355 = CARTESIAN_POINT ( 'NONE',  ( 3.631842243055949826, 5.887923968739814770E-14, 43.41224695424942581 ) ) ;
#3356 = CARTESIAN_POINT ( 'NONE',  ( -0.6839752127191354170, 2.874204747001386952E-14, 28.45813505792359521 ) ) ;
#3357 = ORIENTED_EDGE ( 'NONE', *, *, #6395, .F. ) ;
#3358 = CARTESIAN_POINT ( 'NONE',  ( 4.241265047817305955, 6.313481638797760411E-14, 38.15451770185711666 ) ) ;
#3359 = DIRECTION ( 'NONE',  ( -1.000000000000000000, -7.506015040284266169E-16, 0.000000000000000000 ) ) ;
#3360 = CARTESIAN_POINT ( 'NONE',  ( 11.00000000000000000, 6.360652745248292417E-15, 69.00000000000000000 ) ) ;
#3361 = VECTOR ( 'NONE', #3067, 1000.000000000000000 ) ;
#3362 = EDGE_CURVE ( 'NONE', #5957, #4594, #291, .T. ) ;
#3363 = CARTESIAN_POINT ( 'NONE',  ( -2.642468278345896149, 0.3000000000000150324, 41.53978092692938162 ) ) ;
#3364 = PLANE ( 'NONE',  #121 ) ;
#3365 = CARTESIAN_POINT ( 'NONE',  ( 2.111520788161238560, 4.826289170978270914E-14, 39.39194116865364492 ) ) ;
#3366 = CARTESIAN_POINT ( 'NONE',  ( 4.277826605902765422, 0.3000000000000633271, -10.04234568277993667 ) ) ;
#3367 = CARTESIAN_POINT ( 'NONE',  ( -1.730442198314961599, 0.3000000000000213607, -30.78050188843794999 ) ) ;
#3368 = CARTESIAN_POINT ( 'NONE',  ( 4.244800232756325897, 0.3000000000000631051, 38.20029426334990319 ) ) ;
#3369 = ORIENTED_EDGE ( 'NONE', *, *, #4907, .F. ) ;
#3370 = VECTOR ( 'NONE', #4545, 1000.000000000000000 ) ;
#3371 = CARTESIAN_POINT ( 'NONE',  ( 2.962873734149894300, 0.3000000000000541678, -40.31122162349247162 ) ) ;
#3372 = CARTESIAN_POINT ( 'NONE',  ( -2.642468278345910360, 0.3000000000000150324, -30.40199492485012200 ) ) ;
#3373 = CARTESIAN_POINT ( 'NONE',  ( -2.068540174841027479, 1.907368201468464967E-14, -28.81310219173240839 ) ) ;
#3374 = CARTESIAN_POINT ( 'NONE',  ( -4.800000000000010481, 0.2999999999999999889, -10.04234568277993311 ) ) ;
#3375 = DIRECTION ( 'NONE',  ( -7.228014483236701486E-16, 1.000000000000000000, -0.000000000000000000 ) ) ;
#3376 = ORIENTED_EDGE ( 'NONE', *, *, #31, .T. ) ;
#3377 = CARTESIAN_POINT ( 'NONE',  ( -1.223638364525095446, 2.504507018441515243E-14, -37.41667131202145669 ) ) ;
#3378 = ORIENTED_EDGE ( 'NONE', *, *, #5207, .F. ) ;
#3379 = B_SPLINE_CURVE_WITH_KNOTS ( 'NONE', 3,
 ( #5534, #2509, #935, #1906, #4966, #3958, #868, #4563, #6111, #1503, #6013 ),
 .UNSPECIFIED., .F., .F.,
 ( 4, 1, 1, 1, 1, 1, 1, 1, 4 ),
 ( 0.000000000000000000, 0.1258739598263001191, 0.2545669303551294504, 0.3860733800226968659, 0.5213736630634558944, 0.6536977552827888394, 0.7770188289568252804, 0.8925946634827702786, 1.000000000000000000 ),
 .UNSPECIFIED. ) ;
#3380 = ORIENTED_EDGE ( 'NONE', *, *, #5079, .T. ) ;
#3381 = CARTESIAN_POINT ( 'NONE',  ( 3.877199047901553897, 6.059255709835138875E-14, 32.73395420117111598 ) ) ;
#3382 = EDGE_CURVE ( 'NONE', #6175, #4819, #807, .T. ) ;
#3383 = FACE_OUTER_BOUND ( 'NONE', #6490, .T. ) ;
#3384 = CARTESIAN_POINT ( 'NONE',  ( -2.496294679689194496, 1.608668827211776239E-14, -39.46993800911575079 ) ) ;
#3385 = CARTESIAN_POINT ( 'NONE',  ( 0.7619418091243989055, 0.3000000000000387912, -32.90889445940651825 ) ) ;
#3386 = CARTESIAN_POINT ( 'NONE',  ( 4.289144946042564577, 6.346915993029599135E-14, 41.57695601319492340 ) ) ;
#3387 = ORIENTED_EDGE ( 'NONE', *, *, #5894, .F. ) ;
#3388 = EDGE_CURVE ( 'NONE', #4854, #3187, #5283, .T. ) ;
#3389 = CARTESIAN_POINT ( 'NONE',  ( 7.999999999999983125, 1.400000000000002798, -65.50000000000000000 ) ) ;
#3390 = DIRECTION ( 'NONE',  ( 0.000000000000000000, -1.000000000000000000, 0.000000000000000000 ) ) ;
#3391 = PLANE ( 'NONE',  #3004 ) ;
#3392 = VECTOR ( 'NONE', #4223, 1000.000000000000000 ) ;
#3393 = LINE ( 'NONE', #3487, #4233 ) ;
#3394 = CARTESIAN_POINT ( 'NONE',  ( 2.274371339497623712, 0.3000000000000493383, -40.44816733140757492 ) ) ;
#3395 = FACE_OUTER_BOUND ( 'NONE', #4249, .T. ) ;
#3396 = DIRECTION ( 'NONE',  ( 1.000000000000000000, 0.000000000000000000, 0.000000000000000000 ) ) ;
#3397 = CARTESIAN_POINT ( 'NONE',  ( -0.7983488460859944347, 0.3000000000000279110, -35.40837588964056692 ) ) ;
#3398 = ORIENTED_EDGE ( 'NONE', *, *, #4071, .F. ) ;
#3399 = VECTOR ( 'NONE', #4485, 1000.000000000000000 ) ;
#3400 = LINE ( 'NONE', #3020, #1 ) ;
#3401 = CARTESIAN_POINT ( 'NONE',  ( 0.4180257392988793175, 0.3000000000000364042, 29.99297683427313288 ) ) ;
#3402 = LINE ( 'NONE', #6431, #5295 ) ;
#3403 = CIRCLE ( 'NONE', #936, 2.599999999999996536 ) ;
#3404 = ORIENTED_EDGE ( 'NONE', *, *, #6007, .F. ) ;
#3405 = CARTESIAN_POINT ( 'NONE',  ( -0.6523417115022431823, 2.900240811398724361E-14, -37.11789957270765683 ) ) ;
#3406 = DIRECTION ( 'NONE',  ( -5.837734231281781163E-16, -2.073979825667671109E-30, -1.000000000000000000 ) ) ;
#3407 = VERTEX_POINT ( 'NONE', #2245 ) ;
#3408 = EDGE_LOOP ( 'NONE', ( #5466, #3659, #5026, #4759 ) ) ;
#3409 = LINE ( 'NONE', #5460, #3370 ) ;
#3410 = CARTESIAN_POINT ( 'NONE',  ( 0.1928046332465216395, 3.485709984540896755E-14, 28.29728762308756984 ) ) ;
#3411 = DIRECTION ( 'NONE',  ( 0.9456590491112031316, 0.000000000000000000, -0.3251599034845704117 ) ) ;
#3412 = VECTOR ( 'NONE', #2362, 1000.000000000000000 ) ;
#3413 = CARTESIAN_POINT ( 'NONE',  ( 4.151845596625327595, 0.3000000000000624945, 37.69401286584235322 ) ) ;
#3414 = CARTESIAN_POINT ( 'NONE',  ( -2.663546523079796113, 1.491877489194696467E-14, -39.62047268937080702 ) ) ;
#3415 = PLANE ( 'NONE',  #2217 ) ;
#3416 = CARTESIAN_POINT ( 'NONE',  ( 4.388907671279855371, 6.416579931725226338E-14, 40.26577419566999083 ) ) ;
#3417 = EDGE_LOOP ( 'NONE', ( #2094, #2575 ) ) ;
#3418 = PLANE ( 'NONE',  #3045 ) ;
#3419 = ADVANCED_FACE ( 'NONE', ( #682 ), #5377, .F. ) ;
#3420 = CARTESIAN_POINT ( 'NONE',  ( -2.851044355889458704, 1.376936759056590631E-14, -39.73684977572092691 ) ) ;
#3421 = ADVANCED_FACE ( 'NONE', ( #5347 ), #4772, .F. ) ;
#3422 = CARTESIAN_POINT ( 'NONE',  ( -2.639483235726241883, 0.3000000000000150324, 41.45061125681352365 ) ) ;
#3423 = CARTESIAN_POINT ( 'NONE',  ( 0.3320857284438306634, 3.583716310040962527E-14, 30.64991334865070272 ) ) ;
#3424 = ORIENTED_EDGE ( 'NONE', *, *, #2601, .F. ) ;
#3425 = CARTESIAN_POINT ( 'NONE',  ( 4.299536451558359396, 0.3000000000000634937, -37.79914322861822029 ) ) ;
#3426 = CARTESIAN_POINT ( 'NONE',  ( 1.805833333651780670, 4.612828762390624713E-14, 38.46432707534176387 ) ) ;
#3427 = CARTESIAN_POINT ( 'NONE',  ( 4.131938275465236288, 0.3000000000000623834, -39.40225720545956989 ) ) ;
#3428 = FACE_OUTER_BOUND ( 'NONE', #6532, .T. ) ;
#3429 = CARTESIAN_POINT ( 'NONE',  ( -1.289434242248550522, 0.3000000000000244693, -29.83271688885157857 ) ) ;
#3430 = CARTESIAN_POINT ( 'NONE',  ( -0.5519886277944301423, 0.3000000000000296319, -35.24528100561035870 ) ) ;
#3431 = ORIENTED_EDGE ( 'NONE', *, *, #3010, .T. ) ;
#3432 = CARTESIAN_POINT ( 'NONE',  ( 0.3320857284438306634, 0.3000000000000357936, 30.64991334865070272 ) ) ;
#3433 = CARTESIAN_POINT ( 'NONE',  ( 0.01185926148422550806, 0.3000000000000335731, -27.78667850440718823 ) ) ;
#3434 = ORIENTED_EDGE ( 'NONE', *, *, #1528, .T. ) ;
#3435 = AXIS2_PLACEMENT_3D ( 'NONE', #4793, #4191, #5705 ) ;
#3436 = CARTESIAN_POINT ( 'NONE',  ( -0.1110369396601649655, 0.3000000000000327405, -36.86879813935501460 ) ) ;
#3437 = ORIENTED_EDGE ( 'NONE', *, *, #1528, .F. ) ;
#3438 = ORIENTED_EDGE ( 'NONE', *, *, #3191, .T. ) ;
#3439 = MECHANICAL_DESIGN_GEOMETRIC_PRESENTATION_REPRESENTATION (  '', ( #5917 ), #663 ) ;
#3440 = CARTESIAN_POINT ( 'NONE',  ( 1.999459904540533461, 0.3000000000000474509, -31.67269176083791749 ) ) ;
#3441 = DIRECTION ( 'NONE',  ( -8.493092510093978443E-16, -3.017352593592895873E-30, -1.000000000000000000 ) ) ;
#3442 = AXIS2_PLACEMENT_3D ( 'NONE', #5538, #5445, #3524 ) ;
#3443 = CARTESIAN_POINT ( 'NONE',  ( 0.5707707827331606198, 3.750389192623361452E-14, -33.40392176135320312 ) ) ;
#3444 = CARTESIAN_POINT ( 'NONE',  ( 1.705915048200118411, 0.3000000000000453970, 44.52898474713279597 ) ) ;
#3445 = CARTESIAN_POINT ( 'NONE',  ( -2.853615765255273828, 1.366094737331735587E-14, -37.08208778048196308 ) ) ;
#3446 = ORIENTED_EDGE ( 'NONE', *, *, #4869, .T. ) ;
#3447 = CARTESIAN_POINT ( 'NONE',  ( -4.854930664747029390, 0.2999999999999996003, 29.32505723002768505 ) ) ;
#3448 = FACE_OUTER_BOUND ( 'NONE', #6092, .T. ) ;
#3449 = CARTESIAN_POINT ( 'NONE',  ( -2.108796936361825747, 0.3000000000000188072, -35.68404579625538275 ) ) ;
#3450 = CARTESIAN_POINT ( 'NONE',  ( -3.532954713316861728, 0.3000000000000088152, -39.88426199988987975 ) ) ;
#3451 = DIRECTION ( 'NONE',  ( 0.000000000000000000, 0.000000000000000000, 1.000000000000000000 ) ) ;
#3452 = ORIENTED_EDGE ( 'NONE', *, *, #298, .F. ) ;
#3453 = CARTESIAN_POINT ( 'NONE',  ( -8.000000000000007105, 1.399999999999990585, -65.50000000000000000 ) ) ;
#3454 = DIRECTION ( 'NONE',  ( -7.228014483236701486E-16, 1.000000000000000000, 0.000000000000000000 ) ) ;
#3455 = CARTESIAN_POINT ( 'NONE',  ( 4.385725160504716058, 6.418476861114186249E-14, -38.63866863407061913 ) ) ;
#3456 = DIRECTION ( 'NONE',  ( 0.5507777265494923080, 0.000000000000000000, -0.8346519609615571378 ) ) ;
#3457 = CYLINDRICAL_SURFACE ( 'NONE', #1662, 1.000000000000000888 ) ;
#3458 = EDGE_CURVE ( 'NONE', #5831, #4584, #1745, .T. ) ;
#3459 = CARTESIAN_POINT ( 'NONE',  ( 0.000000000000000000, 5.000000000000000000, -62.00000000000000000 ) ) ;
#3460 = CARTESIAN_POINT ( 'NONE',  ( 0.7297105740347168412, 3.854338723185968263E-14, -32.99469642870953834 ) ) ;
#3461 = ORIENTED_EDGE ( 'NONE', *, *, #1608, .F. ) ;
#3462 = EDGE_CURVE ( 'NONE', #3033, #514, #175, .T. ) ;
#3463 = CARTESIAN_POINT ( 'NONE',  ( 0.04489505734297041112, 3.388131789017201356E-14, 31.07669657975786492 ) ) ;
#3464 = CARTESIAN_POINT ( 'NONE',  ( 1.157487615097634537, 0.3000000000000415668, -27.40596949011563410 ) ) ;
#3465 = VERTEX_POINT ( 'NONE', #235 ) ;
#3466 = VECTOR ( 'NONE', #72, 1000.000000000000000 ) ;
#3467 = AXIS2_PLACEMENT_3D ( 'NONE', #5791, #4838, #234 ) ;
#3468 = ORIENTED_EDGE ( 'NONE', *, *, #1719, .F. ) ;
#3469 = ORIENTED_EDGE ( 'NONE', *, *, #5753, .F. ) ;
#3470 = CARTESIAN_POINT ( 'NONE',  ( 1.925928342686503258, 0.3000000000000468958, -31.58827652987720924 ) ) ;
#3471 = CARTESIAN_POINT ( 'NONE',  ( 0.3681160807526113188, 0.3000000000000360711, 29.06238658043754342 ) ) ;
#3472 = CARTESIAN_POINT ( 'NONE',  ( -0.6015051947699714407, 2.931793252738098795E-14, 28.29728762308756629 ) ) ;
#3473 = CARTESIAN_POINT ( 'NONE',  ( -2.152891577614693741, 0.3000000000000184741, -31.03481970893010811 ) ) ;
#3474 = CARTESIAN_POINT ( 'NONE',  ( -2.108796936361825747, 0.3000000000000188072, -35.68404579625538275 ) ) ;
#3475 = CARTESIAN_POINT ( 'NONE',  ( -1.829057479843679168, 0.3000000000000207501, -28.52926550167583386 ) ) ;
#3476 = CARTESIAN_POINT ( 'NONE',  ( -4.656924429486216432, 9.757819552369539906E-16, -28.48711435093058242 ) ) ;
#3477 = CARTESIAN_POINT ( 'NONE',  ( 0.8007878874224263477, 0.3000000000000390687, -27.45036099327913348 ) ) ;
#3478 = B_SPLINE_CURVE_WITH_KNOTS ( 'NONE', 3,
 ( #2005, #4064, #6117, #4534, #6578, #2323, #1508, #1009, #3559, #2838, #4381, #572, #6116, #32, #2004, #4708, #3705, #1158, #4135 ),
 .UNSPECIFIED., .F., .F.,
 ( 4, 1, 1, 1, 1, 1, 1, 1, 1, 1, 1, 1, 1, 1, 1, 1, 4 ),
 ( 0.000000000000000000, 0.06517322385667148610, 0.1285239086782593576, 0.1905621288657626533, 0.2520802153252538758, 0.3137883910047227221, 0.3762703671401960714, 0.4395166772135873923, 0.5048417826637011663, 0.5700748808773785647, 0.6328923974638378525, 0.6941757185455629253, 0.7548285562856148490, 0.8144224850962004103, 0.8753273132273083901, 0.9363749661221905107, 1.000000000000000000 ),
 .UNSPECIFIED. ) ;
#3479 = AXIS2_PLACEMENT_3D ( 'NONE', #3619, #5711, #3654 ) ;
#3480 = VERTEX_POINT ( 'NONE', #3798 ) ;
#3481 = DIRECTION ( 'NONE',  ( -7.228014483236701486E-16, 1.000000000000000000, 0.000000000000000000 ) ) ;
#3482 = DIRECTION ( 'NONE',  ( 0.000000000000000000, -1.000000000000000000, 0.000000000000000000 ) ) ;
#3483 = CARTESIAN_POINT ( 'NONE',  ( -4.800000000000012257, -7.548488064412947226E-30, -14.12736765543618311 ) ) ;
#3484 = CARTESIAN_POINT ( 'NONE',  ( -2.186394262467356686, 0.3000000000000182521, 40.90918199736373140 ) ) ;
#3485 = ORIENTED_EDGE ( 'NONE', *, *, #2166, .T. ) ;
#3486 = CARTESIAN_POINT ( 'NONE',  ( 4.391299438476544914, 0.3000000000000641598, -38.42828395631578076 ) ) ;
#3487 = CARTESIAN_POINT ( 'NONE',  ( -4.800000000000010481, -6.944512862778303603E-30, -6.978579203287758048 ) ) ;
#3488 = DIRECTION ( 'NONE',  ( 0.9495246857993071554, 6.630495442478340635E-15, -0.3136923190926536043 ) ) ;
#3489 = CARTESIAN_POINT ( 'NONE',  ( 4.277826605902770751, 0.3000000000000633271, 10.52283220820956089 ) ) ;
#3490 = CARTESIAN_POINT ( 'NONE',  ( 4.387320004892061753, 0.3000000000000641043, -32.34906462542820549 ) ) ;
#3491 = CARTESIAN_POINT ( 'NONE',  ( 2.110090077240109441, 4.825290110881802072E-14, -40.45140799809176002 ) ) ;
#3492 = CARTESIAN_POINT ( 'NONE',  ( -0.6015051947699714407, 0.3000000000000292988, 28.29728762308756629 ) ) ;
#3493 = CARTESIAN_POINT ( 'NONE',  ( 0.9753325377482913172, 0.3000000000000402900, 44.51643905869181594 ) ) ;
#3494 = EDGE_CURVE ( 'NONE', #2666, #81, #4271, .T. ) ;
#3495 = CARTESIAN_POINT ( 'NONE',  ( 4.316346479806233205, 6.380529785077193594E-14, 31.32821049270964764 ) ) ;
#3496 = CIRCLE ( 'NONE', #5872, 1.750000000000000000 ) ;
#3497 = EDGE_CURVE ( 'NONE', #6483, #1957, #5269, .T. ) ;
#3498 = ORIENTED_EDGE ( 'NONE', *, *, #5152, .F. ) ;
#3499 = EDGE_LOOP ( 'NONE', ( #2752, #93, #4848, #724, #4314, #6110, #3380, #3544, #1143, #5667 ) ) ;
#3500 = EDGE_CURVE ( 'NONE', #2535, #2526, #6289, .T. ) ;
#3501 = VERTEX_POINT ( 'NONE', #4367 ) ;
#3502 = CIRCLE ( 'NONE', #1998, 2.599999999999996536 ) ;
#3503 = CARTESIAN_POINT ( 'NONE',  ( 1.833044930724993860, 0.3000000000000462852, -31.53047716418617341 ) ) ;
#3504 = CARTESIAN_POINT ( 'NONE',  ( 0.3681160807526113188, 3.610393234376729765E-14, 29.06238658043754342 ) ) ;
#3505 = DIRECTION ( 'NONE',  ( 0.9516151461907619291, 6.645093049371048608E-15, 0.3072923909574311607 ) ) ;
#3506 = FACE_BOUND ( 'NONE', #3069, .T. ) ;
#3507 = CYLINDRICAL_SURFACE ( 'NONE', #4845, 2.599999999999998312 ) ;
#3508 = PLANE ( 'NONE',  #2102 ) ;
#3509 = CARTESIAN_POINT ( 'NONE',  ( 3.427265561421358964, 0.3000000000000574429, 43.67732049796295257 ) ) ;
#3510 = CARTESIAN_POINT ( 'NONE',  ( 1.580610470578357685, 4.450649918052995702E-14, -31.49179613956775015 ) ) ;
#3511 = ORIENTED_EDGE ( 'NONE', *, *, #6088, .T. ) ;
#3512 = VECTOR ( 'NONE', #5307, 1000.000000000000000 ) ;
#3513 = CARTESIAN_POINT ( 'NONE',  ( -4.005690171983514070, 0.3000000000000054845, 26.60937923855252407 ) ) ;
#3514 = CARTESIAN_POINT ( 'NONE',  ( 1.890704615297241764, 0.3000000000000467293, -36.36880553438889763 ) ) ;
#3515 = CARTESIAN_POINT ( 'NONE',  ( -2.346107000639668705, 1.729302465114379572E-14, -39.29556470847602156 ) ) ;
#3516 = EDGE_CURVE ( 'NONE', #3746, #4656, #6381, .T. ) ;
#3517 = EDGE_CURVE ( 'NONE', #2475, #1921, #3863, .T. ) ;
#3518 = CARTESIAN_POINT ( 'NONE',  ( 2.118382658330521195, 4.835541689285349776E-14, -32.33356592489765546 ) ) ;
#3519 = PRESENTATION_STYLE_ASSIGNMENT (( #5639 ) ) ;
#3520 = EDGE_LOOP ( 'NONE', ( #3404, #3727, #2997, #5801 ) ) ;
#3521 = CARTESIAN_POINT ( 'NONE',  ( 3.550857735023134509, 0.3000000000000583311, -40.01269857978888922 ) ) ;
#3522 = DIRECTION ( 'NONE',  ( -1.000000000000000000, -6.672013369141575078E-16, 0.000000000000000000 ) ) ;
#3523 = CARTESIAN_POINT ( 'NONE',  ( -4.239727889166937658, 3.912359239295775660E-15, 44.87850528293186159 ) ) ;
#3524 = DIRECTION ( 'NONE',  ( -1.000000000000000000, 0.000000000000000000, 5.619783211733645486E-16 ) ) ;
#3525 = FACE_OUTER_BOUND ( 'NONE', #1984, .T. ) ;
#3526 = CARTESIAN_POINT ( 'NONE',  ( 4.391299438476544914, 6.418250093832056422E-14, -38.42828395631578076 ) ) ;
#3527 = CARTESIAN_POINT ( 'NONE',  ( -1.067966057167509364, 0.3000000000000260236, -35.53263437711853356 ) ) ;
#3528 = CARTESIAN_POINT ( 'NONE',  ( -11.00000000000000000, 6.000000000000000000, 69.00000000000000000 ) ) ;
#3529 = CARTESIAN_POINT ( 'NONE',  ( 11.00000000000000000, 6.360652745248293205E-15, 70.00000000000000000 ) ) ;
#3530 = ADVANCED_FACE ( 'NONE', ( #4932 ), #6472, .F. ) ;
#3531 = CYLINDRICAL_SURFACE ( 'NONE', #4646, 2.599999999999998312 ) ;
#3532 = ORIENTED_EDGE ( 'NONE', *, *, #227, .T. ) ;
#3533 = ORIENTED_EDGE ( 'NONE', *, *, #5184, .T. ) ;
#3534 = EDGE_CURVE ( 'NONE', #339, #2367, #4476, .T. ) ;
#3535 = ORIENTED_EDGE ( 'NONE', *, *, #5753, .T. ) ;
#3536 = EDGE_CURVE ( 'NONE', #5220, #3734, #5887, .T. ) ;
#3537 = CARTESIAN_POINT ( 'NONE',  ( 1.648197029008577008, 0.3000000000000450084, -31.49015633754567034 ) ) ;
#3538 = LINE ( 'NONE', #3000, #4515 ) ;
#3539 = DIRECTION ( 'NONE',  ( 0.000000000000000000, 0.000000000000000000, -1.000000000000000000 ) ) ;
#3540 = FACE_BOUND ( 'NONE', #1057, .T. ) ;
#3541 = AXIS2_PLACEMENT_3D ( 'NONE', #3555, #424, #3053 ) ;
#3542 = DIRECTION ( 'NONE',  ( 0.000000000000000000, 0.000000000000000000, -1.000000000000000000 ) ) ;
#3543 = CARTESIAN_POINT ( 'NONE',  ( 4.066888863434393819, 0.3000000000000618838, 32.29033188625272288 ) ) ;
#3544 = ORIENTED_EDGE ( 'NONE', *, *, #6395, .T. ) ;
#3545 = CARTESIAN_POINT ( 'NONE',  ( -0.3988799687781692804, 0.3000000000000306866, -28.14651947182681369 ) ) ;
#3546 = VECTOR ( 'NONE', #4964, 1000.000000000000000 ) ;
#3547 = VERTEX_POINT ( 'NONE', #2981 ) ;
#3548 = FACE_OUTER_BOUND ( 'NONE', #1692, .T. ) ;
#3549 = CARTESIAN_POINT ( 'NONE',  ( -0.4817418110980185575, 0.3000000000000301315, 35.34280234656594644 ) ) ;
#3550 = AXIS2_PLACEMENT_3D ( 'NONE', #3038, #480, #2560 ) ;
#3551 = ADVANCED_FACE ( 'NONE', ( #5029 ), #5172, .T. ) ;
#3552 = DIRECTION ( 'NONE',  ( 0.000000000000000000, 1.000000000000000000, 0.000000000000000000 ) ) ;
#3553 = DIRECTION ( 'NONE',  ( -7.228014483236701486E-16, 1.000000000000000000, -0.000000000000000000 ) ) ;
#3554 = VERTEX_POINT ( 'NONE', #3483 ) ;
#3555 = CARTESIAN_POINT ( 'NONE',  ( 7.999999999999983125, 1.400000000000002798, 65.50000000000000000 ) ) ;
#3556 = DIRECTION ( 'NONE',  ( 1.000000000000000000, 6.982962677686265922E-15, -3.474446935947538249E-16 ) ) ;
#3557 = DIRECTION ( 'NONE',  ( 3.474446935947538249E-16, 0.000000000000000000, 1.000000000000000000 ) ) ;
#3558 = CARTESIAN_POINT ( 'NONE',  ( -1.289434242248535867, 2.451414966394188296E-14, 42.10905896292793216 ) ) ;
#3559 = CARTESIAN_POINT ( 'NONE',  ( -4.593315915933875004, 0.3000000000000014322, -37.48412202652922787 ) ) ;
#3560 = CARTESIAN_POINT ( 'NONE',  ( -4.213328176736474084, 0.3000000000000040967, 26.98967273954874102 ) ) ;
#3561 = DIRECTION ( 'NONE',  ( -1.000000000000000000, -6.672013369141570147E-16, 0.000000000000000000 ) ) ;
#3562 = CARTESIAN_POINT ( 'NONE',  ( 0.7619418091244145597, 0.3000000000000387912, 39.03288139237298537 ) ) ;
#3563 = CARTESIAN_POINT ( 'NONE',  ( -1.557054328942292232, 2.271403551357131789E-14, -28.27138946428875954 ) ) ;
#3564 = DIRECTION ( 'NONE',  ( 0.000000000000000000, -1.000000000000000000, 0.000000000000000000 ) ) ;
#3565 = LINE ( 'NONE', #5615, #1723 ) ;
#3566 = FACE_OUTER_BOUND ( 'NONE', #1032, .T. ) ;
#3567 = ORIENTED_EDGE ( 'NONE', *, *, #591, .F. ) ;
#3568 = ORIENTED_EDGE ( 'NONE', *, *, #2011, .T. ) ;
#3569 = CARTESIAN_POINT ( 'NONE',  ( -4.404532197742375921, 2.761536903391601823E-15, 44.42383517180876851 ) ) ;
#3570 = DIRECTION ( 'NONE',  ( -4.306356765681455539E-16, -1.529925258723159068E-30, -1.000000000000000000 ) ) ;
#3571 = CARTESIAN_POINT ( 'NONE',  ( -2.644016181098105545, 0.3000000000000150324, -30.35575572649636555 ) ) ;
#3572 = CARTESIAN_POINT ( 'NONE',  ( -2.660436546740461150, 1.517883041479706208E-14, 36.31894770318867671 ) ) ;
#3573 = CARTESIAN_POINT ( 'NONE',  ( -1.883183696199243640, 2.036801938710749407E-14, 36.25782677127063636 ) ) ;
#3574 = CIRCLE ( 'NONE', #5077, 2.599999999999998312 ) ;
#3575 = CARTESIAN_POINT ( 'NONE',  ( 1.750000000000000000, 5.000000000000000000, 62.00000000000000000 ) ) ;
#3576 = EDGE_LOOP ( 'NONE', ( #2808, #3967, #1886, #3568 ) ) ;
#3577 = CARTESIAN_POINT ( 'NONE',  ( 1.289424520594337986, 4.244651505280749859E-14, -31.70304109170912810 ) ) ;
#3578 = ORIENTED_EDGE ( 'NONE', *, *, #1140, .F. ) ;
#3579 = EDGE_CURVE ( 'NONE', #1443, #391, #3891, .T. ) ;
#3580 = CARTESIAN_POINT ( 'NONE',  ( -1.168869357638894879, 0.3000000000000253020, 19.63080003526475181 ) ) ;
#3581 = CARTESIAN_POINT ( 'NONE',  ( -2.644016181098091334, 1.505515454108754186E-14, 41.58602012528314873 ) ) ;
#3582 = CARTESIAN_POINT ( 'NONE',  ( 2.119941732340051121, 0.3000000000000482836, 39.77464292069402063 ) ) ;
#3583 = CARTESIAN_POINT ( 'NONE',  ( 1.145745687299125182, 4.157915331481909504E-14, -34.31836854248498270 ) ) ;
#3584 = CARTESIAN_POINT ( 'NONE',  ( 1.522835356000679985, 0.3000000000000441203, -31.49838341296058175 ) ) ;
#3585 = EDGE_LOOP ( 'NONE', ( #3812, #1560, #3991, #3984 ) ) ;
#3586 = EDGE_CURVE ( 'NONE', #4867, #2407, #4936, .T. ) ;
#3587 = VECTOR ( 'NONE', #1586, 1000.000000000000000 ) ;
#3588 = CARTESIAN_POINT ( 'NONE',  ( 3.880327604688988075, 0.3000000000000606071, -39.73120943067678468 ) ) ;
#3589 = VECTOR ( 'NONE', #2708, 1000.000000000000000 ) ;
#3590 = CARTESIAN_POINT ( 'NONE',  ( -1.750000000000000000, 5.000000000000000000, -62.00000000000000000 ) ) ;
#3591 = CARTESIAN_POINT ( 'NONE',  ( 1.925928342686519912, 4.696690658977221248E-14, 40.35349932190231925 ) ) ;
#3592 = DIRECTION ( 'NONE',  ( 0.9452024727728634002, 6.600313590229672419E-15, 0.3264847400171475011 ) ) ;
#3593 = CARTESIAN_POINT ( 'NONE',  ( -1.624316733053032813, 0.3000000000000221378, -30.60589221148465455 ) ) ;
#3594 = CARTESIAN_POINT ( 'NONE',  ( 3.170719631900544844, 5.565923770386282584E-14, -40.23168465629319002 ) ) ;
#3595 = CARTESIAN_POINT ( 'NONE',  ( -0.7529470325853993007, 0.3000000000000282441, 28.62781294036259894 ) ) ;
#3596 = PLANE ( 'NONE',  #2222 ) ;
#3597 = ORIENTED_EDGE ( 'NONE', *, *, #725, .T. ) ;
#3598 = CARTESIAN_POINT ( 'NONE',  ( 1.805833333651780670, 0.3000000000000461187, 38.46432707534176387 ) ) ;
#3599 = ADVANCED_FACE ( 'NONE', ( #2469 ), #6568, .F. ) ;
#3600 = CARTESIAN_POINT ( 'NONE',  ( -2.054526520068907125, 0.3000000000000191402, 40.91522445580557843 ) ) ;
#3601 = EDGE_LOOP ( 'NONE', ( #4702, #6539, #1797, #6101 ) ) ;
#3602 = ORIENTED_EDGE ( 'NONE', *, *, #1616, .F. ) ;
#3603 = ORIENTED_EDGE ( 'NONE', *, *, #5815, .T. ) ;
#3604 = EDGE_CURVE ( 'NONE', #4717, #5325, #6107, .T. ) ;
#3605 = B_SPLINE_CURVE_WITH_KNOTS ( 'NONE', 3,
 ( #4431, #1370, #2371, #2405, #1311, #1871, #1811, #6537, #837, #4371, #810 ),
 .UNSPECIFIED., .F., .F.,
 ( 4, 1, 1, 1, 1, 1, 1, 1, 4 ),
 ( 0.000000000000000000, 0.1399081321011402257, 0.2754465983760372438, 0.4059530101806412827, 0.5325528392344757167, 0.6545613760729651620, 0.7732163166311405433, 0.8882214211495597089, 1.000000000000000000 ),
 .UNSPECIFIED. ) ;
#3606 = CARTESIAN_POINT ( 'NONE',  ( -4.294139125907372900, 3.532407603890561584E-15, 44.72839292683531909 ) ) ;
#3607 = VECTOR ( 'NONE', #3792, 1000.000000000000000 ) ;
#3608 = CARTESIAN_POINT ( 'NONE',  ( -4.800000000000014033, 0.2999999999999999889, -26.04201507568359375 ) ) ;
#3609 = DIRECTION ( 'NONE',  ( 0.000000000000000000, -1.000000000000000000, 0.000000000000000000 ) ) ;
#3610 = CARTESIAN_POINT ( 'NONE',  ( -3.515760589819048931, 0.3000000000000089262, 36.68662331502316221 ) ) ;
#3611 = PLANE ( 'NONE',  #2700 ) ;
#3612 = DIRECTION ( 'NONE',  ( -1.000000000000000000, -7.506015040284266169E-16, 0.000000000000000000 ) ) ;
#3613 = EDGE_LOOP ( 'NONE', ( #6464, #2130, #2993, #2613 ) ) ;
#3614 = CARTESIAN_POINT ( 'NONE',  ( 1.281970042138953714, 0.3000000000000423994, -27.40445772368652300 ) ) ;
#3615 = VECTOR ( 'NONE', #4162, 1000.000000000000000 ) ;
#3616 = ORIENTED_EDGE ( 'NONE', *, *, #298, .T. ) ;
#3617 = ORIENTED_EDGE ( 'NONE', *, *, #6420, .T. ) ;
#3618 = CARTESIAN_POINT ( 'NONE',  ( -4.901685496938358533, -7.100660299825182940E-16, 30.83489316322345530 ) ) ;
#3619 = CARTESIAN_POINT ( 'NONE',  ( -11.00000000000000000, 6.000000000000000000, -69.00000000000000000 ) ) ;
#3620 = CARTESIAN_POINT ( 'NONE',  ( 1.999459904540543453, 4.765068548073791987E-14, 40.26908409094159680 ) ) ;
#3621 = AXIS2_PLACEMENT_3D ( 'NONE', #1510, #1011, #3561 ) ;
#3622 = CARTESIAN_POINT ( 'NONE',  ( -4.156006061401992469, 0.3000000000000044853, -39.71896807988401434 ) ) ;
#3623 = FILL_AREA_STYLE ('',( #531 ) ) ;
#3624 = AXIS2_PLACEMENT_3D ( 'NONE', #4581, #481, #5191 ) ;
#3625 = EDGE_LOOP ( 'NONE', ( #3468, #2932, #6618, #4760 ) ) ;
#3626 = CARTESIAN_POINT ( 'NONE',  ( 4.099576544528212629, 6.217899459204367929E-14, 42.41143085068945595 ) ) ;
#3627 = CARTESIAN_POINT ( 'NONE',  ( 0.6347645690233040261, 0.3000000000000379030, 44.45195629389590408 ) ) ;
#3628 = EDGE_CURVE ( 'NONE', #2781, #3675, #2218, .T. ) ;
#3629 = DIRECTION ( 'NONE',  ( -7.228014483236701486E-16, 1.000000000000000000, -0.000000000000000000 ) ) ;
#3630 = CARTESIAN_POINT ( 'NONE',  ( -4.901685496938358533, 0.2999999999999992673, 30.83489316322345530 ) ) ;
#3631 = CARTESIAN_POINT ( 'NONE',  ( -0.5849028221956501516, 2.943386627542848031E-14, 43.57672311509931973 ) ) ;
#3632 = LINE ( 'NONE', #5006, #2604 ) ;
#3633 = DIRECTION ( 'NONE',  ( 1.000000000000000000, 1.836970198721029194E-16, 0.000000000000000000 ) ) ;
#3634 = CARTESIAN_POINT ( 'NONE',  ( 7.999999999999983125, 1.400000000000002798, 32.75000000000000000 ) ) ;
#3635 = VERTEX_POINT ( 'NONE', #3694 ) ;
#3636 = CYLINDRICAL_SURFACE ( 'NONE', #2464, 2.599999999999998312 ) ;
#3637 = CARTESIAN_POINT ( 'NONE',  ( 3.648470843906456373, 5.914322850908426688E-14, 33.15489293912893487 ) ) ;
#3638 = VERTEX_POINT ( 'NONE', #489 ) ;
#3639 = ORIENTED_EDGE ( 'NONE', *, *, #6176, .T. ) ;
#3640 = ORIENTED_EDGE ( 'NONE', *, *, #1063, .F. ) ;
#3641 = CARTESIAN_POINT ( 'NONE',  ( 0.3681160807526113188, 0.3000000000000360711, 29.06238658043754342 ) ) ;
#3642 = DIRECTION ( 'NONE',  ( -0.9460992967321601999, -6.606576078465899117E-15, 0.3238767060517195318 ) ) ;
#3643 = LINE ( 'NONE', #4250, #4738 ) ;
#3644 = CARTESIAN_POINT ( 'NONE',  ( -2.333946174869838686, 1.745565497701662139E-14, 36.26389132871616994 ) ) ;
#3645 = CARTESIAN_POINT ( 'NONE',  ( -4.872930816273083998, -3.794707603699265519E-16, -32.28257473273443168 ) ) ;
#3646 = CARTESIAN_POINT ( 'NONE',  ( -8.000000000000007105, 1.399999999999990585, -32.75000000000000000 ) ) ;
#3647 = VERTEX_POINT ( 'NONE', #2137 ) ;
#3648 = CARTESIAN_POINT ( 'NONE',  ( 1.065486096489344003, 0.3000000000000409561, -32.13526473774381742 ) ) ;
#3649 = B_SPLINE_SURFACE_WITH_KNOTS ( 'NONE', 3, 1, ( 
 ( #2759, #5375 ),
 ( #4868, #2307 ),
 ( #233, #6412 ),
 ( #711, #4805 ),
 ( #2790, #774 ),
 ( #2273, #2243 ),
 ( #6347, #3291 ),
 ( #4331, #5344 ),
 ( #1773, #743 ),
 ( #3827, #6379 ),
 ( #1107, #1233 ) ),
 .UNSPECIFIED., .F., .F., .F.,
 ( 4, 1, 1, 1, 1, 1, 1, 1, 4 ),
 ( 2, 2 ),
 ( 0.000000000000000000, 0.1436708984003762513, 0.2788582419204841401, 0.4067870132186550136, 0.5297837450611715404, 0.6482828039214284521, 0.7655287926444478419, 0.8817668468039334684, 1.000000000000000000 ),
 ( 0.000000000000000000, 1.000000000000000000 ),
 .UNSPECIFIED. ) ;
#3650 = CARTESIAN_POINT ( 'NONE',  ( -2.554248584258040022, 0.3000000000000156430, 42.19685758259501540 ) ) ;
#3651 = VERTEX_POINT ( 'NONE', #62 ) ;
#3652 = EDGE_LOOP ( 'NONE', ( #1265, #654, #5900, #191 ) ) ;
#3653 = CARTESIAN_POINT ( 'NONE',  ( -2.510850010807409216, 1.598504893815781245E-14, 34.81533178956154018 ) ) ;
#3654 = DIRECTION ( 'NONE',  ( 0.000000000000000000, 0.000000000000000000, 1.000000000000000000 ) ) ;
#3655 = CARTESIAN_POINT ( 'NONE',  ( -11.00000000000000000, 0.9999999999999981126, 69.00000000000000000 ) ) ;
#3656 = CARTESIAN_POINT ( 'NONE',  ( -4.909209121818440380, 0.2999999999999992117, -38.56717081783904177 ) ) ;
#3657 = VECTOR ( 'NONE', #851, 1000.000000000000000 ) ;
#3658 = FACE_OUTER_BOUND ( 'NONE', #5150, .T. ) ;
#3659 = ORIENTED_EDGE ( 'NONE', *, *, #4284, .F. ) ;
#3660 = CARTESIAN_POINT ( 'NONE',  ( 4.384278014953337355, 0.3000000000000641043, 40.61022562720309281 ) ) ;
#3661 = CARTESIAN_POINT ( 'NONE',  ( 4.277826605902769863, 0.3000000000000633271, 17.45885909928214730 ) ) ;
#3662 = CARTESIAN_POINT ( 'NONE',  ( -4.239727889166937658, 0.3000000000000038747, 44.87850528293186159 ) ) ;
#3663 = DIRECTION ( 'NONE',  ( -1.000000000000000000, -1.836970198721029194E-16, 0.000000000000000000 ) ) ;
#3664 = CARTESIAN_POINT ( 'NONE',  ( -4.388135181703495924, 2.876036654416648701E-15, -39.55782336282014455 ) ) ;
#3665 = AXIS2_PLACEMENT_3D ( 'NONE', #951, #5082, #4984 ) ;
#3666 = CARTESIAN_POINT ( 'NONE',  ( -1.256905729295115126, 2.471980953266950110E-14, -39.40298006866835578 ) ) ;
#3667 = CARTESIAN_POINT ( 'NONE',  ( -4.800000000000005151, 0.2999999999999999889, 22.46052879757350595 ) ) ;
#3668 = CARTESIAN_POINT ( 'NONE',  ( -2.271281496494557128, 0.3000000000000176414, -29.11830204081927320 ) ) ;
#3669 = CARTESIAN_POINT ( 'NONE',  ( -0.7381816162728231934, 2.851451713636876661E-14, -28.60762816876111714 ) ) ;
#3670 = CARTESIAN_POINT ( 'NONE',  ( -1.250427956051296752, 0.3000000000000247469, 43.89093703693814774 ) ) ;
#3671 = EDGE_CURVE ( 'NONE', #2873, #5831, #997, .T. ) ;
#3672 = CARTESIAN_POINT ( 'NONE',  ( -1.838705126111295884, 2.067861158198860542E-14, -39.05554774707515264 ) ) ;
#3673 = B_SPLINE_SURFACE_WITH_KNOTS ( 'NONE', 3, 1, ( 
 ( #1410, #4532 ),
 ( #1344, #4968 ),
 ( #360, #3455 ),
 ( #2887, #5570 ),
 ( #4565, #6609 ),
 ( #3897, #5444 ),
 ( #3427, #2409 ),
 ( #4465, #6511 ),
 ( #869, #2922 ),
 ( #6542, #3023 ),
 ( #1376, #5035 ),
 ( #6044, #328 ),
 ( #426, #2374 ),
 ( #5537, #3961 ),
 ( #4434, #1874 ),
 ( #5951, #938 ),
 ( #3394, #1908 ),
 ( #4028, #6574 ),
 ( #3930, #6478 ) ),
 .UNSPECIFIED., .F., .F., .F.,
 ( 4, 1, 1, 1, 1, 1, 1, 1, 1, 1, 1, 1, 1, 1, 1, 1, 4 ),
 ( 2, 2 ),
 ( 0.000000000000000000, 0.06124811215327040370, 0.1200811647594940829, 0.1780711754646549516, 0.2350576978971776199, 0.2929916676813237308, 0.3512499244131481735, 0.4112983210755264407, 0.4736835373780666214, 0.5365004617051540858, 0.5995651040791653008, 0.6624874277381799237, 0.7259136398564370873, 0.7912450390378125142, 0.8583269767119900973, 0.9275686342340818680, 0.9999999999999998890 ),
 ( 0.000000000000000000, 1.000000000000000000 ),
 .UNSPECIFIED. ) ;
#3674 = ORIENTED_EDGE ( 'NONE', *, *, #5729, .T. ) ;
#3675 = VERTEX_POINT ( 'NONE', #2538 ) ;
#3676 = B_SPLINE_CURVE_WITH_KNOTS ( 'NONE', 3,
 ( #1704, #4659, #3618, #2645, #60, #3756, #2606, #5782, #1672, #6170, #164, #1036, #3653, #1145, #3083, #5130, #527, #1176, #5165 ),
 .UNSPECIFIED., .F., .F.,
 ( 4, 1, 1, 1, 1, 1, 1, 1, 1, 1, 1, 1, 1, 1, 1, 1, 4 ),
 ( 0.000000000000000000, 0.07379307064957585371, 0.1440714864144684026, 0.2113032929740326915, 0.2763110071120011835, 0.3394184354501711964, 0.4013881609336378276, 0.4630115693914689246, 0.5247925960214754326, 0.5859472660693472168, 0.6455944206962886955, 0.7038387163496403476, 0.7614242272367496289, 0.8194092248833625414, 0.8779974660948737242, 0.9379863130412948724, 1.000000000000000000 ),
 .UNSPECIFIED. ) ;
#3677 = EDGE_CURVE ( 'NONE', #4930, #4584, #1800, .T. ) ;
#3678 = VERTEX_POINT ( 'NONE', #4089 ) ;
#3679 = ADVANCED_FACE ( 'NONE', ( #6137 ), #5655, .T. ) ;
#3680 = PLANE ( 'NONE',  #3802 ) ;
#3681 = CARTESIAN_POINT ( 'NONE',  ( 4.151845596625311607, 6.251040369764480526E-14, -34.24776298593714330 ) ) ;
#3682 = CARTESIAN_POINT ( 'NONE',  ( 7.999999999999979572, 6.000000000000002665, 0.000000000000000000 ) ) ;
#3683 = DIRECTION ( 'NONE',  ( -1.000000000000000000, -7.506015040284271099E-16, 0.000000000000000000 ) ) ;
#3684 = CARTESIAN_POINT ( 'NONE',  ( -4.494612133933040710, 2.276824562219559311E-15, -39.45794175578115670 ) ) ;
#3685 = CARTESIAN_POINT ( 'NONE',  ( -0.6015051947699714407, 2.931793252738098795E-14, 28.29728762308756629 ) ) ;
#3686 = ORIENTED_EDGE ( 'NONE', *, *, #3913, .F. ) ;
#3687 = FACE_BOUND ( 'NONE', #5895, .T. ) ;
#3688 = CARTESIAN_POINT ( 'NONE',  ( 4.388039601617656160, 0.3000000000000641598, 30.11747385158962231 ) ) ;
#3689 = B_SPLINE_CURVE_WITH_KNOTS ( 'NONE', 3,
 ( #381, #1863, #3920, #6531, #2434, #5908, #6440, #1395, #5493, #3355, #5409, #1837, #1335, #3322, #3386, #5435, #5973, #3416, #2396 ),
 .UNSPECIFIED., .F., .F.,
 ( 4, 1, 1, 1, 1, 1, 1, 1, 1, 1, 1, 1, 1, 1, 1, 1, 4 ),
 ( 0.000000000000000000, 0.06010494839182099064, 0.1167517350992659242, 0.1711356521932385633, 0.2236523954605225684, 0.2752383353370499441, 0.3269260845771734258, 0.3794276098946334219, 0.4340153052958303226, 0.4908666365111221119, 0.5508062224093603909, 0.6143876246633763749, 0.6819986453985097397, 0.7540653391070432088, 0.8309763590638521435, 0.9126792203682154714, 1.000000000000000000 ),
 .UNSPECIFIED. ) ;
#3690 = ORIENTED_EDGE ( 'NONE', *, *, #3181, .F. ) ;
#3691 = ORIENTED_EDGE ( 'NONE', *, *, #56, .T. ) ;
#3692 = DIRECTION ( 'NONE',  ( -7.228014483236701486E-16, 1.000000000000000000, 0.000000000000000000 ) ) ;
#3693 = CARTESIAN_POINT ( 'NONE',  ( 0.1728218694969672342, 3.472502951747937428E-14, 35.33304037239585682 ) ) ;
#3694 = CARTESIAN_POINT ( 'NONE',  ( 0.8736416286892210170, 0.3000000000000396239, -16.05640580919052240 ) ) ;
#3695 = DIRECTION ( 'NONE',  ( -0.9495246857993071554, 0.000000000000000000, 0.3136923190926536043 ) ) ;
#3696 = CARTESIAN_POINT ( 'NONE',  ( -0.9406096436003561490, 2.699663409488906041E-14, 29.90261429965821804 ) ) ;
#3697 = AXIS2_PLACEMENT_3D ( 'NONE', #3985, #1496, #1400 ) ;
#3698 = LINE ( 'NONE', #1305, #5 ) ;
#3699 = CIRCLE ( 'NONE', #1959, 1.300000000000000044 ) ;
#3700 = VERTEX_POINT ( 'NONE', #96 ) ;
#3701 = CARTESIAN_POINT ( 'NONE',  ( -4.800000000000014033, -6.574002172240239439E-30, -26.04201507568359375 ) ) ;
#3702 = CARTESIAN_POINT ( 'NONE',  ( -1.289434242248535867, 0.3000000000000244693, 42.10905896292793216 ) ) ;
#3703 = CARTESIAN_POINT ( 'NONE',  ( 4.388039601617656160, 6.415973761919952192E-14, 30.11747385158962231 ) ) ;
#3704 = CARTESIAN_POINT ( 'NONE',  ( -1.690805019079701488, 2.184667377558291435E-14, 35.16120268912840174 ) ) ;
#3705 = CARTESIAN_POINT ( 'NONE',  ( -3.628004667521424143, 0.3000000000000081490, -36.93983173719639268 ) ) ;
#3706 = CARTESIAN_POINT ( 'NONE',  ( -0.9749344018057071182, 2.672558355176768430E-14, -39.55903238615307060 ) ) ;
#3707 = DIRECTION ( 'NONE',  ( 1.000000000000000000, 0.000000000000000000, -0.000000000000000000 ) ) ;
#3708 = CARTESIAN_POINT ( 'NONE',  ( 0.2991870202482777574, 0.3000000000000355715, 37.90003160329904830 ) ) ;
#3709 = CARTESIAN_POINT ( 'NONE',  ( 0.8470464335547535084, 0.3000000000000394018, 37.37334121598138381 ) ) ;
#3710 = VECTOR ( 'NONE', #1229, 1000.000000000000000 ) ;
#3711 = CARTESIAN_POINT ( 'NONE',  ( 4.151845596625311607, 6.250425524378933062E-14, -34.24776298593714330 ) ) ;
#3712 = EDGE_LOOP ( 'NONE', ( #1947, #5965, #3511, #6442, #6338, #5244, #3099, #2035, #1195, #2261 ) ) ;
#3713 = EDGE_CURVE ( 'NONE', #4894, #369, #452, .T. ) ;
#3714 = ORIENTED_EDGE ( 'NONE', *, *, #4586, .T. ) ;
#3715 = ORIENTED_EDGE ( 'NONE', *, *, #4522, .T. ) ;
#3716 = ADVANCED_FACE ( 'NONE', ( #1210 ), #3190, .T. ) ;
#3717 = LINE ( 'NONE', #44, #2284 ) ;
#3718 = CARTESIAN_POINT ( 'NONE',  ( -4.239727889166951869, 0.3000000000000038747, -27.06327056884764204 ) ) ;
#3719 = LINE ( 'NONE', #1135, #125 ) ;
#3720 = EDGE_CURVE ( 'NONE', #5205, #5632, #2785, .T. ) ;
#3721 = DIRECTION ( 'NONE',  ( -7.228014483236701486E-16, 1.000000000000000000, -0.000000000000000000 ) ) ;
#3722 = CARTESIAN_POINT ( 'NONE',  ( -4.815168031478038735, 0.000000000000000000, -32.74502550509744481 ) ) ;
#3723 = ORIENTED_EDGE ( 'NONE', *, *, #2963, .T. ) ;
#3724 = FACE_BOUND ( 'NONE', #3417, .T. ) ;
#3725 = LINE ( 'NONE', #3150, #5044 ) ;
#3726 = VERTEX_POINT ( 'NONE', #4323 ) ;
#3727 = ORIENTED_EDGE ( 'NONE', *, *, #4586, .F. ) ;
#3728 = CARTESIAN_POINT ( 'NONE',  ( 0.1866346133907040294, 3.482148339256587082E-14, -27.67645875474245187 ) ) ;
#3729 = CARTESIAN_POINT ( 'NONE',  ( 1.607669014400904040, 0.3000000000000446754, 40.45306481255425979 ) ) ;
#3730 = CARTESIAN_POINT ( 'NONE',  ( 1.754970927894738963, 4.580754178751256234E-14, -36.37036819884966832 ) ) ;
#3731 = VECTOR ( 'NONE', #2676, 1000.000000000000000 ) ;
#3732 = CARTESIAN_POINT ( 'NONE',  ( -0.9010406640893670049, 2.726768463801043652E-14, 30.36312000381684939 ) ) ;
#3733 = CARTESIAN_POINT ( 'NONE',  ( -4.874364077958667885, -5.963111948670274387E-16, 41.84324506005585675 ) ) ;
#3734 = VERTEX_POINT ( 'NONE', #6278 ) ;
#3735 = EDGE_CURVE ( 'NONE', #5128, #416, #5784, .T. ) ;
#3736 = CARTESIAN_POINT ( 'NONE',  ( 0.7297105740347324954, 0.3000000000000385691, 38.94707942306996529 ) ) ;
#3737 = CARTESIAN_POINT ( 'NONE',  ( -4.679936980657220857, 7.589415207398531038E-16, -37.60170560079647828 ) ) ;
#3738 = DIRECTION ( 'NONE',  ( 0.000000000000000000, -1.000000000000000000, 0.000000000000000000 ) ) ;
#3739 = CARTESIAN_POINT ( 'NONE',  ( -3.904255670430986758, 0.3000000000000062061, 33.61852322115765901 ) ) ;
#3740 = CARTESIAN_POINT ( 'NONE',  ( -4.874364077958682095, -5.192815809459318290E-16, -30.09853079172365042 ) ) ;
#3741 = CARTESIAN_POINT ( 'NONE',  ( -4.155925401671290764, 4.497548881775262135E-15, -37.10599337338773296 ) ) ;
#3742 = CARTESIAN_POINT ( 'NONE',  ( 0.1251663804306532013, 0.3000000000000343503, 37.55276587007764277 ) ) ;
#3743 = CARTESIAN_POINT ( 'NONE',  ( -1.624316733053017714, 2.217567772924357733E-14, 41.33588364029485973 ) ) ;
#3744 = CARTESIAN_POINT ( 'NONE',  ( 3.920659199530581063, 6.087795198506107397E-14, -35.14163548131043058 ) ) ;
#3745 = ORIENTED_EDGE ( 'NONE', *, *, #143, .T. ) ;
#3746 = VERTEX_POINT ( 'NONE', #4732 ) ;
#3747 = EDGE_LOOP ( 'NONE', ( #4658, #1641, #561, #5267 ) ) ;
#3748 = FACE_OUTER_BOUND ( 'NONE', #437, .T. ) ;
#3749 = CARTESIAN_POINT ( 'NONE',  ( 0.9975380024965487813, 4.048399149390117659E-14, 39.64574338530890429 ) ) ;
#3750 = CARTESIAN_POINT ( 'NONE',  ( -2.152891577614693741, 0.3000000000000184741, -31.03481970893010811 ) ) ;
#3751 = CARTESIAN_POINT ( 'NONE',  ( -4.810820092996253905, 0.2999999999999999334, -38.98306009914769277 ) ) ;
#3752 = ORIENTED_EDGE ( 'NONE', *, *, #5065, .T. ) ;
#3753 = CARTESIAN_POINT ( 'NONE',  ( 1.184069202295763512, 4.174178364069192071E-14, -31.88358168490072231 ) ) ;
#3754 = CARTESIAN_POINT ( 'NONE',  ( -1.557054328942282018, 0.3000000000000226374, 43.67038638749073698 ) ) ;
#3755 = ORIENTED_EDGE ( 'NONE', *, *, #227, .F. ) ;
#3756 = CARTESIAN_POINT ( 'NONE',  ( -4.590967099326075385, 1.459668943814535828E-15, 32.35909018311651408 ) ) ;
#3757 = CARTESIAN_POINT ( 'NONE',  ( 4.045621532888014293, 0.3000000000000617173, 37.24249604392226587 ) ) ;
#3758 = CARTESIAN_POINT ( 'NONE',  ( 1.125950384185458342, 4.141652298894626938E-14, 39.94446498970654602 ) ) ;
#3759 = LINE ( 'NONE', #1211, #4147 ) ;
#3760 = CARTESIAN_POINT ( 'NONE',  ( -0.7697009190416097546, 0.3000000000000281331, 30.79184494536619709 ) ) ;
#3761 = CARTESIAN_POINT ( 'NONE',  ( -2.225613056375124632, 0.3000000000000179745, -39.09006489172885779 ) ) ;
#3762 = ORIENTED_EDGE ( 'NONE', *, *, #3388, .F. ) ;
#3763 = CARTESIAN_POINT ( 'NONE',  ( 3.427265561421358964, 5.751692525035601022E-14, 43.67732049796295257 ) ) ;
#3764 = EDGE_CURVE ( 'NONE', #5076, #5280, #2333, .T. ) ;
#3765 = CARTESIAN_POINT ( 'NONE',  ( -4.032317496064095508, 5.312590645178971727E-15, -37.04325120219272094 ) ) ;
#3766 = CARTESIAN_POINT ( 'NONE',  ( 4.277826605902773416, 0.3000000000000633271, 23.40199870533412607 ) ) ;
#3767 =( NAMED_UNIT ( * ) PLANE_ANGLE_UNIT ( ) SI_UNIT ( $, .RADIAN. ) );
#3768 = CARTESIAN_POINT ( 'NONE',  ( 11.00000000000000000, 1.000000000000001998, 70.00000000000000000 ) ) ;
#3769 = VECTOR ( 'NONE', #2894, 1000.000000000000000 ) ;
#3770 = CARTESIAN_POINT ( 'NONE',  ( -2.133388434516076071, 0.3000000000000185851, -37.95666249593098485 ) ) ;
#3771 = FACE_BOUND ( 'NONE', #4124, .T. ) ;
#3772 = DIRECTION ( 'NONE',  ( -7.228014483236701486E-16, 1.000000000000000000, -0.000000000000000000 ) ) ;
#3773 = VECTOR ( 'NONE', #2078, 1000.000000000000114 ) ;
#3774 = AXIS2_PLACEMENT_3D ( 'NONE', #3366, #4720, #2198 ) ;
#3775 = CARTESIAN_POINT ( 'NONE',  ( -2.567543320934277951, 1.566672139241553907E-14, 41.20572721383327774 ) ) ;
#3776 = VERTEX_POINT ( 'NONE', #5369 ) ;
#3777 = ORIENTED_EDGE ( 'NONE', *, *, #6428, .F. ) ;
#3778 = VERTEX_POINT ( 'NONE', #738 ) ;
#3779 = CARTESIAN_POINT ( 'NONE',  ( -4.872930816273071564, -2.710505431213761085E-16, 39.65920111904510037 ) ) ;
#3780 = CARTESIAN_POINT ( 'NONE',  ( 7.999999999999983125, 1.400000000000002798, 65.50000000000000000 ) ) ;
#3781 = CARTESIAN_POINT ( 'NONE',  ( -4.031818089520687209, 5.529431079676072613E-15, -39.77912626201226942 ) ) ;
#3782 = ORIENTED_EDGE ( 'NONE', *, *, #1153, .F. ) ;
#3783 = CARTESIAN_POINT ( 'NONE',  ( -1.836970198721029194E-16, 1.000000000000000000, 69.00000000000000000 ) ) ;
#3784 = CARTESIAN_POINT ( 'NONE',  ( 4.257303562664918495, 0.3000000000000632161, 28.80576282271968580 ) ) ;
#3785 = ORIENTED_EDGE ( 'NONE', *, *, #111, .T. ) ;
#3786 = EDGE_LOOP ( 'NONE', ( #2122, #5628, #312 ) ) ;
#3787 = EDGE_CURVE ( 'NONE', #3678, #2737, #6405, .T. ) ;
#3788 = CARTESIAN_POINT ( 'NONE',  ( 0.6546420018152000475, 3.808956151881545449E-14, 35.26772984532303923 ) ) ;
#3789 = CARTESIAN_POINT ( 'NONE',  ( 1.184069202295775947, 0.3000000000000417888, 40.05819416687879198 ) ) ;
#3790 = DIRECTION ( 'NONE',  ( -2.919500550344805983E-16, 0.000000000000000000, -1.000000000000000000 ) ) ;
#3791 = VECTOR ( 'NONE', #1010, 1000.000000000000000 ) ;
#3792 = DIRECTION ( 'NONE',  ( 4.246546255046991194E-16, 1.348252052242091936E-30, 1.000000000000000000 ) ) ;
#3793 = CARTESIAN_POINT ( 'NONE',  ( -4.294139125907372900, 3.469446951953614189E-15, 44.72839292683531909 ) ) ;
#3794 = EDGE_CURVE ( 'NONE', #5448, #3132, #226, .T. ) ;
#3795 = ORIENTED_EDGE ( 'NONE', *, *, #3993, .F. ) ;
#3796 = CARTESIAN_POINT ( 'NONE',  ( -0.7983488460859743396, 0.3000000000000279110, 36.53339996213892249 ) ) ;
#3797 = CARTESIAN_POINT ( 'NONE',  ( -4.912031789579051733, 0.2999999999999992117, -38.36970731336263185 ) ) ;
#3798 = CARTESIAN_POINT ( 'NONE',  ( 1.607669014400890051, 4.474451357852825569E-14, -31.48871103922525094 ) ) ;
#3799 = DIRECTION ( 'NONE',  ( -1.000000000000000000, 0.000000000000000000, 3.474446935947538249E-16 ) ) ;
#3800 = CARTESIAN_POINT ( 'NONE',  ( -1.730442198314961599, 2.143460756616743474E-14, -30.78050188843794999 ) ) ;
#3801 = CARTESIAN_POINT ( 'NONE',  ( -4.538603004686857290, 1.843143693225357538E-15, -27.99301373838122942 ) ) ;
#3802 = AXIS2_PLACEMENT_3D ( 'NONE', #659, #1660, #2705 ) ;
#3803 = CARTESIAN_POINT ( 'NONE',  ( 0.01602579398159591564, 3.361026734705063745E-14, 37.35426486064437057 ) ) ;
#3804 = CARTESIAN_POINT ( 'NONE',  ( -1.788982143740578179, 2.097931203759451080E-14, 41.08431108033305179 ) ) ;
#3805 = ADVANCED_FACE ( 'NONE', ( #4261 ), #130, .T. ) ;
#3806 = PRODUCT_DEFINITION_FORMATION_WITH_SPECIFIED_SOURCE ( 'Symmetric', '', #79, .NOT_KNOWN. ) ;
#3807 = CARTESIAN_POINT ( 'NONE',  ( 4.308126567036875798, 0.3000000000000635492, -33.31671687617679112 ) ) ;
#3808 = CARTESIAN_POINT ( 'NONE',  ( 4.099576544528197530, 6.223320470066795451E-14, -29.53034500109005123 ) ) ;
#3809 = ORIENTED_EDGE ( 'NONE', *, *, #1678, .T. ) ;
#3810 = B_SPLINE_CURVE_WITH_KNOTS ( 'NONE', 3,
 ( #6268, #662, #216, #2259, #1199, #3276, #155, #5772, #120, #2199, #3749, #5804, #3246, #5327, #6332 ),
 .UNSPECIFIED., .F., .F.,
 ( 4, 1, 1, 1, 1, 1, 1, 1, 1, 1, 1, 1, 4 ),
 ( 0.000000000000000000, 0.04727672915333675646, 0.1009447685583622495, 0.1646827786718290665, 0.2403054573951402262, 0.2873553295333571844, 0.3484448112134966302, 0.4224586930946485630, 0.5108902320761146143, 0.6119418840167981655, 0.7279580536416556669, 0.8566578048970566739, 1.000000000000000000 ),
 .UNSPECIFIED. ) ;
#3811 = VERTEX_POINT ( 'NONE', #3223 ) ;
#3812 = ORIENTED_EDGE ( 'NONE', *, *, #722, .F. ) ;
#3813 = ADVANCED_FACE ( 'NONE', ( #4292 ), #4156, .T. ) ;
#3814 = CARTESIAN_POINT ( 'NONE',  ( -8.000000000000010658, 5.999999999999990230, 32.75000000000000000 ) ) ;
#3815 = CARTESIAN_POINT ( 'NONE',  ( 0.8433027952743146205, 3.940697279828321320E-14, -32.68593253902218976 ) ) ;
#3816 = ORIENTED_EDGE ( 'NONE', *, *, #1004, .F. ) ;
#3817 = CARTESIAN_POINT ( 'NONE',  ( -2.660436546740461150, 1.494049174065291849E-14, 36.31894770318867671 ) ) ;
#3818 = ADVANCED_FACE ( 'NONE', ( #637 ), #2682, .F. ) ;
#3819 = ORIENTED_EDGE ( 'NONE', *, *, #6, .F. ) ;
#3820 = ORIENTED_EDGE ( 'NONE', *, *, #3628, .T. ) ;
#3821 = CARTESIAN_POINT ( 'NONE',  ( -3.251254211700700836, 1.081483403691790222E-14, -35.41305562454387257 ) ) ;
#3822 = CARTESIAN_POINT ( 'NONE',  ( 4.277826605902765422, 6.339012438352648739E-14, -10.04234568277993667 ) ) ;
#3823 = PLANE ( 'NONE',  #3295 ) ;
#3824 = DIRECTION ( 'NONE',  ( 0.8959153977262280799, 0.000000000000000000, 0.4442247180392538408 ) ) ;
#3825 = DIRECTION ( 'NONE',  ( 0.000000000000000000, -1.000000000000000000, 0.000000000000000000 ) ) ;
#3826 = ORIENTED_EDGE ( 'NONE', *, *, #1878, .T. ) ;
#3827 = CARTESIAN_POINT ( 'NONE',  ( 2.118382658330535406, 0.3000000000000482836, 39.60820992688186237 ) ) ;
#3828 = PLANE ( 'NONE',  #6373 ) ;
#3829 = CARTESIAN_POINT ( 'NONE',  ( 4.384278014953318703, 0.3000000000000641043, -31.33155022457640726 ) ) ;
#3830 = CARTESIAN_POINT ( 'NONE',  ( -4.913472832573800630, -7.923765547940901445E-16, -31.27063043912250961 ) ) ;
#3831 = VECTOR ( 'NONE', #4319, 1000.000000000000000 ) ;
#3832 = CARTESIAN_POINT ( 'NONE',  ( -4.913472832573800630, -8.131516293641283255E-16, -31.27063043912250961 ) ) ;
#3833 = PLANE ( 'NONE',  #5114 ) ;
#3834 = CARTESIAN_POINT ( 'NONE',  ( -2.120720222317615811, 1.870931069063565088E-14, 40.90966038397381510 ) ) ;
#3835 = EDGE_CURVE ( 'NONE', #2919, #2015, #4514, .T. ) ;
#3836 = AXIS2_PLACEMENT_3D ( 'NONE', #1249, #3298, #5498 ) ;
#3837 = ADVANCED_FACE ( 'NONE', ( #4483 ), #4806, .T. ) ;
#3838 = EDGE_CURVE ( 'NONE', #1197, #2086, #5522, .T. ) ;
#3839 = DIRECTION ( 'NONE',  ( 0.000000000000000000, -1.000000000000000000, 0.000000000000000000 ) ) ;
#3840 = CARTESIAN_POINT ( 'NONE',  ( -2.152891577614693741, 1.848465931730566867E-14, -31.03481970893010811 ) ) ;
#3841 = CARTESIAN_POINT ( 'NONE',  ( 4.384278014953318703, 6.423897871976613771E-14, -31.33155022457640726 ) ) ;
#3842 = ORIENTED_EDGE ( 'NONE', *, *, #349, .F. ) ;
#3843 = AXIS2_PLACEMENT_3D ( 'NONE', #5864, #189, #4919 ) ;
#3844 = AXIS2_PLACEMENT_3D ( 'NONE', #22, #2101, #4054 ) ;
#3845 = ORIENTED_EDGE ( 'NONE', *, *, #5969, .F. ) ;
#3846 = EDGE_CURVE ( 'NONE', #391, #126, #5665, .T. ) ;
#3847 = CARTESIAN_POINT ( 'NONE',  ( 4.389964219678202717, 0.3000000000000641598, -32.02007688383069706 ) ) ;
#3848 = LINE ( 'NONE', #2289, #83 ) ;
#3849 = CARTESIAN_POINT ( 'NONE',  ( 0.2092224859696323325, 0.3000000000000349609, -34.22204447323965582 ) ) ;
#3850 = CARTESIAN_POINT ( 'NONE',  ( 1.281970042138953714, 4.260914537868032426E-14, -27.40445772368652300 ) ) ;
#3851 = FACE_OUTER_BOUND ( 'NONE', #4106, .T. ) ;
#3852 = ORIENTED_EDGE ( 'NONE', *, *, #4491, .T. ) ;
#3853 = ORIENTED_EDGE ( 'NONE', *, *, #3066, .F. ) ;
#3854 = B_SPLINE_CURVE_WITH_KNOTS ( 'NONE', 3,
 ( #1403, #3450, #6569, #4526, #2983, #24, #3622, #1079, #421, #4055, #1042, #5638, #2471, #2068, #3087, #1963, #3656, #4127, #5713 ),
 .UNSPECIFIED., .F., .F.,
 ( 4, 1, 1, 1, 1, 1, 1, 1, 1, 1, 1, 1, 1, 1, 1, 1, 4 ),
 ( 0.000000000000000000, 0.06395042779706833214, 0.1253102932571360517, 0.1863330140476971153, 0.2462317207244439643, 0.3068503956786989284, 0.3680369628067257648, 0.4302072998689192018, 0.4952397167928626054, 0.5603187686578443572, 0.6238885357647198093, 0.6853422728078112369, 0.7473660391268578396, 0.8084632899954228291, 0.8708187887505008939, 0.9344934644034528226, 1.000000000000000000 ),
 .UNSPECIFIED. ) ;
#3855 = CARTESIAN_POINT ( 'NONE',  ( 4.277826605902763646, 6.339012438352648739E-14, -21.95699310302734375 ) ) ;
#3856 = DIRECTION ( 'NONE',  ( -1.000000000000000000, 0.000000000000000000, -0.000000000000000000 ) ) ;
#3857 = CARTESIAN_POINT ( 'NONE',  ( -0.9389695459803416577, 2.694242398626478519E-14, 29.58836054342603461 ) ) ;
#3858 = LINE ( 'NONE', #6529, #2648 ) ;
#3859 = CARTESIAN_POINT ( 'NONE',  ( -2.644016181098091334, 1.523304052342133730E-14, 41.58602012528314873 ) ) ;
#3860 = CARTESIAN_POINT ( 'NONE',  ( -0.9227333037972433871, 2.707480863101980990E-14, 29.38118065765076281 ) ) ;
#3861 = ORIENTED_EDGE ( 'NONE', *, *, #1740, .T. ) ;
#3862 = CARTESIAN_POINT ( 'NONE',  ( 4.355037564978148090, 6.392928562905817849E-14, 39.10425734668651643 ) ) ;
#3863 = LINE ( 'NONE', #6039, #1697 ) ;
#3864 = DIRECTION ( 'NONE',  ( 1.000000000000000000, 0.000000000000000000, -0.000000000000000000 ) ) ;
#3865 = DIRECTION ( 'NONE',  ( -1.000000000000000000, 0.000000000000000000, 0.000000000000000000 ) ) ;
#3866 = DIRECTION ( 'NONE',  ( -7.228014483236701486E-16, 1.000000000000000000, 0.000000000000000000 ) ) ;
#3867 = CARTESIAN_POINT ( 'NONE',  ( -4.294139125907372900, 0.3000000000000034861, 44.72839292683531909 ) ) ;
#3868 = CARTESIAN_POINT ( 'NONE',  ( 0.8470464335547535084, 3.943311448467418694E-14, 37.37334121598138381 ) ) ;
#3869 = LINE ( 'NONE', #2670, #4778 ) ;
#3870 = CARTESIAN_POINT ( 'NONE',  ( -4.800000000000006040, 0.2999999999999999889, 13.44653065999348307 ) ) ;
#3871 = CARTESIAN_POINT ( 'NONE',  ( -2.152891577614693741, 1.853985714950212582E-14, -31.03481970893010811 ) ) ;
#3872 = CARTESIAN_POINT ( 'NONE',  ( 3.631842243055935171, 5.898059818321144121E-14, -28.52952889753009558 ) ) ;
#3873 = ORIENTED_EDGE ( 'NONE', *, *, #2733, .T. ) ;
#3874 = VECTOR ( 'NONE', #3121, 1000.000000000000000 ) ;
#3875 = ADVANCED_FACE ( 'NONE', ( #3383 ), #4636, .T. ) ;
#3876 = CARTESIAN_POINT ( 'NONE',  ( 4.227799127771261212, 0.3000000000000629941, -39.22529492293318754 ) ) ;
#3877 = FACE_OUTER_BOUND ( 'NONE', #1515, .T. ) ;
#3878 = CARTESIAN_POINT ( 'NONE',  ( 0.7900181394085581399, 3.903488803507928357E-14, -32.83195398936395293 ) ) ;
#3879 = DIRECTION ( 'NONE',  ( 1.000000000000000000, 6.982962677686266711E-15, -3.821891629542292715E-16 ) ) ;
#3880 = VERTEX_POINT ( 'NONE', #47 ) ;
#3881 = CARTESIAN_POINT ( 'NONE',  ( -1.826194475150944685, 0.3000000000000207501, -37.76400491397000536 ) ) ;
#3882 = ORIENTED_EDGE ( 'NONE', *, *, #4307, .T. ) ;
#3883 = ADVANCED_FACE ( 'NONE', ( #442 ), #953, .T. ) ;
#3884 = ORIENTED_EDGE ( 'NONE', *, *, #2515, .T. ) ;
#3885 = LINE ( 'NONE', #1331, #267 ) ;
#3886 = CARTESIAN_POINT ( 'NONE',  ( -2.152891577614693741, 1.853985714950212582E-14, -31.03481970893010811 ) ) ;
#3887 = CARTESIAN_POINT ( 'NONE',  ( -1.067966057167509364, 2.606065373465773029E-14, -35.53263437711853356 ) ) ;
#3888 = CARTESIAN_POINT ( 'NONE',  ( -4.800000000000005151, -5.603649452663447221E-30, 22.46052879757350595 ) ) ;
#3889 = EDGE_LOOP ( 'NONE', ( #2224, #3176, #6094, #4318, #1023, #4634, #2087, #6125, #2286, #5198 ) ) ;
#3890 = DIRECTION ( 'NONE',  ( 6.982962677687423181E-15, -1.000000000000000000, -8.156338111230522219E-29 ) ) ;
#3891 = LINE ( 'NONE', #4961, #2978 ) ;
#3892 = CARTESIAN_POINT ( 'NONE',  ( -4.749334005271741432, 3.537987502153685708E-16, -29.00359110787261585 ) ) ;
#3893 = AXIS2_PLACEMENT_3D ( 'NONE', #3459, #5507, #3396 ) ;
#3894 = DIRECTION ( 'NONE',  ( 0.000000000000000000, -1.000000000000000000, 0.000000000000000000 ) ) ;
#3895 = CARTESIAN_POINT ( 'NONE',  ( 4.277826605902761870, 0.3000000000000633271, -20.14142778184677596 ) ) ;
#3896 = CARTESIAN_POINT ( 'NONE',  ( -1.155485990674272045, 2.547875105340935420E-14, 42.45553992625413287 ) ) ;
#3897 = CARTESIAN_POINT ( 'NONE',  ( 4.227799127771261212, 0.3000000000000629941, -39.22529492293318754 ) ) ;
#3899 = CARTESIAN_POINT ( 'NONE',  ( 4.391299438476560901, 0.3000000000000641598, 40.08782413270738232 ) ) ;
#3898 = AXIS2_PLACEMENT_3D ( 'NONE', #3915, #1922, #5967 ) ;
#3900 = DIRECTION ( 'NONE',  ( 1.000000000000000000, 6.982962677686265922E-15, -1.019171101211278123E-15 ) ) ;
#3901 = CARTESIAN_POINT ( 'NONE',  ( -1.957170802894818262, 1.989510986510900636E-14, -30.98979091862958057 ) ) ;
#3902 = CARTESIAN_POINT ( 'NONE',  ( 0.3864782055839999786, 3.615814245239157287E-14, -33.84370991439157450 ) ) ;
#3903 = APPLICATION_PROTOCOL_DEFINITION ( 'draft international standard', 'automotive_design', 1998, #4530 ) ;
#3904 = ORIENTED_EDGE ( 'NONE', *, *, #3151, .T. ) ;
#3905 = CARTESIAN_POINT ( 'NONE',  ( 2.026100084516718525, 0.3000000000000476175, -40.45306481255424558 ) ) ;
#3906 = FACE_OUTER_BOUND ( 'NONE', #5459, .T. ) ;
#3907 = EDGE_LOOP ( 'NONE', ( #3210, #5600, #4992, #3 ) ) ;
#3908 = CARTESIAN_POINT ( 'NONE',  ( -3.515760589819048931, 8.967795870507420038E-15, 36.68662331502316221 ) ) ;
#3909 = VERTEX_POINT ( 'NONE', #6061 ) ;
#3910 = AXIS2_PLACEMENT_3D ( 'NONE', #1661, #6228, #1167 ) ;
#3911 = ADVANCED_FACE ( 'NONE', ( #1459, #2091, #3540, #13, #2495, #3003, #2529, #2055, #6625, #3506 ), #1988, .F. ) ;
#3912 = VERTEX_POINT ( 'NONE', #4548 ) ;
#3913 = EDGE_CURVE ( 'NONE', #4584, #1659, #4009, .T. ) ;
#3914 = ADVANCED_FACE ( 'NONE', ( #6129 ), #1631, .T. ) ;
#3915 = CARTESIAN_POINT ( 'NONE',  ( 3.770744885338658481, 0.3000000000000598299, -35.57373301188150805 ) ) ;
#3916 = CARTESIAN_POINT ( 'NONE',  ( 4.316346479806233205, 6.365910722534356396E-14, 31.32821049270964764 ) ) ;
#3917 = CARTESIAN_POINT ( 'NONE',  ( 4.308126567036887344, 0.3000000000000635492, 38.62505897560269830 ) ) ;
#3918 = CARTESIAN_POINT ( 'NONE',  ( -0.9419236924913245712, 0.3000000000000269118, 29.80080265469021228 ) ) ;
#3919 = CARTESIAN_POINT ( 'NONE',  ( -0.5519886277944301423, 2.966370486649842346E-14, -35.24528100561035870 ) ) ;
#3920 = CARTESIAN_POINT ( 'NONE',  ( 1.705915048200118411, 4.543056196577887474E-14, 44.52898474713279597 ) ) ;
#3921 = ORIENTED_EDGE ( 'NONE', *, *, #4903, .T. ) ;
#3922 = LINE ( 'NONE', #1438, #4877 ) ;
#3923 = CARTESIAN_POINT ( 'NONE',  ( 11.00000000000000000, 1.000000000000001998, 69.00000000000000000 ) ) ;
#3924 = EDGE_CURVE ( 'NONE', #4094, #4648, #4221, .T. ) ;
#3925 = LINE ( 'NONE', #2883, #1358 ) ;
#3926 = LINE ( 'NONE', #865, #2359 ) ;
#3927 = EDGE_CURVE ( 'NONE', #1175, #1764, #4281, .T. ) ;
#3928 = ORIENTED_EDGE ( 'NONE', *, *, #1893, .T. ) ;
#3929 = VECTOR ( 'NONE', #2269, 1000.000000000000000 ) ;
#3930 = CARTESIAN_POINT ( 'NONE',  ( 2.026100084516718525, 0.3000000000000476175, -40.45306481255424558 ) ) ;
#3931 = DIRECTION ( 'NONE',  ( -0.000000000000000000, 0.000000000000000000, -1.000000000000000000 ) ) ;
#3932 = CARTESIAN_POINT ( 'NONE',  ( 4.391299438476560901, 0.3000000000000641598, 40.08782413270738232 ) ) ;
#3933 = CARTESIAN_POINT ( 'NONE',  ( -2.186394262467356686, 0.3000000000000182521, 40.90918199736373140 ) ) ;
#3934 = CARTESIAN_POINT ( 'NONE',  ( -1.993320406807811640, 0.3000000000000195843, -35.68720584445528488 ) ) ;
#3935 = EDGE_LOOP ( 'NONE', ( #6435, #1831, #3820, #5862 ) ) ;
#3936 = VECTOR ( 'NONE', #5134, 1000.000000000000114 ) ;
#3937 = CARTESIAN_POINT ( 'NONE',  ( 0.3834995300015754394, 0.3000000000000361822, 30.43264384413481949 ) ) ;
#3938 = CARTESIAN_POINT ( 'NONE',  ( 0.3276631479849574924, 3.599551212651874721E-14, -27.60324315943186946 ) ) ;
#3939 = AXIS2_PLACEMENT_3D ( 'NONE', #3368, #627, #2862 ) ;
#3940 = ORIENTED_EDGE ( 'NONE', *, *, #718, .T. ) ;
#3941 = CARTESIAN_POINT ( 'NONE',  ( -1.519924591261406999, 2.298508605669269400E-14, -37.58582773788899800 ) ) ;
#3942 = CARTESIAN_POINT ( 'NONE',  ( 2.212872882487391557, 0.3000000000000489497, -36.37305392785803804 ) ) ;
#3943 = EDGE_LOOP ( 'NONE', ( #3602, #2179, #41, #2194, #1407, #1389, #913, #1235 ) ) ;
#3944 = ORIENTED_EDGE ( 'NONE', *, *, #2424, .T. ) ;
#3945 = CARTESIAN_POINT ( 'NONE',  ( 0.2280790316413486285, 3.512815038853034366E-14, 28.42028775145295327 ) ) ;
#3946 = CARTESIAN_POINT ( 'NONE',  ( -1.993320406807811640, 0.3000000000000195843, -35.68720584445528488 ) ) ;
#3947 = DIRECTION ( 'NONE',  ( -1.000000000000000000, -5.782411586589354681E-16, 0.000000000000000000 ) ) ;
#3948 = DIRECTION ( 'NONE',  ( 0.000000000000000000, -1.000000000000000000, 0.000000000000000000 ) ) ;
#3949 = CARTESIAN_POINT ( 'NONE',  ( -2.639522353628265261, 1.523304052342133730E-14, 41.68571386343535323 ) ) ;
#3950 = EDGE_LOOP ( 'NONE', ( #5800, #5330, #3785, #5870 ) ) ;
#3951 = EDGE_CURVE ( 'NONE', #5355, #2631, #1259, .T. ) ;
#3952 = CARTESIAN_POINT ( 'NONE',  ( -0.000000000000000000, 5.000000000000000000, 62.00000000000000000 ) ) ;
#3953 = DIRECTION ( 'NONE',  ( 1.000000000000000000, 0.000000000000000000, 0.000000000000000000 ) ) ;
#3954 = CARTESIAN_POINT ( 'NONE',  ( -2.225613056375124632, 1.816038638913219927E-14, -39.09006489172885779 ) ) ;
#3955 = CARTESIAN_POINT ( 'NONE',  ( 4.277826605902761870, 6.339012438352647476E-14, -14.12736765543618667 ) ) ;
#3956 = CARTESIAN_POINT ( 'NONE',  ( -1.501678036839892316, 2.298508605669269400E-14, 41.58826572701626390 ) ) ;
#3957 = ORIENTED_EDGE ( 'NONE', *, *, #6009, .F. ) ;
#3958 = CARTESIAN_POINT ( 'NONE',  ( 4.149830361428437975, 0.3000000000000624945, 28.30885660591120612 ) ) ;
#3959 = ADVANCED_FACE ( 'NONE', ( #5833 ), #4251, .F. ) ;
#3960 = CARTESIAN_POINT ( 'NONE',  ( 2.118382658330535406, 4.831080789307403572E-14, 39.60820992688186237 ) ) ;
#3961 = CARTESIAN_POINT ( 'NONE',  ( 2.962873734149894300, 5.426431873289949692E-14, -40.31122162349247162 ) ) ;
#3962 = CARTESIAN_POINT ( 'NONE',  ( 4.277826605902770751, 6.339012438352648739E-14, 10.52283220820956089 ) ) ;
#3963 = CARTESIAN_POINT ( 'NONE',  ( 4.241265047817292633, 0.3000000000000631051, -33.78725814992239407 ) ) ;
#3964 = ADVANCED_BREP_SHAPE_REPRESENTATION ( 'Fiber_Cladding_Mold_Bottom_washer clamp', ( #1433, #6470 ), #2730 ) ;
#3965 = CARTESIAN_POINT ( 'NONE',  ( -2.152891577614678642, 0.3000000000000184741, 40.90695614284940262 ) ) ;
#3966 = CARTESIAN_POINT ( 'NONE',  ( 0.1251663804306376582, 3.431499875916621534E-14, -34.38900998170185375 ) ) ;
#3967 = ORIENTED_EDGE ( 'NONE', *, *, #6223, .F. ) ;
#3968 = EDGE_CURVE ( 'NONE', #4157, #967, #2672, .T. ) ;
#3969 = CARTESIAN_POINT ( 'NONE',  ( 0.04489505734297041112, 0.3000000000000337952, 31.07669657975786492 ) ) ;
#3970 = DIRECTION ( 'NONE',  ( -0.000000000000000000, 0.000000000000000000, 1.000000000000000000 ) ) ;
#3971 = ORIENTED_EDGE ( 'NONE', *, *, #6152, .T. ) ;
#3972 = AXIS2_PLACEMENT_3D ( 'NONE', #3453, #4785, #1726 ) ;
#3973 = CARTESIAN_POINT ( 'NONE',  ( -2.666363799069642493, 0.3000000000000148659, -37.19935122218389978 ) ) ;
#3974 = ORIENTED_EDGE ( 'NONE', *, *, #3296, .T. ) ;
#3975 = ORIENTED_EDGE ( 'NONE', *, *, #5785, .F. ) ;
#3976 = CARTESIAN_POINT ( 'NONE',  ( 2.121842787000852493, 4.840962700147777298E-14, -32.22451143794589257 ) ) ;
#3977 = CARTESIAN_POINT ( 'NONE',  ( -4.800000000000006928, 0.2999999999999999889, 18.38082586394415685 ) ) ;
#3978 = CARTESIAN_POINT ( 'NONE',  ( -2.639483235726256538, 0.3000000000000150324, -30.49116459496599774 ) ) ;
#3979 = VECTOR ( 'NONE', #1030, 1000.000000000000000 ) ;
#3980 = CARTESIAN_POINT ( 'NONE',  ( 0.2991870202482602159, 3.560743264893595203E-14, -34.04174424848046243 ) ) ;
#3981 = CARTESIAN_POINT ( 'NONE',  ( 4.348997765079670508, 0.3000000000000638822, 41.11046855264694244 ) ) ;
#3982 = CARTESIAN_POINT ( 'NONE',  ( 0.3276631479849574924, 0.3000000000000357936, -27.60324315943186946 ) ) ;
#3983 = EDGE_CURVE ( 'NONE', #5641, #351, #4755, .T. ) ;
#3984 = ORIENTED_EDGE ( 'NONE', *, *, #1099, .T. ) ;
#3985 = CARTESIAN_POINT ( 'NONE',  ( -1.836970198721029194E-16, 1.000000000000000000, -69.00000000000000000 ) ) ;
#3986 = CARTESIAN_POINT ( 'NONE',  ( 2.047409290551221783, 4.781520351476148137E-14, -32.86876650144723300 ) ) ;
#3987 = CARTESIAN_POINT ( 'NONE',  ( -4.910895287143076438, 0.2999999999999992117, -31.44620828887031294 ) ) ;
#3988 = CARTESIAN_POINT ( 'NONE',  ( -2.133388434516076071, 0.3000000000000185851, -37.95666249593098485 ) ) ;
#3989 = EDGE_CURVE ( 'NONE', #2418, #5076, #5736, .T. ) ;
#3990 = CARTESIAN_POINT ( 'NONE',  ( -8.000000000000007105, 1.399999999999990585, 65.50000000000000000 ) ) ;
#3991 = ORIENTED_EDGE ( 'NONE', *, *, #2421, .T. ) ;
#3992 = CARTESIAN_POINT ( 'NONE',  ( 4.352679279253946376, 0.3000000000000638822, -38.00043339249410934 ) ) ;
#3993 = EDGE_CURVE ( 'NONE', #4850, #584, #3810, .T. ) ;
#3994 = CARTESIAN_POINT ( 'NONE',  ( -2.431381251696000945, 0.3000000000000165312, -30.92529347190896871 ) ) ;
#3995 = CARTESIAN_POINT ( 'NONE',  ( -0.4093420213639777927, 0.3000000000000306311, 31.13738849394995611 ) ) ;
#3996 = CARTESIAN_POINT ( 'NONE',  ( 4.045621532888002747, 0.3000000000000617173, -34.69927980785723776 ) ) ;
#3997 = CARTESIAN_POINT ( 'NONE',  ( 3.722634465029642570, 5.951323838486476417E-14, -39.87769282886888078 ) ) ;
#3998 = EDGE_CURVE ( 'NONE', #4717, #3253, #4721, .T. ) ;
#3999 = CARTESIAN_POINT ( 'NONE',  ( -0.7529470325853993007, 0.3000000000000282441, 28.62781294036259894 ) ) ;
#4000 = VERTEX_POINT ( 'NONE', #695 ) ;
#4001 = DIRECTION ( 'NONE',  ( -1.000000000000000000, -7.506015040284266169E-16, 0.000000000000000000 ) ) ;
#4002 = VERTEX_POINT ( 'NONE', #188 ) ;
#4003 = AXIS2_PLACEMENT_3D ( 'NONE', #1746, #5850, #3799 ) ;
#4004 = AXIS2_PLACEMENT_3D ( 'NONE', #1375, #3454, #4910 ) ;
#4005 = ORIENTED_EDGE ( 'NONE', *, *, #2267, .T. ) ;
#4006 = CARTESIAN_POINT ( 'NONE',  ( -4.800000000000009592, -2.480183165277965072E-30, -2.893557230631508492 ) ) ;
#4007 = CARTESIAN_POINT ( 'NONE',  ( 0.4120963515268071808, 3.637498288688867376E-14, 29.47236806793426922 ) ) ;
#4008 = CARTESIAN_POINT ( 'NONE',  ( -2.630319005954901979, 1.515080140390216489E-14, 41.88988639547685011 ) ) ;
#4009 = LINE ( 'NONE', #1489, #5351 ) ;
#4010 = CARTESIAN_POINT ( 'NONE',  ( -3.756409330035004768, 0.3000000000000072609, -35.05846223003224083 ) ) ;
#4011 = CARTESIAN_POINT ( 'NONE',  ( -1.395815022786472293, 0.3000000000000237477, -16.05640580919052240 ) ) ;
#4012 = CARTESIAN_POINT ( 'NONE',  ( -4.874364077958682095, 0.2999999999999994338, -30.09853079172365042 ) ) ;
#4013 = CARTESIAN_POINT ( 'NONE',  ( 1.157487615097634537, 0.3000000000000415668, -27.40596949011563410 ) ) ;
#4014 = B_SPLINE_CURVE_WITH_KNOTS ( 'NONE', 3,
 ( #749, #3834, #6419, #5855, #2732, #686, #1812, #2221, #3743, #4814, #4276, #6327, #210, #2697, #651 ),
 .UNSPECIFIED., .F., .F.,
 ( 4, 1, 1, 1, 1, 1, 1, 1, 1, 1, 1, 1, 4 ),
 ( 0.000000000000000000, 0.06196885780174795494, 0.1275031183531113443, 0.1972591458298045275, 0.2761876151904314458, 0.3239992394032306655, 0.3830244142912403449, 0.4548749134693162444, 0.5388518610235155659, 0.6345563411628331041, 0.7436429989050329370, 0.8655896599986702133, 0.9999999999999998890 ),
 .UNSPECIFIED. ) ;
#4015 = VECTOR ( 'NONE', #2990, 1000.000000000000000 ) ;
#4016 = B_SPLINE_CURVE_WITH_KNOTS ( 'NONE', 3,
 ( #6006, #2399, #2338, #1866, #4366, #5438, #1807, #3986, #6038, #833, #2854 ),
 .UNSPECIFIED., .F., .F.,
 ( 4, 1, 1, 1, 1, 1, 1, 1, 4 ),
 ( 0.000000000000000000, 0.1436708984003759459, 0.2788582419204835294, 0.4067870132186541254, 0.5297837450611724286, 0.6482828039214291183, 0.7655287926444458435, 0.8817668468039311369, 1.000000000000000000 ),
 .UNSPECIFIED. ) ;
#4017 = ORIENTED_EDGE ( 'NONE', *, *, #2343, .F. ) ;
#4018 = DIRECTION ( 'NONE',  ( 0.000000000000000000, -1.000000000000000000, 0.000000000000000000 ) ) ;
#4019 = CARTESIAN_POINT ( 'NONE',  ( 0.8819999545929635421, 0.3000000000000396794, -36.52069296135440624 ) ) ;
#4020 = CARTESIAN_POINT ( 'NONE',  ( -2.133388434516076071, 0.3000000000000185851, -38.86444515652125631 ) ) ;
#4021 = AXIS2_PLACEMENT_3D ( 'NONE', #5968, #1361, #3411 ) ;
#4022 = CARTESIAN_POINT ( 'NONE',  ( 0.9486119494961704479, 0.3000000000000400679, -34.48340565943335179 ) ) ;
#4023 = FACE_OUTER_BOUND ( 'NONE', #6029, .T. ) ;
#4024 = ORIENTED_EDGE ( 'NONE', *, *, #5691, .T. ) ;
#4025 = CARTESIAN_POINT ( 'NONE',  ( 3.529909234034393162, 0.3000000000000581646, -36.81009563793089967 ) ) ;
#4026 = CARTESIAN_POINT ( 'NONE',  ( 4.351810018171238248, 0.3000000000000638822, -38.84284971892304128 ) ) ;
#4027 = DIRECTION ( 'NONE',  ( 1.000000000000000000, 8.673617379884027583E-16, 0.000000000000000000 ) ) ;
#4028 = CARTESIAN_POINT ( 'NONE',  ( 2.110090077240109441, 0.3000000000000482281, -40.45140799809176002 ) ) ;
#4029 = CARTESIAN_POINT ( 'NONE',  ( 4.391299438476554684, 8.836247705756861137E-15, 30.27774315410189843 ) ) ;
#4030 = CARTESIAN_POINT ( 'NONE',  ( 0.3864782055840120245, 3.621698373822641308E-14, 38.09806593738794334 ) ) ;
#4031 = LINE ( 'NONE', #1288, #4015 ) ;
#4032 = CARTESIAN_POINT ( 'NONE',  ( -4.779194672081729323, 0.3000000000000001554, 28.83358259440610993 ) ) ;
#4033 = CARTESIAN_POINT ( 'NONE',  ( 4.277826605902773416, 0.3000000000000633271, 23.40199870533412607 ) ) ;
#4034 = CARTESIAN_POINT ( 'NONE',  ( -1.250427956051311629, 0.3000000000000247469, -28.05083881484136299 ) ) ;
#4035 = EDGE_CURVE ( 'NONE', #2631, #550, #3171, .T. ) ;
#4036 = ORIENTED_EDGE ( 'NONE', *, *, #3579, .T. ) ;
#4037 = EDGE_CURVE ( 'NONE', #5831, #1328, #6281, .T. ) ;
#4038 = AXIS2_PLACEMENT_3D ( 'NONE', #2292, #220, #2262 ) ;
#4039 = VERTEX_POINT ( 'NONE', #2803 ) ;
#4040 = VERTEX_POINT ( 'NONE', #4851 ) ;
#4041 = EDGE_LOOP ( 'NONE', ( #3337, #2926, #3229, #2564 ) ) ;
#4042 = EDGE_CURVE ( 'NONE', #5832, #4408, #2127, .T. ) ;
#4043 = CARTESIAN_POINT ( 'NONE',  ( 2.698551819869534629, 0.3000000000000523359, -36.44604085231727453 ) ) ;
#4044 = DIRECTION ( 'NONE',  ( -1.000000000000000000, -7.228014483236701486E-16, 0.000000000000000000 ) ) ;
#4045 = DIRECTION ( 'NONE',  ( -1.000000000000000000, -1.836970198721029194E-16, 0.000000000000000000 ) ) ;
#4046 = CARTESIAN_POINT ( 'NONE',  ( -1.357195341873262739, 2.404097643426343374E-14, 36.31782416974235161 ) ) ;
#4047 = LINE ( 'NONE', #2599, #287 ) ;
#4048 = ORIENTED_EDGE ( 'NONE', *, *, #5017, .F. ) ;
#4049 = CARTESIAN_POINT ( 'NONE',  ( -1.395815022786471404, 0.3000000000000237477, -14.12736765543618311 ) ) ;
#4050 = ORIENTED_EDGE ( 'NONE', *, *, #4624, .T. ) ;
#4051 = AXIS2_PLACEMENT_3D ( 'NONE', #1902, #1840, #4523 ) ;
#4052 = CARTESIAN_POINT ( 'NONE',  ( -4.903592019945191893, 0.2999999999999992673, 29.80514321171383685 ) ) ;
#4053 = FACE_OUTER_BOUND ( 'NONE', #1165, .T. ) ;
#4054 = DIRECTION ( 'NONE',  ( -1.000000000000000000, -7.506015040284271099E-16, 0.000000000000000000 ) ) ;
#4055 = CARTESIAN_POINT ( 'NONE',  ( -4.494612133933040710, 0.3000000000000020983, -39.45794175578115670 ) ) ;
#4056 = LINE ( 'NONE', #5135, #2040 ) ;
#4057 = ORIENTED_EDGE ( 'NONE', *, *, #6551, .F. ) ;
#4058 = CARTESIAN_POINT ( 'NONE',  ( 2.698551819869534629, 0.3000000000000523359, -36.44604085231727453 ) ) ;
#4059 = CARTESIAN_POINT ( 'NONE',  ( 2.110090077240109441, 0.3000000000000482281, -40.45140799809176002 ) ) ;
#4060 = CARTESIAN_POINT ( 'NONE',  ( -4.815168031478021859, 0.2999999999999998779, 39.19675034668204461 ) ) ;
#4061 = CARTESIAN_POINT ( 'NONE',  ( -0.6965039581632890275, 0.3000000000000286327, -39.70100431304641830 ) ) ;
#4062 = CARTESIAN_POINT ( 'NONE',  ( -4.909480335110973925, -6.505213034913026604E-16, 30.46645585955326396 ) ) ;
#4063 = CARTESIAN_POINT ( 'NONE',  ( -1.155485990674272045, 2.544950530542629226E-14, 42.45553992625413287 ) ) ;
#4064 = CARTESIAN_POINT ( 'NONE',  ( -4.912031789579051733, 0.2999999999999992117, -38.36970731336263185 ) ) ;
#4065 = CARTESIAN_POINT ( 'NONE',  ( -4.909190001689810678, -7.624697065763353839E-16, -38.27167431880966575 ) ) ;
#4066 = CARTESIAN_POINT ( 'NONE',  ( -4.239727889166937658, 0.3000000000000038747, 44.87850528293186159 ) ) ;
#4067 = LINE ( 'NONE', #507, #3773 ) ;
#4068 = CARTESIAN_POINT ( 'NONE',  ( 0.01185926148423722265, 0.3000000000000335731, 44.15509734737231184 ) ) ;
#4069 = CARTESIAN_POINT ( 'NONE',  ( -4.000000000000000888, 5.000000000000000000, 70.00000000000000000 ) ) ;
#4070 = ORIENTED_EDGE ( 'NONE', *, *, #5487, .F. ) ;
#4071 = EDGE_CURVE ( 'NONE', #1166, #787, #3179, .T. ) ;
#4072 = B_SPLINE_CURVE_WITH_KNOTS ( 'NONE', 3,
 ( #2840, #2382, #6457, #246, #821, #1791, #4920, #4317, #2325, #280, #2895, #367, #3815, #3878, #2352 ),
 .UNSPECIFIED., .F., .F.,
 ( 4, 1, 1, 1, 1, 1, 1, 1, 1, 1, 1, 1, 4 ),
 ( 0.000000000000000000, 0.04727672915333756831, 0.1009447685583632071, 0.1646827786718301490, 0.2403054573951383666, 0.2873553295333588498, 0.3484448112134984621, 0.4224586930946468977, 0.5108902320761168347, 0.6119418840168006080, 0.7279580536416550007, 0.8566578048970563408, 1.000000000000000000 ),
 .UNSPECIFIED. ) ;
#4073 = ORIENTED_EDGE ( 'NONE', *, *, #4446, .T. ) ;
#4074 = CARTESIAN_POINT ( 'NONE',  ( -4.538603004686842191, 1.825325462331103352E-15, 43.94876211339825289 ) ) ;
#4075 = CARTESIAN_POINT ( 'NONE',  ( 4.277826605902767199, 6.339012438352648739E-14, -0.8510462443033864899 ) ) ;
#4076 = DIRECTION ( 'NONE',  ( 0.000000000000000000, -1.000000000000000000, 0.000000000000000000 ) ) ;
#4077 = DIRECTION ( 'NONE',  ( -1.836970198721029194E-16, 1.000000000000000000, 0.000000000000000000 ) ) ;
#4078 = AXIS2_PLACEMENT_3D ( 'NONE', #3269, #5288, #2279 ) ;
#4079 = CARTESIAN_POINT ( 'NONE',  ( -2.660436546740475805, 0.3000000000000149214, -35.62282814859082691 ) ) ;
#4080 = CARTESIAN_POINT ( 'NONE',  ( 0.6546420018152000475, 0.3000000000000380695, 35.26772984532303923 ) ) ;
#4081 = ORIENTED_EDGE ( 'NONE', *, *, #196, .T. ) ;
#4082 = EDGE_CURVE ( 'NONE', #6239, #6141, #1396, .T. ) ;
#4083 = CARTESIAN_POINT ( 'NONE',  ( 0.01185926148422550806, 0.3000000000000335731, -27.78667850440718823 ) ) ;
#4084 = B_SPLINE_CURVE_WITH_KNOTS ( 'NONE', 3,
 ( #6506, #3363, #3422, #2857, #1934, #325, #4908, #297, #389, #3484, #2442 ),
 .UNSPECIFIED., .F., .F.,
 ( 4, 1, 1, 1, 1, 1, 1, 1, 4 ),
 ( 0.000000000000000000, 0.1494422361013147404, 0.2881908720082015929, 0.4213463886540453340, 0.5525102689378151855, 0.6757268801235767341, 0.7866394655402541014, 0.8920946412305866824, 1.000000000000000000 ),
 .UNSPECIFIED. ) ;
#4085 = AXIS2_PLACEMENT_3D ( 'NONE', #3528, #5575, #4672 ) ;
#4086 = ORIENTED_EDGE ( 'NONE', *, *, #6348, .T. ) ;
#4087 = CYLINDRICAL_SURFACE ( 'NONE', #3697, 1.000000000000000000 ) ;
#4088 = CARTESIAN_POINT ( 'NONE',  ( 0.8736416286892226823, 0.3000000000000396239, -14.12736765543618311 ) ) ;
#4089 = CARTESIAN_POINT ( 'NONE',  ( 4.277826605902765422, 6.339012438352648739E-14, -10.04234568277993667 ) ) ;
#4090 = CIRCLE ( 'NONE', #866, 2.599999999999996536 ) ;
#4091 = UNCERTAINTY_MEASURE_WITH_UNIT (LENGTH_MEASURE( 1.000000000000000082E-05 ), #5719, 'distance_accuracy_value', 'NONE');
#4092 = PLANE ( 'NONE',  #727 ) ;
#4093 = DIRECTION ( 'NONE',  ( -1.000000000000000000, -7.506015040284266169E-16, 0.000000000000000000 ) ) ;
#4094 = VERTEX_POINT ( 'NONE', #5070 ) ;
#4095 = DIRECTION ( 'NONE',  ( 0.000000000000000000, 0.000000000000000000, 1.000000000000000000 ) ) ;
#4096 = ADVANCED_FACE ( 'NONE', ( #3525 ), #3457, .T. ) ;
#4097 = CARTESIAN_POINT ( 'NONE',  ( 1.999459904540533461, 4.748037474183085346E-14, -31.67269176083791749 ) ) ;
#4098 = CARTESIAN_POINT ( 'NONE',  ( -4.500749147646359027, 0.3000000000000020983, 38.00637701906370580 ) ) ;
#4099 = CYLINDRICAL_SURFACE ( 'NONE', #3301, 2.599999999999998312 ) ;
#4100 = CARTESIAN_POINT ( 'NONE',  ( 4.277826605902769863, 0.3000000000000633271, 17.45885909928214730 ) ) ;
#4101 = CARTESIAN_POINT ( 'NONE',  ( -1.362351350674532169, 0.3000000000000239697, -30.02211020917194162 ) ) ;
#4102 = CARTESIAN_POINT ( 'NONE',  ( -4.903592019945191893, 0.2999999999999992673, 29.80514321171383685 ) ) ;
#4103 = CARTESIAN_POINT ( 'NONE',  ( -0.8962735356198848757, 0.3000000000000272449, 29.18167448491595550 ) ) ;
#4104 = CARTESIAN_POINT ( 'NONE',  ( -2.554248584258054677, 0.3000000000000156430, -29.74491826918449533 ) ) ;
#4105 = EDGE_CURVE ( 'NONE', #1109, #1257, #4031, .T. ) ;
#4106 = EDGE_LOOP ( 'NONE', ( #2842, #1287, #4686, #383 ) ) ;
#4107 = CARTESIAN_POINT ( 'NONE',  ( 0.9486119494961858800, 0.3000000000000400679, 37.45837019234615894 ) ) ;
#4108 = B_SPLINE_CURVE_WITH_KNOTS ( 'NONE', 3,
 ( #1043, #2574, #3584, #4664, #2507, #3089, #3017, #1114, #6638, #5564, #6604, #2105, #4700, #4163, #2034 ),
 .UNSPECIFIED., .F., .F.,
 ( 4, 1, 1, 1, 1, 1, 1, 1, 1, 1, 1, 1, 4 ),
 ( 0.000000000000000000, 0.04727672915333756831, 0.1009447685583632071, 0.1646827786718301490, 0.2403054573951383666, 0.2873553295333588498, 0.3484448112134984621, 0.4224586930946468977, 0.5108902320761168347, 0.6119418840168006080, 0.7279580536416550007, 0.8566578048970563408, 1.000000000000000000 ),
 .UNSPECIFIED. ) ;
#4109 = CARTESIAN_POINT ( 'NONE',  ( -8.000000000000007105, 1.399999999999990585, -32.75000000000000000 ) ) ;
#4110 = CIRCLE ( 'NONE', #2379, 1.300000000000000044 ) ;
#4111 = VERTEX_POINT ( 'NONE', #4567 ) ;
#4112 = VERTEX_POINT ( 'NONE', #5609 ) ;
#4113 = VERTEX_POINT ( 'NONE', #6396 ) ;
#4114 = CARTESIAN_POINT ( 'NONE',  ( -1.168869357638893991, 2.535604975341058801E-14, 21.21232763926187559 ) ) ;
#4115 = CARTESIAN_POINT ( 'NONE',  ( -0.3231421523624024017, 0.3000000000000312417, 35.34678734673394018 ) ) ;
#4116 = CARTESIAN_POINT ( 'NONE',  ( -2.333946174869838686, 0.3000000000000171974, 36.26389132871616994 ) ) ;
#4117 = CARTESIAN_POINT ( 'NONE',  ( -3.903127820947815962E-15, 5.999999999999996447, -70.00000000000000000 ) ) ;
#4118 = VECTOR ( 'NONE', #4671, 1000.000000000000000 ) ;
#4119 = CARTESIAN_POINT ( 'NONE',  ( 4.316346479806233205, 0.3000000000000636047, 31.32821049270964764 ) ) ;
#4120 = EDGE_LOOP ( 'NONE', ( #1914, #5780, #3219, #5080 ) ) ;
#4121 = CARTESIAN_POINT ( 'NONE',  ( -1.289434242248550522, 0.3000000000000244693, -29.83271688885157857 ) ) ;
#4122 = EDGE_CURVE ( 'NONE', #1957, #6028, #3080, .T. ) ;
#4123 = EDGE_CURVE ( 'NONE', #3880, #875, #3343, .T. ) ;
#4124 = EDGE_LOOP ( 'NONE', ( #3975, #2170, #365 ) ) ;
#4125 = CARTESIAN_POINT ( 'NONE',  ( 1.754970927894738963, 0.3000000000000457301, -36.37036819884966832 ) ) ;
#4126 = CARTESIAN_POINT ( 'NONE',  ( -3.593694944307936456, 0.3000000000000083711, 33.97491668889989569 ) ) ;
#4127 = CARTESIAN_POINT ( 'NONE',  ( -4.912038222923762909, 0.2999999999999992117, -38.46913294361366553 ) ) ;
#4128 = DIRECTION ( 'NONE',  ( 1.000000000000000000, 0.000000000000000000, -6.180696507661572586E-16 ) ) ;
#4129 = ORIENTED_EDGE ( 'NONE', *, *, #5511, .F. ) ;
#4130 = CARTESIAN_POINT ( 'NONE',  ( 0.7619418091244145597, 0.3000000000000387912, 39.03288139237298537 ) ) ;
#4131 = VECTOR ( 'NONE', #2230, 1000.000000000000000 ) ;
#4132 = LINE ( 'NONE', #4705, #1333 ) ;
#4133 = VECTOR ( 'NONE', #1467, 1000.000000000000000 ) ;
#4134 = CARTESIAN_POINT ( 'NONE',  ( -0.1560144864623587146, 0.3000000000000324074, -39.94907524507616614 ) ) ;
#4135 = CARTESIAN_POINT ( 'NONE',  ( -3.484424347347700124, 0.3000000000000091482, -36.93540700276692235 ) ) ;
#4136 = DIRECTION ( 'NONE',  ( -1.000000000000000000, -7.506015040284266169E-16, 0.000000000000000000 ) ) ;
#4137 = CARTESIAN_POINT ( 'NONE',  ( -0.8590984549520279678, 2.753873518113181262E-14, 28.98980975253051184 ) ) ;
#4138 = CARTESIAN_POINT ( 'NONE',  ( -4.800000000000014921, 0.2999999999999999889, -20.14142778184677240 ) ) ;
#4139 = CARTESIAN_POINT ( 'NONE',  ( 1.157487615097647415, 0.3000000000000415668, 44.53580636166387308 ) ) ;
#4140 = EDGE_CURVE ( 'NONE', #6630, #5205, #5392, .T. ) ;
#4141 = DIRECTION ( 'NONE',  ( 0.000000000000000000, -1.000000000000000000, 0.000000000000000000 ) ) ;
#4142 = CARTESIAN_POINT ( 'NONE',  ( 3.064893657053386899, 5.507747036226362525E-14, 33.91868206972485922 ) ) ;
#4143 = ORIENTED_EDGE ( 'NONE', *, *, #6616, .T. ) ;
#4144 = VERTEX_POINT ( 'NONE', #4500 ) ;
#4145 = ORIENTED_EDGE ( 'NONE', *, *, #3206, .T. ) ;
#4146 = DIRECTION ( 'NONE',  ( 0.000000000000000000, -1.000000000000000000, 0.000000000000000000 ) ) ;
#4147 = VECTOR ( 'NONE', #3256, 1000.000000000000000 ) ;
#4148 = DIRECTION ( 'NONE',  ( 0.000000000000000000, -1.000000000000000000, 0.000000000000000000 ) ) ;
#4149 = CARTESIAN_POINT ( 'NONE',  ( -2.660436546740461150, 0.3000000000000149214, 36.31894770318867671 ) ) ;
#4150 = CARTESIAN_POINT ( 'NONE',  ( -1.993320406807811640, 0.3000000000000195843, -35.68720584445528488 ) ) ;
#4151 = FACE_OUTER_BOUND ( 'NONE', #1132, .T. ) ;
#4152 = ORIENTED_EDGE ( 'NONE', *, *, #3088, .F. ) ;
#4153 = CARTESIAN_POINT ( 'NONE',  ( 0.7619418091243989055, 0.3000000000000387912, -32.90889445940651825 ) ) ;
#4154 = CARTESIAN_POINT ( 'NONE',  ( 3.551323316911432659, 0.3000000000000583311, 26.72822335754417367 ) ) ;
#4155 = AXIS2_PLACEMENT_3D ( 'NONE', #4997, #897, #5441 ) ;
#4156 = B_SPLINE_SURFACE_WITH_KNOTS ( 'NONE', 3, 1, ( 
 ( #3729, #199 ),
 ( #2719, #4862 ),
 ( #1736, #1147 ),
 ( #5274, #4359 ),
 ( #767, #6342 ),
 ( #6312, #3255 ),
 ( #2816, #6372 ),
 ( #3789, #5240 ),
 ( #674, #3758 ),
 ( #5814, #705 ),
 ( #1767, #255 ),
 ( #2174, #4764 ),
 ( #2754, #4798 ),
 ( #3286, #1237 ),
 ( #2300, #1801 ) ),
 .UNSPECIFIED., .F., .F., .F.,
 ( 4, 1, 1, 1, 1, 1, 1, 1, 1, 1, 1, 1, 4 ),
 ( 2, 2 ),
 ( 0.000000000000000000, 0.04727672915333675646, 0.1009447685583622495, 0.1646827786718290665, 0.2403054573951402262, 0.2873553295333571844, 0.3484448112134966302, 0.4224586930946485630, 0.5108902320761146143, 0.6119418840167981655, 0.7279580536416556669, 0.8566578048970566739, 1.000000000000000000 ),
 ( 0.000000000000000000, 1.000000000000000000 ),
 .UNSPECIFIED. ) ;
#4157 = VERTEX_POINT ( 'NONE', #6546 ) ;
#4158 = CARTESIAN_POINT ( 'NONE',  ( -4.800000000000010481, 0.2999999999999999889, -6.978579203287758048 ) ) ;
#4159 = CARTESIAN_POINT ( 'NONE',  ( 1.548059294011121301, 0.3000000000000443423, -36.39225876287695627 ) ) ;
#4160 = CARTESIAN_POINT ( 'NONE',  ( -4.590967099326075385, 0.3000000000000014322, 32.35909018311651408 ) ) ;
#4161 = CARTESIAN_POINT ( 'NONE',  ( 0.4011605285398756604, 0.3000000000000362932, -36.67011566527523314 ) ) ;
#4162 = DIRECTION ( 'NONE',  ( -1.000000000000000000, -6.982962677686266711E-15, 3.474446935947538742E-16 ) ) ;
#4163 = CARTESIAN_POINT ( 'NONE',  ( 0.7900181394085581399, 0.3000000000000390132, -32.83195398936395293 ) ) ;
#4164 = EDGE_CURVE ( 'NONE', #4507, #617, #5202, .T. ) ;
#4165 = ORIENTED_EDGE ( 'NONE', *, *, #3500, .T. ) ;
#4166 = CARTESIAN_POINT ( 'NONE',  ( 2.051082824931353077, 4.792173602385929598E-14, 44.47344173830703795 ) ) ;
#4167 = CARTESIAN_POINT ( 'NONE',  ( -3.438326009114588189, -6.316102412230907497E-16, 22.01904855834112240 ) ) ;
#4168 = CARTESIAN_POINT ( 'NONE',  ( 2.119941732340051121, 4.832169484869421945E-14, 39.77464292069402063 ) ) ;
#4169 = DIRECTION ( 'NONE',  ( 0.000000000000000000, -1.000000000000000000, 0.000000000000000000 ) ) ;
#4170 = CARTESIAN_POINT ( 'NONE',  ( 1.157487615097647415, 4.160091366900502739E-14, 44.53580636166387308 ) ) ;
#4171 = DIRECTION ( 'NONE',  ( 0.000000000000000000, 0.000000000000000000, 1.000000000000000000 ) ) ;
#4172 = FACE_OUTER_BOUND ( 'NONE', #1372, .T. ) ;
#4173 = DIRECTION ( 'NONE',  ( -4.246546255046992180E-16, 0.000000000000000000, -1.000000000000000000 ) ) ;
#4174 = CARTESIAN_POINT ( 'NONE',  ( -0.8771969141668288783, 2.753873518113181262E-14, -28.87218656784242654 ) ) ;
#4175 = EDGE_CURVE ( 'NONE', #3033, #4180, #5037, .T. ) ;
#4176 = CARTESIAN_POINT ( 'NONE',  ( -4.824831032406390108, 0.2999999999999998224, 42.40191800853860826 ) ) ;
#4177 = EDGE_CURVE ( 'NONE', #4002, #1326, #3478, .T. ) ;
#4178 = LINE ( 'NONE', #4245, #3032 ) ;
#4179 = VERTEX_POINT ( 'NONE', #6145 ) ;
#4180 = VERTEX_POINT ( 'NONE', #4100 ) ;
#4181 = ORIENTED_EDGE ( 'NONE', *, *, #4918, .F. ) ;
#4182 = EDGE_CURVE ( 'NONE', #3912, #2770, #1607, .T. ) ;
#4183 = CARTESIAN_POINT ( 'NONE',  ( 0.2280790316413486285, 0.3000000000000351275, 28.42028775145295327 ) ) ;
#4184 = CARTESIAN_POINT ( 'NONE',  ( -12.00000000000000000, 0.9999999999999981126, -69.00000000000000000 ) ) ;
#4185 = CARTESIAN_POINT ( 'NONE',  ( 2.111520788161223017, 0.3000000000000482281, -32.54983468312585160 ) ) ;
#4186 = CARTESIAN_POINT ( 'NONE',  ( 3.770744885338672692, 0.3000000000000598299, 36.36804283989800268 ) ) ;
#4187 = CARTESIAN_POINT ( 'NONE',  ( -4.678698628962723483, 1.029992063861229212E-15, -39.23225466327190247 ) ) ;
#4188 = CARTESIAN_POINT ( 'NONE',  ( 4.289144946042552142, 0.3000000000000634381, -30.36481983858459799 ) ) ;
#4189 = ORIENTED_EDGE ( 'NONE', *, *, #5207, .T. ) ;
#4190 = CARTESIAN_POINT ( 'NONE',  ( 0.8736416286892226823, 3.961882773970404988E-14, -14.12736765543618311 ) ) ;
#4191 = DIRECTION ( 'NONE',  ( -7.228014483236701486E-16, 1.000000000000000000, -0.000000000000000000 ) ) ;
#4192 = ORIENTED_EDGE ( 'NONE', *, *, #5465, .T. ) ;
#4193 = ORIENTED_EDGE ( 'NONE', *, *, #2389, .F. ) ;
#4194 = CARTESIAN_POINT ( 'NONE',  ( -4.385618206499353633, 2.893612598327741515E-15, 27.40649072129292207 ) ) ;
#4195 = CARTESIAN_POINT ( 'NONE',  ( -2.333946174869854673, 1.722036182204937159E-14, -35.67788452306332658 ) ) ;
#4196 = CARTESIAN_POINT ( 'NONE',  ( -0.3231421523624024017, 0.3000000000000312417, 35.34678734673394018 ) ) ;
#4197 = PLANE ( 'NONE',  #4680 ) ;
#4198 = DIRECTION ( 'NONE',  ( 0.000000000000000000, -1.000000000000000000, 0.000000000000000000 ) ) ;
#4199 = CARTESIAN_POINT ( 'NONE',  ( -4.913472832573787308, 0.2999999999999991562, 40.67114541265701178 ) ) ;
#4200 = ORIENTED_EDGE ( 'NONE', *, *, #2813, .F. ) ;
#4201 = CARTESIAN_POINT ( 'NONE',  ( 0.000000000000000000, 0.000000000000000000, -69.00000000000000000 ) ) ;
#4202 = CARTESIAN_POINT ( 'NONE',  ( -4.749474425623441576, 3.252606517456513302E-16, -37.72682454783588923 ) ) ;
#4203 = CARTESIAN_POINT ( 'NONE',  ( -8.000000000000007105, 1.399999999999990585, -65.50000000000000000 ) ) ;
#4204 = CARTESIAN_POINT ( 'NONE',  ( -2.110803557749052928, 0.3000000000000187517, 35.01074085023495286 ) ) ;
#4205 = CARTESIAN_POINT ( 'NONE',  ( 0.01185926148423722265, 3.360103363322342624E-14, 44.15509734737231184 ) ) ;
#4206 = EDGE_CURVE ( 'NONE', #4278, #3734, #1339, .T. ) ;
#4207 = CIRCLE ( 'NONE', #1306, 2.599999999999996536 ) ;
#4208 = CARTESIAN_POINT ( 'NONE',  ( -1.545809350737496368, 2.271403551357131789E-14, -39.23581467937188449 ) ) ;
#4209 = FACE_OUTER_BOUND ( 'NONE', #522, .T. ) ;
#4210 = CARTESIAN_POINT ( 'NONE',  ( 0.2092224859696477368, 0.3000000000000349609, 37.71973137853986202 ) ) ;
#4211 = CARTESIAN_POINT ( 'NONE',  ( -4.913472832573787308, 0.2999999999999991562, 40.67114541265701178 ) ) ;
#4212 = EDGE_CURVE ( 'NONE', #6247, #5548, #6644, .T. ) ;
#4213 = ADVANCED_FACE ( 'NONE', ( #3164 ), #5645, .T. ) ;
#4214 = EDGE_CURVE ( 'NONE', #5076, #1328, #2041, .T. ) ;
#4215 = CARTESIAN_POINT ( 'NONE',  ( -0.1560144864623587146, 3.242877751674916063E-14, -39.94907524507616614 ) ) ;
#4216 = ORIENTED_EDGE ( 'NONE', *, *, #1295, .T. ) ;
#4217 = EDGE_LOOP ( 'NONE', ( #2465, #213, #4165, #593 ) ) ;
#4218 = ORIENTED_EDGE ( 'NONE', *, *, #4407, .F. ) ;
#4219 = CARTESIAN_POINT ( 'NONE',  ( 10.59999999999998010, 1.400000000000004796, -65.50000000000000000 ) ) ;
#4220 = CARTESIAN_POINT ( 'NONE',  ( 0.9486119494961704479, 0.3000000000000400679, -34.48340565943335179 ) ) ;
#4221 = LINE ( 'NONE', #1727, #2197 ) ;
#4222 = CARTESIAN_POINT ( 'NONE',  ( -4.351410559965935398, 3.252606517456513302E-15, -34.26825160734633613 ) ) ;
#4223 = DIRECTION ( 'NONE',  ( -7.228014483236701486E-16, 1.000000000000000000, -0.000000000000000000 ) ) ;
#4224 = CARTESIAN_POINT ( 'NONE',  ( -4.239727889166951869, 0.3000000000000038747, -27.06327056884764204 ) ) ;
#4225 = ORIENTED_EDGE ( 'NONE', *, *, #5147, .T. ) ;
#4226 = ORIENTED_EDGE ( 'NONE', *, *, #1655, .F. ) ;
#4227 = CARTESIAN_POINT ( 'NONE',  ( 0.1928046332465181423, 0.3000000000000348499, -0.8510462443033852686 ) ) ;
#4228 = CARTESIAN_POINT ( 'NONE',  ( 4.277826605902770751, 0.3000000000000633271, 10.52283220820956089 ) ) ;
#4229 = CARTESIAN_POINT ( 'NONE',  ( 4.223023780046446518, 6.300743829594011636E-14, -37.60855009771412938 ) ) ;
#4230 = CARTESIAN_POINT ( 'NONE',  ( 2.121842787000852049, 0.3000000000000483391, -32.22451143794588546 ) ) ;
#4231 = VECTOR ( 'NONE', #2692, 1000.000000000000000 ) ;
#4232 = CARTESIAN_POINT ( 'NONE',  ( -3.050299310050955892, 0.3000000000000121458, -39.82493114615173369 ) ) ;
#4233 = VECTOR ( 'NONE', #5002, 1000.000000000000000 ) ;
#4234 = VERTEX_POINT ( 'NONE', #1573 ) ;
#4235 = CARTESIAN_POINT ( 'NONE',  ( 1.705915048200118411, 0.3000000000000453970, 44.52898474713279597 ) ) ;
#4236 = FACE_OUTER_BOUND ( 'NONE', #4348, .T. ) ;
#4237 = CARTESIAN_POINT ( 'NONE',  ( 3.810881282776103163, 0.3000000000000601075, -28.83023711853648408 ) ) ;
#4238 = CARTESIAN_POINT ( 'NONE',  ( 0.7619418091244145597, 0.3000000000000387912, 39.03288139237298537 ) ) ;
#4239 = PLANE ( 'NONE',  #6484 ) ;
#4240 = CARTESIAN_POINT ( 'NONE',  ( -4.276383275428620401, 3.656396045094390299E-15, -37.17973238414391091 ) ) ;
#4241 = FACE_OUTER_BOUND ( 'NONE', #3408, .T. ) ;
#4242 = CARTESIAN_POINT ( 'NONE',  ( -4.404532197742375921, 0.3000000000000027645, 44.42383517180876851 ) ) ;
#4243 = AXIS2_PLACEMENT_3D ( 'NONE', #1747, #3864, #5916 ) ;
#4244 = CIRCLE ( 'NONE', #3479, 1.000000000000000888 ) ;
#4245 = CARTESIAN_POINT ( 'NONE',  ( 0.7619418091243989055, 0.3000000000000387912, -32.90889445940651825 ) ) ;
#4246 = EDGE_CURVE ( 'NONE', #3651, #787, #516, .T. ) ;
#4247 = VERTEX_POINT ( 'NONE', #1086 ) ;
#4248 = ORIENTED_EDGE ( 'NONE', *, *, #6341, .F. ) ;
#4249 = EDGE_LOOP ( 'NONE', ( #6334, #5303, #2422, #1014 ) ) ;
#4250 = CARTESIAN_POINT ( 'NONE',  ( 4.277826605902767199, 0.3000000000000633271, -0.8510462443033864899 ) ) ;
#4251 = CYLINDRICAL_SURFACE ( 'NONE', #4884, 2.599999999999996536 ) ;
#4252 = CARTESIAN_POINT ( 'NONE',  ( -3.628049532866302496, 8.348356728138384142E-15, -39.88144297843886932 ) ) ;
#4253 = VERTEX_POINT ( 'NONE', #4599 ) ;
#4254 = CARTESIAN_POINT ( 'NONE',  ( 10.99999999999999645, 6.000000000000003553, -70.00000000000000000 ) ) ;
#4255 = CARTESIAN_POINT ( 'NONE',  ( -2.133388434516076071, 1.862084903766090023E-14, -37.95666249593098485 ) ) ;
#4256 = ORIENTED_EDGE ( 'NONE', *, *, #1707, .T. ) ;
#4257 = EDGE_CURVE ( 'NONE', #2212, #4643, #1869, .T. ) ;
#4258 = EDGE_LOOP ( 'NONE', ( #1484, #4554, #3104, #3884 ) ) ;
#4259 = VECTOR ( 'NONE', #6489, 1000.000000000000000 ) ;
#4260 = CARTESIAN_POINT ( 'NONE',  ( -3.515760589819064474, 8.967795870507413727E-15, -35.25515253675636984 ) ) ;
#4261 = FACE_OUTER_BOUND ( 'NONE', #3712, .T. ) ;
#4262 = DIRECTION ( 'NONE',  ( 4.067645193304434615E-16, 1.445117871875977263E-30, 1.000000000000000000 ) ) ;
#4263 = B_SPLINE_CURVE_WITH_KNOTS ( 'NONE', 3,
 ( #4363, #6410, #1805, #3860, #4899, #803, #5910, #2304, #3356, #5410, #5073 ),
 .UNSPECIFIED., .F., .F.,
 ( 4, 1, 1, 1, 1, 1, 1, 1, 4 ),
 ( 0.000000000000000000, 0.1377975365248373385, 0.2713923541180600085, 0.4000397752264568396, 0.5252976497836711056, 0.6476238849957134391, 0.7675099851304751919, 0.8844239865659155875, 1.000000000000000000 ),
 .UNSPECIFIED. ) ;
#4264 = VECTOR ( 'NONE', #3894, 1000.000000000000000 ) ;
#4265 = LINE ( 'NONE', #640, #3607 ) ;
#4266 = CARTESIAN_POINT ( 'NONE',  ( 3.966754225818080570, 6.121791756333611747E-14, -29.16367338784596086 ) ) ;
#4267 = EDGE_CURVE ( 'NONE', #5220, #4278, #169, .T. ) ;
#4268 = VERTEX_POINT ( 'NONE', #3328 ) ;
#4269 = CARTESIAN_POINT ( 'NONE',  ( 1.607669014400890051, 4.474451357852825569E-14, -31.48871103922525094 ) ) ;
#4270 = CARTESIAN_POINT ( 'NONE',  ( -4.155925401671290764, 4.445228907190568179E-15, -37.10599337338773296 ) ) ;
#4271 = LINE ( 'NONE', #6322, #2546 ) ;
#4272 = CARTESIAN_POINT ( 'NONE',  ( -2.152891577614678642, 0.3000000000000184741, 40.90695614284940262 ) ) ;
#4273 = CARTESIAN_POINT ( 'NONE',  ( -0.6015051947699714407, 0.3000000000000292988, 28.29728762308756629 ) ) ;
#4274 = CARTESIAN_POINT ( 'NONE',  ( 1.343368982643654563, 4.288019592180170036E-14, -40.39725999697628822 ) ) ;
#4275 = DIRECTION ( 'NONE',  ( 0.3238767060517195873, 0.000000000000000000, 0.9460992967321601999 ) ) ;
#4276 = CARTESIAN_POINT ( 'NONE',  ( -1.501678036839892316, 2.303205916773993948E-14, 41.58826572701626390 ) ) ;
#4277 = CARTESIAN_POINT ( 'NONE',  ( 2.026100084516718525, 4.766640212433143137E-14, -40.45306481255424558 ) ) ;
#4278 = VERTEX_POINT ( 'NONE', #3768 ) ;
#4279 = ADVANCED_FACE ( 'NONE', ( #4840 ), #1219, .T. ) ;
#4280 = ORIENTED_EDGE ( 'NONE', *, *, #2525, .T. ) ;
#4281 = LINE ( 'NONE', #2743, #3589 ) ;
#4282 = DIRECTION ( 'NONE',  ( -0.9495246857993071554, 0.000000000000000000, 0.3136923190926535487 ) ) ;
#4283 = CARTESIAN_POINT ( 'NONE',  ( -4.872930816273083998, 0.2999999999999994893, -32.28257473273443168 ) ) ;
#4284 = EDGE_CURVE ( 'NONE', #5548, #6201, #5317, .T. ) ;
#4285 = EDGE_LOOP ( 'NONE', ( #5510, #2331, #5766, #4356 ) ) ;
#4286 = CARTESIAN_POINT ( 'NONE',  ( 1.833044930724993860, 0.3000000000000462852, -31.53047716418617341 ) ) ;
#4287 = CARTESIAN_POINT ( 'NONE',  ( 4.333128997070958555, 6.369687763352338550E-14, 29.30377066051305945 ) ) ;
#4288 = EDGE_LOOP ( 'NONE', ( #2775, #5129, #5170, #2783 ) ) ;
#4289 = VERTEX_POINT ( 'NONE', #5851 ) ;
#4290 = EDGE_CURVE ( 'NONE', #5811, #5074, #177, .T. ) ;
#4291 = CARTESIAN_POINT ( 'NONE',  ( -4.800000000000012257, -1.195273122225496042E-30, -21.95699310302734020 ) ) ;
#4292 = FACE_OUTER_BOUND ( 'NONE', #1853, .T. ) ;
#4293 = ADVANCED_FACE ( 'NONE', ( #5250 ), #5378, .T. ) ;
#4294 = CARTESIAN_POINT ( 'NONE',  ( -3.438326009114589521, 0.3000000000000094813, 18.82053309016756870 ) ) ;
#4295 = PLANE ( 'NONE',  #2764 ) ;
#4296 = CARTESIAN_POINT ( 'NONE',  ( -3.263932410980130872, 0.3000000000000107025, -39.87479733157828576 ) ) ;
#4297 = ORIENTED_EDGE ( 'NONE', *, *, #1944, .T. ) ;
#4298 = CARTESIAN_POINT ( 'NONE',  ( -0.5519886277944180408, 0.3000000000000296319, 36.69649484616916624 ) ) ;
#4299 = CARTESIAN_POINT ( 'NONE',  ( -3.628004667521424143, 8.131516293641283255E-15, -36.93983173719639268 ) ) ;
#4300 = CARTESIAN_POINT ( 'NONE',  ( -8.000000000000007105, 1.399999999999990585, -32.75000000000000000 ) ) ;
#4301 = PLANE ( 'NONE',  #4003 ) ;
#4302 = CARTESIAN_POINT ( 'NONE',  ( 4.277826605902760093, 6.339012438352647476E-14, -26.04201507568359730 ) ) ;
#4303 = VECTOR ( 'NONE', #2511, 1000.000000000000000 ) ;
#4304 = CARTESIAN_POINT ( 'NONE',  ( -4.679936980657220857, 8.383955830410711973E-16, -37.60170560079647828 ) ) ;
#4305 = CARTESIAN_POINT ( 'NONE',  ( 0.2991870202482777574, 3.561604136614882066E-14, 37.90003160329904830 ) ) ;
#4306 = CARTESIAN_POINT ( 'NONE',  ( -8.000000000000007105, 1.399999999999990585, 32.75000000000000000 ) ) ;
#4307 = EDGE_CURVE ( 'NONE', #369, #5293, #764, .T. ) ;
#4308 = EDGE_CURVE ( 'NONE', #1075, #1558, #6415, .T. ) ;
#4309 = VECTOR ( 'NONE', #3028, 1000.000000000000000 ) ;
#4310 = VECTOR ( 'NONE', #2317, 1000.000000000000000 ) ;
#4311 = CARTESIAN_POINT ( 'NONE',  ( -4.000000000000000888, 5.000000000000000000, 70.00000000000000000 ) ) ;
#4312 = CARTESIAN_POINT ( 'NONE',  ( 3.810881282776103163, 6.022743068156977131E-14, -28.83023711853648408 ) ) ;
#4313 = ORIENTED_EDGE ( 'NONE', *, *, #1136, .F. ) ;
#4314 = ORIENTED_EDGE ( 'NONE', *, *, #2274, .T. ) ;
#4315 = ORIENTED_EDGE ( 'NONE', *, *, #5030, .T. ) ;
#4316 = CARTESIAN_POINT ( 'NONE',  ( -11.00000000000000000, 0.9999999999999981126, -69.00000000000000000 ) ) ;
#4317 = CARTESIAN_POINT ( 'NONE',  ( 1.184069202295763512, 4.178653190032325692E-14, -31.88358168490072231 ) ) ;
#4318 = ORIENTED_EDGE ( 'NONE', *, *, #3794, .F. ) ;
#4319 = DIRECTION ( 'NONE',  ( -1.000000000000000000, -6.982962677686266711E-15, 3.792264562646615699E-16 ) ) ;
#4320 = EDGE_LOOP ( 'NONE', ( #3904, #4364, #3274 ) ) ;
#4321 = VERTEX_POINT ( 'NONE', #4334 ) ;
#4322 = CARTESIAN_POINT ( 'NONE',  ( -4.872930816273083998, -5.092731680880347784E-16, -32.28257473273443168 ) ) ;
#4323 = CARTESIAN_POINT ( 'NONE',  ( 0.4197502983940923915, 0.3000000000000364042, 29.89477234416537499 ) ) ;
#4324 = ADVANCED_FACE ( 'NONE', ( #3294 ), #1809, .T. ) ;
#4325 = FACE_OUTER_BOUND ( 'NONE', #1671, .T. ) ;
#4326 = VECTOR ( 'NONE', #3564, 1000.000000000000000 ) ;
#4327 = CARTESIAN_POINT ( 'NONE',  ( -1.353292046776525481, 2.423191855505102410E-14, 43.81694880885336829 ) ) ;
#4328 = ADVANCED_FACE ( 'NONE', ( #2763 ), #4239, .F. ) ;
#4329 = CARTESIAN_POINT ( 'NONE',  ( 4.391299438476544026, 3.903127820947815962E-15, -31.85395171907212131 ) ) ;
#4330 = VERTEX_POINT ( 'NONE', #4302 ) ;
#4331 = CARTESIAN_POINT ( 'NONE',  ( 2.047409290551235994, 0.3000000000000477840, 39.07300935033228484 ) ) ;
#4332 = CARTESIAN_POINT ( 'NONE',  ( -4.913472832573801519, -8.673617379884035472E-16, -38.41941889127095067 ) ) ;
#4333 = CARTESIAN_POINT ( 'NONE',  ( -4.800000000000012257, 0.2999999999999999889, -14.12736765543618311 ) ) ;
#4334 = CARTESIAN_POINT ( 'NONE',  ( 2.121842787000866259, 4.833496984243894553E-14, 39.71726441383362527 ) ) ;
#4335 = CARTESIAN_POINT ( 'NONE',  ( -4.239727889166951869, 3.903127820947815962E-15, -27.06327056884764204 ) ) ;
#4336 = CIRCLE ( 'NONE', #691, 1.000000000000000888 ) ;
#4337 = CARTESIAN_POINT ( 'NONE',  ( -1.357195341873262739, 2.401507812055392321E-14, 36.31782416974235161 ) ) ;
#4338 = AXIS2_PLACEMENT_3D ( 'NONE', #3360, #808, #4433 ) ;
#4339 = CARTESIAN_POINT ( 'NONE',  ( -1.865965216226710632, 2.043721095135175858E-14, 41.01639723888428790 ) ) ;
#4340 = CARTESIAN_POINT ( 'NONE',  ( 3.770744885338658481, 0.3000000000000598299, -35.57373301188150805 ) ) ;
#4341 = CARTESIAN_POINT ( 'NONE',  ( -4.800000000000013145, 0.2999999999999999889, -16.05640580919052240 ) ) ;
#4342 = CARTESIAN_POINT ( 'NONE',  ( 3.631842243055935171, 0.3000000000000588307, -28.52952889753009558 ) ) ;
#4343 = APPLICATION_PROTOCOL_DEFINITION ( 'draft international standard', 'automotive_design', 1998, #1526 ) ;
#4344 = ORIENTED_EDGE ( 'NONE', *, *, #2628, .T. ) ;
#4345 = VECTOR ( 'NONE', #1137, 1000.000000000000000 ) ;
#4346 = VECTOR ( 'NONE', #5273, 1000.000000000000000 ) ;
#4347 = VERTEX_POINT ( 'NONE', #6382 ) ;
#4348 = EDGE_LOOP ( 'NONE', ( #4783, #1591, #548, #3532 ) ) ;
#4349 = DIRECTION ( 'NONE',  ( -0.9460992967321601999, -6.606576078465899117E-15, 0.3238767060517195318 ) ) ;
#4350 = CARTESIAN_POINT ( 'NONE',  ( 1.522835356000692641, 0.3000000000000441203, 40.44339243881893253 ) ) ;
#4351 = CARTESIAN_POINT ( 'NONE',  ( 7.999999999999983125, 1.400000000000002798, 0.000000000000000000 ) ) ;
#4352 = CARTESIAN_POINT ( 'NONE',  ( 0.1251663804306376582, 0.3000000000000343503, -34.38900998170185375 ) ) ;
#4353 = ORIENTED_EDGE ( 'NONE', *, *, #4257, .F. ) ;
#4354 = CARTESIAN_POINT ( 'NONE',  ( -4.905891476798508677, -7.394362303690745200E-16, 40.15471682547129717 ) ) ;
#4355 = LINE ( 'NONE', #6400, #544 ) ;
#4356 = ORIENTED_EDGE ( 'NONE', *, *, #3913, .T. ) ;
#4357 = ORIENTED_EDGE ( 'NONE', *, *, #805, .T. ) ;
#4358 = DIRECTION ( 'NONE',  ( 2.803450593589759788E-16, 1.338355820883037717E-30, 1.000000000000000000 ) ) ;
#4359 = CARTESIAN_POINT ( 'NONE',  ( 1.438918895087055283, 4.363913744254155347E-14, 40.39598703231369115 ) ) ;
#4360 = CARTESIAN_POINT ( 'NONE',  ( 1.750000000000000000, 5.000000000000000000, -62.00000000000000000 ) ) ;
#4361 = CARTESIAN_POINT ( 'NONE',  ( -2.554248584258054677, 0.3000000000000156430, -29.74491826918449533 ) ) ;
#4362 = CARTESIAN_POINT ( 'NONE',  ( -2.666363799069642493, 1.496198998029996119E-14, -37.19935122218389978 ) ) ;
#4363 = CARTESIAN_POINT ( 'NONE',  ( -0.9419236924913245712, 2.694080286299874799E-14, 29.80080265469021228 ) ) ;
#4364 = ORIENTED_EDGE ( 'NONE', *, *, #4037, .T. ) ;
#4365 = CARTESIAN_POINT ( 'NONE',  ( -1.067966057167497151, 0.3000000000000260236, 36.40914147466100559 ) ) ;
#4366 = CARTESIAN_POINT ( 'NONE',  ( 1.626454102443046335, 4.487568914722369107E-14, -33.76747680220643844 ) ) ;
#4367 = CARTESIAN_POINT ( 'NONE',  ( 10.59999999999997655, 6.000000000000004441, 32.75000000000000000 ) ) ;
#4368 = DIRECTION ( 'NONE',  ( 6.505213034913020688E-16, -1.000000000000000000, 0.000000000000000000 ) ) ;
#4369 = AXIS2_PLACEMENT_3D ( 'NONE', #3646, #6627, #3612 ) ;
#4370 = FACE_OUTER_BOUND ( 'NONE', #2568, .T. ) ;
#4371 = CARTESIAN_POINT ( 'NONE',  ( -4.294139125907387111, 0.3000000000000034861, -27.21338292494417743 ) ) ;
#4372 = EDGE_CURVE ( 'NONE', #1690, #3324, #1776, .T. ) ;
#4373 = DIRECTION ( 'NONE',  ( -0.9452024727728634002, 0.000000000000000000, -0.3264847400171475011 ) ) ;
#4374 = FACE_BOUND ( 'NONE', #5579, .T. ) ;
#4375 = CARTESIAN_POINT ( 'NONE',  ( -4.000000000000000888, 6.000000000000000000, 70.00000000000000000 ) ) ;
#4376 = CARTESIAN_POINT ( 'NONE',  ( -1.865965216226724843, 0.3000000000000204725, -30.92537861289522283 ) ) ;
#4377 = EDGE_CURVE ( 'NONE', #1208, #6310, #1946, .T. ) ;
#4378 = CARTESIAN_POINT ( 'NONE',  ( 4.277826605902760093, 0.3000000000000633271, -26.04201507568359730 ) ) ;
#4379 = VERTEX_POINT ( 'NONE', #2340 ) ;
#4380 = CARTESIAN_POINT ( 'NONE',  ( 1.300000000000000044, 5.000000000000000000, -70.00000000000000000 ) ) ;
#4381 = CARTESIAN_POINT ( 'NONE',  ( -4.387515913052035366, 0.3000000000000028200, -37.27241522223654613 ) ) ;
#4382 = CARTESIAN_POINT ( 'NONE',  ( -2.271281496494557128, 1.765794693235327885E-14, -29.11830204081927320 ) ) ;
#4383 = CARTESIAN_POINT ( 'NONE',  ( 0.7297105740347168412, 0.3000000000000385691, -32.99469642870953834 ) ) ;
#4384 = CARTESIAN_POINT ( 'NONE',  ( 1.549969286057848228, 4.450649918052995702E-14, 34.99753169815421927 ) ) ;
#4385 = ORIENTED_EDGE ( 'NONE', *, *, #3311, .F. ) ;
#4386 = CARTESIAN_POINT ( 'NONE',  ( -2.029729034756839301, 0.3000000000000193068, -37.89165220293429570 ) ) ;
#4387 = LINE ( 'NONE', #3348, #5270 ) ;
#4388 = EDGE_LOOP ( 'NONE', ( #882, #2193, #476, #3971 ) ) ;
#4389 = ADVANCED_FACE ( 'NONE', ( #5414 ), #296, .T. ) ;
#4390 = VERTEX_POINT ( 'NONE', #2987 ) ;
#4391 = CARTESIAN_POINT ( 'NONE',  ( 4.379130661397380386, 6.409752682214356844E-14, 30.81067788251048256 ) ) ;
#4392 = CARTESIAN_POINT ( 'NONE',  ( -2.567543320934291717, 0.3000000000000155875, -30.73604863794624364 ) ) ;
#4393 = CARTESIAN_POINT ( 'NONE',  ( 0.8736416286892226823, 3.961882773970404988E-14, -14.12736765543618311 ) ) ;
#4394 = CARTESIAN_POINT ( 'NONE',  ( 0.7297105740347168412, 3.861376255689163251E-14, -32.99469642870953834 ) ) ;
#4395 = CARTESIAN_POINT ( 'NONE',  ( -2.164334757839283974, 1.848564704087785060E-14, -37.87939083566731568 ) ) ;
#4396 = ORIENTED_EDGE ( 'NONE', *, *, #3993, .T. ) ;
#4397 = CARTESIAN_POINT ( 'NONE',  ( 0.000000000000000000, 0.000000000000000000, 62.00000000000000000 ) ) ;
#4398 = CARTESIAN_POINT ( 'NONE',  ( -2.660436546740475805, 0.3000000000000149214, -35.62282814859082691 ) ) ;
#4399 = CARTESIAN_POINT ( 'NONE',  ( -4.656924429486216432, 9.990913689865326256E-16, -28.48711435093058242 ) ) ;
#4400 = CARTESIAN_POINT ( 'NONE',  ( 0.7619418091243989055, 3.883883206857861670E-14, -32.90889445940651825 ) ) ;
#4401 = CARTESIAN_POINT ( 'NONE',  ( 0.1647870109559484986, 3.466892240016697708E-14, 30.97315381409053359 ) ) ;
#4402 = CARTESIAN_POINT ( 'NONE',  ( -0.8771969141668124470, 2.743031496388326218E-14, 43.06958928393706998 ) ) ;
#4403 = VECTOR ( 'NONE', #543, 1000.000000000000000 ) ;
#4404 = CARTESIAN_POINT ( 'NONE',  ( 4.277826605902763646, 0.3000000000000633271, -21.95699310302734375 ) ) ;
#4405 = CARTESIAN_POINT ( 'NONE',  ( -1.501678036839907193, 2.309350627394124444E-14, -30.35351012476326105 ) ) ;
#4406 = CARTESIAN_POINT ( 'NONE',  ( 1.467831074421174442, 4.385597787703865436E-14, -27.40678240473481964 ) ) ;
#4407 = EDGE_CURVE ( 'NONE', #4179, #4321, #3170, .T. ) ;
#4408 = VERTEX_POINT ( 'NONE', #6014 ) ;
#4409 = EDGE_CURVE ( 'NONE', #5401, #1558, #465, .T. ) ;
#4410 = CIRCLE ( 'NONE', #1832, 2.599999999999998312 ) ;
#4411 = DIRECTION ( 'NONE',  ( 0.000000000000000000, 0.000000000000000000, -1.000000000000000000 ) ) ;
#4412 = CARTESIAN_POINT ( 'NONE',  ( -2.054526520068921780, 0.3000000000000191402, -31.02655139597393941 ) ) ;
#4413 = LINE ( 'NONE', #1851, #2472 ) ;
#4414 = CARTESIAN_POINT ( 'NONE',  ( 2.355129913565425337, 5.014435047745458007E-14, 34.54727145396964261 ) ) ;
#4415 = ORIENTED_EDGE ( 'NONE', *, *, #2975, .T. ) ;
#4416 = CARTESIAN_POINT ( 'NONE',  ( -4.800000000000003375, 0.2999999999999999889, 26.51895557509527634 ) ) ;
#4417 = CARTESIAN_POINT ( 'NONE',  ( 4.277826605902773416, 6.339012438352648739E-14, 23.40199870533412607 ) ) ;
#4418 = ORIENTED_EDGE ( 'NONE', *, *, #6473, .T. ) ;
#4419 = B_SPLINE_CURVE_WITH_KNOTS ( 'NONE', 3,
 ( #5042, #2486, #3600, #5653, #435, #5694, #5113, #4539, #4608, #6584, #5617, #2, #6123, #1981, #1060 ),
 .UNSPECIFIED., .F., .F.,
 ( 4, 1, 1, 1, 1, 1, 1, 1, 1, 1, 1, 1, 4 ),
 ( 0.000000000000000000, 0.06196885780174795494, 0.1275031183531113443, 0.1972591458298045275, 0.2761876151904314458, 0.3239992394032306655, 0.3830244142912403449, 0.4548749134693162444, 0.5388518610235155659, 0.6345563411628331041, 0.7436429989050329370, 0.8655896599986702133, 0.9999999999999998890 ),
 .UNSPECIFIED. ) ;
#4420 = ORIENTED_EDGE ( 'NONE', *, *, #4836, .F. ) ;
#4421 = EDGE_CURVE ( 'NONE', #982, #6401, #3393, .T. ) ;
#4422 = CARTESIAN_POINT ( 'NONE',  ( 0.1928046332465163937, 0.3000000000000348499, -6.978579203287759825 ) ) ;
#4423 = CARTESIAN_POINT ( 'NONE',  ( 4.387320004892079517, 0.3000000000000641043, 39.59271122635127682 ) ) ;
#4424 = CARTESIAN_POINT ( 'NONE',  ( -1.883183696199259405, 2.036801938710748776E-14, -35.68394908050886727 ) ) ;
#4425 = ADVANCED_FACE ( 'NONE', ( #2921 ), #1263, .T. ) ;
#4426 = DIRECTION ( 'NONE',  ( -0.000000000000000000, 0.000000000000000000, 1.000000000000000000 ) ) ;
#4427 = B_SPLINE_CURVE_WITH_KNOTS ( 'NONE', 3,
 ( #3581, #5028, #2570, #5674, #1996, #6633, #1077, #6069, #21, #5166, #563 ),
 .UNSPECIFIED., .F., .F.,
 ( 4, 1, 1, 1, 1, 1, 1, 1, 4 ),
 ( 0.000000000000000000, 0.1494422361013147404, 0.2881908720082015929, 0.4213463886540453340, 0.5525102689378151855, 0.6757268801235767341, 0.7866394655402541014, 0.8920946412305866824, 1.000000000000000000 ),
 .UNSPECIFIED. ) ;
#4428 = ORIENTED_EDGE ( 'NONE', *, *, #218, .F. ) ;
#4429 = CARTESIAN_POINT ( 'NONE',  ( 1.607669014400904040, 0.3000000000000446754, 40.45306481255425979 ) ) ;
#4430 = VECTOR ( 'NONE', #6582, 1000.000000000000000 ) ;
#4431 = CARTESIAN_POINT ( 'NONE',  ( -4.913472832573800630, 0.2999999999999991562, -31.27063043912250961 ) ) ;
#4432 = CARTESIAN_POINT ( 'NONE',  ( -1.289434242248535867, 2.444875898954812499E-14, 42.10905896292793216 ) ) ;
#4433 = DIRECTION ( 'NONE',  ( 1.000000000000000000, 5.782411586589354681E-16, 0.000000000000000000 ) ) ;
#4434 = CARTESIAN_POINT ( 'NONE',  ( 2.744778116484929864, 0.3000000000000526690, -40.37522648952726456 ) ) ;
#4435 = DIRECTION ( 'NONE',  ( 0.000000000000000000, -1.000000000000000000, 0.000000000000000000 ) ) ;
#4436 = CARTESIAN_POINT ( 'NONE',  ( -1.566747100734731557, 0.3000000000000225264, -30.48866206042498206 ) ) ;
#4437 = DIRECTION ( 'NONE',  ( -7.228014483236701486E-16, 1.000000000000000000, 0.000000000000000000 ) ) ;
#4438 = ORIENTED_EDGE ( 'NONE', *, *, #2749, .T. ) ;
#4439 = DIRECTION ( 'NONE',  ( 0.000000000000000000, -1.000000000000000000, 0.000000000000000000 ) ) ;
#4440 = CARTESIAN_POINT ( 'NONE',  ( -4.800000000000012257, -7.548488064412947226E-30, -14.12736765543618311 ) ) ;
#4441 = CARTESIAN_POINT ( 'NONE',  ( 0.8007878874224263477, 3.924811864397526051E-14, -27.45036099327913348 ) ) ;
#4442 = VECTOR ( 'NONE', #1987, 1000.000000000000000 ) ;
#4443 = VERTEX_POINT ( 'NONE', #3092 ) ;
#4444 = CARTESIAN_POINT ( 'NONE',  ( 4.277826605902770751, 0.3000000000000633271, 10.52283220820956089 ) ) ;
#4445 = CARTESIAN_POINT ( 'NONE',  ( 2.043300491872551916, 0.3000000000000477840, -36.36973358888023711 ) ) ;
#4446 = EDGE_CURVE ( 'NONE', #6628, #2639, #4132, .T. ) ;
#4447 = VERTEX_POINT ( 'NONE', #4167 ) ;
#4448 = VECTOR ( 'NONE', #329, 1000.000000000000000 ) ;
#4449 = ORIENTED_EDGE ( 'NONE', *, *, #4206, .T. ) ;
#4450 = VECTOR ( 'NONE', #4774, 1000.000000000000000 ) ;
#4451 = CARTESIAN_POINT ( 'NONE',  ( 1.725710773366305517, 0.3000000000000455636, -31.49292061024972611 ) ) ;
#4452 = DIRECTION ( 'NONE',  ( -1.000000000000000000, -7.506015040284271099E-16, 0.000000000000000000 ) ) ;
#4453 = CARTESIAN_POINT ( 'NONE',  ( -4.800000000000012257, 0.2999999999999999889, -21.95699310302734020 ) ) ;
#4454 = EDGE_CURVE ( 'NONE', #2964, #5936, #5558, .T. ) ;
#4455 = CARTESIAN_POINT ( 'NONE',  ( -0.2557676580217192464, 3.173220484276921249E-14, 31.14829254150390980 ) ) ;
#4456 = ORIENTED_EDGE ( 'NONE', *, *, #2287, .T. ) ;
#4457 = CARTESIAN_POINT ( 'NONE',  ( 4.000000000000000000, 5.000000000000000000, 70.00000000000000000 ) ) ;
#4458 = PLANE ( 'NONE',  #2502 ) ;
#4459 = CARTESIAN_POINT ( 'NONE',  ( -2.966531372544294332, 0.3000000000000127565, -35.53706207708385989 ) ) ;
#4460 = CARTESIAN_POINT ( 'NONE',  ( -1.168869357638893991, 0.3000000000000253575, 21.21232763926187559 ) ) ;
#4461 = CARTESIAN_POINT ( 'NONE',  ( 0.8736416286892210170, 3.961882773970404357E-14, -16.05640580919052240 ) ) ;
#4462 = ORIENTED_EDGE ( 'NONE', *, *, #2859, .F. ) ;
#4463 = CARTESIAN_POINT ( 'NONE',  ( 4.126494444431823005, 0.3000000000000623279, -37.42651991043749149 ) ) ;
#4464 = VECTOR ( 'NONE', #1629, 1000.000000000000000 ) ;
#4465 = CARTESIAN_POINT ( 'NONE',  ( 4.014710606750893085, 0.3000000000000614953, -39.56995821873763930 ) ) ;
#4466 = DIRECTION ( 'NONE',  ( -4.274374212157390516E-16, 0.000000000000000000, -1.000000000000000000 ) ) ;
#4467 = CARTESIAN_POINT ( 'NONE',  ( -5.400000000000012790, 5.999999999999992006, 65.50000000000000000 ) ) ;
#4468 = CARTESIAN_POINT ( 'NONE',  ( -8.000000000000007105, 1.399999999999990585, 0.000000000000000000 ) ) ;
#4469 = ORIENTED_EDGE ( 'NONE', *, *, #4206, .F. ) ;
#4470 = CARTESIAN_POINT ( 'NONE',  ( 0.1647870109559484986, 0.3000000000000346834, 30.97315381409053359 ) ) ;
#4471 = CARTESIAN_POINT ( 'NONE',  ( 0.6546420018152000475, 3.827233668873830652E-14, 35.26772984532303923 ) ) ;
#4472 = AXIS2_PLACEMENT_3D ( 'NONE', #4066, #6119, #4282 ) ;
#4473 = ORIENTED_EDGE ( 'NONE', *, *, #591, .T. ) ;
#4474 = ADVANCED_FACE ( 'NONE', ( #2542 ), #2655, .T. ) ;
#4475 = CARTESIAN_POINT ( 'NONE',  ( 2.047409290551235994, 0.3000000000000477840, 39.07300935033228484 ) ) ;
#4476 = CIRCLE ( 'NONE', #4051, 2.599999999999998312 ) ;
#4477 = ORIENTED_EDGE ( 'NONE', *, *, #1933, .F. ) ;
#4478 = VERTEX_POINT ( 'NONE', #3590 ) ;
#4479 = CARTESIAN_POINT ( 'NONE',  ( 1.607669014400890051, 4.477754972365133312E-14, -31.48871103922525094 ) ) ;
#4480 = DIRECTION ( 'NONE',  ( 0.000000000000000000, -1.000000000000000000, 0.000000000000000000 ) ) ;
#4481 = CARTESIAN_POINT ( 'NONE',  ( -2.224604435562166138, 1.798389110674827535E-14, -37.72889999988812804 ) ) ;
#4482 = EDGE_CURVE ( 'NONE', #6630, #293, #5619, .T. ) ;
#4483 = FACE_OUTER_BOUND ( 'NONE', #4540, .T. ) ;
#4484 = CARTESIAN_POINT ( 'NONE',  ( -1.750000000000000000, 5.000000000000000000, 62.00000000000000000 ) ) ;
#4485 = DIRECTION ( 'NONE',  ( 0.000000000000000000, -1.000000000000000000, 0.000000000000000000 ) ) ;
#4486 = CARTESIAN_POINT ( 'NONE',  ( 4.099576544528212629, 0.3000000000000621059, 42.41143085068945595 ) ) ;
#4487 = CARTESIAN_POINT ( 'NONE',  ( -0.6723961416206539754, 2.882290369133681311E-14, 30.95075560560045957 ) ) ;
#4488 = EDGE_CURVE ( 'NONE', #4180, #2337, #460, .T. ) ;
#4489 = ORIENTED_EDGE ( 'NONE', *, *, #698, .F. ) ;
#4490 = CARTESIAN_POINT ( 'NONE',  ( -4.779194672081729323, 1.084202172485504434E-16, 28.83358259440610993 ) ) ;
#4491 = EDGE_CURVE ( 'NONE', #134, #2160, #5508, .T. ) ;
#4492 = LINE ( 'NONE', #6535, #256 ) ;
#4493 = CARTESIAN_POINT ( 'NONE',  ( -2.164650103900743972, 1.853985714950212582E-14, -38.94092418594462401 ) ) ;
#4494 = LINE ( 'NONE', #1903, #4689 ) ;
#4495 = FACE_OUTER_BOUND ( 'NONE', #5151, .T. ) ;
#4496 = ORIENTED_EDGE ( 'NONE', *, *, #3207, .F. ) ;
#4497 = CARTESIAN_POINT ( 'NONE',  ( 3.867139973607732095, 6.055269133331542264E-14, -37.09521324651944241 ) ) ;
#4498 = CARTESIAN_POINT ( 'NONE',  ( 4.391299438476544914, 0.3000000000000641598, -38.42828395631578076 ) ) ;
#4499 = CARTESIAN_POINT ( 'NONE',  ( -3.438326009114588189, 0.3000000000000094813, 22.01904855834112595 ) ) ;
#4500 = CARTESIAN_POINT ( 'NONE',  ( -4.800000000000014033, 0.2999999999999999889, -26.04201507568359375 ) ) ;
#4501 = CARTESIAN_POINT ( 'NONE',  ( 3.550857735023134509, 5.831372789033434038E-14, -40.01269857978888922 ) ) ;
#4502 = CARTESIAN_POINT ( 'NONE',  ( -1.357195341873279837, 0.3000000000000239697, -35.62395168203714491 ) ) ;
#4503 = ORIENTED_EDGE ( 'NONE', *, *, #5927, .F. ) ;
#4504 = ADVANCED_FACE ( 'NONE', ( #2513 ), #136, .F. ) ;
#4505 = EDGE_CURVE ( 'NONE', #3174, #219, #2760, .T. ) ;
#4506 = DIRECTION ( 'NONE',  ( 1.000000000000000000, 0.000000000000000000, 0.000000000000000000 ) ) ;
#4507 = VERTEX_POINT ( 'NONE', #1744 ) ;
#4508 = VECTOR ( 'NONE', #5217, 1000.000000000000000 ) ;
#4509 = VECTOR ( 'NONE', #4076, 1000.000000000000000 ) ;
#4510 = EDGE_LOOP ( 'NONE', ( #6346, #6392 ) ) ;
#4511 = CARTESIAN_POINT ( 'NONE',  ( 0.8470464335547535084, 0.3000000000000394018, 37.37334121598138381 ) ) ;
#4512 = CARTESIAN_POINT ( 'NONE',  ( 0.4171672413841645000, 3.642919299551294898E-14, 29.75221918229200213 ) ) ;
#4513 = CARTESIAN_POINT ( 'NONE',  ( -2.435888362454794898, 1.650850333086194427E-14, 42.50987708744306559 ) ) ;
#4514 = LINE ( 'NONE', #5489, #2875 ) ;
#4515 = VECTOR ( 'NONE', #4480, 1000.000000000000000 ) ;
#4516 = CARTESIAN_POINT ( 'NONE',  ( -2.966531372544294332, 1.290200585257750276E-14, -35.53706207708385989 ) ) ;
#4517 = CARTESIAN_POINT ( 'NONE',  ( -4.874364077958682095, -5.421010862427522170E-16, -30.09853079172365042 ) ) ;
#4518 = CARTESIAN_POINT ( 'NONE',  ( 7.999999999999983125, 1.400000000000002798, 32.75000000000000000 ) ) ;
#4519 = ORIENTED_EDGE ( 'NONE', *, *, #3536, .F. ) ;
#4520 = CARTESIAN_POINT ( 'NONE',  ( -4.539947098345828991, 0.3000000000000017653, 27.85850922856673506 ) ) ;
#4521 = CARTESIAN_POINT ( 'NONE',  ( 1.111572919779462598, 0.3000000000000412337, -36.46713754060244383 ) ) ;
#4522 = EDGE_CURVE ( 'NONE', #1724, #4330, #2181, .T. ) ;
#4523 = DIRECTION ( 'NONE',  ( -1.000000000000000000, -6.672013369141570147E-16, 0.000000000000000000 ) ) ;
#4524 = ADVANCED_FACE ( 'NONE', ( #4236 ), #2590, .T. ) ;
#4525 = EDGE_CURVE ( 'NONE', #1669, #1257, #2612, .T. ) ;
#4526 = CARTESIAN_POINT ( 'NONE',  ( -3.768288062047087550, 0.3000000000000072053, -39.86140131943434284 ) ) ;
#4527 = CARTESIAN_POINT ( 'NONE',  ( 0.3834995300015754394, 3.619618375780532478E-14, 30.43264384413481949 ) ) ;
#4528 = ORIENTED_EDGE ( 'NONE', *, *, #5815, .F. ) ;
#4529 = CARTESIAN_POINT ( 'NONE',  ( -12.00000000000000000, -2.204364238465235033E-15, 69.00000000000000000 ) ) ;
#4530 = APPLICATION_CONTEXT ( 'automotive_design' ) ;
#4531 = CIRCLE ( 'NONE', #1638, 2.599999999999998312 ) ;
#4532 = CARTESIAN_POINT ( 'NONE',  ( 4.391299438476544914, 6.423897871976613771E-14, -38.42828395631578076 ) ) ;
#4533 = CARTESIAN_POINT ( 'NONE',  ( 0.7297105740347324954, 3.861376255689163251E-14, 38.94707942306996529 ) ) ;
#4534 = CARTESIAN_POINT ( 'NONE',  ( -4.889010603687366618, 0.2999999999999993783, -38.12748368598965953 ) ) ;
#4535 = CARTESIAN_POINT ( 'NONE',  ( 2.026100084516718525, 4.766640212433143137E-14, -40.45306481255424558 ) ) ;
#4536 = CARTESIAN_POINT ( 'NONE',  ( -0.8590984549520279678, 0.3000000000000275224, 28.98980975253051184 ) ) ;
#4537 = CARTESIAN_POINT ( 'NONE',  ( -0.8771969141668124470, 0.3000000000000273559, 43.06958928393706998 ) ) ;
#4538 = ADVANCED_FACE ( 'NONE', ( #5756 ), #3828, .T. ) ;
#4539 = CARTESIAN_POINT ( 'NONE',  ( -1.678179693311551146, 0.3000000000000217493, 41.23800025551602033 ) ) ;
#4540 = EDGE_LOOP ( 'NONE', ( #3452, #6285, #6432, #1323 ) ) ;
#4541 = CIRCLE ( 'NONE', #5944, 2.599999999999996536 ) ;
#4542 = EDGE_CURVE ( 'NONE', #5256, #4347, #5948, .T. ) ;
#4543 = ORIENTED_EDGE ( 'NONE', *, *, #2441, .F. ) ;
#4544 = ORIENTED_EDGE ( 'NONE', *, *, #2366, .F. ) ;
#4545 = DIRECTION ( 'NONE',  ( 0.000000000000000000, -1.000000000000000000, 0.000000000000000000 ) ) ;
#4546 = CARTESIAN_POINT ( 'NONE',  ( 2.212872882487391557, 0.3000000000000489497, -36.37305392785803804 ) ) ;
#4547 = CARTESIAN_POINT ( 'NONE',  ( 7.999999999999983125, 1.400000000000002798, 65.50000000000000000 ) ) ;
#4548 = CARTESIAN_POINT ( 'NONE',  ( -2.133388434516076071, 0.3000000000000185851, -38.86444515652125631 ) ) ;
#4549 = DIRECTION ( 'NONE',  ( 1.000000000000000000, 0.000000000000000000, -1.019171101211278518E-15 ) ) ;
#4550 = DIRECTION ( 'NONE',  ( -3.821891629542292715E-16, 0.000000000000000000, -1.000000000000000000 ) ) ;
#4551 = CARTESIAN_POINT ( 'NONE',  ( 4.000000000000000000, 0.000000000000000000, 70.00000000000000000 ) ) ;
#4552 = DIRECTION ( 'NONE',  ( -0.8306530277028755238, -5.800419090556273805E-15, -0.5567903982362176762 ) ) ;
#4554 = ORIENTED_EDGE ( 'NONE', *, *, #3927, .F. ) ;
#4553 = VECTOR ( 'NONE', #1664, 1000.000000000000000 ) ;
#4555 = EDGE_LOOP ( 'NONE', ( #3498, #5149, #3339, #690 ) ) ;
#4556 = CARTESIAN_POINT ( 'NONE',  ( -4.800000000000012257, 0.2999999999999999889, -21.95699310302734020 ) ) ;
#4557 = PLANE ( 'NONE',  #2626 ) ;
#4558 = DIRECTION ( 'NONE',  ( 0.000000000000000000, -1.000000000000000000, 0.000000000000000000 ) ) ;
#4559 = B_SPLINE_CURVE_WITH_KNOTS ( 'NONE', 3,
 ( #1430, #4394, #5491, #3443, #5906, #1926, #3980, #5434, #2911, #2819, #4864, #258, #3919, #5524, #3887, #2334, #6439, #4424, #6498 ),
 .UNSPECIFIED., .F., .F.,
 ( 4, 1, 1, 1, 1, 1, 1, 1, 1, 1, 1, 1, 1, 1, 1, 1, 4 ),
 ( 0.000000000000000000, 0.06480916084195605109, 0.1263493137603080019, 0.1840869594338956916, 0.2387416829624855741, 0.2896182280257560415, 0.3370906112673938693, 0.3811990263900849607, 0.4217897500224105922, 0.4972470010393407747, 0.5692737207317594139, 0.6391353460476653092, 0.7082163981344785642, 0.7773921899943861957, 0.8483686164361374793, 0.9221571796891798733, 1.000000000000000000 ),
 .UNSPECIFIED. ) ;
#4560 = LINE ( 'NONE', #1598, #2768 ) ;
#4561 = CARTESIAN_POINT ( 'NONE',  ( 2.051082824931337978, 4.784085566823302111E-14, -27.46833411347247633 ) ) ;
#4562 = ORIENTED_EDGE ( 'NONE', *, *, #5728, .T. ) ;
#4563 = CARTESIAN_POINT ( 'NONE',  ( 3.866439604919302386, 0.3000000000000604961, 27.38082320040685502 ) ) ;
#4564 = FACE_OUTER_BOUND ( 'NONE', #1164, .T. ) ;
#4565 = CARTESIAN_POINT ( 'NONE',  ( 4.301680792169972456, 0.3000000000000634937, -39.03834671317407157 ) ) ;
#4566 = CARTESIAN_POINT ( 'NONE',  ( -4.494612133933040710, 2.132512070963935209E-15, -39.45794175578115670 ) ) ;
#4567 = CARTESIAN_POINT ( 'NONE',  ( 1.345263089074014928, 4.291214279556695144E-14, -27.40368906656900094 ) ) ;
#4568 = EDGE_CURVE ( 'NONE', #4289, #3651, #6250, .T. ) ;
#4569 = DIRECTION ( 'NONE',  ( 1.000000000000000000, 0.000000000000000000, 0.000000000000000000 ) ) ;
#4570 = CARTESIAN_POINT ( 'NONE',  ( 0.7297105740347168412, 0.3000000000000385691, -32.99469642870953834 ) ) ;
#4571 = CARTESIAN_POINT ( 'NONE',  ( -5.400000000000009237, 1.399999999999992584, 3.184081677783115726E-16 ) ) ;
#4572 = CARTESIAN_POINT ( 'NONE',  ( -1.155485990674272045, 0.3000000000000254130, 42.45553992625413287 ) ) ;
#4573 = EDGE_CURVE ( 'NONE', #6192, #6239, #2994, .T. ) ;
#4574 = CARTESIAN_POINT ( 'NONE',  ( 4.379130661397380386, 0.3000000000000640488, 30.81067788251048256 ) ) ;
#4575 = VERTEX_POINT ( 'NONE', #2439 ) ;
#4576 = EDGE_LOOP ( 'NONE', ( #3140, #6124, #2049, #6271 ) ) ;
#4577 = EDGE_LOOP ( 'NONE', ( #5090, #1062, #2192, #1905 ) ) ;
#4578 = VECTOR ( 'NONE', #4872, 1000.000000000000000 ) ;
#4579 = CARTESIAN_POINT ( 'NONE',  ( -10.60000000000000497, 1.399999999999988809, 32.75000000000000000 ) ) ;
#4580 = CARTESIAN_POINT ( 'NONE',  ( -1.168869357638894879, 0.3000000000000253575, 19.63080003526475181 ) ) ;
#4581 = CARTESIAN_POINT ( 'NONE',  ( 4.277826605902769863, 0.3000000000000633271, 17.45885909928214730 ) ) ;
#4582 = CARTESIAN_POINT ( 'NONE',  ( 4.000000000000000000, 0.000000000000000000, -70.00000000000000000 ) ) ;
#4583 = DIRECTION ( 'NONE',  ( -1.000000000000000000, -6.982962677686267499E-15, 8.493092510093987318E-16 ) ) ;
#4584 = VERTEX_POINT ( 'NONE', #6443 ) ;
#4585 = CARTESIAN_POINT ( 'NONE',  ( 1.438918895087040628, 0.3000000000000435652, -31.54578881946581959 ) ) ;
#4586 = EDGE_CURVE ( 'NONE', #4677, #2388, #4492, .T. ) ;
#4587 = VERTEX_POINT ( 'NONE', #264 ) ;
#4588 = CARTESIAN_POINT ( 'NONE',  ( -4.213328176736474084, 4.065758146820641628E-15, 26.98967273954874102 ) ) ;
#4589 = DIRECTION ( 'NONE',  ( 1.000000000000000000, 0.000000000000000000, 0.000000000000000000 ) ) ;
#4590 = DIRECTION ( 'NONE',  ( 1.000000000000000000, 0.000000000000000000, 0.000000000000000000 ) ) ;
#4591 = EDGE_CURVE ( 'NONE', #2407, #1208, #3922, .T. ) ;
#4592 = CARTESIAN_POINT ( 'NONE',  ( 0.6463577751769004065, 0.3000000000000380140, -36.59201302590562221 ) ) ;
#4593 = CARTESIAN_POINT ( 'NONE',  ( 0.1928046332465163937, 3.486456841093956364E-14, -8.907617357042099115 ) ) ;
#4594 = VERTEX_POINT ( 'NONE', #2881 ) ;
#4595 = CARTESIAN_POINT ( 'NONE',  ( 4.391299438476544914, 6.423897871976613771E-14, -38.42828395631578076 ) ) ;
#4596 = DIRECTION ( 'NONE',  ( -0.000000000000000000, -0.000000000000000000, 1.000000000000000000 ) ) ;
#4597 = CARTESIAN_POINT ( 'NONE',  ( 0.1866346133907177407, 3.485709984540896755E-14, 44.26531709703705531 ) ) ;
#4598 = CARTESIAN_POINT ( 'NONE',  ( 1.648197029008590775, 4.502751919193445595E-14, 40.45161951423384750 ) ) ;
#4599 = CARTESIAN_POINT ( 'NONE',  ( -11.00000000000000000, 6.000000000000000000, -70.00000000000000000 ) ) ;
#4600 = CARTESIAN_POINT ( 'NONE',  ( -1.788982143740593056, 0.3000000000000210276, -30.85746477144643052 ) ) ;
#4601 = CARTESIAN_POINT ( 'NONE',  ( 4.277826605902761870, 0.3000000000000633271, -20.14142778184677596 ) ) ;
#4602 = CARTESIAN_POINT ( 'NONE',  ( -4.800000000000006928, -1.126885041513207204E-29, 18.38082586394415685 ) ) ;
#4603 = CARTESIAN_POINT ( 'NONE',  ( -3.438326009114588189, 0.3000000000000094813, 22.01904855834112595 ) ) ;
#4604 = CARTESIAN_POINT ( 'NONE',  ( -2.435888362454808220, 0.3000000000000165312, -29.43189876433645225 ) ) ;
#4605 = CARTESIAN_POINT ( 'NONE',  ( -1.289434242248550522, 2.466559942404522587E-14, -29.83271688885157857 ) ) ;
#4606 = CARTESIAN_POINT ( 'NONE',  ( 10.59999999999998010, 1.400000000000004796, -32.75000000000000000 ) ) ;
#4607 = ADVANCED_FACE ( 'NONE', ( #3448 ), #1368, .F. ) ;
#4608 = CARTESIAN_POINT ( 'NONE',  ( -1.624316733053017714, 0.3000000000000221378, 41.33588364029485973 ) ) ;
#4609 = ADVANCED_FACE ( 'NONE', ( #4902 ), #4458, .T. ) ;
#4610 = ORIENTED_EDGE ( 'NONE', *, *, #1140, .T. ) ;
#4611 = EDGE_LOOP ( 'NONE', ( #2936, #495, #2593, #1144 ) ) ;
#4612 = ORIENTED_EDGE ( 'NONE', *, *, #3951, .T. ) ;
#4613 = FACE_OUTER_BOUND ( 'NONE', #3935, .T. ) ;
#4614 = CARTESIAN_POINT ( 'NONE',  ( 0.4197502983940923915, 0.3000000000000364042, 29.89477234416537499 ) ) ;
#4615 = DIRECTION ( 'NONE',  ( 0.000000000000000000, -1.000000000000000000, 0.000000000000000000 ) ) ;
#4616 = CARTESIAN_POINT ( 'NONE',  ( -4.174721520575643829, 0.3000000000000043743, 37.37653426937444578 ) ) ;
#4617 = B_SPLINE_CURVE_WITH_KNOTS ( 'NONE', 3,
 ( #3750, #4852, #4412, #5297, #5328, #4600, #2042, #1541, #3593, #6645, #5646, #6146, #4101, #1053, #5105 ),
 .UNSPECIFIED., .F., .F.,
 ( 4, 1, 1, 1, 1, 1, 1, 1, 1, 1, 1, 1, 4 ),
 ( 0.000000000000000000, 0.06196885780174795494, 0.1275031183531113443, 0.1972591458298045275, 0.2761876151904314458, 0.3239992394032306655, 0.3830244142912403449, 0.4548749134693162444, 0.5388518610235155659, 0.6345563411628331041, 0.7436429989050329370, 0.8655896599986702133, 0.9999999999999998890 ),
 .UNSPECIFIED. ) ;
#4618 = AXIS2_PLACEMENT_3D ( 'NONE', #761, #881, #6367 ) ;
#4619 = DIRECTION ( 'NONE',  ( 1.019171101211278518E-15, 0.000000000000000000, 1.000000000000000000 ) ) ;
#4620 = DIRECTION ( 'NONE',  ( 0.000000000000000000, -1.000000000000000000, 0.000000000000000000 ) ) ;
#4621 = VERTEX_POINT ( 'NONE', #1931 ) ;
#4622 = CARTESIAN_POINT ( 'NONE',  ( -4.800000000000010481, 0.2999999999999999889, -6.978579203287758048 ) ) ;
#4623 = ORIENTED_EDGE ( 'NONE', *, *, #2158, .T. ) ;
#4624 = EDGE_CURVE ( 'NONE', #1443, #4113, #3699, .T. ) ;
#4625 = COLOUR_RGB ( '',0.7921568627450980005, 0.8196078431372548767, 0.9333333333333333481 ) ;
#4626 = ORIENTED_EDGE ( 'NONE', *, *, #5017, .T. ) ;
#4627 = DIRECTION ( 'NONE',  ( 2.123273127523496090E-16, 1.092853288766387385E-30, 1.000000000000000000 ) ) ;
#4628 = DIRECTION ( 'NONE',  ( 0.000000000000000000, 0.000000000000000000, 1.000000000000000000 ) ) ;
#4629 = CARTESIAN_POINT ( 'NONE',  ( 2.116357668861257313, 4.846383711010204820E-14, 39.88281877441612977 ) ) ;
#4630 = VECTOR ( 'NONE', #2831, 1000.000000000000000 ) ;
#4631 = EDGE_CURVE ( 'NONE', #5455, #6057, #2308, .T. ) ;
#4632 = CARTESIAN_POINT ( 'NONE',  ( 2.121842787000852049, 4.840962700147777298E-14, -32.22451143794588546 ) ) ;
#4633 = CARTESIAN_POINT ( 'NONE',  ( 2.948643856937713359, 5.410849085567911814E-14, -27.83750895530594960 ) ) ;
#4634 = ORIENTED_EDGE ( 'NONE', *, *, #5384, .F. ) ;
#4635 = CARTESIAN_POINT ( 'NONE',  ( 3.810881282776116930, 6.017322057294549609E-14, 43.11153873324303731 ) ) ;
#4636 = B_SPLINE_SURFACE_WITH_KNOTS ( 'NONE', 3, 1, ( 
 ( #2970, #2459 ),
 ( #1301, #1859 ),
 ( #4423, #5405 ),
 ( #2847, #4896 ),
 ( #3917, #5970 ),
 ( #1362, #2908 ),
 ( #3413, #2393 ),
 ( #3145, #5587 ),
 ( #1588, #6592 ),
 ( #986, #3039 ),
 ( #5084, #6098 ) ),
 .UNSPECIFIED., .F., .F., .F.,
 ( 4, 1, 1, 1, 1, 1, 1, 1, 4 ),
 ( 2, 2 ),
 ( 0.000000000000000000, 0.1314695072733020609, 0.2603570407267062903, 0.3872900060521315968, 0.5125221014239876860, 0.6363758010241361562, 0.7584642406616968202, 0.8795863584309627781, 1.000000000000000000 ),
 ( 0.000000000000000000, 1.000000000000000000 ),
 .UNSPECIFIED. ) ;
#4637 = CARTESIAN_POINT ( 'NONE',  ( 0.4771993274052295231, 0.3000000000000368483, 44.40054452501518512 ) ) ;
#4638 = DIRECTION ( 'NONE',  ( -7.228014483236701486E-16, 1.000000000000000000, 0.000000000000000000 ) ) ;
#4639 = CARTESIAN_POINT ( 'NONE',  ( 1.345263089074028695, 4.291214279556695144E-14, 44.53808678521050979 ) ) ;
#4640 = CARTESIAN_POINT ( 'NONE',  ( 2.515300031347116771, 5.108246709497421380E-14, -40.42143709058872503 ) ) ;
#4641 = LINE ( 'NONE', #34, #1226 ) ;
#4642 = DIRECTION ( 'NONE',  ( 0.000000000000000000, -1.000000000000000000, 0.000000000000000000 ) ) ;
#4643 = VERTEX_POINT ( 'NONE', #4871 ) ;
#4644 = CARTESIAN_POINT ( 'NONE',  ( 7.999999999999983125, 1.400000000000002798, -65.50000000000000000 ) ) ;
#4645 = CARTESIAN_POINT ( 'NONE',  ( 4.389964219678202717, 6.418476861114186249E-14, -32.02007688383069706 ) ) ;
#4646 = AXIS2_PLACEMENT_3D ( 'NONE', #4109, #1548, #4001 ) ;
#4647 = ORIENTED_EDGE ( 'NONE', *, *, #5990, .F. ) ;
#4648 = VERTEX_POINT ( 'NONE', #5945 ) ;
#4649 = CARTESIAN_POINT ( 'NONE',  ( 4.277826605902760093, 6.339012438352647476E-14, -26.04201507568359730 ) ) ;
#4650 = CARTESIAN_POINT ( 'NONE',  ( -4.000000000000000888, 6.000000000000000000, -70.00000000000000000 ) ) ;
#4651 = CARTESIAN_POINT ( 'NONE',  ( -4.733827212008957730, 0.3000000000000004885, 38.76730345319644044 ) ) ;
#4652 = PLANE ( 'NONE',  #434 ) ;
#4653 = AXIS2_PLACEMENT_3D ( 'NONE', #574, #6184, #1088 ) ;
#4654 = ADVANCED_FACE ( 'NONE', ( #5496 ), #3418, .T. ) ;
#4655 = CARTESIAN_POINT ( 'NONE',  ( -4.800000000000014921, -1.664098505109217453E-29, -20.14142778184677240 ) ) ;
#4656 = VERTEX_POINT ( 'NONE', #354 ) ;
#4657 = CARTESIAN_POINT ( 'NONE',  ( 3.770744885338658481, 5.984919165429042893E-14, -35.57373301188150805 ) ) ;
#4658 = ORIENTED_EDGE ( 'NONE', *, *, #3677, .T. ) ;
#4659 = CARTESIAN_POINT ( 'NONE',  ( -4.909480335110973925, -7.644970940204943190E-16, 30.46645585955326396 ) ) ;
#4660 = CARTESIAN_POINT ( 'NONE',  ( 4.045621532888014293, 6.176864502509498683E-14, 37.24249604392226587 ) ) ;
#4661 = CARTESIAN_POINT ( 'NONE',  ( 1.648197029008590775, 0.3000000000000450084, 40.45161951423384750 ) ) ;
#4662 = EDGE_CURVE ( 'NONE', #3324, #5962, #4016, .T. ) ;
#4663 = CARTESIAN_POINT ( 'NONE',  ( 2.121842787000852049, 0.3000000000000483391, -32.22451143794588546 ) ) ;
#4664 = CARTESIAN_POINT ( 'NONE',  ( 1.438918895087040628, 0.3000000000000435652, -31.54578881946581959 ) ) ;
#4665 = ORIENTED_EDGE ( 'NONE', *, *, #4918, .T. ) ;
#4666 = FACE_OUTER_BOUND ( 'NONE', #702, .T. ) ;
#4667 = CARTESIAN_POINT ( 'NONE',  ( -4.872930816273071564, 0.2999999999999994893, 39.65920111904510037 ) ) ;
#4668 = CARTESIAN_POINT ( 'NONE',  ( 2.054320344270550880, 4.786346314494694236E-14, 40.16227188247221846 ) ) ;
#4669 = CARTESIAN_POINT ( 'NONE',  ( -3.628049532866302496, 8.183686372091705835E-15, -39.88144297843886932 ) ) ;
#4670 = CARTESIAN_POINT ( 'NONE',  ( -0.6965039581632890275, 2.867714746224159228E-14, -39.70100431304641830 ) ) ;
#4671 = DIRECTION ( 'NONE',  ( 0.000000000000000000, 0.000000000000000000, -1.000000000000000000 ) ) ;
#4672 = DIRECTION ( 'NONE',  ( 0.000000000000000000, 0.000000000000000000, 1.000000000000000000 ) ) ;
#4673 = CARTESIAN_POINT ( 'NONE',  ( -3.438326009114589521, 9.508518657528963011E-15, 18.82053309016756870 ) ) ;
#4674 = CARTESIAN_POINT ( 'NONE',  ( 2.121842787000866259, 0.3000000000000483391, 39.71726441383362527 ) ) ;
#4675 = EDGE_CURVE ( 'NONE', #5802, #4408, #3056, .T. ) ;
#4676 = CARTESIAN_POINT ( 'NONE',  ( 4.387320004892061753, 0.3000000000000641043, -32.34906462542820549 ) ) ;
#4677 = VERTEX_POINT ( 'NONE', #4088 ) ;
#4678 = VERTEX_POINT ( 'NONE', #488 ) ;
#4679 = VERTEX_POINT ( 'NONE', #1561 ) ;
#4680 = AXIS2_PLACEMENT_3D ( 'NONE', #6244, #1637, #6374 ) ;
#4681 = CARTESIAN_POINT ( 'NONE',  ( 3.770744885338658481, 5.984919165429042893E-14, -35.57373301188150805 ) ) ;
#4682 = DIRECTION ( 'NONE',  ( -1.000000000000000000, -6.672013369141575078E-16, 0.000000000000000000 ) ) ;
#4683 = CARTESIAN_POINT ( 'NONE',  ( -1.993320406807796097, 0.3000000000000195843, 36.25457000732422586 ) ) ;
#4684 = CARTESIAN_POINT ( 'NONE',  ( -4.913472832573801519, 0.2999999999999991562, -38.41941889127095067 ) ) ;
#4685 = CARTESIAN_POINT ( 'NONE',  ( 4.391299438476544026, 6.429318882839041294E-14, -31.85395171907212131 ) ) ;
#4686 = ORIENTED_EDGE ( 'NONE', *, *, #4703, .T. ) ;
#4687 = CARTESIAN_POINT ( 'NONE',  ( 1.125950384185440578, 0.3000000000000413447, -31.99731086207295405 ) ) ;
#4688 = CARTESIAN_POINT ( 'NONE',  ( -1.829057479843662515, 0.3000000000000207501, 43.41251035010368753 ) ) ;
#4689 = VECTOR ( 'NONE', #1341, 1000.000000000000000 ) ;
#4690 = ORIENTED_EDGE ( 'NONE', *, *, #2166, .F. ) ;
#4691 = ADVANCED_FACE ( 'NONE', ( #2980 ), #3117, .T. ) ;
#4692 = CARTESIAN_POINT ( 'NONE',  ( 5.399999999999986144, 1.400000000000000799, -32.75000000000000000 ) ) ;
#4693 = LINE ( 'NONE', #3285, #57 ) ;
#4694 = CARTESIAN_POINT ( 'NONE',  ( 1.607669014400904040, 4.488596994089988357E-14, 40.45306481255425979 ) ) ;
#4695 = EDGE_CURVE ( 'NONE', #5427, #2639, #4427, .T. ) ;
#4696 = DIRECTION ( 'NONE',  ( 0.000000000000000000, -1.000000000000000000, 0.000000000000000000 ) ) ;
#4697 = AXIS2_PLACEMENT_3D ( 'NONE', #4788, #4888, #6429 ) ;
#4698 = CARTESIAN_POINT ( 'NONE',  ( -2.271281496494544694, 1.783512573738654794E-14, 42.82347381096023042 ) ) ;
#4699 = ADVANCED_FACE ( 'NONE', ( #4053 ), #4557, .T. ) ;
#4700 = CARTESIAN_POINT ( 'NONE',  ( 0.8433027952743146205, 0.3000000000000394018, -32.68593253902218976 ) ) ;
#4701 = VECTOR ( 'NONE', #4590, 1000.000000000000000 ) ;
#4702 = ORIENTED_EDGE ( 'NONE', *, *, #1343, .F. ) ;
#4703 = EDGE_CURVE ( 'NONE', #474, #3746, #972, .T. ) ;
#4704 = CARTESIAN_POINT ( 'NONE',  ( 1.467831074421188653, 0.3000000000000437317, 44.53499344704470531 ) ) ;
#4705 = CARTESIAN_POINT ( 'NONE',  ( -2.152891577614678642, 0.3000000000000184741, 40.90695614284940262 ) ) ;
#4706 = CARTESIAN_POINT ( 'NONE',  ( 1.343368982643654563, 0.3000000000000428435, -40.39725999697628822 ) ) ;
#4707 = CARTESIAN_POINT ( 'NONE',  ( -4.405082435980616218, 2.873135757086586750E-15, 32.80907734666350706 ) ) ;
#4708 = CARTESIAN_POINT ( 'NONE',  ( -3.768604609063828992, 0.3000000000000072053, -36.95909097900806728 ) ) ;
#4709 = FACE_OUTER_BOUND ( 'NONE', #1806, .T. ) ;
#4710 = LINE ( 'NONE', #5108, #3466 ) ;
#4711 = CARTESIAN_POINT ( 'NONE',  ( -1.353292046776539914, 2.412349833780247366E-14, -28.12482704292614244 ) ) ;
#4712 = CARTESIAN_POINT ( 'NONE',  ( -0.3988799687781692804, 0.3000000000000306866, -28.14651947182681369 ) ) ;
#4713 = CARTESIAN_POINT ( 'NONE',  ( -2.133388434516076071, 0.3000000000000185851, -37.95666249593098485 ) ) ;
#4714 = CARTESIAN_POINT ( 'NONE',  ( 1.802439405049667709, 4.610458794714707151E-14, -40.44784041008060882 ) ) ;
#4715 = ORIENTED_EDGE ( 'NONE', *, *, #4214, .T. ) ;
#4716 = ORIENTED_EDGE ( 'NONE', *, *, #2366, .T. ) ;
#4717 = VERTEX_POINT ( 'NONE', #5561 ) ;
#4718 = CYLINDRICAL_SURFACE ( 'NONE', #3157, 2.599999999999996536 ) ;
#4719 = LINE ( 'NONE', #3718, #1547 ) ;
#4720 = DIRECTION ( 'NONE',  ( -1.000000000000000000, 0.000000000000000000, 8.493092510093982387E-16 ) ) ;
#4721 = LINE ( 'NONE', #4787, #587 ) ;
#4722 = PLANE ( 'NONE',  #231 ) ;
#4723 = ORIENTED_EDGE ( 'NONE', *, *, #3268, .F. ) ;
#4724 = LINE ( 'NONE', #1667, #4464 ) ;
#4725 = B_SPLINE_SURFACE_WITH_KNOTS ( 'NONE', 3, 1, ( 
 ( #4816, #6234 ),
 ( #212, #4406 ),
 ( #1817, #6425 ),
 ( #304, #2347 ),
 ( #2252, #241 ),
 ( #1254, #1847 ),
 ( #2281, #3304 ),
 ( #88, #2798 ),
 ( #5421, #1104 ),
 ( #4342, #3872 ),
 ( #1317, #4312 ),
 ( #2129, #1627 ),
 ( #2638, #3808 ),
 ( #3147, #5354 ),
 ( #4188, #5193 ),
 ( #815, #6391 ),
 ( #1784, #3841 ),
 ( #5892, #1284 ),
 ( #592, #4685 ) ),
 .UNSPECIFIED., .F., .F., .F.,
 ( 4, 1, 1, 1, 1, 1, 1, 1, 1, 1, 1, 1, 1, 1, 1, 1, 4 ),
 ( 2, 2 ),
 ( 0.000000000000000000, 0.06010494839182106697, 0.1167517350992661185, 0.1711356521932388686, 0.2236523954605229569, 0.2752383353370504437, 0.3269260845771740365, 0.3794276098946345877, 0.4340153052958315438, 0.4908666365111230001, 0.5508062224093613901, 0.6143876246633779292, 0.6819986453985109609, 0.7540653391070440970, 0.8309763590638535868, 0.9126792203682164706, 1.000000000000000000 ),
 ( 0.000000000000000000, 1.000000000000000000 ),
 .UNSPECIFIED. ) ;
#4726 = CARTESIAN_POINT ( 'NONE',  ( -1.353292046776525481, 0.3000000000000240252, 43.81694880885336829 ) ) ;
#4727 = ORIENTED_EDGE ( 'NONE', *, *, #403, .T. ) ;
#4728 = ORIENTED_EDGE ( 'NONE', *, *, #5184, .F. ) ;
#4729 = VECTOR ( 'NONE', #2114, 1000.000000000000000 ) ;
#4730 = CARTESIAN_POINT ( 'NONE',  ( -8.000000000000007105, 1.399999999999990585, 32.75000000000000000 ) ) ;
#4731 = CARTESIAN_POINT ( 'NONE',  ( 3.920659199530597938, 0.3000000000000608291, 36.80014037046908015 ) ) ;
#4732 = CARTESIAN_POINT ( 'NONE',  ( 1.956952577167069940, 0.3000000000000471179, -36.36804283989799558 ) ) ;
#4733 = CARTESIAN_POINT ( 'NONE',  ( 5.399999999999982592, 6.000000000000000888, -65.50000000000000000 ) ) ;
#4734 = AXIS2_PLACEMENT_3D ( 'NONE', #709, #6316, #3258 ) ;
#4735 = CARTESIAN_POINT ( 'NONE',  ( 3.427265561421345641, 5.745068835481891917E-14, -28.26445535381655461 ) ) ;
#4736 = EDGE_LOOP ( 'NONE', ( #4804, #2097 ) ) ;
#4737 = EDGE_CURVE ( 'NONE', #4253, #2873, #4244, .T. ) ;
#4738 = VECTOR ( 'NONE', #5803, 1000.000000000000000 ) ;
#4739 = LINE ( 'NONE', #4201, #3120 ) ;
#4740 = CARTESIAN_POINT ( 'NONE',  ( -4.909190001689810678, 0.2999999999999992117, -38.27167431880966575 ) ) ;
#4741 = EDGE_CURVE ( 'NONE', #3284, #4958, #2514, .T. ) ;
#4742 = CARTESIAN_POINT ( 'NONE',  ( 1.802439405049667709, 0.3000000000000460632, -40.44784041008060882 ) ) ;
#4743 = CARTESIAN_POINT ( 'NONE',  ( -4.907765321341845954, -7.525212168788691916E-16, -30.67744463318730297 ) ) ;
#4744 = CARTESIAN_POINT ( 'NONE',  ( -1.993320406807796097, 0.3000000000000195843, 36.25457000732422586 ) ) ;
#4745 = CARTESIAN_POINT ( 'NONE',  ( -0.5519886277944180408, 2.965292941747854627E-14, 36.69649484616916624 ) ) ;
#4746 = LINE ( 'NONE', #2829, #5379 ) ;
#4747 = CARTESIAN_POINT ( 'NONE',  ( 0.1054996166192711388, 3.425492073825677513E-14, -40.05693789329372123 ) ) ;
#4748 = EDGE_CURVE ( 'NONE', #251, #733, #6136, .T. ) ;
#4749 = ORIENTED_EDGE ( 'NONE', *, *, #987, .T. ) ;
#4750 = ORIENTED_EDGE ( 'NONE', *, *, #3579, .F. ) ;
#4751 = VERTEX_POINT ( 'NONE', #2468 ) ;
#4752 = CARTESIAN_POINT ( 'NONE',  ( -11.00000000000000000, 0.000000000000000000, 69.00000000000000000 ) ) ;
#4753 = PLANE ( 'NONE',  #3910 ) ;
#4754 = CARTESIAN_POINT ( 'NONE',  ( 1.949577699930620467, 0.3000000000000470624, -33.17875258114990089 ) ) ;
#4755 = LINE ( 'NONE', #1759, #4131 ) ;
#4756 = CARTESIAN_POINT ( 'NONE',  ( -4.905891476798524664, 0.2999999999999992117, -31.78705902630820646 ) ) ;
#4757 = DIRECTION ( 'NONE',  ( 5.837734231281781163E-16, 0.000000000000000000, 1.000000000000000000 ) ) ;
#4758 = DIRECTION ( 'NONE',  ( -7.228014483236701486E-16, 1.000000000000000000, -0.000000000000000000 ) ) ;
#4759 = ORIENTED_EDGE ( 'NONE', *, *, #909, .T. ) ;
#4760 = ORIENTED_EDGE ( 'NONE', *, *, #4372, .T. ) ;
#4761 = AXIS2_PLACEMENT_3D ( 'NONE', #1437, #2946, #927 ) ;
#4762 = CARTESIAN_POINT ( 'NONE',  ( -4.213328176736474084, 4.096707445899379460E-15, 26.98967273954874102 ) ) ;
#4763 = CARTESIAN_POINT ( 'NONE',  ( 0.9753325377482766623, 4.032893156232341000E-14, -27.42533679308770189 ) ) ;
#4764 = CARTESIAN_POINT ( 'NONE',  ( 0.9238103592362292282, 4.000706016471511361E-14, 39.46244363534153621 ) ) ;
#4765 = CARTESIAN_POINT ( 'NONE',  ( 4.299536451558359396, 6.354172342547785840E-14, -37.79914322861822029 ) ) ;
#4766 = CARTESIAN_POINT ( 'NONE',  ( -1.250427956051296752, 0.3000000000000247469, 43.89093703693814774 ) ) ;
#4767 = CARTESIAN_POINT ( 'NONE',  ( -4.538603004686842191, 0.3000000000000018208, 43.94876211339825289 ) ) ;
#4768 = AXIS2_PLACEMENT_3D ( 'NONE', #2479, #6576, #1972 ) ;
#4769 = VERTEX_POINT ( 'NONE', #6171 ) ;
#4770 = CARTESIAN_POINT ( 'NONE',  ( 0.2991870202482777574, 0.3000000000000355715, 37.90003160329904830 ) ) ;
#4771 = CARTESIAN_POINT ( 'NONE',  ( -4.889010603687366618, 0.2999999999999993783, -38.12748368598965953 ) ) ;
#4772 = CYLINDRICAL_SURFACE ( 'NONE', #1268, 2.599999999999996536 ) ;
#4773 = CARTESIAN_POINT ( 'NONE',  ( -0.3231421523624024017, 3.138765289345535336E-14, 35.34678734673394018 ) ) ;
#4774 = DIRECTION ( 'NONE',  ( 0.000000000000000000, -1.000000000000000000, 0.000000000000000000 ) ) ;
#4775 = CARTESIAN_POINT ( 'NONE',  ( -3.628004667521424143, 8.183999665120510853E-15, -36.93983173719639268 ) ) ;
#4776 = DIRECTION ( 'NONE',  ( 0.000000000000000000, -1.000000000000000000, 0.000000000000000000 ) ) ;
#4777 = DIRECTION ( 'NONE',  ( -1.000000000000000000, -6.982962677686266711E-15, 3.821891629542292715E-16 ) ) ;
#4778 = VECTOR ( 'NONE', #2595, 1000.000000000000000 ) ;
#4779 = AXIS2_PLACEMENT_3D ( 'NONE', #2310, #4368, #5823 ) ;
#4780 = EDGE_CURVE ( 'NONE', #1485, #5183, #1961, .T. ) ;
#4781 = CARTESIAN_POINT ( 'NONE',  ( -2.612166758377050702, 0.3000000000000152545, 41.32253933288067316 ) ) ;
#4782 = ORIENTED_EDGE ( 'NONE', *, *, #3628, .F. ) ;
#4783 = ORIENTED_EDGE ( 'NONE', *, *, #451, .F. ) ;
#4784 = ORIENTED_EDGE ( 'NONE', *, *, #5659, .T. ) ;
#4785 = DIRECTION ( 'NONE',  ( -7.228014483236701486E-16, 1.000000000000000000, 0.000000000000000000 ) ) ;
#4786 = EDGE_CURVE ( 'NONE', #5293, #4111, #5625, .T. ) ;
#4787 = CARTESIAN_POINT ( 'NONE',  ( -11.00000000000000000, -2.204364238465235033E-15, 70.00000000000000000 ) ) ;
#4788 = CARTESIAN_POINT ( 'NONE',  ( -11.00000000000000000, 0.9999999999999981126, -69.00000000000000000 ) ) ;
#4789 = CARTESIAN_POINT ( 'NONE',  ( -4.910895287143076438, -6.505213034913026604E-16, -31.44620828887031294 ) ) ;
#4790 = B_SPLINE_CURVE_WITH_KNOTS ( 'NONE', 3,
 ( #6144, #3703, #3125, #3199, #5174, #5757, #1539, #570, #2111, #6215, #713 ),
 .UNSPECIFIED., .F., .F.,
 ( 4, 1, 1, 1, 1, 1, 1, 1, 4 ),
 ( 0.000000000000000000, 0.1258739598263001191, 0.2545669303551294504, 0.3860733800226968659, 0.5213736630634558944, 0.6536977552827888394, 0.7770188289568252804, 0.8925946634827702786, 1.000000000000000000 ),
 .UNSPECIFIED. ) ;
#4791 = EDGE_LOOP ( 'NONE', ( #3195, #5119, #5358, #5362 ) ) ;
#4792 = CARTESIAN_POINT ( 'NONE',  ( 2.054320344270533560, 0.3000000000000478395, -31.77950396930728871 ) ) ;
#4793 = CARTESIAN_POINT ( 'NONE',  ( 7.999999999999983125, 1.400000000000002798, -32.75000000000000000 ) ) ;
#4794 = ORIENTED_EDGE ( 'NONE', *, *, #2267, .F. ) ;
#4795 = VERTEX_POINT ( 'NONE', #1635 ) ;
#4796 = VECTOR ( 'NONE', #3008, 1000.000000000000000 ) ;
#4797 = CARTESIAN_POINT ( 'NONE',  ( -1.014962439699567343, 2.643077601721869402E-14, -29.16375738059755562 ) ) ;
#4798 = CARTESIAN_POINT ( 'NONE',  ( 0.8433027952743297195, 3.946495907847236140E-14, 39.25584331275730676 ) ) ;
#4799 = CARTESIAN_POINT ( 'NONE',  ( 1.754970927894738963, 0.3000000000000457301, -36.37036819884966832 ) ) ;
#4800 = EDGE_CURVE ( 'NONE', #2225, #3064, #2207, .T. ) ;
#4801 = VECTOR ( 'NONE', #2249, 1000.000000000000000 ) ;
#4802 = CARTESIAN_POINT ( 'NONE',  ( -0.8499009820808967053, 0.3000000000000275779, 30.59703399081343278 ) ) ;
#4803 = CARTESIAN_POINT ( 'NONE',  ( -2.133388434516076071, 0.3000000000000185851, -38.86444515652125631 ) ) ;
#4804 = ORIENTED_EDGE ( 'NONE', *, *, #4409, .F. ) ;
#4805 = CARTESIAN_POINT ( 'NONE',  ( 1.405523301696085303, 4.331387679079590214E-14, 37.89463506792281322 ) ) ;
#4806 = B_SPLINE_SURFACE_WITH_KNOTS ( 'NONE', 3, 1, ( 
 ( #887, #2876 ),
 ( #1834, #5939 ),
 ( #3978, #6032 ),
 ( #2939, #6466 ),
 ( #4392, #1428 ),
 ( #6496, #6559 ),
 ( #4986, #6527 ),
 ( #377, #856 ),
 ( #2430, #3352 ),
 ( #5021, #829 ),
 ( #3473, #3886 ) ),
 .UNSPECIFIED., .F., .F., .F.,
 ( 4, 1, 1, 1, 1, 1, 1, 1, 4 ),
 ( 2, 2 ),
 ( 0.000000000000000000, 0.1494422361013142131, 0.2881908720082078657, 0.4213463886540441683, 0.5525102689378168508, 0.6757268801235779554, 0.7866394655402548786, 0.8920946412305869044, 0.9999999999999998890 ),
 ( 0.000000000000000000, 1.000000000000000000 ),
 .UNSPECIFIED. ) ;
#4807 = CARTESIAN_POINT ( 'NONE',  ( -4.811406417464779928, 0.2999999999999999334, -37.85435056928057662 ) ) ;
#4808 = CARTESIAN_POINT ( 'NONE',  ( 4.388907671279837608, 0.3000000000000641598, -31.67600165610951635 ) ) ;
#4809 = CARTESIAN_POINT ( 'NONE',  ( -4.405082435980616218, 0.3000000000000027645, 32.80907734666350706 ) ) ;
#4810 = VECTOR ( 'NONE', #1347, 1000.000000000000000 ) ;
#4811 = DIRECTION ( 'NONE',  ( -6.982962677686267499E-15, 1.000000000000000000, 1.453474091334276513E-30 ) ) ;
#4812 = CARTESIAN_POINT ( 'NONE',  ( -4.387515913052035366, 2.880360984297238479E-15, -37.27241522223654613 ) ) ;
#4813 = FACE_OUTER_BOUND ( 'NONE', #6585, .T. ) ;
#4814 = CARTESIAN_POINT ( 'NONE',  ( -1.566747100734717124, 2.257768432309037571E-14, 41.45311379135451801 ) ) ;
#4815 = CARTESIAN_POINT ( 'NONE',  ( -2.252638894129060265, 0.3000000000000177525, 40.91358316440700804 ) ) ;
#4816 = CARTESIAN_POINT ( 'NONE',  ( 1.345263089074015150, 0.3000000000000428990, -27.40368906656900450 ) ) ;
#4817 = ORIENTED_EDGE ( 'NONE', *, *, #260, .F. ) ;
#4818 = B_SPLINE_CURVE_WITH_KNOTS ( 'NONE', 3,
 ( #4121, #5557, #558, #447, #1033, #2533, #2499, #3545, #1494, #4083, #5526, #3982, #5127, #1432, #3477, #1956, #4013, #3614, #6629 ),
 .UNSPECIFIED., .F., .F.,
 ( 4, 1, 1, 1, 1, 1, 1, 1, 1, 1, 1, 1, 1, 1, 1, 1, 4 ),
 ( 0.000000000000000000, 0.09845803827519994389, 0.1893012954853399155, 0.2724514183616406071, 0.3482415831074450185, 0.4207593834583842063, 0.4942149931779742378, 0.5699857929989932126, 0.6486546974282442202, 0.6891802880778952201, 0.7299328568249912053, 0.7715985836368587369, 0.8144573034058887329, 0.8582139769225041181, 0.9036073271986464484, 0.9509891788839646143, 1.000000000000000000 ),
 .UNSPECIFIED. ) ;
#4819 = VERTEX_POINT ( 'NONE', #4291 ) ;
#4820 = ORIENTED_EDGE ( 'NONE', *, *, #393, .T. ) ;
#4821 = EDGE_CURVE ( 'NONE', #5411, #5832, #2336, .T. ) ;
#4822 = DIRECTION ( 'NONE',  ( -1.000000000000000000, -6.672013369141570147E-16, 0.000000000000000000 ) ) ;
#4823 = CARTESIAN_POINT ( 'NONE',  ( -4.500749147646372350, 2.222614453595284090E-15, -33.93539883271584046 ) ) ;
#4824 = ORIENTED_EDGE ( 'NONE', *, *, #6088, .F. ) ;
#4825 = CARTESIAN_POINT ( 'NONE',  ( 1.648197029008577008, 0.3000000000000450084, -31.49015633754567034 ) ) ;
#4826 = FACE_OUTER_BOUND ( 'NONE', #5304, .T. ) ;
#4827 = ORIENTED_EDGE ( 'NONE', *, *, #5357, .F. ) ;
#4828 = ORIENTED_EDGE ( 'NONE', *, *, #2806, .T. ) ;
#4829 = CARTESIAN_POINT ( 'NONE',  ( 1.112506423113550857, 4.128681168418227521E-14, 35.15240359038826767 ) ) ;
#4830 = DIRECTION ( 'NONE',  ( 1.000000000000000000, 0.000000000000000000, 0.000000000000000000 ) ) ;
#4831 = CARTESIAN_POINT ( 'NONE',  ( 1.890704615297241764, 0.3000000000000467293, -36.36880553438889763 ) ) ;
#4832 = EDGE_CURVE ( 'NONE', #342, #477, #4693, .T. ) ;
#4833 = CARTESIAN_POINT ( 'NONE',  ( -2.068540174841012380, 0.3000000000000190292, 43.12867366004707748 ) ) ;
#4834 = CARTESIAN_POINT ( 'NONE',  ( -4.656924429486201333, 9.215718466126787689E-16, 43.45466150084894252 ) ) ;
#4835 = ORIENTED_EDGE ( 'NONE', *, *, #6573, .F. ) ;
#4836 = EDGE_CURVE ( 'NONE', #2532, #1208, #2744, .T. ) ;
#4837 = CARTESIAN_POINT ( 'NONE',  ( 0.2092224859696477368, 0.3000000000000349609, 37.71973137853986202 ) ) ;
#4838 = DIRECTION ( 'NONE',  ( -0.000000000000000000, -0.000000000000000000, 1.000000000000000000 ) ) ;
#4839 = CARTESIAN_POINT ( 'NONE',  ( 3.427265561421345641, 0.3000000000000574429, -28.26445535381655461 ) ) ;
#4840 = FACE_OUTER_BOUND ( 'NONE', #619, .T. ) ;
#4841 = CIRCLE ( 'NONE', #320, 2.599999999999996536 ) ;
#4842 = CARTESIAN_POINT ( 'NONE',  ( -4.294139125907387111, 3.523657060577889411E-15, -27.21338292494417743 ) ) ;
#4843 = CARTESIAN_POINT ( 'NONE',  ( -1.357195341873262739, 0.3000000000000239697, 36.31782416974235161 ) ) ;
#4844 = CARTESIAN_POINT ( 'NONE',  ( -1.957170802894802941, 1.978668964786045592E-14, 40.95198493314992305 ) ) ;
#4845 = AXIS2_PLACEMENT_3D ( 'NONE', #5588, #5158, #2092 ) ;
#4846 = CARTESIAN_POINT ( 'NONE',  ( 7.999999999999983125, 1.400000000000002798, 32.75000000000000000 ) ) ;
#4847 = PLANE ( 'NONE',  #3939 ) ;
#4848 = ORIENTED_EDGE ( 'NONE', *, *, #6087, .T. ) ;
#4849 = ORIENTED_EDGE ( 'NONE', *, *, #2686, .T. ) ;
#4850 = VERTEX_POINT ( 'NONE', #5306 ) ;
#4851 = CARTESIAN_POINT ( 'NONE',  ( -4.800000000000013145, -1.046494936202703882E-29, -16.05640580919052240 ) ) ;
#4852 = CARTESIAN_POINT ( 'NONE',  ( -2.120720222317630022, 0.3000000000000186962, -31.03211546780569563 ) ) ;
#4853 = CARTESIAN_POINT ( 'NONE',  ( -0.3284646566163282877, 0.3000000000000311862, -35.04625391439333271 ) ) ;
#4854 = VERTEX_POINT ( 'NONE', #4227 ) ;
#4855 = DIRECTION ( 'NONE',  ( -4.246546255046991194E-16, 0.000000000000000000, -1.000000000000000000 ) ) ;
#4856 = LINE ( 'NONE', #249, #6016 ) ;
#4857 = ORIENTED_EDGE ( 'NONE', *, *, #4703, .F. ) ;
#4858 = ORIENTED_EDGE ( 'NONE', *, *, #5279, .F. ) ;
#4859 = B_SPLINE_CURVE_WITH_KNOTS ( 'NONE', 3,
 ( #6467, #6407, #2432, #3475, #2302, #1861, #2941, #4361, #4988, #5940, #1334 ),
 .UNSPECIFIED., .F., .F.,
 ( 4, 1, 1, 1, 1, 1, 1, 1, 4 ),
 ( 0.000000000000000000, 0.1359826728439911259, 0.2693664966883814182, 0.4013714352847821409, 0.5341298545672922282, 0.6621877169219991810, 0.7809226503997456215, 0.8930285102126842567, 1.000000000000000000 ),
 .UNSPECIFIED. ) ;
#4860 = CARTESIAN_POINT ( 'NONE',  ( -10.60000000000000497, 1.399999999999988809, 65.50000000000000000 ) ) ;
#4861 = EDGE_CURVE ( 'NONE', #6275, #5966, #1377, .T. ) ;
#4862 = CARTESIAN_POINT ( 'NONE',  ( 1.580610470578370785, 4.461491939777850746E-14, 40.44997971221176414 ) ) ;
#4863 = CARTESIAN_POINT ( 'NONE',  ( 3.770744885338658481, 0.3000000000000598299, -35.57373301188150805 ) ) ;
#4864 = CARTESIAN_POINT ( 'NONE',  ( -0.1284804736280600879, 3.262104650073797786E-14, -34.81155002848446856 ) ) ;
#4865 = DIRECTION ( 'NONE',  ( 1.000000000000000000, 0.000000000000000000, 0.000000000000000000 ) ) ;
#4866 = CARTESIAN_POINT ( 'NONE',  ( 4.384278014953318703, 6.413347059991364213E-14, -31.33155022457640726 ) ) ;
#4867 = VERTEX_POINT ( 'NONE', #3946 ) ;
#4868 = CARTESIAN_POINT ( 'NONE',  ( 0.9486119494961858800, 0.3000000000000400679, 37.45837019234615894 ) ) ;
#4869 = EDGE_CURVE ( 'NONE', #4867, #2532, #5905, .T. ) ;
#4870 = EDGE_CURVE ( 'NONE', #5775, #5479, #908, .T. ) ;
#4871 = CARTESIAN_POINT ( 'NONE',  ( -4.913472832573801519, -7.923765547940862002E-16, -38.41941889127095067 ) ) ;
#4872 = DIRECTION ( 'NONE',  ( 0.000000000000000000, -1.000000000000000000, 0.000000000000000000 ) ) ;
#4873 = CARTESIAN_POINT ( 'NONE',  ( -4.911550313876370311, -7.789516784827688912E-16, -31.07082166843158433 ) ) ;
#4874 = CARTESIAN_POINT ( 'NONE',  ( -10.60000000000000853, 5.999999999999988454, 32.75000000000000000 ) ) ;
#4875 = AXIS2_PLACEMENT_3D ( 'NONE', #1683, #6216, #3663 ) ;
#4876 = CARTESIAN_POINT ( 'NONE',  ( -4.800000000000010481, 0.2999999999999999889, -6.978579203287758048 ) ) ;
#4877 = VECTOR ( 'NONE', #3482, 1000.000000000000000 ) ;
#4878 = CARTESIAN_POINT ( 'NONE',  ( -2.152891577614678642, 1.843143693225357538E-14, 40.90695614284940262 ) ) ;
#4879 = CARTESIAN_POINT ( 'NONE',  ( -3.903127820947815962E-15, 5.999999999999996447, 70.00000000000000000 ) ) ;
#4880 = DIRECTION ( 'NONE',  ( -7.228014483236701486E-16, 1.000000000000000000, 0.000000000000000000 ) ) ;
#4881 = CARTESIAN_POINT ( 'NONE',  ( -1.957170802894818262, 0.3000000000000198064, -30.98979091862958057 ) ) ;
#4882 = DIRECTION ( 'NONE',  ( -1.000000000000000000, 0.000000000000000000, 4.306356765681455539E-16 ) ) ;
#4883 = ORIENTED_EDGE ( 'NONE', *, *, #4488, .F. ) ;
#4884 = AXIS2_PLACEMENT_3D ( 'NONE', #1625, #3721, #3683 ) ;
#4885 = VERTEX_POINT ( 'NONE', #5873 ) ;
#4886 = EDGE_CURVE ( 'NONE', #3064, #3115, #3885, .T. ) ;
#4887 = CARTESIAN_POINT ( 'NONE',  ( -3.903127820947815962E-15, 5.999999999999996447, 70.00000000000000000 ) ) ;
#4888 = DIRECTION ( 'NONE',  ( -0.000000000000000000, -0.000000000000000000, -1.000000000000000000 ) ) ;
#4889 = PLANE ( 'NONE',  #6550 ) ;
#4890 = CARTESIAN_POINT ( 'NONE',  ( 1.112506423113550857, 4.147073309757054460E-14, 35.15240359038826767 ) ) ;
#4891 = ORIENTED_EDGE ( 'NONE', *, *, #4542, .T. ) ;
#4892 = CARTESIAN_POINT ( 'NONE',  ( -3.484424347347701012, 0.3000000000000091482, -39.88570064968532591 ) ) ;
#4893 = CARTESIAN_POINT ( 'NONE',  ( 1.548059294011121301, 4.432826112581920246E-14, -36.39225876287695627 ) ) ;
#4894 = VERTEX_POINT ( 'NONE', #5432 ) ;
#4895 = ORIENTED_EDGE ( 'NONE', *, *, #4900, .T. ) ;
#4896 = CARTESIAN_POINT ( 'NONE',  ( 4.355037564978148090, 6.391371806802048638E-14, 39.10425734668651643 ) ) ;
#4897 = CARTESIAN_POINT ( 'NONE',  ( -2.643576569760382800, 0.3000000000000150324, -37.22346242031920838 ) ) ;
#4898 = CARTESIAN_POINT ( 'NONE',  ( -2.639522353628265261, 0.3000000000000150324, 41.68571386343535323 ) ) ;
#4899 = CARTESIAN_POINT ( 'NONE',  ( -0.8962735356198848757, 2.725957620466253654E-14, 29.18167448491595550 ) ) ;
#4900 = EDGE_CURVE ( 'NONE', #6067, #3115, #2815, .T. ) ;
#4901 = EDGE_LOOP ( 'NONE', ( #4420, #186, #5222, #1772 ) ) ;
#4902 = FACE_OUTER_BOUND ( 'NONE', #6523, .T. ) ;
#4903 = EDGE_CURVE ( 'NONE', #5641, #6517, #314, .T. ) ;
#4904 = CARTESIAN_POINT ( 'NONE',  ( -2.164650103900743972, 0.3000000000000183631, -38.94092418594462401 ) ) ;
#4905 = CARTESIAN_POINT ( 'NONE',  ( -4.404532197742388355, 2.761536903391615628E-15, -27.51794067997075999 ) ) ;
#4906 = CIRCLE ( 'NONE', #4038, 1.000000000000000888 ) ;
#4907 = EDGE_CURVE ( 'NONE', #262, #4621, #2298, .T. ) ;
#4908 = CARTESIAN_POINT ( 'NONE',  ( -2.431381251695986734, 0.3000000000000165312, 41.01648237987053136 ) ) ;
#4909 = PLANE ( 'NONE',  #5580 ) ;
#4910 = DIRECTION ( 'NONE',  ( -1.000000000000000000, -6.672013369141575078E-16, 0.000000000000000000 ) ) ;
#4911 = CARTESIAN_POINT ( 'NONE',  ( -4.913472832573787308, 0.2999999999999991562, 40.67114541265701178 ) ) ;
#4912 = CARTESIAN_POINT ( 'NONE',  ( 7.999999999999983125, 1.400000000000002798, -32.75000000000000000 ) ) ;
#4913 = CARTESIAN_POINT ( 'NONE',  ( -1.678179693311566023, 2.184667377558291435E-14, -30.70377559626346553 ) ) ;
#4914 = CARTESIAN_POINT ( 'NONE',  ( -1.993320406807801204, 0.3000000000000195843, 9.361508687337231294 ) ) ;
#4915 = EDGE_LOOP ( 'NONE', ( #5689, #2051, #5268, #3861 ) ) ;
#4916 = AXIS2_PLACEMENT_3D ( 'NONE', #3923, #1468, #895 ) ;
#4917 = CARTESIAN_POINT ( 'NONE',  ( 4.391299438476544914, 0.3000000000000641598, -38.42828395631578076 ) ) ;
#4918 = EDGE_CURVE ( 'NONE', #5160, #4330, #1267, .T. ) ;
#4919 = DIRECTION ( 'NONE',  ( -4.246546255046991194E-16, 0.000000000000000000, -1.000000000000000000 ) ) ;
#4920 = CARTESIAN_POINT ( 'NONE',  ( 1.231587863774302516, 4.211835293992149691E-14, -31.79088326442203893 ) ) ;
#4921 = ORIENTED_EDGE ( 'NONE', *, *, #2297, .F. ) ;
#4922 = CARTESIAN_POINT ( 'NONE',  ( -0.9330779622009198748, 0.3000000000000269673, -37.26290035613008200 ) ) ;
#4923 = CARTESIAN_POINT ( 'NONE',  ( -0.1110369396601649655, 3.274285404740276384E-14, -36.86879813935501460 ) ) ;
#4924 = ORIENTED_EDGE ( 'NONE', *, *, #5907, .T. ) ;
#4925 = EDGE_LOOP ( 'NONE', ( #551, #4924, #3852, #2998 ) ) ;
#4926 = DIRECTION ( 'NONE',  ( -7.228014483236701486E-16, 1.000000000000000000, 0.000000000000000000 ) ) ;
#4927 = FACE_OUTER_BOUND ( 'NONE', #5903, .T. ) ;
#4928 = DIRECTION ( 'NONE',  ( 1.000000000000000000, 6.982962677686266711E-15, -3.821891629542292715E-16 ) ) ;
#4929 = CARTESIAN_POINT ( 'NONE',  ( -2.853615765255273828, 0.3000000000000135891, -37.08208778048196308 ) ) ;
#4930 = VERTEX_POINT ( 'NONE', #254 ) ;
#4931 = CARTESIAN_POINT ( 'NONE',  ( 1.725710773366319506, 0.3000000000000455636, 40.44885524152978462 ) ) ;
#4932 = FACE_OUTER_BOUND ( 'NONE', #4285, .T. ) ;
#4933 = LINE ( 'NONE', #6040, #2966 ) ;
#4934 = DIRECTION ( 'NONE',  ( -1.000000000000000000, -6.982962677686266711E-15, 3.821891629542292715E-16 ) ) ;
#4935 = CARTESIAN_POINT ( 'NONE',  ( -0.5849028221956501516, 2.949029909160572061E-14, 43.57672311509931973 ) ) ;
#4936 = B_SPLINE_CURVE_WITH_KNOTS ( 'NONE', 3,
 ( #835, #3449, #2401, #4398, #4459, #929, #5530, #1338, #6444, #5946, #5497, #386, #323, #2370, #2948, #2440, #1932, #3987, #1439 ),
 .UNSPECIFIED., .F., .F.,
 ( 4, 1, 1, 1, 1, 1, 1, 1, 1, 1, 1, 1, 1, 1, 1, 1, 4 ),
 ( 0.000000000000000000, 0.05788094285645361409, 0.1128528044494230831, 0.1655833948434750069, 0.2169635121761020746, 0.2681577282320923850, 0.3195925452859336713, 0.3724213661878509329, 0.4272619916366188209, 0.4848117811471501226, 0.5454334485380483155, 0.6099407695031813237, 0.6783204866915184539, 0.7510512415195391700, 0.8290369631912966053, 0.9119341134044181008, 1.000000000000000000 ),
 .UNSPECIFIED. ) ;
#4937 = CARTESIAN_POINT ( 'NONE',  ( -2.152891577614693741, 0.3000000000000184741, -31.03481970893010811 ) ) ;
#4938 = VECTOR ( 'NONE', #1748, 1000.000000000000000 ) ;
#4939 = DIRECTION ( 'NONE',  ( 0.000000000000000000, -1.000000000000000000, 0.000000000000000000 ) ) ;
#4940 = CARTESIAN_POINT ( 'NONE',  ( -0.7697009190416097546, 0.3000000000000281331, 30.79184494536619709 ) ) ;
#4941 = CARTESIAN_POINT ( 'NONE',  ( -2.152891577614693741, 0.3000000000000184741, -31.03481970893010811 ) ) ;
#4942 = CARTESIAN_POINT ( 'NONE',  ( -0.3284646566163282877, 3.117081245895825248E-14, -35.04625391439333271 ) ) ;
#4943 = EDGE_LOOP ( 'NONE', ( #4226, #3686, #5235, #6240 ) ) ;
#4944 = AXIS2_PLACEMENT_3D ( 'NONE', #3990, #494, #6174 ) ;
#4945 = CARTESIAN_POINT ( 'NONE',  ( 1.750000000000000000, 5.000000000000000000, -62.00000000000000000 ) ) ;
#4946 = EDGE_CURVE ( 'NONE', #2106, #3407, #1892, .T. ) ;
#4947 = CARTESIAN_POINT ( 'NONE',  ( -1.883183696199259405, 0.3000000000000203615, -35.68394908050886727 ) ) ;
#4948 = ORIENTED_EDGE ( 'NONE', *, *, #4105, .T. ) ;
#4949 = FACE_OUTER_BOUND ( 'NONE', #1601, .T. ) ;
#4950 = ORIENTED_EDGE ( 'NONE', *, *, #1883, .T. ) ;
#4951 = ORIENTED_EDGE ( 'NONE', *, *, #6533, .F. ) ;
#4952 = DIRECTION ( 'NONE',  ( -1.000000000000000000, -7.506015040284271099E-16, 0.000000000000000000 ) ) ;
#4953 = DIRECTION ( 'NONE',  ( 0.000000000000000000, -1.000000000000000000, 0.000000000000000000 ) ) ;
#4954 = DIRECTION ( 'NONE',  ( -1.000000000000000000, -6.982962677686266711E-15, 6.180696507661572586E-16 ) ) ;
#4955 = CARTESIAN_POINT ( 'NONE',  ( -0.9227333037972433871, 0.3000000000000270228, 29.38118065765076281 ) ) ;
#4956 = DIRECTION ( 'NONE',  ( 6.982962677686261977E-15, -1.000000000000000000, 1.651388286936480064E-29 ) ) ;
#4957 = CARTESIAN_POINT ( 'NONE',  ( -2.224604435562166138, 1.805196617188364883E-14, -37.72889999988812804 ) ) ;
#4958 = VERTEX_POINT ( 'NONE', #4860 ) ;
#4959 = FACE_OUTER_BOUND ( 'NONE', #5422, .T. ) ;
#4960 = DIRECTION ( 'NONE',  ( -1.000000000000000000, -7.228014483236701486E-16, 0.000000000000000000 ) ) ;
#4961 = CARTESIAN_POINT ( 'NONE',  ( -1.300000000000000044, 5.000000000000000000, -70.00000000000000000 ) ) ;
#4962 = AXIS2_PLACEMENT_3D ( 'NONE', #4341, #2280, #6480 ) ;
#4963 = LINE ( 'NONE', #3955, #1789 ) ;
#4964 = DIRECTION ( 'NONE',  ( 2.803450593589759788E-16, 1.338355820883037717E-30, 1.000000000000000000 ) ) ;
#4965 = ORIENTED_EDGE ( 'NONE', *, *, #5797, .T. ) ;
#4966 = CARTESIAN_POINT ( 'NONE',  ( 4.257303562664918495, 0.3000000000000632161, 28.80576282271968580 ) ) ;
#4967 = CARTESIAN_POINT ( 'NONE',  ( 1.949577699930638452, 4.713204916875917751E-14, 38.76302327062960273 ) ) ;
#4968 = CARTESIAN_POINT ( 'NONE',  ( 4.389416598550170079, 6.423897871976613771E-14, -38.49934619490097987 ) ) ;
#4969 = AXIS2_PLACEMENT_3D ( 'NONE', #4730, #672, #1110 ) ;
#4970 = CARTESIAN_POINT ( 'NONE',  ( -0.9381326144339934281, 0.3000000000000269118, 30.09453289248567742 ) ) ;
#4971 = CARTESIAN_POINT ( 'NONE',  ( -1.788982143740593056, 2.108773225484306124E-14, -30.85746477144643052 ) ) ;
#4972 = CARTESIAN_POINT ( 'NONE',  ( 0.2991870202482602159, 3.556183125752454544E-14, -34.04174424848046243 ) ) ;
#4973 = ORIENTED_EDGE ( 'NONE', *, *, #4886, .T. ) ;
#4974 = ADVANCED_FACE ( 'NONE', ( #6495 ), #1858, .T. ) ;
#4975 = CARTESIAN_POINT ( 'NONE',  ( -1.067966057167509364, 0.3000000000000260236, -35.53263437711853356 ) ) ;
#4976 = CARTESIAN_POINT ( 'NONE',  ( -0.1556979415720737003, 3.258027528318940824E-14, 35.34214618090872051 ) ) ;
#4977 = ORIENTED_EDGE ( 'NONE', *, *, #2642, .T. ) ;
#4978 = DIRECTION ( 'NONE',  ( 0.000000000000000000, -1.000000000000000000, 0.000000000000000000 ) ) ;
#4979 = EDGE_LOOP ( 'NONE', ( #2603, #581, #5680, #1470 ) ) ;
#4980 = EDGE_CURVE ( 'NONE', #4039, #3547, #2177, .T. ) ;
#4981 = ORIENTED_EDGE ( 'NONE', *, *, #4421, .F. ) ;
#4982 = VECTOR ( 'NONE', #1833, 1000.000000000000000 ) ;
#4983 = CARTESIAN_POINT ( 'NONE',  ( 1.833044930724993860, 4.634964287375531455E-14, -31.53047716418617341 ) ) ;
#4984 = DIRECTION ( 'NONE',  ( -1.000000000000000000, -6.672013369141570147E-16, 0.000000000000000000 ) ) ;
#4985 = CARTESIAN_POINT ( 'NONE',  ( -1.250427956051311629, 0.3000000000000247469, -28.05083881484136299 ) ) ;
#4986 = CARTESIAN_POINT ( 'NONE',  ( -2.431381251696000945, 0.3000000000000165312, -30.92529347190896871 ) ) ;
#4987 = CARTESIAN_POINT ( 'NONE',  ( 4.277826605902761870, 0.3000000000000633271, -16.05640580919052596 ) ) ;
#4988 = CARTESIAN_POINT ( 'NONE',  ( -2.630319005954915745, 0.3000000000000150879, -30.05188945630265351 ) ) ;
#4989 = CARTESIAN_POINT ( 'NONE',  ( 2.948643856937727126, 0.3000000000000540568, 44.10426689647356824 ) ) ;
#4990 = VECTOR ( 'NONE', #4358, 1000.000000000000000 ) ;
#4991 = CARTESIAN_POINT ( 'NONE',  ( -2.630319005954901979, 1.528725063204561252E-14, 41.88988639547685011 ) ) ;
#4992 = ORIENTED_EDGE ( 'NONE', *, *, #4631, .T. ) ;
#4993 = CARTESIAN_POINT ( 'NONE',  ( -8.000000000000010658, 5.999999999999990230, 32.75000000000000000 ) ) ;
#4994 = CARTESIAN_POINT ( 'NONE',  ( 2.095493847130323051, 0.3000000000000481171, 40.03431673722899831 ) ) ;
#4995 = CARTESIAN_POINT ( 'NONE',  ( -2.496294679689194496, 0.3000000000000160871, -39.46993800911575079 ) ) ;
#4996 = EDGE_CURVE ( 'NONE', #6298, #5427, #6103, .T. ) ;
#4997 = CARTESIAN_POINT ( 'NONE',  ( -8.000000000000010658, 5.999999999999990230, 0.000000000000000000 ) ) ;
#4998 = CARTESIAN_POINT ( 'NONE',  ( 0.4180257392988793175, 3.643727898873038172E-14, 29.99297683427313288 ) ) ;
#4999 = ORIENTED_EDGE ( 'NONE', *, *, #1545, .T. ) ;
#5000 = CARTESIAN_POINT ( 'NONE',  ( 3.137878337924103977, 0.3000000000000554445, -36.59120544113384454 ) ) ;
#5001 = VECTOR ( 'NONE', #4583, 1000.000000000000000 ) ;
#5002 = DIRECTION ( 'NONE',  ( 2.123273127523496090E-16, 1.092853288766387385E-30, 1.000000000000000000 ) ) ;
#5003 = PLANE ( 'NONE',  #5545 ) ;
#5004 = CARTESIAN_POINT ( 'NONE',  ( 3.483516777886278781, 0.3000000000000578315, 26.60937923855251697 ) ) ;
#5005 = CARTESIAN_POINT ( 'NONE',  ( 4.151845596625311607, 0.3000000000000624945, -34.24776298593714330 ) ) ;
#5006 = CARTESIAN_POINT ( 'NONE',  ( 4.277826605902769863, 0.3000000000000633271, 17.45885909928214730 ) ) ;
#5007 = CARTESIAN_POINT ( 'NONE',  ( 0.7619418091243989055, 0.3000000000000387912, -32.90889445940651825 ) ) ;
#5008 = EDGE_LOOP ( 'NONE', ( #2789, #3378, #559, #3826 ) ) ;
#5009 = CIRCLE ( 'NONE', #2423, 2.599999999999996536 ) ;
#5010 = CARTESIAN_POINT ( 'NONE',  ( -0.2557676580217192464, 3.176712365382527992E-14, 31.14829254150390980 ) ) ;
#5011 = CARTESIAN_POINT ( 'NONE',  ( 1.345263089074014928, 0.3000000000000428990, -27.40368906656900094 ) ) ;
#5012 = AXIS2_PLACEMENT_3D ( 'NONE', #2866, #5393, #1260 ) ;
#5013 = VECTOR ( 'NONE', #776, 1000.000000000000000 ) ;
#5014 = VERTEX_POINT ( 'NONE', #6060 ) ;
#5015 = ADVANCED_FACE ( 'NONE', ( #6097 ), #1458, .T. ) ;
#5016 = VERTEX_POINT ( 'NONE', #1068 ) ;
#5017 = EDGE_CURVE ( 'NONE', #2225, #6067, #441, .T. ) ;
#5018 = CARTESIAN_POINT ( 'NONE',  ( 0.4180257392988793175, 0.3000000000000364042, 29.99297683427313288 ) ) ;
#5019 = CARTESIAN_POINT ( 'NONE',  ( 0.000000000000000000, 5.000000000000000000, 70.00000000000000000 ) ) ;
#5020 = CARTESIAN_POINT ( 'NONE',  ( -4.800000000000014033, 0.2999999999999999889, -26.04201507568359375 ) ) ;
#5021 = CARTESIAN_POINT ( 'NONE',  ( -2.186394262467371341, 0.3000000000000182521, -31.03259385441577933 ) ) ;
#5022 = CARTESIAN_POINT ( 'NONE',  ( 4.277826605902770751, 6.339012438352648739E-14, 13.44653065999347952 ) ) ;
#5023 = DIRECTION ( 'NONE',  ( 0.000000000000000000, 0.000000000000000000, 1.000000000000000000 ) ) ;
#5024 = PLANE ( 'NONE',  #115 ) ;
#5025 = DIRECTION ( 'NONE',  ( -7.228014483236701486E-16, 1.000000000000000000, 0.000000000000000000 ) ) ;
#5026 = ORIENTED_EDGE ( 'NONE', *, *, #5785, .T. ) ;
#5027 = CARTESIAN_POINT ( 'NONE',  ( -4.913472832573789972, -8.673617379884035472E-16, 30.27774315410190198 ) ) ;
#5028 = CARTESIAN_POINT ( 'NONE',  ( -2.642468278345896149, 1.506596348823479922E-14, 41.53978092692938162 ) ) ;
#5029 = FACE_OUTER_BOUND ( 'NONE', #7, .T. ) ;
#5030 = EDGE_CURVE ( 'NONE', #5183, #4000, #2528, .T. ) ;
#5031 = CARTESIAN_POINT ( 'NONE',  ( 2.111520788161223017, 0.3000000000000482281, -32.54983468312585160 ) ) ;
#5032 = CARTESIAN_POINT ( 'NONE',  ( -4.800000000000014921, 0.2999999999999999889, -20.14142778184677240 ) ) ;
#5033 = ORIENTED_EDGE ( 'NONE', *, *, #3088, .T. ) ;
#5034 = CARTESIAN_POINT ( 'NONE',  ( 4.385525955529536724, 0.3000000000000641043, -38.21088805528329146 ) ) ;
#5035 = CARTESIAN_POINT ( 'NONE',  ( 3.550857735023134509, 5.838428698834441377E-14, -40.01269857978888922 ) ) ;
#5036 = LINE ( 'NONE', #6479, #1617 ) ;
#5037 = LINE ( 'NONE', #2481, #2296 ) ;
#5038 = CARTESIAN_POINT ( 'NONE',  ( -4.385618206499353633, 0.3000000000000028200, 27.40649072129292207 ) ) ;
#5039 = LINE ( 'NONE', #843, #1897 ) ;
#5040 = EDGE_LOOP ( 'NONE', ( #5335, #5846, #6155, #1983 ) ) ;
#5041 = VECTOR ( 'NONE', #4934, 1000.000000000000000 ) ;
#5042 = CARTESIAN_POINT ( 'NONE',  ( -2.152891577614678642, 0.3000000000000184741, 40.90695614284940262 ) ) ;
#5043 = ORIENTED_EDGE ( 'NONE', *, *, #5289, .T. ) ;
#5044 = VECTOR ( 'NONE', #1701, 1000.000000000000000 ) ;
#5045 = ORIENTED_EDGE ( 'NONE', *, *, #2424, .F. ) ;
#5046 = ORIENTED_EDGE ( 'NONE', *, *, #4573, .T. ) ;
#5047 = PLANE ( 'NONE',  #462 ) ;
#5048 = DIRECTION ( 'NONE',  ( 0.000000000000000000, 1.000000000000000000, 0.000000000000000000 ) ) ;
#5049 = LINE ( 'NONE', #3472, #896 ) ;
#5050 = CARTESIAN_POINT ( 'NONE',  ( -2.966531372544277900, 0.3000000000000127565, 36.40471377469565084 ) ) ;
#5051 = VECTOR ( 'NONE', #2053, 1000.000000000000000 ) ;
#5052 = CARTESIAN_POINT ( 'NONE',  ( -4.174721520575658040, 0.3000000000000043743, -34.56524158240507205 ) ) ;
#5053 = DIRECTION ( 'NONE',  ( -1.000000000000000000, 0.000000000000000000, 3.821891629542292715E-16 ) ) ;
#5054 = CARTESIAN_POINT ( 'NONE',  ( -1.289434242248550522, 0.3000000000000244693, -29.83271688885157857 ) ) ;
#5055 = CYLINDRICAL_SURFACE ( 'NONE', #6301, 2.599999999999996536 ) ;
#5056 = ORIENTED_EDGE ( 'NONE', *, *, #1862, .F. ) ;
#5057 = EDGE_CURVE ( 'NONE', #5715, #2071, #3074, .T. ) ;
#5058 = CARTESIAN_POINT ( 'NONE',  ( -4.539947098345828991, 1.734723475976807094E-15, 27.85850922856673506 ) ) ;
#5059 = CARTESIAN_POINT ( 'NONE',  ( 0.1498840320622168709, 0.3000000000000345723, -36.76627945226096017 ) ) ;
#5060 = CARTESIAN_POINT ( 'NONE',  ( 1.725710773366319506, 4.575333167888828712E-14, 40.44885524152978462 ) ) ;
#5061 = CARTESIAN_POINT ( 'NONE',  ( -2.644016181098105545, 1.505515454108753555E-14, -30.35575572649636555 ) ) ;
#5062 = CARTESIAN_POINT ( 'NONE',  ( 1.705915048200104867, 4.543056196577887474E-14, -27.41279110464673252 ) ) ;
#5063 = EDGE_LOOP ( 'NONE', ( #3042, #2332, #3674, #5767, #4716, #981, #816, #5730 ) ) ;
#5064 = CARTESIAN_POINT ( 'NONE',  ( 2.698551819869534629, 5.242117503967413938E-14, -36.44604085231727453 ) ) ;
#5065 = EDGE_CURVE ( 'NONE', #373, #4000, #6031, .T. ) ;
#5066 = CARTESIAN_POINT ( 'NONE',  ( 2.515300031347116771, 0.3000000000000510592, -40.42143709058872503 ) ) ;
#5067 = CARTESIAN_POINT ( 'NONE',  ( 10.99999999999999645, 6.000000000000003553, 69.00000000000000000 ) ) ;
#5068 = LINE ( 'NONE', #461, #6409 ) ;
#5069 = CARTESIAN_POINT ( 'NONE',  ( -0.7381816162728104258, 2.836352617710692946E-14, 43.33414768301840070 ) ) ;
#5070 = CARTESIAN_POINT ( 'NONE',  ( -0.2557676580217192464, 0.3000000000000316858, 31.14829254150390980 ) ) ;
#5071 = LINE ( 'NONE', #6579, #860 ) ;
#5072 = CARTESIAN_POINT ( 'NONE',  ( -0.9227333037972433871, 0.3000000000000270228, 29.38118065765076281 ) ) ;
#5073 = CARTESIAN_POINT ( 'NONE',  ( -0.6015051947699714407, 2.931793252738098795E-14, 28.29728762308756629 ) ) ;
#5074 = VERTEX_POINT ( 'NONE', #1427 ) ;
#5075 = CARTESIAN_POINT ( 'NONE',  ( 3.877199047901553897, 0.3000000000000606071, 32.73395420117111598 ) ) ;
#5076 = VERTEX_POINT ( 'NONE', #1488 ) ;
#5077 = AXIS2_PLACEMENT_3D ( 'NONE', #4993, #3481, #384 ) ;
#5078 = VERTEX_POINT ( 'NONE', #2458 ) ;
#5079 = EDGE_CURVE ( 'NONE', #2951, #1943, #5049, .T. ) ;
#5080 = ORIENTED_EDGE ( 'NONE', *, *, #6540, .T. ) ;
#5081 = CARTESIAN_POINT ( 'NONE',  ( 2.116357668861243102, 0.3000000000000482836, -32.05895707736338096 ) ) ;
#5082 = DIRECTION ( 'NONE',  ( -7.228014483236701486E-16, 1.000000000000000000, 0.000000000000000000 ) ) ;
#5083 = DIRECTION ( 'NONE',  ( 0.000000000000000000, -1.000000000000000000, 0.000000000000000000 ) ) ;
#5084 = CARTESIAN_POINT ( 'NONE',  ( 3.770744885338672692, 0.3000000000000598299, 36.36804283989800268 ) ) ;
#5085 = CARTESIAN_POINT ( 'NONE',  ( -1.993320406807811640, 1.973247953923618070E-14, -35.68720584445528488 ) ) ;
#5086 = DIRECTION ( 'NONE',  ( 0.000000000000000000, 0.000000000000000000, 1.000000000000000000 ) ) ;
#5087 = EDGE_LOOP ( 'NONE', ( #232, #3819, #1577, #916 ) ) ;
#5088 = CARTESIAN_POINT ( 'NONE',  ( 4.277826605902769863, 6.339012438352647476E-14, 17.45885909928214730 ) ) ;
#5089 = AXIS2_PLACEMENT_3D ( 'NONE', #6046, #5539, #940 ) ;
#5090 = ORIENTED_EDGE ( 'NONE', *, *, #393, .F. ) ;
#5091 = CARTESIAN_POINT ( 'NONE',  ( -4.910208457214234379, -8.131516293641283255E-16, 30.12160785786185713 ) ) ;
#5092 = CARTESIAN_POINT ( 'NONE',  ( -0.3767020127273434382, 0.3000000000000308531, -36.99007177890243980 ) ) ;
#5093 = CARTESIAN_POINT ( 'NONE',  ( -2.892579119288175349, 0.3000000000000133116, 34.57816420924742573 ) ) ;
#5094 = CARTESIAN_POINT ( 'NONE',  ( 0.8819999545929635421, 3.973600962159373751E-14, -36.52069296135440624 ) ) ;
#5095 = CARTESIAN_POINT ( 'NONE',  ( 0.8470464335547378543, 0.3000000000000394018, -34.56843463579813402 ) ) ;
#5096 = EDGE_LOOP ( 'NONE', ( #4835, #2258, #6204, #1620 ) ) ;
#5097 = FACE_OUTER_BOUND ( 'NONE', #3786, .T. ) ;
#5098 = EDGE_CURVE ( 'NONE', #3675, #6275, #5521, .T. ) ;
#5099 = CARTESIAN_POINT ( 'NONE',  ( 2.095493847130310616, 4.815097617872634898E-14, -31.90745911455051242 ) ) ;
#5101 = ADVANCED_FACE ( 'NONE', ( #2494 ), #919, .F. ) ;
#5100 = CARTESIAN_POINT ( 'NONE',  ( -2.333946174869838686, 0.3000000000000171974, 36.26389132871616994 ) ) ;
#5102 = ADVANCED_FACE ( 'NONE', ( #553 ), #5122, .T. ) ;
#5103 = FACE_OUTER_BOUND ( 'NONE', #6358, .T. ) ;
#5104 = CARTESIAN_POINT ( 'NONE',  ( -4.750569898260783575, 3.451685555992887154E-16, -39.10968929882502465 ) ) ;
#5105 = CARTESIAN_POINT ( 'NONE',  ( -1.289434242248550522, 0.3000000000000244693, -29.83271688885157857 ) ) ;
#5106 = CARTESIAN_POINT ( 'NONE',  ( -4.811406417464779928, -7.965058744254826141E-17, -37.85435056928057662 ) ) ;
#5107 = CARTESIAN_POINT ( 'NONE',  ( 4.000000000000000000, 5.000000000000000000, -70.00000000000000000 ) ) ;
#5108 = CARTESIAN_POINT ( 'NONE',  ( -10.60000000000000497, 1.399999999999988809, 32.75000000000000000 ) ) ;
#5109 = CARTESIAN_POINT ( 'NONE',  ( -2.068540174841027479, 1.913616834436915326E-14, -28.81310219173240839 ) ) ;
#5110 = ORIENTED_EDGE ( 'NONE', *, *, #6053, .T. ) ;
#5111 = CARTESIAN_POINT ( 'NONE',  ( 1.145745687299140503, 0.3000000000000415112, 37.62340730929452803 ) ) ;
#5112 = VECTOR ( 'NONE', #1232, 1000.000000000000000 ) ;
#5113 = CARTESIAN_POINT ( 'NONE',  ( -1.730442198314947166, 0.3000000000000213607, 41.16127396334157851 ) ) ;
#5114 = AXIS2_PLACEMENT_3D ( 'NONE', #5886, #5319, #716 ) ;
#5115 = EDGE_CURVE ( 'NONE', #6247, #2123, #6128, .T. ) ;
#5116 = EDGE_LOOP ( 'NONE', ( #2845, #2679, #3349, #6501 ) ) ;
#5117 = ORIENTED_EDGE ( 'NONE', *, *, #6303, .T. ) ;
#5118 = ADVANCED_FACE ( 'NONE', ( #5586 ), #985, .F. ) ;
#5119 = ORIENTED_EDGE ( 'NONE', *, *, #109, .T. ) ;
#5120 = DIRECTION ( 'NONE',  ( -1.000000000000000000, -7.506015040284271099E-16, 0.000000000000000000 ) ) ;
#5121 = CARTESIAN_POINT ( 'NONE',  ( 4.006730897989002393, 0.3000000000000614397, -37.25680017051148241 ) ) ;
#5122 = PLANE ( 'NONE',  #1016 ) ;
#5123 = DIRECTION ( 'NONE',  ( -0.000000000000000000, 1.000000000000000000, -0.000000000000000000 ) ) ;
#5124 = DIRECTION ( 'NONE',  ( -0.3247493381472653651, 0.000000000000000000, -0.9458001202013632813 ) ) ;
#5125 = CARTESIAN_POINT ( 'NONE',  ( 3.064893657053386899, 0.3000000000000548894, 33.91868206972485922 ) ) ;
#5126 = VERTEX_POINT ( 'NONE', #2054 ) ;
#5127 = CARTESIAN_POINT ( 'NONE',  ( 0.4771993274052175327, 0.3000000000000368483, -27.54123132676431851 ) ) ;
#5128 = VERTEX_POINT ( 'NONE', #2969 ) ;
#5129 = ORIENTED_EDGE ( 'NONE', *, *, #4446, .F. ) ;
#5130 = CARTESIAN_POINT ( 'NONE',  ( -1.252004619846397659, 2.477551932021590969E-14, 35.26995550764645060 ) ) ;
#5131 = CARTESIAN_POINT ( 'NONE',  ( -0.9330779622009198748, 0.3000000000000269673, -37.26290035613008200 ) ) ;
#5132 = DIRECTION ( 'NONE',  ( -0.000000000000000000, -0.000000000000000000, -1.000000000000000000 ) ) ;
#5133 = CARTESIAN_POINT ( 'NONE',  ( 1.548059294011121301, 0.3000000000000443423, -36.39225876287695627 ) ) ;
#5134 = DIRECTION ( 'NONE',  ( -0.8897775297030668940, -6.213283281360401735E-15, 0.4563945087701076764 ) ) ;
#5135 = CARTESIAN_POINT ( 'NONE',  ( -11.00000000000000000, 0.000000000000000000, -70.00000000000000000 ) ) ;
#5136 = ORIENTED_EDGE ( 'NONE', *, *, #3764, .T. ) ;
#5137 = CARTESIAN_POINT ( 'NONE',  ( 4.388907671279855371, 0.3000000000000641598, 40.26577419566999083 ) ) ;
#5138 = CARTESIAN_POINT ( 'NONE',  ( 7.999999999999979572, 6.000000000000002665, -65.50000000000000000 ) ) ;
#5139 = FACE_OUTER_BOUND ( 'NONE', #5657, .T. ) ;
#5140 = CARTESIAN_POINT ( 'NONE',  ( -4.913472832573789972, 0.2999999999999991562, 30.27774315410190198 ) ) ;
#5141 = CARTESIAN_POINT ( 'NONE',  ( 1.281970042138967703, 4.247016981106238151E-14, 44.53731812809299129 ) ) ;
#5142 = CARTESIAN_POINT ( 'NONE',  ( -2.152891577614693741, 1.848465931730566867E-14, -31.03481970893010811 ) ) ;
#5143 = CARTESIAN_POINT ( 'NONE',  ( -0.6288895274175909655, 0.3000000000000290767, 28.35069733210183429 ) ) ;
#5144 = CARTESIAN_POINT ( 'NONE',  ( -2.630319005954915745, 1.517883041479706208E-14, -30.05188945630265351 ) ) ;
#5145 = EDGE_LOOP ( 'NONE', ( #4715, #1994, #5110, #247, #3252, #4050, #2357, #4070, #2491, #959 ) ) ;
#5146 = CARTESIAN_POINT ( 'NONE',  ( -10.60000000000000497, 1.399999999999988809, -65.50000000000000000 ) ) ;
#5147 = EDGE_CURVE ( 'NONE', #6639, #5390, #2018, .T. ) ;
#5148 = DIRECTION ( 'NONE',  ( -0.000000000000000000, -0.000000000000000000, -1.000000000000000000 ) ) ;
#5149 = ORIENTED_EDGE ( 'NONE', *, *, #2011, .F. ) ;
#5150 = EDGE_LOOP ( 'NONE', ( #3212, #1298, #4948, #4950 ) ) ;
#5151 = EDGE_LOOP ( 'NONE', ( #2295, #6164, #4784, #1628 ) ) ;
#5152 = EDGE_CURVE ( 'NONE', #4040, #342, #6160, .T. ) ;
#5153 = CARTESIAN_POINT ( 'NONE',  ( -4.749334005271727221, 3.537987502153729095E-16, 42.93818474390688777 ) ) ;
#5154 = CARTESIAN_POINT ( 'NONE',  ( -4.800000000000005151, 0.2999999999999999889, 22.46052879757350595 ) ) ;
#5155 = DIRECTION ( 'NONE',  ( -1.000000000000000000, -7.506015040284271099E-16, 0.000000000000000000 ) ) ;
#5156 = CARTESIAN_POINT ( 'NONE',  ( -4.500749147646359027, 0.3000000000000020983, 38.00637701906370580 ) ) ;
#5157 = VECTOR ( 'NONE', #4596, 1000.000000000000000 ) ;
#5158 = DIRECTION ( 'NONE',  ( -7.228014483236701486E-16, 1.000000000000000000, -0.000000000000000000 ) ) ;
#5159 = DIRECTION ( 'NONE',  ( -1.000000000000000000, -6.982962677686267499E-15, 0.000000000000000000 ) ) ;
#5160 = VERTEX_POINT ( 'NONE', #3107 ) ;
#5161 = DIRECTION ( 'NONE',  ( -1.000000000000000000, -7.506015040284271099E-16, 0.000000000000000000 ) ) ;
#5162 = EDGE_LOOP ( 'NONE', ( #4528, #5194, #4415, #3535 ) ) ;
#5163 = VERTEX_POINT ( 'NONE', #4650 ) ;
#5164 = VECTOR ( 'NONE', #988, 1000.000000000000000 ) ;
#5165 = CARTESIAN_POINT ( 'NONE',  ( -0.3231421523624024017, 3.126173126336023016E-14, 35.34678734673394018 ) ) ;
#5166 = CARTESIAN_POINT ( 'NONE',  ( -2.186394262467356686, 1.825071131937713364E-14, 40.90918199736373140 ) ) ;
#5167 = CARTESIAN_POINT ( 'NONE',  ( 1.925928342686519912, 0.3000000000000468958, 40.35349932190231925 ) ) ;
#5168 = AXIS2_PLACEMENT_3D ( 'NONE', #2411, #6512, #4466 ) ;
#5169 = CARTESIAN_POINT ( 'NONE',  ( -11.00000000000000000, 0.9999999999999981126, 69.00000000000000000 ) ) ;
#5170 = ORIENTED_EDGE ( 'NONE', *, *, #146, .T. ) ;
#5171 = DIRECTION ( 'NONE',  ( -1.000000000000000000, -7.506015040284266169E-16, 0.000000000000000000 ) ) ;
#5172 = B_SPLINE_SURFACE_WITH_KNOTS ( 'NONE', 3, 1, ( 
 ( #4020, #5439 ),
 ( #4904, #4493 ),
 ( #5978, #3954 ),
 ( #6070, #3515 ),
 ( #4995, #295 ),
 ( #2339, #6008 ),
 ( #1369, #3420 ),
 ( #1402, #6536 ),
 ( #5468, #420 ),
 ( #863, #5562 ),
 ( #2916, #963 ) ),
 .UNSPECIFIED., .F., .F., .F.,
 ( 4, 1, 1, 1, 1, 1, 1, 1, 4 ),
 ( 2, 2 ),
 ( 0.000000000000000000, 0.1369351102033903311, 0.2670352792963015531, 0.3929060056825982028, 0.5171946454176541419, 0.6387480689156841418, 0.7572765847451882193, 0.8770948061731548284, 1.000000000000000000 ),
 ( 0.000000000000000000, 1.000000000000000000 ),
 .UNSPECIFIED. ) ;
#5173 = CARTESIAN_POINT ( 'NONE',  ( -4.630583796061937818, 0.3000000000000011546, 38.37010235198658137 ) ) ;
#5174 = CARTESIAN_POINT ( 'NONE',  ( 4.257303562664918495, 6.324681273856399372E-14, 28.80576282271968580 ) ) ;
#5175 = LINE ( 'NONE', #647, #4231 ) ;
#5176 = CARTESIAN_POINT ( 'NONE',  ( -4.031818089520687209, 5.364185610550895593E-15, -39.77912626201226942 ) ) ;
#5177 = CARTESIAN_POINT ( 'NONE',  ( -0.6965039581632890275, 0.3000000000000286327, -39.70100431304641830 ) ) ;
#5178 = CARTESIAN_POINT ( 'NONE',  ( -3.438326009114589521, 0.3000000000000094813, 18.82053309016756870 ) ) ;
#5179 = LINE ( 'NONE', #2661, #4801 ) ;
#5180 = ORIENTED_EDGE ( 'NONE', *, *, #638, .T. ) ;
#5181 = DIRECTION ( 'NONE',  ( -7.228014483236701486E-16, 1.000000000000000000, -0.000000000000000000 ) ) ;
#5182 = DIRECTION ( 'NONE',  ( 0.000000000000000000, -1.000000000000000000, 0.000000000000000000 ) ) ;
#5183 = VERTEX_POINT ( 'NONE', #46 ) ;
#5184 = EDGE_CURVE ( 'NONE', #6021, #2540, #2126, .T. ) ;
#5185 = ORIENTED_EDGE ( 'NONE', *, *, #2402, .T. ) ;
#5186 = ORIENTED_EDGE ( 'NONE', *, *, #5990, .T. ) ;
#5187 = CARTESIAN_POINT ( 'NONE',  ( -4.656924429486201333, 9.990913689865324284E-16, 43.45466150084894252 ) ) ;
#5188 = CARTESIAN_POINT ( 'NONE',  ( 4.391299438476544026, 3.903127820947815962E-15, -31.85395171907212131 ) ) ;
#5189 = CARTESIAN_POINT ( 'NONE',  ( -0.3074161322300330568, 0.3000000000000313527, 31.14462540978609084 ) ) ;
#5190 = EDGE_CURVE ( 'NONE', #4677, #3635, #3719, .T. ) ;
#5191 = DIRECTION ( 'NONE',  ( 0.9454592932128847993, 0.000000000000000000, 0.3257402721147513724 ) ) ;
#5192 = CARTESIAN_POINT ( 'NONE',  ( -3.532954713316861728, 8.998878031629686802E-15, -39.88426199988987975 ) ) ;
#5193 = CARTESIAN_POINT ( 'NONE',  ( 4.289144946042552142, 6.358845741627483505E-14, -30.36481983858459799 ) ) ;
#5194 = ORIENTED_EDGE ( 'NONE', *, *, #4522, .F. ) ;
#5195 = EDGE_CURVE ( 'NONE', #6192, #4321, #2090, .T. ) ;
#5196 = CYLINDRICAL_SURFACE ( 'NONE', #492, 1.000000000000000000 ) ;
#5197 = CARTESIAN_POINT ( 'NONE',  ( 4.257303562664918495, 6.320898665590490850E-14, 28.80576282271968580 ) ) ;
#5198 = ORIENTED_EDGE ( 'NONE', *, *, #1398, .F. ) ;
#5199 = CARTESIAN_POINT ( 'NONE',  ( -4.539947098345828991, 1.815939706475134527E-15, 27.85850922856673506 ) ) ;
#5200 = CARTESIAN_POINT ( 'NONE',  ( -4.174721520575658040, 4.366296284980706681E-15, -34.56524158240507205 ) ) ;
#5201 = CARTESIAN_POINT ( 'NONE',  ( 1.999459904540543453, 0.3000000000000474509, 40.26908409094159680 ) ) ;
#5202 = CIRCLE ( 'NONE', #5089, 2.599999999999998312 ) ;
#5203 = FACE_OUTER_BOUND ( 'NONE', #3907, .T. ) ;
#5204 = CYLINDRICAL_SURFACE ( 'NONE', #2699, 2.599999999999998312 ) ;
#5205 = VERTEX_POINT ( 'NONE', #153 ) ;
#5206 = B_SPLINE_SURFACE_WITH_KNOTS ( 'NONE', 3, 1, ( 
 ( #1639, #6344 ),
 ( #170, #5816 ),
 ( #1770, #1709 ),
 ( #1113, #5787 ),
 ( #708, #2756 ),
 ( #3760, #2270 ),
 ( #4802, #5341 ),
 ( #1739, #3732 ),
 ( #2721, #1180 ),
 ( #5276, #3696 ),
 ( #740, #2684 ) ),
 .UNSPECIFIED., .F., .F., .F.,
 ( 4, 1, 1, 1, 1, 1, 1, 1, 4 ),
 ( 2, 2 ),
 ( 0.000000000000000000, 0.09216944968663898230, 0.1818921711492658966, 0.2787873151416759288, 0.3886106576206494467, 0.5137812864565334259, 0.6556394086725108039, 0.8173188029951370392, 1.000000000000000000 ),
 ( 0.000000000000000000, 1.000000000000000000 ),
 .UNSPECIFIED. ) ;
#5207 = EDGE_CURVE ( 'NONE', #3465, #3317, #5735, .T. ) ;
#5208 = CARTESIAN_POINT ( 'NONE',  ( 3.631842243055949826, 0.3000000000000588307, 43.41224695424942581 ) ) ;
#5209 = DIRECTION ( 'NONE',  ( 0.000000000000000000, -1.000000000000000000, 0.000000000000000000 ) ) ;
#5210 = CARTESIAN_POINT ( 'NONE',  ( -0.9749344018057071182, 0.3000000000000266898, -39.55903238615307060 ) ) ;
#5211 = CARTESIAN_POINT ( 'NONE',  ( -0.7937626115241948055, 2.808083626737456484E-14, 35.33496246247023009 ) ) ;
#5212 = CARTESIAN_POINT ( 'NONE',  ( 12.00000000000000000, 6.938893903907228378E-15, 70.00000000000000000 ) ) ;
#5213 = CARTESIAN_POINT ( 'NONE',  ( 2.026100084516718969, 0.3000000000000476175, -40.45306481255425268 ) ) ;
#5214 = DIRECTION ( 'NONE',  ( 1.000000000000000000, 0.000000000000000000, 0.000000000000000000 ) ) ;
#5215 = CARTESIAN_POINT ( 'NONE',  ( -2.639522353628279472, 1.512462030617278685E-14, -30.25606198834415039 ) ) ;
#5216 = CARTESIAN_POINT ( 'NONE',  ( -0.8771969141668288783, 0.3000000000000273559, -28.87218656784242654 ) ) ;
#5217 = DIRECTION ( 'NONE',  ( -0.000000000000000000, -0.000000000000000000, 1.000000000000000000 ) ) ;
#5218 = B_SPLINE_CURVE_WITH_KNOTS ( 'NONE', 3,
 ( #1976, #398, #3560, #5038, #1509, #430, #4032, #1477, #4102, #5573, #976 ),
 .UNSPECIFIED., .F., .F.,
 ( 4, 1, 1, 1, 1, 1, 1, 1, 4 ),
 ( 0.000000000000000000, 0.1111788987368658305, 0.2292243904383462205, 0.3539627955052428443, 0.4865167246188054628, 0.6210177687245657108, 0.7512529205772729979, 0.8772747622609666784, 1.000000000000000000 ),
 .UNSPECIFIED. ) ;
#5219 = FACE_OUTER_BOUND ( 'NONE', #1966, .T. ) ;
#5220 = VERTEX_POINT ( 'NONE', #5261 ) ;
#5221 = ORIENTED_EDGE ( 'NONE', *, *, #2963, .F. ) ;
#5222 = ORIENTED_EDGE ( 'NONE', *, *, #3586, .T. ) ;
#5223 = CARTESIAN_POINT ( 'NONE',  ( -4.824831032406390108, -1.733941725422400812E-16, 42.40191800853860826 ) ) ;
#5224 = VECTOR ( 'NONE', #6560, 1000.000000000000000 ) ;
#5225 = CARTESIAN_POINT ( 'NONE',  ( 3.770744885338672692, 0.3000000000000598299, 36.36804283989800268 ) ) ;
#5226 = DIRECTION ( 'NONE',  ( -7.228014483236701486E-16, 1.000000000000000000, 0.000000000000000000 ) ) ;
#5227 = CARTESIAN_POINT ( 'NONE',  ( 1.345263089074028695, 0.3000000000000428990, 44.53808678521050979 ) ) ;
#5228 = B_SPLINE_CURVE_WITH_KNOTS ( 'NONE', 3,
 ( #3144, #5189, #3995, #871, #330, #4940, #5475, #2375, #4970, #2923, #1939 ),
 .UNSPECIFIED., .F., .F.,
 ( 4, 1, 1, 1, 1, 1, 1, 1, 4 ),
 ( 0.000000000000000000, 0.09216944968663898230, 0.1818921711492658966, 0.2787873151416759288, 0.3886106576206494467, 0.5137812864565334259, 0.6556394086725108039, 0.8173188029951370392, 1.000000000000000000 ),
 .UNSPECIFIED. ) ;
#5229 = CARTESIAN_POINT ( 'NONE',  ( -4.031818089520687209, 0.3000000000000053180, -39.77912626201226942 ) ) ;
#5230 = CARTESIAN_POINT ( 'NONE',  ( -1.993320406807796097, 0.3000000000000195843, 36.25457000732422586 ) ) ;
#5231 = ORIENTED_EDGE ( 'NONE', *, *, #4996, .T. ) ;
#5232 = CARTESIAN_POINT ( 'NONE',  ( 0.9238103592362113536, 3.989863994746656317E-14, -32.47933221643800294 ) ) ;
#5233 = CARTESIAN_POINT ( 'NONE',  ( 3.483516777886278781, 0.3000000000000578315, 26.60937923855251697 ) ) ;
#5234 = B_SPLINE_SURFACE_WITH_KNOTS ( 'NONE', 3, 1, ( 
 ( #3513, #6599 ),
 ( #3013, #2028 ),
 ( #2503, #4588 ),
 ( #1995, #6534 ),
 ( #4520, #5058 ),
 ( #5528, #2979 ),
 ( #5633, #4490 ),
 ( #3447, #449 ),
 ( #4052, #3046 ),
 ( #6566, #5091 ),
 ( #2914, #5027 ) ),
 .UNSPECIFIED., .F., .F., .F.,
 ( 4, 1, 1, 1, 1, 1, 1, 1, 4 ),
 ( 2, 2 ),
 ( 0.000000000000000000, 0.1111788987368658305, 0.2292243904383462205, 0.3539627955052428443, 0.4865167246188054628, 0.6210177687245657108, 0.7512529205772729979, 0.8772747622609666784, 1.000000000000000000 ),
 ( 0.000000000000000000, 1.000000000000000000 ),
 .UNSPECIFIED. ) ;
#5235 = ORIENTED_EDGE ( 'NONE', *, *, #6383, .F. ) ;
#5236 = EDGE_CURVE ( 'NONE', #2160, #134, #3240, .T. ) ;
#5237 = ORIENTED_EDGE ( 'NONE', *, *, #3713, .F. ) ;
#5238 = FACE_OUTER_BOUND ( 'NONE', #5087, .T. ) ;
#5239 = CARTESIAN_POINT ( 'NONE',  ( 1.157487615097634537, 4.160091366900505894E-14, -27.40596949011563410 ) ) ;
#5240 = CARTESIAN_POINT ( 'NONE',  ( 1.184069202295775947, 4.185020385794047115E-14, 40.05819416687879198 ) ) ;
#5241 = CARTESIAN_POINT ( 'NONE',  ( 2.212872882487391557, 4.897062960176767203E-14, -36.37305392785803804 ) ) ;
#5242 = CARTESIAN_POINT ( 'NONE',  ( -2.630319005954901979, 0.3000000000000150879, 41.88988639547685011 ) ) ;
#5243 = CARTESIAN_POINT ( 'NONE',  ( 10.59999999999997655, 6.000000000000004441, -32.75000000000000000 ) ) ;
#5244 = ORIENTED_EDGE ( 'NONE', *, *, #511, .T. ) ;
#5245 = CARTESIAN_POINT ( 'NONE',  ( 3.200750049242703010, 0.3000000000000558886, 43.90955919283602071 ) ) ;
#5246 = ADVANCED_FACE ( 'NONE', ( #3748 ), #1315, .T. ) ;
#5247 = DIRECTION ( 'NONE',  ( 0.000000000000000000, -1.000000000000000000, 0.000000000000000000 ) ) ;
#5248 = DIRECTION ( 'NONE',  ( -0.9454592932128847993, -6.602106957777210124E-15, -0.3257402721147513724 ) ) ;
#5249 = CARTESIAN_POINT ( 'NONE',  ( -0.3231421523624024017, 0.3000000000000312417, 35.34678734673394018 ) ) ;
#5250 = FACE_OUTER_BOUND ( 'NONE', #3601, .T. ) ;
#5251 = CARTESIAN_POINT ( 'NONE',  ( 0.6159680625754230254, 3.783865581974410475E-14, -40.23088188046207136 ) ) ;
#5252 = CARTESIAN_POINT ( 'NONE',  ( 0.6668738641881192253, 3.816391647148975608E-14, 38.77980338061114907 ) ) ;
#5253 = FACE_OUTER_BOUND ( 'NONE', #1482, .T. ) ;
#5254 = EDGE_CURVE ( 'NONE', #1175, #3316, #3643, .T. ) ;
#5255 = CARTESIAN_POINT ( 'NONE',  ( 1.343368982643654563, 4.289891632105622007E-14, -40.39725999697628822 ) ) ;
#5256 = VERTEX_POINT ( 'NONE', #813 ) ;
#5257 = ORIENTED_EDGE ( 'NONE', *, *, #3102, .T. ) ;
#5258 = ORIENTED_EDGE ( 'NONE', *, *, #3720, .T. ) ;
#5259 = CARTESIAN_POINT ( 'NONE',  ( -4.907765321341830855, -7.525212168788670222E-16, 41.26433121859222553 ) ) ;
#5260 = LINE ( 'NONE', #4340, #1867 ) ;
#5261 = CARTESIAN_POINT ( 'NONE',  ( 12.00000000000000000, 1.000000000000002665, 69.00000000000000000 ) ) ;
#5262 = CARTESIAN_POINT ( 'NONE',  ( -4.913472832573787308, 0.2999999999999991562, 40.67114541265701178 ) ) ;
#5263 = CARTESIAN_POINT ( 'NONE',  ( -3.902897541613979726, 0.3000000000000062617, -39.82840717263218266 ) ) ;
#5264 = LINE ( 'NONE', #3149, #1688 ) ;
#5265 = B_SPLINE_SURFACE_WITH_KNOTS ( 'NONE', 3, 1, ( 
 ( #2551, #4605 ),
 ( #6150, #1544 ),
 ( #5724, #3168 ),
 ( #1125, #2117 ),
 ( #5216, #4174 ),
 ( #1612, #3669 ),
 ( #613, #2662 ),
 ( #4712, #281 ),
 ( #3345, #1792 ),
 ( #3433, #911 ),
 ( #1351, #6487 ),
 ( #5481, #3938 ),
 ( #1852, #5396 ),
 ( #309, #1384 ),
 ( #1418, #4441 ),
 ( #2383, #5992 ),
 ( #3464, #6025 ),
 ( #2960, #3850 ),
 ( #5011, #2416 ) ),
 .UNSPECIFIED., .F., .F., .F.,
 ( 4, 1, 1, 1, 1, 1, 1, 1, 1, 1, 1, 1, 1, 1, 1, 1, 4 ),
 ( 2, 2 ),
 ( 0.000000000000000000, 0.09845803827519994389, 0.1893012954853399155, 0.2724514183616406071, 0.3482415831074450185, 0.4207593834583842063, 0.4942149931779742378, 0.5699857929989932126, 0.6486546974282442202, 0.6891802880778952201, 0.7299328568249912053, 0.7715985836368587369, 0.8144573034058887329, 0.8582139769225041181, 0.9036073271986464484, 0.9509891788839646143, 1.000000000000000000 ),
 ( 0.000000000000000000, 1.000000000000000000 ),
 .UNSPECIFIED. ) ;
#5266 = CARTESIAN_POINT ( 'NONE',  ( -1.168869357638893991, 0.3000000000000253575, 21.21232763926187559 ) ) ;
#5267 = ORIENTED_EDGE ( 'NONE', *, *, #5797, .F. ) ;
#5268 = ORIENTED_EDGE ( 'NONE', *, *, #3239, .T. ) ;
#5269 = B_SPLINE_CURVE_WITH_KNOTS ( 'NONE', 3,
 ( #3293, #5822, #1246, #1218, #3262, #2825, #2855, #745, #4839, #2182, #4237, #5315, #2761, #265, #2309, #2792, #3829, #4808, #2276 ),
 .UNSPECIFIED., .F., .F.,
 ( 4, 1, 1, 1, 1, 1, 1, 1, 1, 1, 1, 1, 1, 1, 1, 1, 4 ),
 ( 0.000000000000000000, 0.06010494839182106697, 0.1167517350992661185, 0.1711356521932388686, 0.2236523954605229569, 0.2752383353370504437, 0.3269260845771740365, 0.3794276098946345877, 0.4340153052958315438, 0.4908666365111230001, 0.5508062224093613901, 0.6143876246633779292, 0.6819986453985109609, 0.7540653391070440970, 0.8309763590638535868, 0.9126792203682164706, 1.000000000000000000 ),
 .UNSPECIFIED. ) ;
#5270 = VECTOR ( 'NONE', #2330, 1000.000000000000000 ) ;
#5271 = EDGE_CURVE ( 'NONE', #883, #6310, #661, .T. ) ;
#5272 = CARTESIAN_POINT ( 'NONE',  ( 0.8736416286892210170, 0.3000000000000396239, -16.05640580919052240 ) ) ;
#5273 = DIRECTION ( 'NONE',  ( 0.000000000000000000, -1.000000000000000000, 0.000000000000000000 ) ) ;
#5274 = CARTESIAN_POINT ( 'NONE',  ( 1.438918895087055283, 0.3000000000000435652, 40.39598703231369115 ) ) ;
#5275 = CARTESIAN_POINT ( 'NONE',  ( 1.548059294011121301, 4.439807896328140657E-14, -36.39225876287695627 ) ) ;
#5276 = CARTESIAN_POINT ( 'NONE',  ( -0.9406096436003561490, 0.3000000000000269118, 29.90261429965821804 ) ) ;
#5277 = VECTOR ( 'NONE', #6246, 1000.000000000000000 ) ;
#5278 = CARTESIAN_POINT ( 'NONE',  ( -4.913472832573787308, -8.673617379884035472E-16, 40.67114541265701178 ) ) ;
#5279 = EDGE_CURVE ( 'NONE', #2605, #5014, #1693, .T. ) ;
#5280 = VERTEX_POINT ( 'NONE', #2707 ) ;
#5281 = CARTESIAN_POINT ( 'NONE',  ( 0.4794085458955858470, 0.3000000000000368483, 38.30944461913590970 ) ) ;
#5282 = CARTESIAN_POINT ( 'NONE',  ( -4.909190001689810678, -8.131516293641283255E-16, -38.27167431880966575 ) ) ;
#5283 = LINE ( 'NONE', #5915, #4578 ) ;
#5284 = CARTESIAN_POINT ( 'NONE',  ( -4.800000000000006040, 0.2999999999999999889, 13.44653065999348307 ) ) ;
#5285 = DIRECTION ( 'NONE',  ( -0.8959153977262280799, -6.256143784686697619E-15, -0.4442247180392538408 ) ) ;
#5286 = CARTESIAN_POINT ( 'NONE',  ( -0.4248411140035839861, 0.3000000000000305755, -39.83304652448822480 ) ) ;
#5287 = CARTESIAN_POINT ( 'NONE',  ( -0.7983488460859743396, 0.3000000000000279110, 36.53339996213892249 ) ) ;
#5288 = DIRECTION ( 'NONE',  ( -7.228014483236701486E-16, 1.000000000000000000, 0.000000000000000000 ) ) ;
#5289 = EDGE_CURVE ( 'NONE', #4594, #5957, #4090, .T. ) ;
#5290 = B_SPLINE_CURVE_WITH_KNOTS ( 'NONE', 3,
 ( #1314, #6323, #2403, #2431, #3384, #3414, #3320, #5370, #768, #5490, #799 ),
 .UNSPECIFIED., .F., .F.,
 ( 4, 1, 1, 1, 1, 1, 1, 1, 4 ),
 ( 0.000000000000000000, 0.1369351102033903311, 0.2670352792963015531, 0.3929060056825982028, 0.5171946454176541419, 0.6387480689156841418, 0.7572765847451882193, 0.8770948061731548284, 1.000000000000000000 ),
 .UNSPECIFIED. ) ;
#5291 = CARTESIAN_POINT ( 'NONE',  ( 3.770744885338658925, 0.3000000000000598299, -35.57373301188151515 ) ) ;
#5292 = ORIENTED_EDGE ( 'NONE', *, *, #5547, .T. ) ;
#5293 = VERTEX_POINT ( 'NONE', #119 ) ;
#5294 = ORIENTED_EDGE ( 'NONE', *, *, #4737, .T. ) ;
#5295 = VECTOR ( 'NONE', #3879, 1000.000000000000000 ) ;
#5296 = DIRECTION ( 'NONE',  ( 0.000000000000000000, -1.000000000000000000, 0.000000000000000000 ) ) ;
#5297 = CARTESIAN_POINT ( 'NONE',  ( -1.957170802894818262, 0.3000000000000198064, -30.98979091862958057 ) ) ;
#5298 = EDGE_CURVE ( 'NONE', #1690, #844, #5798, .T. ) ;
#5299 = CARTESIAN_POINT ( 'NONE',  ( -4.888937248571799010, 0.2999999999999993783, -38.71132588223601800 ) ) ;
#5300 = ORIENTED_EDGE ( 'NONE', *, *, #2643, .T. ) ;
#5301 = CARTESIAN_POINT ( 'NONE',  ( 2.095493847130310616, 0.3000000000000481171, -31.90745911455051242 ) ) ;
#5302 = CARTESIAN_POINT ( 'NONE',  ( -1.826194475150944685, 2.076597299071828658E-14, -37.76400491397000536 ) ) ;
#5303 = ORIENTED_EDGE ( 'NONE', *, *, #565, .F. ) ;
#5304 = EDGE_LOOP ( 'NONE', ( #853, #4449, #4519 ) ) ;
#5305 = VECTOR ( 'NONE', #1530, 1000.000000000000000 ) ;
#5306 = CARTESIAN_POINT ( 'NONE',  ( 1.607669014400904040, 4.474451357852825569E-14, 40.45306481255425979 ) ) ;
#5307 = DIRECTION ( 'NONE',  ( -0.000000000000000000, -0.000000000000000000, -1.000000000000000000 ) ) ;
#5308 = LINE ( 'NONE', #4294, #382 ) ;
#5309 = B_SPLINE_CURVE_WITH_KNOTS ( 'NONE', 3,
 ( #4277, #5857, #4714, #6328, #5255, #653, #1689, #2701, #2157, #4747, #4215, #5799, #1253, #147, #3303, #3173, #3672, #2191, #1128 ),
 .UNSPECIFIED., .F., .F.,
 ( 4, 1, 1, 1, 1, 1, 1, 1, 1, 1, 1, 1, 1, 1, 1, 1, 4 ),
 ( 0.000000000000000000, 0.04914105492828010902, 0.09958900461974840024, 0.1515461205188597948, 0.2046494872029794576, 0.2599294866108421420, 0.3165505713294211043, 0.3755747410008625775, 0.4361021293892529127, 0.4988525104159727275, 0.5636044994543012443, 0.6307387496190079990, 0.6996255306185906742, 0.7713753919442165596, 0.8449693243781767338, 0.9215246343455834044, 1.000000000000000000 ),
 .UNSPECIFIED. ) ;
#5310 = LINE ( 'NONE', #229, #1881 ) ;
#5311 = CARTESIAN_POINT ( 'NONE',  ( -3.484424347347701012, 0.3000000000000091482, -39.88570064968532591 ) ) ;
#5312 = ORIENTED_EDGE ( 'NONE', *, *, #5652, .T. ) ;
#5313 = CARTESIAN_POINT ( 'NONE',  ( 0.5707707827331760519, 0.3000000000000375144, 38.53785409042630050 ) ) ;
#5314 = CARTESIAN_POINT ( 'NONE',  ( -1.168869357638893991, 0.3000000000000253575, 21.21232763926187559 ) ) ;
#5315 = CARTESIAN_POINT ( 'NONE',  ( 3.966754225818080570, 0.3000000000000611622, -29.16367338784596086 ) ) ;
#5316 = CARTESIAN_POINT ( 'NONE',  ( -3.254810673109344243, 1.089623183347931956E-14, 34.29693220242237572 ) ) ;
#5317 = LINE ( 'NONE', #3234, #4450 ) ;
#5318 = CARTESIAN_POINT ( 'NONE',  ( 1.105734467289789080, 0.3000000000000412337, -40.35558278671086896 ) ) ;
#5319 = DIRECTION ( 'NONE',  ( -6.982962677686266711E-15, 1.000000000000000000, 1.596148804992292101E-30 ) ) ;
#5320 = CARTESIAN_POINT ( 'NONE',  ( 0.000000000000000000, 5.000000000000000000, -62.00000000000000000 ) ) ;
#5321 = EDGE_CURVE ( 'NONE', #4268, #1443, #5387, .T. ) ;
#5322 = EDGE_CURVE ( 'NONE', #1075, #6309, #5582, .T. ) ;
#5323 = CARTESIAN_POINT ( 'NONE',  ( -2.431381251695986734, 1.658829323902821784E-14, 41.01648237987053136 ) ) ;
#5324 = EDGE_LOOP ( 'NONE', ( #1656, #3567, #742, #1152, #1098, #2556, #1514, #6074, #5517, #448, #891, #1567, #4313, #3068 ) ) ;
#5325 = VERTEX_POINT ( 'NONE', #4375 ) ;
#5326 = EDGE_LOOP ( 'NONE', ( #1064, #6055, #4248, #310 ) ) ;
#5327 = CARTESIAN_POINT ( 'NONE',  ( 0.7900181394085736830, 3.903488803507929619E-14, 39.10982186241554359 ) ) ;
#5328 = CARTESIAN_POINT ( 'NONE',  ( -1.865965216226724843, 0.3000000000000204725, -30.92537861289522283 ) ) ;
#5329 = CARTESIAN_POINT ( 'NONE',  ( -4.913472832573801519, -6.505213034913026604E-16, -38.41941889127095067 ) ) ;
#5330 = ORIENTED_EDGE ( 'NONE', *, *, #1422, .F. ) ;
#5331 = CARTESIAN_POINT ( 'NONE',  ( 1.925928342686503258, 0.3000000000000468958, -31.58827652987720924 ) ) ;
#5332 = CARTESIAN_POINT ( 'NONE',  ( -4.800000000000007816, -1.689219635093318271E-29, 14.33126415146720944 ) ) ;
#5333 = ADVANCED_FACE ( 'NONE', ( #6423 ), #1815, .T. ) ;
#5334 = VERTEX_POINT ( 'NONE', #5922 ) ;
#5335 = ORIENTED_EDGE ( 'NONE', *, *, #4741, .F. ) ;
#5336 = AXIS2_PLACEMENT_3D ( 'NONE', #1855, #5363, #4855 ) ;
#5337 = CARTESIAN_POINT ( 'NONE',  ( -4.815168031478038735, -1.059177977050155870E-16, -32.74502550509744481 ) ) ;
#5338 = DIRECTION ( 'NONE',  ( -8.493092510093982387E-16, -3.017352593592897274E-30, -1.000000000000000000 ) ) ;
#5339 = CARTESIAN_POINT ( 'NONE',  ( 3.137878337924103977, 5.542990817373841754E-14, -36.59120544113384454 ) ) ;
#5340 = VECTOR ( 'NONE', #6120, 1000.000000000000000 ) ;
#5341 = CARTESIAN_POINT ( 'NONE',  ( -0.8499009820808967053, 2.764715539838036307E-14, 30.59703399081343278 ) ) ;
#5342 = CARTESIAN_POINT ( 'NONE',  ( -4.749334005271727221, 3.252606517456513302E-16, 42.93818474390688777 ) ) ;
#5343 = ORIENTED_EDGE ( 'NONE', *, *, #6007, .T. ) ;
#5344 = CARTESIAN_POINT ( 'NONE',  ( 2.047409290551235994, 4.781331580661074554E-14, 39.07300935033228484 ) ) ;
#5345 = B_SPLINE_SURFACE_WITH_KNOTS ( 'NONE', 3, 1, ( 
 ( #156, #2231 ),
 ( #3216, #5192 ),
 ( #217, #4252 ),
 ( #1626, #1589 ),
 ( #5263, #590 ),
 ( #5229, #3781 ),
 ( #5737, #664 ),
 ( #2709, #3180 ),
 ( #6305, #2673 ),
 ( #87, #3684 ),
 ( #5835, #1231 ),
 ( #1696, #4187 ),
 ( #2637, #3278 ),
 ( #3751, #5701 ),
 ( #5806, #3248 ),
 ( #5299, #2128 ),
 ( #1138, #1103 ),
 ( #190, #2746 ),
 ( #4684, #5329 ) ),
 .UNSPECIFIED., .F., .F., .F.,
 ( 4, 1, 1, 1, 1, 1, 1, 1, 1, 1, 1, 1, 1, 1, 1, 1, 4 ),
 ( 2, 2 ),
 ( 0.000000000000000000, 0.06395042779706833214, 0.1253102932571360517, 0.1863330140476971153, 0.2462317207244439643, 0.3068503956786989284, 0.3680369628067257648, 0.4302072998689192018, 0.4952397167928626054, 0.5603187686578443572, 0.6238885357647198093, 0.6853422728078112369, 0.7473660391268578396, 0.8084632899954228291, 0.8708187887505008939, 0.9344934644034528226, 1.000000000000000000 ),
 ( 0.000000000000000000, 1.000000000000000000 ),
 .UNSPECIFIED. ) ;
#5346 = CARTESIAN_POINT ( 'NONE',  ( -8.000000000000007105, 1.399999999999990585, -65.50000000000000000 ) ) ;
#5347 = FACE_OUTER_BOUND ( 'NONE', #4925, .T. ) ;
#5348 = DIRECTION ( 'NONE',  ( 0.000000000000000000, -0.000000000000000000, 1.000000000000000000 ) ) ;
#5349 = CARTESIAN_POINT ( 'NONE',  ( -4.294139125907387111, 0.3000000000000034861, -27.21338292494417743 ) ) ;
#5350 = CARTESIAN_POINT ( 'NONE',  ( -0.3284646566163110237, 0.3000000000000311862, 36.89552193738619934 ) ) ;
#5351 = VECTOR ( 'NONE', #5123, 1000.000000000000000 ) ;
#5352 = CARTESIAN_POINT ( 'NONE',  ( -1.168869357638894879, 0.3000000000000253575, 19.63080003526475181 ) ) ;
#5353 = CARTESIAN_POINT ( 'NONE',  ( -2.639483235726241883, 1.512462030617278685E-14, 41.45061125681352365 ) ) ;
#5354 = CARTESIAN_POINT ( 'NONE',  ( 4.207079600431082866, 6.299214622140780762E-14, -29.93082319694041260 ) ) ;
#5355 = VERTEX_POINT ( 'NONE', #1101 ) ;
#5356 = EDGE_LOOP ( 'NONE', ( #4544, #6056, #526, #3921 ) ) ;
#5357 = EDGE_CURVE ( 'NONE', #4094, #4769, #5228, .T. ) ;
#5358 = ORIENTED_EDGE ( 'NONE', *, *, #4164, .T. ) ;
#5359 = CARTESIAN_POINT ( 'NONE',  ( -4.872930816273071564, 0.2999999999999994893, 39.65920111904510037 ) ) ;
#5360 = CARTESIAN_POINT ( 'NONE',  ( 4.277826605902767199, 0.3000000000000633271, 4.368704054090701838 ) ) ;
#5361 = DIRECTION ( 'NONE',  ( 4.246546255046991194E-16, 1.511873309471876412E-30, 1.000000000000000000 ) ) ;
#5362 = ORIENTED_EDGE ( 'NONE', *, *, #1050, .F. ) ;
#5363 = DIRECTION ( 'NONE',  ( 1.000000000000000000, 0.000000000000000000, -4.246546255046991194E-16 ) ) ;
#5364 = CARTESIAN_POINT ( 'NONE',  ( 1.890704615297241764, 4.672094061604400115E-14, -36.36880553438889763 ) ) ;
#5365 = ORIENTED_EDGE ( 'NONE', *, *, #6090, .T. ) ;
#5366 = ADVANCED_FACE ( 'NONE', ( #3428 ), #1378, .T. ) ;
#5367 = ORIENTED_EDGE ( 'NONE', *, *, #5079, .F. ) ;
#5368 = CARTESIAN_POINT ( 'NONE',  ( -1.250427956051296752, 2.478652910465234923E-14, 43.89093703693814774 ) ) ;
#5369 = CARTESIAN_POINT ( 'NONE',  ( 3.483516777886278781, 0.3000000000000578315, 26.60937923855251697 ) ) ;
#5370 = CARTESIAN_POINT ( 'NONE',  ( -3.050299310050955892, 1.221809461503621075E-14, -39.82493114615173369 ) ) ;
#5371 = LINE ( 'NONE', #1708, #925 ) ;
#5372 = CARTESIAN_POINT ( 'NONE',  ( -0.7697009190416097546, 2.814342806224573101E-14, 30.79184494536619709 ) ) ;
#5373 = CARTESIAN_POINT ( 'NONE',  ( 3.631842243055935171, 5.887923968739813507E-14, -28.52952889753009558 ) ) ;
#5374 = ORIENTED_EDGE ( 'NONE', *, *, #1022, .T. ) ;
#5375 = CARTESIAN_POINT ( 'NONE',  ( 0.8470464335547535084, 3.941074896984808618E-14, 37.37334121598138381 ) ) ;
#5376 = CARTESIAN_POINT ( 'NONE',  ( -4.155925401671290764, 0.3000000000000044853, -37.10599337338773296 ) ) ;
#5377 = CYLINDRICAL_SURFACE ( 'NONE', #1580, 2.599999999999998312 ) ;
#5378 = PLANE ( 'NONE',  #4243 ) ;
#5379 = VECTOR ( 'NONE', #4777, 1000.000000000000000 ) ;
#5380 = CARTESIAN_POINT ( 'NONE',  ( -4.907765321341845954, -7.589415207398531038E-16, -30.67744463318730297 ) ) ;
#5381 = CARTESIAN_POINT ( 'NONE',  ( -1.067966057167497151, 2.607506224827638164E-14, 36.40914147466100559 ) ) ;
#5382 = CARTESIAN_POINT ( 'NONE',  ( -2.152891577614678642, 0.3000000000000184741, 40.90695614284940262 ) ) ;
#5383 = VECTOR ( 'NONE', #396, 1000.000000000000000 ) ;
#5384 = EDGE_CURVE ( 'NONE', #6639, #4247, #6545, .T. ) ;
#5385 = AXIS2_PLACEMENT_3D ( 'NONE', #6364, #1761, #5395 ) ;
#5386 = FACE_BOUND ( 'NONE', #438, .T. ) ;
#5387 = LINE ( 'NONE', #783, #4630 ) ;
#5388 = CARTESIAN_POINT ( 'NONE',  ( -2.054526520068921780, 0.3000000000000191402, -31.02655139597393941 ) ) ;
#5389 = FACE_OUTER_BOUND ( 'NONE', #4258, .T. ) ;
#5390 = VERTEX_POINT ( 'NONE', #5986 ) ;
#5391 = ORIENTED_EDGE ( 'NONE', *, *, #3283, .T. ) ;
#5392 = LINE ( 'NONE', #4887, #2512 ) ;
#5393 = DIRECTION ( 'NONE',  ( -0.000000000000000000, -0.000000000000000000, 1.000000000000000000 ) ) ;
#5394 = B_SPLINE_CURVE_WITH_KNOTS ( 'NONE', 3,
 ( #5417, #4998, #1405, #4527, #3423, #2858, #4401, #6476, #2950, #2885, #933 ),
 .UNSPECIFIED., .F., .F.,
 ( 4, 1, 1, 1, 1, 1, 1, 1, 4 ),
 ( 0.000000000000000000, 0.1850972836079776140, 0.3457019150817388642, 0.4856983546663037887, 0.6051019010543309262, 0.7108152203237482203, 0.8056958280862535071, 0.9000712421470832281, 0.9999999999999998890 ),
 .UNSPECIFIED. ) ;
#5395 = DIRECTION ( 'NONE',  ( -1.000000000000000000, -7.228014483236701486E-16, 0.000000000000000000 ) ) ;
#5396 = CARTESIAN_POINT ( 'NONE',  ( 0.4771993274052175327, 3.702550419037997642E-14, -27.54123132676431851 ) ) ;
#5397 = EDGE_CURVE ( 'NONE', #5866, #5160, #1345, .T. ) ;
#5398 = ORIENTED_EDGE ( 'NONE', *, *, #5470, .T. ) ;
#5399 = CARTESIAN_POINT ( 'NONE',  ( -4.630583796061937818, 1.183027029094764716E-15, 38.37010235198658137 ) ) ;
#5400 = ORIENTED_EDGE ( 'NONE', *, *, #5407, .T. ) ;
#5401 = VERTEX_POINT ( 'NONE', #939 ) ;
#5402 = VECTOR ( 'NONE', #5148, 1000.000000000000000 ) ;
#5403 = ADVANCED_FACE ( 'NONE', ( #3395 ), #5505, .T. ) ;
#5404 = CARTESIAN_POINT ( 'NONE',  ( 3.064893657053386899, 5.492025887117526406E-14, 33.91868206972485922 ) ) ;
#5405 = CARTESIAN_POINT ( 'NONE',  ( 4.387320004892079517, 6.413055850251758727E-14, 39.59271122635127682 ) ) ;
#5406 = LINE ( 'NONE', #4393, #2501 ) ;
#5407 = EDGE_CURVE ( 'NONE', #3776, #2704, #2954, .T. ) ;
#5408 = DIRECTION ( 'NONE',  ( -0.000000000000000000, 0.000000000000000000, 1.000000000000000000 ) ) ;
#5409 = CARTESIAN_POINT ( 'NONE',  ( 3.810881282776116930, 6.012946261961288129E-14, 43.11153873324303731 ) ) ;
#5410 = CARTESIAN_POINT ( 'NONE',  ( -0.6288895274175909655, 2.912670875454932195E-14, 28.35069733210183429 ) ) ;
#5411 = VERTEX_POINT ( 'NONE', #3932 ) ;
#5412 = CARTESIAN_POINT ( 'NONE',  ( 4.151845596625327595, 6.251040369764481788E-14, 37.69401286584235322 ) ) ;
#5413 = CARTESIAN_POINT ( 'NONE',  ( -12.00000000000000000, 0.9999999999999981126, 70.00000000000000000 ) ) ;
#5414 = FACE_OUTER_BOUND ( 'NONE', #3244, .T. ) ;
#5415 = AXIS2_PLACEMENT_3D ( 'NONE', #5710, #2064, #634 ) ;
#5416 = LINE ( 'NONE', #5469, #4264 ) ;
#5417 = CARTESIAN_POINT ( 'NONE',  ( 0.4197502983940923915, 3.644932152052772362E-14, 29.89477234416537499 ) ) ;
#5418 = EDGE_CURVE ( 'NONE', #2500, #3159, #5036, .T. ) ;
#5419 = CARTESIAN_POINT ( 'NONE',  ( 1.805833333651763351, 0.3000000000000461187, -33.47744877643773975 ) ) ;
#5420 = CARTESIAN_POINT ( 'NONE',  ( -1.730442198314961599, 2.146720301521298779E-14, -30.78050188843794999 ) ) ;
#5421 = CARTESIAN_POINT ( 'NONE',  ( 3.427265561421345641, 0.3000000000000574429, -28.26445535381655461 ) ) ;
#5422 = EDGE_LOOP ( 'NONE', ( #734, #5925, #221, #222 ) ) ;
#5423 = VECTOR ( 'NONE', #3025, 1000.000000000000000 ) ;
#5424 = CARTESIAN_POINT ( 'NONE',  ( 4.277826605902767199, 0.3000000000000633271, 8.453726026746952726 ) ) ;
#5425 = PLANE ( 'NONE',  #5385 ) ;
#5426 = CARTESIAN_POINT ( 'NONE',  ( -0.3231421523624024017, 0.3000000000000312417, 35.34678734673394018 ) ) ;
#5427 = VERTEX_POINT ( 'NONE', #1910 ) ;
#5428 = CARTESIAN_POINT ( 'NONE',  ( -4.500749147646359027, 2.089657533251306955E-15, 38.00637701906370580 ) ) ;
#5429 = CARTESIAN_POINT ( 'NONE',  ( 4.277826605902770751, 0.3000000000000633271, 10.52283220820956089 ) ) ;
#5430 = ORIENTED_EDGE ( 'NONE', *, *, #303, .T. ) ;
#5431 = ORIENTED_EDGE ( 'NONE', *, *, #949, .T. ) ;
#5432 = CARTESIAN_POINT ( 'NONE',  ( -2.152891577614693741, 0.3000000000000184741, -31.03481970893010811 ) ) ;
#5433 = DIRECTION ( 'NONE',  ( -1.000000000000000000, -7.506015040284266169E-16, 0.000000000000000000 ) ) ;
#5434 = CARTESIAN_POINT ( 'NONE',  ( 0.2092224859696323325, 3.497921366375288822E-14, -34.22204447323965582 ) ) ;
#5435 = CARTESIAN_POINT ( 'NONE',  ( 4.348997765079670508, 6.388710993178639851E-14, 41.11046855264694244 ) ) ;
#5436 = EDGE_CURVE ( 'NONE', #1255, #2869, #6080, .T. ) ;
#5437 = ORIENTED_EDGE ( 'NONE', *, *, #4695, .T. ) ;
#5438 = CARTESIAN_POINT ( 'NONE',  ( 1.805833333651763351, 4.612828762390622189E-14, -33.47744877643773975 ) ) ;
#5439 = CARTESIAN_POINT ( 'NONE',  ( -2.133388434516076071, 1.875669758399922671E-14, -38.86444515652125631 ) ) ;
#5440 = AXIS2_PLACEMENT_3D ( 'NONE', #378, #2849, #5408 ) ;
#5441 = DIRECTION ( 'NONE',  ( -1.000000000000000000, -6.672013369141570147E-16, 0.000000000000000000 ) ) ;
#5442 = DIRECTION ( 'NONE',  ( 1.000000000000000000, 0.000000000000000000, -3.821891629542292715E-16 ) ) ;
#5443 = EDGE_CURVE ( 'NONE', #1353, #5183, #1875, .T. ) ;
#5444 = CARTESIAN_POINT ( 'NONE',  ( 4.227799127771261212, 6.310056643865635806E-14, -39.22529492293318754 ) ) ;
#5445 = DIRECTION ( 'NONE',  ( -5.619783211733645486E-16, 0.000000000000000000, -1.000000000000000000 ) ) ;
#5446 = CARTESIAN_POINT ( 'NONE',  ( -1.435711727751741273, 2.352718714293544622E-14, -30.19714183165471511 ) ) ;
#5447 = CARTESIAN_POINT ( 'NONE',  ( -0.7983488460859944347, 2.786399583287746395E-14, -35.40837588964056692 ) ) ;
#5448 = VERTEX_POINT ( 'NONE', #3489 ) ;
#5449 = EDGE_CURVE ( 'NONE', #3776, #3465, #1446, .T. ) ;
#5450 = AXIS2_PLACEMENT_3D ( 'NONE', #1178, #2268, #4830 ) ;
#5451 = CARTESIAN_POINT ( 'NONE',  ( -4.000000000000000888, 6.000000000000000000, 70.00000000000000000 ) ) ;
#5452 = CARTESIAN_POINT ( 'NONE',  ( -2.612166758377066245, 0.3000000000000152545, -30.61923651889881626 ) ) ;
#5453 = CARTESIAN_POINT ( 'NONE',  ( 0.4180257392988793175, 3.648340310413722420E-14, 29.99297683427313288 ) ) ;
#5454 = FACE_OUTER_BOUND ( 'NONE', #5527, .T. ) ;
#5455 = VERTEX_POINT ( 'NONE', #4499 ) ;
#5456 = CARTESIAN_POINT ( 'NONE',  ( -0.3767020127273434382, 0.3000000000000308531, -36.99007177890243980 ) ) ;
#5457 = VERTEX_POINT ( 'NONE', #3962 ) ;
#5458 = ADVANCED_FACE ( 'NONE', ( #2480 ), #6017, .T. ) ;
#5459 = EDGE_LOOP ( 'NONE', ( #2524, #2488, #457, #1621 ) ) ;
#5460 = CARTESIAN_POINT ( 'NONE',  ( -1.289434242248550522, 0.3000000000000244693, -29.83271688885157857 ) ) ;
#5461 = CARTESIAN_POINT ( 'NONE',  ( -1.993320406807811640, 0.3000000000000195843, -35.68720584445528488 ) ) ;
#5462 = CARTESIAN_POINT ( 'NONE',  ( -0.9419236924913245712, 2.694242398626478519E-14, 29.80080265469021228 ) ) ;
#5463 = DIRECTION ( 'NONE',  ( 1.000000000000000000, 6.982962677686266711E-15, -2.919500550344806969E-16 ) ) ;
#5464 = CARTESIAN_POINT ( 'NONE',  ( -3.484424347347700124, 9.215718466126787689E-15, -36.93540700276692235 ) ) ;
#5465 = EDGE_CURVE ( 'NONE', #584, #2844, #4, .T. ) ;
#5466 = ORIENTED_EDGE ( 'NONE', *, *, #3206, .F. ) ;
#5467 = CARTESIAN_POINT ( 'NONE',  ( 4.391299438476560901, 3.957337929572091184E-15, 40.08782413270738232 ) ) ;
#5468 = CARTESIAN_POINT ( 'NONE',  ( -3.263932410980130872, 0.3000000000000107025, -39.87479733157828576 ) ) ;
#5469 = CARTESIAN_POINT ( 'NONE',  ( 0.4197502983940923915, 0.3000000000000364042, 29.89477234416537499 ) ) ;
#5470 = EDGE_CURVE ( 'NONE', #2418, #5632, #444, .T. ) ;
#5471 = DIRECTION ( 'NONE',  ( 1.000000000000000000, 0.000000000000000000, -4.496343093579167088E-16 ) ) ;
#5472 = EDGE_LOOP ( 'NONE', ( #759, #1920, #5671, #1632 ) ) ;
#5473 = CARTESIAN_POINT ( 'NONE',  ( -0.1874429712508913770, 3.225501463144375691E-14, 44.00031676536905678 ) ) ;
#5474 = CIRCLE ( 'NONE', #1292, 1.000000000000000888 ) ;
#5475 = CARTESIAN_POINT ( 'NONE',  ( -0.8499009820808967053, 0.3000000000000275779, 30.59703399081343278 ) ) ;
#5476 = CARTESIAN_POINT ( 'NONE',  ( -4.800000000000009592, 0.2999999999999999889, -2.893557230631508492 ) ) ;
#5477 = ADVANCED_FACE ( 'NONE', ( #14 ), #3611, .T. ) ;
#5478 = CARTESIAN_POINT ( 'NONE',  ( -0.9389695459803416577, 0.3000000000000269118, 29.58836054342603461 ) ) ;
#5479 = VERTEX_POINT ( 'NONE', #2496 ) ;
#5480 = CARTESIAN_POINT ( 'NONE',  ( 0.3320857284438306634, 3.588709190927019677E-14, 30.64991334865070272 ) ) ;
#5481 = CARTESIAN_POINT ( 'NONE',  ( 0.3276631479849574924, 0.3000000000000357936, -27.60324315943186946 ) ) ;
#5482 = ORIENTED_EDGE ( 'NONE', *, *, #2813, .T. ) ;
#5483 = CARTESIAN_POINT ( 'NONE',  ( -0.1110369396601649655, 3.279711571768650913E-14, -36.86879813935501460 ) ) ;
#5484 = ORIENTED_EDGE ( 'NONE', *, *, #3296, .F. ) ;
#5485 = ADVANCED_FACE ( 'NONE', ( #1989 ), #4652, .T. ) ;
#5486 = ORIENTED_EDGE ( 'NONE', *, *, #2274, .F. ) ;
#5487 = EDGE_CURVE ( 'NONE', #5632, #3082, #2562, .T. ) ;
#5488 = CARTESIAN_POINT ( 'NONE',  ( 3.648470843906456373, 5.899535658651939981E-14, 33.15489293912893487 ) ) ;
#5489 = CARTESIAN_POINT ( 'NONE',  ( -1.993320406807801204, 0.3000000000000195843, 9.361508687337231294 ) ) ;
#5490 = CARTESIAN_POINT ( 'NONE',  ( -3.410306503438882864, 9.704177819909726942E-15, -39.88203552504240434 ) ) ;
#5491 = CARTESIAN_POINT ( 'NONE',  ( 0.6668738641881035711, 3.817497615724413970E-14, -33.16197247116836166 ) ) ;
#5492 = CARTESIAN_POINT ( 'NONE',  ( 2.672675564669841464, 0.3000000000000521694, 44.26277254197214717 ) ) ;
#5493 = CARTESIAN_POINT ( 'NONE',  ( 3.427265561421358964, 5.745068835481889393E-14, 43.67732049796295257 ) ) ;
#5494 = ORIENTED_EDGE ( 'NONE', *, *, #4631, .F. ) ;
#5495 = CARTESIAN_POINT ( 'NONE',  ( -1.250427956051296752, 2.478652910465234923E-14, 43.89093703693814774 ) ) ;
#5496 = FACE_OUTER_BOUND ( 'NONE', #6378, .T. ) ;
#5497 = CARTESIAN_POINT ( 'NONE',  ( -4.351410559965935398, 0.3000000000000030975, -34.26825160734633613 ) ) ;
#5498 = DIRECTION ( 'NONE',  ( -1.000000000000000000, -6.672013369141570147E-16, 0.000000000000000000 ) ) ;
#5499 = DIRECTION ( 'NONE',  ( 0.9458001202013632813, 6.604486939917304420E-15, -0.3247493381472653651 ) ) ;
#5500 = ORIENTED_EDGE ( 'NONE', *, *, #4246, .T. ) ;
#5501 = CARTESIAN_POINT ( 'NONE',  ( 4.389349922734766984, 6.423897871976613771E-14, -38.35487649410439559 ) ) ;
#5502 = CARTESIAN_POINT ( 'NONE',  ( 2.047409290551235994, 4.781520351476146875E-14, 39.07300935033228484 ) ) ;
#5503 = CARTESIAN_POINT ( 'NONE',  ( -4.870920520358623662, 0.2999999999999994893, 7.462611754735306135 ) ) ;
#5504 = VECTOR ( 'NONE', #4627, 1000.000000000000000 ) ;
#5505 = PLANE ( 'NONE',  #5168 ) ;
#5506 = DIRECTION ( 'NONE',  ( 0.000000000000000000, 0.000000000000000000, -1.000000000000000000 ) ) ;
#5507 = DIRECTION ( 'NONE',  ( -0.000000000000000000, 0.000000000000000000, 1.000000000000000000 ) ) ;
#5508 = CIRCLE ( 'NONE', #5741, 2.599999999999996536 ) ;
#5509 = DIRECTION ( 'NONE',  ( -1.000000000000000000, -7.506015040284271099E-16, 0.000000000000000000 ) ) ;
#5510 = ORIENTED_EDGE ( 'NONE', *, *, #5858, .T. ) ;
#5511 = EDGE_CURVE ( 'NONE', #3635, #1485, #1070, .T. ) ;
#5512 = EDGE_CURVE ( 'NONE', #2015, #6639, #1490, .T. ) ;
#5513 = CARTESIAN_POINT ( 'NONE',  ( -0.2025859665257245534, 3.214659441419520647E-14, 31.14483792346860724 ) ) ;
#5514 = PLANE ( 'NONE',  #2487 ) ;
#5515 = AXIS2_PLACEMENT_3D ( 'NONE', #6207, #4628, #3047 ) ;
#5516 = ORIENTED_EDGE ( 'NONE', *, *, #3113, .T. ) ;
#5517 = ORIENTED_EDGE ( 'NONE', *, *, #4454, .F. ) ;
#5518 = VECTOR ( 'NONE', #1391, 1000.000000000000000 ) ;
#5519 = DIRECTION ( 'NONE',  ( 0.000000000000000000, -1.000000000000000000, 0.000000000000000000 ) ) ;
#5520 = CARTESIAN_POINT ( 'NONE',  ( 3.340042906878074813, 0.3000000000000568323, -36.69099657613583787 ) ) ;
#5521 = LINE ( 'NONE', #4115, #470 ) ;
#5522 = LINE ( 'NONE', #1952, #3412 ) ;
#5523 = CARTESIAN_POINT ( 'NONE',  ( -2.108796936361825747, 1.891932790987205237E-14, -35.68404579625538275 ) ) ;
#5524 = CARTESIAN_POINT ( 'NONE',  ( -0.7983488460859944347, 2.794338065690177953E-14, -35.40837588964056692 ) ) ;
#5525 = CARTESIAN_POINT ( 'NONE',  ( -4.656924429486216432, 0.3000000000000009326, -28.48711435093058242 ) ) ;
#5526 = CARTESIAN_POINT ( 'NONE',  ( 0.1866346133907040294, 0.3000000000000347944, -27.67645875474245187 ) ) ;
#5527 = EDGE_LOOP ( 'NONE', ( #567, #3640, #195, #4200 ) ) ;
#5528 = CARTESIAN_POINT ( 'NONE',  ( -4.672156895580365621, 0.3000000000000008216, 28.33935907010500799 ) ) ;
#5529 = CARTESIAN_POINT ( 'NONE',  ( 1.648197029008590775, 0.3000000000000450084, 40.45161951423384750 ) ) ;
#5530 = CARTESIAN_POINT ( 'NONE',  ( -3.515760589819064474, 0.3000000000000089262, -35.25515253675636984 ) ) ;
#5531 = CARTESIAN_POINT ( 'NONE',  ( -4.005690171983513181, 5.546635883558555182E-15, 26.60937923855252052 ) ) ;
#5532 = DIRECTION ( 'NONE',  ( -1.000000000000000000, 0.000000000000000000, -0.000000000000000000 ) ) ;
#5533 = ORIENTED_EDGE ( 'NONE', *, *, #1018, .F. ) ;
#5534 = CARTESIAN_POINT ( 'NONE',  ( 4.391299438476554684, 0.3000000000000641598, 30.27774315410189843 ) ) ;
#5535 = VECTOR ( 'NONE', #5463, 1000.000000000000000 ) ;
#5536 = CARTESIAN_POINT ( 'NONE',  ( -1.289434242248535867, 0.3000000000000244693, 42.10905896292793216 ) ) ;
#5537 = CARTESIAN_POINT ( 'NONE',  ( 2.962873734149894300, 0.3000000000000541678, -40.31122162349247162 ) ) ;
#5538 = CARTESIAN_POINT ( 'NONE',  ( 1.191010957294032391, 0.3000000000000418443, 8.453726026746954503 ) ) ;
#5539 = DIRECTION ( 'NONE',  ( -7.228014483236701486E-16, 1.000000000000000000, 0.000000000000000000 ) ) ;
#5540 = DIRECTION ( 'NONE',  ( 0.000000000000000000, -1.000000000000000000, 0.000000000000000000 ) ) ;
#5541 = CARTESIAN_POINT ( 'NONE',  ( 0.1251663804306376582, 0.3000000000000343503, -34.38900998170185375 ) ) ;
#5542 = CARTESIAN_POINT ( 'NONE',  ( 0.8007878874224397814, 0.3000000000000390687, 44.49141485850038436 ) ) ;
#5543 = VECTOR ( 'NONE', #1978, 999.9999999999998863 ) ;
#5544 = VERTEX_POINT ( 'NONE', #2056 ) ;
#5545 = AXIS2_PLACEMENT_3D ( 'NONE', #840, #870, #3931 ) ;
#5546 = VECTOR ( 'NONE', #3015, 1000.000000000000000 ) ;
#5547 = EDGE_CURVE ( 'NONE', #4678, #219, #1953, .T. ) ;
#5548 = VERTEX_POINT ( 'NONE', #2460 ) ;
#5549 = CARTESIAN_POINT ( 'NONE',  ( 0.3320857284438306634, 0.3000000000000357936, 30.64991334865070272 ) ) ;
#5550 = PLANE ( 'NONE',  #3346 ) ;
#5551 = CARTESIAN_POINT ( 'NONE',  ( 4.277826605902761870, 0.3000000000000633271, -20.14142778184677596 ) ) ;
#5552 = CARTESIAN_POINT ( 'NONE',  ( -1.993320406807796097, 1.984089975648473114E-14, 36.25457000732422586 ) ) ;
#5553 = CARTESIAN_POINT ( 'NONE',  ( -3.515760589819064474, 9.053088140253962024E-15, -35.25515253675636984 ) ) ;
#5554 = DIRECTION ( 'NONE',  ( 4.246546255046992673E-16, 1.511873309471876237E-30, 1.000000000000000000 ) ) ;
#5555 = CARTESIAN_POINT ( 'NONE',  ( 3.966754225818094337, 0.3000000000000611622, 42.77810246393357119 ) ) ;
#5556 = EDGE_CURVE ( 'NONE', #3700, #5457, #555, .T. ) ;
#5557 = CARTESIAN_POINT ( 'NONE',  ( -1.243603297660077933, 0.3000000000000248024, -29.71416700376882858 ) ) ;
#5558 = B_SPLINE_CURVE_WITH_KNOTS ( 'NONE', 3,
 ( #1570, #535, #5100, #6179, #5682, #5569, #5643, #1084, #3022, #3161, #3124, #4098, #5173, #970, #4060, #4667, #66, #6114, #6143 ),
 .UNSPECIFIED., .F., .F.,
 ( 4, 1, 1, 1, 1, 1, 1, 1, 1, 1, 1, 1, 1, 1, 1, 1, 4 ),
 ( 0.000000000000000000, 0.05788094285645360021, 0.1128528044494230692, 0.1655833948434750624, 0.2169635121761021301, 0.2681577282320924405, 0.3195925452859336713, 0.3724213661878509329, 0.4272619916366188209, 0.4848117811471501226, 0.5454334485380483155, 0.6099407695031813237, 0.6783204866915184539, 0.7510512415195403912, 0.8290369631912966053, 0.9119341134044181008, 1.000000000000000000 ),
 .UNSPECIFIED. ) ;
#5559 = EDGE_LOOP ( 'NONE', ( #4750, #16, #4428, #1264, #804, #4728, #3273, #2390 ) ) ;
#5560 = CARTESIAN_POINT ( 'NONE',  ( 4.277826605902770751, 0.3000000000000633271, 13.44653065999347952 ) ) ;
#5561 = CARTESIAN_POINT ( 'NONE',  ( -11.00000000000000000, 6.000000000000000000, 70.00000000000000000 ) ) ;
#5562 = CARTESIAN_POINT ( 'NONE',  ( -3.410306503438882864, 9.866239769618090349E-15, -39.88203552504240434 ) ) ;
#5563 = CARTESIAN_POINT ( 'NONE',  ( 11.00000000000000000, 1.000000000000001998, -69.00000000000000000 ) ) ;
#5564 = CARTESIAN_POINT ( 'NONE',  ( 1.065486096489344003, 0.3000000000000409561, -32.13526473774381742 ) ) ;
#5565 = ORIENTED_EDGE ( 'NONE', *, *, #1525, .T. ) ;
#5566 = CARTESIAN_POINT ( 'NONE',  ( 11.00000000000000000, 1.000000000000001998, -69.00000000000000000 ) ) ;
#5567 = ADVANCED_FACE ( 'NONE', ( #6626 ), #3507, .F. ) ;
#5568 = LINE ( 'NONE', #4380, #3769 ) ;
#5569 = CARTESIAN_POINT ( 'NONE',  ( -3.251254211700685737, 0.3000000000000107581, 36.52872022723562395 ) ) ;
#5570 = CARTESIAN_POINT ( 'NONE',  ( 4.351810018171238248, 6.396792817664476161E-14, -38.84284971892304128 ) ) ;
#5571 = CARTESIAN_POINT ( 'NONE',  ( 3.483516777886278781, 0.3000000000000578315, 26.60937923855251697 ) ) ;
#5572 = CARTESIAN_POINT ( 'NONE',  ( 0.9975380024965487813, 0.3000000000000404565, 39.64574338530890429 ) ) ;
#5573 = CARTESIAN_POINT ( 'NONE',  ( -4.910208457214234379, 0.2999999999999992117, 30.12160785786185713 ) ) ;
#5574 = DIRECTION ( 'NONE',  ( -7.228014483236701486E-16, 1.000000000000000000, 0.000000000000000000 ) ) ;
#5575 = DIRECTION ( 'NONE',  ( 0.000000000000000000, 1.000000000000000000, 0.000000000000000000 ) ) ;
#5576 = ADVANCED_FACE ( 'NONE', ( #3040 ), #616, .T. ) ;
#5577 = LINE ( 'NONE', #1512, #4326 ) ;
#5578 = CARTESIAN_POINT ( 'NONE',  ( 4.066888863434393819, 0.3000000000000618838, 32.29033188625272288 ) ) ;
#5579 = EDGE_LOOP ( 'NONE', ( #631, #1025 ) ) ;
#5580 = AXIS2_PLACEMENT_3D ( 'NONE', #1843, #1904, #5442 ) ;
#5581 = ORIENTED_EDGE ( 'NONE', *, *, #638, .F. ) ;
#5582 = CIRCLE ( 'NONE', #668, 2.599999999999996536 ) ;
#5583 = ORIENTED_EDGE ( 'NONE', *, *, #6588, .T. ) ;
#5584 = CARTESIAN_POINT ( 'NONE',  ( 2.095493847130310616, 0.3000000000000481171, -31.90745911455051242 ) ) ;
#5585 = CARTESIAN_POINT ( 'NONE',  ( 4.126494444431823005, 0.3000000000000623279, -37.42651991043749149 ) ) ;
#5586 = FACE_OUTER_BOUND ( 'NONE', #4041, .T. ) ;
#5587 = CARTESIAN_POINT ( 'NONE',  ( 4.045621532888014293, 6.174531372304947752E-14, 37.24249604392226587 ) ) ;
#5588 = CARTESIAN_POINT ( 'NONE',  ( -8.000000000000007105, 1.399999999999990585, -65.50000000000000000 ) ) ;
#5589 = CARTESIAN_POINT ( 'NONE',  ( 4.211760300923505618, 0.3000000000000629385, 31.82122521012506411 ) ) ;
#5590 = ORIENTED_EDGE ( 'NONE', *, *, #3983, .T. ) ;
#5591 = CARTESIAN_POINT ( 'NONE',  ( 1.522835356000679985, 4.407281831153575524E-14, -31.49838341296058175 ) ) ;
#5592 = ADVANCED_FACE ( 'NONE', ( #697 ), #4722, .T. ) ;
#5593 = ADVANCED_FACE ( 'NONE', ( #1170 ), #5345, .T. ) ;
#5594 = EDGE_LOOP ( 'NONE', ( #2632, #2811 ) ) ;
#5595 = DIRECTION ( 'NONE',  ( -7.228014483236701486E-16, 1.000000000000000000, 0.000000000000000000 ) ) ;
#5596 = CARTESIAN_POINT ( 'NONE',  ( -1.519924591261406999, 0.3000000000000229150, -37.58582773788899800 ) ) ;
#5597 = CARTESIAN_POINT ( 'NONE',  ( -4.405082435980616218, 0.3000000000000027645, 32.80907734666350706 ) ) ;
#5598 = CARTESIAN_POINT ( 'NONE',  ( 0.1928046332465163937, 3.486456841093956364E-14, -6.978579203287759825 ) ) ;
#5599 = CARTESIAN_POINT ( 'NONE',  ( 2.374276282111442260, 5.009770351739408880E-14, -27.55277086789415364 ) ) ;
#5600 = ORIENTED_EDGE ( 'NONE', *, *, #6152, .F. ) ;
#5601 = CARTESIAN_POINT ( 'NONE',  ( 2.212872882487391557, 4.900593819634480042E-14, -36.37305392785803804 ) ) ;
#5602 = LINE ( 'NONE', #6142, #1827 ) ;
#5603 = EDGE_CURVE ( 'NONE', #2678, #4867, #2718, .T. ) ;
#5604 = CARTESIAN_POINT ( 'NONE',  ( 0.8007878874224397814, 3.913969842672671007E-14, 44.49141485850038436 ) ) ;
#5605 = CIRCLE ( 'NONE', #344, 2.599999999999996536 ) ;
#5606 = CARTESIAN_POINT ( 'NONE',  ( 2.121842787000866259, 4.833496984243894553E-14, 39.71726441383362527 ) ) ;
#5607 = CARTESIAN_POINT ( 'NONE',  ( -4.838268674657664192, 0.2999999999999997113, 31.37220606810353729 ) ) ;
#5608 = CARTESIAN_POINT ( 'NONE',  ( -4.275680791604775877, 3.661301463417967347E-15, -39.64652164311210925 ) ) ;
#5609 = CARTESIAN_POINT ( 'NONE',  ( 4.391299438476544914, 6.418250093832056422E-14, -38.42828395631578076 ) ) ;
#5610 = CARTESIAN_POINT ( 'NONE',  ( -4.800000000000010481, 0.2999999999999999889, -6.978579203287758048 ) ) ;
#5611 = LINE ( 'NONE', #3061, #735 ) ;
#5612 = FACE_OUTER_BOUND ( 'NONE', #2232, .T. ) ;
#5613 = FACE_OUTER_BOUND ( 'NONE', #6411, .T. ) ;
#5614 = EDGE_CURVE ( 'NONE', #3554, #3638, #1261, .T. ) ;
#5615 = CARTESIAN_POINT ( 'NONE',  ( 1.607669014400890051, 0.3000000000000446754, -31.48871103922525094 ) ) ;
#5616 = ADVANCED_FACE ( 'NONE', ( #5865 ), #5425, .T. ) ;
#5617 = CARTESIAN_POINT ( 'NONE',  ( -1.501678036839892316, 0.3000000000000230260, 41.58826572701626390 ) ) ;
#5618 = EDGE_LOOP ( 'NONE', ( #5565, #3350 ) ) ;
#5619 = CIRCLE ( 'NONE', #6475, 1.000000000000000888 ) ;
#5620 = ORIENTED_EDGE ( 'NONE', *, *, #5443, .T. ) ;
#5621 = DIRECTION ( 'NONE',  ( 0.000000000000000000, 0.000000000000000000, 1.000000000000000000 ) ) ;
#5622 = LINE ( 'NONE', #3608, #2083 ) ;
#5623 = CARTESIAN_POINT ( 'NONE',  ( 4.277826605902761870, 6.339012438352647476E-14, -16.05640580919052596 ) ) ;
#5624 = CARTESIAN_POINT ( 'NONE',  ( -3.251254211700685737, 0.3000000000000107581, 36.52872022723562395 ) ) ;
#5625 = B_SPLINE_CURVE_WITH_KNOTS ( 'NONE', 3,
 ( #528, #1236, #165, #4797, #1673, #1146, #5747, #6277, #3189, #5783, #3728, #2753, #3254, #5841, #1177, #4763, #5239, #6311, #3222 ),
 .UNSPECIFIED., .F., .F.,
 ( 4, 1, 1, 1, 1, 1, 1, 1, 1, 1, 1, 1, 1, 1, 1, 1, 4 ),
 ( 0.000000000000000000, 0.09845803827519994389, 0.1893012954853399155, 0.2724514183616406071, 0.3482415831074450185, 0.4207593834583842063, 0.4942149931779742378, 0.5699857929989932126, 0.6486546974282442202, 0.6891802880778952201, 0.7299328568249912053, 0.7715985836368587369, 0.8144573034058887329, 0.8582139769225041181, 0.9036073271986464484, 0.9509891788839646143, 1.000000000000000000 ),
 .UNSPECIFIED. ) ;
#5626 = CARTESIAN_POINT ( 'NONE',  ( -3.515760589819064474, 0.3000000000000089262, -35.25515253675636984 ) ) ;
#5627 = CARTESIAN_POINT ( 'NONE',  ( -1.993320406807796097, 1.959893884748484000E-14, 36.25457000732422586 ) ) ;
#5628 = ORIENTED_EDGE ( 'NONE', *, *, #6341, .T. ) ;
#5629 = CARTESIAN_POINT ( 'NONE',  ( -0.8499009820808967053, 2.758339401529429836E-14, 30.59703399081343278 ) ) ;
#5630 = AXIS2_PLACEMENT_3D ( 'NONE', #6030, #375, #6525 ) ;
#5631 = AXIS2_PLACEMENT_3D ( 'NONE', #648, #714, #5348 ) ;
#5632 = VERTEX_POINT ( 'NONE', #2805 ) ;
#5633 = CARTESIAN_POINT ( 'NONE',  ( -4.779194672081729323, 0.3000000000000001554, 28.83358259440610993 ) ) ;
#5634 = CARTESIAN_POINT ( 'NONE',  ( 3.920659199530597938, 6.089603771514358117E-14, 36.80014037046908015 ) ) ;
#5635 = CARTESIAN_POINT ( 'NONE',  ( 2.119941732340051121, 4.846383711010204820E-14, 39.77464292069402063 ) ) ;
#5636 = VECTOR ( 'NONE', #3539, 1000.000000000000000 ) ;
#5637 = CARTESIAN_POINT ( 'NONE',  ( 1.332863173547118807, 0.3000000000000427880, -36.42082701905712128 ) ) ;
#5638 = CARTESIAN_POINT ( 'NONE',  ( -4.678698628962723483, 0.3000000000000008216, -39.23225466327190247 ) ) ;
#5639 = SURFACE_STYLE_USAGE ( .BOTH. , #2070 ) ;
#5640 = ADVANCED_FACE ( 'NONE', ( #1321 ), #4889, .T. ) ;
#5641 = VERTEX_POINT ( 'NONE', #790 ) ;
#5642 = CARTESIAN_POINT ( 'NONE',  ( 3.722634465029642570, 0.3000000000000594969, -39.87769282886888078 ) ) ;
#5643 = CARTESIAN_POINT ( 'NONE',  ( -3.515760589819048931, 0.3000000000000089262, 36.68662331502316221 ) ) ;
#5644 = CARTESIAN_POINT ( 'NONE',  ( -5.400000000000009237, 1.399999999999992584, 65.50000000000000000 ) ) ;
#5645 = PLANE ( 'NONE',  #2741 ) ;
#5646 = CARTESIAN_POINT ( 'NONE',  ( -1.501678036839907193, 0.3000000000000230260, -30.35351012476326105 ) ) ;
#5647 = CARTESIAN_POINT ( 'NONE',  ( 1.191010957294032391, 0.3000000000000418443, 8.453726026746954503 ) ) ;
#5648 = CARTESIAN_POINT ( 'NONE',  ( -0.7529470325853993007, 2.824346659324739051E-14, 28.62781294036259894 ) ) ;
#5649 = CARTESIAN_POINT ( 'NONE',  ( -2.554248584258054677, 1.572093150103981429E-14, -29.74491826918449533 ) ) ;
#5650 = ORIENTED_EDGE ( 'NONE', *, *, #5512, .T. ) ;
#5651 = CARTESIAN_POINT ( 'NONE',  ( -3.054085491512464223, 0.3000000000000121458, -36.99764121097572200 ) ) ;
#5652 = EDGE_CURVE ( 'NONE', #3480, #1865, #4072, .T. ) ;
#5653 = CARTESIAN_POINT ( 'NONE',  ( -1.957170802894802941, 0.3000000000000198064, 40.95198493314992305 ) ) ;
#5654 = AXIS2_PLACEMENT_3D ( 'NONE', #5563, #3016, #1499 ) ;
#5655 = B_SPLINE_SURFACE_WITH_KNOTS ( 'NONE', 3, 1, ( 
 ( #6243, #1532 ),
 ( #3582, #5635 ),
 ( #3085, #4629 ),
 ( #1636, #6172 ),
 ( #1562, #5748 ),
 ( #5201, #3620 ),
 ( #5167, #564 ),
 ( #1112, #3155 ),
 ( #2608, #5060 ),
 ( #4661, #600 ),
 ( #2647, #4694 ) ),
 .UNSPECIFIED., .F., .F., .F.,
 ( 4, 1, 1, 1, 1, 1, 1, 1, 4 ),
 ( 2, 2 ),
 ( 0.000000000000000000, 0.1689022074795359651, 0.3184317872561822638, 0.4482139440641136896, 0.5625756027281670901, 0.6697294301672211958, 0.7729592904557768263, 0.8812919015951204971, 1.000000000000000000 ),
 ( 0.000000000000000000, 1.000000000000000000 ),
 .UNSPECIFIED. ) ;
#5656 = ORIENTED_EDGE ( 'NONE', *, *, #4175, .T. ) ;
#5657 = EDGE_LOOP ( 'NONE', ( #1523, #2063, #5590, #3114 ) ) ;
#5658 = EDGE_LOOP ( 'NONE', ( #6104, #3469, #5431, #1742 ) ) ;
#5659 = EDGE_CURVE ( 'NONE', #4958, #2367, #4413, .T. ) ;
#5660 = AXIS2_PLACEMENT_3D ( 'NONE', #4468, #5574, #332 ) ;
#5661 = FACE_OUTER_BOUND ( 'NONE', #6036, .T. ) ;
#5662 = DIRECTION ( 'NONE',  ( 1.000000000000000000, 6.982962677686267499E-15, 0.000000000000000000 ) ) ;
#5663 = CARTESIAN_POINT ( 'NONE',  ( -2.108796936361810648, 0.3000000000000188072, 36.25773005552411377 ) ) ;
#5664 = CARTESIAN_POINT ( 'NONE',  ( 4.277826605902761870, 0.3000000000000633271, -14.12736765543618667 ) ) ;
#5665 = CIRCLE ( 'NONE', #2773, 1.300000000000000044 ) ;
#5666 = DIRECTION ( 'NONE',  ( -7.228014483236701486E-16, 1.000000000000000000, 0.000000000000000000 ) ) ;
#5667 = ORIENTED_EDGE ( 'NONE', *, *, #4861, .T. ) ;
#5668 = CARTESIAN_POINT ( 'NONE',  ( 1.358455888594021443, 0.3000000000000429545, -31.62147599300430656 ) ) ;
#5669 = ADVANCED_FACE ( 'NONE', ( #3906 ), #19, .T. ) ;
#5670 = ORIENTED_EDGE ( 'NONE', *, *, #872, .T. ) ;
#5671 = ORIENTED_EDGE ( 'NONE', *, *, #4454, .T. ) ;
#5672 = B_SPLINE_CURVE_WITH_KNOTS ( 'NONE', 3,
 ( #5606, #4168, #5718, #6115, #4668, #1156, #3591, #1605, #6251, #4598, #1119 ),
 .UNSPECIFIED., .F., .F.,
 ( 4, 1, 1, 1, 1, 1, 1, 1, 4 ),
 ( 0.000000000000000000, 0.1689022074795359651, 0.3184317872561822638, 0.4482139440641136896, 0.5625756027281670901, 0.6697294301672211958, 0.7729592904557768263, 0.8812919015951204971, 1.000000000000000000 ),
 .UNSPECIFIED. ) ;
#5673 = PLANE ( 'NONE',  #1651 ) ;
#5674 = CARTESIAN_POINT ( 'NONE',  ( -2.612166758377050702, 1.527755787125442303E-14, 41.32253933288067316 ) ) ;
#5675 = CARTESIAN_POINT ( 'NONE',  ( -4.174327230550899159, 0.3000000000000043743, 33.22796262725763938 ) ) ;
#5676 = CARTESIAN_POINT ( 'NONE',  ( 2.111520788161223017, 4.830120678422922254E-14, -32.54983468312585160 ) ) ;
#5677 = ADVANCED_FACE ( 'NONE', ( #1916 ), #6249, .T. ) ;
#5678 = SURFACE_STYLE_FILL_AREA ( #3623 ) ;
#5679 = B_SPLINE_CURVE_WITH_KNOTS ( 'NONE', 3,
 ( #6096, #407, #4546, #517, #4043, #6557, #1027, #5520, #2457, #6059, #3073, #5121, #5585, #2017, #6590, #1950, #2968, #1986, #1457 ),
 .UNSPECIFIED., .F., .F.,
 ( 4, 1, 1, 1, 1, 1, 1, 1, 1, 1, 1, 1, 1, 1, 1, 1, 4 ),
 ( 0.000000000000000000, 0.07259217932082656644, 0.1425585021868769897, 0.2098992474098895500, 0.2754939617704570964, 0.3393548403198480279, 0.4020233387002537517, 0.4647568162961598914, 0.5274725789646352858, 0.5893500195247663997, 0.6485309532755089146, 0.7067040216821979248, 0.7636154795876823886, 0.8213796233550821890, 0.8789961009149733773, 0.9383104003193566411, 1.000000000000000000 ),
 .UNSPECIFIED. ) ;
#5680 = ORIENTED_EDGE ( 'NONE', *, *, #1933, .T. ) ;
#5681 = CARTESIAN_POINT ( 'NONE',  ( 3.427265561421358964, 0.3000000000000574429, 43.67732049796295257 ) ) ;
#5682 = CARTESIAN_POINT ( 'NONE',  ( -2.966531372544277900, 0.3000000000000127565, 36.40471377469565084 ) ) ;
#5683 = DIRECTION ( 'NONE',  ( -7.228014483236701486E-16, 1.000000000000000000, -0.000000000000000000 ) ) ;
#5684 = CARTESIAN_POINT ( 'NONE',  ( -3.768288062047087550, 7.204405956848687438E-15, -39.86140131943434284 ) ) ;
#5685 = EDGE_CURVE ( 'NONE', #947, #1921, #2807, .T. ) ;
#5686 = LINE ( 'NONE', #1087, #4729 ) ;
#5687 = LINE ( 'NONE', #3130, #4118 ) ;
#5688 = FACE_OUTER_BOUND ( 'NONE', #6520, .T. ) ;
#5689 = ORIENTED_EDGE ( 'NONE', *, *, #1653, .F. ) ;
#5690 = CARTESIAN_POINT ( 'NONE',  ( -8.000000000000007105, 1.399999999999990585, 0.000000000000000000 ) ) ;
#5691 = EDGE_CURVE ( 'NONE', #3249, #4112, #3538, .T. ) ;
#5692 = ADVANCED_FACE ( 'NONE', ( #6127 ), #5550, .T. ) ;
#5693 = B_SPLINE_SURFACE_WITH_KNOTS ( 'NONE', 3, 1, ( 
 ( #5095, #6637 ),
 ( #4022, #2609 ),
 ( #566, #3583 ),
 ( #2539, #493 ),
 ( #6173, #1564 ),
 ( #530, #6072 ),
 ( #1533, #6108 ),
 ( #1000, #2572 ),
 ( #5031, #5676 ),
 ( #1469, #3518 ),
 ( #4663, #4632 ) ),
 .UNSPECIFIED., .F., .F., .F.,
 ( 4, 1, 1, 1, 1, 1, 1, 1, 4 ),
 ( 2, 2 ),
 ( 0.000000000000000000, 0.1436708984003759459, 0.2788582419204835294, 0.4067870132186541254, 0.5297837450611724286, 0.6482828039214291183, 0.7655287926444458435, 0.8817668468039311369, 1.000000000000000000 ),
 ( 0.000000000000000000, 1.000000000000000000 ),
 .UNSPECIFIED. ) ;
#5694 = CARTESIAN_POINT ( 'NONE',  ( -1.788982143740578179, 0.3000000000000210276, 41.08431108033305179 ) ) ;
#5695 = ORIENTED_EDGE ( 'NONE', *, *, #4409, .T. ) ;
#5696 = VERTEX_POINT ( 'NONE', #4579 ) ;
#5697 = LINE ( 'NONE', #782, #6482 ) ;
#5698 = CARTESIAN_POINT ( 'NONE',  ( 2.047409290551221783, 0.3000000000000477840, -32.86876650144723300 ) ) ;
#5699 = CARTESIAN_POINT ( 'NONE',  ( -4.500749147646359027, 2.331034670843834533E-15, 38.00637701906370580 ) ) ;
#5700 = AXIS2_PLACEMENT_3D ( 'NONE', #5716, #1117, #3160 ) ;
#5701 = CARTESIAN_POINT ( 'NONE',  ( -4.810820092996253905, 1.084202172485504434E-16, -38.98306009914769277 ) ) ;
#5702 = FACE_OUTER_BOUND ( 'NONE', #5324, .T. ) ;
#5703 = EDGE_LOOP ( 'NONE', ( #4723, #4883, #2567, #250 ) ) ;
#5704 = CARTESIAN_POINT ( 'NONE',  ( 4.277826605902773416, 0.3000000000000633271, 23.40199870533412607 ) ) ;
#5705 = DIRECTION ( 'NONE',  ( -1.000000000000000000, -7.506015040284271099E-16, 0.000000000000000000 ) ) ;
#5706 = EDGE_CURVE ( 'NONE', #3746, #3249, #5679, .T. ) ;
#5707 = VERTEX_POINT ( 'NONE', #984 ) ;
#5708 = ORIENTED_EDGE ( 'NONE', *, *, #4870, .F. ) ;
#5709 = VECTOR ( 'NONE', #5361, 1000.000000000000000 ) ;
#5710 = CARTESIAN_POINT ( 'NONE',  ( 7.999999999999979572, 6.000000000000002665, -32.75000000000000000 ) ) ;
#5711 = DIRECTION ( 'NONE',  ( 0.000000000000000000, 1.000000000000000000, 0.000000000000000000 ) ) ;
#5712 = CARTESIAN_POINT ( 'NONE',  ( -4.913472832573789972, 0.2999999999999991562, 30.27774315410190198 ) ) ;
#5713 = CARTESIAN_POINT ( 'NONE',  ( -4.913472832573801519, 0.2999999999999991562, -38.41941889127095067 ) ) ;
#5714 =( NAMED_UNIT ( * ) PLANE_ANGLE_UNIT ( ) SI_UNIT ( $, .RADIAN. ) );
#5715 = VERTEX_POINT ( 'NONE', #3037 ) ;
#5716 = CARTESIAN_POINT ( 'NONE',  ( 4.277826605902763646, 0.3000000000000633271, -8.907617357042102668 ) ) ;
#5717 = DIRECTION ( 'NONE',  ( -7.228014483236701486E-16, 1.000000000000000000, 0.000000000000000000 ) ) ;
#5718 = CARTESIAN_POINT ( 'NONE',  ( 2.116357668861257313, 4.829666746718733418E-14, 39.88281877441612977 ) ) ;
#5719 =( LENGTH_UNIT ( ) NAMED_UNIT ( * ) SI_UNIT ( .MILLI., .METRE. ) );
#5720 = DIRECTION ( 'NONE',  ( 1.000000000000000000, 0.000000000000000000, -0.000000000000000000 ) ) ;
#5721 = CARTESIAN_POINT ( 'NONE',  ( -1.545809350737496368, 0.3000000000000226930, -39.23581467937188449 ) ) ;
#5722 = LINE ( 'NONE', #540, #2835 ) ;
#5723 = CARTESIAN_POINT ( 'NONE',  ( -2.639522353628279472, 0.3000000000000150324, -30.25606198834415039 ) ) ;
#5724 = CARTESIAN_POINT ( 'NONE',  ( -1.155485990674285812, 0.3000000000000254130, -29.48623592552537076 ) ) ;
#5725 = CARTESIAN_POINT ( 'NONE',  ( -4.911550313876355212, 0.2999999999999992117, 40.87095418334794061 ) ) ;
#5726 = EDGE_CURVE ( 'NONE', #5014, #4379, #4207, .T. ) ;
#5727 = CARTESIAN_POINT ( 'NONE',  ( 4.355037564978135656, 6.391371806802048638E-14, -32.83751850509298720 ) ) ;
#5728 = EDGE_CURVE ( 'NONE', #2781, #5334, #6623, .T. ) ;
#5729 = EDGE_CURVE ( 'NONE', #1764, #1197, #1518, .T. ) ;
#5730 = ORIENTED_EDGE ( 'NONE', *, *, #698, .T. ) ;
#5731 = ORIENTED_EDGE ( 'NONE', *, *, #4042, .T. ) ;
#5732 = ORIENTED_EDGE ( 'NONE', *, *, #5858, .F. ) ;
#5733 = DIRECTION ( 'NONE',  ( 0.000000000000000000, 1.000000000000000000, 0.000000000000000000 ) ) ;
#5734 = FACE_BOUND ( 'NONE', #4510, .T. ) ;
#5735 = LINE ( 'NONE', #6302, #2156 ) ;
#5736 = LINE ( 'NONE', #3312, #3710 ) ;
#5737 = CARTESIAN_POINT ( 'NONE',  ( -4.156006061401992469, 0.3000000000000044853, -39.71896807988401434 ) ) ;
#5738 = VECTOR ( 'NONE', #347, 1000.000000000000000 ) ;
#5739 = CARTESIAN_POINT ( 'NONE',  ( 10.99999999999999645, 6.000000000000003553, -69.00000000000000000 ) ) ;
#5740 = ORIENTED_EDGE ( 'NONE', *, *, #2343, .T. ) ;
#5741 = AXIS2_PLACEMENT_3D ( 'NONE', #5138, #5717, #3522 ) ;
#5742 = FACE_BOUND ( 'NONE', #6224, .T. ) ;
#5743 = CARTESIAN_POINT ( 'NONE',  ( 4.149830361428437975, 0.3000000000000624945, 28.30885660591120612 ) ) ;
#5744 = ORIENTED_EDGE ( 'NONE', *, *, #6573, .T. ) ;
#5745 = EDGE_CURVE ( 'NONE', #5544, #2123, #1426, .T. ) ;
#5746 = ORIENTED_EDGE ( 'NONE', *, *, #1456, .F. ) ;
#5747 = CARTESIAN_POINT ( 'NONE',  ( -0.5849028221956670270, 2.943386627542847399E-14, -28.36505273668019100 ) ) ;
#5748 = CARTESIAN_POINT ( 'NONE',  ( 2.054320344270550880, 4.803015624110784643E-14, 40.16227188247221846 ) ) ;
#5749 = FACE_OUTER_BOUND ( 'NONE', #2384, .T. ) ;
#5750 = VECTOR ( 'NONE', #3592, 1000.000000000000000 ) ;
#5751 = CARTESIAN_POINT ( 'NONE',  ( -2.435888362454794898, 0.3000000000000165312, 42.50987708744306559 ) ) ;
#5752 = CARTESIAN_POINT ( 'NONE',  ( -4.005690171983513181, 0.3000000000000054845, 26.60937923855252052 ) ) ;
#5753 = EDGE_CURVE ( 'NONE', #4144, #5879, #5622, .T. ) ;
#5754 = B_SPLINE_SURFACE_WITH_KNOTS ( 'NONE', 3, 1, ( 
 ( #792, #2843 ),
 ( #4386, #1828 ),
 ( #3881, #1884 ),
 ( #5933, #3941 ),
 ( #1325, #3377 ),
 ( #4922, #6460 ),
 ( #1386, #3405 ),
 ( #5456, #5994 ),
 ( #3436, #5483 ),
 ( #2934, #998 ),
 ( #4161, #454 ),
 ( #4592, #23 ),
 ( #6602, #5094 ),
 ( #490, #6635 ),
 ( #5637, #1040 ),
 ( #5133, #5275 ),
 ( #4799, #3730 ),
 ( #4831, #6279 ),
 ( #5786, #6343 ) ),
 .UNSPECIFIED., .F., .F., .F.,
 ( 4, 1, 1, 1, 1, 1, 1, 1, 1, 1, 1, 1, 1, 1, 1, 1, 4 ),
 ( 2, 2 ),
 ( 0.000000000000000000, 0.08267830526580750850, 0.1623383165474914236, 0.2394176572719168006, 0.3132080326103174883, 0.3844737811954639928, 0.4528987057658007687, 0.5185093162957314927, 0.5817695821953625668, 0.6423022115372429841, 0.7002721239175409007, 0.7556255319328752940, 0.8086115997138167977, 0.8595221000310073745, 0.9083210622552954083, 0.9552539764578326098, 1.000000000000000000 ),
 ( 0.000000000000000000, 1.000000000000000000 ),
 .UNSPECIFIED. ) ;
#5755 = CARTESIAN_POINT ( 'NONE',  ( 3.966754225818094337, 6.125742274543100052E-14, 42.77810246393357119 ) ) ;
#5756 = FACE_OUTER_BOUND ( 'NONE', #628, .T. ) ;
#5757 = CARTESIAN_POINT ( 'NONE',  ( 4.149830361428437975, 6.249633138547820329E-14, 28.30885660591120612 ) ) ;
#5758 = CARTESIAN_POINT ( 'NONE',  ( -0.7937626115241948055, 0.3000000000000279665, 35.33496246247023009 ) ) ;
#5759 = CARTESIAN_POINT ( 'NONE',  ( -0.8771969141668124470, 2.739278754028565323E-14, 43.06958928393706998 ) ) ;
#5760 = CARTESIAN_POINT ( 'NONE',  ( -1.256905729295115126, 0.3000000000000246914, -39.40298006866835578 ) ) ;
#5761 = DIRECTION ( 'NONE',  ( -0.000000000000000000, 0.000000000000000000, -1.000000000000000000 ) ) ;
#5762 = CARTESIAN_POINT ( 'NONE',  ( 0.5707707827331760519, 0.3000000000000375144, 38.53785409042630050 ) ) ;
#5763 = CARTESIAN_POINT ( 'NONE',  ( 4.277826605902767199, 0.3000000000000633271, 8.453726026746952726 ) ) ;
#5764 = CARTESIAN_POINT ( 'NONE',  ( 4.045621532888002747, 0.3000000000000617173, -34.69927980785723776 ) ) ;
#5765 = ORIENTED_EDGE ( 'NONE', *, *, #5449, .F. ) ;
#5766 = ORIENTED_EDGE ( 'NONE', *, *, #3458, .T. ) ;
#5767 = ORIENTED_EDGE ( 'NONE', *, *, #3838, .T. ) ;
#5768 = CARTESIAN_POINT ( 'NONE',  ( 0.4120963515268071808, 0.3000000000000363487, 29.47236806793426922 ) ) ;
#5769 = AXIS2_PLACEMENT_3D ( 'NONE', #3078, #5025, #5161 ) ;
#5770 = DIRECTION ( 'NONE',  ( 0.9495246857993071554, 6.630495442478342213E-15, -0.3136923190926536043 ) ) ;
#5771 = CARTESIAN_POINT ( 'NONE',  ( 1.405523301696068428, 0.3000000000000432876, -34.04714078385671172 ) ) ;
#5772 = CARTESIAN_POINT ( 'NONE',  ( 1.184069202295775947, 4.178653190032325061E-14, 40.05819416687879198 ) ) ;
#5773 = DIRECTION ( 'NONE',  ( 3.821891629542292715E-16, 0.000000000000000000, 1.000000000000000000 ) ) ;
#5774 = ADVANCED_FACE ( 'NONE', ( #5661 ), #1067, .T. ) ;
#5775 = VERTEX_POINT ( 'NONE', #918 ) ;
#5776 = FACE_OUTER_BOUND ( 'NONE', #1502, .T. ) ;
#5777 = CARTESIAN_POINT ( 'NONE',  ( 4.333128997070958555, 0.3000000000000637157, 29.30377066051305945 ) ) ;
#5778 = B_SPLINE_CURVE_WITH_KNOTS ( 'NONE', 3,
 ( #1239, #1769, #5241, #3225, #639, #5875, #5339, #675, #1270, #2683, #3321, #2175, #2720, #4229, #4765, #3287, #168, #2209, #6313 ),
 .UNSPECIFIED., .F., .F.,
 ( 4, 1, 1, 1, 1, 1, 1, 1, 1, 1, 1, 1, 1, 1, 1, 1, 4 ),
 ( 0.000000000000000000, 0.07259217932082656644, 0.1425585021868769897, 0.2098992474098895500, 0.2754939617704570964, 0.3393548403198480279, 0.4020233387002537517, 0.4647568162961598914, 0.5274725789646352858, 0.5893500195247663997, 0.6485309532755089146, 0.7067040216821979248, 0.7636154795876823886, 0.8213796233550821890, 0.8789961009149733773, 0.9383104003193566411, 1.000000000000000000 ),
 .UNSPECIFIED. ) ;
#5779 = ORIENTED_EDGE ( 'NONE', *, *, #4832, .T. ) ;
#5780 = ORIENTED_EDGE ( 'NONE', *, *, #2628, .F. ) ;
#5781 = AXIS2_PLACEMENT_3D ( 'NONE', #395, #2478, #2446 ) ;
#5782 = CARTESIAN_POINT ( 'NONE',  ( -4.174327230550899159, 4.369049597507692913E-15, 33.22796262725763938 ) ) ;
#5783 = CARTESIAN_POINT ( 'NONE',  ( 0.01185926148422550806, 3.360103363322343886E-14, -27.78667850440718823 ) ) ;
#5784 = LINE ( 'NONE', #5842, #626 ) ;
#5785 = EDGE_CURVE ( 'NONE', #5548, #5707, #1923, .T. ) ;
#5786 = CARTESIAN_POINT ( 'NONE',  ( 1.956952577167069940, 0.3000000000000471179, -36.36804283989799558 ) ) ;
#5787 = CARTESIAN_POINT ( 'NONE',  ( -0.5508427395651096514, 2.970713952610282149E-14, 31.06496476103416171 ) ) ;
#5788 = CARTESIAN_POINT ( 'NONE',  ( -4.911550313876355212, 0.2999999999999992117, 40.87095418334794061 ) ) ;
#5789 = EDGE_LOOP ( 'NONE', ( #4462, #6168, #6330, #6051, #1105, #4647, #4129, #6620, #1979, #2436, #762, #3279 ) ) ;
#5790 = CARTESIAN_POINT ( 'NONE',  ( 0.6668738641881192253, 0.3000000000000381251, 38.77980338061114907 ) ) ;
#5791 = CARTESIAN_POINT ( 'NONE',  ( 0.000000000000000000, 5.000000000000000000, -70.00000000000000000 ) ) ;
#5792 = CARTESIAN_POINT ( 'NONE',  ( -4.174327230550899159, 4.499439015814843401E-15, 33.22796262725763938 ) ) ;
#5793 = CARTESIAN_POINT ( 'NONE',  ( -2.152891577614693741, 1.848465931730566867E-14, -31.03481970893010811 ) ) ;
#5794 = CARTESIAN_POINT ( 'NONE',  ( -4.032317496064095508, 5.360698273297284000E-15, -37.04325120219272094 ) ) ;
#5795 = CARTESIAN_POINT ( 'NONE',  ( 0.7619418091244145597, 3.881443777498105874E-14, 39.03288139237298537 ) ) ;
#5796 = CARTESIAN_POINT ( 'NONE',  ( -10.60000000000000853, 5.999999999999988454, 0.000000000000000000 ) ) ;
#5797 = EDGE_CURVE ( 'NONE', #4930, #4443, #5697, .T. ) ;
#5798 = B_SPLINE_CURVE_WITH_KNOTS ( 'NONE', 3,
 ( #2163, #4220, #3333, #5771, #1168, #5419, #4754, #5698, #4185, #6197, #588 ),
 .UNSPECIFIED., .F., .F.,
 ( 4, 1, 1, 1, 1, 1, 1, 1, 4 ),
 ( 0.000000000000000000, 0.1436708984003759459, 0.2788582419204835294, 0.4067870132186541254, 0.5297837450611724286, 0.6482828039214291183, 0.7655287926444458435, 0.8817668468039311369, 1.000000000000000000 ),
 .UNSPECIFIED. ) ;
#5799 = CARTESIAN_POINT ( 'NONE',  ( -0.4248411140035839861, 3.055157120986050982E-14, -39.83304652448822480 ) ) ;
#5800 = ORIENTED_EDGE ( 'NONE', *, *, #5869, .F. ) ;
#5801 = ORIENTED_EDGE ( 'NONE', *, *, #6, .T. ) ;
#5802 = VERTEX_POINT ( 'NONE', #2316 ) ;
#5803 = DIRECTION ( 'NONE',  ( -4.306356765681455539E-16, -1.529925258723159068E-30, -1.000000000000000000 ) ) ;
#5804 = CARTESIAN_POINT ( 'NONE',  ( 0.9238103592362292282, 3.996915411270062577E-14, 39.46244363534153621 ) ) ;
#5805 = CARTESIAN_POINT ( 'NONE',  ( -4.800000000000003375, 3.200678509869458970E-32, 26.51895557509527634 ) ) ;
#5806 = CARTESIAN_POINT ( 'NONE',  ( -4.857963980825509509, 0.2999999999999996003, -38.85011092404509014 ) ) ;
#5807 = VERTEX_POINT ( 'NONE', #4219 ) ;
#5808 = CARTESIAN_POINT ( 'NONE',  ( 1.125950384185440578, 4.130810277169771894E-14, -31.99731086207295405 ) ) ;
#5809 = CARTESIAN_POINT ( 'NONE',  ( -2.271281496494544694, 0.3000000000000176414, 42.82347381096023042 ) ) ;
#5810 = ORIENTED_EDGE ( 'NONE', *, *, #1850, .T. ) ;
#5811 = VERTEX_POINT ( 'NONE', #118 ) ;
#5812 = VECTOR ( 'NONE', #1154, 1000.000000000000000 ) ;
#5813 = CARTESIAN_POINT ( 'NONE',  ( -4.913472832573800630, -7.923765547940901445E-16, -31.27063043912250961 ) ) ;
#5814 = CARTESIAN_POINT ( 'NONE',  ( 1.065486096489355772, 0.3000000000000409561, 39.80651111403571463 ) ) ;
#5815 = EDGE_CURVE ( 'NONE', #4330, #5879, #1781, .T. ) ;
#5816 = CARTESIAN_POINT ( 'NONE',  ( -0.3074161322300330568, 3.144186300207962859E-14, 31.14462540978609084 ) ) ;
#5817 = EDGE_CURVE ( 'NONE', #4234, #2283, #71, .T. ) ;
#5818 = DIRECTION ( 'NONE',  ( -7.228014483236701486E-16, 1.000000000000000000, 0.000000000000000000 ) ) ;
#5819 = ORIENTED_EDGE ( 'NONE', *, *, #3462, .T. ) ;
#5820 = CARTESIAN_POINT ( 'NONE',  ( 4.391299438476560901, 6.423897871976613771E-14, 40.08782413270738232 ) ) ;
#5821 = CARTESIAN_POINT ( 'NONE',  ( -3.902548046614921606, 0.3000000000000062617, -36.99513860406866428 ) ) ;
#5822 = CARTESIAN_POINT ( 'NONE',  ( 1.467831074421174442, 0.3000000000000437317, -27.40678240473481964 ) ) ;
#5823 = DIRECTION ( 'NONE',  ( 1.000000000000000000, 6.505213034913020688E-16, 0.000000000000000000 ) ) ;
#5824 = CARTESIAN_POINT ( 'NONE',  ( 0.3640793263378176992, 0.3000000000000360156, -40.14836932096963551 ) ) ;
#5825 = FACE_OUTER_BOUND ( 'NONE', #6522, .T. ) ;
#5826 = FACE_OUTER_BOUND ( 'NONE', #4288, .T. ) ;
#5827 = ADVANCED_FACE ( 'NONE', ( #2706 ), #4753, .T. ) ;
#5828 = CARTESIAN_POINT ( 'NONE',  ( -2.506774760217755027, 1.604619215278546562E-14, 41.10176638898224866 ) ) ;
#5829 = DIRECTION ( 'NONE',  ( 0.000000000000000000, 0.000000000000000000, 1.000000000000000000 ) ) ;
#5830 = ORIENTED_EDGE ( 'NONE', *, *, #1653, .T. ) ;
#5831 = VERTEX_POINT ( 'NONE', #4184 ) ;
#5832 = VERTEX_POINT ( 'NONE', #5225 ) ;
#5833 = FACE_OUTER_BOUND ( 'NONE', #1666, .T. ) ;
#5834 = DIRECTION ( 'NONE',  ( -7.228014483236701486E-16, 1.000000000000000000, -0.000000000000000000 ) ) ;
#5835 = CARTESIAN_POINT ( 'NONE',  ( -4.594013229281103783, 0.3000000000000014322, -39.34938159871578023 ) ) ;
#5836 = ORIENTED_EDGE ( 'NONE', *, *, #4907, .T. ) ;
#5837 = DIRECTION ( 'NONE',  ( -1.000000000000000000, 0.000000000000000000, 5.837734231281781163E-16 ) ) ;
#5838 = CARTESIAN_POINT ( 'NONE',  ( 3.866439604919302386, 0.3000000000000604961, 27.38082320040685502 ) ) ;
#5839 = ORIENTED_EDGE ( 'NONE', *, *, #4140, .F. ) ;
#5840 = EDGE_LOOP ( 'NONE', ( #5708, #710, #5117, #1258 ) ) ;
#5841 = CARTESIAN_POINT ( 'NONE',  ( 0.6347645690232888160, 3.795075814750140234E-14, -27.48981955788361375 ) ) ;
#5842 = CARTESIAN_POINT ( 'NONE',  ( 4.277826605902765422, 0.3000000000000633271, -10.04234568277993667 ) ) ;
#5843 = CARTESIAN_POINT ( 'NONE',  ( 10.59999999999998010, 1.400000000000004796, 65.50000000000000000 ) ) ;
#5844 = FACE_OUTER_BOUND ( 'NONE', #157, .T. ) ;
#5845 = CARTESIAN_POINT ( 'NONE',  ( 3.810881282776103163, 6.012946261961286867E-14, -28.83023711853648408 ) ) ;
#5846 = ORIENTED_EDGE ( 'NONE', *, *, #6564, .T. ) ;
#5847 = CARTESIAN_POINT ( 'NONE',  ( -1.668646482053288915, 0.3000000000000218048, 36.26417067840509389 ) ) ;
#5848 = CARTESIAN_POINT ( 'NONE',  ( -4.749474425623441576, 0.3000000000000003775, -37.72682454783588923 ) ) ;
#5849 = DIRECTION ( 'NONE',  ( -0.000000000000000000, -0.000000000000000000, 1.000000000000000000 ) ) ;
#5850 = DIRECTION ( 'NONE',  ( -3.474446935947538249E-16, 0.000000000000000000, -1.000000000000000000 ) ) ;
#5851 = CARTESIAN_POINT ( 'NONE',  ( -1.289434242248535867, 0.3000000000000244693, 42.10905896292793216 ) ) ;
#5852 = DIRECTION ( 'NONE',  ( 0.000000000000000000, 0.000000000000000000, 1.000000000000000000 ) ) ;
#5853 = CARTESIAN_POINT ( 'NONE',  ( -1.668646482053288915, 0.3000000000000218048, 36.26417067840509389 ) ) ;
#5854 = ADVANCED_FACE ( 'NONE', ( #5386, #2196, #552, #5734, #4374, #2830 ), #3177, .F. ) ;
#5855 = CARTESIAN_POINT ( 'NONE',  ( -1.957170802894802941, 1.985137018242240698E-14, 40.95198493314992305 ) ) ;
#5856 = VECTOR ( 'NONE', #5921, 1000.000000000000000 ) ;
#5857 = CARTESIAN_POINT ( 'NONE',  ( 1.952201628694225199, 4.715037196538431870E-14, -40.45133864738155438 ) ) ;
#5858 = EDGE_CURVE ( 'NONE', #1659, #2873, #1134, .T. ) ;
#5859 = DIRECTION ( 'NONE',  ( -1.000000000000000000, -6.982962677686266711E-15, 0.000000000000000000 ) ) ;
#5860 = ORIENTED_EDGE ( 'NONE', *, *, #3113, .F. ) ;
#5861 = ORIENTED_EDGE ( 'NONE', *, *, #2749, .F. ) ;
#5862 = ORIENTED_EDGE ( 'NONE', *, *, #5098, .T. ) ;
#5863 = DIRECTION ( 'NONE',  ( -0.000000000000000000, -1.000000000000000000, -0.000000000000000000 ) ) ;
#5864 = CARTESIAN_POINT ( 'NONE',  ( -4.800000000000012257, 0.2999999999999999889, -14.12736765543618311 ) ) ;
#5865 = FACE_OUTER_BOUND ( 'NONE', #1115, .T. ) ;
#5866 = VERTEX_POINT ( 'NONE', #1814 ) ;
#5867 = CARTESIAN_POINT ( 'NONE',  ( -3.251254211700685737, 1.081483403691790853E-14, 36.52872022723562395 ) ) ;
#5868 = CARTESIAN_POINT ( 'NONE',  ( 0.8819999545929635421, 3.967719361753783720E-14, -36.52069296135440624 ) ) ;
#5869 = EDGE_CURVE ( 'NONE', #3638, #3678, #3869, .T. ) ;
#5870 = ORIENTED_EDGE ( 'NONE', *, *, #2282, .T. ) ;
#5871 = ORIENTED_EDGE ( 'NONE', *, *, #415, .F. ) ;
#5872 = AXIS2_PLACEMENT_3D ( 'NONE', #259, #4426, #4865 ) ;
#5873 = CARTESIAN_POINT ( 'NONE',  ( -5.400000000000009237, 1.399999999999992584, -32.75000000000000000 ) ) ;
#5874 = DIRECTION ( 'NONE',  ( -1.000000000000000000, -0.000000000000000000, -0.000000000000000000 ) ) ;
#5875 = CARTESIAN_POINT ( 'NONE',  ( 2.924160419677603429, 5.393752392707030722E-14, -36.50943049544297736 ) ) ;
#5876 = VECTOR ( 'NONE', #1686, 1000.000000000000000 ) ;
#5877 = CARTESIAN_POINT ( 'NONE',  ( -2.494875965596641265, 0.3000000000000160871, -37.34629705810536393 ) ) ;
#5878 = CARTESIAN_POINT ( 'NONE',  ( -4.538603004686842191, 1.788933584601082316E-15, 43.94876211339825289 ) ) ;
#5879 = VERTEX_POINT ( 'NONE', #45 ) ;
#5880 = CARTESIAN_POINT ( 'NONE',  ( 0.1251663804306532013, 0.3000000000000343503, 37.55276587007764277 ) ) ;
#5881 = CARTESIAN_POINT ( 'NONE',  ( -4.679936980657220857, 0.3000000000000007661, -37.60170560079647828 ) ) ;
#5882 = LINE ( 'NONE', #2215, #3201 ) ;
#5883 = CIRCLE ( 'NONE', #5660, 2.599999999999998312 ) ;
#5884 = CARTESIAN_POINT ( 'NONE',  ( -1.566747100734731557, 2.257768432309038202E-14, -30.48866206042498206 ) ) ;
#5885 = CARTESIAN_POINT ( 'NONE',  ( -4.538603004686857290, 0.3000000000000018208, -27.99301373838122942 ) ) ;
#5886 = CARTESIAN_POINT ( 'NONE',  ( -2.340564852382053216E-28, 0.3000000000000334621, 5.350006815981471069E-44 ) ) ;
#5887 = CIRCLE ( 'NONE', #4916, 1.000000000000000888 ) ;
#5888 = CARTESIAN_POINT ( 'NONE',  ( -1.730442198314947166, 2.135878279796443735E-14, 41.16127396334157851 ) ) ;
#5889 = EDGE_CURVE ( 'NONE', #883, #262, #4719, .T. ) ;
#5890 = CARTESIAN_POINT ( 'NONE',  ( 10.59999999999998010, 1.400000000000004796, -65.50000000000000000 ) ) ;
#5891 = CARTESIAN_POINT ( 'NONE',  ( -2.567543320934291717, 1.558916166946738081E-14, -30.73604863794624364 ) ) ;
#5892 = CARTESIAN_POINT ( 'NONE',  ( 4.388907671279837608, 0.3000000000000641598, -31.67600165610951635 ) ) ;
#5893 = ORIENTED_EDGE ( 'NONE', *, *, #5652, .F. ) ;
#5894 = EDGE_CURVE ( 'NONE', #4390, #2106, #3213, .T. ) ;
#5895 = EDGE_LOOP ( 'NONE', ( #2799, #3272 ) ) ;
#5896 = EDGE_CURVE ( 'NONE', #6028, #2283, #5260, .T. ) ;
#5897 = CARTESIAN_POINT ( 'NONE',  ( 4.355037564978135656, 0.3000000000000638822, -32.83751850509298720 ) ) ;
#5898 = CARTESIAN_POINT ( 'NONE',  ( -1.357195341873279837, 0.3000000000000239697, -35.62395168203714491 ) ) ;
#5899 = DIRECTION ( 'NONE',  ( 1.000000000000000000, 0.000000000000000000, 0.000000000000000000 ) ) ;
#5900 = ORIENTED_EDGE ( 'NONE', *, *, #6377, .T. ) ;
#5901 = PLANE ( 'NONE',  #5336 ) ;
#5902 = LINE ( 'NONE', #4417, #6441 ) ;
#5903 = EDGE_LOOP ( 'NONE', ( #5221, #2236, #1798, #946 ) ) ;
#5904 = EDGE_LOOP ( 'NONE', ( #5367, #1722, #2264, #3434 ) ) ;
#5905 = LINE ( 'NONE', #5461, #4982 ) ;
#5906 = CARTESIAN_POINT ( 'NONE',  ( 0.4794085458955682499, 3.686591283624678502E-14, -33.63233123264360103 ) ) ;
#5907 = EDGE_CURVE ( 'NONE', #5807, #134, #6389, .T. ) ;
#5908 = CARTESIAN_POINT ( 'NONE',  ( 2.672675564669841464, 5.218141457054765326E-14, 44.26277254197214717 ) ) ;
#5909 = EDGE_CURVE ( 'NONE', #6057, #2500, #2089, .T. ) ;
#5910 = CARTESIAN_POINT ( 'NONE',  ( -0.8112512040076094166, 2.785328397308094018E-14, 28.80501068710431767 ) ) ;
#5911 = B_SPLINE_CURVE_WITH_KNOTS ( 'NONE', 3,
 ( #2322, #3372, #6456, #5452, #5985, #1938, #3994, #839, #901, #2988, #4937 ),
 .UNSPECIFIED., .F., .F.,
 ( 4, 1, 1, 1, 1, 1, 1, 1, 4 ),
 ( 0.000000000000000000, 0.1494422361013142131, 0.2881908720082078657, 0.4213463886540441683, 0.5525102689378168508, 0.6757268801235779554, 0.7866394655402548786, 0.8920946412305869044, 0.9999999999999998890 ),
 .UNSPECIFIED. ) ;
#5912 = AXIS2_PLACEMENT_3D ( 'NONE', #140, #4171, #1189 ) ;
#5913 = ORIENTED_EDGE ( 'NONE', *, *, #56, .F. ) ;
#5914 = CARTESIAN_POINT ( 'NONE',  ( 4.308126567036887344, 6.360170788126132254E-14, 38.62505897560269830 ) ) ;
#5915 = CARTESIAN_POINT ( 'NONE',  ( 0.1928046332465181423, 0.3000000000000348499, -0.8510462443033852686 ) ) ;
#5916 = DIRECTION ( 'NONE',  ( -0.000000000000000000, 0.000000000000000000, -1.000000000000000000 ) ) ;
#5917 = STYLED_ITEM ( 'NONE', ( #3519 ), #1433 ) ;
#5918 = DIRECTION ( 'NONE',  ( -1.000000000000000000, -6.672013369141570147E-16, 0.000000000000000000 ) ) ;
#5919 = CARTESIAN_POINT ( 'NONE',  ( -4.239727889166937658, 0.3000000000000038747, 44.87850528293186159 ) ) ;
#5920 = CARTESIAN_POINT ( 'NONE',  ( -1.243603297660063722, 0.3000000000000248024, 42.22760884801066794 ) ) ;
#5921 = DIRECTION ( 'NONE',  ( -7.228014483236701486E-16, 1.000000000000000000, -0.000000000000000000 ) ) ;
#5922 = CARTESIAN_POINT ( 'NONE',  ( -4.913472832573789972, -7.923765547940911306E-16, 30.27774315410190198 ) ) ;
#5923 = CARTESIAN_POINT ( 'NONE',  ( -2.431381251696000945, 1.653997631707488097E-14, -30.92529347190896871 ) ) ;
#5924 = FACE_OUTER_BOUND ( 'NONE', #3943, .T. ) ;
#5925 = ORIENTED_EDGE ( 'NONE', *, *, #2975, .F. ) ;
#5926 = CARTESIAN_POINT ( 'NONE',  ( -10.60000000000000853, 5.999999999999988454, -65.50000000000000000 ) ) ;
#5927 = EDGE_CURVE ( 'NONE', #5411, #5802, #2953, .T. ) ;
#5928 = EDGE_CURVE ( 'NONE', #6193, #3082, #2410, .T. ) ;
#5929 = CARTESIAN_POINT ( 'NONE',  ( -3.438326009114589521, 9.508518657528963011E-15, 18.82053309016756870 ) ) ;
#5930 = CARTESIAN_POINT ( 'NONE',  ( -0.5519886277944301423, 0.3000000000000296319, -35.24528100561035870 ) ) ;
#5931 = CARTESIAN_POINT ( 'NONE',  ( 1.962629466150767277, 0.3000000000000471734, 34.79305116404280795 ) ) ;
#5932 = ORIENTED_EDGE ( 'NONE', *, *, #5115, .T. ) ;
#5933 = CARTESIAN_POINT ( 'NONE',  ( -1.519924591261406999, 0.3000000000000229150, -37.58582773788899800 ) ) ;
#5934 = LINE ( 'NONE', #5429, #3657 ) ;
#5935 = ORIENTED_EDGE ( 'NONE', *, *, #2904, .F. ) ;
#5936 = VERTEX_POINT ( 'NONE', #4911 ) ;
#5937 = VECTOR ( 'NONE', #6356, 1000.000000000000000 ) ;
#5938 = CARTESIAN_POINT ( 'NONE',  ( 3.374623919271784622, 5.708309373239629886E-14, 33.54984095985728487 ) ) ;
#5939 = CARTESIAN_POINT ( 'NONE',  ( -2.642468278345910360, 1.512462030617278685E-14, -30.40199492485012200 ) ) ;
#5940 = CARTESIAN_POINT ( 'NONE',  ( -2.639522353628279472, 0.3000000000000150324, -30.25606198834415039 ) ) ;
#5941 = ADVANCED_FACE ( 'NONE', ( #5952 ), #5003, .T. ) ;
#5942 = CARTESIAN_POINT ( 'NONE',  ( -3.054085491512464223, 1.225148454908620010E-14, -36.99764121097572200 ) ) ;
#5943 = ORIENTED_EDGE ( 'NONE', *, *, #689, .F. ) ;
#5944 = AXIS2_PLACEMENT_3D ( 'NONE', #2569, #3692, #3221 ) ;
#5945 = CARTESIAN_POINT ( 'NONE',  ( -0.2557676580217192464, 3.173220484276921249E-14, 31.14829254150390980 ) ) ;
#5946 = CARTESIAN_POINT ( 'NONE',  ( -4.174721520575658040, 0.3000000000000043743, -34.56524158240507205 ) ) ;
#5947 = LINE ( 'NONE', #4460, #931 ) ;
#5948 = CIRCLE ( 'NONE', #1436, 2.599999999999998312 ) ;
#5949 = CARTESIAN_POINT ( 'NONE',  ( -1.289434242248535867, 0.3000000000000244693, 42.10905896292793216 ) ) ;
#5950 = CARTESIAN_POINT ( 'NONE',  ( -0.7381816162728104258, 2.840609691912021617E-14, 43.33414768301840070 ) ) ;
#5951 = CARTESIAN_POINT ( 'NONE',  ( 2.515300031347116771, 0.3000000000000510592, -40.42143709058872503 ) ) ;
#5952 = FACE_OUTER_BOUND ( 'NONE', #5356, .T. ) ;
#5953 = CARTESIAN_POINT ( 'NONE',  ( -0.3284646566163110237, 3.122456441480335066E-14, 36.89552193738619934 ) ) ;
#5954 = CARTESIAN_POINT ( 'NONE',  ( -2.120720222317630022, 0.3000000000000186962, -31.03211546780569563 ) ) ;
#5955 = CARTESIAN_POINT ( 'NONE',  ( -0.5519886277944301423, 2.959871930885427105E-14, -35.24528100561035870 ) ) ;
#5956 = SHAPE_DEFINITION_REPRESENTATION ( #3197, #3964 ) ;
#5957 = VERTEX_POINT ( 'NONE', #2447 ) ;
#5958 = AXIS2_PLACEMENT_3D ( 'NONE', #1121, #5720, #1507 ) ;
#5959 = DIRECTION ( 'NONE',  ( 5.782411586589357639E-16, -1.000000000000000000, 0.000000000000000000 ) ) ;
#5960 = CARTESIAN_POINT ( 'NONE',  ( 0.4197502983940923915, 0.3000000000000364042, 29.89477234416537499 ) ) ;
#5961 = CARTESIAN_POINT ( 'NONE',  ( 2.721719507722989650, 0.3000000000000525024, 34.25245672271323372 ) ) ;
#5962 = VERTEX_POINT ( 'NONE', #1445 ) ;
#5963 = ADVANCED_FACE ( 'NONE', ( #1909 ), #6544, .F. ) ;
#5964 = CARTESIAN_POINT ( 'NONE',  ( -1.993320406807796097, 1.959893884748484000E-14, 36.25457000732422586 ) ) ;
#5965 = ORIENTED_EDGE ( 'NONE', *, *, #3998, .T. ) ;
#5966 = VERTEX_POINT ( 'NONE', #4029 ) ;
#5967 = DIRECTION ( 'NONE',  ( 0.9456590491112039087, 0.000000000000000000, -0.3251599034845682468 ) ) ;
#5968 = CARTESIAN_POINT ( 'NONE',  ( 3.770744885338672692, 0.3000000000000598299, 36.36804283989800268 ) ) ;
#5969 = EDGE_CURVE ( 'NONE', #2770, #2212, #5290, .T. ) ;
#5970 = CARTESIAN_POINT ( 'NONE',  ( 4.308126567036887344, 6.358845741627483505E-14, 38.62505897560269830 ) ) ;
#5971 = CYLINDRICAL_SURFACE ( 'NONE', #149, 1.000000000000000888 ) ;
#5972 = CARTESIAN_POINT ( 'NONE',  ( -4.000000000000000888, 0.000000000000000000, 70.00000000000000000 ) ) ;
#5973 = CARTESIAN_POINT ( 'NONE',  ( 4.384278014953337355, 6.413347059991367999E-14, 40.61022562720309281 ) ) ;
#5974 = AXIS2_PLACEMENT_3D ( 'NONE', #3077, #5666, #3006 ) ;
#5975 = VERTEX_POINT ( 'NONE', #2848 ) ;
#5976 = ADVANCED_FACE ( 'NONE', ( #4927 ), #5971, .T. ) ;
#5977 = CARTESIAN_POINT ( 'NONE',  ( 1.925928342686519912, 0.3000000000000468958, 40.35349932190231925 ) ) ;
#5978 = CARTESIAN_POINT ( 'NONE',  ( -2.225613056375124632, 0.3000000000000179745, -39.09006489172885779 ) ) ;
#5979 = VECTOR ( 'NONE', #269, 1000.000000000000000 ) ;
#5980 = DIRECTION ( 'NONE',  ( -0.9456590491112039087, -6.603501845759821930E-15, 0.3251599034845683023 ) ) ;
#5981 = LINE ( 'NONE', #6507, #1201 ) ;
#5982 = EDGE_LOOP ( 'NONE', ( #1887, #926, #5391, #692 ) ) ;
#5983 = VECTOR ( 'NONE', #5554, 1000.000000000000000 ) ;
#5984 = CARTESIAN_POINT ( 'NONE',  ( -0.1874429712508913770, 0.3000000000000321854, 44.00031676536905678 ) ) ;
#5985 = CARTESIAN_POINT ( 'NONE',  ( -2.567543320934291717, 0.3000000000000155875, -30.73604863794624364 ) ) ;
#5986 = CARTESIAN_POINT ( 'NONE',  ( -4.800000000000006040, -1.223919835130628432E-30, 13.44653065999348307 ) ) ;
#5987 = CARTESIAN_POINT ( 'NONE',  ( -1.314515185062128166, 0.3000000000000243028, -29.89786158724634291 ) ) ;
#5988 = CARTESIAN_POINT ( 'NONE',  ( 0.7619418091243989055, 3.876022766635678352E-14, -32.90889445940651825 ) ) ;
#5989 = ORIENTED_EDGE ( 'NONE', *, *, #4175, .F. ) ;
#5990 = EDGE_CURVE ( 'NONE', #1485, #373, #2940, .T. ) ;
#5991 = CARTESIAN_POINT ( 'NONE',  ( 0.3864782055839999786, 0.3000000000000361822, -33.84370991439157450 ) ) ;
#5992 = CARTESIAN_POINT ( 'NONE',  ( 0.9753325377482766623, 4.049495114233359061E-14, -27.42533679308770189 ) ) ;
#5993 = EDGE_LOOP ( 'NONE', ( #1679, #1819, #2935, #5695 ) ) ;
#5994 = CARTESIAN_POINT ( 'NONE',  ( -0.3767020127273434382, 3.095397202446115159E-14, -36.99007177890243980 ) ) ;
#5995 = CARTESIAN_POINT ( 'NONE',  ( 1.111572919779462598, 4.128029306524092319E-14, -36.46713754060244383 ) ) ;
#5996 = ORIENTED_EDGE ( 'NONE', *, *, #5817, .T. ) ;
#5997 = EDGE_LOOP ( 'NONE', ( #4152, #3138, #2736, #5819 ) ) ;
#5998 = CARTESIAN_POINT ( 'NONE',  ( 1.725710773366305517, 4.564491146163973667E-14, -31.49292061024972611 ) ) ;
#5999 = CARTESIAN_POINT ( 'NONE',  ( 2.355129913565425337, 4.996400514042393149E-14, 34.54727145396964261 ) ) ;
#6000 = LINE ( 'NONE', #1835, #1958 ) ;
#6001 = DIRECTION ( 'NONE',  ( 1.000000000000000000, 6.982962677686261977E-15, 0.000000000000000000 ) ) ;
#6002 = CARTESIAN_POINT ( 'NONE',  ( 1.345263089074028695, 0.3000000000000428990, 44.53808678521050979 ) ) ;
#6003 = CARTESIAN_POINT ( 'NONE',  ( -2.164334757839283974, 0.3000000000000184186, -37.87939083566731568 ) ) ;
#6004 = ORIENTED_EDGE ( 'NONE', *, *, #845, .T. ) ;
#6005 = DIRECTION ( 'NONE',  ( 1.000000000000000000, 0.000000000000000000, 0.000000000000000000 ) ) ;
#6006 = CARTESIAN_POINT ( 'NONE',  ( 0.8470464335547378543, 3.943311448467418063E-14, -34.56843463579813402 ) ) ;
#6007 = EDGE_CURVE ( 'NONE', #2388, #1353, #5406, .T. ) ;
#6008 = CARTESIAN_POINT ( 'NONE',  ( -2.663546523079796113, 1.507041019754851163E-14, -39.62047268937080702 ) ) ;
#6009 = EDGE_CURVE ( 'NONE', #5775, #3501, #6000, .T. ) ;
#6010 = CARTESIAN_POINT ( 'NONE',  ( -4.800000000000007816, 0.2999999999999999889, 9.361508687337233070 ) ) ;
#6011 = CARTESIAN_POINT ( 'NONE',  ( -1.435711727751726396, 2.341876692568689577E-14, 41.74463402012479918 ) ) ;
#6012 = ORIENTED_EDGE ( 'NONE', *, *, #2891, .T. ) ;
#6013 = CARTESIAN_POINT ( 'NONE',  ( 3.483516777886278781, 0.3000000000000578315, 26.60937923855251697 ) ) ;
#6014 = CARTESIAN_POINT ( 'NONE',  ( 3.770744885338672692, 5.984919165429042893E-14, 36.36804283989800268 ) ) ;
#6015 = LINE ( 'NONE', #5503, #1793 ) ;
#6016 = VECTOR ( 'NONE', #2293, 1000.000000000000000 ) ;
#6017 = PLANE ( 'NONE',  #3341 ) ;
#6018 = CARTESIAN_POINT ( 'NONE',  ( 1.289424520594356416, 0.3000000000000424549, 40.23873476007040040 ) ) ;
#6019 = CARTESIAN_POINT ( 'NONE',  ( -2.152891577614678642, 1.853985714950212582E-14, 40.90695614284940262 ) ) ;
#6020 = CARTESIAN_POINT ( 'NONE',  ( 0.2092224859696323325, 0.3000000000000349609, -34.22204447323965582 ) ) ;
#6021 = VERTEX_POINT ( 'NONE', #4484 ) ;
#6022 = VECTOR ( 'NONE', #3542, 1000.000000000000000 ) ;
#6023 = EDGE_CURVE ( 'NONE', #3880, #2225, #2394, .T. ) ;
#6024 = CARTESIAN_POINT ( 'NONE',  ( -0.2025859665257245534, 0.3000000000000320743, 31.14483792346860724 ) ) ;
#6025 = CARTESIAN_POINT ( 'NONE',  ( 1.157487615097634537, 4.174178364069192071E-14, -27.40596949011563410 ) ) ;
#6026 = VERTEX_POINT ( 'NONE', #4360 ) ;
#6027 = CARTESIAN_POINT ( 'NONE',  ( -2.853615765255273828, 0.3000000000000135891, -37.08208778048196308 ) ) ;
#6028 = VERTEX_POINT ( 'NONE', #4863 ) ;
#6029 = EDGE_LOOP ( 'NONE', ( #2801, #832, #2206, #6555 ) ) ;
#6030 = CARTESIAN_POINT ( 'NONE',  ( 4.244800232756312575, 0.3000000000000631051, -33.74148158842960754 ) ) ;
#6031 = LINE ( 'NONE', #5551, #1657 ) ;
#6032 = CARTESIAN_POINT ( 'NONE',  ( -2.639483235726256538, 1.512462030617278685E-14, -30.49116459496599774 ) ) ;
#6033 = CARTESIAN_POINT ( 'NONE',  ( 0.1928046332465181423, 0.3000000000000348499, -0.8510462443033852686 ) ) ;
#6034 = DIRECTION ( 'NONE',  ( 0.000000000000000000, -1.000000000000000000, 0.000000000000000000 ) ) ;
#6035 = CARTESIAN_POINT ( 'NONE',  ( 4.277826605902765422, 0.3000000000000633271, -10.04234568277993667 ) ) ;
#6036 = EDGE_LOOP ( 'NONE', ( #1081, #372, #4017, #2414, #4496, #6132, #983, #4477, #1754, #823, #6549, #6605, #1182, #1830 ) ) ;
#6037 = PLANE ( 'NONE',  #1324 ) ;
#6038 = CARTESIAN_POINT ( 'NONE',  ( 2.111520788161223017, 4.826289170978269652E-14, -32.54983468312585160 ) ) ;
#6039 = CARTESIAN_POINT ( 'NONE',  ( -10.60000000000000497, 1.399999999999988809, -32.75000000000000000 ) ) ;
#6040 = CARTESIAN_POINT ( 'NONE',  ( 3.770744885338658481, 0.3000000000000598299, -35.57373301188150805 ) ) ;
#6041 = CARTESIAN_POINT ( 'NONE',  ( -1.314515185062113289, 0.3000000000000243028, 42.04391426453317138 ) ) ;
#6042 = ORIENTED_EDGE ( 'NONE', *, *, #403, .F. ) ;
#6043 = CARTESIAN_POINT ( 'NONE',  ( 4.352679279253946376, 6.396792817664476161E-14, -38.00043339249410934 ) ) ;
#6044 = CARTESIAN_POINT ( 'NONE',  ( 3.366752569092299474, 0.3000000000000569989, -40.13177062712606613 ) ) ;
#6045 = CARTESIAN_POINT ( 'NONE',  ( 0.8736416286892210170, 3.961882773970404357E-14, -16.05640580919052240 ) ) ;
#6046 = CARTESIAN_POINT ( 'NONE',  ( -8.000000000000010658, 5.999999999999990230, -65.50000000000000000 ) ) ;
#6047 = EDGE_CURVE ( 'NONE', #2265, #2086, #2301, .T. ) ;
#6048 = CARTESIAN_POINT ( 'NONE',  ( 3.366752569092299474, 5.702812838787007744E-14, -40.13177062712606613 ) ) ;
#6049 = VECTOR ( 'NONE', #1155, 1000.000000000000000 ) ;
#6050 = FACE_OUTER_BOUND ( 'NONE', #720, .T. ) ;
#6051 = ORIENTED_EDGE ( 'NONE', *, *, #3049, .F. ) ;
#6052 = ADVANCED_FACE ( 'NONE', ( #6406 ), #3135, .T. ) ;
#6053 = EDGE_CURVE ( 'NONE', #4253, #5163, #5722, .T. ) ;
#6054 = VECTOR ( 'NONE', #1008, 1000.000000000000000 ) ;
#6055 = ORIENTED_EDGE ( 'NONE', *, *, #2402, .F. ) ;
#6056 = ORIENTED_EDGE ( 'NONE', *, *, #6047, .F. ) ;
#6057 = VERTEX_POINT ( 'NONE', #3667 ) ;
#6058 = CARTESIAN_POINT ( 'NONE',  ( 2.116357668861243102, 4.835541689285349776E-14, -32.05895707736338096 ) ) ;
#6059 = CARTESIAN_POINT ( 'NONE',  ( 3.706526925433957675, 0.3000000000000593858, -36.94638236987054114 ) ) ;
#6060 = CARTESIAN_POINT ( 'NONE',  ( 10.59999999999997655, 6.000000000000004441, 65.50000000000000000 ) ) ;
#6061 = CARTESIAN_POINT ( 'NONE',  ( 5.399999999999982592, 6.000000000000000888, 32.75000000000000000 ) ) ;
#6062 = CARTESIAN_POINT ( 'NONE',  ( -3.756409330035004768, 7.372574772901430151E-15, -35.05846223003224083 ) ) ;
#6063 = CARTESIAN_POINT ( 'NONE',  ( 4.277826605902763646, 0.3000000000000633271, -8.907617357042102668 ) ) ;
#6064 = CARTESIAN_POINT ( 'NONE',  ( 2.374276282111455139, 0.3000000000000500600, 44.38900498388535709 ) ) ;
#6065 = FACE_OUTER_BOUND ( 'NONE', #867, .T. ) ;
#6066 = ORIENTED_EDGE ( 'NONE', *, *, #5547, .F. ) ;
#6067 = VERTEX_POINT ( 'NONE', #5178 ) ;
#6068 = LINE ( 'NONE', #5560, #796 ) ;
#6069 = CARTESIAN_POINT ( 'NONE',  ( -2.346074559111963609, 1.713566976754598810E-14, 40.95434133854740111 ) ) ;
#6070 = CARTESIAN_POINT ( 'NONE',  ( -2.346107000639668705, 0.3000000000000170863, -39.29556470847602156 ) ) ;
#6071 = ADVANCED_FACE ( 'NONE', ( #4172 ), #1012, .T. ) ;
#6072 = CARTESIAN_POINT ( 'NONE',  ( 1.805833333651763351, 4.618701254788248889E-14, -33.47744877643773975 ) ) ;
#6073 = CARTESIAN_POINT ( 'NONE',  ( 1.467831074421174442, 4.376803046272537291E-14, -27.40678240473481964 ) ) ;
#6074 = ORIENTED_EDGE ( 'NONE', *, *, #1184, .F. ) ;
#6075 = CARTESIAN_POINT ( 'NONE',  ( 3.340042906878074813, 0.3000000000000568323, -36.69099657613583787 ) ) ;
#6076 = CARTESIAN_POINT ( 'NONE',  ( 4.389416598550170079, 0.3000000000000641598, -38.49934619490097987 ) ) ;
#6077 = AXIS2_PLACEMENT_3D ( 'NONE', #556, #2531, #5086 ) ;
#6078 = CARTESIAN_POINT ( 'NONE',  ( 0.6347645690233040261, 3.800128614561693041E-14, 44.45195629389590408 ) ) ;
#6079 = CARTESIAN_POINT ( 'NONE',  ( -11.00000000000000000, 0.9999999999999981126, 70.00000000000000000 ) ) ;
#6080 = LINE ( 'NONE', #428, #5383 ) ;
#6081 = DIRECTION ( 'NONE',  ( 0.000000000000000000, -1.000000000000000000, 0.000000000000000000 ) ) ;
#6082 = CARTESIAN_POINT ( 'NONE',  ( 3.880327604688988075, 6.061440369363315327E-14, -39.73120943067678468 ) ) ;
#6083 = CARTESIAN_POINT ( 'NONE',  ( -0.6288895274175909655, 0.3000000000000290767, 28.35069733210183429 ) ) ;
#6084 = CARTESIAN_POINT ( 'NONE',  ( 3.770744885338672692, 0.3000000000000598299, 36.36804283989800268 ) ) ;
#6085 = LINE ( 'NONE', #3529, #6563 ) ;
#6086 = VECTOR ( 'NONE', #4349, 1000.000000000000114 ) ;
#6087 = EDGE_CURVE ( 'NONE', #3317, #5126, #1038, .T. ) ;
#6088 = EDGE_CURVE ( 'NONE', #3253, #4278, #4641, .T. ) ;
#6089 = CARTESIAN_POINT ( 'NONE',  ( 4.211760300923505618, 0.3000000000000629385, 31.82122521012506411 ) ) ;
#6090 = EDGE_CURVE ( 'NONE', #1061, #3174, #5687, .T. ) ;
#6091 = EDGE_CURVE ( 'NONE', #5696, #550, #4710, .T. ) ;
#6092 = EDGE_LOOP ( 'NONE', ( #4086, #2489, #2378, #3533 ) ) ;
#6093 = ORIENTED_EDGE ( 'NONE', *, *, #1740, .F. ) ;
#6094 = ORIENTED_EDGE ( 'NONE', *, *, #3102, .F. ) ;
#6095 = CARTESIAN_POINT ( 'NONE',  ( 2.121842787000852493, 0.3000000000000483391, -32.22451143794589257 ) ) ;
#6096 = CARTESIAN_POINT ( 'NONE',  ( 1.956952577167069940, 0.3000000000000471179, -36.36804283989799558 ) ) ;
#6097 = FACE_OUTER_BOUND ( 'NONE', #5618, .T. ) ;
#6098 = CARTESIAN_POINT ( 'NONE',  ( 3.770744885338672692, 5.984795992119984476E-14, 36.36804283989800268 ) ) ;
#6099 = CARTESIAN_POINT ( 'NONE',  ( -1.067966057167497151, 2.606065373465771767E-14, 36.40914147466100559 ) ) ;
#6100 = CARTESIAN_POINT ( 'NONE',  ( 1.549969286057848228, 0.3000000000000443423, 34.99753169815421927 ) ) ;
#6101 = ORIENTED_EDGE ( 'NONE', *, *, #3388, .T. ) ;
#6102 = DIRECTION ( 'NONE',  ( -7.228014483236701486E-16, 1.000000000000000000, -0.000000000000000000 ) ) ;
#6103 = B_SPLINE_CURVE_WITH_KNOTS ( 'NONE', 3,
 ( #5368, #1300, #766, #3351, #12, #1028, #4513, #1554, #4008, #6558, #952 ),
 .UNSPECIFIED., .F., .F.,
 ( 4, 1, 1, 1, 1, 1, 1, 1, 4 ),
 ( 0.000000000000000000, 0.1359826728439894050, 0.2693664966883814182, 0.4013714352847819189, 0.5341298545672907849, 0.6621877169219985149, 0.7809226503997435120, 0.8930285102126831465, 1.000000000000000000 ),
 .UNSPECIFIED. ) ;
#6104 = ORIENTED_EDGE ( 'NONE', *, *, #805, .F. ) ;
#6105 = PLANE ( 'NONE',  #6153 ) ;
#6106 = DIRECTION ( 'NONE',  ( -1.000000000000000000, -7.506015040284266169E-16, 0.000000000000000000 ) ) ;
#6107 = LINE ( 'NONE', #1039, #4701 ) ;
#6108 = CARTESIAN_POINT ( 'NONE',  ( 1.949577699930620467, 4.716279450311944288E-14, -33.17875258114990089 ) ) ;
#6109 = DIRECTION ( 'NONE',  ( 6.180696507661572586E-16, 0.000000000000000000, 1.000000000000000000 ) ) ;
#6110 = ORIENTED_EDGE ( 'NONE', *, *, #1614, .T. ) ;
#6111 = CARTESIAN_POINT ( 'NONE',  ( 3.692094548271878995, 0.3000000000000592748, 26.97495226025659676 ) ) ;
#6112 = B_SPLINE_SURFACE_WITH_KNOTS ( 'NONE', 3, 1, ( 
 ( #4941, #3871 ),
 ( #5954, #2318 ),
 ( #5388, #3334 ),
 ( #4881, #3901 ),
 ( #4376, #6424 ),
 ( #1316, #4971 ),
 ( #3367, #5420 ),
 ( #814, #4913 ),
 ( #302, #6451 ),
 ( #4436, #331 ),
 ( #2346, #4405 ),
 ( #1346, #5446 ),
 ( #842, #2890 ),
 ( #5987, #1379 ),
 ( #3429, #362 ) ),
 .UNSPECIFIED., .F., .F., .F.,
 ( 4, 1, 1, 1, 1, 1, 1, 1, 1, 1, 1, 1, 4 ),
 ( 2, 2 ),
 ( 0.000000000000000000, 0.06196885780174795494, 0.1275031183531113443, 0.1972591458298045275, 0.2761876151904314458, 0.3239992394032306655, 0.3830244142912403449, 0.4548749134693162444, 0.5388518610235155659, 0.6345563411628331041, 0.7436429989050329370, 0.8655896599986702133, 0.9999999999999998890 ),
 ( 0.000000000000000000, 1.000000000000000000 ),
 .UNSPECIFIED. ) ;
#6113 = LINE ( 'NONE', #1504, #2800 ) ;
#6114 = CARTESIAN_POINT ( 'NONE',  ( -4.910895287143062227, 0.2999999999999992117, 40.49556756290920134 ) ) ;
#6115 = CARTESIAN_POINT ( 'NONE',  ( 2.095493847130323051, 4.815097617872636161E-14, 40.03431673722899831 ) ) ;
#6116 = CARTESIAN_POINT ( 'NONE',  ( -4.155925401671290764, 0.3000000000000044853, -37.10599337338773296 ) ) ;
#6117 = CARTESIAN_POINT ( 'NONE',  ( -4.909190001689810678, 0.2999999999999992117, -38.27167431880966575 ) ) ;
#6118 = CARTESIAN_POINT ( 'NONE',  ( -4.857574222574011280, -4.020386474310075250E-16, -37.98828449111759653 ) ) ;
#6119 = DIRECTION ( 'NONE',  ( -0.3136923190926535487, 0.000000000000000000, -0.9495246857993071554 ) ) ;
#6120 = DIRECTION ( 'NONE',  ( -7.228014483236701486E-16, 1.000000000000000000, -0.000000000000000000 ) ) ;
#6121 = CARTESIAN_POINT ( 'NONE',  ( 0.3276631479849733686, 0.3000000000000357936, 44.33853269234764838 ) ) ;
#6122 = AXIS2_PLACEMENT_3D ( 'NONE', #6485, #2381, #6607 ) ;
#6123 = CARTESIAN_POINT ( 'NONE',  ( -1.362351350674517070, 0.3000000000000239697, 41.91966564260756201 ) ) ;
#6124 = ORIENTED_EDGE ( 'NONE', *, *, #4568, .F. ) ;
#6125 = ORIENTED_EDGE ( 'NONE', *, *, #3835, .F. ) ;
#6126 = EDGE_CURVE ( 'NONE', #4408, #4179, #2152, .T. ) ;
#6127 = FACE_OUTER_BOUND ( 'NONE', #6157, .T. ) ;
#6128 = LINE ( 'NONE', #4580, #4442 ) ;
#6129 = FACE_OUTER_BOUND ( 'NONE', #5472, .T. ) ;
#6130 = CARTESIAN_POINT ( 'NONE',  ( -2.660436546740475805, 1.507041019754851163E-14, -35.62282814859082691 ) ) ;
#6131 = CARTESIAN_POINT ( 'NONE',  ( 1.112506423113550857, 0.3000000000000412892, 35.15240359038826767 ) ) ;
#6132 = ORIENTED_EDGE ( 'NONE', *, *, #2668, .F. ) ;
#6133 = CARTESIAN_POINT ( 'NONE',  ( 1.358455888594021443, 4.293440603042597559E-14, -31.62147599300430656 ) ) ;
#6134 = ORIENTED_EDGE ( 'NONE', *, *, #3462, .F. ) ;
#6135 = CARTESIAN_POINT ( 'NONE',  ( 1.607669014400904040, 0.3000000000000446754, 40.45306481255425979 ) ) ;
#6136 = LINE ( 'NONE', #419, #1340 ) ;
#6137 = FACE_OUTER_BOUND ( 'NONE', #163, .T. ) ;
#6138 = ADVANCED_FACE ( 'NONE', ( #4209 ), #506, .T. ) ;
#6139 = CARTESIAN_POINT ( 'NONE',  ( -0.6015051947699714407, 0.3000000000000292988, 28.29728762308756629 ) ) ;
#6140 = CARTESIAN_POINT ( 'NONE',  ( -1.993320406807801204, 0.3000000000000195843, 9.361508687337231294 ) ) ;
#6141 = VERTEX_POINT ( 'NONE', #3562 ) ;
#6142 = CARTESIAN_POINT ( 'NONE',  ( 12.00000000000000000, 1.000000000000002665, -70.00000000000000000 ) ) ;
#6143 = CARTESIAN_POINT ( 'NONE',  ( -4.913472832573787308, 0.2999999999999991562, 40.67114541265701178 ) ) ;
#6144 = CARTESIAN_POINT ( 'NONE',  ( 4.391299438476554684, 8.836247705756861137E-15, 30.27774315410189843 ) ) ;
#6145 = CARTESIAN_POINT ( 'NONE',  ( 0.8470464335547535084, 3.943311448467418694E-14, 37.37334121598138381 ) ) ;
#6146 = CARTESIAN_POINT ( 'NONE',  ( -1.435711727751741273, 0.3000000000000234701, -30.19714183165471511 ) ) ;
#6147 = CARTESIAN_POINT ( 'NONE',  ( -4.889010603687366618, -6.215577234670933795E-16, -38.12748368598965953 ) ) ;
#6148 = CARTESIAN_POINT ( 'NONE',  ( -0.8112512040076094166, 0.3000000000000278555, 28.80501068710431767 ) ) ;
#6149 = DIRECTION ( 'NONE',  ( 0.000000000000000000, 0.000000000000000000, 1.000000000000000000 ) ) ;
#6150 = CARTESIAN_POINT ( 'NONE',  ( -1.243603297660077933, 0.3000000000000248024, -29.71416700376882858 ) ) ;
#6151 = CARTESIAN_POINT ( 'NONE',  ( -4.000000000000000888, 0.000000000000000000, -70.00000000000000000 ) ) ;
#6152 = EDGE_CURVE ( 'NONE', #5455, #4447, #2549, .T. ) ;
#6153 = AXIS2_PLACEMENT_3D ( 'NONE', #417, #1930, #2467 ) ;
#6154 = CARTESIAN_POINT ( 'NONE',  ( -4.239727889166937658, 0.3000000000000038747, 44.87850528293186159 ) ) ;
#6155 = ORIENTED_EDGE ( 'NONE', *, *, #3534, .T. ) ;
#6156 = ORIENTED_EDGE ( 'NONE', *, *, #2623, .T. ) ;
#6157 = EDGE_LOOP ( 'NONE', ( #197, #4280, #2913, #3842, #620, #5482, #6426, #1072 ) ) ;
#6158 = CARTESIAN_POINT ( 'NONE',  ( 0.2998072317769966966, 0.3000000000000355715, 28.67040053085039375 ) ) ;
#6159 = CARTESIAN_POINT ( 'NONE',  ( -4.913472832573789972, 0.2999999999999991562, 30.27774315410190198 ) ) ;
#6160 = LINE ( 'NONE', #1519, #2910 ) ;
#6161 = CARTESIAN_POINT ( 'NONE',  ( -3.251254211700685737, 1.100465205072787001E-14, 36.52872022723562395 ) ) ;
#6162 = CARTESIAN_POINT ( 'NONE',  ( -1.993320406807796097, 1.959893884748484000E-14, 36.25457000732422586 ) ) ;
#6163 = CARTESIAN_POINT ( 'NONE',  ( 4.379130661397380386, 0.3000000000000640488, 30.81067788251048256 ) ) ;
#6164 = ORIENTED_EDGE ( 'NONE', *, *, #1525, .F. ) ;
#6165 = CARTESIAN_POINT ( 'NONE',  ( 1.607669014400890273, 0.3000000000000446754, -31.48871103922525805 ) ) ;
#6166 = B_SPLINE_SURFACE_WITH_KNOTS ( 'NONE', 3, 1, ( 
 ( #341, #2387 ),
 ( #4445, #1885 ),
 ( #3942, #5601 ),
 ( #2408, #2920 ),
 ( #4058, #5064 ),
 ( #1003, #1408 ),
 ( #5000, #1444 ),
 ( #6075, #6606 ),
 ( #4025, #900 ),
 ( #6640, #392 ),
 ( #2986, #4497 ),
 ( #1937, #496 ),
 ( #4463, #458 ),
 ( #1471, #1373 ),
 ( #3425, #2476 ),
 ( #3992, #6043 ),
 ( #5034, #3019 ),
 ( #359, #5501 ),
 ( #3486, #4595 ) ),
 .UNSPECIFIED., .F., .F., .F.,
 ( 4, 1, 1, 1, 1, 1, 1, 1, 1, 1, 1, 1, 1, 1, 1, 1, 4 ),
 ( 2, 2 ),
 ( 0.000000000000000000, 0.07259217932082656644, 0.1425585021868769897, 0.2098992474098895500, 0.2754939617704570964, 0.3393548403198480279, 0.4020233387002537517, 0.4647568162961598914, 0.5274725789646352858, 0.5893500195247663997, 0.6485309532755089146, 0.7067040216821979248, 0.7636154795876823886, 0.8213796233550821890, 0.8789961009149733773, 0.9383104003193566411, 1.000000000000000000 ),
 ( 0.000000000000000000, 1.000000000000000000 ),
 .UNSPECIFIED. ) ;
#6167 = VECTOR ( 'NONE', #6081, 1000.000000000000000 ) ;
#6168 = ORIENTED_EDGE ( 'NONE', *, *, #2818, .F. ) ;
#6169 = ADVANCED_FACE ( 'NONE', ( #3548 ), #4087, .T. ) ;
#6170 = CARTESIAN_POINT ( 'NONE',  ( -3.593694944307936456, 8.423583181801946571E-15, 33.97491668889989569 ) ) ;
#6171 = CARTESIAN_POINT ( 'NONE',  ( -0.9419236924913245712, 0.3000000000000269118, 29.80080265469021228 ) ) ;
#6172 = CARTESIAN_POINT ( 'NONE',  ( 2.095493847130323051, 4.830120678422922254E-14, 40.03431673722899831 ) ) ;
#6173 = CARTESIAN_POINT ( 'NONE',  ( 1.626454102443046335, 0.3000000000000448419, -33.76747680220643844 ) ) ;
#6174 = DIRECTION ( 'NONE',  ( -1.000000000000000000, -7.506015040284266169E-16, 0.000000000000000000 ) ) ;
#6175 = VERTEX_POINT ( 'NONE', #4556 ) ;
#6176 = EDGE_CURVE ( 'NONE', #4247, #3700, #6068, .T. ) ;
#6177 = CARTESIAN_POINT ( 'NONE',  ( 1.467831074421188653, 4.380176776841437913E-14, 44.53499344704470531 ) ) ;
#6178 = B_SPLINE_CURVE_WITH_KNOTS ( 'NONE', 3,
 ( #2832, #1816, #873, #2924, #5891, #784, #5923, #275, #240, #1782, #3840 ),
 .UNSPECIFIED., .F., .F.,
 ( 4, 1, 1, 1, 1, 1, 1, 1, 4 ),
 ( 0.000000000000000000, 0.1494422361013142131, 0.2881908720082078657, 0.4213463886540441683, 0.5525102689378168508, 0.6757268801235779554, 0.7866394655402548786, 0.8920946412305869044, 0.9999999999999998890 ),
 .UNSPECIFIED. ) ;
#6179 = CARTESIAN_POINT ( 'NONE',  ( -2.660436546740461150, 0.3000000000000149214, 36.31894770318867671 ) ) ;
#6180 = CARTESIAN_POINT ( 'NONE',  ( -1.545809350737496368, 0.3000000000000226930, -39.23581467937188449 ) ) ;
#6181 = CARTESIAN_POINT ( 'NONE',  ( -4.736818324824295878, 0.3000000000000004330, 31.88058835164393656 ) ) ;
#6182 = DIRECTION ( 'NONE',  ( -5.782411586589357639E-16, 1.000000000000000000, 0.000000000000000000 ) ) ;
#6183 = CARTESIAN_POINT ( 'NONE',  ( -1.300000000000000044, 5.000000000000000000, -62.00000000000000000 ) ) ;
#6184 = DIRECTION ( 'NONE',  ( 1.000000000000000000, 0.000000000000000000, -2.803450593589760281E-16 ) ) ;
#6185 = DIRECTION ( 'NONE',  ( 4.283731423655104799E-16, 1.388630754403678270E-30, 1.000000000000000000 ) ) ;
#6186 = CARTESIAN_POINT ( 'NONE',  ( 1.281970042138967703, 0.3000000000000423994, 44.53731812809299129 ) ) ;
#6187 = CARTESIAN_POINT ( 'NONE',  ( 1.345263089074028695, 0.3000000000000428990, 44.53808678521050979 ) ) ;
#6188 = CARTESIAN_POINT ( 'NONE',  ( 3.064893657053386899, 0.3000000000000548894, 33.91868206972485922 ) ) ;
#6189 = VECTOR ( 'NONE', #3390, 1000.000000000000000 ) ;
#6190 = EDGE_LOOP ( 'NONE', ( #3357, #3437, #2397, #4562 ) ) ;
#6191 = ADVANCED_FACE ( 'NONE', ( #961 ), #893, .T. ) ;
#6192 = VERTEX_POINT ( 'NONE', #1466 ) ;
#6193 = VERTEX_POINT ( 'NONE', #4457 ) ;
#6194 = AXIS2_PLACEMENT_3D ( 'NONE', #2833, #4882, #276 ) ;
#6195 = CARTESIAN_POINT ( 'NONE',  ( 0.1928046332465216117, 0.3000000000000348499, 28.29728762308756629 ) ) ;
#6196 = CARTESIAN_POINT ( 'NONE',  ( -4.870920520358624550, 0.2999999999999994893, 4.368704054090705391 ) ) ;
#6197 = CARTESIAN_POINT ( 'NONE',  ( 2.118382658330521195, 0.3000000000000482836, -32.33356592489765546 ) ) ;
#6198 = CARTESIAN_POINT ( 'NONE',  ( -3.756409330034989669, 0.3000000000000072609, 36.88331362174723438 ) ) ;
#6199 = CARTESIAN_POINT ( 'NONE',  ( -4.351410559965935398, 0.3000000000000030975, -34.26825160734633613 ) ) ;
#6200 = FACE_OUTER_BOUND ( 'NONE', #4320, .T. ) ;
#6201 = VERTEX_POINT ( 'NONE', #487 ) ;
#6202 = PLANE ( 'NONE',  #1162 ) ;
#6203 = CARTESIAN_POINT ( 'NONE',  ( 4.020680469917261135, 0.3000000000000615508, 27.82786404599470131 ) ) ;
#6204 = ORIENTED_EDGE ( 'NONE', *, *, #3517, .T. ) ;
#6205 = ORIENTED_EDGE ( 'NONE', *, *, #6091, .F. ) ;
#6206 = DIRECTION ( 'NONE',  ( -0.000000000000000000, 0.000000000000000000, 1.000000000000000000 ) ) ;
#6207 = CARTESIAN_POINT ( 'NONE',  ( 11.00000000000000000, 1.000000000000001998, 70.00000000000000000 ) ) ;
#6208 = CARTESIAN_POINT ( 'NONE',  ( -4.736818324824295878, 0.3000000000000004330, 31.88058835164393656 ) ) ;
#6209 = LINE ( 'NONE', #1600, #2155 ) ;
#6210 = ORIENTED_EDGE ( 'NONE', *, *, #2851, .T. ) ;
#6211 = ADVANCED_FACE ( 'NONE', ( #1960 ), #6037, .T. ) ;
#6212 = CARTESIAN_POINT ( 'NONE',  ( 2.672675564669841464, 0.3000000000000521694, 44.26277254197214717 ) ) ;
#6213 = CARTESIAN_POINT ( 'NONE',  ( 0.9753325377482913172, 0.3000000000000402900, 44.51643905869181594 ) ) ;
#6214 = EDGE_CURVE ( 'NONE', #550, #2631, #3574, .T. ) ;
#6215 = CARTESIAN_POINT ( 'NONE',  ( 3.551323316911432659, 5.831697903128364139E-14, 26.72822335754417367 ) ) ;
#6216 = DIRECTION ( 'NONE',  ( -1.836970198721029194E-16, 1.000000000000000000, 0.000000000000000000 ) ) ;
#6217 = CARTESIAN_POINT ( 'NONE',  ( -3.532954713316861728, 8.847729947846761473E-15, -39.88426199988987975 ) ) ;
#6218 = CARTESIAN_POINT ( 'NONE',  ( 1.952201628694225199, 4.716279450311944288E-14, -40.45133864738155438 ) ) ;
#6219 = CARTESIAN_POINT ( 'NONE',  ( 0.4120963515268071808, 3.639587429521647636E-14, 29.47236806793426922 ) ) ;
#6220 = LINE ( 'NONE', #2622, #5543 ) ;
#6221 = CARTESIAN_POINT ( 'NONE',  ( -4.656924429486201333, 0.3000000000000009326, 43.45466150084894252 ) ) ;
#6222 = CARTESIAN_POINT ( 'NONE',  ( -1.250427956051311629, 0.3000000000000247469, -28.05083881484136299 ) ) ;
#6223 = EDGE_CURVE ( 'NONE', #1356, #4679, #2438, .T. ) ;
#6224 = EDGE_LOOP ( 'NONE', ( #3853, #849 ) ) ;
#6225 = ORIENTED_EDGE ( 'NONE', *, *, #633, .F. ) ;
#6226 = ORIENTED_EDGE ( 'NONE', *, *, #2474, .T. ) ;
#6227 = CARTESIAN_POINT ( 'NONE',  ( 0.4171672413841645000, 0.3000000000000364042, 29.75221918229200213 ) ) ;
#6228 = DIRECTION ( 'NONE',  ( -7.228014483236701486E-16, 1.000000000000000000, 0.000000000000000000 ) ) ;
#6229 = DIRECTION ( 'NONE',  ( -3.821891629542292715E-16, 0.000000000000000000, -1.000000000000000000 ) ) ;
#6230 = CARTESIAN_POINT ( 'NONE',  ( -4.910895287143062227, 0.2999999999999992117, 40.49556756290920134 ) ) ;
#6231 = VECTOR ( 'NONE', #497, 1000.000000000000000 ) ;
#6232 = CARTESIAN_POINT ( 'NONE',  ( 4.277826605902760093, 0.3000000000000633271, -26.04201507568359730 ) ) ;
#6233 = B_SPLINE_CURVE_WITH_KNOTS ( 'NONE', 3,
 ( #6195, #4183, #6158, #3641, #5768, #6227, #1622 ),
 .UNSPECIFIED., .F., .F.,
 ( 4, 1, 1, 1, 4 ),
 ( 0.000000000000000000, 0.2368983475670438932, 0.4817174171448150855, 0.7359924004609792458, 1.000000000000000000 ),
 .UNSPECIFIED. ) ;
#6234 = CARTESIAN_POINT ( 'NONE',  ( 1.345263089074015150, 4.304282624767452603E-14, -27.40368906656900450 ) ) ;
#6235 = ORIENTED_EDGE ( 'NONE', *, *, #4488, .T. ) ;
#6236 = LINE ( 'NONE', #159, #3731 ) ;
#6237 = CARTESIAN_POINT ( 'NONE',  ( 3.483516777886278781, 5.778797579347738633E-14, 26.60937923855251697 ) ) ;
#6238 = VECTOR ( 'NONE', #2448, 1000.000000000000114 ) ;
#6239 = VERTEX_POINT ( 'NONE', #6135 ) ;
#6240 = ORIENTED_EDGE ( 'NONE', *, *, #3998, .F. ) ;
#6241 = CARTESIAN_POINT ( 'NONE',  ( -4.672156895580365621, 8.927236267618860993E-16, 28.33935907010500799 ) ) ;
#6242 = CARTESIAN_POINT ( 'NONE',  ( -4.351410559965935398, 3.132483317362145143E-15, -34.26825160734633613 ) ) ;
#6243 = CARTESIAN_POINT ( 'NONE',  ( 2.121842787000866259, 0.3000000000000483391, 39.71726441383362527 ) ) ;
#6244 = CARTESIAN_POINT ( 'NONE',  ( -8.000000000000007105, 1.399999999999990585, 32.75000000000000000 ) ) ;
#6245 = CARTESIAN_POINT ( 'NONE',  ( -2.554248584258040022, 1.582935171828836474E-14, 42.19685758259501540 ) ) ;
#6246 = DIRECTION ( 'NONE',  ( 0.000000000000000000, -1.000000000000000000, 0.000000000000000000 ) ) ;
#6247 = VERTEX_POINT ( 'NONE', #3580 ) ;
#6248 = DIRECTION ( 'NONE',  ( 1.000000000000000000, 1.836970198721029194E-16, 0.000000000000000000 ) ) ;
#6249 = B_SPLINE_SURFACE_WITH_KNOTS ( 'NONE', 3, 1, ( 
 ( #1360, #3410 ),
 ( #1891, #3945 ),
 ( #2814, #253 ),
 ( #3471, #3504 ),
 ( #479, #4007 ),
 ( #1487, #4512 ),
 ( #4614, #2493 ) ),
 .UNSPECIFIED., .F., .F., .F.,
 ( 4, 1, 1, 1, 4 ),
 ( 2, 2 ),
 ( 0.000000000000000000, 0.2368983475670438932, 0.4817174171448150855, 0.7359924004609792458, 1.000000000000000000 ),
 ( 0.000000000000000000, 1.000000000000000000 ),
 .UNSPECIFIED. ) ;
#6250 = LINE ( 'NONE', #3702, #6049 ) ;
#6251 = CARTESIAN_POINT ( 'NONE',  ( 1.725710773366319506, 4.556879477579219167E-14, 40.44885524152978462 ) ) ;
#6252 = CARTESIAN_POINT ( 'NONE',  ( -2.110803557749052928, 1.886511780124777715E-14, 35.01074085023495286 ) ) ;
#6253 = CARTESIAN_POINT ( 'NONE',  ( 0.6347645690233040261, 3.795075814750142128E-14, 44.45195629389590408 ) ) ;
#6254 = CARTESIAN_POINT ( 'NONE',  ( 1.574973546020988824, 0.3000000000000444533, -40.43055771152108946 ) ) ;
#6255 = CARTESIAN_POINT ( 'NONE',  ( -4.000000000000000888, 0.000000000000000000, 70.00000000000000000 ) ) ;
#6256 = CARTESIAN_POINT ( 'NONE',  ( -1.993320406807796097, 1.962405932198763026E-14, 36.25457000732422586 ) ) ;
#6257 = LINE ( 'NONE', #5146, #4403 ) ;
#6258 = VECTOR ( 'NONE', #3375, 1000.000000000000000 ) ;
#6259 = ADVANCED_FACE ( 'NONE', ( #1899 ), #5234, .T. ) ;
#6260 = CARTESIAN_POINT ( 'NONE',  ( 4.308126567036875798, 6.358845741627483505E-14, -33.31671687617679112 ) ) ;
#6261 = ORIENTED_EDGE ( 'NONE', *, *, #6383, .T. ) ;
#6262 = ORIENTED_EDGE ( 'NONE', *, *, #5397, .T. ) ;
#6263 = ORIENTED_EDGE ( 'NONE', *, *, #4267, .F. ) ;
#6264 = ADVANCED_FACE ( 'NONE', ( #4959 ), #6105, .F. ) ;
#6265 = CARTESIAN_POINT ( 'NONE',  ( -4.874364077958667885, -5.192815809459293638E-16, 41.84324506005585675 ) ) ;
#6266 = DIRECTION ( 'NONE',  ( 6.505213034913030548E-16, -1.000000000000000000, 0.000000000000000000 ) ) ;
#6267 = DIRECTION ( 'NONE',  ( -8.992686187158336149E-16, -3.194843922627774244E-30, -1.000000000000000000 ) ) ;
#6268 = CARTESIAN_POINT ( 'NONE',  ( 1.607669014400904040, 4.474451357852825569E-14, 40.45306481255425979 ) ) ;
#6269 = CARTESIAN_POINT ( 'NONE',  ( -4.815168031478038735, 0.2999999999999998779, -32.74502550509744481 ) ) ;
#6270 = CIRCLE ( 'NONE', #4969, 2.599999999999998312 ) ;
#6271 = ORIENTED_EDGE ( 'NONE', *, *, #4071, .T. ) ;
#6272 = FACE_OUTER_BOUND ( 'NONE', #2723, .T. ) ;
#6273 = FACE_OUTER_BOUND ( 'NONE', #5993, .T. ) ;
#6274 = EDGE_LOOP ( 'NONE', ( #4353, #5045, #2022, #5670 ) ) ;
#6275 = VERTEX_POINT ( 'NONE', #353 ) ;
#6276 = CARTESIAN_POINT ( 'NONE',  ( 11.00000000000000000, 1.000000000000001998, -69.00000000000000000 ) ) ;
#6277 = CARTESIAN_POINT ( 'NONE',  ( -0.3988799687781692804, 3.073285691803954375E-14, -28.14651947182681369 ) ) ;
#6278 = CARTESIAN_POINT ( 'NONE',  ( 11.00000000000000000, 2.020667218593132311E-15, 69.00000000000000000 ) ) ;
#6279 = CARTESIAN_POINT ( 'NONE',  ( 1.890704615297241764, 4.678332374274951633E-14, -36.36880553438889763 ) ) ;
#6280 = EDGE_CURVE ( 'NONE', #3139, #2822, #2398, .T. ) ;
#6281 = CIRCLE ( 'NONE', #1240, 1.000000000000000888 ) ;
#6282 = AXIS2_PLACEMENT_3D ( 'NONE', #3084, #6600, #6106 ) ;
#6283 = CARTESIAN_POINT ( 'NONE',  ( -3.438326009114588189, 0.3000000000000094813, 22.01904855834112595 ) ) ;
#6284 = CARTESIAN_POINT ( 'NONE',  ( -4.874364077958667885, 0.2999999999999994338, 41.84324506005585675 ) ) ;
#6285 = ORIENTED_EDGE ( 'NONE', *, *, #5057, .F. ) ;
#6286 = B_SPLINE_SURFACE_WITH_KNOTS ( 'NONE', 3, 1, ( 
 ( #802, #5464 ),
 ( #1804, #859 ),
 ( #290, #2878 ),
 ( #1304, #5942 ),
 ( #4929, #3445 ),
 ( #2944, #4362 ),
 ( #5877, #2912 ),
 ( #2335, #319 ),
 ( #6408, #4957 ),
 ( #6003, #4395 ),
 ( #1271, #2365 ) ),
 .UNSPECIFIED., .F., .F., .F.,
 ( 4, 1, 1, 1, 1, 1, 1, 1, 4 ),
 ( 2, 2 ),
 ( 0.000000000000000000, 0.1218183014932369135, 0.2408785163777859006, 0.3589874486842192791, 0.4813365685237687153, 0.6056821337981689313, 0.7316386588117744783, 0.8622060521039196512, 0.9999999999999998890 ),
 ( 0.000000000000000000, 1.000000000000000000 ),
 .UNSPECIFIED. ) ;
#6287 = CARTESIAN_POINT ( 'NONE',  ( -1.300000000000000044, 5.000000000000000000, 70.00000000000000000 ) ) ;
#6288 = CARTESIAN_POINT ( 'NONE',  ( -4.387515913052035366, 2.818925648462311528E-15, -37.27241522223654613 ) ) ;
#6289 = LINE ( 'NONE', #4333, #3309 ) ;
#6290 = LINE ( 'NONE', #3126, #1127 ) ;
#6291 = CARTESIAN_POINT ( 'NONE',  ( -1.314515185062128166, 2.433901037635348591E-14, -29.89786158724634291 ) ) ;
#6292 = CARTESIAN_POINT ( 'NONE',  ( 1.574973546020988824, 4.450649918052995702E-14, -40.43055771152108946 ) ) ;
#6293 = CARTESIAN_POINT ( 'NONE',  ( -0.5519886277944180408, 0.3000000000000296319, 36.69649484616916624 ) ) ;
#6294 = FACE_OUTER_BOUND ( 'NONE', #1583, .T. ) ;
#6295 = LINE ( 'NONE', #3270, #5937 ) ;
#6296 = EDGE_LOOP ( 'NONE', ( #3186, #6434 ) ) ;
#6297 = VECTOR ( 'NONE', #18, 1000.000000000000000 ) ;
#6298 = VERTEX_POINT ( 'NONE', #5495 ) ;
#6299 = ORIENTED_EDGE ( 'NONE', *, *, #4980, .F. ) ;
#6300 = EDGE_CURVE ( 'NONE', #5334, #6275, #3676, .T. ) ;
#6301 = AXIS2_PLACEMENT_3D ( 'NONE', #4518, #6102, #3043 ) ;
#6302 = CARTESIAN_POINT ( 'NONE',  ( 0.1928046332465216117, 0.3000000000000348499, 28.29728762308756629 ) ) ;
#6303 = EDGE_CURVE ( 'NONE', #3501, #3909, #4541, .T. ) ;
#6304 = CARTESIAN_POINT ( 'NONE',  ( -4.905891476798508677, 0.2999999999999992117, 40.15471682547129717 ) ) ;
#6305 = CARTESIAN_POINT ( 'NONE',  ( -4.388135181703495924, 0.3000000000000028200, -39.55782336282014455 ) ) ;
#6306 = ORIENTED_EDGE ( 'NONE', *, *, #845, .F. ) ;
#6307 = CARTESIAN_POINT ( 'NONE',  ( 2.121842787000852049, 0.3000000000000483391, -32.22451143794588546 ) ) ;
#6308 = CARTESIAN_POINT ( 'NONE',  ( 4.391299438476554684, 6.413055850251758727E-14, 30.27774315410189843 ) ) ;
#6309 = VERTEX_POINT ( 'NONE', #4692 ) ;
#6310 = VERTEX_POINT ( 'NONE', #128 ) ;
#6311 = CARTESIAN_POINT ( 'NONE',  ( 1.281970042138953714, 4.247016981106237520E-14, -27.40445772368652300 ) ) ;
#6312 = CARTESIAN_POINT ( 'NONE',  ( 1.289424520594356416, 0.3000000000000424549, 40.23873476007040040 ) ) ;
#6313 = CARTESIAN_POINT ( 'NONE',  ( 4.391299438476544914, 6.418250093832056422E-14, -38.42828395631578076 ) ) ;
#6314 = ADVANCED_FACE ( 'NONE', ( #5238 ), #5673, .T. ) ;
#6315 = CARTESIAN_POINT ( 'NONE',  ( -1.353292046776525481, 0.3000000000000240252, 43.81694880885336829 ) ) ;
#6316 = DIRECTION ( 'NONE',  ( 0.000000000000000000, 0.000000000000000000, -1.000000000000000000 ) ) ;
#6317 = AXIS2_PLACEMENT_3D ( 'NONE', #1962, #1868, #6504 ) ;
#6318 = ORIENTED_EDGE ( 'NONE', *, *, #4082, .T. ) ;
#6319 = EDGE_CURVE ( 'NONE', #351, #6572, #3188, .T. ) ;
#6320 = CARTESIAN_POINT ( 'NONE',  ( 4.207079600431097077, 6.293793611278353239E-14, 42.01095265483908037 ) ) ;
#6321 = CARTESIAN_POINT ( 'NONE',  ( -4.811406417464779928, -1.084202172485504434E-16, -37.85435056928057662 ) ) ;
#6322 = CARTESIAN_POINT ( 'NONE',  ( 0.1928046332465181423, 0.3000000000000348499, -2.893557230631510269 ) ) ;
#6323 = CARTESIAN_POINT ( 'NONE',  ( -2.164650103900743972, 1.840254996710560231E-14, -38.94092418594462401 ) ) ;
#6324 = CARTESIAN_POINT ( 'NONE',  ( -1.957170802894818262, 1.985137018242240067E-14, -30.98979091862958057 ) ) ;
#6325 = CARTESIAN_POINT ( 'NONE',  ( -4.494851919800658457, 2.130837655199743287E-15, -37.37364494673769855 ) ) ;
#6326 = DIRECTION ( 'NONE',  ( 0.9460992967321601999, 0.000000000000000000, -0.3238767060517195873 ) ) ;
#6327 = CARTESIAN_POINT ( 'NONE',  ( -1.435711727751726396, 2.349269944208730960E-14, 41.74463402012479918 ) ) ;
#6328 = CARTESIAN_POINT ( 'NONE',  ( 1.574973546020988824, 4.451620234310195395E-14, -40.43055771152108946 ) ) ;
#6329 = ORIENTED_EDGE ( 'NONE', *, *, #5407, .F. ) ;
#6330 = ORIENTED_EDGE ( 'NONE', *, *, #601, .F. ) ;
#6331 = ORIENTED_EDGE ( 'NONE', *, *, #3671, .F. ) ;
#6332 = CARTESIAN_POINT ( 'NONE',  ( 0.7619418091244145597, 3.883883206857862301E-14, 39.03288139237298537 ) ) ;
#6333 = CARTESIAN_POINT ( 'NONE',  ( -4.733827212008969276, 0.3000000000000004885, -33.17447239858307739 ) ) ;
#6334 = ORIENTED_EDGE ( 'NONE', *, *, #2368, .F. ) ;
#6335 = FACE_BOUND ( 'NONE', #2778, .T. ) ;
#6336 = CARTESIAN_POINT ( 'NONE',  ( -2.630319005954901979, 0.3000000000000150879, 41.88988639547685011 ) ) ;
#6337 = ORIENTED_EDGE ( 'NONE', *, *, #5927, .T. ) ;
#6338 = ORIENTED_EDGE ( 'NONE', *, *, #4140, .T. ) ;
#6339 = VECTOR ( 'NONE', #667, 1000.000000000000000 ) ;
#6340 = CARTESIAN_POINT ( 'NONE',  ( 4.355037564978148090, 0.3000000000000638822, 39.10425734668651643 ) ) ;
#6341 = EDGE_CURVE ( 'NONE', #4157, #5280, #2933, .T. ) ;
#6342 = CARTESIAN_POINT ( 'NONE',  ( 1.358455888594032324, 4.304282624767452603E-14, 40.32029985877520772 ) ) ;
#6343 = CARTESIAN_POINT ( 'NONE',  ( 1.956952577167069940, 4.721700461174371810E-14, -36.36804283989799558 ) ) ;
#6344 = CARTESIAN_POINT ( 'NONE',  ( -0.2557676580217191908, 3.176712365382527992E-14, 31.14829254150390625 ) ) ;
#6345 = CARTESIAN_POINT ( 'NONE',  ( 4.388907671279837608, 6.416579931725222551E-14, -31.67600165610951635 ) ) ;
#6346 = ORIENTED_EDGE ( 'NONE', *, *, #2774, .F. ) ;
#6347 = CARTESIAN_POINT ( 'NONE',  ( 1.949577699930638452, 0.3000000000000470624, 38.76302327062960273 ) ) ;
#6348 = EDGE_CURVE ( 'NONE', #2540, #3139, #1755, .T. ) ;
#6349 = CARTESIAN_POINT ( 'NONE',  ( 4.277826605902760093, 0.3000000000000633271, -26.04201507568359730 ) ) ;
#6350 = DIRECTION ( 'NONE',  ( -1.000000000000000000, -7.506015040284271099E-16, 0.000000000000000000 ) ) ;
#6351 = CARTESIAN_POINT ( 'NONE',  ( -4.174327230550899159, 0.3000000000000043743, 33.22796262725763938 ) ) ;
#6352 = CARTESIAN_POINT ( 'NONE',  ( 0.8470464335547378543, 0.3000000000000394018, -34.56843463579813402 ) ) ;
#6353 = CARTESIAN_POINT ( 'NONE',  ( -3.484424347347700124, 7.047314121155778821E-15, -36.93540700276692235 ) ) ;
#6354 = CARTESIAN_POINT ( 'NONE',  ( 0.1251663804306532013, 3.436920886779049056E-14, 37.55276587007764277 ) ) ;
#6355 = CARTESIAN_POINT ( 'NONE',  ( -1.865965216226710632, 0.3000000000000204725, 41.01639723888428790 ) ) ;
#6356 = DIRECTION ( 'NONE',  ( 0.000000000000000000, -1.000000000000000000, 0.000000000000000000 ) ) ;
#6357 = CARTESIAN_POINT ( 'NONE',  ( 4.387193061716431863, 0.3000000000000641043, 30.45758298263688246 ) ) ;
#6358 = EDGE_LOOP ( 'NONE', ( #723, #794, #2554, #5810 ) ) ;
#6359 = ORIENTED_EDGE ( 'NONE', *, *, #5271, .F. ) ;
#6360 = ORIENTED_EDGE ( 'NONE', *, *, #5449, .T. ) ;
#6361 = ORIENTED_EDGE ( 'NONE', *, *, #545, .F. ) ;
#6362 = CARTESIAN_POINT ( 'NONE',  ( 11.99999999999999645, 6.000000000000004441, -69.00000000000000000 ) ) ;
#6363 = CARTESIAN_POINT ( 'NONE',  ( 1.300000000000000044, 5.000000000000000000, 62.00000000000000000 ) ) ;
#6364 = CARTESIAN_POINT ( 'NONE',  ( -8.000000000000007105, 1.399999999999990585, -32.75000000000000000 ) ) ;
#6365 = ORIENTED_EDGE ( 'NONE', *, *, #5894, .T. ) ;
#6366 = LINE ( 'NONE', #2899, #4259 ) ;
#6367 = DIRECTION ( 'NONE',  ( 1.000000000000000000, 0.000000000000000000, 0.000000000000000000 ) ) ;
#6368 = ORIENTED_EDGE ( 'NONE', *, *, #6319, .T. ) ;
#6369 = VERTEX_POINT ( 'NONE', #1595 ) ;
#6370 = VECTOR ( 'NONE', #4018, 1000.000000000000000 ) ;
#6371 = CARTESIAN_POINT ( 'NONE',  ( 3.770744885338672692, 0.3000000000000598299, 36.36804283989800268 ) ) ;
#6372 = CARTESIAN_POINT ( 'NONE',  ( 1.231587863774313618, 4.217546450968612248E-14, 40.15089258735746824 ) ) ;
#6373 = AXIS2_PLACEMENT_3D ( 'NONE', #5314, #3292, #712 ) ;
#6374 = DIRECTION ( 'NONE',  ( -1.000000000000000000, -7.228014483236701486E-16, 0.000000000000000000 ) ) ;
#6375 = CARTESIAN_POINT ( 'NONE',  ( -1.557054328942282018, 0.3000000000000226374, 43.67038638749073698 ) ) ;
#6376 = CARTESIAN_POINT ( 'NONE',  ( -4.824831032406390108, 0.2999999999999998224, 42.40191800853860826 ) ) ;
#6377 = EDGE_CURVE ( 'NONE', #1558, #5401, #578, .T. ) ;
#6378 = EDGE_LOOP ( 'NONE', ( #3431, #6469 ) ) ;
#6379 = CARTESIAN_POINT ( 'NONE',  ( 2.118382658330535406, 4.830120678422922254E-14, 39.60820992688186237 ) ) ;
#6380 = CARTESIAN_POINT ( 'NONE',  ( -4.857574222574011280, -4.336808689942017736E-16, -37.98828449111759653 ) ) ;
#6381 = LINE ( 'NONE', #6414, #941 ) ;
#6382 = CARTESIAN_POINT ( 'NONE',  ( -5.400000000000009237, 1.399999999999992584, -65.50000000000000000 ) ) ;
#6383 = EDGE_CURVE ( 'NONE', #3253, #4584, #4336, .T. ) ;
#6384 = CARTESIAN_POINT ( 'NONE',  ( -2.133388434516076071, 1.859406725812640104E-14, -38.86444515652125631 ) ) ;
#6385 = CARTESIAN_POINT ( 'NONE',  ( -1.668646482053288915, 2.184667377558291435E-14, 36.26417067840509389 ) ) ;
#6386 = CARTESIAN_POINT ( 'NONE',  ( -1.730442198314947166, 0.3000000000000213607, 41.16127396334157851 ) ) ;
#6387 = EDGE_CURVE ( 'NONE', #5355, #5696, #6270, .T. ) ;
#6388 = VECTOR ( 'NONE', #3505, 1000.000000000000227 ) ;
#6389 = LINE ( 'NONE', #5890, #5856 ) ;
#6390 = PLANE ( 'NONE',  #4962 ) ;
#6391 = CARTESIAN_POINT ( 'NONE',  ( 4.348997765079651856, 6.402213828526903683E-14, -30.83130729913256829 ) ) ;
#6392 = ORIENTED_EDGE ( 'NONE', *, *, #6303, .F. ) ;
#6393 = EDGE_LOOP ( 'NONE', ( #6042, #4256, #2893, #2714 ) ) ;
#6394 = ORIENTED_EDGE ( 'NONE', *, *, #5614, .T. ) ;
#6395 = EDGE_CURVE ( 'NONE', #1943, #5334, #636, .T. ) ;
#6396 = CARTESIAN_POINT ( 'NONE',  ( 1.300000000000000044, 5.000000000000000000, -70.00000000000000000 ) ) ;
#6397 = DIRECTION ( 'NONE',  ( -3.821891629542292715E-16, 0.000000000000000000, -1.000000000000000000 ) ) ;
#6398 = VERTEX_POINT ( 'NONE', #4511 ) ;
#6399 = FACE_OUTER_BOUND ( 'NONE', #3613, .T. ) ;
#6400 = CARTESIAN_POINT ( 'NONE',  ( -4.800000000000014033, 0.2999999999999999889, -26.04201507568359375 ) ) ;
#6401 = VERTEX_POINT ( 'NONE', #4006 ) ;
#6402 = ORIENTED_EDGE ( 'NONE', *, *, #4212, .T. ) ;
#6403 = VECTOR ( 'NONE', #1393, 1000.000000000000000 ) ;
#6404 = CARTESIAN_POINT ( 'NONE',  ( 4.391299438476554684, 8.836247705756861137E-15, 30.27774315410189843 ) ) ;
#6405 = LINE ( 'NONE', #3822, #2006 ) ;
#6406 = FACE_OUTER_BOUND ( 'NONE', #4120, .T. ) ;
#6407 = CARTESIAN_POINT ( 'NONE',  ( -1.353292046776539914, 0.3000000000000240252, -28.12482704292614244 ) ) ;
#6408 = CARTESIAN_POINT ( 'NONE',  ( -2.224604435562166138, 0.3000000000000179745, -37.72889999988812804 ) ) ;
#6409 = VECTOR ( 'NONE', #5248, 1000.000000000000114 ) ;
#6410 = CARTESIAN_POINT ( 'NONE',  ( -0.9409288631442278561, 2.694774971920019224E-14, 29.72926129881667379 ) ) ;
#6411 = EDGE_LOOP ( 'NONE', ( #89, #960, #5740, #1711 ) ) ;
#6412 = CARTESIAN_POINT ( 'NONE',  ( 1.145745687299140503, 4.152494320619481982E-14, 37.62340730929452803 ) ) ;
#6413 = CARTESIAN_POINT ( 'NONE',  ( 0.000000000000000000, 5.000000000000000000, -70.00000000000000000 ) ) ;
#6414 = CARTESIAN_POINT ( 'NONE',  ( 1.956952577167069940, 0.3000000000000471179, -36.36804283989799558 ) ) ;
#6415 = LINE ( 'NONE', #2184, #1870 ) ;
#6416 = LINE ( 'NONE', #4551, #1299 ) ;
#6417 = CARTESIAN_POINT ( 'NONE',  ( 4.391299438476544026, 0.3000000000000641598, -31.85395171907212131 ) ) ;
#6418 = AXIS2_PLACEMENT_3D ( 'NONE', #2238, #3856, #166 ) ;
#6419 = CARTESIAN_POINT ( 'NONE',  ( -2.054526520068907125, 1.917153884293626269E-14, 40.91522445580557843 ) ) ;
#6420 = EDGE_CURVE ( 'NONE', #2605, #282, #352, .T. ) ;
#6421 = ADVANCED_FACE ( 'NONE', ( #6589 ), #2713, .T. ) ;
#6422 = DIRECTION ( 'NONE',  ( -0.000000000000000000, -0.000000000000000000, -1.000000000000000000 ) ) ;
#6423 = FACE_OUTER_BOUND ( 'NONE', #2750, .T. ) ;
#6424 = CARTESIAN_POINT ( 'NONE',  ( -1.865965216226724843, 2.054563116860030902E-14, -30.92537861289522283 ) ) ;
#6425 = CARTESIAN_POINT ( 'NONE',  ( 1.705915048200104867, 4.553649124439118623E-14, -27.41279110464673252 ) ) ;
#6426 = ORIENTED_EDGE ( 'NONE', *, *, #669, .T. ) ;
#6427 = CARTESIAN_POINT ( 'NONE',  ( 4.131938275465236288, 0.3000000000000623834, -39.40225720545956989 ) ) ;
#6428 = EDGE_CURVE ( 'NONE', #2644, #5966, #1390, .T. ) ;
#6429 = DIRECTION ( 'NONE',  ( -1.000000000000000000, 0.000000000000000000, 0.000000000000000000 ) ) ;
#6430 = CARTESIAN_POINT ( 'NONE',  ( 0.6668738641881035711, 0.3000000000000381251, -33.16197247116836166 ) ) ;
#6431 = CARTESIAN_POINT ( 'NONE',  ( -4.800000000000010481, 0.2999999999999999889, -10.04234568277993311 ) ) ;
#6432 = ORIENTED_EDGE ( 'NONE', *, *, #3207, .T. ) ;
#6433 = CARTESIAN_POINT ( 'NONE',  ( -4.733827212008957730, 4.620821088199127203E-16, 38.76730345319644044 ) ) ;
#6434 = ORIENTED_EDGE ( 'NONE', *, *, #5685, .F. ) ;
#6435 = ORIENTED_EDGE ( 'NONE', *, *, #6300, .F. ) ;
#6436 = ADVANCED_FACE ( 'NONE', ( #6524 ), #2492, .T. ) ;
#6437 = CARTESIAN_POINT ( 'NONE',  ( 4.387193061716431863, 6.415382626266408948E-14, 30.45758298263688246 ) ) ;
#6438 = DIRECTION ( 'NONE',  ( -8.992686187158336149E-16, -3.194843922627774244E-30, -1.000000000000000000 ) ) ;
#6439 = CARTESIAN_POINT ( 'NONE',  ( -1.668646482053304680, 2.186612474646348721E-14, -35.67760517337441684 ) ) ;
#6440 = CARTESIAN_POINT ( 'NONE',  ( 2.948643856937727126, 5.410849085567909921E-14, 44.10426689647356824 ) ) ;
#6441 = VECTOR ( 'NONE', #3406, 1000.000000000000000 ) ;
#6442 = ORIENTED_EDGE ( 'NONE', *, *, #36, .T. ) ;
#6443 = CARTESIAN_POINT ( 'NONE',  ( -12.00000000000000000, 0.9999999999999981126, 69.00000000000000000 ) ) ;
#6444 = CARTESIAN_POINT ( 'NONE',  ( -3.978403917251473576, 0.3000000000000057065, -34.83074239887692158 ) ) ;
#6445 = CARTESIAN_POINT ( 'NONE',  ( -4.824831032406403430, -1.733941725422392430E-16, -29.53985784324089181 ) ) ;
#6446 = AXIS2_PLACEMENT_3D ( 'NONE', #6140, #6109, #4128 ) ;
#6447 = DIRECTION ( 'NONE',  ( -5.484328795755763592E-16, -1.948424993172097996E-30, -1.000000000000000000 ) ) ;
#6448 = DIRECTION ( 'NONE',  ( -4.496343093579167088E-16, 0.000000000000000000, -1.000000000000000000 ) ) ;
#6449 = ADVANCED_FACE ( 'NONE', ( #854 ), #5047, .T. ) ;
#6450 = CARTESIAN_POINT ( 'NONE',  ( -0.1284804736280474868, 3.262104650073797786E-14, 37.13022582329503507 ) ) ;
#6451 = CARTESIAN_POINT ( 'NONE',  ( -1.624316733053032813, 2.222614453595284090E-14, -30.60589221148465455 ) ) ;
#6452 = FACE_OUTER_BOUND ( 'NONE', #1423, .T. ) ;
#6453 = ORIENTED_EDGE ( 'NONE', *, *, #5726, .T. ) ;
#6454 = EDGE_CURVE ( 'NONE', #557, #5293, #3409, .T. ) ;
#6455 = CARTESIAN_POINT ( 'NONE',  ( 2.116357668861243102, 4.829666746718735312E-14, -32.05895707736338096 ) ) ;
#6456 = CARTESIAN_POINT ( 'NONE',  ( -2.639483235726256538, 0.3000000000000150324, -30.49116459496599774 ) ) ;
#6457 = CARTESIAN_POINT ( 'NONE',  ( 1.522835356000679985, 4.415212330810802545E-14, -31.49838341296058175 ) ) ;
#6458 = CARTESIAN_POINT ( 'NONE',  ( 1.549969286057848228, 0.3000000000000443423, 34.99753169815421927 ) ) ;
#6459 = EDGE_LOOP ( 'NONE', ( #1225, #2420, #343, #3714 ) ) ;
#6460 = CARTESIAN_POINT ( 'NONE',  ( -0.9330779622009198748, 2.705084420351333563E-14, -37.26290035613008200 ) ) ;
#6461 = CARTESIAN_POINT ( 'NONE',  ( 1.332863173547118807, 4.282555464823620428E-14, -36.42082701905712128 ) ) ;
#6462 = EDGE_LOOP ( 'NONE', ( #116, #5237, #3438, #2555 ) ) ;
#6463 = EDGE_CURVE ( 'NONE', #3726, #4094, #2627, .T. ) ;
#6464 = ORIENTED_EDGE ( 'NONE', *, *, #2305, .F. ) ;
#6465 = CARTESIAN_POINT ( 'NONE',  ( -4.870920520358624550, -4.952353467463114309E-16, 4.368704054090705391 ) ) ;
#6466 = CARTESIAN_POINT ( 'NONE',  ( -2.612166758377066245, 1.534146074066988774E-14, -30.61923651889881626 ) ) ;
#6467 = CARTESIAN_POINT ( 'NONE',  ( -1.250427956051311629, 0.3000000000000247469, -28.05083881484136299 ) ) ;
#6468 = CARTESIAN_POINT ( 'NONE',  ( 0.1928046332465163937, 0.3000000000000348499, -8.907617357042099115 ) ) ;
#6469 = ORIENTED_EDGE ( 'NONE', *, *, #1130, .T. ) ;
#6470 = AXIS2_PLACEMENT_3D ( 'NONE', #2727, #5829, #3336 ) ;
#6471 = DIRECTION ( 'NONE',  ( 1.000000000000000000, 6.982962677687423181E-15, 0.000000000000000000 ) ) ;
#6472 = PLANE ( 'NONE',  #6317 ) ;
#6473 = EDGE_CURVE ( 'NONE', #5975, #4751, #2299, .T. ) ;
#6474 = LINE ( 'NONE', #4876, #5979 ) ;
#6475 = AXIS2_PLACEMENT_3D ( 'NONE', #5067, #606, #4027 ) ;
#6476 = CARTESIAN_POINT ( 'NONE',  ( 0.04489505734297041112, 3.383172136273263191E-14, 31.07669657975786492 ) ) ;
#6477 = CARTESIAN_POINT ( 'NONE',  ( -0.3988799687781596215, 3.079134169858832593E-14, 43.79525637995268994 ) ) ;
#6478 = CARTESIAN_POINT ( 'NONE',  ( 2.026100084516718525, 4.770489558936219510E-14, -40.45306481255424558 ) ) ;
#6479 = CARTESIAN_POINT ( 'NONE',  ( -4.800000000000003375, 0.2999999999999999889, 26.51895557509527634 ) ) ;
#6480 = DIRECTION ( 'NONE',  ( -1.000000000000000000, 0.000000000000000000, -0.000000000000000000 ) ) ;
#6481 = CARTESIAN_POINT ( 'NONE',  ( -1.668646482053304680, 2.179246366695863912E-14, -35.67760517337441684 ) ) ;
#6482 = VECTOR ( 'NONE', #3143, 1000.000000000000000 ) ;
#6483 = VERTEX_POINT ( 'NONE', #1066 ) ;
#6484 = AXIS2_PLACEMENT_3D ( 'NONE', #2826, #4811, #2693 ) ;
#6485 = CARTESIAN_POINT ( 'NONE',  ( -8.000000000000007105, 1.399999999999990585, 32.75000000000000000 ) ) ;
#6486 = CARTESIAN_POINT ( 'NONE',  ( 0.4148048201677836389, 0.3000000000000364042, 30.17639108886468335 ) ) ;
#6487 = CARTESIAN_POINT ( 'NONE',  ( 0.1866346133907040294, 3.496552006265751800E-14, -27.67645875474245187 ) ) ;
#6488 = ORIENTED_EDGE ( 'NONE', *, *, #5909, .F. ) ;
#6489 = DIRECTION ( 'NONE',  ( -7.228014483236701486E-16, 1.000000000000000000, -0.000000000000000000 ) ) ;
#6490 = EDGE_LOOP ( 'NONE', ( #2161, #4503, #2772, #5731 ) ) ;
#6491 = ADVANCED_FACE ( 'NONE', ( #2088 ), #3680, .T. ) ;
#6492 = EDGE_LOOP ( 'NONE', ( #1453, #3723, #5398, #6631, #5839, #1318 ) ) ;
#6493 = ADVANCED_FACE ( 'NONE', ( #585 ), #3071, .T. ) ;
#6494 = CARTESIAN_POINT ( 'NONE',  ( 2.119941732340036911, 4.835541689285349776E-14, -32.16713293108549010 ) ) ;
#6495 = FACE_OUTER_BOUND ( 'NONE', #1097, .T. ) ;
#6496 = CARTESIAN_POINT ( 'NONE',  ( -2.506774760217771014, 0.3000000000000159761, -30.84000946279725497 ) ) ;
#6497 = CARTESIAN_POINT ( 'NONE',  ( 11.00000000000000000, 6.360652745248293205E-15, -69.00000000000000000 ) ) ;
#6498 = CARTESIAN_POINT ( 'NONE',  ( -1.993320406807811640, 1.959893884748483369E-14, -35.68720584445528488 ) ) ;
#6499 = CARTESIAN_POINT ( 'NONE',  ( -0.4093420213639777927, 3.065980079530079662E-14, 31.13738849394995611 ) ) ;
#6500 = VECTOR ( 'NONE', #4198, 1000.000000000000000 ) ;
#6501 = ORIENTED_EDGE ( 'NONE', *, *, #4800, .T. ) ;
#6502 = DIRECTION ( 'NONE',  ( -1.000000000000000000, -7.228014483236701486E-16, 0.000000000000000000 ) ) ;
#6503 = DIRECTION ( 'NONE',  ( 0.000000000000000000, -1.000000000000000000, 0.000000000000000000 ) ) ;
#6504 = DIRECTION ( 'NONE',  ( -0.000000000000000000, 0.000000000000000000, -1.000000000000000000 ) ) ;
#6505 = AXIS2_PLACEMENT_3D ( 'NONE', #5169, #3552, #6603 ) ;
#6506 = CARTESIAN_POINT ( 'NONE',  ( -2.644016181098091334, 0.3000000000000150324, 41.58602012528314873 ) ) ;
#6507 = CARTESIAN_POINT ( 'NONE',  ( -4.800000000000003375, 0.2999999999999999889, 26.51895557509527634 ) ) ;
#6508 = EDGE_LOOP ( 'NONE', ( #1203, #6093, #80, #665 ) ) ;
#6509 = VECTOR ( 'NONE', #1990, 1000.000000000000000 ) ;
#6510 = CARTESIAN_POINT ( 'NONE',  ( 0.9486119494961858800, 4.014234269183315430E-14, 37.45837019234615894 ) ) ;
#6511 = CARTESIAN_POINT ( 'NONE',  ( 4.014710606750893085, 6.158268339717665185E-14, -39.56995821873763930 ) ) ;
#6512 = DIRECTION ( 'NONE',  ( 1.000000000000000000, 0.000000000000000000, -4.274374212157390516E-16 ) ) ;
#6513 = CARTESIAN_POINT ( 'NONE',  ( 1.231587863774313618, 0.3000000000000421219, 40.15089258735746824 ) ) ;
#6514 = AXIS2_PLACEMENT_3D ( 'NONE', #2208, #5874, #1269 ) ;
#6515 = CARTESIAN_POINT ( 'NONE',  ( -1.395815022786472293, 2.377129664382242173E-14, -16.05640580919052240 ) ) ;
#6516 = CARTESIAN_POINT ( 'NONE',  ( -0.9409288631442278561, 0.3000000000000269118, 29.72926129881667379 ) ) ;
#6517 = VERTEX_POINT ( 'NONE', #2594 ) ;
#6518 = CARTESIAN_POINT ( 'NONE',  ( -0.09917805123560193004, 3.290553593493505957E-14, 31.13812067098742631 ) ) ;
#6519 = CARTESIAN_POINT ( 'NONE',  ( 1.112506423113550857, 0.3000000000000412892, 35.15240359038826767 ) ) ;
#6520 = EDGE_LOOP ( 'NONE', ( #3690, #3369, #486, #1215 ) ) ;
#6521 = CARTESIAN_POINT ( 'NONE',  ( -3.410809414312578891, 0.3000000000000097033, -36.93806767597034479 ) ) ;
#6522 = EDGE_LOOP ( 'NONE', ( #5494, #3424, #4048, #2880, #2444, #5989, #934, #6488 ) ) ;
#6523 = EDGE_LOOP ( 'NONE', ( #3816, #5935, #4782, #50, #2687, #657, #4827, #1757, #4057, #5765 ) ) ;
#6524 = FACE_OUTER_BOUND ( 'NONE', #3625, .T. ) ;
#6525 = DIRECTION ( 'NONE',  ( 1.000000000000000000, 6.982962677686979841E-15, 0.000000000000000000 ) ) ;
#6526 = CARTESIAN_POINT ( 'NONE',  ( -2.164334757839283974, 1.840475201688333557E-14, -37.87939083566731568 ) ) ;
#6527 = CARTESIAN_POINT ( 'NONE',  ( -2.431381251696000945, 1.658829323902821784E-14, -30.92529347190896871 ) ) ;
#6528 = CARTESIAN_POINT ( 'NONE',  ( -4.800000000000007816, 0.2999999999999999889, 14.33126415146720944 ) ) ;
#6529 = CARTESIAN_POINT ( 'NONE',  ( 4.277826605902761870, 0.3000000000000633271, -14.12736765543618667 ) ) ;
#6530 = CARTESIAN_POINT ( 'NONE',  ( 4.289144946042564577, 0.3000000000000634381, 41.57695601319492340 ) ) ;
#6531 = CARTESIAN_POINT ( 'NONE',  ( 2.051082824931353077, 4.784085566823304004E-14, 44.47344173830703795 ) ) ;
#6532 = EDGE_LOOP ( 'NONE', ( #1898, #2121, #5257, #5180 ) ) ;
#6533 = EDGE_CURVE ( 'NONE', #1957, #4234, #1585, .T. ) ;
#6534 = CARTESIAN_POINT ( 'NONE',  ( -4.385618206499353633, 2.818925648462311528E-15, 27.40649072129292207 ) ) ;
#6535 = CARTESIAN_POINT ( 'NONE',  ( 0.8736416286892226823, 0.3000000000000396239, -14.12736765543618311 ) ) ;
#6536 = CARTESIAN_POINT ( 'NONE',  ( -3.050299310050955892, 1.235990476633475055E-14, -39.82493114615173369 ) ) ;
#6537 = CARTESIAN_POINT ( 'NONE',  ( -4.538603004686857290, 0.3000000000000018208, -27.99301373838122942 ) ) ;
#6538 = CYLINDRICAL_SURFACE ( 'NONE', #4944, 2.599999999999998312 ) ;
#6539 = ORIENTED_EDGE ( 'NONE', *, *, #3494, .F. ) ;
#6540 = EDGE_CURVE ( 'NONE', #5811, #2951, #3717, .T. ) ;
#6541 = CARTESIAN_POINT ( 'NONE',  ( 1.145745687299140503, 4.151892022542397857E-14, 37.62340730929452803 ) ) ;
#6542 = CARTESIAN_POINT ( 'NONE',  ( 3.722634465029642570, 0.3000000000000594969, -39.87769282886888078 ) ) ;
#6543 = VECTOR ( 'NONE', #1630, 1000.000000000000000 ) ;
#6544 = PLANE ( 'NONE',  #4768 ) ;
#6545 = LINE ( 'NONE', #2345, #432 ) ;
#6546 = CARTESIAN_POINT ( 'NONE',  ( 12.00000000000000000, 1.000000000000002665, -69.00000000000000000 ) ) ;
#6547 = LINE ( 'NONE', #1941, #2062 ) ;
#6548 = CARTESIAN_POINT ( 'NONE',  ( -1.067966057167509364, 2.602085213965210642E-14, -35.53263437711853356 ) ) ;
#6549 = ORIENTED_EDGE ( 'NONE', *, *, #1451, .F. ) ;
#6550 = AXIS2_PLACEMENT_3D ( 'NONE', #3374, #6397, #2867 ) ;
#6551 = EDGE_CURVE ( 'NONE', #3465, #3726, #6233, .T. ) ;
#6552 = ADVANCED_FACE ( 'NONE', ( #621 ), #4718, .F. ) ;
#6553 = CARTESIAN_POINT ( 'NONE',  ( -8.000000000000007105, 1.399999999999990585, -32.75000000000000000 ) ) ;
#6554 = ORIENTED_EDGE ( 'NONE', *, *, #1049, .T. ) ;
#6555 = ORIENTED_EDGE ( 'NONE', *, *, #2297, .T. ) ;
#6556 = DIRECTION ( 'NONE',  ( 3.792264562646615699E-16, 0.000000000000000000, 1.000000000000000000 ) ) ;
#6557 = CARTESIAN_POINT ( 'NONE',  ( 2.924160419677603429, 0.3000000000000538902, -36.50943049544297736 ) ) ;
#6558 = CARTESIAN_POINT ( 'NONE',  ( -2.639522353628265261, 1.508653477058929740E-14, 41.68571386343535323 ) ) ;
#6559 = CARTESIAN_POINT ( 'NONE',  ( -2.506774760217771014, 1.604619215278546562E-14, -30.84000946279725497 ) ) ;
#6560 = DIRECTION ( 'NONE',  ( 1.000000000000000000, 0.000000000000000000, 0.000000000000000000 ) ) ;
#6561 = DIRECTION ( 'NONE',  ( 1.000000000000000000, 0.000000000000000000, -0.000000000000000000 ) ) ;
#6562 = CARTESIAN_POINT ( 'NONE',  ( -0.9419236924913245712, 2.694080286299874799E-14, 29.80080265469021228 ) ) ;
#6563 = VECTOR ( 'NONE', #74, 1000.000000000000000 ) ;
#6564 = EDGE_CURVE ( 'NONE', #3284, #339, #515, .T. ) ;
#6565 = ORIENTED_EDGE ( 'NONE', *, *, #5195, .F. ) ;
#6566 = CARTESIAN_POINT ( 'NONE',  ( -4.910208457214234379, 0.2999999999999992117, 30.12160785786185713 ) ) ;
#6567 = CARTESIAN_POINT ( 'NONE',  ( 1.332863173547118807, 0.3000000000000427880, -36.42082701905712128 ) ) ;
#6568 = CYLINDRICAL_SURFACE ( 'NONE', #3844, 2.599999999999996536 ) ;
#6569 = CARTESIAN_POINT ( 'NONE',  ( -3.628049532866302496, 0.3000000000000081490, -39.88144297843886932 ) ) ;
#6570 = ADVANCED_FACE ( 'NONE', ( #4613 ), #194, .T. ) ;
#6571 = CARTESIAN_POINT ( 'NONE',  ( -11.00000000000000000, 0.9999999999999981126, -70.00000000000000000 ) ) ;
#6572 = VERTEX_POINT ( 'NONE', #1120 ) ;
#6573 = EDGE_CURVE ( 'NONE', #4885, #947, #5175, .T. ) ;
#6574 = CARTESIAN_POINT ( 'NONE',  ( 2.110090077240109441, 4.830120678422922254E-14, -40.45140799809176002 ) ) ;
#6576 = DIRECTION ( 'NONE',  ( -6.982962677686267499E-15, 1.000000000000000000, 6.192832654944327348E-31 ) ) ;
#6575 = VECTOR ( 'NONE', #2817, 1000.000000000000000 ) ;
#6577 = CARTESIAN_POINT ( 'NONE',  ( 0.5707707827331760519, 3.750389192623363346E-14, 38.53785409042630050 ) ) ;
#6578 = CARTESIAN_POINT ( 'NONE',  ( -4.857574222574011280, 0.2999999999999996003, -37.98828449111759653 ) ) ;
#6579 = CARTESIAN_POINT ( 'NONE',  ( 1.345263089074014928, 0.3000000000000428990, -27.40368906656900094 ) ) ;
#6580 = ADVANCED_FACE ( 'NONE', ( #68 ), #4301, .T. ) ;
#6581 = CARTESIAN_POINT ( 'NONE',  ( 0.3864782055839999786, 0.3000000000000361822, -33.84370991439157450 ) ) ;
#6582 = DIRECTION ( 'NONE',  ( 4.067645193304434615E-16, 1.445117871875977263E-30, 1.000000000000000000 ) ) ;
#6583 = B_SPLINE_CURVE_WITH_KNOTS ( 'NONE', 3,
 ( #732, #4726, #3754, #4688, #91, #5809, #1205, #3650, #6336, #2780, #2169 ),
 .UNSPECIFIED., .F., .F.,
 ( 4, 1, 1, 1, 1, 1, 1, 1, 4 ),
 ( 0.000000000000000000, 0.1359826728439894050, 0.2693664966883814182, 0.4013714352847819189, 0.5341298545672907849, 0.6621877169219985149, 0.7809226503997435120, 0.8930285102126831465, 1.000000000000000000 ),
 .UNSPECIFIED. ) ;
#6584 = CARTESIAN_POINT ( 'NONE',  ( -1.566747100734717124, 0.3000000000000225264, 41.45311379135451801 ) ) ;
#6585 = EDGE_LOOP ( 'NONE', ( #2354, #2171, #1419, #1691 ) ) ;
#6586 = ORIENTED_EDGE ( 'NONE', *, *, #3838, .F. ) ;
#6587 = ORIENTED_EDGE ( 'NONE', *, *, #5706, .T. ) ;
#6588 = EDGE_CURVE ( 'NONE', #6141, #584, #2617, .T. ) ;
#6589 = FACE_OUTER_BOUND ( 'NONE', #3585, .T. ) ;
#6590 = CARTESIAN_POINT ( 'NONE',  ( 4.299536451558359396, 0.3000000000000634937, -37.79914322861822029 ) ) ;
#6591 = DIRECTION ( 'NONE',  ( -7.228014483236701486E-16, 1.000000000000000000, -0.000000000000000000 ) ) ;
#6592 = CARTESIAN_POINT ( 'NONE',  ( 3.920659199530597938, 6.087795198506107397E-14, 36.80014037046908015 ) ) ;
#6593 = CARTESIAN_POINT ( 'NONE',  ( -0.5519886277944180408, 2.966370486649841714E-14, 36.69649484616916624 ) ) ;
#6594 = CARTESIAN_POINT ( 'NONE',  ( -1.395815022786471404, 0.3000000000000237477, -14.12736765543618311 ) ) ;
#6595 = CARTESIAN_POINT ( 'NONE',  ( -4.911550313876370311, 0.2999999999999992117, -31.07082166843158433 ) ) ;
#6596 = CARTESIAN_POINT ( 'NONE',  ( 1.522835356000679985, 0.3000000000000441203, -31.49838341296058175 ) ) ;
#6597 = EDGE_LOOP ( 'NONE', ( #5996, #2454, #2669, #334, #5312, #826, #2134, #1307, #1243, #1658, #3616, #3882, #1857, #1527 ) ) ;
#6598 = ORIENTED_EDGE ( 'NONE', *, *, #6126, .F. ) ;
#6599 = CARTESIAN_POINT ( 'NONE',  ( -4.005690171983514070, 5.475220971051797392E-15, 26.60937923855252407 ) ) ;
#6600 = DIRECTION ( 'NONE',  ( -7.228014483236701486E-16, 1.000000000000000000, 0.000000000000000000 ) ) ;
#6601 = CARTESIAN_POINT ( 'NONE',  ( -1.690805019079701488, 0.3000000000000216938, 35.16120268912840174 ) ) ;
#6602 = CARTESIAN_POINT ( 'NONE',  ( 0.8819999545929635421, 0.3000000000000396794, -36.52069296135440624 ) ) ;
#6603 = DIRECTION ( 'NONE',  ( 1.000000000000000000, 0.000000000000000000, 0.000000000000000000 ) ) ;
#6604 = CARTESIAN_POINT ( 'NONE',  ( 0.9975380024965369019, 0.3000000000000404565, -32.29603246647058512 ) ) ;
#6605 = ORIENTED_EDGE ( 'NONE', *, *, #2421, .F. ) ;
#6606 = CARTESIAN_POINT ( 'NONE',  ( 3.340042906878074813, 5.692061405548898279E-14, -36.69099657613583787 ) ) ;
#6607 = DIRECTION ( 'NONE',  ( -1.000000000000000000, -7.506015040284266169E-16, 0.000000000000000000 ) ) ;
#6608 = CARTESIAN_POINT ( 'NONE',  ( 0.01185926148423722265, 0.3000000000000335731, 44.15509734737231184 ) ) ;
#6609 = CARTESIAN_POINT ( 'NONE',  ( 4.301680792169972456, 6.358845741627483505E-14, -39.03834671317407157 ) ) ;
#6610 = CARTESIAN_POINT ( 'NONE',  ( -4.678698628962723483, 8.470429467055918407E-16, -39.23225466327190247 ) ) ;
#6611 = DIRECTION ( 'NONE',  ( -5.837734231281781163E-16, -2.073979825667671109E-30, -1.000000000000000000 ) ) ;
#6612 = CARTESIAN_POINT ( 'NONE',  ( 4.277826605902761870, 0.3000000000000633271, -14.12736765543618667 ) ) ;
#6613 = CARTESIAN_POINT ( 'NONE',  ( 0.4794085458955682499, 3.680866375588287553E-14, -33.63233123264360103 ) ) ;
#6614 = DIRECTION ( 'NONE',  ( -1.000000000000000000, -7.228014483236701486E-16, 0.000000000000000000 ) ) ;
#6615 = ORIENTED_EDGE ( 'NONE', *, *, #3354, .T. ) ;
#6616 = EDGE_CURVE ( 'NONE', #4447, #2204, #6290, .T. ) ;
#6617 = CARTESIAN_POINT ( 'NONE',  ( 4.211760300923505618, 6.310056643865635806E-14, 31.82122521012506411 ) ) ;
#6618 = ORIENTED_EDGE ( 'NONE', *, *, #1975, .T. ) ;
#6619 = AXIS2_PLACEMENT_3D ( 'NONE', #410, #1894, #5433 ) ;
#6620 = ORIENTED_EDGE ( 'NONE', *, *, #5190, .F. ) ;
#6621 = ADVANCED_FACE ( 'NONE', ( #3233 ), #571, .F. ) ;
#6622 = DIRECTION ( 'NONE',  ( -7.228014483236701486E-16, 1.000000000000000000, 0.000000000000000000 ) ) ;
#6623 = LINE ( 'NONE', #6159, #5051 ) ;
#6624 = DIRECTION ( 'NONE',  ( -0.8959153977262280799, -6.256143784686697619E-15, -0.4442247180392538408 ) ) ;
#6625 = FACE_BOUND ( 'NONE', #3012, .T. ) ;
#6626 = FACE_OUTER_BOUND ( 'NONE', #4791, .T. ) ;
#6627 = DIRECTION ( 'NONE',  ( -7.228014483236701486E-16, 1.000000000000000000, 0.000000000000000000 ) ) ;
#6628 = VERTEX_POINT ( 'NONE', #4272 ) ;
#6629 = CARTESIAN_POINT ( 'NONE',  ( 1.345263089074014928, 0.3000000000000428990, -27.40368906656900094 ) ) ;
#6630 = VERTEX_POINT ( 'NONE', #176 ) ;
#6631 = ORIENTED_EDGE ( 'NONE', *, *, #3720, .F. ) ;
#6632 = CARTESIAN_POINT ( 'NONE',  ( 7.999999999999983125, 1.400000000000002798, 0.000000000000000000 ) ) ;
#6633 = CARTESIAN_POINT ( 'NONE',  ( -2.506774760217755027, 1.601350626092755768E-14, 41.10176638898224866 ) ) ;
#6634 = CARTESIAN_POINT ( 'NONE',  ( -3.254810673109344243, 0.3000000000000107581, 34.29693220242237572 ) ) ;
#6635 = CARTESIAN_POINT ( 'NONE',  ( 1.111572919779462598, 4.130810277169771894E-14, -36.46713754060244383 ) ) ;
#6636 = PRODUCT_DEFINITION_CONTEXT ( 'detailed design', #4530, 'design' ) ;
#6637 = CARTESIAN_POINT ( 'NONE',  ( 0.8470464335547378543, 3.946495907847236140E-14, -34.56843463579813402 ) ) ;
#6638 = CARTESIAN_POINT ( 'NONE',  ( 1.125950384185440578, 0.3000000000000413447, -31.99731086207295405 ) ) ;
#6639 = VERTEX_POINT ( 'NONE', #5284 ) ;
#6640 = CARTESIAN_POINT ( 'NONE',  ( 3.706526925433957675, 0.3000000000000593858, -36.94638236987054114 ) ) ;
#6641 = CARTESIAN_POINT ( 'NONE',  ( 2.054320344270533560, 4.786346314494692974E-14, -31.77950396930728871 ) ) ;
#6642 = CARTESIAN_POINT ( 'NONE',  ( 0.1866346133907177407, 0.3000000000000347944, 44.26531709703705531 ) ) ;
#6643 = CARTESIAN_POINT ( 'NONE',  ( 0.1928046332465163937, 0.3000000000000348499, -6.978579203287759825 ) ) ;
#6644 = LINE ( 'NONE', #2581, #5750 ) ;
#6645 = CARTESIAN_POINT ( 'NONE',  ( -1.566747100734731557, 0.3000000000000225264, -30.48866206042498206 ) ) ;
#6646 = CARTESIAN_POINT ( 'NONE',  ( 4.389416598550170079, 6.416935313738662920E-14, -38.49934619490097987 ) ) ;
#6647 = CARTESIAN_POINT ( 'NONE',  ( -0.9227333037972433871, 2.705084420351333563E-14, 29.38118065765076281 ) ) ;
#6648 = CARTESIAN_POINT ( 'NONE',  ( -2.435888362454808220, 1.658829323902821784E-14, -29.43189876433645225 ) ) ;
#6649 = EDGE_LOOP ( 'NONE', ( #4456, #1948 ) ) ;
#6650 = LINE ( 'NONE', #3169, #4508 ) ;
ENDSEC;
END-ISO-10303-21;
