ISO-10303-21;
HEADER;
FILE_DESCRIPTION (( 'STEP AP214' ),
    '1' );
FILE_NAME ('Palm_Spacer.STEP',
    '2025-10-13T18:45:40',
    ( '' ),
    ( '' ),
    'SwSTEP 2.0',
    'SolidWorks 2025',
    '' );
FILE_SCHEMA (( 'AUTOMOTIVE_DESIGN' ));
ENDSEC;

DATA;
#1 = FACE_OUTER_BOUND ( 'NONE', #2048, .T. ) ;
#2 = ORIENTED_EDGE ( 'NONE', *, *, #1162, .T. ) ;
#3 = CARTESIAN_POINT ( 'NONE',  ( -17.67766952966372429, 5.649999999999998579, 17.67766952966366745 ) ) ;
#4 = DIRECTION ( 'NONE',  ( 0.000000000000000000, 0.000000000000000000, 1.000000000000000000 ) ) ;
#5 = EDGE_CURVE ( 'NONE', #1376, #1694, #278, .T. ) ;
#6 = ORIENTED_EDGE ( 'NONE', *, *, #1829, .T. ) ;
#7 = ORIENTED_EDGE ( 'NONE', *, *, #2435, .F. ) ;
#8 = DIRECTION ( 'NONE',  ( -0.000000000000000000, 1.000000000000000000, -0.000000000000000000 ) ) ;
#9 = CARTESIAN_POINT ( 'NONE',  ( -18.49999999999998934, 14.40000000000000036, -59.70834875401146746 ) ) ;
#10 = ORIENTED_EDGE ( 'NONE', *, *, #600, .F. ) ;
#11 = CARTESIAN_POINT ( 'NONE',  ( 46.17562584220413413, 14.40000000000000036, 48.02146997001207041 ) ) ;
#12 = EDGE_CURVE ( 'NONE', #2442, #912, #3054, .T. ) ;
#13 = FACE_OUTER_BOUND ( 'NONE', #582, .T. ) ;
#14 = CARTESIAN_POINT ( 'NONE',  ( 10.74999999999990230, 1.000000000000000000, -18.61954618136535089 ) ) ;
#15 = DIRECTION ( 'NONE',  ( 2.139794099195617525E-15, 0.000000000000000000, -1.000000000000000000 ) ) ;
#16 = ORIENTED_EDGE ( 'NONE', *, *, #2414, .T. ) ;
#17 = DIRECTION ( 'NONE',  ( 0.000000000000000000, -1.000000000000000000, 0.000000000000000000 ) ) ;
#18 = CARTESIAN_POINT ( 'NONE',  ( -65.40767664977295226, 14.40000000000000036, 18.71058083755679746 ) ) ;
#19 = ORIENTED_EDGE ( 'NONE', *, *, #2689, .F. ) ;
#20 = CIRCLE ( 'NONE', #1107, 3.249999999999999556 ) ;
#21 = ORIENTED_EDGE ( 'NONE', *, *, #848, .T. ) ;
#22 = ORIENTED_EDGE ( 'NONE', *, *, #313, .T. ) ;
#23 = EDGE_CURVE ( 'NONE', #594, #1210, #2312, .T. ) ;
#24 = EDGE_CURVE ( 'NONE', #2791, #2458, #1656, .T. ) ;
#25 = CARTESIAN_POINT ( 'NONE',  ( 17.67766952966360350, 12.40000000000000036, 10.42766952966378469 ) ) ;
#26 = DIRECTION ( 'NONE',  ( 0.000000000000000000, 0.000000000000000000, 1.000000000000000000 ) ) ;
#27 = TOROIDAL_SURFACE ( 'NONE', #3074, 5.000000000000000000, 1.000000000000000000 ) ;
#28 = VECTOR ( 'NONE', #1567, 1000.000000000000227 ) ;
#29 = CIRCLE ( 'NONE', #2173, 7.249999999999999112 ) ;
#30 = DIRECTION ( 'NONE',  ( 0.000000000000000000, 1.000000000000000000, 0.000000000000000000 ) ) ;
#31 = DIRECTION ( 'NONE',  ( -0.000000000000000000, 1.000000000000000000, -0.000000000000000000 ) ) ;
#32 = CIRCLE ( 'NONE', #435, 5.250000000000000888 ) ;
#33 = AXIS2_PLACEMENT_3D ( 'NONE', #2583, #697, #1644 ) ;
#34 = CONICAL_SURFACE ( 'NONE', #3027, 2.000000000000001776, 1.047197551196598964 ) ;
#35 = AXIS2_PLACEMENT_3D ( 'NONE', #520, #1504, #2460 ) ;
#36 = DIRECTION ( 'NONE',  ( 0.000000000000000000, -1.000000000000000000, 0.000000000000000000 ) ) ;
#37 = DIRECTION ( 'NONE',  ( 0.000000000000000000, -1.000000000000000000, 0.000000000000000000 ) ) ;
#38 = CARTESIAN_POINT ( 'NONE',  ( -66.67562584220407018, 1.000000000000000888, 12.51442841485016189 ) ) ;
#39 = AXIS2_PLACEMENT_3D ( 'NONE', #2087, #2356, #221 ) ;
#40 = DIRECTION ( 'NONE',  ( 0.000000000000000000, 0.000000000000000000, 1.000000000000000000 ) ) ;
#41 = CIRCLE ( 'NONE', #2736, 3.249999999999999556 ) ;
#42 = FACE_OUTER_BOUND ( 'NONE', #776, .T. ) ;
#43 = ORIENTED_EDGE ( 'NONE', *, *, #2480, .F. ) ;
#44 = VERTEX_POINT ( 'NONE', #2613 ) ;
#45 = EDGE_CURVE ( 'NONE', #1499, #1224, #1904, .T. ) ;
#46 = ORIENTED_EDGE ( 'NONE', *, *, #3010, .F. ) ;
#47 = CARTESIAN_POINT ( 'NONE',  ( 16.50000000000000000, 14.40000000000000036, -66.00000000000001421 ) ) ;
#48 = CARTESIAN_POINT ( 'NONE',  ( 60.95894683899492605, 14.40000000000000036, 13.83270440699366510 ) ) ;
#49 = LINE ( 'NONE', #2658, #140 ) ;
#50 = DIRECTION ( 'NONE',  ( 0.000000000000000000, -1.000000000000000000, 0.000000000000000000 ) ) ;
#51 = DIRECTION ( 'NONE',  ( 0.000000000000000000, -1.000000000000000000, 0.000000000000000000 ) ) ;
#52 = DIRECTION ( 'NONE',  ( 0.000000000000000000, 0.000000000000000000, -1.000000000000000000 ) ) ;
#53 = DIRECTION ( 'NONE',  ( 0.8660254037844379305, 0.000000000000000000, -0.5000000000000012212 ) ) ;
#54 = CARTESIAN_POINT ( 'NONE',  ( 16.50000000000000000, 0.000000000000000000, -64.00000000000000000 ) ) ;
#55 = EDGE_CURVE ( 'NONE', #105, #699, #2381, .T. ) ;
#56 = AXIS2_PLACEMENT_3D ( 'NONE', #2080, #3041, #2804 ) ;
#57 = PLANE ( 'NONE',  #929 ) ;
#58 = VERTEX_POINT ( 'NONE', #720 ) ;
#59 = EDGE_CURVE ( 'NONE', #2287, #378, #3071, .T. ) ;
#60 = ORIENTED_EDGE ( 'NONE', *, *, #3042, .F. ) ;
#61 = VERTEX_POINT ( 'NONE', #1433 ) ;
#62 = CARTESIAN_POINT ( 'NONE',  ( 44.17562584220409860, 14.40000000000000036, 51.48557158514987009 ) ) ;
#63 = DIRECTION ( 'NONE',  ( 0.000000000000000000, 0.000000000000000000, -1.000000000000000000 ) ) ;
#64 = DIRECTION ( 'NONE',  ( 0.000000000000000000, 0.000000000000000000, -1.000000000000000000 ) ) ;
#65 = DIRECTION ( 'NONE',  ( 0.000000000000000000, 1.000000000000000000, 0.000000000000000000 ) ) ;
#66 = CARTESIAN_POINT ( 'NONE',  ( 16.50000000000000000, 14.40000000000000036, -64.00000000000000000 ) ) ;
#67 = EDGE_CURVE ( 'NONE', #2301, #1594, #2696, .T. ) ;
#68 = CARTESIAN_POINT ( 'NONE',  ( 17.67766952966372429, 0.000000000000000000, -17.67766952966366745 ) ) ;
#69 = ORIENTED_EDGE ( 'NONE', *, *, #938, .F. ) ;
#70 = ORIENTED_EDGE ( 'NONE', *, *, #1351, .F. ) ;
#71 = AXIS2_PLACEMENT_3D ( 'NONE', #354, #367, #2032 ) ;
#72 = ORIENTED_EDGE ( 'NONE', *, *, #1771, .T. ) ;
#73 = DIRECTION ( 'NONE',  ( 0.000000000000000000, -1.000000000000000000, 0.000000000000000000 ) ) ;
#74 = CARTESIAN_POINT ( 'NONE',  ( -55.83459118601274440, 14.40000000000000036, 8.708348754011513648 ) ) ;
#75 = AXIS2_PLACEMENT_3D ( 'NONE', #2648, #2168, #993 ) ;
#76 = DIRECTION ( 'NONE',  ( 0.000000000000000000, 0.000000000000000000, -1.000000000000000000 ) ) ;
#77 = AXIS2_PLACEMENT_3D ( 'NONE', #1779, #642, #2041 ) ;
#78 = EDGE_CURVE ( 'NONE', #651, #1514, #623, .T. ) ;
#79 = DIRECTION ( 'NONE',  ( 0.000000000000000000, 0.000000000000000000, -1.000000000000000000 ) ) ;
#80 = CARTESIAN_POINT ( 'NONE',  ( -46.17562584220408439, 14.40000000000000036, 48.02146997001209172 ) ) ;
#81 = DIRECTION ( 'NONE',  ( -0.5000000000000002220, 0.000000000000000000, -0.8660254037844385966 ) ) ;
#82 = DIRECTION ( 'NONE',  ( 0.000000000000000000, 0.000000000000000000, 1.000000000000000000 ) ) ;
#83 = VECTOR ( 'NONE', #836, 1000.000000000000000 ) ;
#84 = AXIS2_PLACEMENT_3D ( 'NONE', #2634, #2398, #1693 ) ;
#85 = EDGE_CURVE ( 'NONE', #2413, #964, #273, .T. ) ;
#86 = CIRCLE ( 'NONE', #187, 5.250000000000000888 ) ;
#87 = ORIENTED_EDGE ( 'NONE', *, *, #23, .F. ) ;
#88 = EDGE_CURVE ( 'NONE', #2413, #202, #20, .T. ) ;
#89 = VECTOR ( 'NONE', #2716, 1000.000000000000000 ) ;
#90 = ORIENTED_EDGE ( 'NONE', *, *, #1743, .T. ) ;
#91 = CIRCLE ( 'NONE', #77, 3.249999999999999556 ) ;
#92 = ORIENTED_EDGE ( 'NONE', *, *, #1519, .T. ) ;
#93 = CARTESIAN_POINT ( 'NONE',  ( -17.67766952966348271, 5.149999999999998579, -20.92766952966390548 ) ) ;
#94 = ADVANCED_FACE ( 'NONE', ( #1965 ), #306, .T. ) ;
#95 = LINE ( 'NONE', #1235, #2938 ) ;
#96 = LINE ( 'NONE', #2166, #1083 ) ;
#97 = EDGE_CURVE ( 'NONE', #1214, #1992, #334, .T. ) ;
#98 = ORIENTED_EDGE ( 'NONE', *, *, #2795, .T. ) ;
#99 = CARTESIAN_POINT ( 'NONE',  ( 22.50000000000000000, 12.09059892324149388, -59.70834875401148878 ) ) ;
#100 = DIRECTION ( 'NONE',  ( -0.000000000000000000, -1.000000000000000000, -0.000000000000000000 ) ) ;
#101 = PRODUCT_RELATED_PRODUCT_CATEGORY ( 'part', '', ( #1615 ) ) ;
#102 = FACE_OUTER_BOUND ( 'NONE', #481, .T. ) ;
#103 = ORIENTED_EDGE ( 'NONE', *, *, #2785, .T. ) ;
#104 = AXIS2_PLACEMENT_3D ( 'NONE', #898, #417, #1122 ) ;
#105 = VERTEX_POINT ( 'NONE', #1251 ) ;
#106 = EDGE_CURVE ( 'NONE', #2287, #3073, #3014, .T. ) ;
#107 = EDGE_CURVE ( 'NONE', #391, #3062, #2948, .T. ) ;
#108 = ORIENTED_EDGE ( 'NONE', *, *, #510, .T. ) ;
#109 = CARTESIAN_POINT ( 'NONE',  ( -47.17562584220406308, 14.40000000000000036, 46.28941916244325938 ) ) ;
#110 = DIRECTION ( 'NONE',  ( 1.000000000000000000, 0.000000000000000000, 0.000000000000000000 ) ) ;
#111 = DIRECTION ( 'NONE',  ( 0.000000000000000000, 0.000000000000000000, -1.000000000000000000 ) ) ;
#112 = AXIS2_PLACEMENT_3D ( 'NONE', #597, #199, #2972 ) ;
#113 = ORIENTED_EDGE ( 'NONE', *, *, #2525, .F. ) ;
#114 = EDGE_CURVE ( 'NONE', #1907, #2871, #1940, .T. ) ;
#115 = LINE ( 'NONE', #1836, #1020 ) ;
#116 = CARTESIAN_POINT ( 'NONE',  ( -21.50000000000001066, 1.000000000000000888, -64.00000000000001421 ) ) ;
#117 = DIRECTION ( 'NONE',  ( 0.8660254037844384856, 0.000000000000000000, 0.5000000000000002220 ) ) ;
#118 = ORIENTED_EDGE ( 'NONE', *, *, #1234, .F. ) ;
#119 = ORIENTED_EDGE ( 'NONE', *, *, #2666, .F. ) ;
#120 = EDGE_LOOP ( 'NONE', ( #98, #1211, #1335, #118 ) ) ;
#121 = CARTESIAN_POINT ( 'NONE',  ( 21.50000000000000000, 1.000000000000000000, 0.000000000000000000 ) ) ;
#122 = EDGE_CURVE ( 'NONE', #58, #942, #2903, .T. ) ;
#123 = ADVANCED_FACE ( 'NONE', ( #2708 ), #1704, .T. ) ;
#124 = DIRECTION ( 'NONE',  ( -0.4999999999999995559, 0.000000000000000000, 0.8660254037844389297 ) ) ;
#125 = AXIS2_PLACEMENT_3D ( 'NONE', #1557, #129, #2054 ) ;
#126 = DIRECTION ( 'NONE',  ( 0.000000000000000000, 0.000000000000000000, -1.000000000000000000 ) ) ;
#127 = EDGE_CURVE ( 'NONE', #2618, #912, #1512, .T. ) ;
#128 = ORIENTED_EDGE ( 'NONE', *, *, #1604, .F. ) ;
#129 = DIRECTION ( 'NONE',  ( -0.000000000000000000, 1.000000000000000000, -0.000000000000000000 ) ) ;
#130 = CARTESIAN_POINT ( 'NONE',  ( 21.50000000000000000, 1.000000000000000000, -59.70834875401148878 ) ) ;
#131 = AXIS2_PLACEMENT_3D ( 'NONE', #1939, #2236, #2902 ) ;
#132 = PLANE ( 'NONE',  #2673 ) ;
#133 = FACE_OUTER_BOUND ( 'NONE', #1158, .T. ) ;
#134 = EDGE_LOOP ( 'NONE', ( #2953, #324, #643, #3043 ) ) ;
#135 = AXIS2_PLACEMENT_3D ( 'NONE', #2139, #451, #2386 ) ;
#136 = VECTOR ( 'NONE', #567, 1000.000000000000000 ) ;
#137 = AXIS2_PLACEMENT_3D ( 'NONE', #2943, #73, #499 ) ;
#138 = AXIS2_PLACEMENT_3D ( 'NONE', #2697, #1955, #1048 ) ;
#139 = ORIENTED_EDGE ( 'NONE', *, *, #872, .T. ) ;
#140 = VECTOR ( 'NONE', #2418, 1000.000000000000000 ) ;
#141 = EDGE_CURVE ( 'NONE', #1744, #877, #2564, .T. ) ;
#142 = CARTESIAN_POINT ( 'NONE',  ( -17.67766952966372429, 5.649999999999998579, 13.92766952966366745 ) ) ;
#143 = CYLINDRICAL_SURFACE ( 'NONE', #883, 1.000000000000000888 ) ;
#144 = EDGE_CURVE ( 'NONE', #1679, #391, #1720, .T. ) ;
#145 = ORIENTED_EDGE ( 'NONE', *, *, #1888, .F. ) ;
#146 = CARTESIAN_POINT ( 'NONE',  ( 22.50000000000000000, 1.000000000000000888, -57.02885682970025982 ) ) ;
#147 = DIRECTION ( 'NONE',  ( 0.000000000000000000, 1.000000000000000000, 0.000000000000000000 ) ) ;
#148 = FACE_BOUND ( 'NONE', #345, .T. ) ;
#149 = LINE ( 'NONE', #1297, #1419 ) ;
#150 = ORIENTED_EDGE ( 'NONE', *, *, #2550, .F. ) ;
#151 = ORIENTED_EDGE ( 'NONE', *, *, #1503, .T. ) ;
#152 = EDGE_CURVE ( 'NONE', #1472, #2602, #786, .T. ) ;
#153 = ORIENTED_EDGE ( 'NONE', *, *, #555, .F. ) ;
#154 = DIRECTION ( 'NONE',  ( 0.000000000000000000, 0.000000000000000000, 1.000000000000000000 ) ) ;
#155 = DIRECTION ( 'NONE',  ( 0.000000000000000000, 0.000000000000000000, 1.000000000000000000 ) ) ;
#156 = UNCERTAINTY_MEASURE_WITH_UNIT (LENGTH_MEASURE( 1.000000000000000082E-05 ), #1494, 'distance_accuracy_value', 'NONE');
#157 = ORIENTED_EDGE ( 'NONE', *, *, #2495, .T. ) ;
#158 = DIRECTION ( 'NONE',  ( 1.000000000000000000, 0.000000000000000000, -1.224646799147353207E-16 ) ) ;
#159 = PLANE ( 'NONE',  #2030 ) ;
#160 = DIRECTION ( 'NONE',  ( 1.000000000000000000, 0.000000000000000000, -2.729094633489546323E-16 ) ) ;
#161 = CARTESIAN_POINT ( 'NONE',  ( -32.50000000000002842, 14.40000000000000036, -59.70834875401149588 ) ) ;
#162 = EDGE_LOOP ( 'NONE', ( #2562, #1928, #2472, #2240 ) ) ;
#163 = VERTEX_POINT ( 'NONE', #38 ) ;
#164 = EDGE_LOOP ( 'NONE', ( #2456, #1436, #1342, #2507 ) ) ;
#165 = CARTESIAN_POINT ( 'NONE',  ( 67.95894683899490474, 14.40000000000000036, 1.708348754011518311 ) ) ;
#166 = DIRECTION ( 'NONE',  ( -1.000000000000000000, -0.000000000000000000, -0.000000000000000000 ) ) ;
#167 = VERTEX_POINT ( 'NONE', #2721 ) ;
#168 = VECTOR ( 'NONE', #1855, 1000.000000000000000 ) ;
#169 = EDGE_LOOP ( 'NONE', ( #150, #87, #887, #619 ) ) ;
#170 = CARTESIAN_POINT ( 'NONE',  ( -17.67766952966372429, 5.649999999999998579, 12.42766952966366567 ) ) ;
#171 = PRODUCT_DEFINITION_SHAPE ( 'NONE', 'NONE',  #881 ) ;
#172 = CARTESIAN_POINT ( 'NONE',  ( -17.67766952966348271, 0.000000000000000000, -17.67766952966390548 ) ) ;
#173 = EDGE_CURVE ( 'NONE', #411, #1745, #2016, .T. ) ;
#174 = CARTESIAN_POINT ( 'NONE',  ( 0.000000000000000000, 14.40000000000000036, 0.000000000000000000 ) ) ;
#175 = CARTESIAN_POINT ( 'NONE',  ( -17.67766952966372429, 12.40000000000000036, 17.67766952966366745 ) ) ;
#176 = EDGE_LOOP ( 'NONE', ( #1489, #1595, #60, #2105 ) ) ;
#177 = LINE ( 'NONE', #1775, #2601 ) ;
#178 = EDGE_CURVE ( 'NONE', #1709, #1501, #771, .T. ) ;
#179 = ADVANCED_FACE ( 'NONE', ( #556 ), #1462, .F. ) ;
#180 = VECTOR ( 'NONE', #1934, 1000.000000000000000 ) ;
#181 = CIRCLE ( 'NONE', #1522, 1.000000000000000888 ) ;
#182 = EDGE_LOOP ( 'NONE', ( #1140, #430, #1288, #1650 ) ) ;
#183 = AXIS2_PLACEMENT_3D ( 'NONE', #3065, #2086, #1886 ) ;
#184 = EDGE_LOOP ( 'NONE', ( #2489, #2640, #853, #2549 ) ) ;
#185 = AXIS2_PLACEMENT_3D ( 'NONE', #2977, #3037, #1320 ) ;
#186 = CIRCLE ( 'NONE', #1823, 2.000000000000001776 ) ;
#187 = AXIS2_PLACEMENT_3D ( 'NONE', #2594, #459, #907 ) ;
#188 = CARTESIAN_POINT ( 'NONE',  ( 17.67766952966360350, 14.40000000000000036, 10.42766952966378469 ) ) ;
#189 = FACE_OUTER_BOUND ( 'NONE', #1584, .T. ) ;
#190 = VECTOR ( 'NONE', #2554, 999.9999999999997726 ) ;
#191 = AXIS2_PLACEMENT_3D ( 'NONE', #3032, #2991, #3012 ) ;
#192 = ORIENTED_EDGE ( 'NONE', *, *, #1969, .T. ) ;
#193 = CYLINDRICAL_SURFACE ( 'NONE', #1176, 5.250000000000000888 ) ;
#194 = EDGE_CURVE ( 'NONE', #1794, #1711, #1861, .T. ) ;
#195 = DIRECTION ( 'NONE',  ( 0.000000000000000000, 0.000000000000000000, -1.000000000000000000 ) ) ;
#196 = CARTESIAN_POINT ( 'NONE',  ( 58.43266739736607462, 1.000000000000000000, 7.208348754011521642 ) ) ;
#197 = DIRECTION ( 'NONE',  ( -0.000000000000000000, 1.000000000000000000, -0.000000000000000000 ) ) ;
#198 = ORIENTED_EDGE ( 'NONE', *, *, #1793, .T. ) ;
#199 = DIRECTION ( 'NONE',  ( 0.4330127018922184656, 0.8660254037844393737, -0.2499999999999995837 ) ) ;
#200 = CARTESIAN_POINT ( 'NONE',  ( 40.45894683899491184, 12.09059892324146723, 49.33974596215561093 ) ) ;
#201 = ORIENTED_EDGE ( 'NONE', *, *, #1793, .F. ) ;
#202 = VERTEX_POINT ( 'NONE', #628 ) ;
#203 = DIRECTION ( 'NONE',  ( -0.000000000000000000, 1.000000000000000000, -0.000000000000000000 ) ) ;
#204 = LINE ( 'NONE', #2605, #1684 ) ;
#205 = EDGE_CURVE ( 'NONE', #1210, #594, #2761, .T. ) ;
#206 = EDGE_LOOP ( 'NONE', ( #920, #743, #1345, #1255 ) ) ;
#207 = FACE_OUTER_BOUND ( 'NONE', #2412, .T. ) ;
#208 = LINE ( 'NONE', #1430, #342 ) ;
#209 = CARTESIAN_POINT ( 'NONE',  ( -17.67766952966348271, 12.40000000000000036, -17.67766952966390548 ) ) ;
#210 = ORIENTED_EDGE ( 'NONE', *, *, #1351, .T. ) ;
#211 = CARTESIAN_POINT ( 'NONE',  ( -67.95894683899489053, 14.40000000000000036, 1.708348754011521864 ) ) ;
#212 = DIRECTION ( 'NONE',  ( 0.000000000000000000, 0.000000000000000000, -1.000000000000000000 ) ) ;
#213 = ORIENTED_EDGE ( 'NONE', *, *, #522, .T. ) ;
#214 = ORIENTED_EDGE ( 'NONE', *, *, #2156, .T. ) ;
#215 = CARTESIAN_POINT ( 'NONE',  ( 17.67766952966360350, 14.40000000000000036, 17.67766952966378469 ) ) ;
#216 = DIRECTION ( 'NONE',  ( 0.000000000000000000, -1.000000000000000000, 0.000000000000000000 ) ) ;
#217 = ORIENTED_EDGE ( 'NONE', *, *, #107, .F. ) ;
#218 = ORIENTED_EDGE ( 'NONE', *, *, #2875, .F. ) ;
#219 = ADVANCED_FACE ( 'NONE', ( #1572 ), #2262, .T. ) ;
#220 = CARTESIAN_POINT ( 'NONE',  ( -46.17562584220405597, 14.40000000000000036, 48.02146997001214146 ) ) ;
#221 = DIRECTION ( 'NONE',  ( 0.000000000000000000, 0.000000000000000000, 1.000000000000000000 ) ) ;
#222 = DIRECTION ( 'NONE',  ( 1.000000000000000000, 0.000000000000000000, 1.057355261547768006E-14 ) ) ;
#223 = DIRECTION ( 'NONE',  ( 0.000000000000000000, 0.000000000000000000, -1.000000000000000000 ) ) ;
#224 = ORIENTED_EDGE ( 'NONE', *, *, #1852, .T. ) ;
#225 = FACE_OUTER_BOUND ( 'NONE', #1046, .T. ) ;
#226 = VECTOR ( 'NONE', #412, 1000.000000000000000 ) ;
#227 = CARTESIAN_POINT ( 'NONE',  ( -17.67766952966348271, 14.40000000000000036, -17.67766952966390548 ) ) ;
#228 = EDGE_LOOP ( 'NONE', ( #1289, #2918, #1774, #1119 ) ) ;
#229 = AXIS2_PLACEMENT_3D ( 'NONE', #672, #65, #1006 ) ;
#230 = ORIENTED_EDGE ( 'NONE', *, *, #5, .T. ) ;
#231 = CYLINDRICAL_SURFACE ( 'NONE', #580, 10.00000000000000000 ) ;
#232 = VECTOR ( 'NONE', #1241, 999.9999999999998863 ) ;
#233 = TOROIDAL_SURFACE ( 'NONE', #1078, 7.250000000000000000, 2.000000000000000000 ) ;
#234 = LINE ( 'NONE', #1179, #2569 ) ;
#235 = EDGE_CURVE ( 'NONE', #1993, #2159, #400, .T. ) ;
#236 = CIRCLE ( 'NONE', #2520, 3.249999999999999556 ) ;
#237 = CIRCLE ( 'NONE', #1174, 10.00000000000000000 ) ;
#238 = ORIENTED_EDGE ( 'NONE', *, *, #555, .T. ) ;
#239 = AXIS2_PLACEMENT_3D ( 'NONE', #1527, #2479, #1217 ) ;
#240 = PLANE ( 'NONE',  #3024 ) ;
#241 = VECTOR ( 'NONE', #797, 1000.000000000000000 ) ;
#242 = CARTESIAN_POINT ( 'NONE',  ( 16.50000000000000000, 1.000000000000000888, -64.00000000000000000 ) ) ;
#243 = AXIS2_PLACEMENT_3D ( 'NONE', #1586, #2794, #654 ) ;
#244 = DIRECTION ( 'NONE',  ( 0.000000000000000000, -0.4999999999999979461, 0.8660254037844397068 ) ) ;
#245 = EDGE_LOOP ( 'NONE', ( #2528, #343, #1052, #2503, #2470, #2433, #469, #1125, #683, #21, #2975, #1549, #210, #326, #2833, #2400, #248, #2313, #933, #230, #1053, #1913, #2906, #866 ) ) ;
#246 = CYLINDRICAL_SURFACE ( 'NONE', #914, 9.999999999999994671 ) ;
#247 = CARTESIAN_POINT ( 'NONE',  ( -66.67562584220407018, 12.09059892324150809, 12.51442841485016189 ) ) ;
#248 = ORIENTED_EDGE ( 'NONE', *, *, #1229, .T. ) ;
#249 = ORIENTED_EDGE ( 'NONE', *, *, #562, .T. ) ;
#250 = EDGE_CURVE ( 'NONE', #2349, #760, #1067, .T. ) ;
#251 = CARTESIAN_POINT ( 'NONE',  ( -32.50000000000002842, 1.000000000000000888, -59.70834875401149588 ) ) ;
#252 = DIRECTION ( 'NONE',  ( 0.000000000000000000, 0.000000000000000000, 1.000000000000000000 ) ) ;
#253 = VERTEX_POINT ( 'NONE', #2508 ) ;
#254 = FACE_OUTER_BOUND ( 'NONE', #2817, .T. ) ;
#255 = FACE_OUTER_BOUND ( 'NONE', #3035, .T. ) ;
#256 = CARTESIAN_POINT ( 'NONE',  ( -22.50000000000002132, 1.000000000000000888, -59.70834875401147457 ) ) ;
#257 = CARTESIAN_POINT ( 'NONE',  ( 21.50000000000000000, 0.000000000000000000, -59.70834875401148878 ) ) ;
#258 = VERTEX_POINT ( 'NONE', #2976 ) ;
#259 = CYLINDRICAL_SURFACE ( 'NONE', #84, 10.00000000000000178 ) ;
#260 = ADVANCED_FACE ( 'NONE', ( #1089 ), #2072, .T. ) ;
#261 = DIRECTION ( 'NONE',  ( 0.000000000000000000, 0.000000000000000000, -1.000000000000000000 ) ) ;
#262 = ORIENTED_EDGE ( 'NONE', *, *, #2764, .T. ) ;
#263 = ADVANCED_FACE ( 'NONE', ( #3036 ), #892, .T. ) ;
#264 = ORIENTED_EDGE ( 'NONE', *, *, #1216, .F. ) ;
#265 = CIRCLE ( 'NONE', #2007, 2.000000000000008882 ) ;
#266 = FACE_OUTER_BOUND ( 'NONE', #2162, .T. ) ;
#267 = DIRECTION ( 'NONE',  ( 1.000000000000000000, 0.000000000000000000, 0.000000000000000000 ) ) ;
#268 = ORIENTED_EDGE ( 'NONE', *, *, #640, .F. ) ;
#269 = EDGE_CURVE ( 'NONE', #662, #2442, #3016, .T. ) ;
#270 = CARTESIAN_POINT ( 'NONE',  ( 1.282674477740087033E-14, 1.000000000000000000, 47.00000000000000711 ) ) ;
#271 = DIRECTION ( 'NONE',  ( 0.8660254037844397068, 0.000000000000000000, 0.4999999999999982792 ) ) ;
#272 = DIRECTION ( 'NONE',  ( 0.000000000000000000, 0.000000000000000000, 1.000000000000000000 ) ) ;
#273 = LINE ( 'NONE', #2200, #1354 ) ;
#274 = DIRECTION ( 'NONE',  ( -0.000000000000000000, 1.000000000000000000, -0.000000000000000000 ) ) ;
#275 = ADVANCED_FACE ( 'NONE', ( #1319 ), #871, .T. ) ;
#276 = DIRECTION ( 'NONE',  ( 0.000000000000000000, 0.000000000000000000, 1.000000000000000000 ) ) ;
#277 = ORIENTED_EDGE ( 'NONE', *, *, #1714, .T. ) ;
#278 = CIRCLE ( 'NONE', #1666, 11.00000000000000000 ) ;
#279 = ORIENTED_EDGE ( 'NONE', *, *, #1193, .T. ) ;
#280 = ORIENTED_EDGE ( 'NONE', *, *, #3092, .F. ) ;
#281 = LINE ( 'NONE', #1490, #1676 ) ;
#282 = CARTESIAN_POINT ( 'NONE',  ( -17.67766952966348271, 5.649999999999998579, -17.67766952966390548 ) ) ;
#283 = CIRCLE ( 'NONE', #379, 5.250000000000000888 ) ;
#284 = CIRCLE ( 'NONE', #536, 5.250000000000000888 ) ;
#285 = CARTESIAN_POINT ( 'NONE',  ( 65.40767664977296647, 14.40000000000000036, 18.71058083755675838 ) ) ;
#286 = EDGE_CURVE ( 'NONE', #2203, #1066, #2248, .T. ) ;
#287 = DIRECTION ( 'NONE',  ( 0.000000000000000000, 0.000000000000000000, 1.000000000000000000 ) ) ;
#288 = TOROIDAL_SURFACE ( 'NONE', #135, 11.00000000000000000, 1.000000000000000000 ) ;
#289 = AXIS2_PLACEMENT_3D ( 'NONE', #2722, #1755, #1534 ) ;
#290 = CIRCLE ( 'NONE', #1123, 1.000000000000000888 ) ;
#291 = CARTESIAN_POINT ( 'NONE',  ( 22.97372055837118054, 1.000000000000000000, -54.20834875401148167 ) ) ;
#292 = FACE_OUTER_BOUND ( 'NONE', #373, .T. ) ;
#293 = EDGE_CURVE ( 'NONE', #1660, #58, #644, .T. ) ;
#294 = CARTESIAN_POINT ( 'NONE',  ( -17.67766952966372429, 5.649999999999998579, 17.67766952966366745 ) ) ;
#295 = AXIS2_PLACEMENT_3D ( 'NONE', #2373, #2609, #1851 ) ;
#296 =( LENGTH_UNIT ( ) NAMED_UNIT ( * ) SI_UNIT ( .MILLI., .METRE. ) );
#297 = CARTESIAN_POINT ( 'NONE',  ( -17.67766952966372429, 5.149999999999998579, 13.92766952966366745 ) ) ;
#298 = ORIENTED_EDGE ( 'NONE', *, *, #141, .F. ) ;
#299 = ORIENTED_EDGE ( 'NONE', *, *, #610, .F. ) ;
#300 = EDGE_LOOP ( 'NONE', ( #2806, #999, #3059, #2022 ) ) ;
#301 = DIRECTION ( 'NONE',  ( 0.000000000000000000, 0.000000000000000000, 1.000000000000000000 ) ) ;
#302 = EDGE_CURVE ( 'NONE', #1088, #1042, #1795, .T. ) ;
#303 = CARTESIAN_POINT ( 'NONE',  ( -40.70319397786863647, 1.000000000000000000, -23.49999999999998579 ) ) ;
#304 = FACE_OUTER_BOUND ( 'NONE', #2893, .T. ) ;
#305 = DIRECTION ( 'NONE',  ( 0.000000000000000000, -1.000000000000000000, 0.000000000000000000 ) ) ;
#306 = PLANE ( 'NONE',  #2872 ) ;
#307 = CARTESIAN_POINT ( 'NONE',  ( -16.50000000000001421, 14.40000000000000036, -65.99999999999997158 ) ) ;
#308 = CARTESIAN_POINT ( 'NONE',  ( 16.50000000000000000, 12.09059892324150809, -70.00000000000000000 ) ) ;
#309 = ORIENTED_EDGE ( 'NONE', *, *, #1803, .T. ) ;
#310 = ORIENTED_EDGE ( 'NONE', *, *, #1198, .T. ) ;
#311 = ORIENTED_EDGE ( 'NONE', *, *, #1894, .F. ) ;
#312 = DIRECTION ( 'NONE',  ( 0.000000000000000000, 0.000000000000000000, 1.000000000000000000 ) ) ;
#313 = EDGE_CURVE ( 'NONE', #1298, #1636, #2617, .T. ) ;
#314 = CARTESIAN_POINT ( 'NONE',  ( -63.67562584220407018, 12.09059892324150809, 17.71058083755679746 ) ) ;
#315 = APPLICATION_CONTEXT ( 'automotive_design' ) ;
#316 = DIRECTION ( 'NONE',  ( 2.139794099195617525E-15, 0.000000000000000000, -1.000000000000000000 ) ) ;
#317 = DIRECTION ( 'NONE',  ( 0.4999999999999987232, 0.000000000000000000, -0.8660254037844393737 ) ) ;
#318 = DIRECTION ( 'NONE',  ( 0.000000000000000000, -1.000000000000000000, 0.000000000000000000 ) ) ;
#319 = CARTESIAN_POINT ( 'NONE',  ( 49.37177826491073063, 1.000000000000000888, 54.48557158514987009 ) ) ;
#320 = DIRECTION ( 'NONE',  ( 0.000000000000000000, 0.000000000000000000, 1.000000000000000000 ) ) ;
#321 = DIRECTION ( 'NONE',  ( 0.000000000000000000, -1.000000000000000000, 0.000000000000000000 ) ) ;
#322 = EDGE_LOOP ( 'NONE', ( #108, #1531, #958, #698 ) ) ;
#323 = EDGE_CURVE ( 'NONE', #1744, #1499, #1266, .T. ) ;
#324 = ORIENTED_EDGE ( 'NONE', *, *, #97, .F. ) ;
#325 = VECTOR ( 'NONE', #1188, 1000.000000000000114 ) ;
#326 = ORIENTED_EDGE ( 'NONE', *, *, #2056, .T. ) ;
#327 = EDGE_CURVE ( 'NONE', #1192, #2224, #115, .T. ) ;
#328 = CARTESIAN_POINT ( 'NONE',  ( -17.67766952966372429, 12.40000000000000036, 17.67766952966366745 ) ) ;
#329 = DIRECTION ( 'NONE',  ( -0.8660254037844402619, 0.4999999999999973355, 0.000000000000000000 ) ) ;
#330 = AXIS2_PLACEMENT_3D ( 'NONE', #1605, #2118, #924 ) ;
#331 = CARTESIAN_POINT ( 'NONE',  ( -17.67766952966372429, 14.40000000000000036, 24.92766952966366745 ) ) ;
#332 = VECTOR ( 'NONE', #844, 1000.000000000000000 ) ;
#333 = FACE_OUTER_BOUND ( 'NONE', #2247, .T. ) ;
#334 = LINE ( 'NONE', #2440, #1613 ) ;
#335 = AXIS2_PLACEMENT_3D ( 'NONE', #1410, #669, #1359 ) ;
#336 = EDGE_CURVE ( 'NONE', #2600, #258, #1914, .T. ) ;
#337 = TOROIDAL_SURFACE ( 'NONE', #1975, 7.250000000000000000, 2.000000000000000000 ) ;
#338 = AXIS2_PLACEMENT_3D ( 'NONE', #1133, #2509, #2742 ) ;
#339 = VECTOR ( 'NONE', #906, 1000.000000000000000 ) ;
#340 = VECTOR ( 'NONE', #552, 1000.000000000000227 ) ;
#341 = DIRECTION ( 'NONE',  ( 0.000000000000000000, 0.000000000000000000, -1.000000000000000000 ) ) ;
#342 = VECTOR ( 'NONE', #1147, 1000.000000000000000 ) ;
#343 = ORIENTED_EDGE ( 'NONE', *, *, #507, .T. ) ;
#344 = CIRCLE ( 'NONE', #3033, 7.249999999999999112 ) ;
#345 = EDGE_LOOP ( 'NONE', ( #1100, #2590 ) ) ;
#346 = AXIS2_PLACEMENT_3D ( 'NONE', #3079, #1407, #2829 ) ;
#347 = ORIENTED_EDGE ( 'NONE', *, *, #313, .F. ) ;
#348 = CARTESIAN_POINT ( 'NONE',  ( 59.29869280115052277, 1.000000000000000000, 6.708348754011518089 ) ) ;
#349 = ADVANCED_FACE ( 'NONE', ( #1532 ), #1770, .T. ) ;
#350 = CARTESIAN_POINT ( 'NONE',  ( -63.67562584220407018, 14.40000000000000036, 17.71058083755679746 ) ) ;
#351 = EDGE_CURVE ( 'NONE', #1582, #608, #2671, .T. ) ;
#352 = DIRECTION ( 'NONE',  ( 0.000000000000000000, 1.000000000000000000, 0.000000000000000000 ) ) ;
#353 = ORIENTED_EDGE ( 'NONE', *, *, #3051, .T. ) ;
#354 = CARTESIAN_POINT ( 'NONE',  ( -10.75000000000001599, 1.000000000000000000, -18.61954618136543260 ) ) ;
#355 = CARTESIAN_POINT ( 'NONE',  ( -17.67766952966372429, 0.000000000000000000, 14.42766952966366745 ) ) ;
#356 = DIRECTION ( 'NONE',  ( 0.000000000000000000, 0.000000000000000000, -1.000000000000000000 ) ) ;
#357 = CARTESIAN_POINT ( 'NONE',  ( 42.45894683899490474, 14.40000000000000036, 45.87564434701786809 ) ) ;
#358 = ORIENTED_EDGE ( 'NONE', *, *, #502, .T. ) ;
#359 = ORIENTED_EDGE ( 'NONE', *, *, #2795, .F. ) ;
#360 = ADVANCED_FACE ( 'NONE', ( #458 ), #1730, .T. ) ;
#361 = ORIENTED_EDGE ( 'NONE', *, *, #336, .F. ) ;
#362 = CARTESIAN_POINT ( 'NONE',  ( -42.45894683899491184, 14.40000000000000036, 45.87564434701783966 ) ) ;
#363 = DIRECTION ( 'NONE',  ( -0.000000000000000000, 0.000000000000000000, 1.000000000000000000 ) ) ;
#364 = DIRECTION ( 'NONE',  ( 0.000000000000000000, 0.000000000000000000, 1.000000000000000000 ) ) ;
#365 = VECTOR ( 'NONE', #728, 1000.000000000000000 ) ;
#366 = ORIENTED_EDGE ( 'NONE', *, *, #2117, .F. ) ;
#367 = DIRECTION ( 'NONE',  ( 0.8660254037844384856, 0.000000000000000000, -0.5000000000000005551 ) ) ;
#368 = CARTESIAN_POINT ( 'NONE',  ( -35.45894683899486921, 0.000000000000000000, 48.00000000000001421 ) ) ;
#369 = PLANE ( 'NONE',  #2368 ) ;
#370 = FACE_OUTER_BOUND ( 'NONE', #2879, .T. ) ;
#371 = ORIENTED_EDGE ( 'NONE', *, *, #327, .F. ) ;
#372 = EDGE_CURVE ( 'NONE', #2840, #1696, #2862, .T. ) ;
#373 = EDGE_LOOP ( 'NONE', ( #1587, #1437, #453, #1926 ) ) ;
#374 = ORIENTED_EDGE ( 'NONE', *, *, #45, .F. ) ;
#375 = DIRECTION ( 'NONE',  ( 1.000000000000000000, 0.000000000000000000, -0.000000000000000000 ) ) ;
#376 = AXIS2_PLACEMENT_3D ( 'NONE', #3069, #674, #947 ) ;
#377 = DIRECTION ( 'NONE',  ( -0.5000000000000000000, 0.000000000000000000, 0.8660254037844385966 ) ) ;
#378 = VERTEX_POINT ( 'NONE', #2813 ) ;
#379 = AXIS2_PLACEMENT_3D ( 'NONE', #895, #2076, #1838 ) ;
#380 = CARTESIAN_POINT ( 'NONE',  ( 17.67766952966360350, 5.649999999999998579, 17.67766952966378469 ) ) ;
#381 = CARTESIAN_POINT ( 'NONE',  ( -17.67766952966372429, 14.40000000000000036, 10.42766952966366745 ) ) ;
#382 = EDGE_CURVE ( 'NONE', #2685, #2981, #2223, .T. ) ;
#383 = ADVANCED_FACE ( 'NONE', ( #1397 ), #1429, .F. ) ;
#384 = CARTESIAN_POINT ( 'NONE',  ( -32.50000000000002842, 14.40000000000000036, -59.70834875401149588 ) ) ;
#385 = ORIENTED_EDGE ( 'NONE', *, *, #1334, .F. ) ;
#386 = VECTOR ( 'NONE', #2092, 1000.000000000000000 ) ;
#387 = CIRCLE ( 'NONE', #1819, 5.250000000000000888 ) ;
#388 = AXIS2_PLACEMENT_3D ( 'NONE', #2113, #1182, #2628 ) ;
#389 = AXIS2_PLACEMENT_3D ( 'NONE', #25, #2703, #301 ) ;
#390 = AXIS2_PLACEMENT_3D ( 'NONE', #209, #1149, #2560 ) ;
#391 = VERTEX_POINT ( 'NONE', #445 ) ;
#392 = CIRCLE ( 'NONE', #2029, 1.000000000000000888 ) ;
#393 = VECTOR ( 'NONE', #1916, 1000.000000000000000 ) ;
#394 = ORIENTED_EDGE ( 'NONE', *, *, #917, .T. ) ;
#395 = CARTESIAN_POINT ( 'NONE',  ( 32.50000000000000000, 0.000000000000000000, -59.70834875401148878 ) ) ;
#396 = FACE_OUTER_BOUND ( 'NONE', #1516, .T. ) ;
#397 = ORIENTED_EDGE ( 'NONE', *, *, #1391, .T. ) ;
#398 = ORIENTED_EDGE ( 'NONE', *, *, #2492, .T. ) ;
#399 = EDGE_CURVE ( 'NONE', #964, #2767, #2378, .T. ) ;
#400 = LINE ( 'NONE', #2292, #2510 ) ;
#401 = CARTESIAN_POINT ( 'NONE',  ( 63.67562584220409860, 1.000000000000000888, 17.71058083755675838 ) ) ;
#402 = LINE ( 'NONE', #2017, #2021 ) ;
#403 = DIRECTION ( 'NONE',  ( 0.000000000000000000, 0.000000000000000000, 1.000000000000000000 ) ) ;
#404 = ORIENTED_EDGE ( 'NONE', *, *, #478, .F. ) ;
#405 = ORIENTED_EDGE ( 'NONE', *, *, #205, .F. ) ;
#406 = ORIENTED_EDGE ( 'NONE', *, *, #97, .T. ) ;
#407 = DIRECTION ( 'NONE',  ( 1.156482317317871725E-15, 0.000000000000000000, -1.000000000000000000 ) ) ;
#408 = CARTESIAN_POINT ( 'NONE',  ( 17.67766952966372429, 12.40000000000000036, -24.92766952966366745 ) ) ;
#409 = ADVANCED_FACE ( 'NONE', ( #254 ), #2133, .T. ) ;
#410 = VECTOR ( 'NONE', #2011, 1000.000000000000000 ) ;
#411 = VERTEX_POINT ( 'NONE', #2608 ) ;
#412 = DIRECTION ( 'NONE',  ( -0.5000000000000001110, -0.000000000000000000, -0.8660254037844385966 ) ) ;
#413 = DIRECTION ( 'NONE',  ( 0.000000000000000000, 0.000000000000000000, -1.000000000000000000 ) ) ;
#414 = AXIS2_PLACEMENT_3D ( 'NONE', #1541, #2331, #1069 ) ;
#415 = DIRECTION ( 'NONE',  ( -0.4330127018922211302, -0.4999999999999981126, -0.7500000000000002220 ) ) ;
#416 = ORIENTED_EDGE ( 'NONE', *, *, #1901, .F. ) ;
#417 = DIRECTION ( 'NONE',  ( -0.8660254037844378194, -0.000000000000000000, -0.5000000000000016653 ) ) ;
#418 = ORIENTED_EDGE ( 'NONE', *, *, #372, .T. ) ;
#419 = EDGE_CURVE ( 'NONE', #926, #532, #2339, .T. ) ;
#420 = ORIENTED_EDGE ( 'NONE', *, *, #986, .T. ) ;
#421 = ADVANCED_FACE ( 'NONE', ( #1146, #2372 ), #3049, .T. ) ;
#422 = DIRECTION ( 'NONE',  ( -0.5000000000000015543, 0.000000000000000000, -0.8660254037844377084 ) ) ;
#423 = DIRECTION ( 'NONE',  ( -0.8660254037844395958, 0.000000000000000000, -0.4999999999999982792 ) ) ;
#424 = AXIS2_PLACEMENT_3D ( 'NONE', #1007, #1221, #1047 ) ;
#425 = ORIENTED_EDGE ( 'NONE', *, *, #935, .T. ) ;
#426 = DIRECTION ( 'NONE',  ( 0.8660254037844379305, 0.000000000000000000, -0.5000000000000012212 ) ) ;
#427 = CARTESIAN_POINT ( 'NONE',  ( 17.67766952966372429, 5.149999999999998579, -17.67766952966366745 ) ) ;
#428 = CARTESIAN_POINT ( 'NONE',  ( -67.95894683899489053, 14.40000000000000036, 1.708348754011521864 ) ) ;
#429 = DIRECTION ( 'NONE',  ( 0.000000000000000000, 0.000000000000000000, 1.000000000000000000 ) ) ;
#430 = ORIENTED_EDGE ( 'NONE', *, *, #1710, .F. ) ;
#431 = DIRECTION ( 'NONE',  ( 0.000000000000000000, -1.000000000000000000, 0.000000000000000000 ) ) ;
#432 = AXIS2_PLACEMENT_3D ( 'NONE', #2408, #2886, #1691 ) ;
#433 = AXIS2_PLACEMENT_3D ( 'NONE', #1847, #2318, #2570 ) ;
#434 = ORIENTED_EDGE ( 'NONE', *, *, #382, .T. ) ;
#435 = AXIS2_PLACEMENT_3D ( 'NONE', #2691, #2160, #1747 ) ;
#436 = ORIENTED_EDGE ( 'NONE', *, *, #573, .F. ) ;
#437 = VECTOR ( 'NONE', #1254, 1000.000000000000000 ) ;
#438 = CIRCLE ( 'NONE', #2572, 10.00000000000000000 ) ;
#439 = CIRCLE ( 'NONE', #295, 10.00000000000000178 ) ;
#440 = CARTESIAN_POINT ( 'NONE',  ( 66.67562584220408439, 1.000000000000000888, 12.51442841485012458 ) ) ;
#441 = CARTESIAN_POINT ( 'NONE',  ( 63.67562584220409860, 12.09059892324150809, 17.71058083755675838 ) ) ;
#442 = AXIS2_PLACEMENT_3D ( 'NONE', #2350, #2108, #1634 ) ;
#443 = ADVANCED_FACE ( 'NONE', ( #2355 ), #240, .T. ) ;
#444 = ORIENTED_EDGE ( 'NONE', *, *, #2584, .F. ) ;
#445 = CARTESIAN_POINT ( 'NONE',  ( 40.45894683899491184, 1.000000000000000000, 49.33974596215561093 ) ) ;
#446 = FACE_OUTER_BOUND ( 'NONE', #300, .T. ) ;
#447 = LINE ( 'NONE', #1853, #2167 ) ;
#448 = CARTESIAN_POINT ( 'NONE',  ( 60.63843876330611238, 14.40000000000000036, 9.028856829700266928 ) ) ;
#449 = ORIENTED_EDGE ( 'NONE', *, *, #1985, .F. ) ;
#450 = FACE_OUTER_BOUND ( 'NONE', #120, .T. ) ;
#451 = DIRECTION ( 'NONE',  ( 0.000000000000000000, -1.000000000000000000, 0.000000000000000000 ) ) ;
#452 = ORIENTED_EDGE ( 'NONE', *, *, #965, .T. ) ;
#453 = ORIENTED_EDGE ( 'NONE', *, *, #932, .T. ) ;
#454 = CARTESIAN_POINT ( 'NONE',  ( -38.13843876330611238, 1.000000000000000888, 48.00000000000001421 ) ) ;
#455 = DIRECTION ( 'NONE',  ( 0.000000000000000000, 0.000000000000000000, -1.000000000000000000 ) ) ;
#456 = EDGE_LOOP ( 'NONE', ( #2997, #398 ) ) ;
#457 = VERTEX_POINT ( 'NONE', #656 ) ;
#458 = FACE_OUTER_BOUND ( 'NONE', #176, .T. ) ;
#459 = DIRECTION ( 'NONE',  ( -0.000000000000000000, 1.000000000000000000, -0.000000000000000000 ) ) ;
#460 = CARTESIAN_POINT ( 'NONE',  ( -17.67766952966372429, 5.649999999999998579, 17.67766952966366745 ) ) ;
#461 = EDGE_LOOP ( 'NONE', ( #1328, #980 ) ) ;
#462 = CARTESIAN_POINT ( 'NONE',  ( -17.67766952966348271, 14.40000000000000036, -24.92766952966390548 ) ) ;
#463 = LINE ( 'NONE', #2153, #1727 ) ;
#464 = EDGE_CURVE ( 'NONE', #2565, #608, #3101, .T. ) ;
#465 = ORIENTED_EDGE ( 'NONE', *, *, #917, .F. ) ;
#466 = ORIENTED_EDGE ( 'NONE', *, *, #2190, .T. ) ;
#467 = LINE ( 'NONE', #1142, #2635 ) ;
#468 = DIRECTION ( 'NONE',  ( -2.139794099195617525E-15, 0.000000000000000000, 1.000000000000000000 ) ) ;
#469 = ORIENTED_EDGE ( 'NONE', *, *, #45, .T. ) ;
#470 = CARTESIAN_POINT ( 'NONE',  ( 22.50000000000000000, 14.40000000000000036, -57.02885682970025982 ) ) ;
#471 = CYLINDRICAL_SURFACE ( 'NONE', #1980, 1.000000000000000888 ) ;
#472 = VECTOR ( 'NONE', #2915, 1000.000000000000000 ) ;
#473 = DIRECTION ( 'NONE',  ( -0.000000000000000000, 1.000000000000000000, -0.000000000000000000 ) ) ;
#474 = CARTESIAN_POINT ( 'NONE',  ( -40.70319397786863647, -0.000000000000000000, -23.49999999999998579 ) ) ;
#475 = CARTESIAN_POINT ( 'NONE',  ( -59.75575286112626827, 0.000000000000000000, 34.50000000000002132 ) ) ;
#476 = ADVANCED_FACE ( 'NONE', ( #207 ), #193, .F. ) ;
#477 = LINE ( 'NONE', #927, #2551 ) ;
#478 = EDGE_CURVE ( 'NONE', #2442, #760, #1132, .T. ) ;
#479 = CARTESIAN_POINT ( 'NONE',  ( 71.87177826491073063, 12.09059892324150809, 15.51442841485011570 ) ) ;
#480 = ORIENTED_EDGE ( 'NONE', *, *, #2561, .F. ) ;
#481 = EDGE_LOOP ( 'NONE', ( #2668, #2157, #2745, #1243 ) ) ;
#482 = CIRCLE ( 'NONE', #2469, 3.750000000000000000 ) ;
#483 = AXIS2_PLACEMENT_3D ( 'NONE', #752, #784, #2647 ) ;
#484 = DIRECTION ( 'NONE',  ( 0.8660254037844418162, 0.000000000000000000, 0.4999999999999948930 ) ) ;
#485 = TOROIDAL_SURFACE ( 'NONE', #2225, 11.00000000000000000, 1.000000000000000000 ) ;
#486 = MECHANICAL_DESIGN_GEOMETRIC_PRESENTATION_REPRESENTATION (  '', ( #1976 ), #684 ) ;
#487 = DIRECTION ( 'NONE',  ( 0.000000000000000000, -1.000000000000000000, 0.000000000000000000 ) ) ;
#488 = EDGE_LOOP ( 'NONE', ( #2701, #310, #2081, #1553 ) ) ;
#489 = DIRECTION ( 'NONE',  ( 0.000000000000000000, 0.000000000000000000, -1.000000000000000000 ) ) ;
#490 = AXIS2_PLACEMENT_3D ( 'NONE', #1778, #1801, #1526 ) ;
#491 = CARTESIAN_POINT ( 'NONE',  ( -49.37177826491068799, 1.000000000000000888, 54.48557158514989851 ) ) ;
#492 = CIRCLE ( 'NONE', #2233, 2.000000000000008882 ) ;
#493 = CARTESIAN_POINT ( 'NONE',  ( 32.50000000000000000, 14.40000000000000036, -59.70834875401148878 ) ) ;
#494 = DIRECTION ( 'NONE',  ( 0.000000000000000000, 0.000000000000000000, 1.000000000000000000 ) ) ;
#495 = CARTESIAN_POINT ( 'NONE',  ( -17.67766952966348271, 5.649999999999998579, -12.42766952966390548 ) ) ;
#496 = DIRECTION ( 'NONE',  ( -0.000000000000000000, 1.000000000000000000, -0.000000000000000000 ) ) ;
#497 = ORIENTED_EDGE ( 'NONE', *, *, #235, .T. ) ;
#498 = ORIENTED_EDGE ( 'NONE', *, *, #55, .F. ) ;
#499 = DIRECTION ( 'NONE',  ( 0.000000000000000000, 0.000000000000000000, -1.000000000000000000 ) ) ;
#500 = DIRECTION ( 'NONE',  ( -0.8660254037844382635, 0.000000000000000000, 0.5000000000000005551 ) ) ;
#501 = EDGE_LOOP ( 'NONE', ( #3048, #2145, #1085, #626 ) ) ;
#502 = EDGE_CURVE ( 'NONE', #411, #1340, #1850, .T. ) ;
#503 = DIRECTION ( 'NONE',  ( -0.000000000000000000, 1.000000000000000000, -0.000000000000000000 ) ) ;
#504 = LINE ( 'NONE', #922, #591 ) ;
#505 = DIRECTION ( 'NONE',  ( 0.8660254037844385966, 0.000000000000000000, -0.5000000000000000000 ) ) ;
#506 = FACE_OUTER_BOUND ( 'NONE', #2333, .T. ) ;
#507 = EDGE_CURVE ( 'NONE', #614, #1745, #1577, .T. ) ;
#508 = ORIENTED_EDGE ( 'NONE', *, *, #2589, .F. ) ;
#509 = CARTESIAN_POINT ( 'NONE',  ( 35.45894683899490474, 14.40000000000000036, 43.99999999999997158 ) ) ;
#510 = EDGE_CURVE ( 'NONE', #2871, #1357, #1638, .T. ) ;
#511 = DIRECTION ( 'NONE',  ( 0.000000000000000000, 0.000000000000000000, -1.000000000000000000 ) ) ;
#512 = ORIENTED_EDGE ( 'NONE', *, *, #864, .T. ) ;
#513 = ORIENTED_EDGE ( 'NONE', *, *, #1552, .F. ) ;
#514 = CIRCLE ( 'NONE', #2252, 5.999999999999998224 ) ;
#515 = EDGE_CURVE ( 'NONE', #3082, #964, #2124, .T. ) ;
#516 = ORIENTED_EDGE ( 'NONE', *, *, #557, .T. ) ;
#517 = DIRECTION ( 'NONE',  ( 0.000000000000000000, 0.000000000000000000, 1.000000000000000000 ) ) ;
#518 = LINE ( 'NONE', #2184, #180 ) ;
#519 = EDGE_CURVE ( 'NONE', #1745, #1789, #2672, .T. ) ;
#520 = CARTESIAN_POINT ( 'NONE',  ( 32.50000000000000000, 1.000000000000000888, -59.70834875401148878 ) ) ;
#521 = CARTESIAN_POINT ( 'NONE',  ( -52.37177826491068799, 1.000000000000000888, 49.28941916244325938 ) ) ;
#522 = EDGE_CURVE ( 'NONE', #760, #596, #2924, .T. ) ;
#523 = CARTESIAN_POINT ( 'NONE',  ( 22.50000000000000000, 1.000000000000000888, -70.00000000000000000 ) ) ;
#524 = CARTESIAN_POINT ( 'NONE',  ( -17.67766952966348271, 14.40000000000000036, -17.67766952966390548 ) ) ;
#525 = DIRECTION ( 'NONE',  ( 0.000000000000000000, 0.000000000000000000, -1.000000000000000000 ) ) ;
#526 = DIRECTION ( 'NONE',  ( 0.000000000000000000, 0.000000000000000000, -1.000000000000000000 ) ) ;
#527 = LINE ( 'NONE', #1450, #2827 ) ;
#528 = ADVANCED_FACE ( 'NONE', ( #1277 ), #1003, .T. ) ;
#529 = EDGE_LOOP ( 'NONE', ( #1010, #10, #1381, #2941 ) ) ;
#530 = VECTOR ( 'NONE', #1821, 1000.000000000000000 ) ;
#531 = ORIENTED_EDGE ( 'NONE', *, *, #1234, .T. ) ;
#532 = VERTEX_POINT ( 'NONE', #1044 ) ;
#533 = DIRECTION ( 'NONE',  ( 0.000000000000000000, 0.000000000000000000, -1.000000000000000000 ) ) ;
#534 = CIRCLE ( 'NONE', #2271, 2.000000000000000000 ) ;
#535 = EDGE_CURVE ( 'NONE', #572, #1376, #1715, .T. ) ;
#536 = AXIS2_PLACEMENT_3D ( 'NONE', #175, #1348, #2766 ) ;
#537 = CARTESIAN_POINT ( 'NONE',  ( 1.282674477740087033E-14, 0.000000000000000000, 47.00000000000000711 ) ) ;
#538 = DIRECTION ( 'NONE',  ( 0.000000000000000000, 0.000000000000000000, -1.000000000000000000 ) ) ;
#539 = AXIS2_PLACEMENT_3D ( 'NONE', #761, #8, #2416 ) ;
#540 = VECTOR ( 'NONE', #1606, 1000.000000000000000 ) ;
#541 = AXIS2_PLACEMENT_3D ( 'NONE', #66, #788, #1018 ) ;
#542 = ADVANCED_FACE ( 'NONE', ( #2436 ), #780, .F. ) ;
#543 = AXIS2_PLACEMENT_3D ( 'NONE', #1867, #2834, #690 ) ;
#544 = CARTESIAN_POINT ( 'NONE',  ( 17.67766952966360350, 5.649999999999998579, 17.67766952966378469 ) ) ;
#545 = DIRECTION ( 'NONE',  ( 0.000000000000000000, 1.000000000000000000, 0.000000000000000000 ) ) ;
#546 = DIRECTION ( 'NONE',  ( -3.469446951953613400E-15, 0.000000000000000000, -1.000000000000000000 ) ) ;
#547 = ORIENTED_EDGE ( 'NONE', *, *, #2911, .T. ) ;
#548 = ORIENTED_EDGE ( 'NONE', *, *, #78, .F. ) ;
#549 = VERTEX_POINT ( 'NONE', #2210 ) ;
#550 = EDGE_LOOP ( 'NONE', ( #418, #449, #845, #2179 ) ) ;
#551 = EDGE_CURVE ( 'NONE', #1556, #2301, #2686, .T. ) ;
#552 = DIRECTION ( 'NONE',  ( -0.7500000000000003331, 0.4999999999999991673, -0.4330127018922196869 ) ) ;
#553 = CARTESIAN_POINT ( 'NONE',  ( -63.67562584220407018, 14.40000000000000036, 17.71058083755679746 ) ) ;
#554 = FACE_OUTER_BOUND ( 'NONE', #1106, .T. ) ;
#555 = EDGE_CURVE ( 'NONE', #813, #3064, #2384, .T. ) ;
#556 = FACE_OUTER_BOUND ( 'NONE', #2098, .T. ) ;
#557 = EDGE_CURVE ( 'NONE', #2747, #822, #2732, .T. ) ;
#558 = DIRECTION ( 'NONE',  ( 1.892425610156516185E-15, 0.000000000000000000, -1.000000000000000000 ) ) ;
#559 = VERTEX_POINT ( 'NONE', #74 ) ;
#560 = ORIENTED_EDGE ( 'NONE', *, *, #519, .F. ) ;
#561 = ORIENTED_EDGE ( 'NONE', *, *, #2875, .T. ) ;
#562 = EDGE_CURVE ( 'NONE', #549, #2781, #565, .T. ) ;
#563 = ORIENTED_EDGE ( 'NONE', *, *, #587, .F. ) ;
#564 = CARTESIAN_POINT ( 'NONE',  ( 23.83974596215561803, 1.000000000000000888, -54.70834875401148167 ) ) ;
#565 = LINE ( 'NONE', #285, #2431 ) ;
#566 = DIRECTION ( 'NONE',  ( 0.2499999999999983347, 0.8660254037844395958, -0.4330127018922184656 ) ) ;
#567 = DIRECTION ( 'NONE',  ( 0.000000000000000000, -0.000000000000000000, -1.000000000000000000 ) ) ;
#568 = CYLINDRICAL_SURFACE ( 'NONE', #2218, 3.249999999999999556 ) ;
#569 = DIRECTION ( 'NONE',  ( -0.000000000000000000, 1.000000000000000000, -0.000000000000000000 ) ) ;
#570 = CARTESIAN_POINT ( 'NONE',  ( 32.50000000000000000, 12.09059892324150809, -59.70834875401148878 ) ) ;
#571 = DIRECTION ( 'NONE',  ( -0.000000000000000000, 1.000000000000000000, -0.000000000000000000 ) ) ;
#572 = VERTEX_POINT ( 'NONE', #2704 ) ;
#573 = EDGE_CURVE ( 'NONE', #3009, #1660, #1981, .T. ) ;
#574 = EDGE_LOOP ( 'NONE', ( #725, #715, #2873, #2227 ) ) ;
#575 = AXIS2_PLACEMENT_3D ( 'NONE', #767, #569, #803 ) ;
#576 = ORIENTED_EDGE ( 'NONE', *, *, #2962, .T. ) ;
#577 = CARTESIAN_POINT ( 'NONE',  ( -10.74999999999999112, 0.000000000000000000, 18.61954618136540418 ) ) ;
#578 = DIRECTION ( 'NONE',  ( 0.000000000000000000, 0.000000000000000000, 1.000000000000000000 ) ) ;
#579 = CARTESIAN_POINT ( 'NONE',  ( -71.87177826491070221, 1.000000000000000888, 15.51442841485016544 ) ) ;
#580 = AXIS2_PLACEMENT_3D ( 'NONE', #1178, #3097, #2065 ) ;
#581 = AXIS2_PLACEMENT_3D ( 'NONE', #408, #166, #155 ) ;
#582 = EDGE_LOOP ( 'NONE', ( #2457, #2182, #2762, #3095 ) ) ;
#583 = DIRECTION ( 'NONE',  ( 0.5000000000000012212, -0.000000000000000000, 0.8660254037844379305 ) ) ;
#584 = FACE_BOUND ( 'NONE', #456, .T. ) ;
#585 = EDGE_CURVE ( 'NONE', #2782, #1094, #1323, .T. ) ;
#586 = CIRCLE ( 'NONE', #2932, 5.000000000000004441 ) ;
#587 = EDGE_CURVE ( 'NONE', #596, #662, #95, .T. ) ;
#588 = AXIS2_PLACEMENT_3D ( 'NONE', #2912, #363, #110 ) ;
#589 = FACE_OUTER_BOUND ( 'NONE', #1612, .T. ) ;
#590 = CARTESIAN_POINT ( 'NONE',  ( -17.67766952966348271, 0.000000000000000000, -14.42766952966390726 ) ) ;
#591 = VECTOR ( 'NONE', #1887, 1000.000000000000000 ) ;
#592 = ORIENTED_EDGE ( 'NONE', *, *, #587, .T. ) ;
#593 = CIRCLE ( 'NONE', #1683, 11.00000000000000000 ) ;
#594 = VERTEX_POINT ( 'NONE', #1443 ) ;
#595 = ORIENTED_EDGE ( 'NONE', *, *, #2952, .T. ) ;
#596 = VERTEX_POINT ( 'NONE', #2185 ) ;
#597 = CARTESIAN_POINT ( 'NONE',  ( 22.50000000000000000, 12.09059892324150809, -57.02885682970025982 ) ) ;
#598 = CARTESIAN_POINT ( 'NONE',  ( -55.83459118601274440, 14.40000000000000036, 8.708348754011515425 ) ) ;
#599 = CARTESIAN_POINT ( 'NONE',  ( -40.45894683899488342, 14.40000000000000036, 49.33974596215563935 ) ) ;
#600 = EDGE_CURVE ( 'NONE', #1042, #2195, #685, .T. ) ;
#601 = ORIENTED_EDGE ( 'NONE', *, *, #173, .F. ) ;
#602 = DIRECTION ( 'NONE',  ( 0.000000000000000000, -1.000000000000000000, 0.000000000000000000 ) ) ;
#603 = CYLINDRICAL_SURFACE ( 'NONE', #2522, 10.00000000000000178 ) ;
#604 = CARTESIAN_POINT ( 'NONE',  ( -68.87177826491070221, 12.09059892324148500, 20.71058083755679391 ) ) ;
#605 = DIRECTION ( 'NONE',  ( 0.000000000000000000, 0.000000000000000000, -1.000000000000000000 ) ) ;
#606 = VERTEX_POINT ( 'NONE', #1477 ) ;
#607 = ADVANCED_FACE ( 'NONE', ( #2234 ), #637, .T. ) ;
#608 = VERTEX_POINT ( 'NONE', #1215 ) ;
#609 = ORIENTED_EDGE ( 'NONE', *, *, #1611, .T. ) ;
#610 = EDGE_CURVE ( 'NONE', #1800, #1088, #49, .T. ) ;
#611 = CARTESIAN_POINT ( 'NONE',  ( -35.45894683899486921, 1.000000000000000888, 47.00000000000001421 ) ) ;
#612 = LINE ( 'NONE', #2276, #2317 ) ;
#613 = EDGE_CURVE ( 'NONE', #1226, #2349, #1032, .T. ) ;
#614 = VERTEX_POINT ( 'NONE', #2288 ) ;
#615 = DIRECTION ( 'NONE',  ( 0.4999999999999973910, 0.8660254037844402619, 0.000000000000000000 ) ) ;
#616 = FACE_OUTER_BOUND ( 'NONE', #1442, .T. ) ;
#617 = CARTESIAN_POINT ( 'NONE',  ( 22.50000000000000000, 12.09059892324150809, -59.70834875401148878 ) ) ;
#618 = DIRECTION ( 'NONE',  ( -0.000000000000000000, -1.000000000000000000, -0.000000000000000000 ) ) ;
#619 = ORIENTED_EDGE ( 'NONE', *, *, #1912, .T. ) ;
#620 = EDGE_CURVE ( 'NONE', #1660, #2892, #290, .T. ) ;
#621 = ORIENTED_EDGE ( 'NONE', *, *, #1690, .T. ) ;
#622 = ORIENTED_EDGE ( 'NONE', *, *, #2719, .F. ) ;
#623 = CIRCLE ( 'NONE', #2819, 3.750000000000000000 ) ;
#624 = FACE_OUTER_BOUND ( 'NONE', #668, .T. ) ;
#625 = CARTESIAN_POINT ( 'NONE',  ( -17.67766952966372429, 5.649999999999998579, 17.67766952966366745 ) ) ;
#626 = ORIENTED_EDGE ( 'NONE', *, *, #114, .F. ) ;
#627 = TOROIDAL_SURFACE ( 'NONE', #1163, 5.000000000000000000, 1.000000000000000000 ) ;
#628 = CARTESIAN_POINT ( 'NONE',  ( 17.67766952966360350, 0.000000000000000000, 14.42766952966378646 ) ) ;
#629 = DIRECTION ( 'NONE',  ( 0.000000000000000000, 1.000000000000000000, 0.000000000000000000 ) ) ;
#630 = LINE ( 'NONE', #1537, #2679 ) ;
#631 = ORIENTED_EDGE ( 'NONE', *, *, #1525, .F. ) ;
#632 = AXIS2_PLACEMENT_3D ( 'NONE', #975, #2842, #2637 ) ;
#633 = VECTOR ( 'NONE', #1740, 1000.000000000000000 ) ;
#634 = CIRCLE ( 'NONE', #2776, 0.5000000000000004441 ) ;
#635 = EDGE_CURVE ( 'NONE', #3062, #1472, #2835, .T. ) ;
#636 = EDGE_LOOP ( 'NONE', ( #1299, #218, #498, #480 ) ) ;
#637 = TOROIDAL_SURFACE ( 'NONE', #2178, 3.750000000000000444, 0.5000000000000000000 ) ;
#638 = AXIS2_PLACEMENT_3D ( 'NONE', #1356, #1378, #3061 ) ;
#639 = ORIENTED_EDGE ( 'NONE', *, *, #673, .F. ) ;
#640 = EDGE_CURVE ( 'NONE', #378, #2287, #2779, .T. ) ;
#641 = CARTESIAN_POINT ( 'NONE',  ( -67.95894683899489053, 1.000000000000000888, 1.708348754011521864 ) ) ;
#642 = DIRECTION ( 'NONE',  ( 0.000000000000000000, 1.000000000000000000, 0.000000000000000000 ) ) ;
#643 = ORIENTED_EDGE ( 'NONE', *, *, #2867, .F. ) ;
#644 = LINE ( 'NONE', #2752, #1562 ) ;
#645 = DIRECTION ( 'NONE',  ( 0.000000000000000000, 1.000000000000000000, 0.000000000000000000 ) ) ;
#646 = ADVANCED_FACE ( 'NONE', ( #2738 ), #3029, .T. ) ;
#647 = CARTESIAN_POINT ( 'NONE',  ( 46.17562584220409860, 14.40000000000000036, 48.02146997001212014 ) ) ;
#648 = ORIENTED_EDGE ( 'NONE', *, *, #2352, .T. ) ;
#649 = DIRECTION ( 'NONE',  ( -0.5000000000000015543, 0.000000000000000000, 0.8660254037844377084 ) ) ;
#650 = EDGE_CURVE ( 'NONE', #167, #1789, #392, .T. ) ;
#651 = VERTEX_POINT ( 'NONE', #142 ) ;
#652 = ORIENTED_EDGE ( 'NONE', *, *, #610, .T. ) ;
#653 = FACE_OUTER_BOUND ( 'NONE', #2748, .T. ) ;
#654 = DIRECTION ( 'NONE',  ( 0.000000000000000000, 0.000000000000000000, -1.000000000000000000 ) ) ;
#655 = EDGE_LOOP ( 'NONE', ( #1259, #2789, #2365, #2330 ) ) ;
#656 = CARTESIAN_POINT ( 'NONE',  ( 17.67766952966360350, 12.40000000000000036, 12.42766952966378469 ) ) ;
#657 = DIRECTION ( 'NONE',  ( 0.000000000000000000, 0.000000000000000000, -1.000000000000000000 ) ) ;
#658 = CARTESIAN_POINT ( 'NONE',  ( 17.67766952966372429, 0.000000000000000000, -20.92766952966366745 ) ) ;
#659 = FACE_OUTER_BOUND ( 'NONE', #2008, .T. ) ;
#660 = ORIENTED_EDGE ( 'NONE', *, *, #2207, .F. ) ;
#661 = PLANE ( 'NONE',  #112 ) ;
#662 = VERTEX_POINT ( 'NONE', #2523 ) ;
#663 = ADVANCED_FACE ( 'NONE', ( #624 ), #2473, .T. ) ;
#664 = VERTEX_POINT ( 'NONE', #2959 ) ;
#665 = LINE ( 'NONE', #454, #190 ) ;
#666 = CARTESIAN_POINT ( 'NONE',  ( -66.17562584220407018, 1.000000000000000000, 13.38045381863459937 ) ) ;
#667 = AXIS2_PLACEMENT_3D ( 'NONE', #1739, #754, #525 ) ;
#668 = EDGE_LOOP ( 'NONE', ( #1681, #1849, #1428, #2140 ) ) ;
#669 = DIRECTION ( 'NONE',  ( 0.000000000000000000, -1.000000000000000000, 0.000000000000000000 ) ) ;
#670 = LINE ( 'NONE', #491, #2125 ) ;
#671 = DIRECTION ( 'NONE',  ( -0.4330127018922196314, -0.4999999999999990563, -0.7500000000000004441 ) ) ;
#672 = CARTESIAN_POINT ( 'NONE',  ( -17.67766952966372429, 0.000000000000000000, 17.67766952966366745 ) ) ;
#673 = EDGE_CURVE ( 'NONE', #606, #1098, #2999, .T. ) ;
#674 = DIRECTION ( 'NONE',  ( 0.000000000000000000, 1.000000000000000000, 0.000000000000000000 ) ) ;
#675 = DIRECTION ( 'NONE',  ( -0.000000000000000000, 1.000000000000000000, -0.000000000000000000 ) ) ;
#676 = CIRCLE ( 'NONE', #1670, 13.99999999999998401 ) ;
#677 = ADVANCED_FACE ( 'NONE', ( #1585 ), #855, .T. ) ;
#678 = AXIS2_PLACEMENT_3D ( 'NONE', #161, #2533, #403 ) ;
#679 = CARTESIAN_POINT ( 'NONE',  ( 10.74999999999999467, 1.000000000000000000, 18.61954618136535800 ) ) ;
#680 = CIRCLE ( 'NONE', #2626, 1.000000000000000888 ) ;
#681 = VERTEX_POINT ( 'NONE', #2758 ) ;
#682 = AXIS2_PLACEMENT_3D ( 'NONE', #2208, #796, #1978 ) ;
#683 = ORIENTED_EDGE ( 'NONE', *, *, #1951, .T. ) ;
#684 =( GEOMETRIC_REPRESENTATION_CONTEXT ( 3 ) GLOBAL_UNCERTAINTY_ASSIGNED_CONTEXT ( ( #1057 ) ) GLOBAL_UNIT_ASSIGNED_CONTEXT ( ( #296, #2949, #2453 ) ) REPRESENTATION_CONTEXT ( 'NONE', 'WORKASPACE' ) );
#685 = CIRCLE ( 'NONE', #35, 9.999999999999994671 ) ;
#686 = DIRECTION ( 'NONE',  ( -0.000000000000000000, 1.000000000000000000, -0.000000000000000000 ) ) ;
#687 = CARTESIAN_POINT ( 'NONE',  ( 59.75575286112628248, 0.000000000000000000, 34.49999999999998579 ) ) ;
#688 = ORIENTED_EDGE ( 'NONE', *, *, #3028, .T. ) ;
#689 = ORIENTED_EDGE ( 'NONE', *, *, #2525, .T. ) ;
#690 = DIRECTION ( 'NONE',  ( 2.523234146875356491E-15, 0.000000000000000000, -1.000000000000000000 ) ) ;
#691 = CARTESIAN_POINT ( 'NONE',  ( -62.95894683899489053, 12.09059892324150809, 10.36860279185590628 ) ) ;
#692 = EDGE_CURVE ( 'NONE', #1424, #891, #186, .T. ) ;
#693 = FACE_OUTER_BOUND ( 'NONE', #182, .T. ) ;
#694 = CARTESIAN_POINT ( 'NONE',  ( 23.83974596215561803, 14.40000000000000036, -54.70834875401148167 ) ) ;
#695 = ORIENTED_EDGE ( 'NONE', *, *, #1690, .F. ) ;
#696 = CARTESIAN_POINT ( 'NONE',  ( 17.67766952966360350, 5.649999999999998579, 12.42766952966378469 ) ) ;
#697 = DIRECTION ( 'NONE',  ( -0.8660254037844384856, 0.000000000000000000, 0.5000000000000003331 ) ) ;
#698 = ORIENTED_EDGE ( 'NONE', *, *, #1423, .F. ) ;
#699 = VERTEX_POINT ( 'NONE', #1814 ) ;
#700 = CYLINDRICAL_SURFACE ( 'NONE', #2476, 5.999999999999998224 ) ;
#701 = DIRECTION ( 'NONE',  ( 1.000000000000000000, 0.000000000000000000, -2.729094633489546323E-16 ) ) ;
#702 = ORIENTED_EDGE ( 'NONE', *, *, #1281, .F. ) ;
#703 = DIRECTION ( 'NONE',  ( 0.000000000000000000, 0.000000000000000000, 1.000000000000000000 ) ) ;
#704 = EDGE_CURVE ( 'NONE', #1789, #1192, #2228, .T. ) ;
#705 = CARTESIAN_POINT ( 'NONE',  ( -17.67766952966372429, 5.149999999999998579, 14.42766952966366745 ) ) ;
#706 = DIRECTION ( 'NONE',  ( -0.7500000000000003331, 0.4999999999999991673, 0.4330127018922196869 ) ) ;
#707 = DIRECTION ( 'NONE',  ( 0.000000000000000000, 0.000000000000000000, 1.000000000000000000 ) ) ;
#708 = EDGE_LOOP ( 'NONE', ( #145, #2430, #2969, #2128 ) ) ;
#709 = CARTESIAN_POINT ( 'NONE',  ( -17.67766952966348271, 5.649999999999998579, -22.92766952966390903 ) ) ;
#710 = DIRECTION ( 'NONE',  ( 0.8660254037844380415, 0.000000000000000000, -0.5000000000000013323 ) ) ;
#711 = EDGE_LOOP ( 'NONE', ( #1209, #2536 ) ) ;
#712 = ORIENTED_EDGE ( 'NONE', *, *, #1990, .T. ) ;
#713 = LINE ( 'NONE', #915, #1869 ) ;
#714 = LINE ( 'NONE', #687, #3022 ) ;
#715 = ORIENTED_EDGE ( 'NONE', *, *, #1743, .F. ) ;
#716 = DIRECTION ( 'NONE',  ( -0.5000000000000001110, 0.000000000000000000, -0.8660254037844385966 ) ) ;
#717 = CARTESIAN_POINT ( 'NONE',  ( 0.000000000000000000, 0.000000000000000000, -69.00000000000000000 ) ) ;
#718 = VECTOR ( 'NONE', #2189, 1000.000000000000227 ) ;
#719 = CARTESIAN_POINT ( 'NONE',  ( 16.50000000000000000, 1.000000000000000000, -69.00000000000000000 ) ) ;
#720 = CARTESIAN_POINT ( 'NONE',  ( -59.29869280115050145, 1.000000000000000888, 6.708348754011517201 ) ) ;
#721 = CARTESIAN_POINT ( 'NONE',  ( -68.00575286112626827, 0.000000000000000000, 20.21058083755679746 ) ) ;
#722 = CARTESIAN_POINT ( 'NONE',  ( -44.67562584220405597, 0.000000000000000000, 50.61954618136544326 ) ) ;
#723 = ORIENTED_EDGE ( 'NONE', *, *, #2141, .F. ) ;
#724 = CIRCLE ( 'NONE', #229, 3.249999999999999556 ) ;
#725 = ORIENTED_EDGE ( 'NONE', *, *, #2867, .T. ) ;
#726 = CIRCLE ( 'NONE', #1362, 5.000000000000004441 ) ;
#727 = EDGE_CURVE ( 'NONE', #2731, #572, #2325, .T. ) ;
#728 = DIRECTION ( 'NONE',  ( 0.000000000000000000, -1.000000000000000000, 0.000000000000000000 ) ) ;
#729 = AXIS2_PLACEMENT_3D ( 'NONE', #1991, #2935, #276 ) ;
#730 = COLOUR_RGB ( '',0.7921568627450980005, 0.8196078431372548767, 0.9333333333333333481 ) ;
#731 = DIRECTION ( 'NONE',  ( -0.000000000000000000, 1.000000000000000000, -0.000000000000000000 ) ) ;
#732 = ORIENTED_EDGE ( 'NONE', *, *, #842, .T. ) ;
#733 = AXIS2_PLACEMENT_3D ( 'NONE', #1816, #2494, #2304 ) ;
#734 = CARTESIAN_POINT ( 'NONE',  ( 66.17562584220408439, 1.000000000000000000, 13.38045381863456385 ) ) ;
#735 = AXIS2_PLACEMENT_3D ( 'NONE', #350, #2245, #1055 ) ;
#736 = AXIS2_PLACEMENT_3D ( 'NONE', #1393, #902, #701 ) ;
#737 = CYLINDRICAL_SURFACE ( 'NONE', #2828, 3.249999999999999556 ) ;
#738 = DIRECTION ( 'NONE',  ( 0.000000000000000000, 0.000000000000000000, -1.000000000000000000 ) ) ;
#739 = EDGE_LOOP ( 'NONE', ( #268, #3075, #2268, #904 ) ) ;
#740 = CARTESIAN_POINT ( 'NONE',  ( 35.45894683899490474, 14.40000000000000036, 57.99999999999999289 ) ) ;
#741 = ADVANCED_FACE ( 'NONE', ( #843 ), #1680, .F. ) ;
#742 = PLANE ( 'NONE',  #1368 ) ;
#743 = ORIENTED_EDGE ( 'NONE', *, *, #824, .T. ) ;
#744 = EDGE_CURVE ( 'NONE', #926, #2791, #1279, .T. ) ;
#745 = ORIENTED_EDGE ( 'NONE', *, *, #106, .T. ) ;
#746 = ORIENTED_EDGE ( 'NONE', *, *, #478, .T. ) ;
#747 = FACE_OUTER_BOUND ( 'NONE', #1074, .T. ) ;
#748 = DIRECTION ( 'NONE',  ( -0.2499999999999994449, 0.8660254037844397068, -0.4330127018922177995 ) ) ;
#749 = CIRCLE ( 'NONE', #1945, 5.250000000000000888 ) ;
#750 = CARTESIAN_POINT ( 'NONE',  ( -32.50000000000002842, 1.000000000000000888, -59.70834875401149588 ) ) ;
#751 = CARTESIAN_POINT ( 'NONE',  ( -17.67766952966372429, 5.649999999999998579, 17.67766952966366745 ) ) ;
#752 = CARTESIAN_POINT ( 'NONE',  ( 16.50000000000000000, 12.09059892324150809, -64.00000000000000000 ) ) ;
#753 = CYLINDRICAL_SURFACE ( 'NONE', #2769, 5.250000000000000888 ) ;
#754 = DIRECTION ( 'NONE',  ( 0.000000000000000000, -1.000000000000000000, 0.000000000000000000 ) ) ;
#755 = DIRECTION ( 'NONE',  ( 0.000000000000000000, -1.000000000000000000, 0.000000000000000000 ) ) ;
#756 = ADVANCED_FACE ( 'NONE', ( #810 ), #1530, .T. ) ;
#757 = FACE_OUTER_BOUND ( 'NONE', #978, .T. ) ;
#758 = ORIENTED_EDGE ( 'NONE', *, *, #2764, .F. ) ;
#759 = ORIENTED_EDGE ( 'NONE', *, *, #1099, .T. ) ;
#760 = VERTEX_POINT ( 'NONE', #2973 ) ;
#761 = CARTESIAN_POINT ( 'NONE',  ( -17.67766952966348271, 12.40000000000000036, -17.67766952966390548 ) ) ;
#762 = DIRECTION ( 'NONE',  ( 0.000000000000000000, 0.000000000000000000, 1.000000000000000000 ) ) ;
#763 = DIRECTION ( 'NONE',  ( 0.8660254037844387076, 0.000000000000000000, 0.5000000000000001110 ) ) ;
#764 = LINE ( 'NONE', #579, #1576 ) ;
#765 = CARTESIAN_POINT ( 'NONE',  ( 44.17562584220409860, 1.000000000000000888, 51.48557158514987009 ) ) ;
#766 = DIRECTION ( 'NONE',  ( 0.000000000000000000, 0.000000000000000000, -1.000000000000000000 ) ) ;
#767 = CARTESIAN_POINT ( 'NONE',  ( -47.17562584220406308, 1.000000000000000888, 46.28941916244325938 ) ) ;
#768 = LINE ( 'NONE', #1721, #2275 ) ;
#769 = DIRECTION ( 'NONE',  ( 1.000000000000000000, -0.000000000000000000, 1.224646799147353207E-16 ) ) ;
#770 = VERTEX_POINT ( 'NONE', #825 ) ;
#771 = CIRCLE ( 'NONE', #667, 7.249999999999999112 ) ;
#772 = EDGE_CURVE ( 'NONE', #899, #559, #2257, .T. ) ;
#773 = ORIENTED_EDGE ( 'NONE', *, *, #12, .T. ) ;
#774 = ORIENTED_EDGE ( 'NONE', *, *, #1330, .T. ) ;
#775 = CIRCLE ( 'NONE', #977, 0.9999999999999993339 ) ;
#776 = EDGE_LOOP ( 'NONE', ( #774, #425 ) ) ;
#777 = PLANE ( 'NONE',  #682 ) ;
#778 = VECTOR ( 'NONE', #415, 1000.000000000000000 ) ;
#779 = CIRCLE ( 'NONE', #185, 10.00000000000000000 ) ;
#780 = CYLINDRICAL_SURFACE ( 'NONE', #937, 3.249999999999999556 ) ;
#781 = DIRECTION ( 'NONE',  ( 0.000000000000000000, 0.000000000000000000, -1.000000000000000000 ) ) ;
#782 = VECTOR ( 'NONE', #1787, 1000.000000000000000 ) ;
#783 = CIRCLE ( 'NONE', #1476, 10.00000000000000000 ) ;
#784 = DIRECTION ( 'NONE',  ( 0.000000000000000000, -1.000000000000000000, 0.000000000000000000 ) ) ;
#785 = DIRECTION ( 'NONE',  ( -0.000000000000000000, 1.000000000000000000, 0.000000000000000000 ) ) ;
#786 = LINE ( 'NONE', #1754, #1218 ) ;
#787 = AXIS2_PLACEMENT_3D ( 'NONE', #172, #645, #1785 ) ;
#788 = DIRECTION ( 'NONE',  ( 0.000000000000000000, -1.000000000000000000, 0.000000000000000000 ) ) ;
#789 = ADVANCED_FACE ( 'NONE', ( #1070 ), #1663, .T. ) ;
#790 = DIRECTION ( 'NONE',  ( 0.000000000000000000, 0.000000000000000000, -1.000000000000000000 ) ) ;
#791 = ORIENTED_EDGE ( 'NONE', *, *, #3013, .T. ) ;
#792 = ORIENTED_EDGE ( 'NONE', *, *, #399, .F. ) ;
#793 = ORIENTED_EDGE ( 'NONE', *, *, #2117, .T. ) ;
#794 = EDGE_CURVE ( 'NONE', #850, #1447, #344, .T. ) ;
#795 = ORIENTED_EDGE ( 'NONE', *, *, #5, .F. ) ;
#796 = DIRECTION ( 'NONE',  ( 0.000000000000000000, 1.000000000000000000, 0.000000000000000000 ) ) ;
#797 = DIRECTION ( 'NONE',  ( 0.5000000000000001110, 0.000000000000000000, 0.8660254037844385966 ) ) ;
#798 = CARTESIAN_POINT ( 'NONE',  ( -68.00575286112625406, 1.000000000000000888, 20.21058083755679746 ) ) ;
#799 = ADVANCED_FACE ( 'NONE', ( #1156 ), #2578, .T. ) ;
#800 = SHAPE_DEFINITION_REPRESENTATION ( #171, #2610 ) ;
#801 = FACE_OUTER_BOUND ( 'NONE', #2241, .T. ) ;
#802 = ADVANCED_FACE ( 'NONE', ( #2316 ), #700, .T. ) ;
#803 = DIRECTION ( 'NONE',  ( 1.156482317317871725E-15, 0.000000000000000000, -1.000000000000000000 ) ) ;
#804 = FACE_OUTER_BOUND ( 'NONE', #245, .T. ) ;
#805 = DIRECTION ( 'NONE',  ( 0.000000000000000000, 1.000000000000000000, 0.000000000000000000 ) ) ;
#806 = ORIENTED_EDGE ( 'NONE', *, *, #1551, .F. ) ;
#807 = ORIENTED_EDGE ( 'NONE', *, *, #1051, .F. ) ;
#808 = VERTEX_POINT ( 'NONE', #1648 ) ;
#809 = DIRECTION ( 'NONE',  ( 1.000000000000000000, 0.000000000000000000, 0.000000000000000000 ) ) ;
#810 = FACE_OUTER_BOUND ( 'NONE', #2998, .T. ) ;
#811 = CARTESIAN_POINT ( 'NONE',  ( -17.67766952966348271, 12.40000000000000036, -12.42766952966390548 ) ) ;
#812 = PRODUCT_DEFINITION_CONTEXT ( 'detailed design', #315, 'design' ) ;
#813 = VERTEX_POINT ( 'NONE', #1130 ) ;
#814 = CARTESIAN_POINT ( 'NONE',  ( -38.13843876330611238, 14.40000000000000036, 48.00000000000001421 ) ) ;
#815 = DIRECTION ( 'NONE',  ( 0.000000000000000000, 1.000000000000000000, 0.000000000000000000 ) ) ;
#816 = DIRECTION ( 'NONE',  ( 0.8660254037844397068, 0.000000000000000000, 0.4999999999999982792 ) ) ;
#817 = CARTESIAN_POINT ( 'NONE',  ( -68.87177826491070221, 14.40000000000000036, 20.71058083755679391 ) ) ;
#818 = EDGE_LOOP ( 'NONE', ( #238, #1746, #2908, #2652, #2760, #2919, #434, #1257, #1920, #249, #139, #1891, #90, #406, #2638, #2556, #2607, #689, #2298, #1487, #973, #1725, #2286, #1724 ) ) ;
#819 = ORIENTED_EDGE ( 'NONE', *, *, #557, .F. ) ;
#820 = ORIENTED_EDGE ( 'NONE', *, *, #24, .F. ) ;
#821 = VECTOR ( 'NONE', #2929, 1000.000000000000000 ) ;
#822 = VERTEX_POINT ( 'NONE', #440 ) ;
#823 = DIRECTION ( 'NONE',  ( 0.000000000000000000, 0.4999999999999977240, 0.8660254037844399289 ) ) ;
#824 = EDGE_CURVE ( 'NONE', #877, #681, #665, .T. ) ;
#825 = CARTESIAN_POINT ( 'NONE',  ( -17.67766952966348271, 5.149999999999998579, -14.42766952966390726 ) ) ;
#826 = AXIS2_PLACEMENT_3D ( 'NONE', #3088, #1622, #222 ) ;
#827 = DIRECTION ( 'NONE',  ( 0.8660254037844377084, 0.000000000000000000, -0.5000000000000015543 ) ) ;
#828 = CIRCLE ( 'NONE', #638, 10.00000000000000178 ) ;
#829 = ORIENTED_EDGE ( 'NONE', *, *, #794, .T. ) ;
#830 = CARTESIAN_POINT ( 'NONE',  ( 49.37177826491073063, 12.09059892324146723, 54.48557158514987009 ) ) ;
#831 = FACE_OUTER_BOUND ( 'NONE', #322, .T. ) ;
#832 = TOROIDAL_SURFACE ( 'NONE', #2115, 3.750000000000000444, 0.5000000000000000000 ) ;
#833 = AXIS2_PLACEMENT_3D ( 'NONE', #401, #1337, #413 ) ;
#834 = VECTOR ( 'NONE', #955, 1000.000000000000114 ) ;
#835 = CARTESIAN_POINT ( 'NONE',  ( 17.67766952966372429, 5.149999999999998579, -20.92766952966366745 ) ) ;
#836 = DIRECTION ( 'NONE',  ( -1.000000000000000000, 0.000000000000000000, 0.000000000000000000 ) ) ;
#837 = CIRCLE ( 'NONE', #787, 3.249999999999999556 ) ;
#838 = ORIENTED_EDGE ( 'NONE', *, *, #2715, .F. ) ;
#839 = EDGE_CURVE ( 'NONE', #681, #1192, #1126, .T. ) ;
#840 = EDGE_LOOP ( 'NONE', ( #1667, #950, #1550, #1995 ) ) ;
#841 = ORIENTED_EDGE ( 'NONE', *, *, #114, .T. ) ;
#842 = EDGE_CURVE ( 'NONE', #2767, #964, #1931, .T. ) ;
#843 = FACE_OUTER_BOUND ( 'NONE', #574, .T. ) ;
#844 = DIRECTION ( 'NONE',  ( -0.000000000000000000, 1.000000000000000000, -0.000000000000000000 ) ) ;
#845 = ORIENTED_EDGE ( 'NONE', *, *, #1162, .F. ) ;
#846 = DIRECTION ( 'NONE',  ( -0.2500000000000001665, 0.8660254037844387076, 0.4330127018922193538 ) ) ;
#847 = DIRECTION ( 'NONE',  ( 0.000000000000000000, -1.000000000000000000, 0.000000000000000000 ) ) ;
#848 = EDGE_CURVE ( 'NONE', #1637, #61, #593, .T. ) ;
#849 = CYLINDRICAL_SURFACE ( 'NONE', #1732, 0.9999999999999978906 ) ;
#850 = VERTEX_POINT ( 'NONE', #188 ) ;
#851 = EDGE_CURVE ( 'NONE', #1694, #1131, #1375, .T. ) ;
#852 = ORIENTED_EDGE ( 'NONE', *, *, #3067, .F. ) ;
#853 = ORIENTED_EDGE ( 'NONE', *, *, #173, .T. ) ;
#854 = AXIS2_PLACEMENT_3D ( 'NONE', #121, #2714, #809 ) ;
#855 = CYLINDRICAL_SURFACE ( 'NONE', #490, 6.000000000000000000 ) ;
#856 = DIRECTION ( 'NONE',  ( 0.000000000000000000, -1.000000000000000000, 0.000000000000000000 ) ) ;
#857 = EDGE_LOOP ( 'NONE', ( #2387, #1545, #2585, #2036 ) ) ;
#858 = DIRECTION ( 'NONE',  ( -0.8660254037844380415, 0.000000000000000000, 0.5000000000000013323 ) ) ;
#859 = CARTESIAN_POINT ( 'NONE',  ( -17.67766952966372429, 5.649999999999998579, 21.42766952966366745 ) ) ;
#860 = EDGE_CURVE ( 'NONE', #1636, #1298, #41, .T. ) ;
#861 = CARTESIAN_POINT ( 'NONE',  ( 16.50000000000000000, 14.40000000000000036, -64.00000000000000000 ) ) ;
#862 = FACE_BOUND ( 'NONE', #2193, .T. ) ;
#863 = ORIENTED_EDGE ( 'NONE', *, *, #1478, .F. ) ;
#864 = EDGE_CURVE ( 'NONE', #411, #391, #1782, .T. ) ;
#865 = ORIENTED_EDGE ( 'NONE', *, *, #573, .T. ) ;
#866 = ORIENTED_EDGE ( 'NONE', *, *, #2863, .T. ) ;
#867 = DIRECTION ( 'NONE',  ( 0.000000000000000000, 0.000000000000000000, -1.000000000000000000 ) ) ;
#868 = LINE ( 'NONE', #599, #1776 ) ;
#869 = EDGE_CURVE ( 'NONE', #202, #2767, #467, .T. ) ;
#870 = ORIENTED_EDGE ( 'NONE', *, *, #1229, .F. ) ;
#871 = PLANE ( 'NONE',  #2211 ) ;
#872 = EDGE_CURVE ( 'NONE', #2781, #1760, #1361, .T. ) ;
#873 = CARTESIAN_POINT ( 'NONE',  ( 18.49999999999996803, 14.40000000000000036, -64.00000000000000000 ) ) ;
#874 = AXIS2_PLACEMENT_3D ( 'NONE', #2390, #1884, #252 ) ;
#875 = DIRECTION ( 'NONE',  ( -0.5000000000000003331, 0.000000000000000000, -0.8660254037844384856 ) ) ;
#876 = CARTESIAN_POINT ( 'NONE',  ( 71.87177826491073063, 14.40000000000000036, 15.51442841485011570 ) ) ;
#877 = VERTEX_POINT ( 'NONE', #2366 ) ;
#878 = AXIS2_PLACEMENT_3D ( 'NONE', #896, #2309, #117 ) ;
#879 = CIRCLE ( 'NONE', #936, 9.999999999999994671 ) ;
#880 = PLANE ( 'NONE',  #414 ) ;
#881 = PRODUCT_DEFINITION ( 'UNKNOWN', '', #2222, #812 ) ;
#882 = AXIS2_PLACEMENT_3D ( 'NONE', #395, #1343, #2303 ) ;
#883 = AXIS2_PLACEMENT_3D ( 'NONE', #2974, #2524, #377 ) ;
#884 = ORIENTED_EDGE ( 'NONE', *, *, #1941, .F. ) ;
#885 = AXIS2_PLACEMENT_3D ( 'NONE', #314, #2692, #1247 ) ;
#886 = CIRCLE ( 'NONE', #2726, 7.249999999999999112 ) ;
#887 = ORIENTED_EDGE ( 'NONE', *, *, #2099, .T. ) ;
#888 = ADVANCED_FACE ( 'NONE', ( #2859 ), #231, .F. ) ;
#889 = DIRECTION ( 'NONE',  ( 0.000000000000000000, -1.000000000000000000, 0.000000000000000000 ) ) ;
#890 = DIRECTION ( 'NONE',  ( 0.5000000000000001110, 0.000000000000000000, 0.8660254037844385966 ) ) ;
#891 = VERTEX_POINT ( 'NONE', #1355 ) ;
#892 = CYLINDRICAL_SURFACE ( 'NONE', #71, 1.000000000000000888 ) ;
#893 = LINE ( 'NONE', #2055, #2116 ) ;
#894 = EDGE_CURVE ( 'NONE', #1098, #3009, #713, .T. ) ;
#895 = CARTESIAN_POINT ( 'NONE',  ( 17.67766952966372429, 12.40000000000000036, -17.67766952966366745 ) ) ;
#896 = CARTESIAN_POINT ( 'NONE',  ( 49.37177826491073063, 14.40000000000000036, 54.48557158514987009 ) ) ;
#897 = ORIENTED_EDGE ( 'NONE', *, *, #1187, .F. ) ;
#898 = CARTESIAN_POINT ( 'NONE',  ( 44.67562584220409860, 1.000000000000000000, 50.61954618136542905 ) ) ;
#899 = VERTEX_POINT ( 'NONE', #1833 ) ;
#900 = ORIENTED_EDGE ( 'NONE', *, *, #585, .F. ) ;
#901 = DIRECTION ( 'NONE',  ( 0.000000000000000000, 0.000000000000000000, -1.000000000000000000 ) ) ;
#902 = DIRECTION ( 'NONE',  ( 2.729094633489546323E-16, -0.000000000000000000, 1.000000000000000000 ) ) ;
#903 = EDGE_CURVE ( 'NONE', #1066, #1501, #534, .T. ) ;
#904 = ORIENTED_EDGE ( 'NONE', *, *, #106, .F. ) ;
#905 = ADVANCED_FACE ( 'NONE', ( #653 ), #1596, .T. ) ;
#906 = DIRECTION ( 'NONE',  ( 0.000000000000000000, -1.000000000000000000, 0.000000000000000000 ) ) ;
#907 = DIRECTION ( 'NONE',  ( 0.000000000000000000, 0.000000000000000000, -1.000000000000000000 ) ) ;
#908 = DIRECTION ( 'NONE',  ( 1.000000000000000000, 0.000000000000000000, 0.000000000000000000 ) ) ;
#909 = CARTESIAN_POINT ( 'NONE',  ( 17.67766952966372429, 5.649999999999998579, -12.42766952966366567 ) ) ;
#910 = LINE ( 'NONE', #2563, #1846 ) ;
#911 = DIRECTION ( 'NONE',  ( -0.8660254037844379305, 0.000000000000000000, 0.5000000000000013323 ) ) ;
#912 = VERTEX_POINT ( 'NONE', #47 ) ;
#913 = EDGE_LOOP ( 'NONE', ( #1295, #1396, #404, #1695 ) ) ;
#914 = AXIS2_PLACEMENT_3D ( 'NONE', #740, #3070, #2344 ) ;
#915 = CARTESIAN_POINT ( 'NONE',  ( -22.50000000000002842, 1.000000000000000888, -57.02885682970026693 ) ) ;
#916 = LINE ( 'NONE', #1635, #2982 ) ;
#917 = EDGE_CURVE ( 'NONE', #770, #1145, #2229, .T. ) ;
#918 = ORIENTED_EDGE ( 'NONE', *, *, #635, .F. ) ;
#919 = AXIS2_PLACEMENT_3D ( 'NONE', #2529, #158, #1336 ) ;
#920 = ORIENTED_EDGE ( 'NONE', *, *, #1726, .T. ) ;
#921 = DIRECTION ( 'NONE',  ( -0.000000000000000000, 1.000000000000000000, -0.000000000000000000 ) ) ;
#922 = CARTESIAN_POINT ( 'NONE',  ( -23.83974596215563579, 0.000000000000000000, -54.70834875401149588 ) ) ;
#923 = ADVANCED_FACE ( 'NONE', ( #1502, #1685 ), #777, .T. ) ;
#924 = DIRECTION ( 'NONE',  ( 0.000000000000000000, 0.000000000000000000, -1.000000000000000000 ) ) ;
#925 = CARTESIAN_POINT ( 'NONE',  ( -17.67766952966372429, 12.40000000000000036, 22.92766952966366745 ) ) ;
#926 = VERTEX_POINT ( 'NONE', #1454 ) ;
#927 = CARTESIAN_POINT ( 'NONE',  ( 21.50000000000000000, 0.000000000000000000, 0.000000000000000000 ) ) ;
#928 = AXIS2_PLACEMENT_3D ( 'NONE', #1919, #1034, #738 ) ;
#929 = AXIS2_PLACEMENT_3D ( 'NONE', #2192, #2411, #1465 ) ;
#930 = CARTESIAN_POINT ( 'NONE',  ( -17.67766952966348271, 5.149999999999998579, -17.67766952966390548 ) ) ;
#931 = ORIENTED_EDGE ( 'NONE', *, *, #1951, .F. ) ;
#932 = EDGE_CURVE ( 'NONE', #1145, #770, #236, .T. ) ;
#933 = ORIENTED_EDGE ( 'NONE', *, *, #535, .T. ) ;
#934 = CIRCLE ( 'NONE', #2682, 1.000000000000000888 ) ;
#935 = EDGE_CURVE ( 'NONE', #2203, #2624, #32, .T. ) ;
#936 = AXIS2_PLACEMENT_3D ( 'NONE', #570, #2424, #2465 ) ;
#937 = AXIS2_PLACEMENT_3D ( 'NONE', #1700, #1735, #2644 ) ;
#938 = EDGE_CURVE ( 'NONE', #1744, #699, #2921, .T. ) ;
#939 = CIRCLE ( 'NONE', #2180, 7.249999999999999112 ) ;
#940 = DIRECTION ( 'NONE',  ( 0.4999999999999941158, 0.000000000000000000, -0.8660254037844421493 ) ) ;
#941 = LINE ( 'NONE', #2144, #2477 ) ;
#942 = VERTEX_POINT ( 'NONE', #1947 ) ;
#943 = CARTESIAN_POINT ( 'NONE',  ( -38.13843876330611238, 12.09059892324146723, 48.00000000000001421 ) ) ;
#944 = DIRECTION ( 'NONE',  ( -0.000000000000000000, 1.000000000000000000, -0.000000000000000000 ) ) ;
#945 = DIRECTION ( 'NONE',  ( 0.000000000000000000, 0.000000000000000000, 1.000000000000000000 ) ) ;
#946 = FACE_OUTER_BOUND ( 'NONE', #2443, .T. ) ;
#947 = DIRECTION ( 'NONE',  ( -1.000000000000000000, 0.000000000000000000, -3.304235192336774723E-15 ) ) ;
#948 = CARTESIAN_POINT ( 'NONE',  ( 21.50000000000000000, 0.000000000000000000, -64.00000000000000000 ) ) ;
#949 = CARTESIAN_POINT ( 'NONE',  ( 17.67766952966360350, 12.40000000000000036, 22.92766952966378469 ) ) ;
#950 = ORIENTED_EDGE ( 'NONE', *, *, #1300, .T. ) ;
#951 = EDGE_LOOP ( 'NONE', ( #723, #865, #2206, #1607 ) ) ;
#952 = CARTESIAN_POINT ( 'NONE',  ( 47.17562584220410571, 1.000000000000000888, 46.28941916244323806 ) ) ;
#953 = DIRECTION ( 'NONE',  ( 0.5000000000000007772, 0.000000000000000000, 0.8660254037844381525 ) ) ;
#954 = ORIENTED_EDGE ( 'NONE', *, *, #2037, .T. ) ;
#955 = DIRECTION ( 'NONE',  ( -0.4330127018922199644, -0.4999999999999997780, 0.7499999999999996669 ) ) ;
#956 = LINE ( 'NONE', #1868, #393 ) ;
#957 = DIRECTION ( 'NONE',  ( -0.000000000000000000, 1.000000000000000000, -0.000000000000000000 ) ) ;
#958 = ORIENTED_EDGE ( 'NONE', *, *, #2958, .F. ) ;
#959 = DIRECTION ( 'NONE',  ( 0.000000000000000000, 1.000000000000000000, 0.000000000000000000 ) ) ;
#960 = EDGE_CURVE ( 'NONE', #457, #850, #1573, .T. ) ;
#961 = DIRECTION ( 'NONE',  ( 0.000000000000000000, 1.000000000000000000, 0.000000000000000000 ) ) ;
#962 = ORIENTED_EDGE ( 'NONE', *, *, #3092, .T. ) ;
#963 = ADVANCED_FACE ( 'NONE', ( #2196 ), #1172, .T. ) ;
#964 = VERTEX_POINT ( 'NONE', #2909 ) ;
#965 = EDGE_CURVE ( 'NONE', #1794, #2755, #2681, .T. ) ;
#966 = DIRECTION ( 'NONE',  ( 0.000000000000000000, -0.4999999999999990008, 0.8660254037844391517 ) ) ;
#967 = CARTESIAN_POINT ( 'NONE',  ( -68.87177826491070221, 1.000000000000000888, 20.71058083755679391 ) ) ;
#968 = ORIENTED_EDGE ( 'NONE', *, *, #1304, .T. ) ;
#969 = ADVANCED_FACE ( 'NONE', ( #982 ), #2402, .F. ) ;
#970 = DIRECTION ( 'NONE',  ( 0.000000000000000000, -1.000000000000000000, 0.000000000000000000 ) ) ;
#971 = CARTESIAN_POINT ( 'NONE',  ( -65.40767664977295226, 14.40000000000000036, 18.71058083755679746 ) ) ;
#972 = DIRECTION ( 'NONE',  ( 0.000000000000000000, 0.000000000000000000, -1.000000000000000000 ) ) ;
#973 = ORIENTED_EDGE ( 'NONE', *, *, #2589, .T. ) ;
#974 = SURFACE_SIDE_STYLE ('',( #2151 ) ) ;
#975 = CARTESIAN_POINT ( 'NONE',  ( -17.67766952966348271, 0.000000000000000000, -17.67766952966390548 ) ) ;
#976 = ORIENTED_EDGE ( 'NONE', *, *, #78, .T. ) ;
#977 = AXIS2_PLACEMENT_3D ( 'NONE', #1016, #2914, #2661 ) ;
#978 = EDGE_LOOP ( 'NONE', ( #547, #1783, #359, #2552 ) ) ;
#979 = CIRCLE ( 'NONE', #1982, 0.9999999999999993339 ) ;
#980 = ORIENTED_EDGE ( 'NONE', *, *, #2984, .T. ) ;
#981 = VECTOR ( 'NONE', #1382, 999.9999999999998863 ) ;
#982 = FACE_OUTER_BOUND ( 'NONE', #1687, .T. ) ;
#983 = AXIS2_PLACEMENT_3D ( 'NONE', #227, #2891, #3093 ) ;
#984 = TOROIDAL_SURFACE ( 'NONE', #1626, 3.750000000000000444, 0.5000000000000000000 ) ;
#985 = FACE_OUTER_BOUND ( 'NONE', #2446, .T. ) ;
#986 = EDGE_CURVE ( 'NONE', #3062, #608, #2669, .T. ) ;
#987 = AXIS2_PLACEMENT_3D ( 'NONE', #303, #1688, #1936 ) ;
#988 = AXIS2_PLACEMENT_3D ( 'NONE', #1183, #1639, #2134 ) ;
#989 = DIRECTION ( 'NONE',  ( 0.000000000000000000, 0.000000000000000000, 1.000000000000000000 ) ) ;
#990 = AXIS2_PLACEMENT_3D ( 'NONE', #1392, #1883, #901 ) ;
#991 = FACE_OUTER_BOUND ( 'NONE', #1000, .T. ) ;
#992 =( NAMED_UNIT ( * ) PLANE_ANGLE_UNIT ( ) SI_UNIT ( $, .RADIAN. ) );
#993 = DIRECTION ( 'NONE',  ( 0.000000000000000000, 0.000000000000000000, -1.000000000000000000 ) ) ;
#994 = CARTESIAN_POINT ( 'NONE',  ( 35.45894683899490474, 1.000000000000000000, 46.99999999999999289 ) ) ;
#995 = PRESENTATION_STYLE_ASSIGNMENT (( #1921 ) ) ;
#996 = EDGE_CURVE ( 'NONE', #1840, #2781, #1439, .T. ) ;
#997 = PLANE ( 'NONE',  #2986 ) ;
#998 = ORIENTED_EDGE ( 'NONE', *, *, #903, .T. ) ;
#999 = ORIENTED_EDGE ( 'NONE', *, *, #1968, .F. ) ;
#1000 = EDGE_LOOP ( 'NONE', ( #1353, #2194, #2481, #3008 ) ) ;
#1001 = CARTESIAN_POINT ( 'NONE',  ( -17.67766952966348271, 5.149999999999998579, -17.67766952966390548 ) ) ;
#1002 = CARTESIAN_POINT ( 'NONE',  ( 60.63843876330611238, 1.000000000000000888, 9.028856829700266928 ) ) ;
#1003 = CYLINDRICAL_SURFACE ( 'NONE', #987, 0.9999999999999978906 ) ;
#1004 = CARTESIAN_POINT ( 'NONE',  ( 67.95894683899490474, 14.40000000000000036, 1.708348754011518311 ) ) ;
#1005 = FACE_OUTER_BOUND ( 'NONE', #636, .T. ) ;
#1006 = DIRECTION ( 'NONE',  ( 0.000000000000000000, 0.000000000000000000, -1.000000000000000000 ) ) ;
#1007 = CARTESIAN_POINT ( 'NONE',  ( -60.63843876330611238, 12.09059892324150809, 9.028856829700293574 ) ) ;
#1008 = DIRECTION ( 'NONE',  ( 0.000000000000000000, 0.000000000000000000, 1.000000000000000000 ) ) ;
#1009 = ORIENTED_EDGE ( 'NONE', *, *, #152, .F. ) ;
#1010 = ORIENTED_EDGE ( 'NONE', *, *, #1552, .T. ) ;
#1011 = ORIENTED_EDGE ( 'NONE', *, *, #286, .F. ) ;
#1012 = EDGE_CURVE ( 'NONE', #258, #1560, #281, .T. ) ;
#1013 = CARTESIAN_POINT ( 'NONE',  ( -17.67766952966348271, 5.649999999999998579, -17.67766952966390548 ) ) ;
#1014 = DIRECTION ( 'NONE',  ( 0.000000000000000000, -1.000000000000000000, 0.000000000000000000 ) ) ;
#1015 = LINE ( 'NONE', #523, #136 ) ;
#1016 = CARTESIAN_POINT ( 'NONE',  ( -62.45894683899489053, 1.000000000000000888, 11.23462819564034376 ) ) ;
#1017 = DIRECTION ( 'NONE',  ( -1.000000000000000000, 0.000000000000000000, -3.202566417187952014E-15 ) ) ;
#1018 = DIRECTION ( 'NONE',  ( 0.000000000000000000, 0.000000000000000000, -1.000000000000000000 ) ) ;
#1019 = EDGE_LOOP ( 'NONE', ( #2937, #371, #1804, #1646 ) ) ;
#1020 = VECTOR ( 'NONE', #858, 999.9999999999997726 ) ;
#1021 = ORIENTED_EDGE ( 'NONE', *, *, #2001, .F. ) ;
#1022 = VECTOR ( 'NONE', #816, 999.9999999999998863 ) ;
#1023 = ORIENTED_EDGE ( 'NONE', *, *, #2088, .F. ) ;
#1024 = DIRECTION ( 'NONE',  ( -0.000000000000000000, 1.000000000000000000, -0.000000000000000000 ) ) ;
#1025 = ADVANCED_FACE ( 'NONE', ( #266 ), #1597, .T. ) ;
#1026 = CIRCLE ( 'NONE', #1417, 1.999999999999998224 ) ;
#1027 = VECTOR ( 'NONE', #2545, 999.9999999999998863 ) ;
#1028 = VECTOR ( 'NONE', #195, 1000.000000000000000 ) ;
#1029 = DIRECTION ( 'NONE',  ( -1.000000000000000000, 0.000000000000000000, 2.729094633489546323E-16 ) ) ;
#1030 = CARTESIAN_POINT ( 'NONE',  ( 35.45894683899490474, 0.000000000000000000, 46.99999999999999289 ) ) ;
#1031 = AXIS2_PLACEMENT_3D ( 'NONE', #751, #1701, #2659 ) ;
#1032 = CIRCLE ( 'NONE', #588, 1.000000000000000888 ) ;
#1033 =( NAMED_UNIT ( * ) SI_UNIT ( $, .STERADIAN. ) SOLID_ANGLE_UNIT ( ) );
#1034 = DIRECTION ( 'NONE',  ( 0.000000000000000000, -1.000000000000000000, 0.000000000000000000 ) ) ;
#1035 = DIRECTION ( 'NONE',  ( 0.000000000000000000, 0.000000000000000000, -1.000000000000000000 ) ) ;
#1036 = VECTOR ( 'NONE', #1420, 1000.000000000000000 ) ;
#1037 = LINE ( 'NONE', #2709, #633 ) ;
#1038 = CARTESIAN_POINT ( 'NONE',  ( 46.17562584220413413, 14.40000000000000036, 48.02146997001207041 ) ) ;
#1039 = ORIENTED_EDGE ( 'NONE', *, *, #960, .F. ) ;
#1040 = ORIENTED_EDGE ( 'NONE', *, *, #152, .T. ) ;
#1041 = EDGE_CURVE ( 'NONE', #1582, #1472, #1909, .T. ) ;
#1042 = VERTEX_POINT ( 'NONE', #564 ) ;
#1043 = FACE_OUTER_BOUND ( 'NONE', #3023, .T. ) ;
#1044 = CARTESIAN_POINT ( 'NONE',  ( 17.67766952966372429, 12.40000000000000036, -22.92766952966366745 ) ) ;
#1045 = CARTESIAN_POINT ( 'NONE',  ( 64.67562584220407018, 14.40000000000000036, 15.97853002998791894 ) ) ;
#1046 = EDGE_LOOP ( 'NONE', ( #838, #1957, #2720, #2566 ) ) ;
#1047 = DIRECTION ( 'NONE',  ( -0.4999999999999995559, 0.000000000000000000, 0.8660254037844389297 ) ) ;
#1048 = DIRECTION ( 'NONE',  ( 0.000000000000000000, 0.000000000000000000, -1.000000000000000000 ) ) ;
#1049 = DIRECTION ( 'NONE',  ( 1.000000000000000000, 0.000000000000000000, -1.224646799147353207E-16 ) ) ;
#1050 = ORIENTED_EDGE ( 'NONE', *, *, #1859, .F. ) ;
#1051 = EDGE_CURVE ( 'NONE', #2747, #2112, #1206, .T. ) ;
#1052 = ORIENTED_EDGE ( 'NONE', *, *, #519, .T. ) ;
#1053 = ORIENTED_EDGE ( 'NONE', *, *, #2900, .T. ) ;
#1054 = DIRECTION ( 'NONE',  ( 0.4330127018922199644, -0.4999999999999997780, 0.7499999999999996669 ) ) ;
#1055 = DIRECTION ( 'NONE',  ( 0.000000000000000000, 0.000000000000000000, -1.000000000000000000 ) ) ;
#1056 = CARTESIAN_POINT ( 'NONE',  ( -10.75000000000001599, -0.000000000000000000, -18.61954618136543260 ) ) ;
#1057 = UNCERTAINTY_MEASURE_WITH_UNIT (LENGTH_MEASURE( 1.000000000000000082E-05 ), #296, 'distance_accuracy_value', 'NONE');
#1058 = ORIENTED_EDGE ( 'NONE', *, *, #302, .T. ) ;
#1059 = ADVANCED_FACE ( 'NONE', ( #747 ), #1697, .T. ) ;
#1060 = CARTESIAN_POINT ( 'NONE',  ( -35.45894683899486921, 14.40000000000000036, 58.00000000000001421 ) ) ;
#1061 = DIRECTION ( 'NONE',  ( 0.5000000000000001110, 0.000000000000000000, 0.8660254037844385966 ) ) ;
#1062 = ADVANCED_FACE ( 'NONE', ( #3055 ), #661, .T. ) ;
#1063 = FACE_OUTER_BOUND ( 'NONE', #818, .T. ) ;
#1064 = CARTESIAN_POINT ( 'NONE',  ( 18.49999999999996803, 14.40000000000000036, -64.00000000000000000 ) ) ;
#1065 = VERTEX_POINT ( 'NONE', #1137 ) ;
#1066 = VERTEX_POINT ( 'NONE', #1593 ) ;
#1067 = CIRCLE ( 'NONE', #125, 6.000000000000005329 ) ;
#1068 = ORIENTED_EDGE ( 'NONE', *, *, #1334, .T. ) ;
#1069 = DIRECTION ( 'NONE',  ( -1.000000000000000000, 0.000000000000000000, 0.000000000000000000 ) ) ;
#1070 = FACE_OUTER_BOUND ( 'NONE', #2150, .T. ) ;
#1071 = CONICAL_SURFACE ( 'NONE', #1467, 2.000000000000011990, 1.047197551196598964 ) ;
#1072 = DIRECTION ( 'NONE',  ( 0.000000000000000000, 0.000000000000000000, 1.000000000000000000 ) ) ;
#1073 = CIRCLE ( 'NONE', #1469, 13.99999999999999112 ) ;
#1074 = EDGE_LOOP ( 'NONE', ( #1367, #968, #444, #793 ) ) ;
#1075 = DIRECTION ( 'NONE',  ( -0.5000000000000003331, 0.000000000000000000, -0.8660254037844385966 ) ) ;
#1076 = VECTOR ( 'NONE', #2143, 1000.000000000000000 ) ;
#1077 = DIRECTION ( 'NONE',  ( -0.000000000000000000, 1.000000000000000000, -0.000000000000000000 ) ) ;
#1078 = AXIS2_PLACEMENT_3D ( 'NONE', #3004, #847, #657 ) ;
#1079 = VECTOR ( 'NONE', #1029, 1000.000000000000000 ) ;
#1080 = LINE ( 'NONE', #2034, #1022 ) ;
#1081 = EDGE_CURVE ( 'NONE', #559, #942, #910, .T. ) ;
#1082 = CARTESIAN_POINT ( 'NONE',  ( 17.67766952966360350, 5.649999999999998579, 17.67766952966378469 ) ) ;
#1083 = VECTOR ( 'NONE', #50, 1000.000000000000000 ) ;
#1084 = ORIENTED_EDGE ( 'NONE', *, *, #620, .F. ) ;
#1085 = ORIENTED_EDGE ( 'NONE', *, *, #510, .F. ) ;
#1086 = DIRECTION ( 'NONE',  ( 0.000000000000000000, 0.000000000000000000, 1.000000000000000000 ) ) ;
#1087 = CARTESIAN_POINT ( 'NONE',  ( 68.87177826491073063, 12.09059892324150809, 20.71058083755675838 ) ) ;
#1088 = VERTEX_POINT ( 'NONE', #348 ) ;
#1089 = FACE_OUTER_BOUND ( 'NONE', #2987, .T. ) ;
#1090 = CARTESIAN_POINT ( 'NONE',  ( -16.50000000000001421, 14.40000000000000036, -64.00000000000000000 ) ) ;
#1091 = CYLINDRICAL_SURFACE ( 'NONE', #2064, 6.000000000000005329 ) ;
#1092 = CARTESIAN_POINT ( 'NONE',  ( 17.67766952966372429, 5.649999999999998579, -17.67766952966366745 ) ) ;
#1093 = EDGE_LOOP ( 'NONE', ( #1600, #962, #3040, #841 ) ) ;
#1094 = VERTEX_POINT ( 'NONE', #2459 ) ;
#1095 = ORIENTED_EDGE ( 'NONE', *, *, #2024, .T. ) ;
#1096 = EDGE_CURVE ( 'NONE', #1696, #699, #514, .T. ) ;
#1097 = FACE_OUTER_BOUND ( 'NONE', #1835, .T. ) ;
#1098 = VERTEX_POINT ( 'NONE', #1761 ) ;
#1099 = EDGE_CURVE ( 'NONE', #662, #1424, #2256, .T. ) ;
#1100 = ORIENTED_EDGE ( 'NONE', *, *, #1256, .T. ) ;
#1101 = DIRECTION ( 'NONE',  ( -0.4330127018922179105, 0.4999999999999986677, 0.7500000000000016653 ) ) ;
#1102 = CARTESIAN_POINT ( 'NONE',  ( 38.13843876330613369, 12.09059892324149388, 47.99999999999999289 ) ) ;
#1103 = CARTESIAN_POINT ( 'NONE',  ( -42.45894683899488342, 14.40000000000000036, 45.87564434701789651 ) ) ;
#1104 = ORIENTED_EDGE ( 'NONE', *, *, #1578, .T. ) ;
#1105 = ORIENTED_EDGE ( 'NONE', *, *, #2361, .T. ) ;
#1106 = EDGE_LOOP ( 'NONE', ( #69, #2019, #2063, #1811 ) ) ;
#1107 = AXIS2_PLACEMENT_3D ( 'NONE', #1496, #2464, #1017 ) ;
#1108 = DIRECTION ( 'NONE',  ( 0.000000000000000000, 0.000000000000000000, -1.000000000000000000 ) ) ;
#1109 = ADVANCED_FACE ( 'NONE', ( #3020 ), #880, .T. ) ;
#1110 = ORIENTED_EDGE ( 'NONE', *, *, #551, .F. ) ;
#1111 = ORIENTED_EDGE ( 'NONE', *, *, #2414, .F. ) ;
#1112 = TOROIDAL_SURFACE ( 'NONE', #330, 7.250000000000000000, 2.000000000000000000 ) ;
#1113 = DIRECTION ( 'NONE',  ( 0.000000000000000000, 0.000000000000000000, 1.000000000000000000 ) ) ;
#1114 = DIRECTION ( 'NONE',  ( 0.000000000000000000, 0.000000000000000000, 1.000000000000000000 ) ) ;
#1115 = AXIS2_PLACEMENT_3D ( 'NONE', #2161, #1713, #762 ) ;
#1116 = AXIS2_PLACEMENT_3D ( 'NONE', #470, #1160, #716 ) ;
#1117 = DIRECTION ( 'NONE',  ( 0.000000000000000000, -1.000000000000000000, 0.000000000000000000 ) ) ;
#1118 = DIRECTION ( 'NONE',  ( -0.000000000000000000, 1.000000000000000000, -0.000000000000000000 ) ) ;
#1119 = ORIENTED_EDGE ( 'NONE', *, *, #1418, .F. ) ;
#1120 = AXIS2_PLACEMENT_3D ( 'NONE', #1287, #1956, #341 ) ;
#1121 = CIRCLE ( 'NONE', #1570, 1.000000000000000888 ) ;
#1122 = DIRECTION ( 'NONE',  ( -0.5000000000000015543, 0.000000000000000000, 0.8660254037844377084 ) ) ;
#1123 = AXIS2_PLACEMENT_3D ( 'NONE', #2505, #2027, #2012 ) ;
#1124 = EDGE_CURVE ( 'NONE', #105, #2840, #265, .T. ) ;
#1125 = ORIENTED_EDGE ( 'NONE', *, *, #1710, .T. ) ;
#1126 = CIRCLE ( 'NONE', #2181, 0.9999999999999978906 ) ;
#1127 = CIRCLE ( 'NONE', #433, 0.5000000000000004441 ) ;
#1128 = ORIENTED_EDGE ( 'NONE', *, *, #2550, .T. ) ;
#1129 = EDGE_CURVE ( 'NONE', #2006, #3062, #2805, .T. ) ;
#1130 = CARTESIAN_POINT ( 'NONE',  ( -64.67562584220404176, 14.40000000000000036, 15.97853002998795446 ) ) ;
#1131 = VERTEX_POINT ( 'NONE', #2060 ) ;
#1132 = LINE ( 'NONE', #2574, #339 ) ;
#1133 = CARTESIAN_POINT ( 'NONE',  ( -17.67766952966372429, 5.149999999999998579, 21.42766952966366745 ) ) ;
#1134 = CARTESIAN_POINT ( 'NONE',  ( 66.67562584220408439, 12.09059892324148144, 12.51442841485012458 ) ) ;
#1135 = DIRECTION ( 'NONE',  ( 1.000000000000000000, 0.000000000000000000, -1.224646799147353207E-16 ) ) ;
#1136 = CARTESIAN_POINT ( 'NONE',  ( 67.95894683899490474, 0.000000000000000000, 1.708348754011518311 ) ) ;
#1137 = CARTESIAN_POINT ( 'NONE',  ( 17.67766952966372429, 0.000000000000000000, -20.92766952966366745 ) ) ;
#1138 = LINE ( 'NONE', #18, #1036 ) ;
#1139 = EDGE_CURVE ( 'NONE', #2653, #1066, #749, .T. ) ;
#1140 = ORIENTED_EDGE ( 'NONE', *, *, #2001, .T. ) ;
#1141 = VERTEX_POINT ( 'NONE', #1272 ) ;
#1142 = CARTESIAN_POINT ( 'NONE',  ( 17.67766952966360350, 0.000000000000000000, 14.42766952966378646 ) ) ;
#1143 = FACE_OUTER_BOUND ( 'NONE', #2009, .T. ) ;
#1144 = ORIENTED_EDGE ( 'NONE', *, *, #2302, .T. ) ;
#1145 = VERTEX_POINT ( 'NONE', #93 ) ;
#1146 = FACE_BOUND ( 'NONE', #3015, .T. ) ;
#1147 = DIRECTION ( 'NONE',  ( -0.000000000000000000, 1.000000000000000000, -0.000000000000000000 ) ) ;
#1148 = ADVANCED_FACE ( 'NONE', ( #2230 ), #2311, .F. ) ;
#1149 = DIRECTION ( 'NONE',  ( 0.000000000000000000, -1.000000000000000000, 0.000000000000000000 ) ) ;
#1150 = ORIENTED_EDGE ( 'NONE', *, *, #178, .F. ) ;
#1151 = CARTESIAN_POINT ( 'NONE',  ( -40.95894683899488342, 0.000000000000000000, 48.47372055837119831 ) ) ;
#1152 = ADVANCED_FACE ( 'NONE', ( #1043 ), #2957, .T. ) ;
#1153 = DIRECTION ( 'NONE',  ( -0.000000000000000000, 1.000000000000000000, -0.000000000000000000 ) ) ;
#1154 = EDGE_LOOP ( 'NONE', ( #103, #931, #1021, #201 ) ) ;
#1155 = ORIENTED_EDGE ( 'NONE', *, *, #1124, .F. ) ;
#1156 = FACE_OUTER_BOUND ( 'NONE', #2314, .T. ) ;
#1157 = DIRECTION ( 'NONE',  ( 0.000000000000000000, 0.000000000000000000, 1.000000000000000000 ) ) ;
#1158 = EDGE_LOOP ( 'NONE', ( #1380, #1040, #1242, #1452 ) ) ;
#1159 = VECTOR ( 'NONE', #2963, 1000.000000000000000 ) ;
#1160 = DIRECTION ( 'NONE',  ( 0.8660254037844385966, 0.000000000000000000, -0.5000000000000001110 ) ) ;
#1161 = CARTESIAN_POINT ( 'NONE',  ( -44.17562584220405597, 12.09059892324150809, 51.48557158514988430 ) ) ;
#1162 = EDGE_CURVE ( 'NONE', #2600, #1141, #1520, .T. ) ;
#1163 = AXIS2_PLACEMENT_3D ( 'NONE', #1495, #318, #52 ) ;
#1164 = EDGE_CURVE ( 'NONE', #2006, #614, #2790, .T. ) ;
#1165 = DIRECTION ( 'NONE',  ( 0.000000000000000000, 0.000000000000000000, -1.000000000000000000 ) ) ;
#1166 = ORIENTED_EDGE ( 'NONE', *, *, #269, .F. ) ;
#1167 = LINE ( 'NONE', #509, #1925 ) ;
#1168 = AXIS2_PLACEMENT_3D ( 'NONE', #2917, #1049, #790 ) ;
#1169 = DIRECTION ( 'NONE',  ( -0.8660254037844382635, 0.000000000000000000, 0.5000000000000004441 ) ) ;
#1170 = AXIS2_PLACEMENT_3D ( 'NONE', #2904, #1628, #2360 ) ;
#1171 = ORIENTED_EDGE ( 'NONE', *, *, #1012, .F. ) ;
#1172 = CONICAL_SURFACE ( 'NONE', #137, 2.000000000000008882, 1.047197551196598742 ) ;
#1173 = ORIENTED_EDGE ( 'NONE', *, *, #1012, .T. ) ;
#1174 = AXIS2_PLACEMENT_3D ( 'NONE', #3089, #2802, #1839 ) ;
#1175 = AXIS2_PLACEMENT_3D ( 'NONE', #2945, #316, #1262 ) ;
#1176 = AXIS2_PLACEMENT_3D ( 'NONE', #1915, #2324, #1619 ) ;
#1177 = TOROIDAL_SURFACE ( 'NONE', #874, 3.750000000000000444, 0.5000000000000000000 ) ;
#1178 = CARTESIAN_POINT ( 'NONE',  ( 67.95894683899490474, 14.40000000000000036, 1.708348754011518311 ) ) ;
#1179 = CARTESIAN_POINT ( 'NONE',  ( 17.67766952966360350, 5.649999999999998579, 22.92766952966378469 ) ) ;
#1180 = VERTEX_POINT ( 'NONE', #2474 ) ;
#1181 = EDGE_CURVE ( 'NONE', #1131, #1993, #177, .T. ) ;
#1182 = DIRECTION ( 'NONE',  ( 0.000000000000000000, -1.000000000000000000, 0.000000000000000000 ) ) ;
#1183 = CARTESIAN_POINT ( 'NONE',  ( -22.50000000000002842, 14.40000000000000036, -57.02885682970026693 ) ) ;
#1184 = EDGE_CURVE ( 'NONE', #614, #391, #1197, .T. ) ;
#1185 = CARTESIAN_POINT ( 'NONE',  ( 23.83974596215561803, 12.09059892324150809, -54.70834875401148167 ) ) ;
#1186 = DIRECTION ( 'NONE',  ( 0.4999999999999982792, 0.000000000000000000, -0.8660254037844397068 ) ) ;
#1187 = EDGE_CURVE ( 'NONE', #2112, #2602, #2954, .T. ) ;
#1188 = DIRECTION ( 'NONE',  ( -0.7499999999999994449, -0.4999999999999998890, 0.4330127018922203530 ) ) ;
#1189 = DIRECTION ( 'NONE',  ( -0.000000000000000000, 0.000000000000000000, 1.000000000000000000 ) ) ;
#1190 = FACE_OUTER_BOUND ( 'NONE', #1019, .T. ) ;
#1191 = VERTEX_POINT ( 'NONE', #495 ) ;
#1192 = VERTEX_POINT ( 'NONE', #1151 ) ;
#1193 = EDGE_CURVE ( 'NONE', #596, #1098, #1997, .T. ) ;
#1194 = AXIS2_PLACEMENT_3D ( 'NONE', #2491, #1302, #649 ) ;
#1195 = DIRECTION ( 'NONE',  ( 0.000000000000000000, 0.000000000000000000, -1.000000000000000000 ) ) ;
#1196 = CARTESIAN_POINT ( 'NONE',  ( 20.37564434701787164, 14.40000000000000036, -52.70834875401148878 ) ) ;
#1197 = CIRCLE ( 'NONE', #1194, 0.9999999999999978906 ) ;
#1198 = EDGE_CURVE ( 'NONE', #163, #2059, #1456, .T. ) ;
#1199 = ORIENTED_EDGE ( 'NONE', *, *, #1330, .F. ) ;
#1200 = CARTESIAN_POINT ( 'NONE',  ( -17.67766952966372429, 0.000000000000000000, 17.67766952966366745 ) ) ;
#1201 = FACE_OUTER_BOUND ( 'NONE', #2843, .T. ) ;
#1202 = CARTESIAN_POINT ( 'NONE',  ( 17.67766952966360350, 5.649999999999998579, 21.42766952966378469 ) ) ;
#1203 = LINE ( 'NONE', #2149, #1812 ) ;
#1204 = EDGE_LOOP ( 'NONE', ( #2000, #1885 ) ) ;
#1205 = FILL_AREA_STYLE_COLOUR ( '', #730 ) ;
#1206 = CIRCLE ( 'NONE', #1303, 5.000000000000000888 ) ;
#1207 = CARTESIAN_POINT ( 'NONE',  ( 17.67766952966360350, 5.649999999999998579, 17.67766952966378469 ) ) ;
#1208 = ADVANCED_FACE ( 'NONE', ( #2614 ), #246, .F. ) ;
#1209 = ORIENTED_EDGE ( 'NONE', *, *, #23, .T. ) ;
#1210 = VERTEX_POINT ( 'NONE', #696 ) ;
#1211 = ORIENTED_EDGE ( 'NONE', *, *, #692, .F. ) ;
#1212 = DIRECTION ( 'NONE',  ( 0.000000000000000000, -1.000000000000000000, 0.000000000000000000 ) ) ;
#1213 = PLANE ( 'NONE',  #2940 ) ;
#1214 = VERTEX_POINT ( 'NONE', #2582 ) ;
#1215 = CARTESIAN_POINT ( 'NONE',  ( 44.17562584220409860, 12.09059892324150809, 51.48557158514987009 ) ) ;
#1216 = EDGE_CURVE ( 'NONE', #559, #1692, #2259, .T. ) ;
#1217 = DIRECTION ( 'NONE',  ( 0.000000000000000000, 0.000000000000000000, -1.000000000000000000 ) ) ;
#1218 = VECTOR ( 'NONE', #1765, 1000.000000000000114 ) ;
#1219 = APPLICATION_PROTOCOL_DEFINITION ( 'draft international standard', 'automotive_design', 1998, #315 ) ;
#1220 = LINE ( 'NONE', #1987, #2622 ) ;
#1221 = DIRECTION ( 'NONE',  ( -0.4330127018922174664, 0.8660254037844400399, -0.2499999999999986122 ) ) ;
#1222 = DIRECTION ( 'NONE',  ( 0.000000000000000000, 0.000000000000000000, -1.000000000000000000 ) ) ;
#1223 = DIRECTION ( 'NONE',  ( -0.000000000000000000, 1.000000000000000000, -0.000000000000000000 ) ) ;
#1224 = VERTEX_POINT ( 'NONE', #721 ) ;
#1225 = CIRCLE ( 'NONE', #2978, 0.9999999999999978906 ) ;
#1226 = VERTEX_POINT ( 'NONE', #948 ) ;
#1227 = CIRCLE ( 'NONE', #581, 2.000000000000001776 ) ;
#1228 = VERTEX_POINT ( 'NONE', #462 ) ;
#1229 = EDGE_CURVE ( 'NONE', #1226, #2731, #477, .T. ) ;
#1230 = DIRECTION ( 'NONE',  ( 0.000000000000000000, -1.000000000000000000, 0.000000000000000000 ) ) ;
#1231 = CIRCLE ( 'NONE', #1817, 3.249999999999999556 ) ;
#1232 = PRESENTATION_LAYER_ASSIGNMENT (  '', '', ( #1976 ) ) ;
#1233 = DIRECTION ( 'NONE',  ( 0.000000000000000000, 0.000000000000000000, 1.000000000000000000 ) ) ;
#1234 = EDGE_CURVE ( 'NONE', #606, #662, #1276, .T. ) ;
#1235 = CARTESIAN_POINT ( 'NONE',  ( -16.50000000000001421, 14.40000000000000036, -70.00000000000000000 ) ) ;
#1236 = FACE_OUTER_BOUND ( 'NONE', #2740, .T. ) ;
#1237 = FACE_OUTER_BOUND ( 'NONE', #2363, .T. ) ;
#1238 = DIRECTION ( 'NONE',  ( 0.8660254037844403729, 0.4999999999999970579, 3.004629197474298341E-15 ) ) ;
#1239 = DIRECTION ( 'NONE',  ( -1.000000000000000000, 0.000000000000000000, 0.000000000000000000 ) ) ;
#1240 = CARTESIAN_POINT ( 'NONE',  ( 18.50000000000001421, 14.40000000000000036, -59.70834875401148878 ) ) ;
#1241 = DIRECTION ( 'NONE',  ( 0.8660254037844397068, 0.000000000000000000, 0.4999999999999982792 ) ) ;
#1242 = ORIENTED_EDGE ( 'NONE', *, *, #1655, .T. ) ;
#1243 = ORIENTED_EDGE ( 'NONE', *, *, #1753, .F. ) ;
#1244 = ADVANCED_FACE ( 'NONE', ( #225 ), #259, .F. ) ;
#1245 = EDGE_LOOP ( 'NONE', ( #2823, #1932 ) ) ;
#1246 = DIRECTION ( 'NONE',  ( 0.000000000000000000, 1.000000000000000000, 0.000000000000000000 ) ) ;
#1247 = DIRECTION ( 'NONE',  ( 0.000000000000000000, 0.000000000000000000, -1.000000000000000000 ) ) ;
#1248 = DIRECTION ( 'NONE',  ( 0.000000000000000000, 0.000000000000000000, 1.000000000000000000 ) ) ;
#1249 = CARTESIAN_POINT ( 'NONE',  ( 17.67766952966372429, 14.40000000000000036, -17.67766952966366745 ) ) ;
#1250 = DIRECTION ( 'NONE',  ( 1.000000000000000000, -0.000000000000000000, -2.729094633489546323E-16 ) ) ;
#1251 = CARTESIAN_POINT ( 'NONE',  ( -48.90767664977294515, 14.40000000000000036, 47.28941916244325938 ) ) ;
#1252 = DIRECTION ( 'NONE',  ( -0.4999999999999997780, 0.000000000000000000, 0.8660254037844387076 ) ) ;
#1253 = AXIS2_PLACEMENT_3D ( 'NONE', #2244, #1828, #1996 ) ;
#1254 = DIRECTION ( 'NONE',  ( 0.000000000000000000, -1.000000000000000000, 0.000000000000000000 ) ) ;
#1255 = ORIENTED_EDGE ( 'NONE', *, *, #1985, .T. ) ;
#1256 = EDGE_CURVE ( 'NONE', #1501, #1709, #3083, .T. ) ;
#1257 = ORIENTED_EDGE ( 'NONE', *, *, #2445, .T. ) ;
#1258 = ORIENTED_EDGE ( 'NONE', *, *, #535, .F. ) ;
#1259 = ORIENTED_EDGE ( 'NONE', *, *, #2584, .T. ) ;
#1260 = CARTESIAN_POINT ( 'NONE',  ( -71.87177826491070221, 14.40000000000000036, 15.51442841485016544 ) ) ;
#1261 = DIRECTION ( 'NONE',  ( 0.5000000000000000000, 0.000000000000000000, -0.8660254037844385966 ) ) ;
#1262 = DIRECTION ( 'NONE',  ( -1.000000000000000000, 0.000000000000000000, -2.139794099195615948E-15 ) ) ;
#1263 = CARTESIAN_POINT ( 'NONE',  ( -47.17562584220406308, 0.000000000000000000, 46.28941916244325938 ) ) ;
#1264 = FACE_OUTER_BOUND ( 'NONE', #2725, .T. ) ;
#1265 = CARTESIAN_POINT ( 'NONE',  ( -59.29869280115050145, 14.40000000000000036, 6.708348754011517201 ) ) ;
#1266 = CIRCLE ( 'NONE', #2923, 0.9999999999999978906 ) ;
#1267 = DIRECTION ( 'NONE',  ( -1.000000000000000000, 0.000000000000000000, 0.000000000000000000 ) ) ;
#1268 = ORIENTED_EDGE ( 'NONE', *, *, #2261, .T. ) ;
#1269 = ORIENTED_EDGE ( 'NONE', *, *, #2538, .F. ) ;
#1270 = VECTOR ( 'NONE', #875, 1000.000000000000114 ) ;
#1271 = EDGE_LOOP ( 'NONE', ( #7, #1790, #745, #1050 ) ) ;
#1272 = CARTESIAN_POINT ( 'NONE',  ( -40.45894683899488342, 12.09059892324150809, 49.33974596215563935 ) ) ;
#1273 = CIRCLE ( 'NONE', #1674, 3.249999999999999556 ) ;
#1274 = AXIS2_PLACEMENT_3D ( 'NONE', #1651, #1668, #2146 ) ;
#1275 = AXIS2_PLACEMENT_3D ( 'NONE', #68, #2683, #2467 ) ;
#1276 = CIRCLE ( 'NONE', #1369, 6.000000000000005329 ) ;
#1277 = FACE_OUTER_BOUND ( 'NONE', #2020, .T. ) ;
#1278 = DIRECTION ( 'NONE',  ( 0.000000000000000000, -1.000000000000000000, 0.000000000000000000 ) ) ;
#1279 = CIRCLE ( 'NONE', #2073, 5.250000000000000888 ) ;
#1280 = TOROIDAL_SURFACE ( 'NONE', #733, 7.250000000000000000, 2.000000000000000000 ) ;
#1281 = EDGE_CURVE ( 'NONE', #258, #2685, #1167, .T. ) ;
#1282 = FACE_OUTER_BOUND ( 'NONE', #1341, .T. ) ;
#1283 = CARTESIAN_POINT ( 'NONE',  ( 17.67766952966372429, 5.149999999999998579, -13.92766952966366745 ) ) ;
#1284 = TOROIDAL_SURFACE ( 'NONE', #2625, 3.750000000000000444, 0.5000000000000000000 ) ;
#1285 = CARTESIAN_POINT ( 'NONE',  ( 17.67766952966360350, 14.40000000000000036, 24.92766952966378469 ) ) ;
#1286 = ADVANCED_FACE ( 'NONE', ( #450 ), #34, .T. ) ;
#1287 = CARTESIAN_POINT ( 'NONE',  ( 17.67766952966372429, 5.149999999999998579, -21.42766952966366745 ) ) ;
#1288 = ORIENTED_EDGE ( 'NONE', *, *, #1771, .F. ) ;
#1289 = ORIENTED_EDGE ( 'NONE', *, *, #996, .T. ) ;
#1290 = ORIENTED_EDGE ( 'NONE', *, *, #2361, .F. ) ;
#1291 = CARTESIAN_POINT ( 'NONE',  ( -16.50000000000001421, 12.09059892324150809, -70.00000000000000000 ) ) ;
#1292 = DIRECTION ( 'NONE',  ( 0.000000000000000000, 0.000000000000000000, 1.000000000000000000 ) ) ;
#1293 = DIRECTION ( 'NONE',  ( 0.000000000000000000, 0.000000000000000000, 1.000000000000000000 ) ) ;
#1294 = EDGE_CURVE ( 'NONE', #2049, #1065, #1524, .T. ) ;
#1295 = ORIENTED_EDGE ( 'NONE', *, *, #1627, .F. ) ;
#1296 = CARTESIAN_POINT ( 'NONE',  ( 22.50000000000000000, 12.09059892324149388, -70.00000000000000000 ) ) ;
#1297 = CARTESIAN_POINT ( 'NONE',  ( 17.67766952966360350, 5.649999999999998579, 12.42766952966378469 ) ) ;
#1298 = VERTEX_POINT ( 'NONE', #2853 ) ;
#1299 = ORIENTED_EDGE ( 'NONE', *, *, #2242, .T. ) ;
#1300 = EDGE_CURVE ( 'NONE', #2468, #2755, #1416, .T. ) ;
#1301 = ORIENTED_EDGE ( 'NONE', *, *, #704, .F. ) ;
#1302 = DIRECTION ( 'NONE',  ( -0.8660254037844378194, -0.000000000000000000, -0.5000000000000016653 ) ) ;
#1303 = AXIS2_PLACEMENT_3D ( 'NONE', #2183, #1212, #533 ) ;
#1304 = EDGE_CURVE ( 'NONE', #2602, #822, #2122, .T. ) ;
#1305 = DIRECTION ( 'NONE',  ( 0.000000000000000000, 1.000000000000000000, 0.000000000000000000 ) ) ;
#1306 = CARTESIAN_POINT ( 'NONE',  ( -17.67766952966372429, 0.000000000000000000, 17.67766952966366745 ) ) ;
#1307 = ORIENTED_EDGE ( 'NONE', *, *, #851, .T. ) ;
#1308 = CARTESIAN_POINT ( 'NONE',  ( -59.75575286112626827, 1.000000000000000000, 34.50000000000002132 ) ) ;
#1309 = DIRECTION ( 'NONE',  ( 0.000000000000000000, -1.000000000000000000, 0.000000000000000000 ) ) ;
#1310 = CARTESIAN_POINT ( 'NONE',  ( 66.67562584220408439, 14.40000000000000036, 12.51442841485012458 ) ) ;
#1311 = ORIENTED_EDGE ( 'NONE', *, *, #1139, .T. ) ;
#1312 = CLOSED_SHELL ( 'NONE', ( #2488, #2154, #1379, #607, #1842, #2956, #3103, #2727, #2169, #1813, #2775, #476, #1699, #969, #542, #2798, #3056, #383, #1748, #2706, #2718, #409, #1535, #2854, #1603, #2889, #905, #2322, #94, #2110, #2593, #2553, #2874, #1394, #2606, #1662, #923, #2232, #2504, #2680, #421, #1614, #1208, #1542, #179, #1148, #1244, #888, #1059, #802, #1786, #677, #2922, #1588, #2404, #1507, #2484, #2796, #123, #2577, #2964, #2392, #2209, #1286, #756, #1109, #3063, #1441, #963, #219, #443, #1506, #3001, #1062, #2899, #741, #2695, #1706, #275, #2825, #1845, #2300, #360, #789, #1728, #1599, #1025, #1152, #528, #349, #663, #1848, #263, #2768, #2970, #3045, #260, #1483, #2822, #2627, #2319, #799, #2290, #1832, #1659, #2280, #1930, #2129, #2265, #646 ) ) ;
#1313 = EDGE_LOOP ( 'NONE', ( #353, #2347, #2546, #1258 ) ) ;
#1314 = CIRCLE ( 'NONE', #1722, 3.750000000000000000 ) ;
#1315 = DIRECTION ( 'NONE',  ( 0.000000000000000000, 0.000000000000000000, -1.000000000000000000 ) ) ;
#1316 = AXIS2_PLACEMENT_3D ( 'NONE', #2865, #2395, #1399 ) ;
#1317 = CIRCLE ( 'NONE', #3081, 2.000000000000001776 ) ;
#1318 = ORIENTED_EDGE ( 'NONE', *, *, #2480, .T. ) ;
#1319 = FACE_OUTER_BOUND ( 'NONE', #164, .T. ) ;
#1320 = DIRECTION ( 'NONE',  ( -4.163336342344337027E-15, 0.000000000000000000, -1.000000000000000000 ) ) ;
#1321 = TOROIDAL_SURFACE ( 'NONE', #390, 7.250000000000000000, 2.000000000000000000 ) ;
#1322 = AXIS2_PLACEMENT_3D ( 'NONE', #2238, #100, #1008 ) ;
#1323 = CIRCLE ( 'NONE', #3085, 3.750000000000000000 ) ;
#1324 = DIRECTION ( 'NONE',  ( -0.4999999999999995559, 0.000000000000000000, 0.8660254037844389297 ) ) ;
#1325 = PLANE ( 'NONE',  #2023 ) ;
#1326 = CIRCLE ( 'NONE', #239, 5.250000000000000888 ) ;
#1327 = ORIENTED_EDGE ( 'NONE', *, *, #2152, .F. ) ;
#1328 = ORIENTED_EDGE ( 'NONE', *, *, #1551, .T. ) ;
#1329 = ORIENTED_EDGE ( 'NONE', *, *, #1129, .F. ) ;
#1330 = EDGE_CURVE ( 'NONE', #2624, #2203, #387, .T. ) ;
#1331 = MANIFOLD_SOLID_BREP ( 'Fillet5', #1312 ) ;
#1332 = CARTESIAN_POINT ( 'NONE',  ( 17.67766952966372429, 5.649999999999998579, -17.67766952966366745 ) ) ;
#1333 = LINE ( 'NONE', #1344, #28 ) ;
#1334 = EDGE_CURVE ( 'NONE', #1594, #942, #438, .T. ) ;
#1335 = ORIENTED_EDGE ( 'NONE', *, *, #1099, .F. ) ;
#1336 = DIRECTION ( 'NONE',  ( 0.000000000000000000, 0.000000000000000000, -1.000000000000000000 ) ) ;
#1337 = DIRECTION ( 'NONE',  ( 0.000000000000000000, -1.000000000000000000, 0.000000000000000000 ) ) ;
#1338 = CARTESIAN_POINT ( 'NONE',  ( -60.63843876330611238, 14.40000000000000036, 9.028856829700293574 ) ) ;
#1339 = LINE ( 'NONE', #1825, #83 ) ;
#1340 = VERTEX_POINT ( 'NONE', #1497 ) ;
#1341 = EDGE_LOOP ( 'NONE', ( #2388, #852, #2845, #298 ) ) ;
#1342 = ORIENTED_EDGE ( 'NONE', *, *, #464, .F. ) ;
#1343 = DIRECTION ( 'NONE',  ( -0.000000000000000000, 1.000000000000000000, -0.000000000000000000 ) ) ;
#1344 = CARTESIAN_POINT ( 'NONE',  ( 48.90767664977299489, 14.40000000000000036, 47.28941916244323806 ) ) ;
#1345 = ORIENTED_EDGE ( 'NONE', *, *, #1888, .T. ) ;
#1346 = DIRECTION ( 'NONE',  ( 0.000000000000000000, 1.000000000000000000, 0.000000000000000000 ) ) ;
#1347 = FACE_OUTER_BOUND ( 'NONE', #2042, .T. ) ;
#1348 = DIRECTION ( 'NONE',  ( -0.000000000000000000, 1.000000000000000000, -0.000000000000000000 ) ) ;
#1349 = ORIENTED_EDGE ( 'NONE', *, *, #85, .F. ) ;
#1350 = DIRECTION ( 'NONE',  ( 0.000000000000000000, 0.000000000000000000, -1.000000000000000000 ) ) ;
#1351 = EDGE_CURVE ( 'NONE', #1538, #1831, #1511, .T. ) ;
#1352 = ORIENTED_EDGE ( 'NONE', *, *, #650, .T. ) ;
#1353 = ORIENTED_EDGE ( 'NONE', *, *, #935, .F. ) ;
#1354 = VECTOR ( 'NONE', #2002, 1000.000000000000000 ) ;
#1355 = CARTESIAN_POINT ( 'NONE',  ( -18.50000000000002487, 14.40000000000000036, -64.00000000000000000 ) ) ;
#1356 = CARTESIAN_POINT ( 'NONE',  ( 35.45894683899490474, 12.09059892324150809, 57.99999999999999289 ) ) ;
#1357 = VERTEX_POINT ( 'NONE', #1240 ) ;
#1358 = AXIS2_PLACEMENT_3D ( 'NONE', #428, #473, #2838 ) ;
#1359 = DIRECTION ( 'NONE',  ( 0.000000000000000000, 0.000000000000000000, -1.000000000000000000 ) ) ;
#1360 = DIRECTION ( 'NONE',  ( -0.000000000000000000, 0.000000000000000000, 1.000000000000000000 ) ) ;
#1361 = CIRCLE ( 'NONE', #2516, 2.000000000000011990 ) ;
#1362 = AXIS2_PLACEMENT_3D ( 'NONE', #2131, #1617, #455 ) ;
#1363 = AXIS2_PLACEMENT_3D ( 'NONE', #14, #271, #317 ) ;
#1364 = EDGE_CURVE ( 'NONE', #2071, #1800, #2003, .T. ) ;
#1365 = AXIS2_PLACEMENT_3D ( 'NONE', #1001, #2434, #517 ) ;
#1366 = DIRECTION ( 'NONE',  ( -0.000000000000000000, 1.000000000000000000, 0.000000000000000000 ) ) ;
#1367 = ORIENTED_EDGE ( 'NONE', *, *, #1655, .F. ) ;
#1368 = AXIS2_PLACEMENT_3D ( 'NONE', #479, #1373, #2615 ) ;
#1369 = AXIS2_PLACEMENT_3D ( 'NONE', #1434, #17, #1402 ) ;
#1370 = DIRECTION ( 'NONE',  ( 0.000000000000000000, 0.000000000000000000, -1.000000000000000000 ) ) ;
#1371 = AXIS2_PLACEMENT_3D ( 'NONE', #734, #763, #1261 ) ;
#1372 = AXIS2_PLACEMENT_3D ( 'NONE', #1547, #147, #2263 ) ;
#1373 = DIRECTION ( 'NONE',  ( 0.4330127018922177995, 0.8660254037844398178, 0.2499999999999989730 ) ) ;
#1374 = ORIENTED_EDGE ( 'NONE', *, *, #1096, .F. ) ;
#1375 = CIRCLE ( 'NONE', #2328, 0.9999999999999987788 ) ;
#1376 = VERTEX_POINT ( 'NONE', #2249 ) ;
#1377 = CARTESIAN_POINT ( 'NONE',  ( 35.45894683899490474, 1.000000000000000888, 57.99999999999999289 ) ) ;
#1378 = DIRECTION ( 'NONE',  ( -0.000000000000000000, 1.000000000000000000, -0.000000000000000000 ) ) ;
#1379 = ADVANCED_FACE ( 'NONE', ( #2663 ), #984, .T. ) ;
#1380 = ORIENTED_EDGE ( 'NONE', *, *, #1041, .T. ) ;
#1381 = ORIENTED_EDGE ( 'NONE', *, *, #3051, .F. ) ;
#1382 = DIRECTION ( 'NONE',  ( 0.4330127018922210191, -0.4999999999999989453, 0.7499999999999998890 ) ) ;
#1383 = EDGE_CURVE ( 'NONE', #1098, #1831, #1121, .T. ) ;
#1384 = DIRECTION ( 'NONE',  ( -1.000000000000000000, 0.000000000000000000, 2.729094633489546323E-16 ) ) ;
#1385 = DIRECTION ( 'NONE',  ( -0.000000000000000000, 1.000000000000000000, -0.000000000000000000 ) ) ;
#1386 = DIRECTION ( 'NONE',  ( 0.000000000000000000, 0.000000000000000000, -1.000000000000000000 ) ) ;
#1387 = DIRECTION ( 'NONE',  ( -0.000000000000000000, 1.000000000000000000, -0.000000000000000000 ) ) ;
#1388 = FACE_OUTER_BOUND ( 'NONE', #2401, .T. ) ;
#1389 = ORIENTED_EDGE ( 'NONE', *, *, #2454, .T. ) ;
#1390 = ORIENTED_EDGE ( 'NONE', *, *, #1675, .T. ) ;
#1391 = EDGE_CURVE ( 'NONE', #44, #899, #1037, .T. ) ;
#1392 = CARTESIAN_POINT ( 'NONE',  ( 0.000000000000000000, 1.000000000000000000, -69.00000000000000000 ) ) ;
#1393 = CARTESIAN_POINT ( 'NONE',  ( 38.13843876330613369, 14.40000000000000036, 47.99999999999999289 ) ) ;
#1394 = ADVANCED_FACE ( 'NONE', ( #804, #584, #1463, #2483, #1766 ), #2916, .T. ) ;
#1395 = ORIENTED_EDGE ( 'NONE', *, *, #2492, .F. ) ;
#1396 = ORIENTED_EDGE ( 'NONE', *, *, #250, .T. ) ;
#1397 = FACE_OUTER_BOUND ( 'NONE', #1486, .T. ) ;
#1398 = DIRECTION ( 'NONE',  ( 2.729094633489538434E-16, 0.000000000000000000, 1.000000000000000000 ) ) ;
#1399 = DIRECTION ( 'NONE',  ( 0.000000000000000000, 0.000000000000000000, 1.000000000000000000 ) ) ;
#1400 = CARTESIAN_POINT ( 'NONE',  ( 35.45894683899490474, 14.40000000000000036, 43.99999999999997158 ) ) ;
#1401 = DIRECTION ( 'NONE',  ( 0.000000000000000000, 0.4999999999999973355, 0.8660254037844402619 ) ) ;
#1402 = DIRECTION ( 'NONE',  ( 0.000000000000000000, 0.000000000000000000, -1.000000000000000000 ) ) ;
#1403 = DIRECTION ( 'NONE',  ( -0.000000000000000000, 1.000000000000000000, -0.000000000000000000 ) ) ;
#1404 = ORIENTED_EDGE ( 'NONE', *, *, #1647, .F. ) ;
#1405 = ORIENTED_EDGE ( 'NONE', *, *, #3010, .T. ) ;
#1406 = DIRECTION ( 'NONE',  ( 0.8660254037844378194, -2.539811442995006553E-15, -0.5000000000000016653 ) ) ;
#1407 = DIRECTION ( 'NONE',  ( 0.8660254037844378194, 3.469446951953621683E-15, -0.5000000000000015543 ) ) ;
#1408 = AXIS2_PLACEMENT_3D ( 'NONE', #994, #2662, #2677 ) ;
#1409 = ORIENTED_EDGE ( 'NONE', *, *, #613, .T. ) ;
#1410 = CARTESIAN_POINT ( 'NONE',  ( 35.45894683899490474, 14.40000000000000036, 57.99999999999999289 ) ) ;
#1411 = CARTESIAN_POINT ( 'NONE',  ( -23.83974596215563579, 1.000000000000000888, -54.70834875401149588 ) ) ;
#1412 = TOROIDAL_SURFACE ( 'NONE', #928, 11.00000000000000000, 1.000000000000000000 ) ;
#1413 = DIRECTION ( 'NONE',  ( 0.000000000000000000, 0.000000000000000000, -1.000000000000000000 ) ) ;
#1414 = CYLINDRICAL_SURFACE ( 'NONE', #2274, 3.249999999999999556 ) ;
#1415 = ORIENTED_EDGE ( 'NONE', *, *, #2962, .F. ) ;
#1416 = LINE ( 'NONE', #709, #2226 ) ;
#1417 = AXIS2_PLACEMENT_3D ( 'NONE', #2289, #2739, #1072 ) ;
#1418 = EDGE_CURVE ( 'NONE', #1840, #1582, #768, .T. ) ;
#1419 = VECTOR ( 'NONE', #1118, 1000.000000000000000 ) ;
#1420 = DIRECTION ( 'NONE',  ( -0.7500000000000000000, -0.4999999999999990563, 0.4330127018922204085 ) ) ;
#1421 = AXIS2_PLACEMENT_3D ( 'NONE', #2800, #1574, #1558 ) ;
#1422 = ORIENTED_EDGE ( 'NONE', *, *, #851, .F. ) ;
#1423 = EDGE_CURVE ( 'NONE', #2871, #2071, #879, .T. ) ;
#1424 = VERTEX_POINT ( 'NONE', #307 ) ;
#1425 = AXIS2_PLACEMENT_3D ( 'NONE', #641, #2040, #1543 ) ;
#1426 = VECTOR ( 'NONE', #1792, 1000.000000000000227 ) ;
#1427 = DIRECTION ( 'NONE',  ( 0.000000000000000000, 1.000000000000000000, 0.000000000000000000 ) ) ;
#1428 = ORIENTED_EDGE ( 'NONE', *, *, #2785, .F. ) ;
#1429 = CYLINDRICAL_SURFACE ( 'NONE', #2069, 3.249999999999999556 ) ;
#1430 = CARTESIAN_POINT ( 'NONE',  ( -17.67766952966372429, 0.000000000000000000, 20.92766952966366745 ) ) ;
#1431 = DIRECTION ( 'NONE',  ( -0.000000000000000000, 1.000000000000000000, -0.000000000000000000 ) ) ;
#1432 = DIRECTION ( 'NONE',  ( 0.000000000000000000, -1.000000000000000000, 0.000000000000000000 ) ) ;
#1433 = CARTESIAN_POINT ( 'NONE',  ( -58.43266739736606752, 0.000000000000000000, 7.208348754011517201 ) ) ;
#1434 = CARTESIAN_POINT ( 'NONE',  ( -16.50000000000001421, 12.09059892324150809, -64.00000000000000000 ) ) ;
#1435 = FACE_OUTER_BOUND ( 'NONE', #184, .T. ) ;
#1436 = ORIENTED_EDGE ( 'NONE', *, *, #2302, .F. ) ;
#1437 = ORIENTED_EDGE ( 'NONE', *, *, #2743, .T. ) ;
#1438 = AXIS2_PLACEMENT_3D ( 'NONE', #1657, #1643, #2104 ) ;
#1439 = LINE ( 'NONE', #2895, #340 ) ;
#1440 = CARTESIAN_POINT ( 'NONE',  ( 22.50000000000000000, 1.000000000000000000, -59.70834875401148878 ) ) ;
#1441 = ADVANCED_FACE ( 'NONE', ( #2191 ), #2884, .T. ) ;
#1442 = EDGE_LOOP ( 'NONE', ( #2047, #2337, #998, #1150 ) ) ;
#1443 = CARTESIAN_POINT ( 'NONE',  ( 17.67766952966360350, 5.649999999999998579, 22.92766952966378469 ) ) ;
#1444 = CARTESIAN_POINT ( 'NONE',  ( -62.45894683899489053, 0.000000000000000000, 11.23462819564034376 ) ) ;
#1445 = CARTESIAN_POINT ( 'NONE',  ( 0.000000000000000000, 0.000000000000000000, 0.000000000000000000 ) ) ;
#1446 = DIRECTION ( 'NONE',  ( -0.000000000000000000, 1.000000000000000000, -0.000000000000000000 ) ) ;
#1447 = VERTEX_POINT ( 'NONE', #1285 ) ;
#1448 = DIRECTION ( 'NONE',  ( -0.000000000000000000, 1.000000000000000000, 0.000000000000000000 ) ) ;
#1449 = AXIS2_PLACEMENT_3D ( 'NONE', #1473, #1608, #2818 ) ;
#1450 = CARTESIAN_POINT ( 'NONE',  ( -17.67766952966372429, 5.649999999999998579, 22.92766952966366745 ) ) ;
#1451 = VERTEX_POINT ( 'NONE', #355 ) ;
#1452 = ORIENTED_EDGE ( 'NONE', *, *, #1418, .T. ) ;
#1453 = ORIENTED_EDGE ( 'NONE', *, *, #794, .F. ) ;
#1454 = CARTESIAN_POINT ( 'NONE',  ( 17.67766952966372429, 5.649999999999998579, -22.92766952966366745 ) ) ;
#1455 = LINE ( 'NONE', #1002, #1826 ) ;
#1456 = CIRCLE ( 'NONE', #1609, 6.000000000000000000 ) ;
#1457 = DIRECTION ( 'NONE',  ( 0.000000000000000000, 0.000000000000000000, -1.000000000000000000 ) ) ;
#1458 = CARTESIAN_POINT ( 'NONE',  ( -17.67766952966348271, 0.000000000000000000, -14.42766952966390726 ) ) ;
#1459 = AXIS2_PLACEMENT_3D ( 'NONE', #2423, #545, #1484 ) ;
#1460 = FACE_OUTER_BOUND ( 'NONE', #2537, .T. ) ;
#1461 = CARTESIAN_POINT ( 'NONE',  ( 17.67766952966372429, 5.649999999999998579, -12.42766952966366567 ) ) ;
#1462 = CYLINDRICAL_SURFACE ( 'NONE', #1459, 10.00000000000000000 ) ;
#1463 = FACE_BOUND ( 'NONE', #2803, .T. ) ;
#1464 = EDGE_CURVE ( 'NONE', #2887, #1226, #586, .T. ) ;
#1465 = DIRECTION ( 'NONE',  ( -2.139794099195617525E-15, 0.000000000000000000, 1.000000000000000000 ) ) ;
#1466 = ORIENTED_EDGE ( 'NONE', *, *, #640, .T. ) ;
#1467 = AXIS2_PLACEMENT_3D ( 'NONE', #2676, #2215, #972 ) ;
#1468 = ORIENTED_EDGE ( 'NONE', *, *, #293, .T. ) ;
#1469 = AXIS2_PLACEMENT_3D ( 'NONE', #384, #2250, #605 ) ;
#1470 = ORIENTED_EDGE ( 'NONE', *, *, #250, .F. ) ;
#1471 = EDGE_CURVE ( 'NONE', #253, #3082, #2321, .T. ) ;
#1472 = VERTEX_POINT ( 'NONE', #1966 ) ;
#1473 = CARTESIAN_POINT ( 'NONE',  ( 63.67562584220409860, 14.40000000000000036, 17.71058083755675838 ) ) ;
#1474 = AXIS2_PLACEMENT_3D ( 'NONE', #2383, #1387, #2138 ) ;
#1475 = AXIS2_PLACEMENT_3D ( 'NONE', #1554, #1791, #1086 ) ;
#1476 = AXIS2_PLACEMENT_3D ( 'NONE', #2198, #1984, #2235 ) ;
#1477 = CARTESIAN_POINT ( 'NONE',  ( -22.50000000000001421, 12.09059892324150809, -64.00000000000001421 ) ) ;
#1478 = EDGE_CURVE ( 'NONE', #2458, #532, #2684, .T. ) ;
#1479 = CARTESIAN_POINT ( 'NONE',  ( -21.50000000000001066, 0.000000000000000000, -64.00000000000001421 ) ) ;
#1480 = EDGE_CURVE ( 'NONE', #1340, #1560, #893, .T. ) ;
#1481 = DIRECTION ( 'NONE',  ( -0.4330127018922196869, 0.8660254037844383745, 0.2500000000000004441 ) ) ;
#1482 = LINE ( 'NONE', #2439, #2567 ) ;
#1483 = ADVANCED_FACE ( 'NONE', ( #1347 ), #2026, .T. ) ;
#1484 = DIRECTION ( 'NONE',  ( 0.000000000000000000, 0.000000000000000000, 1.000000000000000000 ) ) ;
#1485 = CARTESIAN_POINT ( 'NONE',  ( -17.67766952966348271, 5.149999999999998579, -13.92766952966390726 ) ) ;
#1486 = EDGE_LOOP ( 'NONE', ( #1518, #758, #621, #22 ) ) ;
#1487 = ORIENTED_EDGE ( 'NONE', *, *, #2039, .T. ) ;
#1488 = ORIENTED_EDGE ( 'NONE', *, *, #2786, .F. ) ;
#1489 = ORIENTED_EDGE ( 'NONE', *, *, #1383, .F. ) ;
#1490 = CARTESIAN_POINT ( 'NONE',  ( -35.45894683899486921, 14.40000000000000036, 44.00000000000002842 ) ) ;
#1491 = CARTESIAN_POINT ( 'NONE',  ( 17.67766952966360350, 5.149999999999998579, 21.42766952966378469 ) ) ;
#1492 = DIRECTION ( 'NONE',  ( 0.000000000000000000, -1.000000000000000000, 0.000000000000000000 ) ) ;
#1493 = EDGE_CURVE ( 'NONE', #1800, #1993, #779, .T. ) ;
#1494 =( LENGTH_UNIT ( ) NAMED_UNIT ( * ) SI_UNIT ( .MILLI., .METRE. ) );
#1495 = CARTESIAN_POINT ( 'NONE',  ( -47.17562584220406308, 1.000000000000000888, 46.28941916244325938 ) ) ;
#1496 = CARTESIAN_POINT ( 'NONE',  ( 17.67766952966360350, 0.000000000000000000, 17.67766952966378469 ) ) ;
#1497 = CARTESIAN_POINT ( 'NONE',  ( 35.45894683899490474, 12.09059892324150809, 47.99999999999999289 ) ) ;
#1498 = CARTESIAN_POINT ( 'NONE',  ( 17.67766952966360350, 0.000000000000000000, 20.92766952966378469 ) ) ;
#1499 = VERTEX_POINT ( 'NONE', #2044 ) ;
#1500 = ORIENTED_EDGE ( 'NONE', *, *, #1525, .T. ) ;
#1501 = VERTEX_POINT ( 'NONE', #381 ) ;
#1502 = FACE_BOUND ( 'NONE', #1245, .T. ) ;
#1503 = EDGE_CURVE ( 'NONE', #3073, #2894, #1876, .T. ) ;
#1504 = DIRECTION ( 'NONE',  ( 0.000000000000000000, -1.000000000000000000, 0.000000000000000000 ) ) ;
#1505 = CARTESIAN_POINT ( 'NONE',  ( 17.67766952966372429, 14.40000000000000036, -10.42766952966366745 ) ) ;
#1506 = ADVANCED_FACE ( 'NONE', ( #831 ), #2429, .F. ) ;
#1507 = ADVANCED_FACE ( 'NONE', ( #616 ), #233, .T. ) ;
#1508 = DIRECTION ( 'NONE',  ( 0.5000000000000016653, 0.000000000000000000, 0.8660254037844378194 ) ) ;
#1509 = PLANE ( 'NONE',  #131 ) ;
#1510 = DIRECTION ( 'NONE',  ( 0.000000000000000000, 0.000000000000000000, 1.000000000000000000 ) ) ;
#1511 = LINE ( 'NONE', #1989, #2832 ) ;
#1512 = CIRCLE ( 'NONE', #1911, 2.000000000000015543 ) ;
#1513 = LINE ( 'NONE', #817, #437 ) ;
#1514 = VERTEX_POINT ( 'NONE', #859 ) ;
#1515 = EDGE_CURVE ( 'NONE', #1357, #2618, #2784, .T. ) ;
#1516 = EDGE_LOOP ( 'NONE', ( #863, #1105, #884, #311 ) ) ;
#1517 = VECTOR ( 'NONE', #1250, 1000.000000000000000 ) ;
#1518 = ORIENTED_EDGE ( 'NONE', *, *, #2190, .F. ) ;
#1519 = EDGE_CURVE ( 'NONE', #1977, #1472, #2774, .T. ) ;
#1520 = LINE ( 'NONE', #362, #2348 ) ;
#1521 = AXIS2_PLACEMENT_3D ( 'NONE', #282, #2403, #26 ) ;
#1522 = AXIS2_PLACEMENT_3D ( 'NONE', #2815, #908, #2187 ) ;
#1523 = AXIS2_PLACEMENT_3D ( 'NONE', #2905, #2239, #558 ) ;
#1524 = CIRCLE ( 'NONE', #1733, 3.249999999999999556 ) ;
#1525 = EDGE_CURVE ( 'NONE', #1514, #1298, #1678, .T. ) ;
#1526 = DIRECTION ( 'NONE',  ( 0.000000000000000000, 0.000000000000000000, -1.000000000000000000 ) ) ;
#1527 = CARTESIAN_POINT ( 'NONE',  ( 17.67766952966360350, 12.40000000000000036, 17.67766952966378469 ) ) ;
#1528 = AXIS2_PLACEMENT_3D ( 'NONE', #1491, #2448, #989 ) ;
#1529 = AXIS2_PLACEMENT_3D ( 'NONE', #1090, #3050, #2147 ) ;
#1530 = CONICAL_SURFACE ( 'NONE', #735, 2.000000000000008882, 1.047197551196599186 ) ;
#1531 = ORIENTED_EDGE ( 'NONE', *, *, #2737, .F. ) ;
#1532 = FACE_OUTER_BOUND ( 'NONE', #529, .T. ) ;
#1533 = TOROIDAL_SURFACE ( 'NONE', #1115, 3.750000000000000444, 0.5000000000000000000 ) ;
#1534 = DIRECTION ( 'NONE',  ( 0.000000000000000000, -0.000000000000000000, -1.000000000000000000 ) ) ;
#1535 = ADVANCED_FACE ( 'NONE', ( #2293 ), #159, .T. ) ;
#1536 = CARTESIAN_POINT ( 'NONE',  ( -22.50000000000002842, 12.09059892324150809, -59.70834875401147457 ) ) ;
#1537 = CARTESIAN_POINT ( 'NONE',  ( -48.90767664977291673, 14.40000000000000036, 47.28941916244325228 ) ) ;
#1538 = VERTEX_POINT ( 'NONE', #1822 ) ;
#1539 = ORIENTED_EDGE ( 'NONE', *, *, #122, .T. ) ;
#1540 = ORIENTED_EDGE ( 'NONE', *, *, #903, .F. ) ;
#1541 = CARTESIAN_POINT ( 'NONE',  ( -22.50000000000000000, 12.09059892324149388, -70.00000000000000000 ) ) ;
#1542 = ADVANCED_FACE ( 'NONE', ( #1796 ), #603, .F. ) ;
#1543 = DIRECTION ( 'NONE',  ( 0.000000000000000000, 0.000000000000000000, -1.000000000000000000 ) ) ;
#1544 = LINE ( 'NONE', #1056, #1426 ) ;
#1545 = ORIENTED_EDGE ( 'NONE', *, *, #2603, .F. ) ;
#1546 = CARTESIAN_POINT ( 'NONE',  ( -17.67766952966372429, 5.149999999999998579, 17.67766952966366745 ) ) ;
#1547 = CARTESIAN_POINT ( 'NONE',  ( -17.67766952966348271, 5.649999999999998579, -17.67766952966390548 ) ) ;
#1548 = DIRECTION ( 'NONE',  ( 0.4999999999999997780, 0.000000000000000000, -0.8660254037844387076 ) ) ;
#1549 = ORIENTED_EDGE ( 'NONE', *, *, #2377, .T. ) ;
#1550 = ORIENTED_EDGE ( 'NONE', *, *, #1604, .T. ) ;
#1551 = EDGE_CURVE ( 'NONE', #1191, #2468, #2735, .T. ) ;
#1552 = EDGE_CURVE ( 'NONE', #2731, #2195, #2989, .T. ) ;
#1553 = ORIENTED_EDGE ( 'NONE', *, *, #551, .T. ) ;
#1554 = CARTESIAN_POINT ( 'NONE',  ( 17.67766952966372429, 5.149999999999998579, -17.67766952966366745 ) ) ;
#1555 = FACE_OUTER_BOUND ( 'NONE', #1313, .T. ) ;
#1556 = VERTEX_POINT ( 'NONE', #2326 ) ;
#1557 = CARTESIAN_POINT ( 'NONE',  ( 16.50000000000000000, 1.000000000000000888, -64.00000000000000000 ) ) ;
#1558 = DIRECTION ( 'NONE',  ( 0.8660254037844377084, 0.000000000000000000, 0.5000000000000015543 ) ) ;
#1559 = CARTESIAN_POINT ( 'NONE',  ( 59.75575286112628248, 1.000000000000000000, 34.49999999999998579 ) ) ;
#1560 = VERTEX_POINT ( 'NONE', #2308 ) ;
#1561 = EDGE_CURVE ( 'NONE', #1818, #2797, #837, .T. ) ;
#1562 = VECTOR ( 'NONE', #1589, 1000.000000000000000 ) ;
#1563 = ORIENTED_EDGE ( 'NONE', *, *, #860, .T. ) ;
#1564 = ORIENTED_EDGE ( 'NONE', *, *, #1665, .F. ) ;
#1565 = AXIS2_PLACEMENT_3D ( 'NONE', #174, #1117, #3005 ) ;
#1566 = DIRECTION ( 'NONE',  ( -0.000000000000000000, 1.000000000000000000, -0.000000000000000000 ) ) ;
#1567 = DIRECTION ( 'NONE',  ( 0.7500000000000003331, -0.4999999999999991673, 0.4330127018922196869 ) ) ;
#1568 = CONICAL_SURFACE ( 'NONE', #678, 13.99999999999999112, 1.047197551196598964 ) ;
#1569 = ORIENTED_EDGE ( 'NONE', *, *, #2811, .F. ) ;
#1570 = AXIS2_PLACEMENT_3D ( 'NONE', #116, #82, #2015 ) ;
#1571 = ORIENTED_EDGE ( 'NONE', *, *, #1941, .T. ) ;
#1572 = FACE_OUTER_BOUND ( 'NONE', #501, .T. ) ;
#1573 = CIRCLE ( 'NONE', #389, 2.000000000000000000 ) ;
#1574 = DIRECTION ( 'NONE',  ( -0.5000000000000007772, 0.000000000000000000, 0.8660254037844382635 ) ) ;
#1575 = AXIS2_PLACEMENT_3D ( 'NONE', #1654, #1135, #2396 ) ;
#1576 = VECTOR ( 'NONE', #2960, 1000.000000000000227 ) ;
#1577 = CIRCLE ( 'NONE', #543, 10.99999999999999645 ) ;
#1578 = EDGE_CURVE ( 'NONE', #1560, #167, #2498, .T. ) ;
#1579 = DIRECTION ( 'NONE',  ( 0.8660254037844391517, 0.4999999999999990008, 1.502314598737164159E-15 ) ) ;
#1580 = DIRECTION ( 'NONE',  ( 0.8660254037844388186, -0.000000000000000000, 0.4999999999999998335 ) ) ;
#1581 = AXIS2_PLACEMENT_3D ( 'NONE', #1207, #1153, #4 ) ;
#1582 = VERTEX_POINT ( 'NONE', #2033 ) ;
#1583 = ORIENTED_EDGE ( 'NONE', *, *, #293, .F. ) ;
#1584 = EDGE_LOOP ( 'NONE', ( #900, #2487, #465, #2831 ) ) ;
#1585 = FACE_OUTER_BOUND ( 'NONE', #488, .T. ) ;
#1586 = CARTESIAN_POINT ( 'NONE',  ( 17.67766952966360350, 12.40000000000000036, 17.67766952966378469 ) ) ;
#1587 = ORIENTED_EDGE ( 'NONE', *, *, #2294, .F. ) ;
#1588 = ADVANCED_FACE ( 'NONE', ( #2994 ), #2753, .T. ) ;
#1589 = DIRECTION ( 'NONE',  ( -0.4999999999999995559, -0.000000000000000000, 0.8660254037844389297 ) ) ;
#1590 = DIRECTION ( 'NONE',  ( 0.000000000000000000, 0.000000000000000000, 1.000000000000000000 ) ) ;
#1591 = LINE ( 'NONE', #1310, #2931 ) ;
#1592 = ORIENTED_EDGE ( 'NONE', *, *, #323, .F. ) ;
#1593 = CARTESIAN_POINT ( 'NONE',  ( -17.67766952966372429, 12.40000000000000036, 12.42766952966366567 ) ) ;
#1594 = VERTEX_POINT ( 'NONE', #691 ) ;
#1595 = ORIENTED_EDGE ( 'NONE', *, *, #1193, .F. ) ;
#1596 = PLANE ( 'NONE',  #2728 ) ;
#1597 = TOROIDAL_SURFACE ( 'NONE', #2548, 11.00000000000000000, 1.000000000000000000 ) ;
#1598 = CARTESIAN_POINT ( 'NONE',  ( 40.70319397786860804, 1.000000000000000000, -23.50000000000000711 ) ) ;
#1599 = ADVANCED_FACE ( 'NONE', ( #1201 ), #2382, .T. ) ;
#1600 = ORIENTED_EDGE ( 'NONE', *, *, #2004, .T. ) ;
#1601 = DIRECTION ( 'NONE',  ( 0.000000000000000000, 0.000000000000000000, -1.000000000000000000 ) ) ;
#1602 = DIRECTION ( 'NONE',  ( 0.000000000000000000, 1.000000000000000000, 0.000000000000000000 ) ) ;
#1603 = ADVANCED_FACE ( 'NONE', ( #13 ), #2645, .T. ) ;
#1604 = EDGE_CURVE ( 'NONE', #2755, #1794, #86, .T. ) ;
#1605 = CARTESIAN_POINT ( 'NONE',  ( 17.67766952966360350, 12.40000000000000036, 17.67766952966378469 ) ) ;
#1606 = DIRECTION ( 'NONE',  ( -0.000000000000000000, 1.000000000000000000, -0.000000000000000000 ) ) ;
#1607 = ORIENTED_EDGE ( 'NONE', *, *, #2419, .T. ) ;
#1608 = DIRECTION ( 'NONE',  ( 0.000000000000000000, -1.000000000000000000, 0.000000000000000000 ) ) ;
#1609 = AXIS2_PLACEMENT_3D ( 'NONE', #1673, #274, #2650 ) ;
#1610 = ORIENTED_EDGE ( 'NONE', *, *, #1894, .T. ) ;
#1611 = EDGE_CURVE ( 'NONE', #44, #1660, #504, .T. ) ;
#1612 = EDGE_LOOP ( 'NONE', ( #1173, #3019, #119, #702 ) ) ;
#1613 = VECTOR ( 'NONE', #81, 999.9999999999998863 ) ;
#1614 = ADVANCED_FACE ( 'NONE', ( #2850 ), #2114, .F. ) ;
#1615 = PRODUCT ( 'Palm_Spacer', 'Palm_Spacer', '', ( #1938 ) ) ;
#1616 = CARTESIAN_POINT ( 'NONE',  ( 62.45894683899492605, 1.000000000000000000, 11.23462819564035264 ) ) ;
#1617 = DIRECTION ( 'NONE',  ( 0.000000000000000000, -1.000000000000000000, 0.000000000000000000 ) ) ;
#1618 = EDGE_LOOP ( 'NONE', ( #1830, #277, #299, #1896 ) ) ;
#1619 = DIRECTION ( 'NONE',  ( 0.000000000000000000, 0.000000000000000000, 1.000000000000000000 ) ) ;
#1620 = DIRECTION ( 'NONE',  ( 0.5000000000000003331, -0.000000000000000000, 0.8660254037844384856 ) ) ;
#1621 = CIRCLE ( 'NONE', #2320, 0.5000000000000004441 ) ;
#1622 = DIRECTION ( 'NONE',  ( 0.000000000000000000, 1.000000000000000000, 0.000000000000000000 ) ) ;
#1623 = DIRECTION ( 'NONE',  ( -0.000000000000000000, 1.000000000000000000, -0.000000000000000000 ) ) ;
#1624 = DIRECTION ( 'NONE',  ( -0.5000000000000003331, 0.000000000000000000, -0.8660254037844384856 ) ) ;
#1625 = CIRCLE ( 'NONE', #1523, 11.00000000000000355 ) ;
#1626 = AXIS2_PLACEMENT_3D ( 'NONE', #2930, #815, #320 ) ;
#1627 = EDGE_CURVE ( 'NONE', #2349, #1907, #956, .T. ) ;
#1628 = DIRECTION ( 'NONE',  ( 0.000000000000000000, -1.000000000000000000, 0.000000000000000000 ) ) ;
#1629 = VECTOR ( 'NONE', #124, 1000.000000000000114 ) ;
#1630 = AXIS2_PLACEMENT_3D ( 'NONE', #242, #970, #1689 ) ;
#1631 = PLANE ( 'NONE',  #33 ) ;
#1632 = EDGE_LOOP ( 'NONE', ( #2643, #2665, #1742, #2857 ) ) ;
#1633 = ORIENTED_EDGE ( 'NONE', *, *, #2858, .F. ) ;
#1634 = DIRECTION ( 'NONE',  ( 0.000000000000000000, 0.000000000000000000, 1.000000000000000000 ) ) ;
#1635 = CARTESIAN_POINT ( 'NONE',  ( -23.83974596215563224, 12.09059892324150631, -54.70834875401150299 ) ) ;
#1636 = VERTEX_POINT ( 'NONE', #705 ) ;
#1637 = VERTEX_POINT ( 'NONE', #1444 ) ;
#1638 = LINE ( 'NONE', #2592, #1780 ) ;
#1639 = DIRECTION ( 'NONE',  ( -1.000000000000000000, 0.000000000000000000, -2.139794099195617525E-15 ) ) ;
#1640 = LINE ( 'NONE', #658, #2466 ) ;
#1641 = LINE ( 'NONE', #2596, #2269 ) ;
#1642 = EDGE_LOOP ( 'NONE', ( #2062, #385, #1415, #264 ) ) ;
#1643 = DIRECTION ( 'NONE',  ( -0.000000000000000000, 1.000000000000000000, -0.000000000000000000 ) ) ;
#1644 = DIRECTION ( 'NONE',  ( 0.5000000000000003331, 0.000000000000000000, 0.8660254037844384856 ) ) ;
#1645 = ORIENTED_EDGE ( 'NONE', *, *, #635, .T. ) ;
#1646 = ORIENTED_EDGE ( 'NONE', *, *, #824, .F. ) ;
#1647 = EDGE_CURVE ( 'NONE', #681, #167, #439, .T. ) ;
#1648 = CARTESIAN_POINT ( 'NONE',  ( -17.67766952966372429, 0.000000000000000000, 20.92766952966366745 ) ) ;
#1649 = CARTESIAN_POINT ( 'NONE',  ( 62.95894683899493316, 12.09059892324150809, 10.36860279185589739 ) ) ;
#1650 = ORIENTED_EDGE ( 'NONE', *, *, #1198, .F. ) ;
#1651 = CARTESIAN_POINT ( 'NONE',  ( -17.67766952966348271, 5.649999999999998579, -17.67766952966390548 ) ) ;
#1652 = LINE ( 'NONE', #1902, #3030 ) ;
#1653 = DIRECTION ( 'NONE',  ( 0.000000000000000000, -1.000000000000000000, 0.000000000000000000 ) ) ;
#1654 = CARTESIAN_POINT ( 'NONE',  ( -17.67766952966372429, 12.40000000000000036, 24.92766952966366745 ) ) ;
#1655 = EDGE_CURVE ( 'NONE', #2602, #1840, #1652, .T. ) ;
#1656 = LINE ( 'NONE', #909, #168 ) ;
#1657 = CARTESIAN_POINT ( 'NONE',  ( -16.50000000000001421, 1.000000000000000888, -64.00000000000000000 ) ) ;
#1658 = CARTESIAN_POINT ( 'NONE',  ( 22.50000000000000000, 1.000000000000000888, -64.00000000000000000 ) ) ;
#1659 = ADVANCED_FACE ( 'NONE', ( #2407 ), #471, .T. ) ;
#1660 = VERTEX_POINT ( 'NONE', #1411 ) ;
#1661 = VERTEX_POINT ( 'NONE', #1669 ) ;
#1662 = ADVANCED_FACE ( 'NONE', ( #446 ), #2864, .F. ) ;
#1663 = CYLINDRICAL_SURFACE ( 'NONE', #990, 1.000000000000000888 ) ;
#1664 = DIRECTION ( 'NONE',  ( -0.000000000000000000, -1.000000000000000000, -0.000000000000000000 ) ) ;
#1665 = EDGE_CURVE ( 'NONE', #2260, #2887, #2340, .T. ) ;
#1666 = AXIS2_PLACEMENT_3D ( 'NONE', #1136, #2090, #1386 ) ;
#1667 = ORIENTED_EDGE ( 'NONE', *, *, #2984, .F. ) ;
#1668 = DIRECTION ( 'NONE',  ( -0.000000000000000000, 1.000000000000000000, 0.000000000000000000 ) ) ;
#1669 = CARTESIAN_POINT ( 'NONE',  ( -18.49999999999998934, 14.40000000000000036, -59.70834875401146746 ) ) ;
#1670 = AXIS2_PLACEMENT_3D ( 'NONE', #493, #1432, #1165 ) ;
#1671 = FACE_OUTER_BOUND ( 'NONE', #2270, .T. ) ;
#1672 = DIRECTION ( 'NONE',  ( -0.000000000000000000, -1.000000000000000000, -0.000000000000000000 ) ) ;
#1673 = CARTESIAN_POINT ( 'NONE',  ( -63.67562584220407018, 1.000000000000000888, 17.71058083755679746 ) ) ;
#1674 = AXIS2_PLACEMENT_3D ( 'NONE', #1306, #2258, #126 ) ;
#1675 = EDGE_CURVE ( 'NONE', #2059, #1744, #670, .T. ) ;
#1676 = VECTOR ( 'NONE', #966, 1000.000000000000114 ) ;
#1677 = CIRCLE ( 'NONE', #1777, 10.00000000000000178 ) ;
#1678 = CIRCLE ( 'NONE', #338, 0.5000000000000004441 ) ;
#1679 = VERTEX_POINT ( 'NONE', #2575 ) ;
#1680 = CONICAL_SURFACE ( 'NONE', #2885, 13.99999999999998757, 1.047197551196598742 ) ;
#1681 = ORIENTED_EDGE ( 'NONE', *, *, #2858, .T. ) ;
#1682 = AXIS2_PLACEMENT_3D ( 'NONE', #130, #1360, #2282 ) ;
#1683 = AXIS2_PLACEMENT_3D ( 'NONE', #1897, #203, #3076 ) ;
#1684 = VECTOR ( 'NONE', #216, 1000.000000000000000 ) ;
#1685 = FACE_OUTER_BOUND ( 'NONE', #711, .T. ) ;
#1686 = FACE_OUTER_BOUND ( 'NONE', #840, .T. ) ;
#1687 = EDGE_LOOP ( 'NONE', ( #1395, #2616, #732, #1349 ) ) ;
#1688 = DIRECTION ( 'NONE',  ( 0.4999999999999995559, 0.000000000000000000, -0.8660254037844389297 ) ) ;
#1689 = DIRECTION ( 'NONE',  ( 0.000000000000000000, 0.000000000000000000, -1.000000000000000000 ) ) ;
#1690 = EDGE_CURVE ( 'NONE', #808, #1298, #208, .T. ) ;
#1691 = DIRECTION ( 'NONE',  ( 0.8660254037844377084, 0.000000000000000000, 0.5000000000000015543 ) ) ;
#1692 = VERTEX_POINT ( 'NONE', #2394 ) ;
#1693 = DIRECTION ( 'NONE',  ( 0.000000000000000000, 0.000000000000000000, 1.000000000000000000 ) ) ;
#1694 = VERTEX_POINT ( 'NONE', #2101 ) ;
#1695 = ORIENTED_EDGE ( 'NONE', *, *, #3099, .T. ) ;
#1696 = VERTEX_POINT ( 'NONE', #1161 ) ;
#1697 = CYLINDRICAL_SURFACE ( 'NONE', #1449, 6.000000000000000000 ) ;
#1698 = DIRECTION ( 'NONE',  ( -0.8660254037844397068, -0.000000000000000000, -0.4999999999999982792 ) ) ;
#1699 = ADVANCED_FACE ( 'NONE', ( #255 ), #3066, .F. ) ;
#1700 = CARTESIAN_POINT ( 'NONE',  ( -17.67766952966372429, 0.000000000000000000, 17.67766952966366745 ) ) ;
#1701 = DIRECTION ( 'NONE',  ( -0.000000000000000000, 1.000000000000000000, -0.000000000000000000 ) ) ;
#1702 = DIRECTION ( 'NONE',  ( -0.000000000000000000, 1.000000000000000000, 0.000000000000000000 ) ) ;
#1703 = CARTESIAN_POINT ( 'NONE',  ( 65.40767664977298068, 14.40000000000000036, 18.71058083755676549 ) ) ;
#1704 = PLANE ( 'NONE',  #424 ) ;
#1705 = DIRECTION ( 'NONE',  ( 0.000000000000000000, 0.000000000000000000, -1.000000000000000000 ) ) ;
#1706 = ADVANCED_FACE ( 'NONE', ( #1236 ), #2461, .T. ) ;
#1707 = DIRECTION ( 'NONE',  ( 0.000000000000000000, 0.000000000000000000, -1.000000000000000000 ) ) ;
#1708 = ORIENTED_EDGE ( 'NONE', *, *, #938, .T. ) ;
#1709 = VERTEX_POINT ( 'NONE', #331 ) ;
#1710 = EDGE_CURVE ( 'NONE', #1224, #2334, #2278, .T. ) ;
#1711 = VERTEX_POINT ( 'NONE', #1750 ) ;
#1712 = DIRECTION ( 'NONE',  ( -0.000000000000000000, 1.000000000000000000, -0.000000000000000000 ) ) ;
#1713 = DIRECTION ( 'NONE',  ( 0.000000000000000000, 1.000000000000000000, 0.000000000000000000 ) ) ;
#1714 = EDGE_CURVE ( 'NONE', #1131, #1088, #783, .T. ) ;
#1715 = LINE ( 'NONE', #2881, #241 ) ;
#1716 = CARTESIAN_POINT ( 'NONE',  ( -35.45894683899486921, 0.000000000000000000, 47.00000000000001421 ) ) ;
#1717 = VECTOR ( 'NONE', #2409, 1000.000000000000000 ) ;
#1718 = CYLINDRICAL_SURFACE ( 'NONE', #1363, 1.000000000000000000 ) ;
#1719 = CARTESIAN_POINT ( 'NONE',  ( -17.67766952966348271, 0.000000000000000000, -17.67766952966390548 ) ) ;
#1720 = LINE ( 'NONE', #1988, #1717 ) ;
#1721 = CARTESIAN_POINT ( 'NONE',  ( 52.37177826491072352, 12.09059892324150809, 49.28941916244324517 ) ) ;
#1722 = AXIS2_PLACEMENT_3D ( 'NONE', #2801, #2357, #945 ) ;
#1723 = CARTESIAN_POINT ( 'NONE',  ( -17.67766952966348271, 5.649999999999998579, -22.92766952966390903 ) ) ;
#1724 = ORIENTED_EDGE ( 'NONE', *, *, #2207, .T. ) ;
#1725 = ORIENTED_EDGE ( 'NONE', *, *, #772, .T. ) ;
#1726 = EDGE_CURVE ( 'NONE', #1696, #877, #96, .T. ) ;
#1727 = VECTOR ( 'NONE', #1403, 1000.000000000000000 ) ;
#1728 = ADVANCED_FACE ( 'NONE', ( #304 ), #2913, .T. ) ;
#1729 = ORIENTED_EDGE ( 'NONE', *, *, #2623, .T. ) ;
#1730 = TOROIDAL_SURFACE ( 'NONE', #388, 5.000000000000000000, 1.000000000000000000 ) ;
#1731 = CARTESIAN_POINT ( 'NONE',  ( -17.67766952966348271, 5.149999999999998579, -17.67766952966390548 ) ) ;
#1732 = AXIS2_PLACEMENT_3D ( 'NONE', #1559, #2046, #2866 ) ;
#1733 = AXIS2_PLACEMENT_3D ( 'NONE', #3091, #1892, #40 ) ;
#1734 = AXIS2_PLACEMENT_3D ( 'NONE', #1998, #2990, #407 ) ;
#1735 = DIRECTION ( 'NONE',  ( -0.000000000000000000, 1.000000000000000000, -0.000000000000000000 ) ) ;
#1736 = CARTESIAN_POINT ( 'NONE',  ( 17.67766952966360350, 0.000000000000000000, 17.67766952966378469 ) ) ;
#1737 = CARTESIAN_POINT ( 'NONE',  ( -17.67766952966372429, 12.40000000000000036, 17.67766952966366745 ) ) ;
#1738 = LINE ( 'NONE', #2694, #1517 ) ;
#1739 = CARTESIAN_POINT ( 'NONE',  ( -17.67766952966372429, 14.40000000000000036, 17.67766952966366745 ) ) ;
#1740 = DIRECTION ( 'NONE',  ( 0.7500000000000009992, 0.4999999999999980016, 0.4330127018922199089 ) ) ;
#1741 = CARTESIAN_POINT ( 'NONE',  ( 17.67766952966360350, 12.40000000000000036, 17.67766952966378469 ) ) ;
#1742 = ORIENTED_EDGE ( 'NONE', *, *, #1391, .F. ) ;
#1743 = EDGE_CURVE ( 'NONE', #2159, #1214, #2936, .T. ) ;
#1744 = VERTEX_POINT ( 'NONE', #521 ) ;
#1745 = VERTEX_POINT ( 'NONE', #1030 ) ;
#1746 = ORIENTED_EDGE ( 'NONE', *, *, #2561, .T. ) ;
#1747 = DIRECTION ( 'NONE',  ( 0.000000000000000000, 0.000000000000000000, -1.000000000000000000 ) ) ;
#1748 = ADVANCED_FACE ( 'NONE', ( #2717 ), #2437, .F. ) ;
#1749 = DIRECTION ( 'NONE',  ( 0.4999999999999997780, 0.000000000000000000, -0.8660254037844388186 ) ) ;
#1750 = CARTESIAN_POINT ( 'NONE',  ( -17.67766952966348626, 14.40000000000000036, -10.42766952966390726 ) ) ;
#1751 = CARTESIAN_POINT ( 'NONE',  ( 17.67766952966372429, 5.149999999999998579, -14.42766952966366745 ) ) ;
#1752 = CARTESIAN_POINT ( 'NONE',  ( 17.67766952966360350, 5.149999999999998579, 14.42766952966378646 ) ) ;
#1753 = EDGE_CURVE ( 'NONE', #1447, #850, #939, .T. ) ;
#1754 = CARTESIAN_POINT ( 'NONE',  ( 71.87177826491073063, 1.000000000000000888, 15.51442841485011570 ) ) ;
#1755 = DIRECTION ( 'NONE',  ( 0.000000000000000000, -1.000000000000000000, 0.000000000000000000 ) ) ;
#1756 = DIRECTION ( 'NONE',  ( 0.000000000000000000, 0.000000000000000000, 1.000000000000000000 ) ) ;
#1757 = ORIENTED_EDGE ( 'NONE', *, *, #1753, .T. ) ;
#1758 = VECTOR ( 'NONE', #823, 1000.000000000000114 ) ;
#1759 = ORIENTED_EDGE ( 'NONE', *, *, #2911, .F. ) ;
#1760 = VERTEX_POINT ( 'NONE', #1045 ) ;
#1761 = CARTESIAN_POINT ( 'NONE',  ( -22.50000000000001421, 1.000000000000000888, -64.00000000000001421 ) ) ;
#1762 = CARTESIAN_POINT ( 'NONE',  ( -35.45894683899486921, 0.000000000000000000, 58.00000000000001421 ) ) ;
#1763 = CARTESIAN_POINT ( 'NONE',  ( 59.29869280115052277, 12.09059892324150631, 6.708348754011518089 ) ) ;
#1764 = ORIENTED_EDGE ( 'NONE', *, *, #107, .T. ) ;
#1765 = DIRECTION ( 'NONE',  ( 0.4999999999999997780, -0.000000000000000000, -0.8660254037844387076 ) ) ;
#1766 = FACE_BOUND ( 'NONE', #1858, .T. ) ;
#1767 = AXIS2_PLACEMENT_3D ( 'NONE', #1283, #1239, #2237 ) ;
#1768 = DIRECTION ( 'NONE',  ( -1.000000000000000000, 0.000000000000000000, -3.202566417187952014E-15 ) ) ;
#1769 = ORIENTED_EDGE ( 'NONE', *, *, #3028, .F. ) ;
#1770 = TOROIDAL_SURFACE ( 'NONE', #2213, 11.00000000000000000, 1.000000000000000000 ) ;
#1771 = EDGE_CURVE ( 'NONE', #2059, #1224, #2837, .T. ) ;
#1772 = ORIENTED_EDGE ( 'NONE', *, *, #351, .T. ) ;
#1773 = AXIS2_PLACEMENT_3D ( 'NONE', #2329, #197, #1854 ) ;
#1774 = ORIENTED_EDGE ( 'NONE', *, *, #1935, .T. ) ;
#1775 = CARTESIAN_POINT ( 'NONE',  ( 62.95894683899493316, 14.40000000000000036, 10.36860279185589739 ) ) ;
#1776 = VECTOR ( 'NONE', #3000, 1000.000000000000000 ) ;
#1777 = AXIS2_PLACEMENT_3D ( 'NONE', #2710, #571, #546 ) ;
#1778 = CARTESIAN_POINT ( 'NONE',  ( -63.67562584220407018, 14.40000000000000036, 17.71058083755679746 ) ) ;
#1779 = CARTESIAN_POINT ( 'NONE',  ( 17.67766952966372429, 5.149999999999998579, -17.67766952966366745 ) ) ;
#1780 = VECTOR ( 'NONE', #329, 1000.000000000000227 ) ;
#1781 = AXIS2_PLACEMENT_3D ( 'NONE', #2705, #566, #2212 ) ;
#1782 = CIRCLE ( 'NONE', #2075, 10.00000000000000178 ) ;
#1783 = ORIENTED_EDGE ( 'NONE', *, *, #2039, .F. ) ;
#1784 = CARTESIAN_POINT ( 'NONE',  ( 47.17562584220410571, 12.09059892324150809, 46.28941916244323806 ) ) ;
#1785 = DIRECTION ( 'NONE',  ( 1.000000000000000000, 0.000000000000000000, 1.067522139062650592E-14 ) ) ;
#1786 = ADVANCED_FACE ( 'NONE', ( #554 ), #1999, .T. ) ;
#1787 = DIRECTION ( 'NONE',  ( -0.000000000000000000, 1.000000000000000000, 0.000000000000000000 ) ) ;
#1788 = EDGE_LOOP ( 'NONE', ( #2094, #512, #2856, #954 ) ) ;
#1789 = VERTEX_POINT ( 'NONE', #1716 ) ;
#1790 = ORIENTED_EDGE ( 'NONE', *, *, #59, .F. ) ;
#1791 = DIRECTION ( 'NONE',  ( 0.000000000000000000, 1.000000000000000000, 0.000000000000000000 ) ) ;
#1792 = DIRECTION ( 'NONE',  ( 0.8660254037844382635, 0.000000000000000000, -0.5000000000000004441 ) ) ;
#1793 = EDGE_CURVE ( 'NONE', #2106, #163, #764, .T. ) ;
#1794 = VERTEX_POINT ( 'NONE', #811 ) ;
#1795 = LINE ( 'NONE', #146, #226 ) ;
#1796 = FACE_OUTER_BOUND ( 'NONE', #708, .T. ) ;
#1797 = FACE_OUTER_BOUND ( 'NONE', #1820, .T. ) ;
#1798 = VERTEX_POINT ( 'NONE', #1505 ) ;
#1799 = EDGE_LOOP ( 'NONE', ( #2772, #1374, #2713, #1155 ) ) ;
#1800 = VERTEX_POINT ( 'NONE', #1763 ) ;
#1801 = DIRECTION ( 'NONE',  ( 0.000000000000000000, -1.000000000000000000, 0.000000000000000000 ) ) ;
#1802 = CARTESIAN_POINT ( 'NONE',  ( 17.67766952966372429, 5.649999999999998579, -17.67766952966366745 ) ) ;
#1803 = EDGE_CURVE ( 'NONE', #457, #2343, #1326, .T. ) ;
#1804 = ORIENTED_EDGE ( 'NONE', *, *, #839, .F. ) ;
#1805 = DIRECTION ( 'NONE',  ( 0.000000000000000000, -1.000000000000000000, 0.000000000000000000 ) ) ;
#1806 = CARTESIAN_POINT ( 'NONE',  ( 22.50000000000000000, 14.40000000000000036, -70.00000000000000000 ) ) ;
#1807 = CARTESIAN_POINT ( 'NONE',  ( -64.67562584220404176, 14.40000000000000036, 15.97853002998795446 ) ) ;
#1808 = ORIENTED_EDGE ( 'NONE', *, *, #744, .F. ) ;
#1809 = VECTOR ( 'NONE', #2542, 1000.000000000000000 ) ;
#1810 = EDGE_LOOP ( 'NONE', ( #2649, #3090 ) ) ;
#1811 = ORIENTED_EDGE ( 'NONE', *, *, #1096, .T. ) ;
#1812 = VECTOR ( 'NONE', #1366, 1000.000000000000000 ) ;
#1813 = ADVANCED_FACE ( 'NONE', ( #991 ), #2186, .F. ) ;
#1814 = CARTESIAN_POINT ( 'NONE',  ( -52.37177826491068799, 12.09059892324150809, 49.28941916244325938 ) ) ;
#1815 = CIRCLE ( 'NONE', #243, 5.250000000000000888 ) ;
#1816 = CARTESIAN_POINT ( 'NONE',  ( 17.67766952966372429, 12.40000000000000036, -17.67766952966366745 ) ) ;
#1817 = AXIS2_PLACEMENT_3D ( 'NONE', #2950, #805, #1768 ) ;
#1818 = VERTEX_POINT ( 'NONE', #1458 ) ;
#1819 = AXIS2_PLACEMENT_3D ( 'NONE', #3, #959, #1905 ) ;
#1820 = EDGE_LOOP ( 'NONE', ( #397, #508, #1759, #2142 ) ) ;
#1821 = DIRECTION ( 'NONE',  ( -0.000000000000000000, 1.000000000000000000, -0.000000000000000000 ) ) ;
#1822 = CARTESIAN_POINT ( 'NONE',  ( -21.50000000000002842, 0.000000000000000000, -59.70834875401147457 ) ) ;
#1823 = AXIS2_PLACEMENT_3D ( 'NONE', #2050, #1566, #867 ) ;
#1824 = FACE_BOUND ( 'NONE', #2053, .T. ) ;
#1825 = CARTESIAN_POINT ( 'NONE',  ( -16.50000000000001421, 14.40000000000000036, -65.99999999999997158 ) ) ;
#1826 = VECTOR ( 'NONE', #1698, 999.9999999999998863 ) ;
#1827 = ORIENTED_EDGE ( 'NONE', *, *, #1901, .T. ) ;
#1828 = DIRECTION ( 'NONE',  ( 0.000000000000000000, 1.000000000000000000, 0.000000000000000000 ) ) ;
#1829 = EDGE_CURVE ( 'NONE', #253, #2767, #634, .T. ) ;
#1830 = ORIENTED_EDGE ( 'NONE', *, *, #1181, .F. ) ;
#1831 = VERTEX_POINT ( 'NONE', #1479 ) ;
#1832 = ADVANCED_FACE ( 'NONE', ( #1097 ), #143, .T. ) ;
#1833 = CARTESIAN_POINT ( 'NONE',  ( -20.37564434701789295, 14.40000000000000036, -52.70834875401150299 ) ) ;
#1834 = CARTESIAN_POINT ( 'NONE',  ( 22.50000000000000000, 12.09059892324150809, -64.00000000000000000 ) ) ;
#1835 = EDGE_LOOP ( 'NONE', ( #2687, #217, #2655, #2702 ) ) ;
#1836 = CARTESIAN_POINT ( 'NONE',  ( 10.74999999999999112, 0.000000000000000000, 18.61954618136535089 ) ) ;
#1837 = DIRECTION ( 'NONE',  ( -1.000000000000000000, 0.000000000000000000, 2.729094633489546323E-16 ) ) ;
#1838 = DIRECTION ( 'NONE',  ( 0.000000000000000000, 0.000000000000000000, -1.000000000000000000 ) ) ;
#1839 = DIRECTION ( 'NONE',  ( 0.000000000000000000, 0.000000000000000000, -1.000000000000000000 ) ) ;
#1840 = VERTEX_POINT ( 'NONE', #1087 ) ;
#1841 = DIRECTION ( 'NONE',  ( -0.7500000000000012212, -0.4999999999999982236, -0.4330127018922191318 ) ) ;
#1842 = ADVANCED_FACE ( 'NONE', ( #396 ), #1280, .T. ) ;
#1843 = ORIENTED_EDGE ( 'NONE', *, *, #2844, .T. ) ;
#1844 = ORIENTED_EDGE ( 'NONE', *, *, #996, .F. ) ;
#1845 = ADVANCED_FACE ( 'NONE', ( #2067 ), #2370, .T. ) ;
#1846 = VECTOR ( 'NONE', #1841, 1000.000000000000000 ) ;
#1847 = CARTESIAN_POINT ( 'NONE',  ( -17.67766952966348271, 5.149999999999998579, -21.42766952966390548 ) ) ;
#1848 = ADVANCED_FACE ( 'NONE', ( #1555 ), #2778, .T. ) ;
#1849 = ORIENTED_EDGE ( 'NONE', *, *, #848, .F. ) ;
#1850 = LINE ( 'NONE', #2100, #2277 ) ;
#1851 = DIRECTION ( 'NONE',  ( 0.000000000000000000, 0.000000000000000000, -1.000000000000000000 ) ) ;
#1852 = EDGE_CURVE ( 'NONE', #2755, #1228, #1026, .T. ) ;
#1853 = CARTESIAN_POINT ( 'NONE',  ( -60.95894683899489763, 14.40000000000000036, 13.83270440699365267 ) ) ;
#1854 = DIRECTION ( 'NONE',  ( 0.000000000000000000, 0.000000000000000000, -1.000000000000000000 ) ) ;
#1855 = DIRECTION ( 'NONE',  ( -0.000000000000000000, 1.000000000000000000, -0.000000000000000000 ) ) ;
#1856 = DIRECTION ( 'NONE',  ( 3.469446951953598806E-15, 0.000000000000000000, -1.000000000000000000 ) ) ;
#1857 = FACE_OUTER_BOUND ( 'NONE', #2907, .T. ) ;
#1858 = EDGE_LOOP ( 'NONE', ( #2534, #1318 ) ) ;
#1859 = EDGE_CURVE ( 'NONE', #2894, #3073, #91, .T. ) ;
#1860 = EDGE_LOOP ( 'NONE', ( #759, #113, #2093, #1166 ) ) ;
#1861 = CIRCLE ( 'NONE', #919, 2.000000000000000000 ) ;
#1862 = CARTESIAN_POINT ( 'NONE',  ( -17.67766952966372429, 12.40000000000000036, 10.42766952966366745 ) ) ;
#1863 = LINE ( 'NONE', #9, #2221 ) ;
#1864 = ORIENTED_EDGE ( 'NONE', *, *, #2844, .F. ) ;
#1865 = ORIENTED_EDGE ( 'NONE', *, *, #2666, .T. ) ;
#1866 = CIRCLE ( 'NONE', #75, 4.999999999999997335 ) ;
#1867 = CARTESIAN_POINT ( 'NONE',  ( 35.45894683899490474, 0.000000000000000000, 57.99999999999999289 ) ) ;
#1868 = CARTESIAN_POINT ( 'NONE',  ( 22.50000000000000000, 14.40000000000000036, -64.00000000000000000 ) ) ;
#1869 = VECTOR ( 'NONE', #2130, 1000.000000000000000 ) ;
#1870 = CIRCLE ( 'NONE', #1168, 2.000000000000000000 ) ;
#1871 =( GEOMETRIC_REPRESENTATION_CONTEXT ( 3 ) GLOBAL_UNCERTAINTY_ASSIGNED_CONTEXT ( ( #156 ) ) GLOBAL_UNIT_ASSIGNED_CONTEXT ( ( #1494, #992, #1033 ) ) REPRESENTATION_CONTEXT ( 'NONE', 'WORKASPACE' ) );
#1872 = FACE_OUTER_BOUND ( 'NONE', #2951, .T. ) ;
#1873 = DIRECTION ( 'NONE',  ( 0.4999999999999995559, 0.000000000000000000, -0.8660254037844389297 ) ) ;
#1874 = EDGE_LOOP ( 'NONE', ( #712, #976 ) ) ;
#1875 = CONICAL_SURFACE ( 'NONE', #2934, 13.99999999999998401, 1.047197551196598964 ) ;
#1876 = CIRCLE ( 'NONE', #2376, 3.249999999999999556 ) ;
#1877 = CARTESIAN_POINT ( 'NONE',  ( -16.50000000000001421, 14.40000000000000036, -64.00000000000000000 ) ) ;
#1878 = AXIS2_PLACEMENT_3D ( 'NONE', #553, #2197, #63 ) ;
#1879 = AXIS2_PLACEMENT_3D ( 'NONE', #3086, #944, #1248 ) ;
#1880 = CARTESIAN_POINT ( 'NONE',  ( -16.50000000000001421, 0.000000000000000000, -69.00000000000000000 ) ) ;
#1881 = ORIENTED_EDGE ( 'NONE', *, *, #2099, .F. ) ;
#1882 = ORIENTED_EDGE ( 'NONE', *, *, #2639, .T. ) ;
#1883 = DIRECTION ( 'NONE',  ( 1.000000000000000000, 0.000000000000000000, 0.000000000000000000 ) ) ;
#1884 = DIRECTION ( 'NONE',  ( 0.000000000000000000, 1.000000000000000000, 0.000000000000000000 ) ) ;
#1885 = ORIENTED_EDGE ( 'NONE', *, *, #2294, .T. ) ;
#1886 = DIRECTION ( 'NONE',  ( 0.000000000000000000, 0.000000000000000000, 1.000000000000000000 ) ) ;
#1887 = DIRECTION ( 'NONE',  ( 0.000000000000000000, -1.000000000000000000, 0.000000000000000000 ) ) ;
#1888 = EDGE_CURVE ( 'NONE', #681, #1141, #868, .T. ) ;
#1889 = LINE ( 'NONE', #1134, #2111 ) ;
#1890 = CARTESIAN_POINT ( 'NONE',  ( 35.45894683899490474, 14.40000000000000036, 57.99999999999999289 ) ) ;
#1891 = ORIENTED_EDGE ( 'NONE', *, *, #2152, .T. ) ;
#1892 = DIRECTION ( 'NONE',  ( 0.000000000000000000, 1.000000000000000000, 0.000000000000000000 ) ) ;
#1893 = CARTESIAN_POINT ( 'NONE',  ( -42.45894683899491184, 14.40000000000000036, 45.87564434701783966 ) ) ;
#1894 = EDGE_CURVE ( 'NONE', #532, #664, #1227, .T. ) ;
#1895 = ORIENTED_EDGE ( 'NONE', *, *, #3096, .F. ) ;
#1896 = ORIENTED_EDGE ( 'NONE', *, *, #1493, .T. ) ;
#1897 = CARTESIAN_POINT ( 'NONE',  ( -67.95894683899489053, 0.000000000000000000, 1.708348754011521864 ) ) ;
#1898 = PLANE ( 'NONE',  #736 ) ;
#1899 = ORIENTED_EDGE ( 'NONE', *, *, #2811, .T. ) ;
#1900 = DIRECTION ( 'NONE',  ( 0.000000000000000000, -1.000000000000000000, 0.000000000000000000 ) ) ;
#1901 = EDGE_CURVE ( 'NONE', #2049, #3073, #2506, .T. ) ;
#1902 = CARTESIAN_POINT ( 'NONE',  ( 68.87177826491073063, 14.40000000000000036, 20.71058083755675838 ) ) ;
#1903 = CYLINDRICAL_SURFACE ( 'NONE', #2427, 5.250000000000000888 ) ;
#1904 = LINE ( 'NONE', #475, #2107 ) ;
#1905 = DIRECTION ( 'NONE',  ( 0.000000000000000000, 0.000000000000000000, -1.000000000000000000 ) ) ;
#1906 = DIRECTION ( 'NONE',  ( 0.000000000000000000, -1.000000000000000000, 0.000000000000000000 ) ) ;
#1907 = VERTEX_POINT ( 'NONE', #1834 ) ;
#1908 = ORIENTED_EDGE ( 'NONE', *, *, #932, .F. ) ;
#1909 = LINE ( 'NONE', #2876, #365 ) ;
#1910 = FACE_OUTER_BOUND ( 'NONE', #2711, .T. ) ;
#1911 = AXIS2_PLACEMENT_3D ( 'NONE', #2170, #1954, #1035 ) ;
#1912 = EDGE_CURVE ( 'NONE', #2343, #457, #1815, .T. ) ;
#1913 = ORIENTED_EDGE ( 'NONE', *, *, #1051, .T. ) ;
#1914 = CIRCLE ( 'NONE', #2163, 13.99999999999999112 ) ;
#1915 = CARTESIAN_POINT ( 'NONE',  ( 17.67766952966372429, 5.649999999999998579, -17.67766952966366745 ) ) ;
#1916 = DIRECTION ( 'NONE',  ( -0.000000000000000000, 1.000000000000000000, -0.000000000000000000 ) ) ;
#1917 = CONICAL_SURFACE ( 'NONE', #1358, 13.99999999999998757, 1.047197551196598964 ) ;
#1918 = DIRECTION ( 'NONE',  ( 0.000000000000000000, 0.000000000000000000, -1.000000000000000000 ) ) ;
#1919 = CARTESIAN_POINT ( 'NONE',  ( 67.95894683899490474, 1.000000000000000888, 1.708348754011518311 ) ) ;
#1920 = ORIENTED_EDGE ( 'NONE', *, *, #2253, .T. ) ;
#1921 = SURFACE_STYLE_USAGE ( .BOTH. , #974 ) ;
#1922 = VECTOR ( 'NONE', #2849, 1000.000000000000000 ) ;
#1923 = AXIS2_PLACEMENT_3D ( 'NONE', #297, #769, #2441 ) ;
#1924 = CYLINDRICAL_SURFACE ( 'NONE', #1581, 5.250000000000000888 ) ;
#1925 = VECTOR ( 'NONE', #2171, 1000.000000000000000 ) ;
#1926 = ORIENTED_EDGE ( 'NONE', *, *, #2623, .F. ) ;
#1927 = AXIS2_PLACEMENT_3D ( 'NONE', #2749, #3011, #1292 ) ;
#1928 = ORIENTED_EDGE ( 'NONE', *, *, #88, .F. ) ;
#1929 = VECTOR ( 'NONE', #1309, 1000.000000000000000 ) ;
#1930 = ADVANCED_FACE ( 'NONE', ( #2540 ), #1284, .T. ) ;
#1931 = CIRCLE ( 'NONE', #442, 3.249999999999999556 ) ;
#1932 = ORIENTED_EDGE ( 'NONE', *, *, #1471, .T. ) ;
#1933 = CARTESIAN_POINT ( 'NONE',  ( -52.37177826491068799, 14.40000000000000036, 49.28941916244325938 ) ) ;
#1934 = DIRECTION ( 'NONE',  ( -0.000000000000000000, 1.000000000000000000, -0.000000000000000000 ) ) ;
#1935 = EDGE_CURVE ( 'NONE', #549, #1582, #1333, .T. ) ;
#1936 = DIRECTION ( 'NONE',  ( -0.8660254037844377084, 0.000000000000000000, -0.5000000000000015543 ) ) ;
#1937 = CARTESIAN_POINT ( 'NONE',  ( 17.67766952966360350, 14.40000000000000036, 17.67766952966378469 ) ) ;
#1938 = PRODUCT_CONTEXT ( 'NONE', #2808, 'mechanical' ) ;
#1939 = CARTESIAN_POINT ( 'NONE',  ( -22.50000000000000000, 14.40000000000000036, -70.00000000000000000 ) ) ;
#1940 = LINE ( 'NONE', #99, #472 ) ;
#1941 = EDGE_CURVE ( 'NONE', #664, #1798, #886, .T. ) ;
#1942 = CARTESIAN_POINT ( 'NONE',  ( -17.67766952966372429, 5.649999999999998579, 17.67766952966366745 ) ) ;
#1943 = ORIENTED_EDGE ( 'NONE', *, *, #3099, .F. ) ;
#1944 = ORIENTED_EDGE ( 'NONE', *, *, #59, .T. ) ;
#1945 = AXIS2_PLACEMENT_3D ( 'NONE', #328, #2091, #1350 ) ;
#1946 = ORIENTED_EDGE ( 'NONE', *, *, #2374, .F. ) ;
#1947 = CARTESIAN_POINT ( 'NONE',  ( -59.29869280115050145, 12.09059892324150809, 6.708348754011517201 ) ) ;
#1948 = CARTESIAN_POINT ( 'NONE',  ( -17.67766952966372429, 5.649999999999998579, 12.42766952966366567 ) ) ;
#1949 = DIRECTION ( 'NONE',  ( -0.000000000000000000, -1.000000000000000000, -0.000000000000000000 ) ) ;
#1950 = DIRECTION ( 'NONE',  ( 0.4999999999999986677, -6.938893903907203134E-15, 0.8660254037844395958 ) ) ;
#1951 = EDGE_CURVE ( 'NONE', #2334, #1637, #1544, .T. ) ;
#1952 = PLANE ( 'NONE',  #1973 ) ;
#1953 = FACE_OUTER_BOUND ( 'NONE', #2757, .T. ) ;
#1954 = DIRECTION ( 'NONE',  ( -0.000000000000000000, 1.000000000000000000, -0.000000000000000000 ) ) ;
#1955 = DIRECTION ( 'NONE',  ( -0.000000000000000000, 1.000000000000000000, -0.000000000000000000 ) ) ;
#1956 = DIRECTION ( 'NONE',  ( 1.000000000000000000, -0.000000000000000000, 1.224646799147353207E-16 ) ) ;
#1957 = ORIENTED_EDGE ( 'NONE', *, *, #600, .T. ) ;
#1958 = ORIENTED_EDGE ( 'NONE', *, *, #144, .T. ) ;
#1959 = ORIENTED_EDGE ( 'NONE', *, *, #2786, .T. ) ;
#1960 = DIRECTION ( 'NONE',  ( 0.000000000000000000, 0.000000000000000000, 1.000000000000000000 ) ) ;
#1961 = DIRECTION ( 'NONE',  ( 0.000000000000000000, 0.000000000000000000, 1.000000000000000000 ) ) ;
#1962 = AXIS2_PLACEMENT_3D ( 'NONE', #380, #2281, #2783 ) ;
#1963 = DIRECTION ( 'NONE',  ( 0.000000000000000000, -1.000000000000000000, 0.000000000000000000 ) ) ;
#1964 = AXIS2_PLACEMENT_3D ( 'NONE', #1546, #1346, #1113 ) ;
#1965 = FACE_OUTER_BOUND ( 'NONE', #206, .T. ) ;
#1966 = CARTESIAN_POINT ( 'NONE',  ( 52.37177826491073773, 1.000000000000000888, 49.28941916244323096 ) ) ;
#1967 = TOROIDAL_SURFACE ( 'NONE', #2514, 7.250000000000000000, 2.000000000000000000 ) ;
#1968 = EDGE_CURVE ( 'NONE', #2791, #926, #2890, .T. ) ;
#1969 = EDGE_CURVE ( 'NONE', #1451, #808, #1273, .T. ) ;
#1970 = CARTESIAN_POINT ( 'NONE',  ( 66.67562584220408439, 12.09059892324148144, 12.51442841485012458 ) ) ;
#1971 = ORIENTED_EDGE ( 'NONE', *, *, #2619, .T. ) ;
#1972 = CIRCLE ( 'NONE', #2880, 1.000000000000000888 ) ;
#1973 = AXIS2_PLACEMENT_3D ( 'NONE', #2707, #1481, #2148 ) ;
#1974 = ORIENTED_EDGE ( 'NONE', *, *, #2377, .F. ) ;
#1975 = AXIS2_PLACEMENT_3D ( 'NONE', #2219, #321, #1707 ) ;
#1976 = STYLED_ITEM ( 'NONE', ( #995 ), #1331 ) ;
#1977 = VERTEX_POINT ( 'NONE', #2750 ) ;
#1978 = DIRECTION ( 'NONE',  ( -1.000000000000000000, 0.000000000000000000, -3.491481338843133355E-15 ) ) ;
#1979 = VECTOR ( 'NONE', #244, 1000.000000000000114 ) ;
#1980 = AXIS2_PLACEMENT_3D ( 'NONE', #270, #1384, #1398 ) ;
#1981 = CIRCLE ( 'NONE', #2526, 10.00000000000000178 ) ;
#1982 = AXIS2_PLACEMENT_3D ( 'NONE', #666, #2084, #953 ) ;
#1983 = CARTESIAN_POINT ( 'NONE',  ( -22.50000000000000000, 1.000000000000000888, -70.00000000000000000 ) ) ;
#1984 = DIRECTION ( 'NONE',  ( 0.000000000000000000, -1.000000000000000000, 0.000000000000000000 ) ) ;
#1985 = EDGE_CURVE ( 'NONE', #1141, #1696, #612, .T. ) ;
#1986 = APPLICATION_PROTOCOL_DEFINITION ( 'draft international standard', 'automotive_design', 1998, #2808 ) ;
#1987 = CARTESIAN_POINT ( 'NONE',  ( -62.95894683899489053, 0.000000000000000000, 10.36860279185590628 ) ) ;
#1988 = CARTESIAN_POINT ( 'NONE',  ( 40.45894683899491184, 0.000000000000000000, 49.33974596215561093 ) ) ;
#1989 = CARTESIAN_POINT ( 'NONE',  ( -21.50000000000014921, -0.000000000000000000, -4.600557313270608761E-14 ) ) ;
#1990 = EDGE_CURVE ( 'NONE', #1514, #651, #482, .T. ) ;
#1991 = CARTESIAN_POINT ( 'NONE',  ( 17.67766952966372429, 5.149999999999998579, -17.67766952966366745 ) ) ;
#1992 = VERTEX_POINT ( 'NONE', #1196 ) ;
#1993 = VERTEX_POINT ( 'NONE', #1649 ) ;
#1994 = EDGE_CURVE ( 'NONE', #1907, #2618, #2351, .T. ) ;
#1995 = ORIENTED_EDGE ( 'NONE', *, *, #2733, .F. ) ;
#1996 = DIRECTION ( 'NONE',  ( 0.000000000000000000, 0.000000000000000000, 1.000000000000000000 ) ) ;
#1997 = CIRCLE ( 'NONE', #1438, 6.000000000000005329 ) ;
#1998 = CARTESIAN_POINT ( 'NONE',  ( 47.17562584220410571, 1.000000000000000888, 46.28941916244323806 ) ) ;
#1999 = CYLINDRICAL_SURFACE ( 'NONE', #2688, 5.999999999999998224 ) ;
#2000 = ORIENTED_EDGE ( 'NONE', *, *, #1561, .T. ) ;
#2001 = EDGE_CURVE ( 'NONE', #163, #2334, #979, .T. ) ;
#2002 = DIRECTION ( 'NONE',  ( -0.000000000000000000, 1.000000000000000000, -0.000000000000000000 ) ) ;
#2003 = LINE ( 'NONE', #2201, #2176 ) ;
#2004 = EDGE_CURVE ( 'NONE', #2871, #2195, #204, .T. ) ;
#2005 = DIRECTION ( 'NONE',  ( 0.8660254037844385966, 0.000000000000000000, 0.5000000000000002220 ) ) ;
#2006 = VERTEX_POINT ( 'NONE', #3047 ) ;
#2007 = AXIS2_PLACEMENT_3D ( 'NONE', #109, #675, #1856 ) ;
#2008 = EDGE_LOOP ( 'NONE', ( #2812, #2513, #1827, #151 ) ) ;
#2009 = EDGE_LOOP ( 'NONE', ( #1111, #2397, #1500, #2756 ) ) ;
#2010 = ORIENTED_EDGE ( 'NONE', *, *, #464, .T. ) ;
#2011 = DIRECTION ( 'NONE',  ( -0.8660254037844384856, 0.000000000000000000, -0.5000000000000002220 ) ) ;
#2012 = DIRECTION ( 'NONE',  ( 0.8660254037844385966, 0.000000000000000000, 0.5000000000000000000 ) ) ;
#2013 = DIRECTION ( 'NONE',  ( 0.000000000000000000, 1.000000000000000000, 0.000000000000000000 ) ) ;
#2014 = ORIENTED_EDGE ( 'NONE', *, *, #1852, .F. ) ;
#2015 = DIRECTION ( 'NONE',  ( 1.000000000000000000, 0.000000000000000000, 0.000000000000000000 ) ) ;
#2016 = CIRCLE ( 'NONE', #1408, 1.000000000000000888 ) ;
#2017 = CARTESIAN_POINT ( 'NONE',  ( 59.29869280115052277, 12.09059892324150631, 6.708348754011518089 ) ) ;
#2018 = CARTESIAN_POINT ( 'NONE',  ( 17.67766952966360350, 12.40000000000000036, 24.92766952966378469 ) ) ;
#2019 = ORIENTED_EDGE ( 'NONE', *, *, #141, .T. ) ;
#2020 = EDGE_LOOP ( 'NONE', ( #2541, #19, #1633, #1583 ) ) ;
#2021 = VECTOR ( 'NONE', #2532, 1000.000000000000000 ) ;
#2022 = ORIENTED_EDGE ( 'NONE', *, *, #1478, .T. ) ;
#2023 = AXIS2_PLACEMENT_3D ( 'NONE', #876, #1580, #1548 ) ;
#2024 = EDGE_CURVE ( 'NONE', #942, #44, #916, .T. ) ;
#2025 = VECTOR ( 'NONE', #15, 1000.000000000000000 ) ;
#2026 = TOROIDAL_SURFACE ( 'NONE', #833, 5.000000000000000000, 1.000000000000000000 ) ;
#2027 = DIRECTION ( 'NONE',  ( -0.5000000000000001110, 1.734723475976805714E-15, 0.8660254037844388186 ) ) ;
#2028 = CARTESIAN_POINT ( 'NONE',  ( 17.67766952966360350, 5.149999999999998579, 17.67766952966378469 ) ) ;
#2029 = AXIS2_PLACEMENT_3D ( 'NONE', #611, #375, #1315 ) ;
#2030 = AXIS2_PLACEMENT_3D ( 'NONE', #1806, #2558, #2530 ) ;
#2031 = ORIENTED_EDGE ( 'NONE', *, *, #419, .T. ) ;
#2032 = DIRECTION ( 'NONE',  ( -0.5000000000000000000, 0.000000000000000000, -0.8660254037844385966 ) ) ;
#2033 = CARTESIAN_POINT ( 'NONE',  ( 52.37177826491073773, 12.09059892324150809, 49.28941916244323096 ) ) ;
#2034 = CARTESIAN_POINT ( 'NONE',  ( 10.74999999999990230, 0.000000000000000000, -18.61954618136535089 ) ) ;
#2035 = DIRECTION ( 'NONE',  ( 0.000000000000000000, -1.000000000000000000, 0.000000000000000000 ) ) ;
#2036 = ORIENTED_EDGE ( 'NONE', *, *, #842, .F. ) ;
#2037 = EDGE_CURVE ( 'NONE', #1679, #1340, #828, .T. ) ;
#2038 = ORIENTED_EDGE ( 'NONE', *, *, #613, .F. ) ;
#2039 = EDGE_CURVE ( 'NONE', #891, #1661, #1863, .T. ) ;
#2040 = DIRECTION ( 'NONE',  ( 0.000000000000000000, -1.000000000000000000, 0.000000000000000000 ) ) ;
#2041 = DIRECTION ( 'NONE',  ( 0.000000000000000000, 0.000000000000000000, 1.000000000000000000 ) ) ;
#2042 = EDGE_LOOP ( 'NONE', ( #516, #2338, #897, #807 ) ) ;
#2043 = CARTESIAN_POINT ( 'NONE',  ( -51.50575286112625406, 1.000000000000000000, 48.78941916244325938 ) ) ;
#2044 = CARTESIAN_POINT ( 'NONE',  ( -51.50575286112625406, 0.000000000000000000, 48.78941916244325938 ) ) ;
#2045 = LINE ( 'NONE', #1536, #3021 ) ;
#2046 = DIRECTION ( 'NONE',  ( -0.4999999999999998335, 0.000000000000000000, 0.8660254037844388186 ) ) ;
#2047 = ORIENTED_EDGE ( 'NONE', *, *, #2639, .F. ) ;
#2048 = EDGE_LOOP ( 'NONE', ( #1011, #1199, #157, #1311 ) ) ;
#2049 = VERTEX_POINT ( 'NONE', #2367 ) ;
#2050 = CARTESIAN_POINT ( 'NONE',  ( -16.50000000000001421, 14.40000000000000036, -64.00000000000000000 ) ) ;
#2051 = CARTESIAN_POINT ( 'NONE',  ( 17.67766952966372429, 0.000000000000000000, -14.42766952966366745 ) ) ;
#2052 = ORIENTED_EDGE ( 'NONE', *, *, #2863, .F. ) ;
#2053 = EDGE_LOOP ( 'NONE', ( #829, #1757 ) ) ;
#2054 = DIRECTION ( 'NONE',  ( 0.000000000000000000, 0.000000000000000000, -1.000000000000000000 ) ) ;
#2055 = CARTESIAN_POINT ( 'NONE',  ( -35.45894683899486921, 12.09059892324149388, 48.00000000000001421 ) ) ;
#2056 = EDGE_CURVE ( 'NONE', #1831, #2260, #726, .T. ) ;
#2057 = DIRECTION ( 'NONE',  ( 0.000000000000000000, -1.000000000000000000, 0.000000000000000000 ) ) ;
#2058 = PLANE ( 'NONE',  #878 ) ;
#2059 = VERTEX_POINT ( 'NONE', #967 ) ;
#2060 = CARTESIAN_POINT ( 'NONE',  ( 62.95894683899493316, 1.000000000000000888, 10.36860279185589739 ) ) ;
#2061 = AXIS2_PLACEMENT_3D ( 'NONE', #2137, #1672, #494 ) ;
#2062 = ORIENTED_EDGE ( 'NONE', *, *, #1081, .T. ) ;
#2063 = ORIENTED_EDGE ( 'NONE', *, *, #1726, .F. ) ;
#2064 = AXIS2_PLACEMENT_3D ( 'NONE', #861, #2057, #356 ) ;
#2065 = DIRECTION ( 'NONE',  ( 0.000000000000000000, 0.000000000000000000, 1.000000000000000000 ) ) ;
#2066 = AXIS2_PLACEMENT_3D ( 'NONE', #441, #487, #2336 ) ;
#2067 = FACE_OUTER_BOUND ( 'NONE', #2771, .T. ) ;
#2068 = EDGE_CURVE ( 'NONE', #2782, #1145, #1127, .T. ) ;
#2069 = AXIS2_PLACEMENT_3D ( 'NONE', #1200, #2393, #703 ) ;
#2070 = CIRCLE ( 'NONE', #1923, 0.5000000000000004441 ) ;
#2071 = VERTEX_POINT ( 'NONE', #2109 ) ;
#2072 = CYLINDRICAL_SURFACE ( 'NONE', #2264, 0.9999999999999978906 ) ;
#2073 = AXIS2_PLACEMENT_3D ( 'NONE', #1332, #1305, #154 ) ;
#2074 = EDGE_CURVE ( 'NONE', #877, #2224, #2172, .T. ) ;
#2075 = AXIS2_PLACEMENT_3D ( 'NONE', #1377, #889, #2083 ) ;
#2076 = DIRECTION ( 'NONE',  ( -0.000000000000000000, 1.000000000000000000, -0.000000000000000000 ) ) ;
#2077 = PLANE ( 'NONE',  #2883 ) ;
#2078 = VECTOR ( 'NONE', #2847, 1000.000000000000114 ) ;
#2079 = ORIENTED_EDGE ( 'NONE', *, *, #1464, .F. ) ;
#2080 = CARTESIAN_POINT ( 'NONE',  ( 68.00575286112629669, 1.000000000000000000, 20.21058083755675838 ) ) ;
#2081 = ORIENTED_EDGE ( 'NONE', *, *, #2454, .F. ) ;
#2082 = EDGE_LOOP ( 'NONE', ( #548, #16, #347, #631 ) ) ;
#2083 = DIRECTION ( 'NONE',  ( 0.000000000000000000, 0.000000000000000000, -1.000000000000000000 ) ) ;
#2084 = DIRECTION ( 'NONE',  ( -0.8660254037844382635, -8.673617379884049277E-16, 0.5000000000000008882 ) ) ;
#2085 = ORIENTED_EDGE ( 'NONE', *, *, #2068, .F. ) ;
#2086 = DIRECTION ( 'NONE',  ( 0.000000000000000000, 1.000000000000000000, 0.000000000000000000 ) ) ;
#2087 = CARTESIAN_POINT ( 'NONE',  ( 17.67766952966372429, 5.649999999999998579, -17.67766952966366745 ) ) ;
#2088 = EDGE_CURVE ( 'NONE', #2112, #1977, #714, .T. ) ;
#2089 = LINE ( 'NONE', #1400, #1979 ) ;
#2090 = DIRECTION ( 'NONE',  ( -0.000000000000000000, 1.000000000000000000, -0.000000000000000000 ) ) ;
#2091 = DIRECTION ( 'NONE',  ( -0.000000000000000000, 1.000000000000000000, -0.000000000000000000 ) ) ;
#2092 = DIRECTION ( 'NONE',  ( -0.8660254037844384856, 0.000000000000000000, -0.5000000000000002220 ) ) ;
#2093 = ORIENTED_EDGE ( 'NONE', *, *, #12, .F. ) ;
#2094 = ORIENTED_EDGE ( 'NONE', *, *, #502, .F. ) ;
#2095 = CARTESIAN_POINT ( 'NONE',  ( -40.95894683899488342, 1.000000000000000000, 48.47372055837119831 ) ) ;
#2096 = CARTESIAN_POINT ( 'NONE',  ( 60.95894683899491184, 14.40000000000000036, 13.83270440699369530 ) ) ;
#2097 = ORIENTED_EDGE ( 'NONE', *, *, #3042, .T. ) ;
#2098 = EDGE_LOOP ( 'NONE', ( #2502, #2751, #1864, #1068 ) ) ;
#2099 = EDGE_CURVE ( 'NONE', #594, #2343, #234, .T. ) ;
#2100 = CARTESIAN_POINT ( 'NONE',  ( 35.45894683899490474, 14.40000000000000036, 47.99999999999999289 ) ) ;
#2101 = CARTESIAN_POINT ( 'NONE',  ( 62.45894683899492605, 0.000000000000000000, 11.23462819564035264 ) ) ;
#2102 = DIRECTION ( 'NONE',  ( -0.000000000000000000, 1.000000000000000000, 0.000000000000000000 ) ) ;
#2103 = CARTESIAN_POINT ( 'NONE',  ( 16.50000000000000000, 12.09059892324149388, -70.00000000000000000 ) ) ;
#2104 = DIRECTION ( 'NONE',  ( 0.000000000000000000, 0.000000000000000000, -1.000000000000000000 ) ) ;
#2105 = ORIENTED_EDGE ( 'NONE', *, *, #2056, .F. ) ;
#2106 = VERTEX_POINT ( 'NONE', #2588 ) ;
#2107 = VECTOR ( 'NONE', #1624, 1000.000000000000114 ) ;
#2108 = DIRECTION ( 'NONE',  ( 0.000000000000000000, 1.000000000000000000, 0.000000000000000000 ) ) ;
#2109 = CARTESIAN_POINT ( 'NONE',  ( 23.83974596215561803, 12.09059892324150631, -54.70834875401148167 ) ) ;
#2110 = ADVANCED_FACE ( 'NONE', ( #1910 ), #1898, .T. ) ;
#2111 = VECTOR ( 'NONE', #3052, 1000.000000000000114 ) ;
#2112 = VERTEX_POINT ( 'NONE', #2860 ) ;
#2113 = CARTESIAN_POINT ( 'NONE',  ( -16.50000000000001421, 1.000000000000000888, -64.00000000000000000 ) ) ;
#2114 = CYLINDRICAL_SURFACE ( 'NONE', #2475, 5.250000000000000888 ) ;
#2115 = AXIS2_PLACEMENT_3D ( 'NONE', #930, #961, #2820 ) ;
#2116 = VECTOR ( 'NONE', #1837, 1000.000000000000000 ) ;
#2117 = EDGE_CURVE ( 'NONE', #1180, #1840, #2780, .T. ) ;
#2118 = DIRECTION ( 'NONE',  ( 0.000000000000000000, -1.000000000000000000, 0.000000000000000000 ) ) ;
#2119 = LINE ( 'NONE', #474, #2830 ) ;
#2120 = ORIENTED_EDGE ( 'NONE', *, *, #2253, .F. ) ;
#2121 = CIRCLE ( 'NONE', #1575, 2.000000000000001776 ) ;
#2122 = CIRCLE ( 'NONE', #1474, 6.000000000000000000 ) ;
#2123 = DIRECTION ( 'NONE',  ( 0.000000000000000000, 0.000000000000000000, -1.000000000000000000 ) ) ;
#2124 = CIRCLE ( 'NONE', #1528, 0.5000000000000004441 ) ;
#2125 = VECTOR ( 'NONE', #1620, 1000.000000000000114 ) ;
#2126 = CARTESIAN_POINT ( 'NONE',  ( -66.17562584220407018, 0.000000000000000000, 13.38045381863460292 ) ) ;
#2127 = ORIENTED_EDGE ( 'NONE', *, *, #1256, .F. ) ;
#2128 = ORIENTED_EDGE ( 'NONE', *, *, #2746, .T. ) ;
#2129 = ADVANCED_FACE ( 'NONE', ( #1143 ), #1177, .T. ) ;
#2130 = DIRECTION ( 'NONE',  ( -2.139794099195617525E-15, -0.000000000000000000, 1.000000000000000000 ) ) ;
#2131 = CARTESIAN_POINT ( 'NONE',  ( -16.50000000000001421, 0.000000000000000000, -64.00000000000000000 ) ) ;
#2132 = ORIENTED_EDGE ( 'NONE', *, *, #194, .T. ) ;
#2133 = PLANE ( 'NONE',  #1116 ) ;
#2134 = DIRECTION ( 'NONE',  ( -2.139794099195617525E-15, 0.000000000000000000, 1.000000000000000000 ) ) ;
#2135 = DIRECTION ( 'NONE',  ( 0.8660254037844377084, 0.000000000000000000, -0.5000000000000015543 ) ) ;
#2136 = DIRECTION ( 'NONE',  ( -0.8660254037844395958, 0.000000000000000000, -0.4999999999999982236 ) ) ;
#2137 = CARTESIAN_POINT ( 'NONE',  ( 17.67766952966372429, 5.649999999999998579, -17.67766952966366745 ) ) ;
#2138 = DIRECTION ( 'NONE',  ( -4.625929269271485322E-15, 0.000000000000000000, -1.000000000000000000 ) ) ;
#2139 = CARTESIAN_POINT ( 'NONE',  ( 35.45894683899490474, 1.000000000000000888, 57.99999999999999289 ) ) ;
#2140 = ORIENTED_EDGE ( 'NONE', *, *, #2646, .F. ) ;
#2141 = EDGE_CURVE ( 'NONE', #3009, #2848, #941, .T. ) ;
#2142 = ORIENTED_EDGE ( 'NONE', *, *, #2419, .F. ) ;
#2143 = DIRECTION ( 'NONE',  ( -0.000000000000000000, 1.000000000000000000, -0.000000000000000000 ) ) ;
#2144 = CARTESIAN_POINT ( 'NONE',  ( -22.50000000000002132, 14.40000000000000036, -59.70834875401147457 ) ) ;
#2145 = ORIENTED_EDGE ( 'NONE', *, *, #1515, .F. ) ;
#2146 = DIRECTION ( 'NONE',  ( 1.000000000000000000, 0.000000000000000000, 1.047444401652940007E-14 ) ) ;
#2147 = DIRECTION ( 'NONE',  ( 0.000000000000000000, 0.000000000000000000, -1.000000000000000000 ) ) ;
#2148 = DIRECTION ( 'NONE',  ( 0.5000000000000003331, 0.000000000000000000, 0.8660254037844384856 ) ) ;
#2149 = CARTESIAN_POINT ( 'NONE',  ( -17.67766952966348271, 0.000000000000000000, -20.92766952966390548 ) ) ;
#2150 = EDGE_LOOP ( 'NONE', ( #2097, #2432, #622, #1564 ) ) ;
#2151 = SURFACE_STYLE_FILL_AREA ( #2410 ) ;
#2152 = EDGE_CURVE ( 'NONE', #1760, #2159, #2555, .T. ) ;
#2153 = CARTESIAN_POINT ( 'NONE',  ( -66.67562584220407018, 14.40000000000000036, 12.51442841485016189 ) ) ;
#2154 = ADVANCED_FACE ( 'NONE', ( #189 ), #1533, .T. ) ;
#2155 = ORIENTED_EDGE ( 'NONE', *, *, #1714, .F. ) ;
#2156 = EDGE_CURVE ( 'NONE', #3009, #1538, #1972, .T. ) ;
#2157 = ORIENTED_EDGE ( 'NONE', *, *, #1803, .F. ) ;
#2158 = AXIS2_PLACEMENT_3D ( 'NONE', #211, #2598, #1222 ) ;
#2159 = VERTEX_POINT ( 'NONE', #48 ) ;
#2160 = DIRECTION ( 'NONE',  ( 0.000000000000000000, 1.000000000000000000, 0.000000000000000000 ) ) ;
#2161 = CARTESIAN_POINT ( 'NONE',  ( -17.67766952966348271, 5.149999999999998579, -17.67766952966390548 ) ) ;
#2162 = EDGE_LOOP ( 'NONE', ( #214, #1974, #1084, #436 ) ) ;
#2163 = AXIS2_PLACEMENT_3D ( 'NONE', #1060, #1805, #2763 ) ;
#2164 = CARTESIAN_POINT ( 'NONE',  ( 17.67766952966360350, 5.149999999999998579, 17.67766952966378469 ) ) ;
#2165 = EDGE_CURVE ( 'NONE', #822, #1131, #1455, .T. ) ;
#2166 = CARTESIAN_POINT ( 'NONE',  ( -44.17562584220405597, 14.40000000000000036, 51.48557158514988430 ) ) ;
#2167 = VECTOR ( 'NONE', #671, 1000.000000000000000 ) ;
#2168 = DIRECTION ( 'NONE',  ( 0.000000000000000000, -1.000000000000000000, 0.000000000000000000 ) ) ;
#2169 = ADVANCED_FACE ( 'NONE', ( #1686 ), #2657, .F. ) ;
#2170 = CARTESIAN_POINT ( 'NONE',  ( 16.50000000000000000, 14.40000000000000036, -64.00000000000000000 ) ) ;
#2171 = DIRECTION ( 'NONE',  ( 1.000000000000000000, 0.000000000000000000, -2.729094633489546323E-16 ) ) ;
#2172 = CIRCLE ( 'NONE', #346, 0.9999999999999978906 ) ;
#2173 = AXIS2_PLACEMENT_3D ( 'NONE', #1249, #2214, #79 ) ;
#2174 = TOROIDAL_SURFACE ( 'NONE', #2571, 7.250000000000000000, 2.000000000000000000 ) ;
#2175 = FACE_BOUND ( 'NONE', #1874, .T. ) ;
#2176 = VECTOR ( 'NONE', #1061, 1000.000000000000000 ) ;
#2177 = EDGE_LOOP ( 'NONE', ( #2955, #1009, #2391, #1023 ) ) ;
#2178 = AXIS2_PLACEMENT_3D ( 'NONE', #2164, #30, #2897 ) ;
#2179 = ORIENTED_EDGE ( 'NONE', *, *, #2346, .F. ) ;
#2180 = AXIS2_PLACEMENT_3D ( 'NONE', #1937, #1963, #781 ) ;
#2181 = AXIS2_PLACEMENT_3D ( 'NONE', #2095, #1406, #422 ) ;
#2182 = ORIENTED_EDGE ( 'NONE', *, *, #894, .T. ) ;
#2183 = CARTESIAN_POINT ( 'NONE',  ( 63.67562584220409860, 0.000000000000000000, 17.71058083755675838 ) ) ;
#2184 = CARTESIAN_POINT ( 'NONE',  ( -17.67766952966372429, 0.000000000000000000, 14.42766952966366745 ) ) ;
#2185 = CARTESIAN_POINT ( 'NONE',  ( -16.50000000000001421, 1.000000000000000888, -70.00000000000000000 ) ) ;
#2186 = CYLINDRICAL_SURFACE ( 'NONE', #1031, 5.250000000000000888 ) ;
#2187 = DIRECTION ( 'NONE',  ( 0.000000000000000000, 0.000000000000000000, -1.000000000000000000 ) ) ;
#2188 = DIRECTION ( 'NONE',  ( 0.000000000000000000, 0.000000000000000000, -1.000000000000000000 ) ) ;
#2189 = DIRECTION ( 'NONE',  ( 0.8660254037844382635, 0.000000000000000000, -0.5000000000000004441 ) ) ;
#2190 = EDGE_CURVE ( 'NONE', #1451, #1636, #518, .T. ) ;
#2191 = FACE_OUTER_BOUND ( 'NONE', #3100, .T. ) ;
#2192 = CARTESIAN_POINT ( 'NONE',  ( -22.50000000000002842, 12.09059892324149388, -57.02885682970026693 ) ) ;
#2193 = EDGE_LOOP ( 'NONE', ( #1944, #1466 ) ) ;
#2194 = ORIENTED_EDGE ( 'NONE', *, *, #286, .T. ) ;
#2195 = VERTEX_POINT ( 'NONE', #1440 ) ;
#2196 = FACE_OUTER_BOUND ( 'NONE', #1799, .T. ) ;
#2197 = DIRECTION ( 'NONE',  ( -0.000000000000000000, 1.000000000000000000, -0.000000000000000000 ) ) ;
#2198 = CARTESIAN_POINT ( 'NONE',  ( 67.95894683899490474, 1.000000000000000888, 1.708348754011518311 ) ) ;
#2199 = DIRECTION ( 'NONE',  ( 0.000000000000000000, -1.000000000000000000, 0.000000000000000000 ) ) ;
#2200 = CARTESIAN_POINT ( 'NONE',  ( 17.67766952966360350, 0.000000000000000000, 20.92766952966378469 ) ) ;
#2201 = CARTESIAN_POINT ( 'NONE',  ( 59.29869280115052277, 12.09059892324150631, 6.708348754011514536 ) ) ;
#2202 = CARTESIAN_POINT ( 'NONE',  ( 17.67766952966372429, 12.40000000000000036, -12.42766952966366567 ) ) ;
#2203 = VERTEX_POINT ( 'NONE', #1948 ) ;
#2204 = ORIENTED_EDGE ( 'NONE', *, *, #2743, .F. ) ;
#2205 = EDGE_LOOP ( 'NONE', ( #1352, #560, #601, #1569 ) ) ;
#2206 = ORIENTED_EDGE ( 'NONE', *, *, #1611, .F. ) ;
#2207 = EDGE_CURVE ( 'NONE', #1692, #813, #2910, .T. ) ;
#2208 = CARTESIAN_POINT ( 'NONE',  ( 17.67766952966360350, 5.649999999999998579, 17.67766952966378469 ) ) ;
#2209 = ADVANCED_FACE ( 'NONE', ( #985 ), #1213, .T. ) ;
#2210 = CARTESIAN_POINT ( 'NONE',  ( 48.90767664977298068, 14.40000000000000036, 47.28941916244323096 ) ) ;
#2211 = AXIS2_PLACEMENT_3D ( 'NONE', #830, #846, #2482 ) ;
#2212 = DIRECTION ( 'NONE',  ( -0.8660254037844395958, 0.000000000000000000, -0.4999999999999982236 ) ) ;
#2213 = AXIS2_PLACEMENT_3D ( 'NONE', #2741, #602, #1601 ) ;
#2214 = DIRECTION ( 'NONE',  ( 0.000000000000000000, -1.000000000000000000, 0.000000000000000000 ) ) ;
#2215 = DIRECTION ( 'NONE',  ( 0.000000000000000000, -1.000000000000000000, 0.000000000000000000 ) ) ;
#2216 = DIRECTION ( 'NONE',  ( -0.000000000000000000, -1.000000000000000000, -0.000000000000000000 ) ) ;
#2217 = DIRECTION ( 'NONE',  ( -0.000000000000000000, 1.000000000000000000, -0.000000000000000000 ) ) ;
#2218 = AXIS2_PLACEMENT_3D ( 'NONE', #1719, #785, #272 ) ;
#2219 = CARTESIAN_POINT ( 'NONE',  ( -17.67766952966348271, 12.40000000000000036, -17.67766952966390548 ) ) ;
#2220 = ORIENTED_EDGE ( 'NONE', *, *, #2719, .T. ) ;
#2221 = VECTOR ( 'NONE', #468, 1000.000000000000000 ) ;
#2222 = PRODUCT_DEFINITION_FORMATION_WITH_SPECIFIED_SOURCE ( 'ANY', '', #1615, .NOT_KNOWN. ) ;
#2223 = CIRCLE ( 'NONE', #335, 13.99999999999999112 ) ;
#2224 = VERTEX_POINT ( 'NONE', #722 ) ;
#2225 = AXIS2_PLACEMENT_3D ( 'NONE', #2855, #1906, #261 ) ;
#2226 = VECTOR ( 'NONE', #1448, 1000.000000000000000 ) ;
#2227 = ORIENTED_EDGE ( 'NONE', *, *, #1493, .F. ) ;
#2228 = CIRCLE ( 'NONE', #2988, 11.00000000000000355 ) ;
#2229 = CIRCLE ( 'NONE', #1365, 3.249999999999999556 ) ;
#2230 = FACE_OUTER_BOUND ( 'NONE', #951, .T. ) ;
#2231 = VECTOR ( 'NONE', #2944, 1000.000000000000000 ) ;
#2232 = ADVANCED_FACE ( 'NONE', ( #2651 ), #1924, .F. ) ;
#2233 = AXIS2_PLACEMENT_3D ( 'NONE', #2345, #496, #212 ) ;
#2234 = FACE_OUTER_BOUND ( 'NONE', #2939, .T. ) ;
#2235 = DIRECTION ( 'NONE',  ( 0.000000000000000000, 0.000000000000000000, -1.000000000000000000 ) ) ;
#2236 = DIRECTION ( 'NONE',  ( 0.000000000000000000, 0.000000000000000000, -1.000000000000000000 ) ) ;
#2237 = DIRECTION ( 'NONE',  ( 0.000000000000000000, 0.000000000000000000, 1.000000000000000000 ) ) ;
#2238 = CARTESIAN_POINT ( 'NONE',  ( 17.67766952966360350, 5.649999999999998579, 17.67766952966378469 ) ) ;
#2239 = DIRECTION ( 'NONE',  ( -0.000000000000000000, 1.000000000000000000, -0.000000000000000000 ) ) ;
#2240 = ORIENTED_EDGE ( 'NONE', *, *, #399, .T. ) ;
#2241 = EDGE_LOOP ( 'NONE', ( #746, #213, #592, #2405 ) ) ;
#2242 = EDGE_CURVE ( 'NONE', #3064, #1556, #1138, .T. ) ;
#2243 = EDGE_LOOP ( 'NONE', ( #609, #1468, #1539, #1095 ) ) ;
#2244 = CARTESIAN_POINT ( 'NONE',  ( -32.50000000000002842, 14.40000000000000036, -59.70834875401149588 ) ) ;
#2245 = DIRECTION ( 'NONE',  ( 0.000000000000000000, -1.000000000000000000, 0.000000000000000000 ) ) ;
#2246 = CARTESIAN_POINT ( 'NONE',  ( 17.67766952966372429, 14.40000000000000036, -17.67766952966366745 ) ) ;
#2247 = EDGE_LOOP ( 'NONE', ( #1290, #46, #1610, #1895 ) ) ;
#2248 = LINE ( 'NONE', #170, #530 ) ;
#2249 = CARTESIAN_POINT ( 'NONE',  ( 58.43266739736607462, 0.000000000000000000, 7.208348754011521642 ) ) ;
#2250 = DIRECTION ( 'NONE',  ( 0.000000000000000000, -1.000000000000000000, 0.000000000000000000 ) ) ;
#2251 = EDGE_LOOP ( 'NONE', ( #2, #2712, #1171, #361 ) ) ;
#2252 = AXIS2_PLACEMENT_3D ( 'NONE', #2547, #431, #1370 ) ;
#2253 = EDGE_CURVE ( 'NONE', #2565, #549, #492, .T. ) ;
#2254 = ORIENTED_EDGE ( 'NONE', *, *, #585, .T. ) ;
#2255 = ORIENTED_EDGE ( 'NONE', *, *, #2531, .F. ) ;
#2256 = LINE ( 'NONE', #1291, #1758 ) ;
#2257 = LINE ( 'NONE', #598, #1629 ) ;
#2258 = DIRECTION ( 'NONE',  ( 0.000000000000000000, 1.000000000000000000, 0.000000000000000000 ) ) ;
#2259 = CIRCLE ( 'NONE', #2158, 13.99999999999998934 ) ;
#2260 = VERTEX_POINT ( 'NONE', #1880 ) ;
#2261 = EDGE_CURVE ( 'NONE', #163, #2301, #463, .T. ) ;
#2262 = PLANE ( 'NONE',  #2364 ) ;
#2263 = DIRECTION ( 'NONE',  ( 1.000000000000000000, 0.000000000000000000, 1.057355261547768006E-14 ) ) ;
#2264 = AXIS2_PLACEMENT_3D ( 'NONE', #1308, #1075, #2799 ) ;
#2265 = ADVANCED_FACE ( 'NONE', ( #2362 ), #832, .T. ) ;
#2266 = FACE_OUTER_BOUND ( 'NONE', #2243, .T. ) ;
#2267 = DIRECTION ( 'NONE',  ( 0.000000000000000000, 0.000000000000000000, 1.000000000000000000 ) ) ;
#2268 = ORIENTED_EDGE ( 'NONE', *, *, #1503, .F. ) ;
#2269 = VECTOR ( 'NONE', #2102, 1000.000000000000000 ) ;
#2270 = EDGE_LOOP ( 'NONE', ( #2306, #2132, #1488, #2014 ) ) ;
#2271 = AXIS2_PLACEMENT_3D ( 'NONE', #1862, #2826, #2793 ) ;
#2272 = CIRCLE ( 'NONE', #983, 7.249999999999999112 ) ;
#2273 = CIRCLE ( 'NONE', #483, 6.000000000000005329 ) ;
#2274 = AXIS2_PLACEMENT_3D ( 'NONE', #2380, #1623, #429 ) ;
#2275 = VECTOR ( 'NONE', #1252, 1000.000000000000114 ) ;
#2276 = CARTESIAN_POINT ( 'NONE',  ( -44.17562584220405597, 12.09059892324146723, 51.48557158514988430 ) ) ;
#2277 = VECTOR ( 'NONE', #921, 1000.000000000000000 ) ;
#2278 = CIRCLE ( 'NONE', #2527, 5.000000000000000888 ) ;
#2279 = ORIENTED_EDGE ( 'NONE', *, *, #515, .F. ) ;
#2280 = ADVANCED_FACE ( 'NONE', ( #1435 ), #288, .T. ) ;
#2281 = DIRECTION ( 'NONE',  ( 0.000000000000000000, 1.000000000000000000, 0.000000000000000000 ) ) ;
#2282 = DIRECTION ( 'NONE',  ( 1.000000000000000000, 0.000000000000000000, 0.000000000000000000 ) ) ;
#2283 = CARTESIAN_POINT ( 'NONE',  ( -22.97372055837120541, 0.000000000000000000, -54.20834875401149588 ) ) ;
#2284 = LINE ( 'NONE', #1807, #778 ) ;
#2285 = ORIENTED_EDGE ( 'NONE', *, *, #894, .F. ) ;
#2286 = ORIENTED_EDGE ( 'NONE', *, *, #1216, .T. ) ;
#2287 = VERTEX_POINT ( 'NONE', #2870 ) ;
#2288 = CARTESIAN_POINT ( 'NONE',  ( 40.95894683899491184, 0.000000000000000000, 48.47372055837117699 ) ) ;
#2289 = CARTESIAN_POINT ( 'NONE',  ( -17.67766952966348271, 12.40000000000000036, -24.92766952966390548 ) ) ;
#2290 = ADVANCED_FACE ( 'NONE', ( #1388 ), #485, .T. ) ;
#2291 = EDGE_LOOP ( 'NONE', ( #2690, #128, #224, #2305 ) ) ;
#2292 = CARTESIAN_POINT ( 'NONE',  ( 62.95894683899491895, 12.09059892324150809, 10.36860279185591338 ) ) ;
#2293 = FACE_OUTER_BOUND ( 'NONE', #1093, .T. ) ;
#2294 = EDGE_CURVE ( 'NONE', #2797, #1818, #2773, .T. ) ;
#2295 = EDGE_CURVE ( 'NONE', #1711, #1228, #2272, .T. ) ;
#2296 = DIRECTION ( 'NONE',  ( 1.364547316744766999E-16, 0.8660254037844400399, 0.4999999999999977240 ) ) ;
#2297 = DIRECTION ( 'NONE',  ( 0.5000000000000002220, 0.000000000000000000, 0.8660254037844384856 ) ) ;
#2298 = ORIENTED_EDGE ( 'NONE', *, *, #692, .T. ) ;
#2299 = ORIENTED_EDGE ( 'NONE', *, *, #127, .F. ) ;
#2300 = ADVANCED_FACE ( 'NONE', ( #2399 ), #742, .T. ) ;
#2301 = VERTEX_POINT ( 'NONE', #247 ) ;
#2302 = EDGE_CURVE ( 'NONE', #608, #1679, #2332, .T. ) ;
#2303 = DIRECTION ( 'NONE',  ( -1.892425610156517368E-15, 0.000000000000000000, -1.000000000000000000 ) ) ;
#2304 = DIRECTION ( 'NONE',  ( 0.000000000000000000, 0.000000000000000000, -1.000000000000000000 ) ) ;
#2305 = ORIENTED_EDGE ( 'NONE', *, *, #2295, .F. ) ;
#2306 = ORIENTED_EDGE ( 'NONE', *, *, #965, .F. ) ;
#2307 = DIRECTION ( 'NONE',  ( 0.5000000000000016653, 2.539811442995006553E-15, 0.8660254037844378194 ) ) ;
#2308 = CARTESIAN_POINT ( 'NONE',  ( -35.45894683899486921, 12.09059892324150809, 48.00000000000001421 ) ) ;
#2309 = DIRECTION ( 'NONE',  ( -0.5000000000000003331, 0.000000000000000000, 0.8660254037844385966 ) ) ;
#2310 = ORIENTED_EDGE ( 'NONE', *, *, #382, .F. ) ;
#2311 = CYLINDRICAL_SURFACE ( 'NONE', #1253, 10.00000000000000178 ) ;
#2312 = CIRCLE ( 'NONE', #376, 5.250000000000000888 ) ;
#2313 = ORIENTED_EDGE ( 'NONE', *, *, #727, .T. ) ;
#2314 = EDGE_LOOP ( 'NONE', ( #92, #918, #1329, #2052 ) ) ;
#2315 = CIRCLE ( 'NONE', #1773, 10.00000000000000178 ) ;
#2316 = FACE_OUTER_BOUND ( 'NONE', #2667, .T. ) ;
#2317 = VECTOR ( 'NONE', #2759, 999.9999999999997726 ) ;
#2318 = DIRECTION ( 'NONE',  ( 1.000000000000000000, -0.000000000000000000, 1.224646799147353207E-16 ) ) ;
#2319 = ADVANCED_FACE ( 'NONE', ( #1190 ), #3057, .T. ) ;
#2320 = AXIS2_PLACEMENT_3D ( 'NONE', #1485, #1267, #1756 ) ;
#2321 = CIRCLE ( 'NONE', #1322, 3.750000000000000000 ) ;
#2322 = ADVANCED_FACE ( 'NONE', ( #1857 ), #1631, .T. ) ;
#2323 = ORIENTED_EDGE ( 'NONE', *, *, #2037, .F. ) ;
#2324 = DIRECTION ( 'NONE',  ( -0.000000000000000000, 1.000000000000000000, -0.000000000000000000 ) ) ;
#2325 = CIRCLE ( 'NONE', #882, 10.99999999999999645 ) ;
#2326 = CARTESIAN_POINT ( 'NONE',  ( -68.87177826491070221, 12.09059892324150809, 20.71058083755679391 ) ) ;
#2327 = VECTOR ( 'NONE', #2814, 1000.000000000000000 ) ;
#2328 = AXIS2_PLACEMENT_3D ( 'NONE', #1616, #484, #940 ) ;
#2329 = CARTESIAN_POINT ( 'NONE',  ( -35.45894683899486921, 12.09059892324150809, 58.00000000000001421 ) ) ;
#2330 = ORIENTED_EDGE ( 'NONE', *, *, #2374, .T. ) ;
#2331 = DIRECTION ( 'NONE',  ( 0.000000000000000000, 0.8660254037844402619, -0.4999999999999973910 ) ) ;
#2332 = LINE ( 'NONE', #200, #386 ) ;
#2333 = EDGE_LOOP ( 'NONE', ( #3094, #2155, #1422, #795 ) ) ;
#2334 = VERTEX_POINT ( 'NONE', #2126 ) ;
#2335 = DIRECTION ( 'NONE',  ( 0.000000000000000000, 0.000000000000000000, -1.000000000000000000 ) ) ;
#2336 = DIRECTION ( 'NONE',  ( 0.000000000000000000, 0.000000000000000000, -1.000000000000000000 ) ) ;
#2337 = ORIENTED_EDGE ( 'NONE', *, *, #2535, .F. ) ;
#2338 = ORIENTED_EDGE ( 'NONE', *, *, #1304, .F. ) ;
#2339 = LINE ( 'NONE', #2557, #1922 ) ;
#2340 = LINE ( 'NONE', #717, #2327 ) ;
#2341 = FACE_OUTER_BOUND ( 'NONE', #2251, .T. ) ;
#2342 = DIRECTION ( 'NONE',  ( 1.000000000000000000, 0.000000000000000000, 0.000000000000000000 ) ) ;
#2343 = VERTEX_POINT ( 'NONE', #949 ) ;
#2344 = DIRECTION ( 'NONE',  ( 0.000000000000000000, 0.000000000000000000, 1.000000000000000000 ) ) ;
#2345 = CARTESIAN_POINT ( 'NONE',  ( 47.17562584220410571, 14.40000000000000036, 46.28941916244323806 ) ) ;
#2346 = EDGE_CURVE ( 'NONE', #2840, #2600, #2599, .T. ) ;
#2347 = ORIENTED_EDGE ( 'NONE', *, *, #302, .F. ) ;
#2348 = VECTOR ( 'NONE', #1054, 1000.000000000000114 ) ;
#2349 = VERTEX_POINT ( 'NONE', #1658 ) ;
#2350 = CARTESIAN_POINT ( 'NONE',  ( 17.67766952966360350, 5.149999999999998579, 17.67766952966378469 ) ) ;
#2351 = LINE ( 'NONE', #2810, #2078 ) ;
#2352 = EDGE_CURVE ( 'NONE', #1094, #770, #1621, .T. ) ;
#2353 = ORIENTED_EDGE ( 'NONE', *, *, #1859, .T. ) ;
#2354 = ORIENTED_EDGE ( 'NONE', *, *, #2733, .T. ) ;
#2355 = FACE_OUTER_BOUND ( 'NONE', #550, .T. ) ;
#2356 = DIRECTION ( 'NONE',  ( -0.000000000000000000, 1.000000000000000000, -0.000000000000000000 ) ) ;
#2357 = DIRECTION ( 'NONE',  ( -0.000000000000000000, -1.000000000000000000, -0.000000000000000000 ) ) ;
#2358 = FACE_OUTER_BOUND ( 'NONE', #655, .T. ) ;
#2359 = ORIENTED_EDGE ( 'NONE', *, *, #1139, .F. ) ;
#2360 = DIRECTION ( 'NONE',  ( 0.000000000000000000, 0.000000000000000000, -1.000000000000000000 ) ) ;
#2361 = EDGE_CURVE ( 'NONE', #2458, #1798, #1870, .T. ) ;
#2362 = FACE_OUTER_BOUND ( 'NONE', #2861, .T. ) ;
#2363 = EDGE_LOOP ( 'NONE', ( #2204, #2985, #1729, #394 ) ) ;
#2364 = AXIS2_PLACEMENT_3D ( 'NONE', #1296, #615, #2993 ) ;
#2365 = ORIENTED_EDGE ( 'NONE', *, *, #1181, .T. ) ;
#2366 = CARTESIAN_POINT ( 'NONE',  ( -44.17562584220405597, 1.000000000000000888, 51.48557158514988430 ) ) ;
#2367 = CARTESIAN_POINT ( 'NONE',  ( 17.67766952966372429, 0.000000000000000000, -14.42766952966366745 ) ) ;
#2368 = AXIS2_PLACEMENT_3D ( 'NONE', #1338, #2499, #1324 ) ;
#2369 = ORIENTED_EDGE ( 'NONE', *, *, #986, .F. ) ;
#2370 = CONICAL_SURFACE ( 'NONE', #191, 2.000000000000008882, 1.047197551196599186 ) ;
#2371 = AXIS2_PLACEMENT_3D ( 'NONE', #1737, #36, #1918 ) ;
#2372 = FACE_OUTER_BOUND ( 'NONE', #461, .T. ) ;
#2373 = CARTESIAN_POINT ( 'NONE',  ( -35.45894683899486921, 1.000000000000000888, 58.00000000000001421 ) ) ;
#2374 = EDGE_CURVE ( 'NONE', #1993, #1180, #2698, .T. ) ;
#2375 = CIRCLE ( 'NONE', #1120, 0.5000000000000004441 ) ;
#2376 = AXIS2_PLACEMENT_3D ( 'NONE', #427, #1602, #3017 ) ;
#2377 = EDGE_CURVE ( 'NONE', #2892, #1538, #1625, .T. ) ;
#2378 = CIRCLE ( 'NONE', #183, 3.249999999999999556 ) ;
#2379 = VECTOR ( 'NONE', #1024, 1000.000000000000000 ) ;
#2380 = CARTESIAN_POINT ( 'NONE',  ( 17.67766952966372429, 0.000000000000000000, -17.67766952966366745 ) ) ;
#2381 = LINE ( 'NONE', #2581, #325 ) ;
#2382 = TOROIDAL_SURFACE ( 'NONE', #1630, 5.000000000000000000, 1.000000000000000000 ) ;
#2383 = CARTESIAN_POINT ( 'NONE',  ( 63.67562584220409860, 1.000000000000000888, 17.71058083755675838 ) ) ;
#2384 = CIRCLE ( 'NONE', #1878, 2.000000000000008882 ) ;
#2385 = VECTOR ( 'NONE', #423, 1000.000000000000114 ) ;
#2386 = DIRECTION ( 'NONE',  ( 0.000000000000000000, 0.000000000000000000, -1.000000000000000000 ) ) ;
#2387 = ORIENTED_EDGE ( 'NONE', *, *, #1829, .F. ) ;
#2388 = ORIENTED_EDGE ( 'NONE', *, *, #323, .T. ) ;
#2389 = DIRECTION ( 'NONE',  ( -0.000000000000000000, 1.000000000000000000, -0.000000000000000000 ) ) ;
#2390 = CARTESIAN_POINT ( 'NONE',  ( -17.67766952966372429, 5.149999999999998579, 17.67766952966366745 ) ) ;
#2391 = ORIENTED_EDGE ( 'NONE', *, *, #1519, .F. ) ;
#2392 = ADVANCED_FACE ( 'NONE', ( #757 ), #57, .T. ) ;
#2393 = DIRECTION ( 'NONE',  ( -0.000000000000000000, 1.000000000000000000, -0.000000000000000000 ) ) ;
#2394 = CARTESIAN_POINT ( 'NONE',  ( -60.95894683899489763, 14.40000000000000036, 13.83270440699365267 ) ) ;
#2395 = DIRECTION ( 'NONE',  ( -0.000000000000000000, 1.000000000000000000, -0.000000000000000000 ) ) ;
#2396 = DIRECTION ( 'NONE',  ( 0.000000000000000000, 0.000000000000000000, -1.000000000000000000 ) ) ;
#2397 = ORIENTED_EDGE ( 'NONE', *, *, #1990, .F. ) ;
#2398 = DIRECTION ( 'NONE',  ( -0.000000000000000000, 1.000000000000000000, 0.000000000000000000 ) ) ;
#2399 = FACE_OUTER_BOUND ( 'NONE', #228, .T. ) ;
#2400 = ORIENTED_EDGE ( 'NONE', *, *, #1464, .T. ) ;
#2401 = EDGE_LOOP ( 'NONE', ( #2807, #1301, #2961, #1404 ) ) ;
#2402 = CYLINDRICAL_SURFACE ( 'NONE', #2933, 3.249999999999999556 ) ;
#2403 = DIRECTION ( 'NONE',  ( -0.000000000000000000, 1.000000000000000000, 0.000000000000000000 ) ) ;
#2404 = ADVANCED_FACE ( 'NONE', ( #2428 ), #337, .T. ) ;
#2405 = ORIENTED_EDGE ( 'NONE', *, *, #269, .T. ) ;
#2406 = DIRECTION ( 'NONE',  ( 0.000000000000000000, -1.000000000000000000, 0.000000000000000000 ) ) ;
#2407 = FACE_OUTER_BOUND ( 'NONE', #2205, .T. ) ;
#2408 = CARTESIAN_POINT ( 'NONE',  ( -58.43266739736606752, 1.000000000000000000, 7.208348754011516313 ) ) ;
#2409 = DIRECTION ( 'NONE',  ( 0.000000000000000000, -1.000000000000000000, 0.000000000000000000 ) ) ;
#2410 = FILL_AREA_STYLE ('',( #1205 ) ) ;
#2411 = DIRECTION ( 'NONE',  ( -0.4999999999999972800, 0.8660254037844402619, -1.069897049597803043E-15 ) ) ;
#2412 = EDGE_LOOP ( 'NONE', ( #1808, #2031, #1405, #820 ) ) ;
#2413 = VERTEX_POINT ( 'NONE', #1498 ) ;
#2414 = EDGE_CURVE ( 'NONE', #651, #1636, #2070, .T. ) ;
#2415 = ORIENTED_EDGE ( 'NONE', *, *, #1471, .F. ) ;
#2416 = DIRECTION ( 'NONE',  ( 0.000000000000000000, 0.000000000000000000, -1.000000000000000000 ) ) ;
#2417 = CARTESIAN_POINT ( 'NONE',  ( -21.50000000000001776, 1.000000000000000000, -59.70834875401147457 ) ) ;
#2418 = DIRECTION ( 'NONE',  ( 0.000000000000000000, -1.000000000000000000, 0.000000000000000000 ) ) ;
#2419 = EDGE_CURVE ( 'NONE', #44, #2848, #1677, .T. ) ;
#2420 = CARTESIAN_POINT ( 'NONE',  ( 17.67766952966360350, 5.149999999999998579, 13.92766952966378469 ) ) ;
#2421 = AXIS2_PLACEMENT_3D ( 'NONE', #524, #2199, #766 ) ;
#2422 = CARTESIAN_POINT ( 'NONE',  ( -17.67766952966348271, 0.000000000000000000, -20.92766952966390548 ) ) ;
#2423 = CARTESIAN_POINT ( 'NONE',  ( -67.95894683899489053, 14.40000000000000036, 1.708348754011521864 ) ) ;
#2424 = DIRECTION ( 'NONE',  ( -0.000000000000000000, 1.000000000000000000, -0.000000000000000000 ) ) ;
#2425 = AXIS2_PLACEMENT_3D ( 'NONE', #1082, #618, #2267 ) ;
#2426 = CIRCLE ( 'NONE', #3078, 4.999999999999997335 ) ;
#2427 = AXIS2_PLACEMENT_3D ( 'NONE', #460, #957, #707 ) ;
#2428 = FACE_OUTER_BOUND ( 'NONE', #2291, .T. ) ;
#2429 = CONICAL_SURFACE ( 'NONE', #2519, 13.99999999999999112, 1.047197551196598964 ) ;
#2430 = ORIENTED_EDGE ( 'NONE', *, *, #1647, .T. ) ;
#2431 = VECTOR ( 'NONE', #1749, 1000.000000000000114 ) ;
#2432 = ORIENTED_EDGE ( 'NONE', *, *, #522, .F. ) ;
#2433 = ORIENTED_EDGE ( 'NONE', *, *, #3067, .T. ) ;
#2434 = DIRECTION ( 'NONE',  ( 0.000000000000000000, 1.000000000000000000, 0.000000000000000000 ) ) ;
#2435 = EDGE_CURVE ( 'NONE', #378, #2894, #2375, .T. ) ;
#2436 = FACE_OUTER_BOUND ( 'NONE', #2920, .T. ) ;
#2437 = CYLINDRICAL_SURFACE ( 'NONE', #2633, 3.249999999999999556 ) ;
#2438 = DIRECTION ( 'NONE',  ( 0.000000000000000000, 0.000000000000000000, -1.000000000000000000 ) ) ;
#2439 = CARTESIAN_POINT ( 'NONE',  ( -22.50000000000001421, 12.09059892324149388, -64.00000000000001421 ) ) ;
#2440 = CARTESIAN_POINT ( 'NONE',  ( 20.37564434701787164, 14.40000000000000036, -52.70834875401148878 ) ) ;
#2441 = DIRECTION ( 'NONE',  ( 0.000000000000000000, 0.000000000000000000, -1.000000000000000000 ) ) ;
#2442 = VERTEX_POINT ( 'NONE', #308 ) ;
#2443 = EDGE_LOOP ( 'NONE', ( #1865, #2323, #1269, #2310 ) ) ;
#2444 = ORIENTED_EDGE ( 'NONE', *, *, #2165, .F. ) ;
#2445 = EDGE_CURVE ( 'NONE', #2981, #2565, #2664, .T. ) ;
#2446 = EDGE_LOOP ( 'NONE', ( #576, #2501, #2255, #660 ) ) ;
#2447 = CARTESIAN_POINT ( 'NONE',  ( 17.67766952966360350, 0.000000000000000000, 17.67766952966378469 ) ) ;
#2448 = DIRECTION ( 'NONE',  ( -1.000000000000000000, 0.000000000000000000, 0.000000000000000000 ) ) ;
#2449 = DIRECTION ( 'NONE',  ( 0.000000000000000000, 0.000000000000000000, -1.000000000000000000 ) ) ;
#2450 = DIRECTION ( 'NONE',  ( 1.000000000000000000, 0.000000000000000000, 0.000000000000000000 ) ) ;
#2451 = CARTESIAN_POINT ( 'NONE',  ( -17.67766952966348271, 5.649999999999998579, -21.42766952966390548 ) ) ;
#2452 = CARTESIAN_POINT ( 'NONE',  ( -62.95894683899489053, 12.09059892324148144, 10.36860279185590805 ) ) ;
#2453 =( NAMED_UNIT ( * ) SI_UNIT ( $, .STERADIAN. ) SOLID_ANGLE_UNIT ( ) );
#2454 = EDGE_CURVE ( 'NONE', #1556, #2059, #1513, .T. ) ;
#2455 = DIRECTION ( 'NONE',  ( 0.000000000000000000, -1.000000000000000000, 0.000000000000000000 ) ) ;
#2456 = ORIENTED_EDGE ( 'NONE', *, *, #2538, .T. ) ;
#2457 = ORIENTED_EDGE ( 'NONE', *, *, #673, .T. ) ;
#2458 = VERTEX_POINT ( 'NONE', #2202 ) ;
#2459 = CARTESIAN_POINT ( 'NONE',  ( -17.67766952966348271, 5.649999999999998579, -13.92766952966390726 ) ) ;
#2460 = DIRECTION ( 'NONE',  ( 0.000000000000000000, 0.000000000000000000, -1.000000000000000000 ) ) ;
#2461 = PLANE ( 'NONE',  #1781 ) ;
#2462 = FACE_OUTER_BOUND ( 'NONE', #2971, .T. ) ;
#2463 = DIRECTION ( 'NONE',  ( 0.000000000000000000, 0.000000000000000000, 1.000000000000000000 ) ) ;
#2464 = DIRECTION ( 'NONE',  ( 0.000000000000000000, 1.000000000000000000, 0.000000000000000000 ) ) ;
#2465 = DIRECTION ( 'NONE',  ( -2.081668171172169697E-15, 0.000000000000000000, -1.000000000000000000 ) ) ;
#2466 = VECTOR ( 'NONE', #1431, 1000.000000000000000 ) ;
#2467 = DIRECTION ( 'NONE',  ( 0.000000000000000000, 0.000000000000000000, 1.000000000000000000 ) ) ;
#2468 = VERTEX_POINT ( 'NONE', #1723 ) ;
#2469 = AXIS2_PLACEMENT_3D ( 'NONE', #625, #1664, #1157 ) ;
#2470 = ORIENTED_EDGE ( 'NONE', *, *, #327, .T. ) ;
#2471 = CIRCLE ( 'NONE', #1275, 3.249999999999999556 ) ;
#2472 = ORIENTED_EDGE ( 'NONE', *, *, #85, .T. ) ;
#2473 = TOROIDAL_SURFACE ( 'NONE', #1425, 11.00000000000000000, 1.000000000000000000 ) ;
#2474 = CARTESIAN_POINT ( 'NONE',  ( 66.67562584220408439, 12.09059892324150809, 12.51442841485012458 ) ) ;
#2475 = AXIS2_PLACEMENT_3D ( 'NONE', #2836, #3102, #2629 ) ;
#2476 = AXIS2_PLACEMENT_3D ( 'NONE', #2620, #3031, #3046 ) ;
#2477 = VECTOR ( 'NONE', #731, 1000.000000000000000 ) ;
#2478 = DIRECTION ( 'NONE',  ( -0.000000000000000000, 1.000000000000000000, -0.000000000000000000 ) ) ;
#2479 = DIRECTION ( 'NONE',  ( -0.000000000000000000, 1.000000000000000000, -0.000000000000000000 ) ) ;
#2480 = EDGE_CURVE ( 'NONE', #1065, #2049, #2471, .T. ) ;
#2481 = ORIENTED_EDGE ( 'NONE', *, *, #2535, .T. ) ;
#2482 = DIRECTION ( 'NONE',  ( 0.8660254037844384856, 0.000000000000000000, 0.5000000000000002220 ) ) ;
#2483 = FACE_BOUND ( 'NONE', #1204, .T. ) ;
#2484 = ADVANCED_FACE ( 'NONE', ( #102 ), #2174, .T. ) ;
#2485 = FACE_OUTER_BOUND ( 'NONE', #913, .T. ) ;
#2486 = LINE ( 'NONE', #357, #1027 ) ;
#2487 = ORIENTED_EDGE ( 'NONE', *, *, #2068, .T. ) ;
#2488 = ADVANCED_FACE ( 'NONE', ( #2966 ), #3026, .T. ) ;
#2489 = ORIENTED_EDGE ( 'NONE', *, *, #1184, .T. ) ;
#2490 = ORIENTED_EDGE ( 'NONE', *, *, #67, .T. ) ;
#2491 = CARTESIAN_POINT ( 'NONE',  ( 40.95894683899491184, 1.000000000000000000, 48.47372055837117699 ) ) ;
#2492 = EDGE_CURVE ( 'NONE', #202, #2413, #1231, .T. ) ;
#2493 = CARTESIAN_POINT ( 'NONE',  ( -22.50000000000001421, 14.40000000000000036, -64.00000000000001421 ) ) ;
#2494 = DIRECTION ( 'NONE',  ( 0.000000000000000000, -1.000000000000000000, 0.000000000000000000 ) ) ;
#2495 = EDGE_CURVE ( 'NONE', #2624, #2653, #527, .T. ) ;
#2496 = ORIENTED_EDGE ( 'NONE', *, *, #1969, .F. ) ;
#2497 = CARTESIAN_POINT ( 'NONE',  ( 16.49999999999998579, 12.09059892324149388, -70.00000000000000000 ) ) ;
#2498 = LINE ( 'NONE', #368, #1929 ) ;
#2499 = DIRECTION ( 'NONE',  ( -0.8660254037844389297, 0.000000000000000000, -0.4999999999999995559 ) ) ;
#2500 = FACE_OUTER_BOUND ( 'NONE', #2177, .T. ) ;
#2501 = ORIENTED_EDGE ( 'NONE', *, *, #67, .F. ) ;
#2502 = ORIENTED_EDGE ( 'NONE', *, *, #122, .F. ) ;
#2503 = ORIENTED_EDGE ( 'NONE', *, *, #704, .T. ) ;
#2504 = ADVANCED_FACE ( 'NONE', ( #2175, #42 ), #997, .T. ) ;
#2505 = CARTESIAN_POINT ( 'NONE',  ( -22.97372055837119831, 1.000000000000000888, -54.20834875401149588 ) ) ;
#2506 = LINE ( 'NONE', #2051, #332 ) ;
#2507 = ORIENTED_EDGE ( 'NONE', *, *, #2445, .F. ) ;
#2508 = CARTESIAN_POINT ( 'NONE',  ( 17.67766952966360350, 5.649999999999998579, 13.92766952966378469 ) ) ;
#2509 = DIRECTION ( 'NONE',  ( -1.000000000000000000, 0.000000000000000000, 0.000000000000000000 ) ) ;
#2510 = VECTOR ( 'NONE', #1101, 1000.000000000000227 ) ;
#2511 = LINE ( 'NONE', #604, #1270 ) ;
#2512 = DIRECTION ( 'NONE',  ( 0.000000000000000000, 1.000000000000000000, 0.000000000000000000 ) ) ;
#2513 = ORIENTED_EDGE ( 'NONE', *, *, #1294, .F. ) ;
#2514 = AXIS2_PLACEMENT_3D ( 'NONE', #2928, #305, #2188 ) ;
#2515 = ORIENTED_EDGE ( 'NONE', *, *, #1935, .F. ) ;
#2516 = AXIS2_PLACEMENT_3D ( 'NONE', #3060, #2389, #1108 ) ;
#2517 = ORIENTED_EDGE ( 'NONE', *, *, #1675, .F. ) ;
#2518 = AXIS2_PLACEMENT_3D ( 'NONE', #679, #911, #3072 ) ;
#2519 = AXIS2_PLACEMENT_3D ( 'NONE', #2543, #1077, #1590 ) ;
#2520 = AXIS2_PLACEMENT_3D ( 'NONE', #1731, #1246, #1960 ) ;
#2521 = AXIS2_PLACEMENT_3D ( 'NONE', #448, #1186, #2136 ) ;
#2522 = AXIS2_PLACEMENT_3D ( 'NONE', #2765, #629, #1114 ) ;
#2523 = CARTESIAN_POINT ( 'NONE',  ( -16.50000000000001421, 12.09059892324150809, -70.00000000000000000 ) ) ;
#2524 = DIRECTION ( 'NONE',  ( -0.8660254037844385966, 0.000000000000000000, -0.5000000000000003331 ) ) ;
#2525 = EDGE_CURVE ( 'NONE', #912, #1424, #1339, .T. ) ;
#2526 = AXIS2_PLACEMENT_3D ( 'NONE', #750, #2406, #1457 ) ;
#2527 = AXIS2_PLACEMENT_3D ( 'NONE', #2926, #1278, #76 ) ;
#2528 = ORIENTED_EDGE ( 'NONE', *, *, #1164, .T. ) ;
#2529 = CARTESIAN_POINT ( 'NONE',  ( -17.67766952966348271, 12.40000000000000036, -10.42766952966390726 ) ) ;
#2530 = DIRECTION ( 'NONE',  ( 0.000000000000000000, 0.000000000000000000, -1.000000000000000000 ) ) ;
#2531 = EDGE_CURVE ( 'NONE', #813, #2301, #2284, .T. ) ;
#2532 = DIRECTION ( 'NONE',  ( -0.7499999999999995559, 0.5000000000000001110, 0.4330127018922200199 ) ) ;
#2533 = DIRECTION ( 'NONE',  ( -0.000000000000000000, 1.000000000000000000, -0.000000000000000000 ) ) ;
#2534 = ORIENTED_EDGE ( 'NONE', *, *, #1294, .T. ) ;
#2535 = EDGE_CURVE ( 'NONE', #1066, #2653, #284, .T. ) ;
#2536 = ORIENTED_EDGE ( 'NONE', *, *, #205, .T. ) ;
#2537 = EDGE_LOOP ( 'NONE', ( #2359, #1882, #2127, #1540 ) ) ;
#2538 = EDGE_CURVE ( 'NONE', #2981, #1679, #2486, .T. ) ;
#2539 = DIRECTION ( 'NONE',  ( -0.000000000000000000, 1.000000000000000000, -0.000000000000000000 ) ) ;
#2540 = FACE_OUTER_BOUND ( 'NONE', #857, .T. ) ;
#2541 = ORIENTED_EDGE ( 'NONE', *, *, #620, .T. ) ;
#2542 = DIRECTION ( 'NONE',  ( 1.000000000000000000, 0.000000000000000000, 0.000000000000000000 ) ) ;
#2543 = CARTESIAN_POINT ( 'NONE',  ( 32.50000000000000000, 14.40000000000000036, -59.70834875401148878 ) ) ;
#2544 = FACE_BOUND ( 'NONE', #2967, .T. ) ;
#2545 = DIRECTION ( 'NONE',  ( -0.4330127018922197979, -0.4999999999999992228, 0.7500000000000003331 ) ) ;
#2546 = ORIENTED_EDGE ( 'NONE', *, *, #2995, .F. ) ;
#2547 = CARTESIAN_POINT ( 'NONE',  ( -47.17562584220406308, 12.09059892324150809, 46.28941916244325938 ) ) ;
#2548 = AXIS2_PLACEMENT_3D ( 'NONE', #251, #1230, #1195 ) ;
#2549 = ORIENTED_EDGE ( 'NONE', *, *, #507, .F. ) ;
#2550 = EDGE_CURVE ( 'NONE', #1210, #457, #149, .T. ) ;
#2551 = VECTOR ( 'NONE', #1189, 1000.000000000000000 ) ;
#2552 = ORIENTED_EDGE ( 'NONE', *, *, #2654, .F. ) ;
#2553 = ADVANCED_FACE ( 'NONE', ( #133 ), #1325, .T. ) ;
#2554 = DIRECTION ( 'NONE',  ( 0.8660254037844380415, -0.000000000000000000, -0.5000000000000013323 ) ) ;
#2555 = LINE ( 'NONE', #2096, #2385 ) ;
#2556 = ORIENTED_EDGE ( 'NONE', *, *, #1515, .T. ) ;
#2557 = CARTESIAN_POINT ( 'NONE',  ( 17.67766952966372429, 5.649999999999998579, -22.92766952966366745 ) ) ;
#2558 = DIRECTION ( 'NONE',  ( 1.000000000000000000, 0.000000000000000000, 0.000000000000000000 ) ) ;
#2559 = LINE ( 'NONE', #1185, #2878 ) ;
#2560 = DIRECTION ( 'NONE',  ( 0.000000000000000000, 0.000000000000000000, -1.000000000000000000 ) ) ;
#2561 = EDGE_CURVE ( 'NONE', #3064, #105, #630, .T. ) ;
#2562 = ORIENTED_EDGE ( 'NONE', *, *, #869, .F. ) ;
#2563 = CARTESIAN_POINT ( 'NONE',  ( -55.83459118601274440, 14.40000000000000036, 8.708348754011513648 ) ) ;
#2564 = CIRCLE ( 'NONE', #575, 5.999999999999998224 ) ;
#2565 = VERTEX_POINT ( 'NONE', #647 ) ;
#2566 = ORIENTED_EDGE ( 'NONE', *, *, #1423, .T. ) ;
#2567 = VECTOR ( 'NONE', #1238, 999.9999999999998863 ) ;
#2568 = CARTESIAN_POINT ( 'NONE',  ( -17.67766952966372429, 5.149999999999998579, 17.67766952966366745 ) ) ;
#2569 = VECTOR ( 'NONE', #2621, 1000.000000000000000 ) ;
#2570 = DIRECTION ( 'NONE',  ( 0.000000000000000000, 0.000000000000000000, -1.000000000000000000 ) ) ;
#2571 = AXIS2_PLACEMENT_3D ( 'NONE', #1741, #2455, #511 ) ;
#2572 = AXIS2_PLACEMENT_3D ( 'NONE', #2869, #2217, #526 ) ;
#2573 = ORIENTED_EDGE ( 'NONE', *, *, #1383, .T. ) ;
#2574 = CARTESIAN_POINT ( 'NONE',  ( 16.50000000000000000, 14.40000000000000036, -70.00000000000000000 ) ) ;
#2575 = CARTESIAN_POINT ( 'NONE',  ( 40.45894683899491184, 12.09059892324150809, 49.33974596215561093 ) ) ;
#2576 = AXIS2_PLACEMENT_3D ( 'NONE', #798, #1950, #2693 ) ;
#2577 = ADVANCED_FACE ( 'NONE', ( #1797 ), #1568, .F. ) ;
#2578 = TOROIDAL_SURFACE ( 'NONE', #2888, 5.000000000000000000, 1.000000000000000000 ) ;
#2579 = DIRECTION ( 'NONE',  ( 0.5000000000000005551, 0.000000000000000000, 0.8660254037844384856 ) ) ;
#2580 = CARTESIAN_POINT ( 'NONE',  ( -22.50000000000001421, 12.09059892324149388, -64.00000000000002842 ) ) ;
#2581 = CARTESIAN_POINT ( 'NONE',  ( -48.90767664977291673, 14.40000000000000036, 47.28941916244324517 ) ) ;
#2582 = CARTESIAN_POINT ( 'NONE',  ( 55.83459118601278703, 14.40000000000000036, 8.708348754011511872 ) ) ;
#2583 = CARTESIAN_POINT ( 'NONE',  ( -49.37177826491068799, 14.40000000000000036, 54.48557158514989851 ) ) ;
#2584 = EDGE_CURVE ( 'NONE', #1180, #822, #1591, .T. ) ;
#2585 = ORIENTED_EDGE ( 'NONE', *, *, #515, .T. ) ;
#2586 = ORIENTED_EDGE ( 'NONE', *, *, #2715, .T. ) ;
#2587 = DIRECTION ( 'NONE',  ( 0.000000000000000000, -1.000000000000000000, 0.000000000000000000 ) ) ;
#2588 = CARTESIAN_POINT ( 'NONE',  ( -62.95894683899489053, 1.000000000000000000, 10.36860279185590628 ) ) ;
#2589 = EDGE_CURVE ( 'NONE', #1661, #899, #1073, .T. ) ;
#2590 = ORIENTED_EDGE ( 'NONE', *, *, #178, .T. ) ;
#2591 = EDGE_LOOP ( 'NONE', ( #563, #279, #639, #531 ) ) ;
#2592 = CARTESIAN_POINT ( 'NONE',  ( 22.50000000000000000, 12.09059892324149388, -59.70834875401148878 ) ) ;
#2593 = ADVANCED_FACE ( 'NONE', ( #370 ), #2058, .T. ) ;
#2594 = CARTESIAN_POINT ( 'NONE',  ( -17.67766952966348271, 12.40000000000000036, -17.67766952966390548 ) ) ;
#2595 = CARTESIAN_POINT ( 'NONE',  ( 42.45894683899494026, 14.40000000000000036, 45.87564434701781124 ) ) ;
#2596 = CARTESIAN_POINT ( 'NONE',  ( -17.67766952966348271, 5.649999999999998579, -12.42766952966390548 ) ) ;
#2597 = ORIENTED_EDGE ( 'NONE', *, *, #2900, .F. ) ;
#2598 = DIRECTION ( 'NONE',  ( 0.000000000000000000, -1.000000000000000000, 0.000000000000000000 ) ) ;
#2599 = LINE ( 'NONE', #1893, #2730 ) ;
#2600 = VERTEX_POINT ( 'NONE', #1103 ) ;
#2601 = VECTOR ( 'NONE', #2734, 1000.000000000000000 ) ;
#2602 = VERTEX_POINT ( 'NONE', #3018 ) ;
#2603 = EDGE_CURVE ( 'NONE', #3082, #253, #2630, .T. ) ;
#2604 = DIRECTION ( 'NONE',  ( 0.000000000000000000, 0.000000000000000000, 1.000000000000000000 ) ) ;
#2605 = CARTESIAN_POINT ( 'NONE',  ( 22.50000000000000000, 0.000000000000000000, -59.70834875401148878 ) ) ;
#2606 = ADVANCED_FACE ( 'NONE', ( #862, #2788 ), #2077, .T. ) ;
#2607 = ORIENTED_EDGE ( 'NONE', *, *, #127, .T. ) ;
#2608 = CARTESIAN_POINT ( 'NONE',  ( 35.45894683899490474, 1.000000000000000888, 47.99999999999999289 ) ) ;
#2609 = DIRECTION ( 'NONE',  ( 0.000000000000000000, -1.000000000000000000, 0.000000000000000000 ) ) ;
#2610 = ADVANCED_BREP_SHAPE_REPRESENTATION ( 'Palm_Spacer', ( #1331, #2983 ), #1871 ) ;
#2611 = CARTESIAN_POINT ( 'NONE',  ( -63.67562584220407018, 1.000000000000000888, 17.71058083755679746 ) ) ;
#2612 = CARTESIAN_POINT ( 'NONE',  ( 35.45894683899490474, 14.40000000000000036, 44.00000000000000711 ) ) ;
#2613 = CARTESIAN_POINT ( 'NONE',  ( -23.83974596215563579, 12.09059892324150809, -54.70834875401149588 ) ) ;
#2614 = FACE_OUTER_BOUND ( 'NONE', #1788, .T. ) ;
#2615 = DIRECTION ( 'NONE',  ( 0.4999999999999997780, 0.000000000000000000, -0.8660254037844387076 ) ) ;
#2616 = ORIENTED_EDGE ( 'NONE', *, *, #869, .T. ) ;
#2617 = CIRCLE ( 'NONE', #1964, 3.249999999999999556 ) ;
#2618 = VERTEX_POINT ( 'NONE', #1064 ) ;
#2619 = EDGE_CURVE ( 'NONE', #2343, #1447, #1317, .T. ) ;
#2620 = CARTESIAN_POINT ( 'NONE',  ( 47.17562584220410571, 14.40000000000000036, 46.28941916244323806 ) ) ;
#2621 = DIRECTION ( 'NONE',  ( -0.000000000000000000, 1.000000000000000000, -0.000000000000000000 ) ) ;
#2622 = VECTOR ( 'NONE', #37, 1000.000000000000000 ) ;
#2623 = EDGE_CURVE ( 'NONE', #1818, #770, #2724, .T. ) ;
#2624 = VERTEX_POINT ( 'NONE', #2744 ) ;
#2625 = AXIS2_PLACEMENT_3D ( 'NONE', #2028, #352, #1293 ) ;
#2626 = AXIS2_PLACEMENT_3D ( 'NONE', #291, #1508, #505 ) ;
#2627 = ADVANCED_FACE ( 'NONE', ( #2500 ), #849, .T. ) ;
#2628 = DIRECTION ( 'NONE',  ( 0.000000000000000000, 0.000000000000000000, -1.000000000000000000 ) ) ;
#2629 = DIRECTION ( 'NONE',  ( 0.000000000000000000, 0.000000000000000000, 1.000000000000000000 ) ) ;
#2630 = CIRCLE ( 'NONE', #2425, 3.750000000000000000 ) ;
#2631 = LINE ( 'NONE', #694, #540 ) ;
#2632 = ORIENTED_EDGE ( 'NONE', *, *, #872, .F. ) ;
#2633 = AXIS2_PLACEMENT_3D ( 'NONE', #1736, #31, #287 ) ;
#2634 = CARTESIAN_POINT ( 'NONE',  ( 32.50000000000000000, 14.40000000000000036, -59.70834875401148878 ) ) ;
#2635 = VECTOR ( 'NONE', #686, 1000.000000000000000 ) ;
#2636 = AXIS2_PLACEMENT_3D ( 'NONE', #1598, #890, #827 ) ;
#2637 = DIRECTION ( 'NONE',  ( 1.000000000000000000, 0.000000000000000000, 1.067522139062650592E-14 ) ) ;
#2638 = ORIENTED_EDGE ( 'NONE', *, *, #2737, .T. ) ;
#2639 = EDGE_CURVE ( 'NONE', #2653, #1709, #2121, .T. ) ;
#2640 = ORIENTED_EDGE ( 'NONE', *, *, #864, .F. ) ;
#2641 = DIRECTION ( 'NONE',  ( -0.5000000000000005551, 0.000000000000000000, -0.8660254037844383745 ) ) ;
#2642 = CARTESIAN_POINT ( 'NONE',  ( -64.67562584220404176, 14.40000000000000036, 15.97853002998795446 ) ) ;
#2643 = ORIENTED_EDGE ( 'NONE', *, *, #1081, .F. ) ;
#2644 = DIRECTION ( 'NONE',  ( 0.000000000000000000, 0.000000000000000000, 1.000000000000000000 ) ) ;
#2645 = PLANE ( 'NONE',  #988 ) ;
#2646 = EDGE_CURVE ( 'NONE', #58, #2106, #237, .T. ) ;
#2647 = DIRECTION ( 'NONE',  ( 0.000000000000000000, 0.000000000000000000, -1.000000000000000000 ) ) ;
#2648 = CARTESIAN_POINT ( 'NONE',  ( 47.17562584220410571, 0.000000000000000000, 46.28941916244323806 ) ) ;
#2649 = ORIENTED_EDGE ( 'NONE', *, *, #1968, .T. ) ;
#2650 = DIRECTION ( 'NONE',  ( 0.000000000000000000, 0.000000000000000000, -1.000000000000000000 ) ) ;
#2651 = FACE_OUTER_BOUND ( 'NONE', #169, .T. ) ;
#2652 = ORIENTED_EDGE ( 'NONE', *, *, #2346, .T. ) ;
#2653 = VERTEX_POINT ( 'NONE', #925 ) ;
#2654 = EDGE_CURVE ( 'NONE', #2848, #606, #2839, .T. ) ;
#2655 = ORIENTED_EDGE ( 'NONE', *, *, #1184, .F. ) ;
#2656 = DIRECTION ( 'NONE',  ( -0.8660254037844382635, 0.000000000000000000, 0.5000000000000004441 ) ) ;
#2657 = CYLINDRICAL_SURFACE ( 'NONE', #1521, 5.250000000000000888 ) ;
#2658 = CARTESIAN_POINT ( 'NONE',  ( 59.29869280115052277, 0.000000000000000000, 6.708348754011518089 ) ) ;
#2659 = DIRECTION ( 'NONE',  ( 0.000000000000000000, 0.000000000000000000, 1.000000000000000000 ) ) ;
#2660 = DIRECTION ( 'NONE',  ( 0.000000000000000000, 0.000000000000000000, 1.000000000000000000 ) ) ;
#2661 = DIRECTION ( 'NONE',  ( 0.5000000000000007772, 0.000000000000000000, 0.8660254037844381525 ) ) ;
#2662 = DIRECTION ( 'NONE',  ( 1.000000000000000000, 0.000000000000000000, -0.000000000000000000 ) ) ;
#2663 = FACE_OUTER_BOUND ( 'NONE', #2082, .T. ) ;
#2664 = LINE ( 'NONE', #1038, #3077 ) ;
#2665 = ORIENTED_EDGE ( 'NONE', *, *, #772, .F. ) ;
#2666 = EDGE_CURVE ( 'NONE', #2685, #1340, #2089, .T. ) ;
#2667 = EDGE_LOOP ( 'NONE', ( #2369, #1645, #2942, #1772 ) ) ;
#2668 = ORIENTED_EDGE ( 'NONE', *, *, #2619, .F. ) ;
#2669 = LINE ( 'NONE', #62, #2379 ) ;
#2670 = VECTOR ( 'NONE', #1401, 1000.000000000000227 ) ;
#2671 = CIRCLE ( 'NONE', #3080, 5.999999999999998224 ) ;
#2672 = LINE ( 'NONE', #537, #1079 ) ;
#2673 = AXIS2_PLACEMENT_3D ( 'NONE', #1102, #2296, #160 ) ;
#2674 = DIRECTION ( 'NONE',  ( 1.000000000000000000, -0.000000000000000000, 1.224646799147353207E-16 ) ) ;
#2675 = CIRCLE ( 'NONE', #826, 5.250000000000000888 ) ;
#2676 = CARTESIAN_POINT ( 'NONE',  ( 63.67562584220409860, 14.40000000000000036, 17.71058083755675838 ) ) ;
#2677 = DIRECTION ( 'NONE',  ( 0.000000000000000000, 0.000000000000000000, -1.000000000000000000 ) ) ;
#2678 = DIRECTION ( 'NONE',  ( 2.139794099195617525E-15, 0.000000000000000000, -1.000000000000000000 ) ) ;
#2679 = VECTOR ( 'NONE', #2297, 1000.000000000000000 ) ;
#2680 = ADVANCED_FACE ( 'NONE', ( #1 ), #1903, .F. ) ;
#2681 = CIRCLE ( 'NONE', #539, 5.250000000000000888 ) ;
#2682 = AXIS2_PLACEMENT_3D ( 'NONE', #719, #2342, #223 ) ;
#2683 = DIRECTION ( 'NONE',  ( 0.000000000000000000, 1.000000000000000000, 0.000000000000000000 ) ) ;
#2684 = CIRCLE ( 'NONE', #138, 5.250000000000000888 ) ;
#2685 = VERTEX_POINT ( 'NONE', #2612 ) ;
#2686 = CIRCLE ( 'NONE', #885, 6.000000000000000000 ) ;
#2687 = ORIENTED_EDGE ( 'NONE', *, *, #1129, .T. ) ;
#2688 = AXIS2_PLACEMENT_3D ( 'NONE', #2898, #1492, #2449 ) ;
#2689 = EDGE_CURVE ( 'NONE', #61, #2892, #2119, .T. ) ;
#2690 = ORIENTED_EDGE ( 'NONE', *, *, #194, .F. ) ;
#2691 = CARTESIAN_POINT ( 'NONE',  ( -17.67766952966372429, 5.649999999999998579, 17.67766952966366745 ) ) ;
#2692 = DIRECTION ( 'NONE',  ( 0.000000000000000000, -1.000000000000000000, 0.000000000000000000 ) ) ;
#2693 = DIRECTION ( 'NONE',  ( 0.8660254037844410391, 0.000000000000000000, -0.4999999999999960032 ) ) ;
#2694 = CARTESIAN_POINT ( 'NONE',  ( 38.13843876330613369, 1.000000000000000888, 47.99999999999999289 ) ) ;
#2695 = ADVANCED_FACE ( 'NONE', ( #946 ), #1875, .F. ) ;
#2696 = LINE ( 'NONE', #2452, #718 ) ;
#2697 = CARTESIAN_POINT ( 'NONE',  ( 17.67766952966372429, 12.40000000000000036, -17.67766952966366745 ) ) ;
#2698 = LINE ( 'NONE', #1970, #232 ) ;
#2699 = ORIENTED_EDGE ( 'NONE', *, *, #351, .F. ) ;
#2700 = ORIENTED_EDGE ( 'NONE', *, *, #1300, .F. ) ;
#2701 = ORIENTED_EDGE ( 'NONE', *, *, #2261, .F. ) ;
#2702 = ORIENTED_EDGE ( 'NONE', *, *, #1164, .F. ) ;
#2703 = DIRECTION ( 'NONE',  ( -1.000000000000000000, -0.000000000000000000, -0.000000000000000000 ) ) ;
#2704 = CARTESIAN_POINT ( 'NONE',  ( 22.97372055837118054, 0.000000000000000000, -54.20834875401148167 ) ) ;
#2705 = CARTESIAN_POINT ( 'NONE',  ( 60.63843876330611238, 12.09059892324148144, 9.028856829700266928 ) ) ;
#2706 = ADVANCED_FACE ( 'NONE', ( #659 ), #1414, .F. ) ;
#2707 = CARTESIAN_POINT ( 'NONE',  ( -49.37177826491068799, 12.09059892324148144, 54.48557158514989851 ) ) ;
#2708 = FACE_OUTER_BOUND ( 'NONE', #1632, .T. ) ;
#2709 = CARTESIAN_POINT ( 'NONE',  ( -23.83974596215563579, 12.09059892324150631, -54.70834875401149588 ) ) ;
#2710 = CARTESIAN_POINT ( 'NONE',  ( -32.50000000000002842, 12.09059892324150809, -59.70834875401149588 ) ) ;
#2711 = EDGE_LOOP ( 'NONE', ( #1104, #1899, #358, #2992 ) ) ;
#2712 = ORIENTED_EDGE ( 'NONE', *, *, #2746, .F. ) ;
#2713 = ORIENTED_EDGE ( 'NONE', *, *, #372, .F. ) ;
#2714 = DIRECTION ( 'NONE',  ( -0.000000000000000000, 0.000000000000000000, 1.000000000000000000 ) ) ;
#2715 = EDGE_CURVE ( 'NONE', #1042, #2071, #2631, .T. ) ;
#2716 = DIRECTION ( 'NONE',  ( 0.000000000000000000, -1.000000000000000000, 0.000000000000000000 ) ) ;
#2717 = FACE_OUTER_BOUND ( 'NONE', #162, .T. ) ;
#2718 = ADVANCED_FACE ( 'NONE', ( #2358 ), #3053, .T. ) ;
#2719 = EDGE_CURVE ( 'NONE', #2887, #760, #934, .T. ) ;
#2720 = ORIENTED_EDGE ( 'NONE', *, *, #2004, .F. ) ;
#2721 = CARTESIAN_POINT ( 'NONE',  ( -35.45894683899486921, 1.000000000000000000, 48.00000000000001421 ) ) ;
#2722 = CARTESIAN_POINT ( 'NONE',  ( 0.000000000000000000, 0.000000000000000000, 0.000000000000000000 ) ) ;
#2723 = CIRCLE ( 'NONE', #2421, 7.249999999999999112 ) ;
#2724 = LINE ( 'NONE', #590, #782 ) ;
#2725 = EDGE_LOOP ( 'NONE', ( #688, #2632, #1844, #366 ) ) ;
#2726 = AXIS2_PLACEMENT_3D ( 'NONE', #2246, #856, #111 ) ;
#2727 = ADVANCED_FACE ( 'NONE', ( #1671 ), #1321, .T. ) ;
#2728 = AXIS2_PLACEMENT_3D ( 'NONE', #1260, #2641, #2656 ) ;
#2729 = ORIENTED_EDGE ( 'NONE', *, *, #1994, .F. ) ;
#2730 = VECTOR ( 'NONE', #710, 999.9999999999997726 ) ;
#2731 = VERTEX_POINT ( 'NONE', #257 ) ;
#2732 = CIRCLE ( 'NONE', #1371, 1.000000000000000888 ) ;
#2733 = EDGE_CURVE ( 'NONE', #1191, #1794, #1641, .T. ) ;
#2734 = DIRECTION ( 'NONE',  ( -0.000000000000000000, 1.000000000000000000, -0.000000000000000000 ) ) ;
#2735 = CIRCLE ( 'NONE', #1372, 5.250000000000000888 ) ;
#2736 = AXIS2_PLACEMENT_3D ( 'NONE', #2568, #1427, #2604 ) ;
#2737 = EDGE_CURVE ( 'NONE', #1992, #1357, #676, .T. ) ;
#2738 = FACE_OUTER_BOUND ( 'NONE', #1271, .T. ) ;
#2739 = DIRECTION ( 'NONE',  ( -1.000000000000000000, -0.000000000000000000, -0.000000000000000000 ) ) ;
#2740 = EDGE_LOOP ( 'NONE', ( #497, #1327, #1769, #1946 ) ) ;
#2741 = CARTESIAN_POINT ( 'NONE',  ( 32.50000000000000000, 1.000000000000000888, -59.70834875401148878 ) ) ;
#2742 = DIRECTION ( 'NONE',  ( 0.000000000000000000, 0.000000000000000000, 1.000000000000000000 ) ) ;
#2743 = EDGE_CURVE ( 'NONE', #2797, #1145, #1203, .T. ) ;
#2744 = CARTESIAN_POINT ( 'NONE',  ( -17.67766952966372429, 5.649999999999998579, 22.92766952966366745 ) ) ;
#2745 = ORIENTED_EDGE ( 'NONE', *, *, #960, .T. ) ;
#2746 = EDGE_CURVE ( 'NONE', #1560, #1141, #2315, .T. ) ;
#2747 = VERTEX_POINT ( 'NONE', #3068 ) ;
#2748 = EDGE_LOOP ( 'NONE', ( #1843, #198, #1268, #2490 ) ) ;
#2749 = CARTESIAN_POINT ( 'NONE',  ( 17.67766952966372429, 5.649999999999998579, -17.67766952966366745 ) ) ;
#2750 = CARTESIAN_POINT ( 'NONE',  ( 51.50575286112628959, 0.000000000000000000, 48.78941916244322385 ) ) ;
#2751 = ORIENTED_EDGE ( 'NONE', *, *, #2646, .T. ) ;
#2752 = CARTESIAN_POINT ( 'NONE',  ( -60.63843876330611238, 1.000000000000000888, 9.028856829700293574 ) ) ;
#2753 = CYLINDRICAL_SURFACE ( 'NONE', #1529, 6.000000000000005329 ) ;
#2754 = DIRECTION ( 'NONE',  ( 0.000000000000000000, 0.000000000000000000, -1.000000000000000000 ) ) ;
#2755 = VERTEX_POINT ( 'NONE', #2816 ) ;
#2756 = ORIENTED_EDGE ( 'NONE', *, *, #860, .F. ) ;
#2757 = EDGE_LOOP ( 'NONE', ( #405, #1128, #309, #1881 ) ) ;
#2758 = CARTESIAN_POINT ( 'NONE',  ( -40.45894683899488342, 1.000000000000000888, 49.33974596215563935 ) ) ;
#2759 = DIRECTION ( 'NONE',  ( -0.8660254037844380415, 0.000000000000000000, 0.5000000000000013323 ) ) ;
#2760 = ORIENTED_EDGE ( 'NONE', *, *, #336, .T. ) ;
#2761 = CIRCLE ( 'NONE', #1962, 5.250000000000000888 ) ;
#2762 = ORIENTED_EDGE ( 'NONE', *, *, #2141, .T. ) ;
#2763 = DIRECTION ( 'NONE',  ( 0.000000000000000000, 0.000000000000000000, -1.000000000000000000 ) ) ;
#2764 = EDGE_CURVE ( 'NONE', #808, #1451, #724, .T. ) ;
#2765 = CARTESIAN_POINT ( 'NONE',  ( -35.45894683899486921, 14.40000000000000036, 58.00000000000001421 ) ) ;
#2766 = DIRECTION ( 'NONE',  ( 0.000000000000000000, 0.000000000000000000, -1.000000000000000000 ) ) ;
#2767 = VERTEX_POINT ( 'NONE', #1752 ) ;
#2768 = ADVANCED_FACE ( 'NONE', ( #506 ), #1412, .T. ) ;
#2769 = AXIS2_PLACEMENT_3D ( 'NONE', #544, #1446, #2463 ) ;
#2770 = VECTOR ( 'NONE', #500, 1000.000000000000114 ) ;
#2771 = EDGE_LOOP ( 'NONE', ( #2010, #2699, #2515, #2120 ) ) ;
#2772 = ORIENTED_EDGE ( 'NONE', *, *, #55, .T. ) ;
#2773 = CIRCLE ( 'NONE', #632, 3.249999999999999556 ) ;
#2774 = CIRCLE ( 'NONE', #1421, 0.9999999999999978906 ) ;
#2775 = ADVANCED_FACE ( 'NONE', ( #1953 ), #753, .F. ) ;
#2776 = AXIS2_PLACEMENT_3D ( 'NONE', #2420, #2674, #538 ) ;
#2777 = DIRECTION ( 'NONE',  ( 0.000000000000000000, 0.000000000000000000, -1.000000000000000000 ) ) ;
#2778 = CYLINDRICAL_SURFACE ( 'NONE', #2636, 0.9999999999999978906 ) ;
#2779 = CIRCLE ( 'NONE', #1927, 3.750000000000000000 ) ;
#2780 = CIRCLE ( 'NONE', #2066, 6.000000000000000000 ) ;
#2781 = VERTEX_POINT ( 'NONE', #1703 ) ;
#2782 = VERTEX_POINT ( 'NONE', #2451 ) ;
#2783 = DIRECTION ( 'NONE',  ( -1.000000000000000000, 0.000000000000000000, -3.304235192336774723E-15 ) ) ;
#2784 = LINE ( 'NONE', #873, #1028 ) ;
#2785 = EDGE_CURVE ( 'NONE', #2106, #1637, #775, .T. ) ;
#2786 = EDGE_CURVE ( 'NONE', #1228, #1711, #2723, .T. ) ;
#2787 = PLANE ( 'NONE',  #1565 ) ;
#2788 = FACE_OUTER_BOUND ( 'NONE', #1810, .T. ) ;
#2789 = ORIENTED_EDGE ( 'NONE', *, *, #2165, .T. ) ;
#2790 = LINE ( 'NONE', #577, #410 ) ;
#2791 = VERTEX_POINT ( 'NONE', #1461 ) ;
#2792 = ORIENTED_EDGE ( 'NONE', *, *, #1364, .T. ) ;
#2793 = DIRECTION ( 'NONE',  ( 0.000000000000000000, 0.000000000000000000, 1.000000000000000000 ) ) ;
#2794 = DIRECTION ( 'NONE',  ( -0.000000000000000000, 1.000000000000000000, -0.000000000000000000 ) ) ;
#2795 = EDGE_CURVE ( 'NONE', #606, #891, #1482, .T. ) ;
#2796 = ADVANCED_FACE ( 'NONE', ( #333 ), #1967, .T. ) ;
#2797 = VERTEX_POINT ( 'NONE', #2422 ) ;
#2798 = ADVANCED_FACE ( 'NONE', ( #292 ), #568, .F. ) ;
#2799 = DIRECTION ( 'NONE',  ( -0.8660254037844377084, 0.000000000000000000, 0.5000000000000015543 ) ) ;
#2800 = CARTESIAN_POINT ( 'NONE',  ( 51.50575286112628959, 1.000000000000000000, 48.78941916244322385 ) ) ;
#2801 = CARTESIAN_POINT ( 'NONE',  ( -17.67766952966348271, 5.649999999999998579, -17.67766952966390548 ) ) ;
#2802 = DIRECTION ( 'NONE',  ( 0.000000000000000000, -1.000000000000000000, 0.000000000000000000 ) ) ;
#2803 = EDGE_LOOP ( 'NONE', ( #262, #192 ) ) ;
#2804 = DIRECTION ( 'NONE',  ( 0.8660254037844380415, 0.000000000000000000, 0.5000000000000011102 ) ) ;
#2805 = CIRCLE ( 'NONE', #104, 0.9999999999999978906 ) ;
#2806 = ORIENTED_EDGE ( 'NONE', *, *, #419, .F. ) ;
#2807 = ORIENTED_EDGE ( 'NONE', *, *, #839, .T. ) ;
#2808 = APPLICATION_CONTEXT ( 'automotive_design' ) ;
#2809 = DIRECTION ( 'NONE',  ( 0.000000000000000000, -1.000000000000000000, 0.000000000000000000 ) ) ;
#2810 = CARTESIAN_POINT ( 'NONE',  ( 22.50000000000000000, 12.09059892324150809, -64.00000000000000000 ) ) ;
#2811 = EDGE_CURVE ( 'NONE', #167, #411, #1738, .T. ) ;
#2812 = ORIENTED_EDGE ( 'NONE', *, *, #2952, .F. ) ;
#2813 = CARTESIAN_POINT ( 'NONE',  ( 17.67766952966372429, 5.649999999999998579, -21.42766952966366745 ) ) ;
#2814 = DIRECTION ( 'NONE',  ( 1.000000000000000000, 0.000000000000000000, 0.000000000000000000 ) ) ;
#2815 = CARTESIAN_POINT ( 'NONE',  ( -16.50000000000001421, 1.000000000000000000, -69.00000000000000000 ) ) ;
#2816 = CARTESIAN_POINT ( 'NONE',  ( -17.67766952966348271, 12.40000000000000036, -22.92766952966390903 ) ) ;
#2817 = EDGE_LOOP ( 'NONE', ( #652, #1058, #2586, #2792 ) ) ;
#2818 = DIRECTION ( 'NONE',  ( 0.000000000000000000, 0.000000000000000000, -1.000000000000000000 ) ) ;
#2819 = AXIS2_PLACEMENT_3D ( 'NONE', #294, #2216, #1510 ) ;
#2820 = DIRECTION ( 'NONE',  ( 0.000000000000000000, 0.000000000000000000, 1.000000000000000000 ) ) ;
#2821 = ORIENTED_EDGE ( 'NONE', *, *, #2531, .T. ) ;
#2822 = ADVANCED_FACE ( 'NONE', ( #1282 ), #627, .T. ) ;
#2823 = ORIENTED_EDGE ( 'NONE', *, *, #2603, .T. ) ;
#2824 = CONICAL_SURFACE ( 'NONE', #1316, 13.99999999999999112, 1.047197551196598964 ) ;
#2825 = ADVANCED_FACE ( 'NONE', ( #1264 ), #1071, .T. ) ;
#2826 = DIRECTION ( 'NONE',  ( -1.000000000000000000, -0.000000000000000000, -0.000000000000000000 ) ) ;
#2827 = VECTOR ( 'NONE', #1223, 1000.000000000000000 ) ;
#2828 = AXIS2_PLACEMENT_3D ( 'NONE', #2901, #1702, #2660 ) ;
#2829 = DIRECTION ( 'NONE',  ( -0.5000000000000015543, 0.000000000000000000, -0.8660254037844377084 ) ) ;
#2830 = VECTOR ( 'NONE', #1873, 1000.000000000000000 ) ;
#2831 = ORIENTED_EDGE ( 'NONE', *, *, #2352, .F. ) ;
#2832 = VECTOR ( 'NONE', #2678, 1000.000000000000000 ) ;
#2833 = ORIENTED_EDGE ( 'NONE', *, *, #1665, .T. ) ;
#2834 = DIRECTION ( 'NONE',  ( -0.000000000000000000, 1.000000000000000000, -0.000000000000000000 ) ) ;
#2835 = CIRCLE ( 'NONE', #1734, 5.999999999999998224 ) ;
#2836 = CARTESIAN_POINT ( 'NONE',  ( -17.67766952966348271, 5.649999999999998579, -17.67766952966390548 ) ) ;
#2837 = CIRCLE ( 'NONE', #2576, 1.000000000000001998 ) ;
#2838 = DIRECTION ( 'NONE',  ( 0.000000000000000000, 0.000000000000000000, 1.000000000000000000 ) ) ;
#2839 = LINE ( 'NONE', #2580, #2025 ) ;
#2840 = VERTEX_POINT ( 'NONE', #80 ) ;
#2841 = DIRECTION ( 'NONE',  ( 0.000000000000000000, -1.000000000000000000, 0.000000000000000000 ) ) ;
#2842 = DIRECTION ( 'NONE',  ( 0.000000000000000000, 1.000000000000000000, 0.000000000000000000 ) ) ;
#2843 = EDGE_LOOP ( 'NONE', ( #2220, #1470, #2038, #2079 ) ) ;
#2844 = EDGE_CURVE ( 'NONE', #1594, #2106, #1220, .T. ) ;
#2845 = ORIENTED_EDGE ( 'NONE', *, *, #2074, .F. ) ;
#2846 = DIRECTION ( 'NONE',  ( 0.000000000000000000, 0.000000000000000000, -1.000000000000000000 ) ) ;
#2847 = DIRECTION ( 'NONE',  ( -0.8660254037844388186, 0.4999999999999996669, 0.000000000000000000 ) ) ;
#2848 = VERTEX_POINT ( 'NONE', #2947 ) ;
#2849 = DIRECTION ( 'NONE',  ( -0.000000000000000000, 1.000000000000000000, -0.000000000000000000 ) ) ;
#2850 = FACE_OUTER_BOUND ( 'NONE', #3007, .T. ) ;
#2851 = DIRECTION ( 'NONE',  ( 0.000000000000000000, 0.000000000000000000, 1.000000000000000000 ) ) ;
#2852 = ORIENTED_EDGE ( 'NONE', *, *, #3096, .T. ) ;
#2853 = CARTESIAN_POINT ( 'NONE',  ( -17.67766952966372429, 5.149999999999998579, 20.92766952966366745 ) ) ;
#2854 = ADVANCED_FACE ( 'NONE', ( #801 ), #1509, .T. ) ;
#2855 = CARTESIAN_POINT ( 'NONE',  ( -35.45894683899486921, 1.000000000000000888, 58.00000000000001421 ) ) ;
#2856 = ORIENTED_EDGE ( 'NONE', *, *, #144, .F. ) ;
#2857 = ORIENTED_EDGE ( 'NONE', *, *, #2024, .F. ) ;
#2858 = EDGE_CURVE ( 'NONE', #58, #61, #2925, .T. ) ;
#2859 = FACE_OUTER_BOUND ( 'NONE', #1618, .T. ) ;
#2860 = CARTESIAN_POINT ( 'NONE',  ( 68.00575286112629669, 0.000000000000000000, 20.21058083755675838 ) ) ;
#2861 = EDGE_LOOP ( 'NONE', ( #2085, #2868, #648, #1908 ) ) ;
#2862 = LINE ( 'NONE', #220, #981 ) ;
#2863 = EDGE_CURVE ( 'NONE', #1977, #2006, #1866, .T. ) ;
#2864 = CYLINDRICAL_SURFACE ( 'NONE', #39, 5.250000000000000888 ) ;
#2865 = CARTESIAN_POINT ( 'NONE',  ( -35.45894683899486921, 14.40000000000000036, 58.00000000000001421 ) ) ;
#2866 = DIRECTION ( 'NONE',  ( 0.8660254037844377084, 0.000000000000000000, 0.5000000000000015543 ) ) ;
#2867 = EDGE_CURVE ( 'NONE', #1800, #1214, #402, .T. ) ;
#2868 = ORIENTED_EDGE ( 'NONE', *, *, #3013, .F. ) ;
#2869 = CARTESIAN_POINT ( 'NONE',  ( -67.95894683899489053, 12.09059892324150809, 1.708348754011521864 ) ) ;
#2870 = CARTESIAN_POINT ( 'NONE',  ( 17.67766952966372429, 5.649999999999998579, -13.92766952966366745 ) ) ;
#2871 = VERTEX_POINT ( 'NONE', #617 ) ;
#2872 = AXIS2_PLACEMENT_3D ( 'NONE', #814, #583, #53 ) ;
#2873 = ORIENTED_EDGE ( 'NONE', *, *, #235, .F. ) ;
#2874 = ADVANCED_FACE ( 'NONE', ( #1063, #2544, #148, #1824, #2979 ), #2787, .F. ) ;
#2875 = EDGE_CURVE ( 'NONE', #699, #1556, #2511, .T. ) ;
#2876 = CARTESIAN_POINT ( 'NONE',  ( 52.37177826491073773, 14.40000000000000036, 49.28941916244323096 ) ) ;
#2877 = DIRECTION ( 'NONE',  ( -0.4999999999999997780, 0.000000000000000000, 0.8660254037844387076 ) ) ;
#2878 = VECTOR ( 'NONE', #706, 1000.000000000000227 ) ;
#2879 = EDGE_LOOP ( 'NONE', ( #1958, #1764, #420, #1144 ) ) ;
#2880 = AXIS2_PLACEMENT_3D ( 'NONE', #2417, #1233, #267 ) ;
#2881 = CARTESIAN_POINT ( 'NONE',  ( 40.70319397786860804, 0.000000000000000000, -23.50000000000000711 ) ) ;
#2882 = DIRECTION ( 'NONE',  ( -0.000000000000000000, 1.000000000000000000, -0.000000000000000000 ) ) ;
#2883 = AXIS2_PLACEMENT_3D ( 'NONE', #1092, #3039, #3006 ) ;
#2884 = CONICAL_SURFACE ( 'NONE', #541, 2.000000000000015543, 1.047197551196598297 ) ;
#2885 = AXIS2_PLACEMENT_3D ( 'NONE', #165, #2478, #578 ) ;
#2886 = DIRECTION ( 'NONE',  ( -0.5000000000000008882, 7.511572993685792198E-16, 0.8660254037844381525 ) ) ;
#2887 = VERTEX_POINT ( 'NONE', #2965 ) ;
#2888 = AXIS2_PLACEMENT_3D ( 'NONE', #952, #2809, #2846 ) ;
#2889 = ADVANCED_FACE ( 'NONE', ( #2266 ), #369, .T. ) ;
#2890 = CIRCLE ( 'NONE', #3034, 5.250000000000000888 ) ;
#2891 = DIRECTION ( 'NONE',  ( 0.000000000000000000, -1.000000000000000000, 0.000000000000000000 ) ) ;
#2892 = VERTEX_POINT ( 'NONE', #2283 ) ;
#2893 = EDGE_LOOP ( 'NONE', ( #2573, #70, #3058, #2285 ) ) ;
#2894 = VERTEX_POINT ( 'NONE', #835 ) ;
#2895 = CARTESIAN_POINT ( 'NONE',  ( 68.87177826491073063, 12.09059892324150809, 20.71058083755675838 ) ) ;
#2896 = CARTESIAN_POINT ( 'NONE',  ( -71.87177826491070221, 12.09059892324148144, 15.51442841485016544 ) ) ;
#2897 = DIRECTION ( 'NONE',  ( 0.000000000000000000, 0.000000000000000000, 1.000000000000000000 ) ) ;
#2898 = CARTESIAN_POINT ( 'NONE',  ( -47.17562584220406308, 14.40000000000000036, 46.28941916244325938 ) ) ;
#2899 = ADVANCED_FACE ( 'NONE', ( #589 ), #132, .T. ) ;
#2900 = EDGE_CURVE ( 'NONE', #1694, #2747, #1080, .T. ) ;
#2901 = CARTESIAN_POINT ( 'NONE',  ( -17.67766952966348271, 0.000000000000000000, -17.67766952966390548 ) ) ;
#2902 = DIRECTION ( 'NONE',  ( -1.000000000000000000, 0.000000000000000000, -0.000000000000000000 ) ) ;
#2903 = LINE ( 'NONE', #1265, #821 ) ;
#2904 = CARTESIAN_POINT ( 'NONE',  ( -17.67766952966372429, 14.40000000000000036, 17.67766952966366745 ) ) ;
#2905 = CARTESIAN_POINT ( 'NONE',  ( -32.50000000000002842, 0.000000000000000000, -59.70834875401149588 ) ) ;
#2906 = ORIENTED_EDGE ( 'NONE', *, *, #2088, .T. ) ;
#2907 = EDGE_LOOP ( 'NONE', ( #1389, #1390, #1708, #561 ) ) ;
#2908 = ORIENTED_EDGE ( 'NONE', *, *, #1124, .T. ) ;
#2909 = CARTESIAN_POINT ( 'NONE',  ( 17.67766952966360350, 5.149999999999998579, 20.92766952966378469 ) ) ;
#2910 = LINE ( 'NONE', #2642, #2770 ) ;
#2911 = EDGE_CURVE ( 'NONE', #2848, #1661, #2045, .T. ) ;
#2912 = CARTESIAN_POINT ( 'NONE',  ( 21.50000000000000000, 1.000000000000000000, -64.00000000000000000 ) ) ;
#2913 = CYLINDRICAL_SURFACE ( 'NONE', #1175, 1.000000000000000888 ) ;
#2914 = DIRECTION ( 'NONE',  ( -0.8660254037844382635, 0.000000000000000000, 0.5000000000000008882 ) ) ;
#2915 = DIRECTION ( 'NONE',  ( 0.000000000000000000, 0.000000000000000000, 1.000000000000000000 ) ) ;
#2916 = PLANE ( 'NONE',  #289 ) ;
#2917 = CARTESIAN_POINT ( 'NONE',  ( 17.67766952966372429, 12.40000000000000036, -10.42766952966366745 ) ) ;
#2918 = ORIENTED_EDGE ( 'NONE', *, *, #562, .F. ) ;
#2919 = ORIENTED_EDGE ( 'NONE', *, *, #1281, .T. ) ;
#2920 = EDGE_LOOP ( 'NONE', ( #2496, #466, #1563, #695 ) ) ;
#2921 = LINE ( 'NONE', #1933, #1076 ) ;
#2922 = ADVANCED_FACE ( 'NONE', ( #2485 ), #1091, .T. ) ;
#2923 = AXIS2_PLACEMENT_3D ( 'NONE', #2043, #2307, #3003 ) ;
#2924 = LINE ( 'NONE', #1983, #2231 ) ;
#2925 = CIRCLE ( 'NONE', #432, 0.9999999999999978906 ) ;
#2926 = CARTESIAN_POINT ( 'NONE',  ( -63.67562584220407018, 0.000000000000000000, 17.71058083755679746 ) ) ;
#2927 = TOROIDAL_SURFACE ( 'NONE', #2371, 7.250000000000000000, 2.000000000000000000 ) ;
#2928 = CARTESIAN_POINT ( 'NONE',  ( 17.67766952966372429, 12.40000000000000036, -17.67766952966366745 ) ) ;
#2929 = DIRECTION ( 'NONE',  ( -0.000000000000000000, 1.000000000000000000, -0.000000000000000000 ) ) ;
#2930 = CARTESIAN_POINT ( 'NONE',  ( -17.67766952966372429, 5.149999999999998579, 17.67766952966366745 ) ) ;
#2931 = VECTOR ( 'NONE', #2035, 1000.000000000000000 ) ;
#2932 = AXIS2_PLACEMENT_3D ( 'NONE', #54, #755, #1705 ) ;
#2933 = AXIS2_PLACEMENT_3D ( 'NONE', #2447, #1712, #312 ) ;
#2934 = AXIS2_PLACEMENT_3D ( 'NONE', #1890, #1385, #2851 ) ;
#2935 = DIRECTION ( 'NONE',  ( 0.000000000000000000, 1.000000000000000000, 0.000000000000000000 ) ) ;
#2936 = CIRCLE ( 'NONE', #3087, 13.99999999999999112 ) ;
#2937 = ORIENTED_EDGE ( 'NONE', *, *, #2074, .T. ) ;
#2938 = VECTOR ( 'NONE', #503, 1000.000000000000000 ) ;
#2939 = EDGE_LOOP ( 'NONE', ( #2415, #6, #792, #2279 ) ) ;
#2940 = AXIS2_PLACEMENT_3D ( 'NONE', #2896, #748, #1169 ) ;
#2941 = ORIENTED_EDGE ( 'NONE', *, *, #727, .F. ) ;
#2942 = ORIENTED_EDGE ( 'NONE', *, *, #1041, .F. ) ;
#2943 = CARTESIAN_POINT ( 'NONE',  ( -47.17562584220406308, 14.40000000000000036, 46.28941916244325938 ) ) ;
#2944 = DIRECTION ( 'NONE',  ( -1.000000000000000000, -0.000000000000000000, -0.000000000000000000 ) ) ;
#2945 = CARTESIAN_POINT ( 'NONE',  ( -21.50000000000014921, 1.000000000000000000, -4.600557313270608761E-14 ) ) ;
#2946 = DIRECTION ( 'NONE',  ( 0.000000000000000000, 0.000000000000000000, 1.000000000000000000 ) ) ;
#2947 = CARTESIAN_POINT ( 'NONE',  ( -22.50000000000002132, 12.09059892324150809, -59.70834875401147457 ) ) ;
#2948 = LINE ( 'NONE', #319, #1159 ) ;
#2949 =( NAMED_UNIT ( * ) PLANE_ANGLE_UNIT ( ) SI_UNIT ( $, .RADIAN. ) );
#2950 = CARTESIAN_POINT ( 'NONE',  ( 17.67766952966360350, 0.000000000000000000, 17.67766952966378469 ) ) ;
#2951 = EDGE_LOOP ( 'NONE', ( #3025, #1971, #1453, #1039 ) ) ;
#2952 = EDGE_CURVE ( 'NONE', #1065, #2894, #1640, .T. ) ;
#2953 = ORIENTED_EDGE ( 'NONE', *, *, #2958, .T. ) ;
#2954 = CIRCLE ( 'NONE', #56, 1.000000000000005551 ) ;
#2955 = ORIENTED_EDGE ( 'NONE', *, *, #1187, .T. ) ;
#2956 = ADVANCED_FACE ( 'NONE', ( #1872 ), #1112, .T. ) ;
#2957 = CYLINDRICAL_SURFACE ( 'NONE', #854, 1.000000000000000888 ) ;
#2958 = EDGE_CURVE ( 'NONE', #2071, #1992, #2559, .T. ) ;
#2959 = CARTESIAN_POINT ( 'NONE',  ( 17.67766952966372429, 14.40000000000000036, -24.92766952966366745 ) ) ;
#2960 = DIRECTION ( 'NONE',  ( -0.8660254037844382635, -0.000000000000000000, 0.5000000000000004441 ) ) ;
#2961 = ORIENTED_EDGE ( 'NONE', *, *, #650, .F. ) ;
#2962 = EDGE_CURVE ( 'NONE', #1692, #1594, #447, .T. ) ;
#2963 = DIRECTION ( 'NONE',  ( 0.8660254037844384856, -0.000000000000000000, 0.5000000000000002220 ) ) ;
#2964 = ADVANCED_FACE ( 'NONE', ( #3038 ), #1917, .F. ) ;
#2965 = CARTESIAN_POINT ( 'NONE',  ( 16.50000000000000000, 0.000000000000000000, -69.00000000000000000 ) ) ;
#2966 = FACE_OUTER_BOUND ( 'NONE', #739, .T. ) ;
#2967 = EDGE_LOOP ( 'NONE', ( #1959, #2968 ) ) ;
#2968 = ORIENTED_EDGE ( 'NONE', *, *, #2295, .T. ) ;
#2969 = ORIENTED_EDGE ( 'NONE', *, *, #1578, .F. ) ;
#2970 = ADVANCED_FACE ( 'NONE', ( #693 ), #27, .T. ) ;
#2971 = EDGE_LOOP ( 'NONE', ( #1307, #2444, #819, #2597 ) ) ;
#2972 = DIRECTION ( 'NONE',  ( -0.5000000000000001110, 0.000000000000000000, -0.8660254037844385966 ) ) ;
#2973 = CARTESIAN_POINT ( 'NONE',  ( 16.50000000000000000, 1.000000000000000888, -70.00000000000000000 ) ) ;
#2974 = CARTESIAN_POINT ( 'NONE',  ( -10.74999999999999112, 1.000000000000000000, 18.61954618136540418 ) ) ;
#2975 = ORIENTED_EDGE ( 'NONE', *, *, #2689, .T. ) ;
#2976 = CARTESIAN_POINT ( 'NONE',  ( -35.45894683899486921, 14.40000000000000036, 43.99999999999999289 ) ) ;
#2977 = CARTESIAN_POINT ( 'NONE',  ( 67.95894683899490474, 12.09059892324150809, 1.708348754011518311 ) ) ;
#2978 = AXIS2_PLACEMENT_3D ( 'NONE', #196, #2579, #2135 ) ;
#2979 = FACE_BOUND ( 'NONE', #3002, .T. ) ;
#2980 = DIRECTION ( 'NONE',  ( 0.000000000000000000, 0.000000000000000000, -1.000000000000000000 ) ) ;
#2981 = VERTEX_POINT ( 'NONE', #2595 ) ;
#2982 = VECTOR ( 'NONE', #3098, 1000.000000000000000 ) ;
#2983 = AXIS2_PLACEMENT_3D ( 'NONE', #1445, #2946, #2450 ) ;
#2984 = EDGE_CURVE ( 'NONE', #2468, #1191, #2675, .T. ) ;
#2985 = ORIENTED_EDGE ( 'NONE', *, *, #1561, .F. ) ;
#2986 = AXIS2_PLACEMENT_3D ( 'NONE', #1942, #2512, #2754 ) ;
#2987 = EDGE_LOOP ( 'NONE', ( #72, #374, #1592, #2517 ) ) ;
#2988 = AXIS2_PLACEMENT_3D ( 'NONE', #1762, #2539, #2777 ) ;
#2989 = CIRCLE ( 'NONE', #1682, 1.000000000000000888 ) ;
#2990 = DIRECTION ( 'NONE',  ( -0.000000000000000000, 1.000000000000000000, -0.000000000000000000 ) ) ;
#2991 = DIRECTION ( 'NONE',  ( 0.000000000000000000, -1.000000000000000000, 0.000000000000000000 ) ) ;
#2992 = ORIENTED_EDGE ( 'NONE', *, *, #1480, .T. ) ;
#2993 = DIRECTION ( 'NONE',  ( 0.000000000000000000, 0.000000000000000000, -1.000000000000000000 ) ) ;
#2994 = FACE_OUTER_BOUND ( 'NONE', #2591, .T. ) ;
#2995 = EDGE_CURVE ( 'NONE', #1376, #1088, #1225, .T. ) ;
#2996 = DIRECTION ( 'NONE',  ( 1.000000000000000000, 0.000000000000000000, -1.224646799147353207E-16 ) ) ;
#2997 = ORIENTED_EDGE ( 'NONE', *, *, #88, .T. ) ;
#2998 = EDGE_LOOP ( 'NONE', ( #2821, #1110, #3044, #153 ) ) ;
#2999 = LINE ( 'NONE', #2493, #89 ) ;
#3000 = DIRECTION ( 'NONE',  ( -0.000000000000000000, 1.000000000000000000, -0.000000000000000000 ) ) ;
#3001 = ADVANCED_FACE ( 'NONE', ( #2341 ), #2824, .F. ) ;
#3002 = EDGE_LOOP ( 'NONE', ( #1571, #2852 ) ) ;
#3003 = DIRECTION ( 'NONE',  ( 0.8660254037844377084, 0.000000000000000000, -0.5000000000000015543 ) ) ;
#3004 = CARTESIAN_POINT ( 'NONE',  ( -17.67766952966372429, 12.40000000000000036, 17.67766952966366745 ) ) ;
#3005 = DIRECTION ( 'NONE',  ( 0.000000000000000000, -0.000000000000000000, -1.000000000000000000 ) ) ;
#3006 = DIRECTION ( 'NONE',  ( 0.000000000000000000, -0.000000000000000000, 1.000000000000000000 ) ) ;
#3007 = EDGE_LOOP ( 'NONE', ( #2700, #806, #2354, #452 ) ) ;
#3008 = ORIENTED_EDGE ( 'NONE', *, *, #2495, .F. ) ;
#3009 = VERTEX_POINT ( 'NONE', #256 ) ;
#3010 = EDGE_CURVE ( 'NONE', #532, #2458, #283, .T. ) ;
#3011 = DIRECTION ( 'NONE',  ( -0.000000000000000000, -1.000000000000000000, -0.000000000000000000 ) ) ;
#3012 = DIRECTION ( 'NONE',  ( 0.000000000000000000, 0.000000000000000000, -1.000000000000000000 ) ) ;
#3013 = EDGE_CURVE ( 'NONE', #1094, #2782, #1314, .T. ) ;
#3014 = CIRCLE ( 'NONE', #1767, 0.5000000000000004441 ) ;
#3015 = EDGE_LOOP ( 'NONE', ( #791, #2254 ) ) ;
#3016 = LINE ( 'NONE', #2497, #1809 ) ;
#3017 = DIRECTION ( 'NONE',  ( 0.000000000000000000, 0.000000000000000000, 1.000000000000000000 ) ) ;
#3018 = CARTESIAN_POINT ( 'NONE',  ( 68.87177826491073063, 1.000000000000000888, 20.71058083755675838 ) ) ;
#3019 = ORIENTED_EDGE ( 'NONE', *, *, #1480, .F. ) ;
#3020 = FACE_OUTER_BOUND ( 'NONE', #1860, .T. ) ;
#3021 = VECTOR ( 'NONE', #1579, 1000.000000000000114 ) ;
#3022 = VECTOR ( 'NONE', #2877, 1000.000000000000114 ) ;
#3023 = EDGE_LOOP ( 'NONE', ( #1409, #280, #513, #870 ) ) ;
#3024 = AXIS2_PLACEMENT_3D ( 'NONE', #943, #3084, #426 ) ;
#3025 = ORIENTED_EDGE ( 'NONE', *, *, #1912, .F. ) ;
#3026 = TOROIDAL_SURFACE ( 'NONE', #729, 3.750000000000000444, 0.5000000000000000000 ) ;
#3027 = AXIS2_PLACEMENT_3D ( 'NONE', #1877, #2841, #2123 ) ;
#3028 = EDGE_CURVE ( 'NONE', #1180, #1760, #1889, .T. ) ;
#3029 = TOROIDAL_SURFACE ( 'NONE', #1475, 3.750000000000000444, 0.5000000000000000000 ) ;
#3030 = VECTOR ( 'NONE', #2882, 1000.000000000000000 ) ;
#3031 = DIRECTION ( 'NONE',  ( 0.000000000000000000, -1.000000000000000000, 0.000000000000000000 ) ) ;
#3032 = CARTESIAN_POINT ( 'NONE',  ( 47.17562584220410571, 14.40000000000000036, 46.28941916244323806 ) ) ;
#3033 = AXIS2_PLACEMENT_3D ( 'NONE', #215, #2587, #2335 ) ;
#3034 = AXIS2_PLACEMENT_3D ( 'NONE', #1802, #2013, #364 ) ;
#3035 = EDGE_LOOP ( 'NONE', ( #43, #595, #2353, #416 ) ) ;
#3036 = FACE_OUTER_BOUND ( 'NONE', #1154, .T. ) ;
#3037 = DIRECTION ( 'NONE',  ( -0.000000000000000000, 1.000000000000000000, -0.000000000000000000 ) ) ;
#3038 = FACE_OUTER_BOUND ( 'NONE', #1642, .T. ) ;
#3039 = DIRECTION ( 'NONE',  ( 0.000000000000000000, 1.000000000000000000, 0.000000000000000000 ) ) ;
#3040 = ORIENTED_EDGE ( 'NONE', *, *, #1627, .T. ) ;
#3041 = DIRECTION ( 'NONE',  ( -0.5000000000000045519, 0.000000000000000000, 0.8660254037844360431 ) ) ;
#3042 = EDGE_CURVE ( 'NONE', #2260, #596, #181, .T. ) ;
#3043 = ORIENTED_EDGE ( 'NONE', *, *, #1364, .F. ) ;
#3044 = ORIENTED_EDGE ( 'NONE', *, *, #2242, .F. ) ;
#3045 = ADVANCED_FACE ( 'NONE', ( #2462 ), #1718, .T. ) ;
#3046 = DIRECTION ( 'NONE',  ( 0.000000000000000000, 0.000000000000000000, -1.000000000000000000 ) ) ;
#3047 = CARTESIAN_POINT ( 'NONE',  ( 44.67562584220409860, 0.000000000000000000, 50.61954618136542905 ) ) ;
#3048 = ORIENTED_EDGE ( 'NONE', *, *, #1994, .T. ) ;
#3049 = PLANE ( 'NONE',  #1274 ) ;
#3050 = DIRECTION ( 'NONE',  ( 0.000000000000000000, -1.000000000000000000, 0.000000000000000000 ) ) ;
#3051 = EDGE_CURVE ( 'NONE', #572, #1042, #680, .T. ) ;
#3052 = DIRECTION ( 'NONE',  ( -0.4330127018922184101, 0.4999999999999984457, 0.7500000000000015543 ) ) ;
#3053 = PLANE ( 'NONE',  #2521 ) ;
#3054 = LINE ( 'NONE', #2103, #2670 ) ;
#3055 = FACE_OUTER_BOUND ( 'NONE', #134, .T. ) ;
#3056 = ADVANCED_FACE ( 'NONE', ( #1237 ), #737, .F. ) ;
#3057 = CYLINDRICAL_SURFACE ( 'NONE', #2518, 1.000000000000000888 ) ;
#3058 = ORIENTED_EDGE ( 'NONE', *, *, #2156, .F. ) ;
#3059 = ORIENTED_EDGE ( 'NONE', *, *, #24, .T. ) ;
#3060 = CARTESIAN_POINT ( 'NONE',  ( 63.67562584220409860, 14.40000000000000036, 17.71058083755675838 ) ) ;
#3061 = DIRECTION ( 'NONE',  ( 6.938893903907227392E-16, 0.000000000000000000, -1.000000000000000000 ) ) ;
#3062 = VERTEX_POINT ( 'NONE', #765 ) ;
#3063 = ADVANCED_FACE ( 'NONE', ( #1005 ), #1952, .T. ) ;
#3064 = VERTEX_POINT ( 'NONE', #971 ) ;
#3065 = CARTESIAN_POINT ( 'NONE',  ( 17.67766952966360350, 5.149999999999998579, 17.67766952966378469 ) ) ;
#3066 = CYLINDRICAL_SURFACE ( 'NONE', #1879, 3.249999999999999556 ) ;
#3067 = EDGE_CURVE ( 'NONE', #2224, #1499, #2426, .T. ) ;
#3068 = CARTESIAN_POINT ( 'NONE',  ( 66.17562584220408439, 0.000000000000000000, 13.38045381863456385 ) ) ;
#3069 = CARTESIAN_POINT ( 'NONE',  ( 17.67766952966360350, 5.649999999999998579, 17.67766952966378469 ) ) ;
#3070 = DIRECTION ( 'NONE',  ( 0.000000000000000000, 1.000000000000000000, 0.000000000000000000 ) ) ;
#3071 = CIRCLE ( 'NONE', #2061, 3.750000000000000000 ) ;
#3072 = DIRECTION ( 'NONE',  ( 0.5000000000000000000, 0.000000000000000000, 0.8660254037844385966 ) ) ;
#3073 = VERTEX_POINT ( 'NONE', #1751 ) ;
#3074 = AXIS2_PLACEMENT_3D ( 'NONE', #2611, #1653, #1413 ) ;
#3075 = ORIENTED_EDGE ( 'NONE', *, *, #2435, .T. ) ;
#3076 = DIRECTION ( 'NONE',  ( 0.000000000000000000, 0.000000000000000000, -1.000000000000000000 ) ) ;
#3077 = VECTOR ( 'NONE', #2005, 999.9999999999998863 ) ;
#3078 = AXIS2_PLACEMENT_3D ( 'NONE', #1263, #51, #2438 ) ;
#3079 = CARTESIAN_POINT ( 'NONE',  ( -44.67562584220405597, 1.000000000000000888, 50.61954618136545037 ) ) ;
#3080 = AXIS2_PLACEMENT_3D ( 'NONE', #1784, #1900, #489 ) ;
#3081 = AXIS2_PLACEMENT_3D ( 'NONE', #2018, #2996, #2980 ) ;
#3082 = VERTEX_POINT ( 'NONE', #1202 ) ;
#3083 = CIRCLE ( 'NONE', #1170, 7.249999999999999112 ) ;
#3084 = DIRECTION ( 'NONE',  ( 0.2500000000000006106, 0.8660254037844387076, 0.4330127018922189652 ) ) ;
#3085 = AXIS2_PLACEMENT_3D ( 'NONE', #1013, #1949, #1961 ) ;
#3086 = CARTESIAN_POINT ( 'NONE',  ( 17.67766952966372429, 0.000000000000000000, -17.67766952966366745 ) ) ;
#3087 = AXIS2_PLACEMENT_3D ( 'NONE', #1004, #1014, #64 ) ;
#3088 = CARTESIAN_POINT ( 'NONE',  ( -17.67766952966348271, 5.649999999999998579, -17.67766952966390548 ) ) ;
#3089 = CARTESIAN_POINT ( 'NONE',  ( -67.95894683899489053, 1.000000000000000888, 1.708348754011521864 ) ) ;
#3090 = ORIENTED_EDGE ( 'NONE', *, *, #744, .T. ) ;
#3091 = CARTESIAN_POINT ( 'NONE',  ( 17.67766952966372429, 0.000000000000000000, -17.67766952966366745 ) ) ;
#3092 = EDGE_CURVE ( 'NONE', #2195, #2349, #1015, .T. ) ;
#3093 = DIRECTION ( 'NONE',  ( 0.000000000000000000, 0.000000000000000000, -1.000000000000000000 ) ) ;
#3094 = ORIENTED_EDGE ( 'NONE', *, *, #2995, .T. ) ;
#3095 = ORIENTED_EDGE ( 'NONE', *, *, #2654, .T. ) ;
#3096 = EDGE_CURVE ( 'NONE', #1798, #664, #29, .T. ) ;
#3097 = DIRECTION ( 'NONE',  ( 0.000000000000000000, 1.000000000000000000, 0.000000000000000000 ) ) ;
#3098 = DIRECTION ( 'NONE',  ( 0.4999999999999995559, 0.000000000000000000, -0.8660254037844389297 ) ) ;
#3099 = EDGE_CURVE ( 'NONE', #2442, #1907, #2273, .T. ) ;
#3100 = EDGE_LOOP ( 'NONE', ( #773, #2299, #2729, #1943 ) ) ;
#3101 = LINE ( 'NONE', #11, #834 ) ;
#3102 = DIRECTION ( 'NONE',  ( -0.000000000000000000, 1.000000000000000000, 0.000000000000000000 ) ) ;
#3103 = ADVANCED_FACE ( 'NONE', ( #1460 ), #2927, .T. ) ;
ENDSEC;
END-ISO-10303-21;
