ISO-10303-21;
HEADER;
FILE_DESCRIPTION (( 'STEP AP214' ),
    '1' );
FILE_NAME ('Pneumatic_and_Electrical_Harness.STEP',
    '2025-10-14T16:54:39',
    ( '' ),
    ( '' ),
    'SwSTEP 2.0',
    'SolidWorks 2025',
    '' );
FILE_SCHEMA (( 'AUTOMOTIVE_DESIGN' ));
ENDSEC;

DATA;
#1 = VERTEX_POINT ( 'NONE', #3172 ) ;
#2 = CYLINDRICAL_SURFACE ( 'NONE', #3319, 5.049999999999998934 ) ;
#3 = FACE_OUTER_BOUND ( 'NONE', #1498, .T. ) ;
#4 = DIRECTION ( 'NONE',  ( 0.000000000000000000, 0.000000000000000000, 1.000000000000000000 ) ) ;
#5 = ADVANCED_FACE ( 'NONE', ( #1515 ), #1055, .F. ) ;
#6 = ORIENTED_EDGE ( 'NONE', *, *, #1206, .T. ) ;
#7 = VERTEX_POINT ( 'NONE', #3425 ) ;
#8 = DIRECTION ( 'NONE',  ( 1.000000000000000000, 0.000000000000000000, 0.000000000000000000 ) ) ;
#9 = EDGE_CURVE ( 'NONE', #1852, #1127, #2900, .T. ) ;
#10 = ORIENTED_EDGE ( 'NONE', *, *, #1765, .T. ) ;
#11 = CARTESIAN_POINT ( 'NONE',  ( 29.05000000000000071, 4.599999999999999645, -3.225466330706889373 ) ) ;
#12 = CARTESIAN_POINT ( 'NONE',  ( 9.514793771132863398, 12.13520622886713163, 0.000000000000000000 ) ) ;
#13 = CARTESIAN_POINT ( 'NONE',  ( -5.050000000000000711, 0.000000000000000000, -3.000000000000000000 ) ) ;
#14 = CARTESIAN_POINT ( 'NONE',  ( 9.661240380539590333, 11.78165283827385679, -3.000000000000000000 ) ) ;
#15 = DIRECTION ( 'NONE',  ( 2.168404344971007882E-16, 1.000000000000000000, -0.000000000000000000 ) ) ;
#16 = DIRECTION ( 'NONE',  ( -0.000000000000000000, 0.000000000000000000, 1.000000000000000000 ) ) ;
#17 = DIRECTION ( 'NONE',  ( 1.000000000000000000, -6.938893903907228378E-15, 0.000000000000000000 ) ) ;
#18 = VERTEX_POINT ( 'NONE', #1798 ) ;
#19 = VERTEX_POINT ( 'NONE', #1002 ) ;
#20 = FACE_OUTER_BOUND ( 'NONE', #1005, .T. ) ;
#21 = DIRECTION ( 'NONE',  ( 0.7071067811865489050, 0.7071067811865462405, 0.000000000000000000 ) ) ;
#22 = ORIENTED_EDGE ( 'NONE', *, *, #2588, .T. ) ;
#23 = ORIENTED_EDGE ( 'NONE', *, *, #1338, .F. ) ;
#24 = DIRECTION ( 'NONE',  ( 1.000000000000000000, 0.000000000000000000, 0.000000000000000000 ) ) ;
#25 = ADVANCED_FACE ( 'NONE', ( #1544, #1814 ), #1777, .F. ) ;
#26 = DIRECTION ( 'NONE',  ( 0.000000000000000000, -1.000000000000000000, 0.000000000000000000 ) ) ;
#27 = FACE_OUTER_BOUND ( 'NONE', #3195, .T. ) ;
#28 = DIRECTION ( 'NONE',  ( -0.000000000000000000, 1.000000000000000000, -0.000000000000000000 ) ) ;
#29 = ADVANCED_FACE ( 'NONE', ( #3190 ), #195, .T. ) ;
#30 = DIRECTION ( 'NONE',  ( -0.000000000000000000, -0.000000000000000000, 1.000000000000000000 ) ) ;
#31 = DIRECTION ( 'NONE',  ( 0.000000000000000000, 0.000000000000000000, -1.000000000000000000 ) ) ;
#32 = LINE ( 'NONE', #2768, #881 ) ;
#33 = CIRCLE ( 'NONE', #933, 3.050000000000000711 ) ;
#34 = ORIENTED_EDGE ( 'NONE', *, *, #3113, .T. ) ;
#35 = EDGE_CURVE ( 'NONE', #1110, #252, #1247, .T. ) ;
#36 = VERTEX_POINT ( 'NONE', #2622 ) ;
#37 = CIRCLE ( 'NONE', #2247, 0.5000000000000000000 ) ;
#38 = VERTEX_POINT ( 'NONE', #1280 ) ;
#39 = AXIS2_PLACEMENT_3D ( 'NONE', #1423, #2537, #3316 ) ;
#40 = ADVANCED_FACE ( 'NONE', ( #2090 ), #1297, .F. ) ;
#41 = CARTESIAN_POINT ( 'NONE',  ( -4.825000000000001066, 4.825000000000019718, -3.000000000000000000 ) ) ;
#42 = EDGE_LOOP ( 'NONE', ( #170, #3408, #321, #781 ) ) ;
#43 = ORIENTED_EDGE ( 'NONE', *, *, #2565, .T. ) ;
#44 = DIRECTION ( 'NONE',  ( -0.000000000000000000, -0.000000000000000000, 1.000000000000000000 ) ) ;
#45 = AXIS2_PLACEMENT_3D ( 'NONE', #1803, #2577, #3112 ) ;
#46 = DIRECTION ( 'NONE',  ( -0.000000000000000000, -0.000000000000000000, 1.000000000000000000 ) ) ;
#47 = CARTESIAN_POINT ( 'NONE',  ( 24.00000000000000000, 9.650000000000000355, -3.000000000000000000 ) ) ;
#48 = CARTESIAN_POINT ( 'NONE',  ( -24.60000000000000142, 0.000000000000000000, -5.850000000000001421 ) ) ;
#49 = CIRCLE ( 'NONE', #1736, 3.050000000000000711 ) ;
#50 = CIRCLE ( 'NONE', #3210, 0.5000000000000000000 ) ;
#51 = DIRECTION ( 'NONE',  ( 1.000000000000000000, 0.000000000000000000, 0.000000000000000000 ) ) ;
#52 = EDGE_CURVE ( 'NONE', #3255, #2373, #705, .T. ) ;
#53 = DIRECTION ( 'NONE',  ( -0.000000000000000000, 1.000000000000000000, -0.000000000000000000 ) ) ;
#54 = CARTESIAN_POINT ( 'NONE',  ( -6.200000000000001066, 4.599999999999999645, -3.799999999999999822 ) ) ;
#55 = VECTOR ( 'NONE', #21, 1000.000000000000000 ) ;
#56 = ORIENTED_EDGE ( 'NONE', *, *, #3091, .F. ) ;
#57 = EDGE_LOOP ( 'NONE', ( #1607, #346, #1868, #2408 ) ) ;
#58 = EDGE_LOOP ( 'NONE', ( #3094, #1469, #2303, #347 ) ) ;
#59 = DIRECTION ( 'NONE',  ( 0.000000000000000000, -1.000000000000000000, 0.000000000000000000 ) ) ;
#60 = DIRECTION ( 'NONE',  ( 0.000000000000000000, 0.000000000000000000, -1.000000000000000000 ) ) ;
#61 = ORIENTED_EDGE ( 'NONE', *, *, #1450, .F. ) ;
#62 = VERTEX_POINT ( 'NONE', #2885 ) ;
#63 = CARTESIAN_POINT ( 'NONE',  ( -21.84990287001355469, 4.599999999999999645, -6.752025551478992860 ) ) ;
#64 = DIRECTION ( 'NONE',  ( -1.000000000000000000, 0.000000000000000000, 0.000000000000000000 ) ) ;
#65 = DIRECTION ( 'NONE',  ( 1.000000000000000000, 0.000000000000000000, 0.000000000000000000 ) ) ;
#66 = DIRECTION ( 'NONE',  ( 1.000000000000000000, 0.000000000000000000, 0.000000000000000000 ) ) ;
#67 = EDGE_CURVE ( 'NONE', #2148, #1842, #2121, .T. ) ;
#68 = ORIENTED_EDGE ( 'NONE', *, *, #1384, .T. ) ;
#69 = DIRECTION ( 'NONE',  ( 0.000000000000000000, 0.000000000000000000, 1.000000000000000000 ) ) ;
#70 = CARTESIAN_POINT ( 'NONE',  ( -21.50000000000000000, 4.099999999999999645, 0.000000000000000000 ) ) ;
#71 = EDGE_CURVE ( 'NONE', #714, #532, #3444, .T. ) ;
#72 = EDGE_CURVE ( 'NONE', #2238, #2765, #3140, .T. ) ;
#73 = ORIENTED_EDGE ( 'NONE', *, *, #621, .F. ) ;
#74 = ORIENTED_EDGE ( 'NONE', *, *, #840, .T. ) ;
#75 = ORIENTED_EDGE ( 'NONE', *, *, #2060, .T. ) ;
#76 = CARTESIAN_POINT ( 'NONE',  ( 0.000000000000000000, 7.599999999999999645, 0.000000000000000000 ) ) ;
#77 = DIRECTION ( 'NONE',  ( 0.000000000000000000, -0.000000000000000000, -1.000000000000000000 ) ) ;
#78 = ADVANCED_FACE ( 'NONE', ( #2659, #1020 ), #2107, .F. ) ;
#79 = VERTEX_POINT ( 'NONE', #2605 ) ;
#80 = DIRECTION ( 'NONE',  ( 0.000000000000000000, -1.000000000000000000, 0.000000000000000000 ) ) ;
#81 = DIRECTION ( 'NONE',  ( -0.000000000000000000, 1.000000000000000000, -0.000000000000000000 ) ) ;
#82 = DIRECTION ( 'NONE',  ( -0.000000000000000000, 1.000000000000000000, -0.000000000000000000 ) ) ;
#83 = DIRECTION ( 'NONE',  ( 0.000000000000000000, 0.000000000000000000, 1.000000000000000000 ) ) ;
#84 = EDGE_CURVE ( 'NONE', #421, #3062, #3252, .T. ) ;
#85 = ORIENTED_EDGE ( 'NONE', *, *, #2123, .T. ) ;
#86 = CARTESIAN_POINT ( 'NONE',  ( 12.00000000000000000, 9.650000000000000355, -3.000000000000000000 ) ) ;
#87 = FACE_OUTER_BOUND ( 'NONE', #3050, .T. ) ;
#88 = CIRCLE ( 'NONE', #871, 0.5000000000000004441 ) ;
#89 = ORIENTED_EDGE ( 'NONE', *, *, #3267, .T. ) ;
#90 = EDGE_LOOP ( 'NONE', ( #391, #363, #3415, #1817 ) ) ;
#91 = EDGE_CURVE ( 'NONE', #251, #969, #2905, .T. ) ;
#92 = DIRECTION ( 'NONE',  ( 0.000000000000000000, -1.000000000000000000, 0.000000000000000000 ) ) ;
#93 = VECTOR ( 'NONE', #2926, 1000.000000000000000 ) ;
#94 = VECTOR ( 'NONE', #2642, 1000.000000000000000 ) ;
#95 = ORIENTED_EDGE ( 'NONE', *, *, #1661, .T. ) ;
#96 = ORIENTED_EDGE ( 'NONE', *, *, #1329, .T. ) ;
#97 = EDGE_CURVE ( 'NONE', #2949, #2626, #2994, .T. ) ;
#98 = FACE_OUTER_BOUND ( 'NONE', #848, .T. ) ;
#99 = VECTOR ( 'NONE', #1692, 1000.000000000000000 ) ;
#100 = CARTESIAN_POINT ( 'NONE',  ( -14.49999999999999822, 12.60000000000000142, -6.000000000000000000 ) ) ;
#101 = DIRECTION ( 'NONE',  ( 0.7071067811865489050, 0.7071067811865462405, 0.000000000000000000 ) ) ;
#102 = CARTESIAN_POINT ( 'NONE',  ( -8.599999999999996092, 12.60000000000000142, -5.500000000000000000 ) ) ;
#103 = AXIS2_PLACEMENT_3D ( 'NONE', #2816, #403, #2863 ) ;
#104 = ORIENTED_EDGE ( 'NONE', *, *, #2486, .T. ) ;
#105 = DIRECTION ( 'NONE',  ( -1.000000000000000000, 0.000000000000000000, 0.000000000000000000 ) ) ;
#106 = CIRCLE ( 'NONE', #2976, 0.5000000000000000000 ) ;
#107 = DIRECTION ( 'NONE',  ( -1.000000000000000000, 0.000000000000000000, 0.000000000000000000 ) ) ;
#108 = VECTOR ( 'NONE', #3245, 1000.000000000000000 ) ;
#109 = ORIENTED_EDGE ( 'NONE', *, *, #2762, .T. ) ;
#110 = ORIENTED_EDGE ( 'NONE', *, *, #243, .F. ) ;
#111 = CARTESIAN_POINT ( 'NONE',  ( 17.85000000000000142, 8.400000000000000355, 0.000000000000000000 ) ) ;
#112 = CIRCLE ( 'NONE', #1567, 5.050000000000002487 ) ;
#113 = CARTESIAN_POINT ( 'NONE',  ( 0.000000000000000000, 9.650000000000000355, -3.000000000000000000 ) ) ;
#114 = EDGE_CURVE ( 'NONE', #2373, #3043, #1098, .T. ) ;
#115 = ORIENTED_EDGE ( 'NONE', *, *, #2766, .T. ) ;
#116 = VERTEX_POINT ( 'NONE', #1922 ) ;
#117 = CARTESIAN_POINT ( 'NONE',  ( 29.01641205234068721, 4.599999999999999645, -3.250088297591617881 ) ) ;
#118 = EDGE_CURVE ( 'NONE', #2646, #1272, #148, .T. ) ;
#119 = EDGE_CURVE ( 'NONE', #3339, #948, #934, .T. ) ;
#120 = PLANE ( 'NONE',  #1234 ) ;
#121 = DIRECTION ( 'NONE',  ( -0.000000000000000000, 0.000000000000000000, 1.000000000000000000 ) ) ;
#122 = DIRECTION ( 'NONE',  ( -1.000000000000000000, 0.000000000000000000, 0.000000000000000000 ) ) ;
#123 = DIRECTION ( 'NONE',  ( 0.000000000000000000, -1.000000000000000000, 0.000000000000000000 ) ) ;
#124 = CARTESIAN_POINT ( 'NONE',  ( 9.514793771132863398, 12.13520622886713163, -3.000000000000000000 ) ) ;
#125 = ORIENTED_EDGE ( 'NONE', *, *, #3244, .F. ) ;
#126 = ORIENTED_EDGE ( 'NONE', *, *, #691, .T. ) ;
#127 = DIRECTION ( 'NONE',  ( 0.000000000000000000, 0.000000000000000000, 1.000000000000000000 ) ) ;
#128 = ORIENTED_EDGE ( 'NONE', *, *, #3053, .F. ) ;
#129 = ORIENTED_EDGE ( 'NONE', *, *, #1310, .T. ) ;
#130 = DIRECTION ( 'NONE',  ( -0.000000000000000000, 0.000000000000000000, 1.000000000000000000 ) ) ;
#131 = CYLINDRICAL_SURFACE ( 'NONE', #3324, 5.400000000000002132 ) ;
#132 = CARTESIAN_POINT ( 'NONE',  ( 29.00000000000000000, 0.5000000000000004441, -9.000000000000001776 ) ) ;
#133 = FACE_OUTER_BOUND ( 'NONE', #1131, .T. ) ;
#134 = ADVANCED_FACE ( 'NONE', ( #548 ), #3364, .T. ) ;
#135 = DIRECTION ( 'NONE',  ( 0.000000000000000000, 0.000000000000000000, -1.000000000000000000 ) ) ;
#136 = LINE ( 'NONE', #124, #1448 ) ;
#137 = EDGE_CURVE ( 'NONE', #1942, #744, #2711, .T. ) ;
#138 = ORIENTED_EDGE ( 'NONE', *, *, #52, .T. ) ;
#139 = ORIENTED_EDGE ( 'NONE', *, *, #1101, .T. ) ;
#140 = DIRECTION ( 'NONE',  ( 0.000000000000000000, 0.000000000000000000, 1.000000000000000000 ) ) ;
#141 = CIRCLE ( 'NONE', #39, 0.5000000000000004441 ) ;
#142 = EDGE_CURVE ( 'NONE', #1939, #1, #1599, .T. ) ;
#143 = ORIENTED_EDGE ( 'NONE', *, *, #1163, .T. ) ;
#144 = TOROIDAL_SURFACE ( 'NONE', #2124, 2.500000000000000000, 0.5000000000000000000 ) ;
#145 = ORIENTED_EDGE ( 'NONE', *, *, #1252, .F. ) ;
#146 = DIRECTION ( 'NONE',  ( 0.000000000000000000, -1.000000000000000000, 0.000000000000000000 ) ) ;
#147 = CIRCLE ( 'NONE', #317, 0.5000000000000004441 ) ;
#148 = CIRCLE ( 'NONE', #2010, 3.050000000000000711 ) ;
#149 = DIRECTION ( 'NONE',  ( 0.7071067811865462405, -0.7071067811865489050, 0.000000000000000000 ) ) ;
#150 = CARTESIAN_POINT ( 'NONE',  ( 29.00000000000000000, 4.599999999999999645, -3.262898863262211346 ) ) ;
#151 = TOROIDAL_SURFACE ( 'NONE', #1048, 6.999999999999999112, 0.5000000000000000000 ) ;
#152 = VECTOR ( 'NONE', #2343, 1000.000000000000000 ) ;
#153 = FACE_OUTER_BOUND ( 'NONE', #57, .T. ) ;
#154 = ADVANCED_FACE ( 'NONE', ( #529 ), #267, .F. ) ;
#155 = CARTESIAN_POINT ( 'NONE',  ( 6.949999999999999289, 0.000000000000000000, -3.000000000000000000 ) ) ;
#156 = CARTESIAN_POINT ( 'NONE',  ( -27.50000000000000000, 4.599999999999999645, -3.000000000000000000 ) ) ;
#157 = VECTOR ( 'NONE', #2028, 1000.000000000000000 ) ;
#158 = EDGE_CURVE ( 'NONE', #1, #1947, #1670, .T. ) ;
#159 = EDGE_LOOP ( 'NONE', ( #1914, #1617, #2752, #1364 ) ) ;
#160 = AXIS2_PLACEMENT_3D ( 'NONE', #3099, #2825, #2240 ) ;
#161 = EDGE_LOOP ( 'NONE', ( #916, #1412, #2287, #2339 ) ) ;
#162 = CARTESIAN_POINT ( 'NONE',  ( -28.00000000000000000, 4.599999999999999645, -12.00000000000000000 ) ) ;
#163 = AXIS2_PLACEMENT_3D ( 'NONE', #2435, #314, #3008 ) ;
#164 = ORIENTED_EDGE ( 'NONE', *, *, #1378, .T. ) ;
#165 = VECTOR ( 'NONE', #737, 1000.000000000000000 ) ;
#166 = ORIENTED_EDGE ( 'NONE', *, *, #1693, .T. ) ;
#167 = DIRECTION ( 'NONE',  ( 1.000000000000000000, 0.000000000000000000, 0.000000000000000000 ) ) ;
#168 = VECTOR ( 'NONE', #2559, 1000.000000000000000 ) ;
#169 = CARTESIAN_POINT ( 'NONE',  ( 20.44859576860754657, 12.49429745020589522, 0.000000000000000000 ) ) ;
#170 = ORIENTED_EDGE ( 'NONE', *, *, #142, .F. ) ;
#171 = DIRECTION ( 'NONE',  ( 0.000000000000000000, 0.000000000000000000, 1.000000000000000000 ) ) ;
#172 = CARTESIAN_POINT ( 'NONE',  ( 24.00000000000000000, 9.650000000000000355, -3.000000000000000000 ) ) ;
#173 = DIRECTION ( 'NONE',  ( -1.000000000000000000, 0.000000000000000000, 0.000000000000000000 ) ) ;
#174 = CARTESIAN_POINT ( 'NONE',  ( -3.049999999999999822, 9.650000000000000355, -3.000000000000000000 ) ) ;
#175 = CARTESIAN_POINT ( 'NONE',  ( -21.80727336303019470, 4.898910743878509777, -0.1001665818436486971 ) ) ;
#176 = EDGE_CURVE ( 'NONE', #3076, #809, #712, .T. ) ;
#177 = EDGE_LOOP ( 'NONE', ( #965, #3073, #3381, #3202 ) ) ;
#178 = CARTESIAN_POINT ( 'NONE',  ( 0.000000000000000000, 0.000000000000000000, -6.000000000000000000 ) ) ;
#179 = CARTESIAN_POINT ( 'NONE',  ( 29.05000000000000071, 5.277921898938974898, -3.000000000000000000 ) ) ;
#180 = EDGE_CURVE ( 'NONE', #1749, #805, #1047, .T. ) ;
#181 = EDGE_CURVE ( 'NONE', #3283, #680, #877, .T. ) ;
#182 = ORIENTED_EDGE ( 'NONE', *, *, #3352, .T. ) ;
#183 = EDGE_LOOP ( 'NONE', ( #834, #629, #2017, #3399 ) ) ;
#184 = DIRECTION ( 'NONE',  ( -0.000000000000000000, -0.000000000000000000, 1.000000000000000000 ) ) ;
#185 = ADVANCED_FACE ( 'NONE', ( #3 ), #2162, .T. ) ;
#186 = LINE ( 'NONE', #1254, #508 ) ;
#187 = ORIENTED_EDGE ( 'NONE', *, *, #158, .T. ) ;
#188 = DIRECTION ( 'NONE',  ( 0.000000000000000000, -0.000000000000000000, 1.000000000000000000 ) ) ;
#189 = DIRECTION ( 'NONE',  ( 1.000000000000000000, 0.000000000000000000, 0.000000000000000000 ) ) ;
#190 = DIRECTION ( 'NONE',  ( 0.7071067811865451302, 0.7071067811865499042, -0.000000000000000000 ) ) ;
#191 = EDGE_CURVE ( 'NONE', #632, #1585, #570, .T. ) ;
#192 = DIRECTION ( 'NONE',  ( 0.000000000000000000, -0.000000000000000000, 1.000000000000000000 ) ) ;
#193 = DIRECTION ( 'NONE',  ( 0.000000000000000000, 0.000000000000000000, -1.000000000000000000 ) ) ;
#194 = EDGE_LOOP ( 'NONE', ( #1548, #2856, #2470, #2487 ) ) ;
#195 = CYLINDRICAL_SURFACE ( 'NONE', #1605, 5.049999999999998934 ) ;
#196 = CARTESIAN_POINT ( 'NONE',  ( -22.56960594957530830, 4.633893883636931221, -5.500000000000000000 ) ) ;
#197 = EDGE_CURVE ( 'NONE', #2183, #1963, #3135, .T. ) ;
#198 = ORIENTED_EDGE ( 'NONE', *, *, #2282, .F. ) ;
#199 = EDGE_LOOP ( 'NONE', ( #270, #2780, #3315, #2259 ) ) ;
#200 = CARTESIAN_POINT ( 'NONE',  ( -21.50000000000000000, 4.599999999999999645, -5.500000000000000000 ) ) ;
#201 = VECTOR ( 'NONE', #3209, 1000.000000000000000 ) ;
#202 = EDGE_CURVE ( 'NONE', #964, #2823, #2515, .T. ) ;
#203 = CARTESIAN_POINT ( 'NONE',  ( 26.00000000000000711, 0.000000000000000000, -12.00000000000000000 ) ) ;
#204 = ORIENTED_EDGE ( 'NONE', *, *, #1491, .T. ) ;
#205 = FACE_OUTER_BOUND ( 'NONE', #2592, .T. ) ;
#206 = CARTESIAN_POINT ( 'NONE',  ( 18.00000000000000000, 20.10000000000000142, -9.150000000000002132 ) ) ;
#207 = VECTOR ( 'NONE', #2854, 1000.000000000000000 ) ;
#208 = FACE_OUTER_BOUND ( 'NONE', #1376, .T. ) ;
#209 = VECTOR ( 'NONE', #1228, 1000.000000000000000 ) ;
#210 = LINE ( 'NONE', #3403, #608 ) ;
#211 = PLANE ( 'NONE',  #2188 ) ;
#212 = DIRECTION ( 'NONE',  ( 0.000000000000000000, 0.000000000000000000, 1.000000000000000000 ) ) ;
#213 = AXIS2_PLACEMENT_3D ( 'NONE', #1461, #1224, #686 ) ;
#214 = CIRCLE ( 'NONE', #160, 5.049999999999998934 ) ;
#215 = ORIENTED_EDGE ( 'NONE', *, *, #3457, .T. ) ;
#216 = ORIENTED_EDGE ( 'NONE', *, *, #1541, .T. ) ;
#217 = VECTOR ( 'NONE', #3000, 1000.000000000000000 ) ;
#218 = DIRECTION ( 'NONE',  ( -0.000000000000000000, -0.000000000000000000, 1.000000000000000000 ) ) ;
#219 = ADVANCED_FACE ( 'NONE', ( #3231 ), #2194, .T. ) ;
#220 = CIRCLE ( 'NONE', #1740, 0.8000000000000003775 ) ;
#221 = CARTESIAN_POINT ( 'NONE',  ( 26.00000000000000711, 4.099999999999999645, -11.50000000000000178 ) ) ;
#222 = ORIENTED_EDGE ( 'NONE', *, *, #2593, .F. ) ;
#223 = CARTESIAN_POINT ( 'NONE',  ( -6.999999999999999112, 12.59999999999999964, -5.500000000000000000 ) ) ;
#224 = LINE ( 'NONE', #3224, #3486 ) ;
#225 = AXIS2_PLACEMENT_3D ( 'NONE', #2795, #2814, #383 ) ;
#226 = EDGE_CURVE ( 'NONE', #430, #397, #1870, .T. ) ;
#227 = EDGE_CURVE ( 'NONE', #2109, #872, #1553, .T. ) ;
#228 = FACE_BOUND ( 'NONE', #2910, .T. ) ;
#229 = CIRCLE ( 'NONE', #1632, 0.5000000000000000000 ) ;
#230 = DIRECTION ( 'NONE',  ( 0.000000000000000000, -1.000000000000000000, 0.000000000000000000 ) ) ;
#231 = CARTESIAN_POINT ( 'NONE',  ( 5.050000000000000711, 0.000000000000000000, 0.000000000000000000 ) ) ;
#232 = UNCERTAINTY_MEASURE_WITH_UNIT (LENGTH_MEASURE( 1.000000000000000082E-05 ), #3226, 'distance_accuracy_value', 'NONE');
#233 = EDGE_LOOP ( 'NONE', ( #1141, #1137, #689, #1289 ) ) ;
#234 = DIRECTION ( 'NONE',  ( -0.000000000000000000, -0.000000000000000000, 1.000000000000000000 ) ) ;
#235 = ORIENTED_EDGE ( 'NONE', *, *, #994, .T. ) ;
#236 = ORIENTED_EDGE ( 'NONE', *, *, #2425, .F. ) ;
#237 = CARTESIAN_POINT ( 'NONE',  ( -21.50000000000000000, 4.099999999999999645, 0.000000000000000000 ) ) ;
#238 = CARTESIAN_POINT ( 'NONE',  ( 28.50000000000000355, 0.5000000000000000000, -9.000000000000001776 ) ) ;
#239 = ORIENTED_EDGE ( 'NONE', *, *, #1426, .T. ) ;
#240 = CARTESIAN_POINT ( 'NONE',  ( -3.197850840799182137, 12.84785084079917006, 0.000000000000000000 ) ) ;
#241 = CARTESIAN_POINT ( 'NONE',  ( 17.85000000000000142, 7.599999999999999645, 0.000000000000000000 ) ) ;
#242 = CARTESIAN_POINT ( 'NONE',  ( -7.500000000000000000, 8.400000000000000355, -0.5000000000000004441 ) ) ;
#243 = EDGE_CURVE ( 'NONE', #1709, #969, #1706, .T. ) ;
#244 = DIRECTION ( 'NONE',  ( 0.000000000000000000, -1.000000000000000000, 0.000000000000000000 ) ) ;
#245 = CARTESIAN_POINT ( 'NONE',  ( -21.98400832494947466, 5.358421644868630374, -0.3703587187946586479 ) ) ;
#246 = VERTEX_POINT ( 'NONE', #3104 ) ;
#247 = CARTESIAN_POINT ( 'NONE',  ( 16.82500000000000639, 4.825000000000036593, -3.000000000000000000 ) ) ;
#248 = EDGE_CURVE ( 'NONE', #251, #1532, #2519, .T. ) ;
#249 = CARTESIAN_POINT ( 'NONE',  ( -2.838759619460410555, 11.78165283827385501, -3.000000000000000000 ) ) ;
#250 = LINE ( 'NONE', #2944, #1441 ) ;
#251 = VERTEX_POINT ( 'NONE', #672 ) ;
#252 = VERTEX_POINT ( 'NONE', #624 ) ;
#253 = DIRECTION ( 'NONE',  ( 0.000000000000000000, 0.000000000000000000, 1.000000000000000000 ) ) ;
#254 = EDGE_LOOP ( 'NONE', ( #2105, #3463, #1113, #2945 ) ) ;
#255 = ORIENTED_EDGE ( 'NONE', *, *, #2680, .T. ) ;
#256 = DIRECTION ( 'NONE',  ( 1.000000000000000000, 0.000000000000000000, 0.000000000000000000 ) ) ;
#257 = DIRECTION ( 'NONE',  ( -1.000000000000000000, 0.000000000000000000, -0.000000000000000000 ) ) ;
#258 = AXIS2_PLACEMENT_3D ( 'NONE', #1489, #913, #1205 ) ;
#259 = CARTESIAN_POINT ( 'NONE',  ( -27.50000000000000000, 0.000000000000000000, -3.000000000000000000 ) ) ;
#260 = DIRECTION ( 'NONE',  ( 0.000000000000000000, 0.000000000000000000, -1.000000000000000000 ) ) ;
#261 = CIRCLE ( 'NONE', #1094, 0.8000000000000003775 ) ;
#262 = LINE ( 'NONE', #3494, #2625 ) ;
#263 = EDGE_CURVE ( 'NONE', #36, #2184, #652, .T. ) ;
#264 = CIRCLE ( 'NONE', #2126, 0.5000000000000004441 ) ;
#265 = ORIENTED_EDGE ( 'NONE', *, *, #3485, .F. ) ;
#266 = CARTESIAN_POINT ( 'NONE',  ( -25.00000000000000000, 4.599999999999999645, -0.5000000000000000000 ) ) ;
#267 = CYLINDRICAL_SURFACE ( 'NONE', #602, 0.8000000000000003775 ) ;
#268 = DIRECTION ( 'NONE',  ( 0.000000000000000000, 0.000000000000000000, 1.000000000000000000 ) ) ;
#269 = ADVANCED_FACE ( 'NONE', ( #1690 ), #1176, .T. ) ;
#270 = ORIENTED_EDGE ( 'NONE', *, *, #1306, .T. ) ;
#271 = ORIENTED_EDGE ( 'NONE', *, *, #1472, .F. ) ;
#272 = CARTESIAN_POINT ( 'NONE',  ( 27.94166843264437361, 12.80685760956918529, -3.000000000000000000 ) ) ;
#273 = AXIS2_PLACEMENT_3D ( 'NONE', #1029, #2651, #189 ) ;
#274 = DIRECTION ( 'NONE',  ( 1.000000000000000000, 0.000000000000000000, 0.000000000000000000 ) ) ;
#275 = ORIENTED_EDGE ( 'NONE', *, *, #1491, .F. ) ;
#276 = VECTOR ( 'NONE', #1116, 1000.000000000000000 ) ;
#277 = DIRECTION ( 'NONE',  ( 0.000000000000000000, 0.000000000000000000, 1.000000000000000000 ) ) ;
#278 = AXIS2_PLACEMENT_3D ( 'NONE', #3304, #1712, #60 ) ;
#279 = CARTESIAN_POINT ( 'NONE',  ( -7.000000000000000888, 7.599999999999999645, 0.000000000000000000 ) ) ;
#280 = LINE ( 'NONE', #1647, #3303 ) ;
#281 = CIRCLE ( 'NONE', #1117, 3.050000000000000711 ) ;
#282 = CYLINDRICAL_SURFACE ( 'NONE', #552, 0.7999999999999986011 ) ;
#283 = ORIENTED_EDGE ( 'NONE', *, *, #1661, .F. ) ;
#284 = DIRECTION ( 'NONE',  ( 0.000000000000000000, -1.000000000000000000, 0.000000000000000000 ) ) ;
#285 = CARTESIAN_POINT ( 'NONE',  ( -25.00000000000000000, 4.599999999999999645, -9.000000000000001776 ) ) ;
#286 = DIRECTION ( 'NONE',  ( -1.000000000000000000, 0.000000000000000000, 0.000000000000000000 ) ) ;
#287 = ORIENTED_EDGE ( 'NONE', *, *, #1752, .T. ) ;
#288 = ORIENTED_EDGE ( 'NONE', *, *, #3157, .F. ) ;
#289 = EDGE_CURVE ( 'NONE', #1518, #1, #88, .T. ) ;
#290 = CARTESIAN_POINT ( 'NONE',  ( 26.00000000000000711, 4.599999999999999645, -9.000000000000001776 ) ) ;
#291 = ORIENTED_EDGE ( 'NONE', *, *, #1310, .F. ) ;
#292 = VERTEX_POINT ( 'NONE', #2817 ) ;
#293 = EDGE_CURVE ( 'NONE', #18, #3234, #3470, .T. ) ;
#294 = CARTESIAN_POINT ( 'NONE',  ( -22.40724461624568420, 4.696023043802417085, -5.675517027389155089 ) ) ;
#295 = DIRECTION ( 'NONE',  ( 0.000000000000000000, 0.000000000000000000, 1.000000000000000000 ) ) ;
#296 = CARTESIAN_POINT ( 'NONE',  ( 17.05000000000000426, 9.650000000000000355, -3.000000000000000000 ) ) ;
#297 = CARTESIAN_POINT ( 'NONE',  ( 0.000000000000000000, 9.650000000000000355, 0.000000000000000000 ) ) ;
#298 = DIRECTION ( 'NONE',  ( -0.000000000000000000, 0.000000000000000000, 1.000000000000000000 ) ) ;
#299 = DIRECTION ( 'NONE',  ( -0.000000000000000000, -0.000000000000000000, 1.000000000000000000 ) ) ;
#300 = DIRECTION ( 'NONE',  ( 1.000000000000000000, 0.000000000000000000, 0.000000000000000000 ) ) ;
#301 = VERTEX_POINT ( 'NONE', #3088 ) ;
#302 = ORIENTED_EDGE ( 'NONE', *, *, #1274, .T. ) ;
#303 = CARTESIAN_POINT ( 'NONE',  ( 6.949999999999999289, 9.650000000000000355, -3.000000000000000000 ) ) ;
#304 = EDGE_CURVE ( 'NONE', #252, #2758, #141, .T. ) ;
#305 = APPLICATION_CONTEXT ( 'automotive_design' ) ;
#306 = ORIENTED_EDGE ( 'NONE', *, *, #2549, .T. ) ;
#307 = ORIENTED_EDGE ( 'NONE', *, *, #3393, .T. ) ;
#308 = CARTESIAN_POINT ( 'NONE',  ( 24.00000000000000000, 9.650000000000000355, -3.000000000000000000 ) ) ;
#309 = ADVANCED_FACE ( 'NONE', ( #944 ), #2558, .T. ) ;
#310 = CARTESIAN_POINT ( 'NONE',  ( -7.500000000000000000, 12.59999999999999964, -0.5000000000000004441 ) ) ;
#311 = CARTESIAN_POINT ( 'NONE',  ( -27.50000000000000000, 4.099999999999999645, -3.000000000000000000 ) ) ;
#312 = CARTESIAN_POINT ( 'NONE',  ( -21.50000000000000000, 12.60000000000000320, 0.000000000000000000 ) ) ;
#313 = AXIS2_PLACEMENT_3D ( 'NONE', #926, #1756, #418 ) ;
#314 = DIRECTION ( 'NONE',  ( 0.000000000000000000, 1.000000000000000000, -0.000000000000000000 ) ) ;
#315 = DIRECTION ( 'NONE',  ( -1.000000000000000000, 0.000000000000000000, 0.000000000000000000 ) ) ;
#316 = CARTESIAN_POINT ( 'NONE',  ( -3.551404231392455646, 12.49429745020589522, -3.000000000000000000 ) ) ;
#317 = AXIS2_PLACEMENT_3D ( 'NONE', #1128, #1044, #2134 ) ;
#318 = VECTOR ( 'NONE', #299, 1000.000000000000000 ) ;
#319 = ORIENTED_EDGE ( 'NONE', *, *, #2081, .T. ) ;
#320 = ORIENTED_EDGE ( 'NONE', *, *, #585, .F. ) ;
#321 = ORIENTED_EDGE ( 'NONE', *, *, #2129, .F. ) ;
#322 = CARTESIAN_POINT ( 'NONE',  ( -6.426432882446592387, 7.599999999999998757, 8.340016711426962684E-17 ) ) ;
#323 = LINE ( 'NONE', #2475, #217 ) ;
#324 = AXIS2_PLACEMENT_3D ( 'NONE', #3389, #355, #2499 ) ;
#325 = ORIENTED_EDGE ( 'NONE', *, *, #289, .F. ) ;
#326 = EDGE_LOOP ( 'NONE', ( #2715, #859, #2571, #657 ) ) ;
#327 = CIRCLE ( 'NONE', #2302, 3.049999999999999822 ) ;
#328 = CARTESIAN_POINT ( 'NONE',  ( -5.050000000000000711, 9.650000000000000355, -3.000000000000000000 ) ) ;
#329 = CIRCLE ( 'NONE', #2858, 0.5000000000000004441 ) ;
#330 = SURFACE_STYLE_USAGE ( .BOTH. , #1095 ) ;
#331 = CARTESIAN_POINT ( 'NONE',  ( -24.60000000000000142, 4.599999999999999645, -5.850000000000001421 ) ) ;
#332 = CARTESIAN_POINT ( 'NONE',  ( 6.149999999999999467, 7.599999999999999645, -3.000000000000000000 ) ) ;
#333 = ADVANCED_FACE ( 'NONE', ( #2032 ), #1192, .T. ) ;
#334 = EDGE_CURVE ( 'NONE', #2254, #397, #2831, .T. ) ;
#335 = AXIS2_PLACEMENT_3D ( 'NONE', #1344, #3199, #8 ) ;
#336 = AXIS2_PLACEMENT_3D ( 'NONE', #3420, #2101, #996 ) ;
#337 = EDGE_LOOP ( 'NONE', ( #494, #2501, #2946, #1318 ) ) ;
#338 = CARTESIAN_POINT ( 'NONE',  ( 26.00000000000000711, 0.5000000000000004441, -9.000000000000001776 ) ) ;
#339 = DIRECTION ( 'NONE',  ( -0.000000000000000000, 0.000000000000000000, 1.000000000000000000 ) ) ;
#340 = EDGE_CURVE ( 'NONE', #246, #1340, #2004, .T. ) ;
#341 = VERTEX_POINT ( 'NONE', #3351 ) ;
#342 = ORIENTED_EDGE ( 'NONE', *, *, #522, .F. ) ;
#343 = DIRECTION ( 'NONE',  ( 0.7071067811865489050, 0.7071067811865462405, 0.000000000000000000 ) ) ;
#344 = DIRECTION ( 'NONE',  ( 1.000000000000000000, 0.000000000000000000, 0.000000000000000000 ) ) ;
#345 = ADVANCED_FACE ( 'NONE', ( #2294 ), #3370, .T. ) ;
#346 = ORIENTED_EDGE ( 'NONE', *, *, #243, .T. ) ;
#347 = ORIENTED_EDGE ( 'NONE', *, *, #1907, .F. ) ;
#348 = CARTESIAN_POINT ( 'NONE',  ( 6.149999999999999467, 8.400000000000000355, 0.000000000000000000 ) ) ;
#349 = CARTESIAN_POINT ( 'NONE',  ( 24.00000000000000000, 9.650000000000000355, 0.000000000000000000 ) ) ;
#350 = DIRECTION ( 'NONE',  ( 0.000000000000000000, 0.000000000000000000, 1.000000000000000000 ) ) ;
#351 = CARTESIAN_POINT ( 'NONE',  ( -22.79999999999999716, 4.599999999999999645, -5.290362020601568460 ) ) ;
#352 = EDGE_CURVE ( 'NONE', #2424, #1022, #2498, .T. ) ;
#353 = ORIENTED_EDGE ( 'NONE', *, *, #2279, .F. ) ;
#354 = DIRECTION ( 'NONE',  ( 0.000000000000000000, 0.000000000000000000, 1.000000000000000000 ) ) ;
#355 = DIRECTION ( 'NONE',  ( 0.000000000000000000, -1.000000000000000000, 0.000000000000000000 ) ) ;
#356 = ADVANCED_FACE ( 'NONE', ( #2228 ), #1958, .F. ) ;
#357 = ORIENTED_EDGE ( 'NONE', *, *, #915, .T. ) ;
#358 = CARTESIAN_POINT ( 'NONE',  ( 3.197850840799180805, 12.84785084079917006, 0.000000000000000000 ) ) ;
#359 = EDGE_LOOP ( 'NONE', ( #1989, #2269 ) ) ;
#360 = DIRECTION ( 'NONE',  ( 0.000000000000000000, 0.000000000000000000, -1.000000000000000000 ) ) ;
#361 = CARTESIAN_POINT ( 'NONE',  ( -6.200000000000001066, 4.599999999999999645, -3.000000000000000000 ) ) ;
#362 = EDGE_LOOP ( 'NONE', ( #2093, #3466, #3031, #642 ) ) ;
#363 = ORIENTED_EDGE ( 'NONE', *, *, #761, .F. ) ;
#364 = DIRECTION ( 'NONE',  ( -0.000000000000000000, 0.000000000000000000, 1.000000000000000000 ) ) ;
#365 = FACE_OUTER_BOUND ( 'NONE', #1596, .T. ) ;
#366 = LINE ( 'NONE', #2513, #1492 ) ;
#367 = DIRECTION ( 'NONE',  ( -0.7071067811865499042, 0.7071067811865451302, 0.000000000000000000 ) ) ;
#368 = ORIENTED_EDGE ( 'NONE', *, *, #3127, .F. ) ;
#369 = CARTESIAN_POINT ( 'NONE',  ( -27.50000000000000000, 0.5000000000000000000, -9.000000000000001776 ) ) ;
#370 = CARTESIAN_POINT ( 'NONE',  ( -2.485206228867138822, 12.13520622886712985, -3.000000000000000000 ) ) ;
#371 = ADVANCED_FACE ( 'NONE', ( #1995 ), #3051, .T. ) ;
#372 = ORIENTED_EDGE ( 'NONE', *, *, #3453, .F. ) ;
#373 = ORIENTED_EDGE ( 'NONE', *, *, #1730, .F. ) ;
#374 = DIRECTION ( 'NONE',  ( 1.000000000000000000, 0.000000000000000000, 0.000000000000000000 ) ) ;
#375 = AXIS2_PLACEMENT_3D ( 'NONE', #76, #1143, #3039 ) ;
#376 = CARTESIAN_POINT ( 'NONE',  ( -3.941668432644374942, 12.80685760956918173, -3.000000000000000000 ) ) ;
#377 = ADVANCED_FACE ( 'NONE', ( #3422 ), #962, .F. ) ;
#378 = AXIS2_PLACEMENT_3D ( 'NONE', #2886, #3232, #2163 ) ;
#379 = ORIENTED_EDGE ( 'NONE', *, *, #2718, .F. ) ;
#380 = EDGE_LOOP ( 'NONE', ( #2022, #1333, #772, #145 ) ) ;
#381 = DIRECTION ( 'NONE',  ( -0.000000000000000000, -0.000000000000000000, 1.000000000000000000 ) ) ;
#382 = AXIS2_PLACEMENT_3D ( 'NONE', #1996, #2818, #2268 ) ;
#383 = DIRECTION ( 'NONE',  ( 0.000000000000000000, 0.000000000000000000, -1.000000000000000000 ) ) ;
#384 = AXIS2_PLACEMENT_3D ( 'NONE', #716, #1787, #750 ) ;
#385 = FACE_OUTER_BOUND ( 'NONE', #518, .T. ) ;
#386 = CARTESIAN_POINT ( 'NONE',  ( 28.50000000000000000, 0.000000000000000000, -0.5000000000000000000 ) ) ;
#387 = AXIS2_PLACEMENT_3D ( 'NONE', #1305, #507, #3386 ) ;
#388 = CARTESIAN_POINT ( 'NONE',  ( -20.40000000000000213, 12.60000000000000142, -0.5000000000000004441 ) ) ;
#389 = VECTOR ( 'NONE', #146, 1000.000000000000000 ) ;
#390 = DIRECTION ( 'NONE',  ( 0.000000000000000000, 0.000000000000000000, 1.000000000000000000 ) ) ;
#391 = ORIENTED_EDGE ( 'NONE', *, *, #2170, .T. ) ;
#392 = ORIENTED_EDGE ( 'NONE', *, *, #114, .T. ) ;
#393 = DIRECTION ( 'NONE',  ( 1.000000000000000000, 0.000000000000000000, 0.000000000000000000 ) ) ;
#394 = TOROIDAL_SURFACE ( 'NONE', #2583, 2.500000000000000000, 0.5000000000000000000 ) ;
#395 = AXIS2_PLACEMENT_3D ( 'NONE', #3321, #1860, #1428 ) ;
#396 = EDGE_CURVE ( 'NONE', #3161, #2372, #2908, .T. ) ;
#397 = VERTEX_POINT ( 'NONE', #2062 ) ;
#398 = EDGE_LOOP ( 'NONE', ( #1211, #1570, #1165, #3450 ) ) ;
#399 = DIRECTION ( 'NONE',  ( 1.000000000000000000, 0.000000000000000000, 0.000000000000000000 ) ) ;
#400 = EDGE_CURVE ( 'NONE', #1034, #3268, #3168, .T. ) ;
#401 = DIRECTION ( 'NONE',  ( 0.000000000000000000, 0.000000000000000000, 1.000000000000000000 ) ) ;
#402 = CARTESIAN_POINT ( 'NONE',  ( -25.00000000000000000, 0.5000000000000004441, -9.000000000000001776 ) ) ;
#403 = DIRECTION ( 'NONE',  ( 0.000000000000000000, -1.000000000000000000, 0.000000000000000000 ) ) ;
#404 = DIRECTION ( 'NONE',  ( 0.000000000000000000, 0.000000000000000000, -1.000000000000000000 ) ) ;
#405 = CARTESIAN_POINT ( 'NONE',  ( 26.00000000000000711, 4.099999999999999645, -9.000000000000001776 ) ) ;
#406 =( BOUNDED_CURVE ( )  B_SPLINE_CURVE ( 3, ( #3276, #786, #2136, #1933 ),
 .UNSPECIFIED., .F., .T. ) 
 B_SPLINE_CURVE_WITH_KNOTS ( ( 4, 4 ),
 ( 4.712388980384689674, 6.283185307179586232 ),
 .UNSPECIFIED. ) 
 CURVE ( )  GEOMETRIC_REPRESENTATION_ITEM ( )  RATIONAL_B_SPLINE_CURVE ( ( 1.000000000000000000, 0.8047378541243649375, 0.8047378541243649375, 1.000000000000000000 ) ) 
 REPRESENTATION_ITEM ( '' )  );
#407 = EDGE_CURVE ( 'NONE', #1763, #468, #2617, .T. ) ;
#408 = ORIENTED_EDGE ( 'NONE', *, *, #1531, .T. ) ;
#409 = VERTEX_POINT ( 'NONE', #1772 ) ;
#410 = LINE ( 'NONE', #1728, #1720 ) ;
#411 = ORIENTED_EDGE ( 'NONE', *, *, #2936, .F. ) ;
#412 = ORIENTED_EDGE ( 'NONE', *, *, #334, .F. ) ;
#413 = CARTESIAN_POINT ( 'NONE',  ( 6.949999999999999289, 9.650000000000000355, -3.000000000000000000 ) ) ;
#414 = CARTESIAN_POINT ( 'NONE',  ( 27.05000000000000071, 9.650000000000000355, 0.000000000000000000 ) ) ;
#415 = DIRECTION ( 'NONE',  ( 0.000000000000000000, 1.000000000000000000, 0.000000000000000000 ) ) ;
#416 = DIRECTION ( 'NONE',  ( -0.000000000000000000, -0.000000000000000000, -1.000000000000000000 ) ) ;
#417 = EDGE_CURVE ( 'NONE', #955, #3161, #1259, .T. ) ;
#418 = DIRECTION ( 'NONE',  ( 1.000000000000000000, 0.000000000000000000, 0.000000000000000000 ) ) ;
#419 = DIRECTION ( 'NONE',  ( 1.000000000000000000, 0.000000000000000000, 0.000000000000000000 ) ) ;
#420 = ORIENTED_EDGE ( 'NONE', *, *, #670, .T. ) ;
#421 = VERTEX_POINT ( 'NONE', #2847 ) ;
#422 = LINE ( 'NONE', #3356, #3305 ) ;
#423 = AXIS2_PLACEMENT_3D ( 'NONE', #1105, #2725, #1388 ) ;
#424 = ORIENTED_EDGE ( 'NONE', *, *, #137, .T. ) ;
#425 = VECTOR ( 'NONE', #244, 1000.000000000000000 ) ;
#426 = VERTEX_POINT ( 'NONE', #2380 ) ;
#427 = DIRECTION ( 'NONE',  ( 0.000000000000000000, -0.000000000000000000, 1.000000000000000000 ) ) ;
#428 = AXIS2_PLACEMENT_3D ( 'NONE', #3247, #857, #2449 ) ;
#429 = DIRECTION ( 'NONE',  ( 1.000000000000000000, 0.000000000000000000, 0.000000000000000000 ) ) ;
#430 = VERTEX_POINT ( 'NONE', #1560 ) ;
#431 = ADVANCED_FACE ( 'NONE', ( #977 ), #3118, .F. ) ;
#432 = CARTESIAN_POINT ( 'NONE',  ( 29.00000000000000000, 4.251701386267803251, -3.608113156941533450 ) ) ;
#433 = CIRCLE ( 'NONE', #2186, 0.5000000000000004441 ) ;
#434 = DIRECTION ( 'NONE',  ( 0.000000000000000000, -0.000000000000000000, 1.000000000000000000 ) ) ;
#435 = VECTOR ( 'NONE', #1383, 1000.000000000000000 ) ;
#436 = CARTESIAN_POINT ( 'NONE',  ( -7.500000000000000888, 4.599999999999999645, -6.800000000000000711 ) ) ;
#437 = EDGE_CURVE ( 'NONE', #1781, #2857, #2297, .T. ) ;
#438 = CARTESIAN_POINT ( 'NONE',  ( -3.551404231392455646, 12.49429745020589522, -3.000000000000000000 ) ) ;
#439 = ADVANCED_FACE ( 'NONE', ( #1825 ), #2046, .T. ) ;
#440 = CARTESIAN_POINT ( 'NONE',  ( -22.79999999999055049, 4.599999999999998757, -0.4672747075903626590 ) ) ;
#441 = AXIS2_PLACEMENT_3D ( 'NONE', #102, #3086, #1977 ) ;
#442 = ORIENTED_EDGE ( 'NONE', *, *, #1640, .F. ) ;
#443 = CIRCLE ( 'NONE', #1623, 5.049999999999998934 ) ;
#444 = ADVANCED_FACE ( 'NONE', ( #2102 ), #1526, .T. ) ;
#445 = CARTESIAN_POINT ( 'NONE',  ( 8.058331567355628167, 12.80685760956918351, -3.000000000000000000 ) ) ;
#446 = CYLINDRICAL_SURFACE ( 'NONE', #2510, 0.5000000000000004441 ) ;
#447 = ORIENTED_EDGE ( 'NONE', *, *, #417, .F. ) ;
#448 = AXIS2_PLACEMENT_3D ( 'NONE', #2937, #1897, #523 ) ;
#449 = EDGE_LOOP ( 'NONE', ( #2483, #905, #2824, #1362 ) ) ;
#450 = CYLINDRICAL_SURFACE ( 'NONE', #3260, 0.8000000000000003775 ) ;
#451 = CIRCLE ( 'NONE', #3100, 1.649999999999998579 ) ;
#452 = EDGE_CURVE ( 'NONE', #3238, #1082, #2898, .T. ) ;
#453 = CARTESIAN_POINT ( 'NONE',  ( -5.050000000000000711, 0.000000000000000000, 0.000000000000000000 ) ) ;
#454 = ORIENTED_EDGE ( 'NONE', *, *, #522, .T. ) ;
#455 = CARTESIAN_POINT ( 'NONE',  ( 15.94166843264437361, 12.80685760956918351, 0.000000000000000000 ) ) ;
#456 = CYLINDRICAL_SURFACE ( 'NONE', #3030, 1.650000000000000355 ) ;
#457 = CARTESIAN_POINT ( 'NONE',  ( -2.438934320944859735, 11.48142004415077722, -3.000000000000000000 ) ) ;
#458 = DIRECTION ( 'NONE',  ( 0.000000000000000000, 0.000000000000000000, 1.000000000000000000 ) ) ;
#459 = CARTESIAN_POINT ( 'NONE',  ( -21.93157119381421793, 4.531571193814120768, -0.1597405550041982591 ) ) ;
#460 = VERTEX_POINT ( 'NONE', #2366 ) ;
#461 = ORIENTED_EDGE ( 'NONE', *, *, #2506, .F. ) ;
#462 = CARTESIAN_POINT ( 'NONE',  ( -22.79999999999999716, 5.400000000000000355, -5.500000000000000000 ) ) ;
#463 = EDGE_CURVE ( 'NONE', #3237, #3268, #1207, .T. ) ;
#464 = VERTEX_POINT ( 'NONE', #997 ) ;
#465 = ORIENTED_EDGE ( 'NONE', *, *, #819, .T. ) ;
#466 = DIRECTION ( 'NONE',  ( 0.000000000000000000, -0.000000000000000000, -1.000000000000000000 ) ) ;
#467 = DIRECTION ( 'NONE',  ( 0.000000000000000000, 0.000000000000000000, 1.000000000000000000 ) ) ;
#468 = VERTEX_POINT ( 'NONE', #2117 ) ;
#469 = LINE ( 'NONE', #1538, #2456 ) ;
#470 = CARTESIAN_POINT ( 'NONE',  ( 9.661240380539590333, 11.78165283827385679, -3.000000000000000000 ) ) ;
#471 = CYLINDRICAL_SURFACE ( 'NONE', #2639, 0.7999999999999986011 ) ;
#472 = CARTESIAN_POINT ( 'NONE',  ( -3.197850840799182137, 12.84785084079916651, -3.000000000000000000 ) ) ;
#473 = CARTESIAN_POINT ( 'NONE',  ( -22.04518497720938797, 4.645184977209424915, -0.5526940480736897143 ) ) ;
#474 = PRODUCT_DEFINITION_CONTEXT ( 'detailed design', #305, 'design' ) ;
#475 = EDGE_LOOP ( 'NONE', ( #2457, #2965, #2917, #1994 ) ) ;
#476 = CARTESIAN_POINT ( 'NONE',  ( 29.05000000000000071, 4.599999999999999645, -3.225466330706889373 ) ) ;
#477 = EDGE_CURVE ( 'NONE', #2878, #3076, #3185, .T. ) ;
#478 = ORIENTED_EDGE ( 'NONE', *, *, #3347, .F. ) ;
#479 = ORIENTED_EDGE ( 'NONE', *, *, #551, .F. ) ;
#480 = EDGE_CURVE ( 'NONE', #3339, #872, #1509, .T. ) ;
#481 = EDGE_CURVE ( 'NONE', #409, #920, #770, .T. ) ;
#482 = AXIS2_PLACEMENT_3D ( 'NONE', #3455, #458, #491 ) ;
#483 = CARTESIAN_POINT ( 'NONE',  ( -24.60000000000000142, 20.10000000000000142, -9.149999999999998579 ) ) ;
#484 = CARTESIAN_POINT ( 'NONE',  ( 18.00000000000000000, 0.000000000000000000, -7.500000000000000000 ) ) ;
#485 = ORIENTED_EDGE ( 'NONE', *, *, #2947, .T. ) ;
#486 = CARTESIAN_POINT ( 'NONE',  ( -6.200000000000001066, 4.599999999999999645, -5.500000000000000000 ) ) ;
#487 = CYLINDRICAL_SURFACE ( 'NONE', #1503, 0.5000000000000000000 ) ;
#488 = CIRCLE ( 'NONE', #1779, 1.650000000000000355 ) ;
#489 = CARTESIAN_POINT ( 'NONE',  ( 0.000000000000000000, 0.000000000000000000, 0.000000000000000000 ) ) ;
#490 = AXIS2_PLACEMENT_3D ( 'NONE', #462, #3407, #1545 ) ;
#491 = DIRECTION ( 'NONE',  ( 1.000000000000000000, 0.000000000000000000, 0.000000000000000000 ) ) ;
#492 = CARTESIAN_POINT ( 'NONE',  ( -22.00000000000000000, 4.599999999999999645, -0.4999999999999998335 ) ) ;
#493 = CIRCLE ( 'NONE', #556, 1.650000000000000355 ) ;
#494 = ORIENTED_EDGE ( 'NONE', *, *, #2356, .F. ) ;
#495 = ORIENTED_EDGE ( 'NONE', *, *, #2388, .T. ) ;
#496 = AXIS2_PLACEMENT_3D ( 'NONE', #2378, #1242, #434 ) ;
#497 = LINE ( 'NONE', #3216, #2907 ) ;
#498 = AXIS2_PLACEMENT_3D ( 'NONE', #1819, #218, #3410 ) ;
#499 = VERTEX_POINT ( 'NONE', #3154 ) ;
#500 = EDGE_LOOP ( 'NONE', ( #675, #651, #109, #3149 ) ) ;
#501 = VECTOR ( 'NONE', #1571, 1000.000000000000000 ) ;
#502 = DIRECTION ( 'NONE',  ( 0.000000000000000000, 1.000000000000000000, 0.000000000000000000 ) ) ;
#503 = EDGE_CURVE ( 'NONE', #1246, #968, #210, .T. ) ;
#504 = DIRECTION ( 'NONE',  ( 0.7071067811865489050, 0.7071067811865462405, 0.000000000000000000 ) ) ;
#505 = EDGE_LOOP ( 'NONE', ( #2052, #110, #2874, #1180 ) ) ;
#506 = CARTESIAN_POINT ( 'NONE',  ( -6.891172232524121810, 7.779165575951426881, 0.000000000000000000 ) ) ;
#507 = DIRECTION ( 'NONE',  ( -0.000000000000000000, -0.000000000000000000, 1.000000000000000000 ) ) ;
#508 = VECTOR ( 'NONE', #733, 1000.000000000000000 ) ;
#509 = ADVANCED_FACE ( 'NONE', ( #1096 ), #1351, .T. ) ;
#510 = CARTESIAN_POINT ( 'NONE',  ( 17.05000000000000426, 0.000000000000000000, -3.000000000000000000 ) ) ;
#511 = DIRECTION ( 'NONE',  ( 0.000000000000000000, 0.000000000000000000, -1.000000000000000000 ) ) ;
#512 = CARTESIAN_POINT ( 'NONE',  ( 15.94166843264437361, 12.80685760956918351, -3.000000000000000000 ) ) ;
#513 = CARTESIAN_POINT ( 'NONE',  ( 18.95000000000000284, 0.000000000000000000, 0.000000000000000000 ) ) ;
#514 = DIRECTION ( 'NONE',  ( -1.000000000000000000, 0.000000000000000000, 0.000000000000000000 ) ) ;
#515 = ORIENTED_EDGE ( 'NONE', *, *, #3049, .F. ) ;
#516 = ORIENTED_EDGE ( 'NONE', *, *, #400, .T. ) ;
#517 = CARTESIAN_POINT ( 'NONE',  ( 18.95000000000000284, 0.000000000000000000, -3.000000000000000000 ) ) ;
#518 = EDGE_LOOP ( 'NONE', ( #3022, #3144, #676, #353 ) ) ;
#519 = ORIENTED_EDGE ( 'NONE', *, *, #2593, .T. ) ;
#520 = CARTESIAN_POINT ( 'NONE',  ( 7.174999999999998934, 4.825000000000019718, -3.000000000000000000 ) ) ;
#521 = DIRECTION ( 'NONE',  ( 1.000000000000000000, 0.000000000000000000, 0.000000000000000000 ) ) ;
#522 = EDGE_CURVE ( 'NONE', #19, #604, #3183, .T. ) ;
#523 = DIRECTION ( 'NONE',  ( -2.168404344971007882E-16, -1.000000000000000000, 0.000000000000000000 ) ) ;
#524 = CARTESIAN_POINT ( 'NONE',  ( 24.00000000000000000, 9.650000000000000355, -3.000000000000000000 ) ) ;
#525 = DIRECTION ( 'NONE',  ( 0.000000000000000000, 0.000000000000000000, -1.000000000000000000 ) ) ;
#526 = EDGE_CURVE ( 'NONE', #983, #3460, #1321, .T. ) ;
#527 = ORIENTED_EDGE ( 'NONE', *, *, #3096, .F. ) ;
#528 = DIRECTION ( 'NONE',  ( 0.000000000000000000, -1.000000000000000000, 0.000000000000000000 ) ) ;
#529 = FACE_OUTER_BOUND ( 'NONE', #199, .T. ) ;
#530 = FACE_OUTER_BOUND ( 'NONE', #2604, .T. ) ;
#531 = ORIENTED_EDGE ( 'NONE', *, *, #1765, .F. ) ;
#532 = VERTEX_POINT ( 'NONE', #2446 ) ;
#533 = CARTESIAN_POINT ( 'NONE',  ( 29.00000000000000000, 4.099999999999999645, -3.799999999999999822 ) ) ;
#534 = ORIENTED_EDGE ( 'NONE', *, *, #352, .T. ) ;
#535 = CARTESIAN_POINT ( 'NONE',  ( 7.174999999999998934, 4.825000000000019718, 0.000000000000000000 ) ) ;
#536 = LINE ( 'NONE', #328, #276 ) ;
#537 = AXIS2_PLACEMENT_3D ( 'NONE', #1419, #1738, #2027 ) ;
#538 = CARTESIAN_POINT ( 'NONE',  ( 21.56106567905514027, 11.48142004415077722, -3.000000000000000000 ) ) ;
#539 = CARTESIAN_POINT ( 'NONE',  ( -7.500000000000001776, 1.626303258728256454E-15, -0.5000000000000004441 ) ) ;
#540 = CIRCLE ( 'NONE', #1439, 1.650000000000002132 ) ;
#541 = DIRECTION ( 'NONE',  ( 0.000000000000000000, -0.000000000000000000, -1.000000000000000000 ) ) ;
#542 = VECTOR ( 'NONE', #1830, 1000.000000000000000 ) ;
#543 = AXIS2_PLACEMENT_3D ( 'NONE', #338, #1122, #31 ) ;
#544 = ADVANCED_FACE ( 'NONE', ( #2137 ), #1881, .F. ) ;
#545 = EDGE_LOOP ( 'NONE', ( #2227, #2956, #115, #886 ) ) ;
#546 = ADVANCED_FACE ( 'NONE', ( #1613 ), #2722, .T. ) ;
#547 = LINE ( 'NONE', #247, #2578 ) ;
#548 = FACE_OUTER_BOUND ( 'NONE', #2335, .T. ) ;
#549 = CARTESIAN_POINT ( 'NONE',  ( 24.00000000000000000, 9.650000000000000355, 0.000000000000000000 ) ) ;
#550 = AXIS2_PLACEMENT_3D ( 'NONE', #549, #339, #300 ) ;
#551 = EDGE_CURVE ( 'NONE', #1669, #3329, #2991, .T. ) ;
#552 = AXIS2_PLACEMENT_3D ( 'NONE', #1595, #2209, #1867 ) ;
#553 = EDGE_LOOP ( 'NONE', ( #3308, #1080, #627, #3394 ) ) ;
#554 = EDGE_LOOP ( 'NONE', ( #3110, #1151, #2390, #187 ) ) ;
#555 = LINE ( 'NONE', #2455, #1114 ) ;
#556 = AXIS2_PLACEMENT_3D ( 'NONE', #1074, #28, #3228 ) ;
#557 = EDGE_LOOP ( 'NONE', ( #3171, #2218, #478, #1873 ) ) ;
#558 = AXIS2_PLACEMENT_3D ( 'NONE', #3177, #1024, #1287 ) ;
#559 = VERTEX_POINT ( 'NONE', #2708 ) ;
#560 = B_SPLINE_CURVE_WITH_KNOTS ( 'NONE', 3,
 ( #3362, #117, #3044, #3023 ),
 .UNSPECIFIED., .F., .F.,
 ( 4, 4 ),
 ( 0.000000000000000000, 6.245954285379402740E-05 ),
 .UNSPECIFIED. ) ;
#561 = DIRECTION ( 'NONE',  ( 0.000000000000000000, 0.000000000000000000, 1.000000000000000000 ) ) ;
#562 = PRODUCT_DEFINITION ( 'UNKNOWN', '', #3383, #474 ) ;
#563 = CIRCLE ( 'NONE', #3432, 6.999999999999999112 ) ;
#564 = PRESENTATION_STYLE_ASSIGNMENT (( #330 ) ) ;
#565 = DIRECTION ( 'NONE',  ( -0.000000000000000000, 0.000000000000000000, 1.000000000000000000 ) ) ;
#566 = AXIS2_PLACEMENT_3D ( 'NONE', #2973, #295, #1072 ) ;
#567 = DIRECTION ( 'NONE',  ( 0.000000000000000000, 0.000000000000000000, -1.000000000000000000 ) ) ;
#568 = AXIS2_PLACEMENT_3D ( 'NONE', #169, #3398, #763 ) ;
#569 = CARTESIAN_POINT ( 'NONE',  ( -25.00000000000000000, 0.5000000000000004441, -12.00000000000000000 ) ) ;
#570 = LINE ( 'NONE', #3009, #1328 ) ;
#571 = CARTESIAN_POINT ( 'NONE',  ( 9.661240380539590333, 11.78165283827385679, 0.000000000000000000 ) ) ;
#572 = EDGE_CURVE ( 'NONE', #3222, #62, #838, .T. ) ;
#573 = ORIENTED_EDGE ( 'NONE', *, *, #114, .F. ) ;
#574 = ORIENTED_EDGE ( 'NONE', *, *, #1940, .F. ) ;
#575 = EDGE_CURVE ( 'NONE', #1108, #430, #656, .T. ) ;
#576 = ORIENTED_EDGE ( 'NONE', *, *, #1473, .F. ) ;
#577 = FACE_OUTER_BOUND ( 'NONE', #2986, .T. ) ;
#578 = LINE ( 'NONE', #2670, #2474 ) ;
#579 = CARTESIAN_POINT ( 'NONE',  ( -4.825000000000001066, 4.825000000000019718, 0.000000000000000000 ) ) ;
#580 = CARTESIAN_POINT ( 'NONE',  ( 24.00000000000000000, 9.650000000000000355, -3.000000000000000000 ) ) ;
#581 = CARTESIAN_POINT ( 'NONE',  ( 21.16124038053959211, 11.78165283827385501, -3.000000000000000000 ) ) ;
#582 = CARTESIAN_POINT ( 'NONE',  ( -28.00000000000000000, 4.599999999999999645, -9.000000000000001776 ) ) ;
#583 = CARTESIAN_POINT ( 'NONE',  ( 5.049999999999988276, 7.599999999999999645, 0.000000000000000000 ) ) ;
#584 = ORIENTED_EDGE ( 'NONE', *, *, #2257, .T. ) ;
#585 = EDGE_CURVE ( 'NONE', #2984, #3483, #3227, .T. ) ;
#586 = ORIENTED_EDGE ( 'NONE', *, *, #3318, .F. ) ;
#587 = ORIENTED_EDGE ( 'NONE', *, *, #437, .T. ) ;
#588 = LINE ( 'NONE', #1183, #3262 ) ;
#589 = EDGE_CURVE ( 'NONE', #2330, #632, #280, .T. ) ;
#590 = ADVANCED_FACE ( 'NONE', ( #27 ), #787, .T. ) ;
#591 = ORIENTED_EDGE ( 'NONE', *, *, #1531, .F. ) ;
#592 = ORIENTED_EDGE ( 'NONE', *, *, #3180, .T. ) ;
#593 = CARTESIAN_POINT ( 'NONE',  ( -22.26273843005388997, 4.742236778768873506, -5.867971589262940491 ) ) ;
#594 = CARTESIAN_POINT ( 'NONE',  ( 0.000000000000000000, 0.000000000000000000, -3.000000000000000000 ) ) ;
#595 = DIRECTION ( 'NONE',  ( 0.000000000000000000, 0.000000000000000000, 1.000000000000000000 ) ) ;
#596 = VECTOR ( 'NONE', #1791, 1000.000000000000000 ) ;
#597 = ORIENTED_EDGE ( 'NONE', *, *, #2214, .F. ) ;
#598 = CIRCLE ( 'NONE', #982, 0.8000000000000003775 ) ;
#599 = CARTESIAN_POINT ( 'NONE',  ( 24.00000000000000000, 9.650000000000000355, -3.000000000000000000 ) ) ;
#600 = DIRECTION ( 'NONE',  ( -0.000000000000000000, -1.000000000000000000, -0.000000000000000000 ) ) ;
#601 = AXIS2_PLACEMENT_3D ( 'NONE', #162, #3074, #3108 ) ;
#602 = AXIS2_PLACEMENT_3D ( 'NONE', #1370, #2697, #2176 ) ;
#603 = EDGE_CURVE ( 'NONE', #1653, #1067, #2618, .T. ) ;
#604 = VERTEX_POINT ( 'NONE', #820 ) ;
#605 = ORIENTED_EDGE ( 'NONE', *, *, #2717, .T. ) ;
#606 = AXIS2_PLACEMENT_3D ( 'NONE', #1208, #390, #419 ) ;
#607 = ORIENTED_EDGE ( 'NONE', *, *, #2652, .T. ) ;
#608 = VECTOR ( 'NONE', #1016, 1000.000000000000000 ) ;
#609 = CARTESIAN_POINT ( 'NONE',  ( 3.049999999999999822, 9.650000000000000355, 0.000000000000000000 ) ) ;
#610 = DIRECTION ( 'NONE',  ( 0.000000000000000000, 0.000000000000000000, 1.000000000000000000 ) ) ;
#611 = ORIENTED_EDGE ( 'NONE', *, *, #678, .T. ) ;
#612 = VECTOR ( 'NONE', #2007, 1000.000000000000000 ) ;
#613 = DIRECTION ( 'NONE',  ( -0.000000000000000000, -0.000000000000000000, 1.000000000000000000 ) ) ;
#614 = ADVANCED_FACE ( 'NONE', ( #854 ), #2190, .T. ) ;
#615 = AXIS2_PLACEMENT_3D ( 'NONE', #2736, #257, #1326 ) ;
#616 = DIRECTION ( 'NONE',  ( 1.000000000000000000, 0.000000000000000000, 0.000000000000000000 ) ) ;
#617 = VERTEX_POINT ( 'NONE', #2208 ) ;
#618 = DIRECTION ( 'NONE',  ( -0.7071067811865499042, 0.7071067811865451302, 0.000000000000000000 ) ) ;
#619 = DIRECTION ( 'NONE',  ( 0.000000000000000000, 0.000000000000000000, -1.000000000000000000 ) ) ;
#620 = CIRCLE ( 'NONE', #2367, 5.400000000000002132 ) ;
#621 = EDGE_CURVE ( 'NONE', #3283, #1963, #762, .T. ) ;
#622 = VECTOR ( 'NONE', #2616, 1000.000000000000000 ) ;
#623 = ORIENTED_EDGE ( 'NONE', *, *, #3412, .F. ) ;
#624 = CARTESIAN_POINT ( 'NONE',  ( 8.058331567355628167, 12.80685760956918351, -3.000000000000000000 ) ) ;
#625 = FACE_OUTER_BOUND ( 'NONE', #1394, .T. ) ;
#626 = AXIS2_PLACEMENT_3D ( 'NONE', #2494, #81, #3082 ) ;
#627 = ORIENTED_EDGE ( 'NONE', *, *, #3197, .F. ) ;
#628 = EDGE_LOOP ( 'NONE', ( #534, #3098, #23, #1705 ) ) ;
#629 = ORIENTED_EDGE ( 'NONE', *, *, #2317, .F. ) ;
#630 = DIRECTION ( 'NONE',  ( -0.000000000000000000, 1.000000000000000000, -0.000000000000000000 ) ) ;
#631 = CYLINDRICAL_SURFACE ( 'NONE', #278, 1.649999999999998579 ) ;
#632 = VERTEX_POINT ( 'NONE', #1084 ) ;
#633 = ORIENTED_EDGE ( 'NONE', *, *, #2680, .F. ) ;
#634 = DIRECTION ( 'NONE',  ( 1.000000000000000000, 6.938893903907228378E-15, 0.000000000000000000 ) ) ;
#635 = CARTESIAN_POINT ( 'NONE',  ( -3.197850840799182137, 12.84785084079917006, -3.000000000000000000 ) ) ;
#636 = CARTESIAN_POINT ( 'NONE',  ( -25.00000000000000000, 4.099999999999999645, -9.000000000000001776 ) ) ;
#637 = CYLINDRICAL_SURFACE ( 'NONE', #2690, 0.5000000000000004441 ) ;
#638 = ORIENTED_EDGE ( 'NONE', *, *, #769, .F. ) ;
#639 = CARTESIAN_POINT ( 'NONE',  ( 28.50000000000000000, 4.599999999999999645, 0.000000000000000000 ) ) ;
#640 = CARTESIAN_POINT ( 'NONE',  ( -25.00000000000000000, 4.099999999999999645, 0.000000000000000000 ) ) ;
#641 = EDGE_LOOP ( 'NONE', ( #3359, #1642, #2248, #465 ) ) ;
#642 = ORIENTED_EDGE ( 'NONE', *, *, #2174, .F. ) ;
#643 = DIRECTION ( 'NONE',  ( 0.000000000000000000, -0.000000000000000000, 1.000000000000000000 ) ) ;
#644 = DIRECTION ( 'NONE',  ( 1.000000000000000000, 0.000000000000000000, 0.000000000000000000 ) ) ;
#645 = ORIENTED_EDGE ( 'NONE', *, *, #2545, .F. ) ;
#646 = ORIENTED_EDGE ( 'NONE', *, *, #1170, .T. ) ;
#647 = CARTESIAN_POINT ( 'NONE',  ( 0.000000000000000000, 9.650000000000000355, -3.000000000000000000 ) ) ;
#648 = CARTESIAN_POINT ( 'NONE',  ( 28.50000000000000000, 4.599999999999999645, -3.799999999999999822 ) ) ;
#649 = CARTESIAN_POINT ( 'NONE',  ( 0.000000000000000000, 4.599999999999999645, -0.5000000000000000000 ) ) ;
#650 = LINE ( 'NONE', #1686, #157 ) ;
#651 = ORIENTED_EDGE ( 'NONE', *, *, #885, .T. ) ;
#652 = LINE ( 'NONE', #639, #2399 ) ;
#653 = DIRECTION ( 'NONE',  ( 0.000000000000000000, 1.000000000000000000, 0.000000000000000000 ) ) ;
#654 =( BOUNDED_CURVE ( )  B_SPLINE_CURVE ( 3, ( #237, #1301, #2948, #2387 ),
 .UNSPECIFIED., .F., .T. ) 
 B_SPLINE_CURVE_WITH_KNOTS ( ( 4, 4 ),
 ( 1.570796326794896558, 3.141592653589793116 ),
 .UNSPECIFIED. ) 
 CURVE ( )  GEOMETRIC_REPRESENTATION_ITEM ( )  RATIONAL_B_SPLINE_CURVE ( ( 1.000000000000000000, 0.8047378541243649375, 0.8047378541243649375, 1.000000000000000000 ) ) 
 REPRESENTATION_ITEM ( '' )  );
#655 = EDGE_CURVE ( 'NONE', #1555, #3339, #3277, .T. ) ;
#656 = CIRCLE ( 'NONE', #873, 1.299999999999999156 ) ;
#657 = ORIENTED_EDGE ( 'NONE', *, *, #1513, .F. ) ;
#658 = ORIENTED_EDGE ( 'NONE', *, *, #800, .T. ) ;
#659 = CARTESIAN_POINT ( 'NONE',  ( 28.50000000000000000, 0.000000000000000000, 0.000000000000000000 ) ) ;
#660 = CIRCLE ( 'NONE', #3019, 0.5000000000000004441 ) ;
#661 = ADVANCED_FACE ( 'NONE', ( #1934 ), #3005, .F. ) ;
#662 = AXIS2_PLACEMENT_3D ( 'NONE', #3248, #2726, #286 ) ;
#663 = ORIENTED_EDGE ( 'NONE', *, *, #248, .F. ) ;
#664 = ORIENTED_EDGE ( 'NONE', *, *, #1488, .F. ) ;
#665 = CARTESIAN_POINT ( 'NONE',  ( 28.50000000000000000, 4.099999999999999645, -3.799999999999999822 ) ) ;
#666 = DIRECTION ( 'NONE',  ( -1.000000000000000000, 0.000000000000000000, 0.000000000000000000 ) ) ;
#667 = AXIS2_PLACEMENT_3D ( 'NONE', #942, #2779, #1420 ) ;
#668 = DIRECTION ( 'NONE',  ( 0.000000000000000000, 0.000000000000000000, -1.000000000000000000 ) ) ;
#669 = CARTESIAN_POINT ( 'NONE',  ( -22.71842293584107608, 4.599999999999999645, -5.356815764090367971 ) ) ;
#670 = EDGE_CURVE ( 'NONE', #2949, #2646, #2008, .T. ) ;
#671 = CIRCLE ( 'NONE', #943, 3.050000000000000711 ) ;
#672 = CARTESIAN_POINT ( 'NONE',  ( 5.050000000000000711, 9.650000000000000355, -3.000000000000000000 ) ) ;
#673 = DIRECTION ( 'NONE',  ( 0.000000000000000000, -1.000000000000000000, 0.000000000000000000 ) ) ;
#674 = AXIS2_PLACEMENT_3D ( 'NONE', #1559, #2061, #1508 ) ;
#675 = ORIENTED_EDGE ( 'NONE', *, *, #846, .F. ) ;
#676 = ORIENTED_EDGE ( 'NONE', *, *, #1681, .F. ) ;
#677 = DIRECTION ( 'NONE',  ( 0.000000000000000000, 0.000000000000000000, -1.000000000000000000 ) ) ;
#678 = EDGE_CURVE ( 'NONE', #2441, #38, #2958, .T. ) ;
#679 = VECTOR ( 'NONE', #1716, 1000.000000000000000 ) ;
#680 = VERTEX_POINT ( 'NONE', #2244 ) ;
#681 = EDGE_LOOP ( 'NONE', ( #3482, #949, #1265, #828 ) ) ;
#682 = EDGE_CURVE ( 'NONE', #2503, #1709, #261, .T. ) ;
#683 = CARTESIAN_POINT ( 'NONE',  ( -7.500000000000000888, 4.599999999999999645, -5.500000000000000000 ) ) ;
#684 = CARTESIAN_POINT ( 'NONE',  ( -2.838759619460410555, 11.78165283827385501, -3.000000000000000000 ) ) ;
#685 = CARTESIAN_POINT ( 'NONE',  ( 3.941668432644374054, 12.80685760956918351, 0.000000000000000000 ) ) ;
#686 = DIRECTION ( 'NONE',  ( 0.000000000000000000, 0.000000000000000000, 1.000000000000000000 ) ) ;
#687 = DIRECTION ( 'NONE',  ( -0.000000000000000000, -1.000000000000000000, -0.000000000000000000 ) ) ;
#688 = EDGE_LOOP ( 'NONE', ( #3395, #3235, #1970, #1027 ) ) ;
#689 = ORIENTED_EDGE ( 'NONE', *, *, #1598, .T. ) ;
#690 = CARTESIAN_POINT ( 'NONE',  ( 28.79289321881345387, 5.959046976795312545E-16, -0.2071067811865474895 ) ) ;
#691 = EDGE_CURVE ( 'NONE', #421, #2251, #1437, .T. ) ;
#692 = ORIENTED_EDGE ( 'NONE', *, *, #2221, .F. ) ;
#693 = ORIENTED_EDGE ( 'NONE', *, *, #1644, .F. ) ;
#694 = CARTESIAN_POINT ( 'NONE',  ( -5.850000000000001421, 8.400000000000000355, 0.000000000000000000 ) ) ;
#695 = EDGE_CURVE ( 'NONE', #2840, #1514, #2815, .T. ) ;
#696 = EDGE_CURVE ( 'NONE', #2893, #2217, #540, .T. ) ;
#697 = CYLINDRICAL_SURFACE ( 'NONE', #1120, 0.5000000000000004441 ) ;
#698 = CARTESIAN_POINT ( 'NONE',  ( 29.05000000000000071, 9.650000000000000355, -3.000000000000000000 ) ) ;
#699 = CARTESIAN_POINT ( 'NONE',  ( 24.00000000000000000, 9.650000000000000355, -3.000000000000000000 ) ) ;
#700 = EDGE_CURVE ( 'NONE', #2941, #1, #1832, .T. ) ;
#701 = CARTESIAN_POINT ( 'NONE',  ( -14.49999999999999822, 12.60000000000000142, -5.500000000000000000 ) ) ;
#702 = DIRECTION ( 'NONE',  ( 0.000000000000000000, 0.000000000000000000, 1.000000000000000000 ) ) ;
#703 = DIRECTION ( 'NONE',  ( 0.000000000000000000, 0.000000000000000000, -1.000000000000000000 ) ) ;
#704 = ORIENTED_EDGE ( 'NONE', *, *, #463, .T. ) ;
#705 = LINE ( 'NONE', #513, #1210 ) ;
#706 = CARTESIAN_POINT ( 'NONE',  ( 0.000000000000000000, 9.650000000000000355, -3.000000000000000000 ) ) ;
#707 = ORIENTED_EDGE ( 'NONE', *, *, #1513, .T. ) ;
#708 = AXIS2_PLACEMENT_3D ( 'NONE', #1308, #1050, #2394 ) ;
#709 = ORIENTED_EDGE ( 'NONE', *, *, #1729, .T. ) ;
#710 = CARTESIAN_POINT ( 'NONE',  ( -25.00000000000000000, 4.599999999999999645, -3.000000000000000000 ) ) ;
#711 = CIRCLE ( 'NONE', #2009, 0.5000000000000000000 ) ;
#712 = CIRCLE ( 'NONE', #1215, 2.500000000000000444 ) ;
#713 = DIRECTION ( 'NONE',  ( 0.000000000000000000, 0.000000000000000000, -1.000000000000000000 ) ) ;
#714 = VERTEX_POINT ( 'NONE', #3333 ) ;
#715 = DIRECTION ( 'NONE',  ( -0.000000000000000000, -0.000000000000000000, -1.000000000000000000 ) ) ;
#716 = CARTESIAN_POINT ( 'NONE',  ( 0.000000000000000000, 9.650000000000000355, -3.000000000000000000 ) ) ;
#717 = EDGE_CURVE ( 'NONE', #2053, #2183, #2547, .T. ) ;
#718 = DIRECTION ( 'NONE',  ( 0.000000000000000000, 0.000000000000000000, 1.000000000000000000 ) ) ;
#719 = DIRECTION ( 'NONE',  ( 1.000000000000000000, 0.000000000000000000, 0.000000000000000000 ) ) ;
#720 = EDGE_CURVE ( 'NONE', #3106, #1518, #1202, .T. ) ;
#721 = UNCERTAINTY_MEASURE_WITH_UNIT (LENGTH_MEASURE( 1.000000000000000082E-05 ), #2132, 'distance_accuracy_value', 'NONE');
#722 = CIRCLE ( 'NONE', #3427, 0.5000000000000004441 ) ;
#723 = EDGE_LOOP ( 'NONE', ( #3054, #2851, #73, #291 ) ) ;
#724 = AXIS2_PLACEMENT_3D ( 'NONE', #1070, #798, #2430 ) ;
#725 = CARTESIAN_POINT ( 'NONE',  ( -22.00000000000000000, 12.60000000000000320, -6.000000000000000000 ) ) ;
#726 = CARTESIAN_POINT ( 'NONE',  ( 5.850000000000001421, 8.400000000000000355, 0.000000000000000000 ) ) ;
#727 = CIRCLE ( 'NONE', #836, 0.5000000000000004441 ) ;
#728 = ORIENTED_EDGE ( 'NONE', *, *, #2560, .F. ) ;
#729 = AXIS2_PLACEMENT_3D ( 'NONE', #2448, #30, #3214 ) ;
#730 = ORIENTED_EDGE ( 'NONE', *, *, #1201, .F. ) ;
#731 = DIRECTION ( 'NONE',  ( 0.7071067811865489050, 0.7071067811865462405, 0.000000000000000000 ) ) ;
#732 = AXIS2_PLACEMENT_3D ( 'NONE', #1572, #2648, #2502 ) ;
#733 = DIRECTION ( 'NONE',  ( 0.000000000000000000, -1.000000000000000000, 0.000000000000000000 ) ) ;
#734 = ORIENTED_EDGE ( 'NONE', *, *, #1206, .F. ) ;
#735 = DIRECTION ( 'NONE',  ( 0.000000000000000000, 0.000000000000000000, 1.000000000000000000 ) ) ;
#736 = DIRECTION ( 'NONE',  ( 1.000000000000000000, 0.000000000000000000, 0.000000000000000000 ) ) ;
#737 = DIRECTION ( 'NONE',  ( 1.000000000000000000, 0.000000000000000000, -0.000000000000000000 ) ) ;
#738 = DIRECTION ( 'NONE',  ( 1.000000000000000000, 0.000000000000000000, 0.000000000000000000 ) ) ;
#739 = CARTESIAN_POINT ( 'NONE',  ( -21.50000000000000000, 4.099999999999997868, -3.252606517456513302E-16 ) ) ;
#740 = ORIENTED_EDGE ( 'NONE', *, *, #2459, .F. ) ;
#741 = EDGE_CURVE ( 'NONE', #1939, #2805, #3186, .T. ) ;
#742 = DIRECTION ( 'NONE',  ( 0.000000000000000000, 0.000000000000000000, 1.000000000000000000 ) ) ;
#743 = CARTESIAN_POINT ( 'NONE',  ( 21.16124038053959211, 11.78165283827385501, 0.000000000000000000 ) ) ;
#744 = VERTEX_POINT ( 'NONE', #3312 ) ;
#745 = VERTEX_POINT ( 'NONE', #685 ) ;
#746 = CARTESIAN_POINT ( 'NONE',  ( 5.850000000000001421, 7.599999999999999645, 0.000000000000000000 ) ) ;
#747 = CARTESIAN_POINT ( 'NONE',  ( -25.00000000000000000, 0.5000000000000004441, 0.000000000000000000 ) ) ;
#748 = ORIENTED_EDGE ( 'NONE', *, *, #2313, .F. ) ;
#749 = DIRECTION ( 'NONE',  ( 1.000000000000000000, 0.000000000000000000, 0.000000000000000000 ) ) ;
#750 = DIRECTION ( 'NONE',  ( 1.000000000000000000, 0.000000000000000000, 0.000000000000000000 ) ) ;
#751 = CARTESIAN_POINT ( 'NONE',  ( 21.66124038053959211, 11.78165283827385501, -3.000000000000000000 ) ) ;
#752 = DIRECTION ( 'NONE',  ( 0.000000000000000000, 0.000000000000000000, -1.000000000000000000 ) ) ;
#753 = CARTESIAN_POINT ( 'NONE',  ( -22.66848285136359920, 4.549416481293655501, -0.2784243994167645009 ) ) ;
#754 = DIRECTION ( 'NONE',  ( -0.000000000000000000, 1.000000000000000000, -0.000000000000000000 ) ) ;
#755 = DIRECTION ( 'NONE',  ( 0.000000000000000000, -1.000000000000000000, 0.000000000000000000 ) ) ;
#756 = EDGE_CURVE ( 'NONE', #1446, #2330, #598, .T. ) ;
#757 = ORIENTED_EDGE ( 'NONE', *, *, #452, .F. ) ;
#758 = EDGE_LOOP ( 'NONE', ( #1833, #2001, #1060, #2836, #74 ) ) ;
#759 = VECTOR ( 'NONE', #3136, 1000.000000000000000 ) ;
#760 = FACE_BOUND ( 'NONE', #1043, .T. ) ;
#761 = EDGE_CURVE ( 'NONE', #3460, #1939, #1148, .T. ) ;
#762 = CIRCLE ( 'NONE', #2402, 0.5000000000000004441 ) ;
#763 = DIRECTION ( 'NONE',  ( -1.000000000000000000, 0.000000000000000000, 0.000000000000000000 ) ) ;
#764 = ORIENTED_EDGE ( 'NONE', *, *, #2327, .F. ) ;
#765 = CARTESIAN_POINT ( 'NONE',  ( 29.05000000000000071, 9.650000000000000355, -3.000000000000000000 ) ) ;
#766 = CARTESIAN_POINT ( 'NONE',  ( 14.43893432094485973, 11.48142004415077722, 0.000000000000000000 ) ) ;
#767 = VECTOR ( 'NONE', #3095, 1000.000000000000000 ) ;
#768 = DIRECTION ( 'NONE',  ( 0.7071067811865451302, 0.7071067811865499042, -0.000000000000000000 ) ) ;
#769 = EDGE_CURVE ( 'NONE', #251, #341, #1152, .T. ) ;
#770 = LINE ( 'NONE', #174, #2896 ) ;
#771 = CARTESIAN_POINT ( 'NONE',  ( -21.94941648129367451, 5.268482851363518904, -0.2784243994168074665 ) ) ;
#772 = ORIENTED_EDGE ( 'NONE', *, *, #2629, .F. ) ;
#773 = DIRECTION ( 'NONE',  ( 1.000000000000000000, 0.000000000000000000, 0.000000000000000000 ) ) ;
#774 = CIRCLE ( 'NONE', #273, 3.050000000000000711 ) ;
#775 = DIRECTION ( 'NONE',  ( 0.000000000000000000, -0.000000000000000000, -1.000000000000000000 ) ) ;
#776 = CIRCLE ( 'NONE', #2748, 0.5000000000000004441 ) ;
#777 = ORIENTED_EDGE ( 'NONE', *, *, #2843, .T. ) ;
#778 = VERTEX_POINT ( 'NONE', #331 ) ;
#779 = AXIS2_PLACEMENT_3D ( 'NONE', #2663, #253, #2180 ) ;
#780 = CARTESIAN_POINT ( 'NONE',  ( -5.050000000000000711, 8.400000000000000355, -3.000000000000000000 ) ) ;
#781 = ORIENTED_EDGE ( 'NONE', *, *, #700, .T. ) ;
#782 = CIRCLE ( 'NONE', #1065, 3.049999999999999822 ) ;
#783 = ORIENTED_EDGE ( 'NONE', *, *, #2337, .F. ) ;
#784 = CARTESIAN_POINT ( 'NONE',  ( 6.949999999999999289, 8.400000000000000355, -3.000000000000000000 ) ) ;
#785 = CARTESIAN_POINT ( 'NONE',  ( 3.197850840799180805, 12.84785084079917006, -3.000000000000000000 ) ) ;
#786 = CARTESIAN_POINT ( 'NONE',  ( -6.668629150101525127, 4.600000000000000533, -3.331370849898476205 ) ) ;
#787 = CYLINDRICAL_SURFACE ( 'NONE', #817, 5.049999999999998934 ) ;
#788 = ORIENTED_EDGE ( 'NONE', *, *, #2506, .T. ) ;
#789 = FACE_OUTER_BOUND ( 'NONE', #2574, .T. ) ;
#790 = CARTESIAN_POINT ( 'NONE',  ( 5.050000000000000711, 0.000000000000000000, -3.000000000000000000 ) ) ;
#791 = CARTESIAN_POINT ( 'NONE',  ( -24.60000000000000142, 4.599999999999999645, -9.149999999999998579 ) ) ;
#792 = ORIENTED_EDGE ( 'NONE', *, *, #819, .F. ) ;
#793 = ORIENTED_EDGE ( 'NONE', *, *, #866, .T. ) ;
#794 = CARTESIAN_POINT ( 'NONE',  ( 26.48520622886713838, 12.13520622886713340, 0.000000000000000000 ) ) ;
#795 = ADVANCED_FACE ( 'NONE', ( #3046 ), #144, .T. ) ;
#796 = VERTEX_POINT ( 'NONE', #1684 ) ;
#797 = CARTESIAN_POINT ( 'NONE',  ( 14.48520622886713838, 12.13520622886713163, -3.000000000000000000 ) ) ;
#798 = DIRECTION ( 'NONE',  ( 0.000000000000000000, -0.000000000000000000, -1.000000000000000000 ) ) ;
#799 = EDGE_CURVE ( 'NONE', #3175, #1145, #2535, .T. ) ;
#800 = EDGE_CURVE ( 'NONE', #1340, #2089, #3132, .T. ) ;
#801 = CARTESIAN_POINT ( 'NONE',  ( -25.00000000000000000, 4.599999999999999645, -11.50000000000000000 ) ) ;
#802 = DIRECTION ( 'NONE',  ( 0.000000000000000000, 0.000000000000000000, 1.000000000000000000 ) ) ;
#803 = CARTESIAN_POINT ( 'NONE',  ( 5.850000000000001421, 8.400000000000000355, -3.000000000000000000 ) ) ;
#804 = EDGE_CURVE ( 'NONE', #937, #2199, #366, .T. ) ;
#805 = VERTEX_POINT ( 'NONE', #1172 ) ;
#806 = CARTESIAN_POINT ( 'NONE',  ( 24.00000000000000000, 9.650000000000000355, -3.000000000000000000 ) ) ;
#807 = DIRECTION ( 'NONE',  ( -1.000000000000000000, 0.000000000000000000, -0.000000000000000000 ) ) ;
#808 = DIRECTION ( 'NONE',  ( 1.000000000000000000, 0.000000000000000000, 0.000000000000000000 ) ) ;
#809 = VERTEX_POINT ( 'NONE', #1717 ) ;
#810 = ORIENTED_EDGE ( 'NONE', *, *, #227, .T. ) ;
#811 = ADVANCED_FACE ( 'NONE', ( #385 ), #1460, .T. ) ;
#812 = CARTESIAN_POINT ( 'NONE',  ( 18.15000000000000213, 7.599999999999999645, -3.000000000000000000 ) ) ;
#813 = DIRECTION ( 'NONE',  ( -0.000000000000000000, 0.000000000000000000, 1.000000000000000000 ) ) ;
#814 = ORIENTED_EDGE ( 'NONE', *, *, #1901, .F. ) ;
#815 = EDGE_LOOP ( 'NONE', ( #3060, #1909, #265, #2539 ) ) ;
#816 = CARTESIAN_POINT ( 'NONE',  ( -22.06842373630707499, 4.717084801821865625, -6.185141136197961131 ) ) ;
#817 = AXIS2_PLACEMENT_3D ( 'NONE', #524, #3492, #2462 ) ;
#818 = DIRECTION ( 'NONE',  ( -1.000000000000000000, 0.000000000000000000, 0.000000000000000000 ) ) ;
#819 = EDGE_CURVE ( 'NONE', #2198, #900, #3016, .T. ) ;
#820 = CARTESIAN_POINT ( 'NONE',  ( 15.05000000000000071, 9.650000000000000355, -3.000000000000000000 ) ) ;
#821 = AXIS2_PLACEMENT_3D ( 'NONE', #520, #2687, #343 ) ;
#822 = CYLINDRICAL_SURFACE ( 'NONE', #2972, 0.8000000000000003775 ) ;
#823 = CIRCLE ( 'NONE', #550, 5.049999999999998934 ) ;
#824 = VECTOR ( 'NONE', #1077, 1000.000000000000000 ) ;
#825 = CARTESIAN_POINT ( 'NONE',  ( 27.05000000000000071, 9.650000000000000355, -3.000000000000000000 ) ) ;
#826 = DIRECTION ( 'NONE',  ( 0.000000000000000000, 0.000000000000000000, -1.000000000000000000 ) ) ;
#827 = CARTESIAN_POINT ( 'NONE',  ( -24.60000000000000142, 0.000000000000000000, -7.500000000000000000 ) ) ;
#828 = ORIENTED_EDGE ( 'NONE', *, *, #1015, .F. ) ;
#829 = ORIENTED_EDGE ( 'NONE', *, *, #477, .T. ) ;
#830 = DIRECTION ( 'NONE',  ( 0.000000000000000000, 0.000000000000000000, 1.000000000000000000 ) ) ;
#831 = CIRCLE ( 'NONE', #2416, 1.300000000000000044 ) ;
#832 = ORIENTED_EDGE ( 'NONE', *, *, #84, .F. ) ;
#833 = CIRCLE ( 'NONE', #2576, 1.300000000000000044 ) ;
#834 = ORIENTED_EDGE ( 'NONE', *, *, #481, .F. ) ;
#835 = CARTESIAN_POINT ( 'NONE',  ( -8.599999999999996092, 12.60000000000000142, -0.5000000000000004441 ) ) ;
#836 = AXIS2_PLACEMENT_3D ( 'NONE', #2236, #2756, #344 ) ;
#837 = LINE ( 'NONE', #2157, #2030 ) ;
#838 = LINE ( 'NONE', #2691, #201 ) ;
#839 = DIRECTION ( 'NONE',  ( 1.000000000000000000, 0.000000000000000000, 0.000000000000000000 ) ) ;
#840 = EDGE_CURVE ( 'NONE', #1039, #2489, #2614, .T. ) ;
#841 = CIRCLE ( 'NONE', #951, 0.8000000000000003775 ) ;
#842 = CARTESIAN_POINT ( 'NONE',  ( 18.00000000000000000, 4.599999999999999645, -5.849999999999997868 ) ) ;
#843 = CARTESIAN_POINT ( 'NONE',  ( -7.000000000000000000, 5.400000000000000355, -3.000000000000000000 ) ) ;
#844 = CYLINDRICAL_SURFACE ( 'NONE', #1330, 0.5000000000000004441 ) ;
#845 = EDGE_CURVE ( 'NONE', #1000, #2230, #1241, .T. ) ;
#846 = EDGE_CURVE ( 'NONE', #2178, #2820, #3418, .T. ) ;
#847 = ORIENTED_EDGE ( 'NONE', *, *, #2689, .F. ) ;
#848 = EDGE_LOOP ( 'NONE', ( #2771, #166, #2746 ) ) ;
#849 = ORIENTED_EDGE ( 'NONE', *, *, #3485, .T. ) ;
#850 = LINE ( 'NONE', #272, #1969 ) ;
#851 = VERTEX_POINT ( 'NONE', #974 ) ;
#852 = CYLINDRICAL_SURFACE ( 'NONE', #1278, 0.5000000000000004441 ) ;
#853 = CARTESIAN_POINT ( 'NONE',  ( 12.00000000000000000, 9.650000000000000355, -3.000000000000000000 ) ) ;
#854 = FACE_OUTER_BOUND ( 'NONE', #362, .T. ) ;
#855 = DIRECTION ( 'NONE',  ( 1.000000000000000000, -6.938893903907222067E-15, 0.000000000000000000 ) ) ;
#856 = DIRECTION ( 'NONE',  ( -1.000000000000000000, 0.000000000000000000, 0.000000000000000000 ) ) ;
#857 = DIRECTION ( 'NONE',  ( 0.000000000000000000, -0.000000000000000000, -1.000000000000000000 ) ) ;
#858 = DIRECTION ( 'NONE',  ( 0.000000000000000000, -1.000000000000000000, 0.000000000000000000 ) ) ;
#859 = ORIENTED_EDGE ( 'NONE', *, *, #2849, .F. ) ;
#860 = ORIENTED_EDGE ( 'NONE', *, *, #191, .T. ) ;
#861 = ORIENTED_EDGE ( 'NONE', *, *, #3053, .T. ) ;
#862 = DIRECTION ( 'NONE',  ( -0.000000000000000000, -1.000000000000000000, -0.000000000000000000 ) ) ;
#863 = ADVANCED_FACE ( 'NONE', ( #205 ), #2682, .T. ) ;
#864 = DIRECTION ( 'NONE',  ( 0.000000000000000000, 0.000000000000000000, -1.000000000000000000 ) ) ;
#865 = ORIENTED_EDGE ( 'NONE', *, *, #3411, .T. ) ;
#866 = EDGE_CURVE ( 'NONE', #2556, #62, #3357, .T. ) ;
#867 = CARTESIAN_POINT ( 'NONE',  ( -7.500000000000001776, 1.626303258728256257E-15, -6.000000000000000000 ) ) ;
#868 = FACE_OUTER_BOUND ( 'NONE', #326, .T. ) ;
#869 = CARTESIAN_POINT ( 'NONE',  ( -7.500000000000000888, 5.400000000000000355, -6.800000000000000711 ) ) ;
#870 = CARTESIAN_POINT ( 'NONE',  ( 5.999999999999999112, 4.599999999999999645, -9.150000000000000355 ) ) ;
#871 = AXIS2_PLACEMENT_3D ( 'NONE', #369, #1721, #2781 ) ;
#872 = VERTEX_POINT ( 'NONE', #1523 ) ;
#873 = AXIS2_PLACEMENT_3D ( 'NONE', #2172, #3258, #1919 ) ;
#874 = DIRECTION ( 'NONE',  ( 0.000000000000000000, 0.000000000000000000, -1.000000000000000000 ) ) ;
#875 = CARTESIAN_POINT ( 'NONE',  ( -6.200000000000001066, 5.400000000000000355, -5.500000000000000000 ) ) ;
#876 = CIRCLE ( 'NONE', #2070, 5.900000000000002132 ) ;
#877 = CIRCLE ( 'NONE', #2846, 2.500000000000000444 ) ;
#878 = ORIENTED_EDGE ( 'NONE', *, *, #3127, .T. ) ;
#879 = PRODUCT_CONTEXT ( 'NONE', #1982, 'mechanical' ) ;
#880 = ORIENTED_EDGE ( 'NONE', *, *, #2055, .F. ) ;
#881 = VECTOR ( 'NONE', #1923, 1000.000000000000000 ) ;
#882 = DIRECTION ( 'NONE',  ( 0.7071067811865489050, 0.7071067811865462405, 0.000000000000000000 ) ) ;
#883 = FACE_OUTER_BOUND ( 'NONE', #2963, .T. ) ;
#884 = VECTOR ( 'NONE', #525, 1000.000000000000000 ) ;
#885 = EDGE_CURVE ( 'NONE', #2178, #2790, #2581, .T. ) ;
#886 = ORIENTED_EDGE ( 'NONE', *, *, #915, .F. ) ;
#887 = EDGE_LOOP ( 'NONE', ( #832, #126, #3160, #2775 ) ) ;
#888 = CIRCLE ( 'NONE', #441, 0.5000000000000004441 ) ;
#889 = DIRECTION ( 'NONE',  ( 0.000000000000000000, -0.000000000000000000, -1.000000000000000000 ) ) ;
#890 = VECTOR ( 'NONE', #731, 1000.000000000000000 ) ;
#891 = LINE ( 'NONE', #1701, #2757 ) ;
#892 = ORIENTED_EDGE ( 'NONE', *, *, #2464, .T. ) ;
#893 = CARTESIAN_POINT ( 'NONE',  ( -28.00000000000000000, 4.099999999999999645, -9.000000000000001776 ) ) ;
#894 = LINE ( 'NONE', #1149, #612 ) ;
#895 = TOROIDAL_SURFACE ( 'NONE', #1279, 2.500000000000000000, 0.5000000000000000000 ) ;
#896 = ORIENTED_EDGE ( 'NONE', *, *, #3480, .F. ) ;
#897 = DIRECTION ( 'NONE',  ( 1.000000000000000000, 0.000000000000000000, 0.000000000000000000 ) ) ;
#898 = CARTESIAN_POINT ( 'NONE',  ( 24.00000000000000000, 9.650000000000000355, 0.000000000000000000 ) ) ;
#899 = AXIS2_PLACEMENT_3D ( 'NONE', #2375, #429, #1026 ) ;
#900 = VERTEX_POINT ( 'NONE', #223 ) ;
#901 = LINE ( 'NONE', #1346, #1744 ) ;
#902 = ORIENTED_EDGE ( 'NONE', *, *, #2636, .F. ) ;
#903 = LINE ( 'NONE', #1495, #1214 ) ;
#904 = DIRECTION ( 'NONE',  ( 0.000000000000000000, 0.000000000000000000, 1.000000000000000000 ) ) ;
#905 = ORIENTED_EDGE ( 'NONE', *, *, #1640, .T. ) ;
#906 = EDGE_LOOP ( 'NONE', ( #2969, #2904, #3443, #3429 ) ) ;
#907 = DIRECTION ( 'NONE',  ( 0.000000000000000000, -1.000000000000000000, 0.000000000000000000 ) ) ;
#908 = DIRECTION ( 'NONE',  ( 1.000000000000000000, 0.000000000000000000, 0.000000000000000000 ) ) ;
#909 = CARTESIAN_POINT ( 'NONE',  ( -27.50000000000000000, 0.000000000000000000, -0.000000000000000000 ) ) ;
#910 = CYLINDRICAL_SURFACE ( 'NONE', #667, 7.500000000000000000 ) ;
#911 = ADVANCED_FACE ( 'NONE', ( #3435 ), #1012, .F. ) ;
#912 = VERTEX_POINT ( 'NONE', #486 ) ;
#913 = DIRECTION ( 'NONE',  ( -0.000000000000000000, 0.000000000000000000, 1.000000000000000000 ) ) ;
#914 = CYLINDRICAL_SURFACE ( 'NONE', #606, 0.5000000000000004441 ) ;
#915 = EDGE_CURVE ( 'NONE', #2857, #1781, #488, .T. ) ;
#916 = ORIENTED_EDGE ( 'NONE', *, *, #3318, .T. ) ;
#917 = ORIENTED_EDGE ( 'NONE', *, *, #572, .F. ) ;
#918 = FACE_OUTER_BOUND ( 'NONE', #906, .T. ) ;
#919 = CARTESIAN_POINT ( 'NONE',  ( 8.802149159200817863, 12.84785084079917006, -3.000000000000000000 ) ) ;
#920 = VERTEX_POINT ( 'NONE', #991 ) ;
#921 = ORIENTED_EDGE ( 'NONE', *, *, #3025, .F. ) ;
#922 = DIRECTION ( 'NONE',  ( 1.000000000000000000, 0.000000000000000000, 0.000000000000000000 ) ) ;
#923 = CARTESIAN_POINT ( 'NONE',  ( 5.850000000000001421, 8.400000000000000355, 0.000000000000000000 ) ) ;
#924 = PLANE ( 'NONE',  #213 ) ;
#925 = EDGE_CURVE ( 'NONE', #532, #2765, #3385, .T. ) ;
#926 = CARTESIAN_POINT ( 'NONE',  ( 12.00000000000000000, 9.650000000000000355, -3.000000000000000000 ) ) ;
#927 = AXIS2_PLACEMENT_3D ( 'NONE', #3337, #123, #2767 ) ;
#928 = DIRECTION ( 'NONE',  ( 1.000000000000000000, 0.000000000000000000, 0.000000000000000000 ) ) ;
#929 = EDGE_CURVE ( 'NONE', #1585, #2238, #264, .T. ) ;
#930 = ORIENTED_EDGE ( 'NONE', *, *, #3437, .F. ) ;
#931 = VERTEX_POINT ( 'NONE', #2308 ) ;
#932 = CYLINDRICAL_SURFACE ( 'NONE', #2733, 0.7999999999999986011 ) ;
#933 = AXIS2_PLACEMENT_3D ( 'NONE', #1325, #3467, #256 ) ;
#934 = CIRCLE ( 'NONE', #2966, 5.050000000000002487 ) ;
#935 = CIRCLE ( 'NONE', #2624, 1.300000000000000044 ) ;
#936 = ORIENTED_EDGE ( 'NONE', *, *, #9, .T. ) ;
#937 = VERTEX_POINT ( 'NONE', #2829 ) ;
#938 = DIRECTION ( 'NONE',  ( -2.168404344971007882E-16, -1.000000000000000000, 0.000000000000000000 ) ) ;
#939 = DIRECTION ( 'NONE',  ( 0.000000000000000000, -0.000000000000000000, -1.000000000000000000 ) ) ;
#940 = VECTOR ( 'NONE', #595, 1000.000000000000000 ) ;
#941 = DIRECTION ( 'NONE',  ( 0.000000000000000000, 0.000000000000000000, -1.000000000000000000 ) ) ;
#942 = CARTESIAN_POINT ( 'NONE',  ( -14.49999999999999822, 12.60000000000000142, -6.000000000000000000 ) ) ;
#943 = AXIS2_PLACEMENT_3D ( 'NONE', #2721, #2951, #2412 ) ;
#944 = FACE_OUTER_BOUND ( 'NONE', #1568, .T. ) ;
#945 = VECTOR ( 'NONE', #3253, 1000.000000000000114 ) ;
#946 = DIRECTION ( 'NONE',  ( 0.7071067811865451302, 0.7071067811865499042, -0.000000000000000000 ) ) ;
#947 = AXIS2_PLACEMENT_3D ( 'NONE', #1134, #666, #1737 ) ;
#948 = VERTEX_POINT ( 'NONE', #455 ) ;
#949 = ORIENTED_EDGE ( 'NONE', *, *, #3002, .T. ) ;
#950 = CARTESIAN_POINT ( 'NONE',  ( 5.999999999999999112, 4.599999999999999645, -5.849999999999999645 ) ) ;
#951 = AXIS2_PLACEMENT_3D ( 'NONE', #3465, #2167, #1360 ) ;
#952 = EDGE_CURVE ( 'NONE', #3270, #2109, #2599, .T. ) ;
#953 = ADVANCED_FACE ( 'NONE', ( #1486 ), #2340, .T. ) ;
#954 = ORIENTED_EDGE ( 'NONE', *, *, #1101, .F. ) ;
#955 = VERTEX_POINT ( 'NONE', #959 ) ;
#956 = DIRECTION ( 'NONE',  ( 1.000000000000000000, 0.000000000000000000, 0.000000000000000000 ) ) ;
#957 = EDGE_CURVE ( 'NONE', #79, #18, #2404, .T. ) ;
#958 = DIRECTION ( 'NONE',  ( -0.000000000000000000, 1.000000000000000000, -0.000000000000000000 ) ) ;
#959 = CARTESIAN_POINT ( 'NONE',  ( 26.43893432094485973, 11.48142004415077899, 0.000000000000000000 ) ) ;
#960 = CYLINDRICAL_SURFACE ( 'NONE', #2252, 3.050000000000000711 ) ;
#961 = PRODUCT_RELATED_PRODUCT_CATEGORY ( 'part', '', ( #2396 ) ) ;
#962 = CYLINDRICAL_SURFACE ( 'NONE', #2461, 0.8000000000000003775 ) ;
#963 = DIRECTION ( 'NONE',  ( 0.000000000000000000, 0.000000000000000000, 1.000000000000000000 ) ) ;
#964 = VERTEX_POINT ( 'NONE', #1768 ) ;
#965 = ORIENTED_EDGE ( 'NONE', *, *, #503, .F. ) ;
#966 = DIRECTION ( 'NONE',  ( 0.000000000000000000, -1.000000000000000000, 0.000000000000000000 ) ) ;
#967 = EDGE_CURVE ( 'NONE', #3222, #2053, #469, .T. ) ;
#968 = VERTEX_POINT ( 'NONE', #2933 ) ;
#969 = VERTEX_POINT ( 'NONE', #3223 ) ;
#970 = LINE ( 'NONE', #2054, #1910 ) ;
#971 = ADVANCED_FACE ( 'NONE', ( #3205 ), #1696, .F. ) ;
#972 = CARTESIAN_POINT ( 'NONE',  ( -24.60000000000000142, 4.599999999999999645, -7.500000000000000000 ) ) ;
#973 = VERTEX_POINT ( 'NONE', #1675 ) ;
#974 = CARTESIAN_POINT ( 'NONE',  ( -21.50000000000000000, 4.099999999999999645, 0.000000000000000000 ) ) ;
#975 = DIRECTION ( 'NONE',  ( 0.000000000000000000, 0.000000000000000000, -1.000000000000000000 ) ) ;
#976 = LINE ( 'NONE', #436, #165 ) ;
#977 = FACE_OUTER_BOUND ( 'NONE', #1985, .T. ) ;
#978 = DIRECTION ( 'NONE',  ( 0.000000000000000000, 0.000000000000000000, 1.000000000000000000 ) ) ;
#979 = ORIENTED_EDGE ( 'NONE', *, *, #840, .F. ) ;
#980 = DIRECTION ( 'NONE',  ( 0.000000000000000000, 0.000000000000000000, -1.000000000000000000 ) ) ;
#981 = CARTESIAN_POINT ( 'NONE',  ( 29.05000000000000426, 4.807861002991712596, -3.102956986530729822 ) ) ;
#982 = AXIS2_PLACEMENT_3D ( 'NONE', #869, #3066, #350 ) ;
#983 = VERTEX_POINT ( 'NONE', #3488 ) ;
#984 = VECTOR ( 'NONE', #268, 1000.000000000000000 ) ;
#985 = ORIENTED_EDGE ( 'NONE', *, *, #1345, .F. ) ;
#986 = CARTESIAN_POINT ( 'NONE',  ( 2.438934320944859735, 11.48142004415077722, -3.000000000000000000 ) ) ;
#987 = EDGE_CURVE ( 'NONE', #2840, #1669, #711, .T. ) ;
#988 = AXIS2_PLACEMENT_3D ( 'NONE', #1608, #2255, #2650 ) ;
#989 = CARTESIAN_POINT ( 'NONE',  ( -5.050000000000000711, 9.650000000000000355, -3.000000000000000000 ) ) ;
#990 = VERTEX_POINT ( 'NONE', #609 ) ;
#991 = CARTESIAN_POINT ( 'NONE',  ( -3.049999999999999822, 9.650000000000000355, 0.000000000000000000 ) ) ;
#992 = TOROIDAL_SURFACE ( 'NONE', #2296, 5.900000000000002132, 0.5000000000000000000 ) ;
#993 = PLANE ( 'NONE',  #496 ) ;
#994 = EDGE_CURVE ( 'NONE', #3428, #1246, #1974, .T. ) ;
#995 = VECTOR ( 'NONE', #2743, 1000.000000000000000 ) ;
#996 = DIRECTION ( 'NONE',  ( 0.000000000000000000, 0.000000000000000000, -1.000000000000000000 ) ) ;
#997 = CARTESIAN_POINT ( 'NONE',  ( 20.05833156735562639, 12.80685760956918173, 0.000000000000000000 ) ) ;
#998 = DIRECTION ( 'NONE',  ( -1.000000000000000000, 0.000000000000000000, 0.000000000000000000 ) ) ;
#999 = CIRCLE ( 'NONE', #1222, 0.5000000000000004441 ) ;
#1000 = VERTEX_POINT ( 'NONE', #797 ) ;
#1001 = AXIS2_PLACEMENT_3D ( 'NONE', #308, #277, #521 ) ;
#1002 = CARTESIAN_POINT ( 'NONE',  ( 8.949999999999999289, 9.650000000000000355, -3.000000000000000000 ) ) ;
#1003 = CARTESIAN_POINT ( 'NONE',  ( 20.94999999999999929, 9.650000000000000355, -3.000000000000000000 ) ) ;
#1004 = AXIS2_PLACEMENT_3D ( 'NONE', #41, #1374, #1112 ) ;
#1005 = EDGE_LOOP ( 'NONE', ( #2786, #306, #1499, #3487 ) ) ;
#1006 = VECTOR ( 'NONE', #2187, 1000.000000000000114 ) ;
#1007 = ORIENTED_EDGE ( 'NONE', *, *, #158, .F. ) ;
#1008 = CYLINDRICAL_SURFACE ( 'NONE', #1225, 0.5000000000000000000 ) ;
#1009 = AXIS2_PLACEMENT_3D ( 'NONE', #3163, #813, #1984 ) ;
#1010 = CARTESIAN_POINT ( 'NONE',  ( 19.17499999999999716, 4.825000000000019718, -3.000000000000000000 ) ) ;
#1011 = ORIENTED_EDGE ( 'NONE', *, *, #2040, .T. ) ;
#1012 = CYLINDRICAL_SURFACE ( 'NONE', #2293, 0.7999999999999999334 ) ;
#1013 = DIRECTION ( 'NONE',  ( 0.000000000000000000, 0.000000000000000000, -1.000000000000000000 ) ) ;
#1014 = SURFACE_STYLE_FILL_AREA ( #2365 ) ;
#1015 = EDGE_CURVE ( 'NONE', #2932, #3251, #2667, .T. ) ;
#1016 = DIRECTION ( 'NONE',  ( 2.168404344971007882E-16, 1.000000000000000000, -0.000000000000000000 ) ) ;
#1017 = CARTESIAN_POINT ( 'NONE',  ( -21.73790624570724717, 4.337906245707345398, -0.03625419970687319277 ) ) ;
#1018 = ORIENTED_EDGE ( 'NONE', *, *, #929, .T. ) ;
#1019 = EDGE_CURVE ( 'NONE', #1197, #3270, #2181, .T. ) ;
#1020 = FACE_OUTER_BOUND ( 'NONE', #2598, .T. ) ;
#1021 = CYLINDRICAL_SURFACE ( 'NONE', #1612, 0.8000000000000003775 ) ;
#1022 = VERTEX_POINT ( 'NONE', #784 ) ;
#1023 = ORIENTED_EDGE ( 'NONE', *, *, #119, .T. ) ;
#1024 = DIRECTION ( 'NONE',  ( 0.000000000000000000, 0.000000000000000000, 1.000000000000000000 ) ) ;
#1025 = EDGE_CURVE ( 'NONE', #1272, #2932, #33, .T. ) ;
#1026 = DIRECTION ( 'NONE',  ( 0.000000000000000000, 0.000000000000000000, -1.000000000000000000 ) ) ;
#1027 = ORIENTED_EDGE ( 'NONE', *, *, #2652, .F. ) ;
#1028 = CARTESIAN_POINT ( 'NONE',  ( 7.174999999999998934, 4.825000000000019718, -3.000000000000000000 ) ) ;
#1029 = CARTESIAN_POINT ( 'NONE',  ( 12.00000000000000000, 9.650000000000000355, -3.000000000000000000 ) ) ;
#1030 = CARTESIAN_POINT ( 'NONE',  ( -22.79999999999999716, 5.400000000000000355, -6.000000000000000000 ) ) ;
#1031 = DIRECTION ( 'NONE',  ( -1.000000000000000000, 0.000000000000000000, 0.000000000000000000 ) ) ;
#1032 = DIRECTION ( 'NONE',  ( 1.000000000000000000, 0.000000000000000000, 0.000000000000000000 ) ) ;
#1033 = EDGE_CURVE ( 'NONE', #1818, #1884, #1574, .T. ) ;
#1034 = VERTEX_POINT ( 'NONE', #2411 ) ;
#1035 = CARTESIAN_POINT ( 'NONE',  ( 5.999999999999999112, 4.599999999999999645, -7.500000000000000000 ) ) ;
#1036 = DIRECTION ( 'NONE',  ( 1.224646799147353207E-16, 1.000000000000000000, 0.000000000000000000 ) ) ;
#1037 = EDGE_CURVE ( 'NONE', #7, #292, #1382, .T. ) ;
#1038 = ORIENTED_EDGE ( 'NONE', *, *, #2999, .T. ) ;
#1039 = VERTEX_POINT ( 'NONE', #765 ) ;
#1040 = FACE_OUTER_BOUND ( 'NONE', #159, .T. ) ;
#1041 = AXIS2_PLACEMENT_3D ( 'NONE', #1976, #121, #1992 ) ;
#1042 = CARTESIAN_POINT ( 'NONE',  ( 6.149999999999999467, 8.400000000000000355, -3.000000000000000000 ) ) ;
#1043 = EDGE_LOOP ( 'NONE', ( #1589, #3424 ) ) ;
#1044 = DIRECTION ( 'NONE',  ( -0.000000000000000000, -0.000000000000000000, 1.000000000000000000 ) ) ;
#1045 = DIRECTION ( 'NONE',  ( -1.224646799147353207E-16, 1.000000000000000000, 0.000000000000000000 ) ) ;
#1046 = AXIS2_PLACEMENT_3D ( 'NONE', #1161, #1069, #1414 ) ;
#1047 = CIRCLE ( 'NONE', #428, 5.400000000000002132 ) ;
#1048 = AXIS2_PLACEMENT_3D ( 'NONE', #3317, #1490, #1193 ) ;
#1049 = AXIS2_PLACEMENT_3D ( 'NONE', #388, #687, #404 ) ;
#1050 = DIRECTION ( 'NONE',  ( 0.000000000000000000, 0.000000000000000000, 1.000000000000000000 ) ) ;
#1051 = CARTESIAN_POINT ( 'NONE',  ( -22.47940285137451255, 4.476693404374811891, -0.1695866231882648123 ) ) ;
#1052 = CIRCLE ( 'NONE', #382, 6.999999999999999112 ) ;
#1053 = ORIENTED_EDGE ( 'NONE', *, *, #2766, .F. ) ;
#1054 = CARTESIAN_POINT ( 'NONE',  ( 0.000000000000000000, 9.650000000000000355, 0.000000000000000000 ) ) ;
#1055 = CYLINDRICAL_SURFACE ( 'NONE', #1379, 3.049999999999999822 ) ;
#1056 = LINE ( 'NONE', #3159, #3138 ) ;
#1057 = EDGE_CURVE ( 'NONE', #2823, #964, #876, .T. ) ;
#1058 = AXIS2_PLACEMENT_3D ( 'NONE', #665, #1735, #399 ) ;
#1059 = ORIENTED_EDGE ( 'NONE', *, *, #3198, .T. ) ;
#1060 = ORIENTED_EDGE ( 'NONE', *, *, #1282, .T. ) ;
#1061 = ADVANCED_FACE ( 'NONE', ( #2950 ), #1843, .T. ) ;
#1062 = EDGE_CURVE ( 'NONE', #1750, #2330, #1664, .T. ) ;
#1063 = AXIS2_PLACEMENT_3D ( 'NONE', #2993, #1312, #2724 ) ;
#1064 = DIRECTION ( 'NONE',  ( -0.000000000000000000, -0.000000000000000000, 1.000000000000000000 ) ) ;
#1065 = AXIS2_PLACEMENT_3D ( 'NONE', #1054, #298, #51 ) ;
#1066 = CARTESIAN_POINT ( 'NONE',  ( -28.00000000000000000, 4.099999999999999645, -3.000000000000000000 ) ) ;
#1067 = VERTEX_POINT ( 'NONE', #1430 ) ;
#1068 = ADVANCED_FACE ( 'NONE', ( #2504 ), #1834, .T. ) ;
#1069 = DIRECTION ( 'NONE',  ( -0.000000000000000000, 0.000000000000000000, 1.000000000000000000 ) ) ;
#1070 = CARTESIAN_POINT ( 'NONE',  ( 9.161240380539590333, 11.78165283827385679, -3.000000000000000000 ) ) ;
#1071 = AXIS2_PLACEMENT_3D ( 'NONE', #1418, #2276, #1474 ) ;
#1072 = DIRECTION ( 'NONE',  ( 1.000000000000000000, 0.000000000000000000, 0.000000000000000000 ) ) ;
#1073 = DIRECTION ( 'NONE',  ( -1.000000000000000000, 0.000000000000000000, -0.000000000000000000 ) ) ;
#1074 = CARTESIAN_POINT ( 'NONE',  ( 5.999999999999999112, 4.599999999999999645, -7.500000000000000000 ) ) ;
#1075 = ORIENTED_EDGE ( 'NONE', *, *, #2214, .T. ) ;
#1076 = DIRECTION ( 'NONE',  ( -1.000000000000000000, -0.000000000000000000, 0.000000000000000000 ) ) ;
#1077 = DIRECTION ( 'NONE',  ( 0.000000000000000000, -1.000000000000000000, 0.000000000000000000 ) ) ;
#1078 = DIRECTION ( 'NONE',  ( 0.000000000000000000, 0.000000000000000000, 1.000000000000000000 ) ) ;
#1079 = ORIENTED_EDGE ( 'NONE', *, *, #3261, .T. ) ;
#1080 = ORIENTED_EDGE ( 'NONE', *, *, #2588, .F. ) ;
#1081 = DIRECTION ( 'NONE',  ( -1.000000000000000000, -0.000000000000000000, -0.000000000000000000 ) ) ;
#1082 = VERTEX_POINT ( 'NONE', #240 ) ;
#1083 = CYLINDRICAL_SURFACE ( 'NONE', #1001, 3.050000000000000711 ) ;
#1084 = CARTESIAN_POINT ( 'NONE',  ( -21.50000000000000000, 5.400000000000000355, -6.000000000000000000 ) ) ;
#1085 = LINE ( 'NONE', #1920, #884 ) ;
#1086 = CARTESIAN_POINT ( 'NONE',  ( 27.19785084079918391, 12.84785084079917183, -3.000000000000000000 ) ) ;
#1087 = DIRECTION ( 'NONE',  ( -0.000000000000000000, -0.000000000000000000, -1.000000000000000000 ) ) ;
#1088 = ORIENTED_EDGE ( 'NONE', *, *, #1057, .F. ) ;
#1089 = ORIENTED_EDGE ( 'NONE', *, *, #1057, .T. ) ;
#1090 = CYLINDRICAL_SURFACE ( 'NONE', #1793, 3.000000000000000000 ) ;
#1091 = ORIENTED_EDGE ( 'NONE', *, *, #994, .F. ) ;
#1092 = PLANE ( 'NONE',  #615 ) ;
#1093 = EDGE_CURVE ( 'NONE', #1299, #1447, #147, .T. ) ;
#1094 = AXIS2_PLACEMENT_3D ( 'NONE', #923, #3348, #2264 ) ;
#1095 = SURFACE_SIDE_STYLE ('',( #1014 ) ) ;
#1096 = FACE_OUTER_BOUND ( 'NONE', #380, .T. ) ;
#1097 = AXIS2_PLACEMENT_3D ( 'NONE', #2806, #966, #677 ) ;
#1098 = CIRCLE ( 'NONE', #1954, 0.7999999999999986011 ) ;
#1099 = DIRECTION ( 'NONE',  ( 0.000000000000000000, 0.000000000000000000, -1.000000000000000000 ) ) ;
#1100 = EDGE_CURVE ( 'NONE', #1698, #3234, #2845, .T. ) ;
#1101 = EDGE_CURVE ( 'NONE', #680, #1861, #3323, .T. ) ;
#1102 = CIRCLE ( 'NONE', #378, 0.5000000000000004441 ) ;
#1103 = VECTOR ( 'NONE', #3158, 1000.000000000000000 ) ;
#1104 = DIRECTION ( 'NONE',  ( 0.000000000000000000, 0.000000000000000000, -1.000000000000000000 ) ) ;
#1105 = CARTESIAN_POINT ( 'NONE',  ( -14.49999999999999822, 12.60000000000000142, -6.000000000000000000 ) ) ;
#1106 = CARTESIAN_POINT ( 'NONE',  ( 14.43893432094486151, 11.48142004415077722, -3.000000000000000000 ) ) ;
#1107 = AXIS2_PLACEMENT_3D ( 'NONE', #1774, #2250, #2047 ) ;
#1108 = VERTEX_POINT ( 'NONE', #179 ) ;
#1109 = AXIS2_PLACEMENT_3D ( 'NONE', #580, #1634, #1136 ) ;
#1110 = VERTEX_POINT ( 'NONE', #1516 ) ;
#1111 = ORIENTED_EDGE ( 'NONE', *, *, #1816, .F. ) ;
#1112 = DIRECTION ( 'NONE',  ( 0.7071067811865489050, 0.7071067811865462405, 0.000000000000000000 ) ) ;
#1113 = ORIENTED_EDGE ( 'NONE', *, *, #925, .T. ) ;
#1114 = VECTOR ( 'NONE', #1081, 1000.000000000000000 ) ;
#1115 = ORIENTED_EDGE ( 'NONE', *, *, #176, .T. ) ;
#1116 = DIRECTION ( 'NONE',  ( 0.000000000000000000, 0.000000000000000000, 1.000000000000000000 ) ) ;
#1117 = AXIS2_PLACEMENT_3D ( 'NONE', #3454, #1540, #3167 ) ;
#1118 = DIRECTION ( 'NONE',  ( -0.000000000000000000, 0.000000000000000000, 1.000000000000000000 ) ) ;
#1119 = DIRECTION ( 'NONE',  ( -1.000000000000000000, 0.000000000000000000, 0.000000000000000000 ) ) ;
#1120 = AXIS2_PLACEMENT_3D ( 'NONE', #2307, #713, #3384 ) ;
#1121 = CARTESIAN_POINT ( 'NONE',  ( 29.05000000000000071, 0.000000000000000000, 0.000000000000000000 ) ) ;
#1122 = DIRECTION ( 'NONE',  ( -0.000000000000000000, 1.000000000000000000, -0.000000000000000000 ) ) ;
#1123 = LINE ( 'NONE', #1106, #99 ) ;
#1124 = ADVANCED_FACE ( 'NONE', ( #3376 ), #932, .F. ) ;
#1125 = EDGE_LOOP ( 'NONE', ( #1185, #2809, #2141, #1088 ) ) ;
#1126 = ORIENTED_EDGE ( 'NONE', *, *, #2382, .T. ) ;
#1127 = VERTEX_POINT ( 'NONE', #950 ) ;
#1128 = CARTESIAN_POINT ( 'NONE',  ( 9.161240380539590333, 11.78165283827385679, 0.000000000000000000 ) ) ;
#1129 = DIRECTION ( 'NONE',  ( -0.000000000000000000, 0.000000000000000000, 1.000000000000000000 ) ) ;
#1130 = ORIENTED_EDGE ( 'NONE', *, *, #2327, .T. ) ;
#1131 = EDGE_LOOP ( 'NONE', ( #2998, #442, #586, #1699 ) ) ;
#1132 = CARTESIAN_POINT ( 'NONE',  ( -7.500000000000000888, 5.400000000000000355, -6.000000000000000000 ) ) ;
#1133 = EDGE_CURVE ( 'NONE', #1947, #3106, #660, .T. ) ;
#1134 = CARTESIAN_POINT ( 'NONE',  ( -28.00000000000000000, 0.5000000000000004441, -0.5000000000000000000 ) ) ;
#1135 = DIRECTION ( 'NONE',  ( 0.000000000000000000, 0.000000000000000000, -1.000000000000000000 ) ) ;
#1136 = DIRECTION ( 'NONE',  ( 1.000000000000000000, 0.000000000000000000, 0.000000000000000000 ) ) ;
#1137 = ORIENTED_EDGE ( 'NONE', *, *, #481, .T. ) ;
#1138 = CARTESIAN_POINT ( 'NONE',  ( 18.95000000000000284, 0.000000000000000000, -3.000000000000000000 ) ) ;
#1139 = DIRECTION ( 'NONE',  ( 1.000000000000000000, -2.168404344971006896E-16, 0.000000000000000000 ) ) ;
#1140 = EDGE_LOOP ( 'NONE', ( #216, #2735, #2834, #412, #3327, #1601, #1519, #2266, #1888, #2453, #527, #89, #3343, #1522, #3272, #6, #1126, #2182, #75, #638, #2589, #2833, #2352, #849, #2385, #692, #2127, #2319, #1130, #584, #2497, #454, #605, #2871, #3289, #1217, #56, #204, #3295, #1286, #2222, #728, #1427, #96, #1733, #1480, #420, #1654, #3125, #861, #1801, #2875, #709, #2720 ) ) ;
#1141 = ORIENTED_EDGE ( 'NONE', *, *, #2051, .F. ) ;
#1142 = ORIENTED_EDGE ( 'NONE', *, *, #1758, .T. ) ;
#1143 = DIRECTION ( 'NONE',  ( 0.000000000000000000, 1.000000000000000000, 0.000000000000000000 ) ) ;
#1144 = CARTESIAN_POINT ( 'NONE',  ( -2.485206228867137934, 12.13520622886712985, -3.000000000000000000 ) ) ;
#1145 = VERTEX_POINT ( 'NONE', #1747 ) ;
#1146 = CARTESIAN_POINT ( 'NONE',  ( -5.850000000000001421, 7.599999999999999645, -3.000000000000000000 ) ) ;
#1147 = CARTESIAN_POINT ( 'NONE',  ( 26.83875961946041144, 11.78165283827385679, -3.000000000000000000 ) ) ;
#1148 = LINE ( 'NONE', #893, #3413 ) ;
#1149 = CARTESIAN_POINT ( 'NONE',  ( 2.485206228867137490, 12.13520622886712985, -3.000000000000000000 ) ) ;
#1150 = AXIS2_PLACEMENT_3D ( 'NONE', #3296, #1464, #1742 ) ;
#1151 = ORIENTED_EDGE ( 'NONE', *, *, #761, .T. ) ;
#1152 = CIRCLE ( 'NONE', #1041, 5.050000000000000711 ) ;
#1153 = CARTESIAN_POINT ( 'NONE',  ( 5.050000000000000711, 9.650000000000000355, -3.000000000000000000 ) ) ;
#1154 = DIRECTION ( 'NONE',  ( 0.000000000000000000, 0.000000000000000000, -1.000000000000000000 ) ) ;
#1155 = CIRCLE ( 'NONE', #2564, 1.649999999999998579 ) ;
#1156 = AXIS2_PLACEMENT_3D ( 'NONE', #1937, #826, #1903 ) ;
#1157 = ORIENTED_EDGE ( 'NONE', *, *, #480, .T. ) ;
#1158 = CYLINDRICAL_SURFACE ( 'NONE', #732, 3.049999999999999822 ) ;
#1159 = ORIENTED_EDGE ( 'NONE', *, *, #1033, .F. ) ;
#1160 = AXIS2_PLACEMENT_3D ( 'NONE', #1600, #1036, #514 ) ;
#1161 = CARTESIAN_POINT ( 'NONE',  ( 18.15000000000000213, 8.400000000000000355, -3.000000000000000000 ) ) ;
#1162 = LINE ( 'NONE', #3017, #2025 ) ;
#1163 = EDGE_CURVE ( 'NONE', #805, #79, #903, .T. ) ;
#1164 = EDGE_CURVE ( 'NONE', #1713, #948, #1196, .T. ) ;
#1165 = ORIENTED_EDGE ( 'NONE', *, *, #2170, .F. ) ;
#1166 = ORIENTED_EDGE ( 'NONE', *, *, #1950, .T. ) ;
#1167 = VECTOR ( 'NONE', #975, 1000.000000000000000 ) ;
#1168 = LINE ( 'NONE', #867, #3033 ) ;
#1169 = CIRCLE ( 'NONE', #1058, 0.5000000000000004441 ) ;
#1170 = EDGE_CURVE ( 'NONE', #2053, #1861, #1845, .T. ) ;
#1171 = LINE ( 'NONE', #1188, #3438 ) ;
#1172 = CARTESIAN_POINT ( 'NONE',  ( -9.099999999999997868, 12.60000000000000142, -5.500000000000000000 ) ) ;
#1173 = AXIS2_PLACEMENT_3D ( 'NONE', #2256, #904, #2788 ) ;
#1174 = AXIS2_PLACEMENT_3D ( 'NONE', #3184, #768, #2653 ) ;
#1175 = ORIENTED_EDGE ( 'NONE', *, *, #2560, .T. ) ;
#1176 = PLANE ( 'NONE',  #1150 ) ;
#1177 = CARTESIAN_POINT ( 'NONE',  ( -14.49999999999999822, 12.60000000000000142, -0.5000000000000004441 ) ) ;
#1178 = VECTOR ( 'NONE', #2153, 1000.000000000000000 ) ;
#1179 = EDGE_CURVE ( 'NONE', #1759, #2386, #1155, .T. ) ;
#1180 = ORIENTED_EDGE ( 'NONE', *, *, #1752, .F. ) ;
#1181 = ORIENTED_EDGE ( 'NONE', *, *, #2337, .T. ) ;
#1182 = DIRECTION ( 'NONE',  ( -1.000000000000000000, 0.000000000000000000, 0.000000000000000000 ) ) ;
#1183 = CARTESIAN_POINT ( 'NONE',  ( 5.999999999999999112, 20.10000000000000142, -9.150000000000000355 ) ) ;
#1184 = ORIENTED_EDGE ( 'NONE', *, *, #682, .T. ) ;
#1185 = ORIENTED_EDGE ( 'NONE', *, *, #1378, .F. ) ;
#1186 = CARTESIAN_POINT ( 'NONE',  ( 29.00000000000000000, 4.099999999999999645, 0.000000000000000000 ) ) ;
#1187 = ADVANCED_FACE ( 'NONE', ( #1449 ), #1248, .T. ) ;
#1188 = CARTESIAN_POINT ( 'NONE',  ( 17.05000000000000426, 7.599999999999999645, 0.000000000000000000 ) ) ;
#1189 = CARTESIAN_POINT ( 'NONE',  ( 21.16124038053959211, 11.78165283827385501, -3.000000000000000000 ) ) ;
#1190 = CARTESIAN_POINT ( 'NONE',  ( -22.79999999999999716, 5.400000000000000355, -0.5000000000000000000 ) ) ;
#1191 = ADVANCED_FACE ( 'NONE', ( #1233 ), #2620, .F. ) ;
#1192 = CYLINDRICAL_SURFACE ( 'NONE', #3358, 0.5000000000000004441 ) ;
#1193 = DIRECTION ( 'NONE',  ( -1.000000000000000000, 0.000000000000000000, 0.000000000000000000 ) ) ;
#1194 = ORIENTED_EDGE ( 'NONE', *, *, #180, .T. ) ;
#1195 = ORIENTED_EDGE ( 'NONE', *, *, #2935, .F. ) ;
#1196 = LINE ( 'NONE', #2018, #1327 ) ;
#1197 = VERTEX_POINT ( 'NONE', #2541 ) ;
#1198 = ORIENTED_EDGE ( 'NONE', *, *, #2040, .F. ) ;
#1199 = DIRECTION ( 'NONE',  ( 0.000000000000000000, 0.000000000000000000, 1.000000000000000000 ) ) ;
#1200 = DIRECTION ( 'NONE',  ( -0.000000000000000000, -0.000000000000000000, 1.000000000000000000 ) ) ;
#1201 = EDGE_CURVE ( 'NONE', #1000, #1818, #422, .T. ) ;
#1202 = LINE ( 'NONE', #909, #2679 ) ;
#1203 = CARTESIAN_POINT ( 'NONE',  ( 26.00000000000000711, 4.099999999999999645, -9.000000000000001776 ) ) ;
#1204 = EDGE_CURVE ( 'NONE', #2765, #1034, #3475, .T. ) ;
#1205 = DIRECTION ( 'NONE',  ( 1.000000000000000000, 0.000000000000000000, 0.000000000000000000 ) ) ;
#1206 = EDGE_CURVE ( 'NONE', #931, #2452, #3080, .T. ) ;
#1207 = CIRCLE ( 'NONE', #2451, 0.8000000000000003775 ) ;
#1208 = CARTESIAN_POINT ( 'NONE',  ( 3.551404231392454758, 12.49429745020589699, -3.000000000000000000 ) ) ;
#1209 = AXIS2_PLACEMENT_3D ( 'NONE', #402, #82, #1475 ) ;
#1210 = VECTOR ( 'NONE', #2370, 1000.000000000000000 ) ;
#1211 = ORIENTED_EDGE ( 'NONE', *, *, #1292, .T. ) ;
#1212 = EDGE_LOOP ( 'NONE', ( #573, #2705, #1784, #3462 ) ) ;
#1213 = CARTESIAN_POINT ( 'NONE',  ( 6.149999999999999467, 7.599999999999999645, 0.000000000000000000 ) ) ;
#1214 = VECTOR ( 'NONE', #1986, 1000.000000000000000 ) ;
#1215 = AXIS2_PLACEMENT_3D ( 'NONE', #285, #3215, #1650 ) ;
#1216 = CIRCLE ( 'NONE', #2968, 0.8000000000000003775 ) ;
#1217 = ORIENTED_EDGE ( 'NONE', *, *, #1770, .T. ) ;
#1218 = ORIENTED_EDGE ( 'NONE', *, *, #1426, .F. ) ;
#1219 = DIRECTION ( 'NONE',  ( -1.000000000000000000, 6.938893903907228378E-15, 0.000000000000000000 ) ) ;
#1220 = EDGE_CURVE ( 'NONE', #341, #745, #410, .T. ) ;
#1221 = CARTESIAN_POINT ( 'NONE',  ( -21.50000000000000000, 4.599999999999999645, -6.800000000000000711 ) ) ;
#1222 = AXIS2_PLACEMENT_3D ( 'NONE', #2723, #2975, #1099 ) ;
#1223 = CARTESIAN_POINT ( 'NONE',  ( 17.85000000000000142, 7.599999999999999645, 0.000000000000000000 ) ) ;
#1224 = DIRECTION ( 'NONE',  ( -1.000000000000000000, 0.000000000000000000, 0.000000000000000000 ) ) ;
#1225 = AXIS2_PLACEMENT_3D ( 'NONE', #2628, #2890, #2611 ) ;
#1226 = CARTESIAN_POINT ( 'NONE',  ( -6.200000000000000178, 8.400000000000000355, -0.5000000000000004441 ) ) ;
#1227 = CIRCLE ( 'NONE', #2920, 5.900000000000002132 ) ;
#1228 = DIRECTION ( 'NONE',  ( -0.000000000000000000, -0.000000000000000000, 1.000000000000000000 ) ) ;
#1229 = EDGE_CURVE ( 'NONE', #1514, #1930, #2271, .T. ) ;
#1230 = CIRCLE ( 'NONE', #2532, 0.5000000000000000000 ) ;
#1231 = ORIENTED_EDGE ( 'NONE', *, *, #2313, .T. ) ;
#1232 = ORIENTED_EDGE ( 'NONE', *, *, #396, .F. ) ;
#1233 = FACE_OUTER_BOUND ( 'NONE', #1434, .T. ) ;
#1234 = AXIS2_PLACEMENT_3D ( 'NONE', #3292, #64, #1975 ) ;
#1235 = ADVANCED_FACE ( 'NONE', ( #918 ), #446, .T. ) ;
#1236 = EDGE_LOOP ( 'NONE', ( #3189, #2347, #1255, #2067, #1391, #1796, #2048, #1502, #2097, #829, #1115, #1411, #2072, #2039 ) ) ;
#1237 = ORIENTED_EDGE ( 'NONE', *, *, #756, .T. ) ;
#1238 = CARTESIAN_POINT ( 'NONE',  ( 15.05000000000000071, 9.650000000000000355, -3.000000000000000000 ) ) ;
#1239 = LINE ( 'NONE', #203, #2867 ) ;
#1240 = VERTEX_POINT ( 'NONE', #1213 ) ;
#1241 = LINE ( 'NONE', #1028, #1719 ) ;
#1242 = DIRECTION ( 'NONE',  ( 0.000000000000000000, 1.000000000000000000, 0.000000000000000000 ) ) ;
#1243 = CARTESIAN_POINT ( 'NONE',  ( -25.00000000000000000, 0.5000000000000004441, -0.5000000000000000000 ) ) ;
#1244 = DIRECTION ( 'NONE',  ( 0.000000000000000000, 0.000000000000000000, 1.000000000000000000 ) ) ;
#1245 = CARTESIAN_POINT ( 'NONE',  ( -14.49999999999999822, 12.60000000000000142, -5.500000000000000000 ) ) ;
#1246 = VERTEX_POINT ( 'NONE', #2301 ) ;
#1247 = LINE ( 'NONE', #445, #93 ) ;
#1248 = PLANE ( 'NONE',  #601 ) ;
#1249 = EDGE_CURVE ( 'NONE', #2657, #1363, #2036, .T. ) ;
#1250 = ORIENTED_EDGE ( 'NONE', *, *, #846, .T. ) ;
#1251 = ORIENTED_EDGE ( 'NONE', *, *, #1282, .F. ) ;
#1252 = EDGE_CURVE ( 'NONE', #2758, #1145, #3426, .T. ) ;
#1253 = CARTESIAN_POINT ( 'NONE',  ( 19.17499999999999716, 4.825000000000019718, 0.000000000000000000 ) ) ;
#1254 = CARTESIAN_POINT ( 'NONE',  ( -21.50000000000000000, 4.099999999999999645, 0.000000000000000000 ) ) ;
#1255 = ORIENTED_EDGE ( 'NONE', *, *, #2482, .T. ) ;
#1256 = DIRECTION ( 'NONE',  ( 1.000000000000000000, 0.000000000000000000, 0.000000000000000000 ) ) ;
#1257 = LINE ( 'NONE', #2341, #2359 ) ;
#1258 = DIRECTION ( 'NONE',  ( -0.7071067811865499042, 0.7071067811865451302, 0.000000000000000000 ) ) ;
#1259 = LINE ( 'NONE', #2882, #596 ) ;
#1260 = CARTESIAN_POINT ( 'NONE',  ( 9.561065679055142041, 11.48142004415077899, -3.000000000000000000 ) ) ;
#1261 = ORIENTED_EDGE ( 'NONE', *, *, #1408, .T. ) ;
#1262 = DIRECTION ( 'NONE',  ( 1.000000000000000000, 0.000000000000000000, 0.000000000000000000 ) ) ;
#1263 = CARTESIAN_POINT ( 'NONE',  ( 9.561065679055142041, 11.48142004415077899, 0.000000000000000000 ) ) ;
#1264 = VECTOR ( 'NONE', #1405, 1000.000000000000000 ) ;
#1265 = ORIENTED_EDGE ( 'NONE', *, *, #3437, .T. ) ;
#1266 = AXIS2_PLACEMENT_3D ( 'NONE', #3286, #1943, #1182 ) ;
#1267 = ORIENTED_EDGE ( 'NONE', *, *, #1972, .T. ) ;
#1268 = LINE ( 'NONE', #1253, #890 ) ;
#1269 = CIRCLE ( 'NONE', #2013, 0.5000000000000004441 ) ;
#1270 = EDGE_CURVE ( 'NONE', #2238, #714, #250, .T. ) ;
#1271 = CARTESIAN_POINT ( 'NONE',  ( 29.05000000000000071, 0.000000000000000000, -3.000000000000000000 ) ) ;
#1272 = VERTEX_POINT ( 'NONE', #1003 ) ;
#1273 = LINE ( 'NONE', #2361, #2745 ) ;
#1274 = EDGE_CURVE ( 'NONE', #1393, #714, #2460, .T. ) ;
#1275 = FILL_AREA_STYLE_COLOUR ( '', #1795 ) ;
#1276 = CARTESIAN_POINT ( 'NONE',  ( 5.999999999999999112, 0.000000000000000000, -7.500000000000000000 ) ) ;
#1277 = CARTESIAN_POINT ( 'NONE',  ( -22.75842164486863339, 4.584008324949477853, -0.3703587187946853487 ) ) ;
#1278 = AXIS2_PLACEMENT_3D ( 'NONE', #2392, #561, #2185 ) ;
#1279 = AXIS2_PLACEMENT_3D ( 'NONE', #2175, #528, #1104 ) ;
#1280 = CARTESIAN_POINT ( 'NONE',  ( 18.00000000000000000, 0.000000000000000000, -5.849999999999997868 ) ) ;
#1281 = DIRECTION ( 'NONE',  ( 1.000000000000000000, -3.469446951953611033E-15, 0.000000000000000000 ) ) ;
#1282 = EDGE_CURVE ( 'NONE', #2148, #1108, #2140, .T. ) ;
#1283 = CIRCLE ( 'NONE', #1678, 5.400000000000002132 ) ;
#1284 = ORIENTED_EDGE ( 'NONE', *, *, #1804, .T. ) ;
#1285 = STYLED_ITEM ( 'NONE', ( #564 ), #3065 ) ;
#1286 = ORIENTED_EDGE ( 'NONE', *, *, #1790, .F. ) ;
#1287 = DIRECTION ( 'NONE',  ( 1.000000000000000000, 0.000000000000000000, 0.000000000000000000 ) ) ;
#1288 = CARTESIAN_POINT ( 'NONE',  ( -25.00000000000000000, 0.000000000000000000, -11.50000000000000178 ) ) ;
#1289 = ORIENTED_EDGE ( 'NONE', *, *, #3261, .F. ) ;
#1290 = CARTESIAN_POINT ( 'NONE',  ( 5.999999999999999112, 0.000000000000000000, -7.500000000000000000 ) ) ;
#1291 = DIRECTION ( 'NONE',  ( -0.000000000000000000, 0.000000000000000000, 1.000000000000000000 ) ) ;
#1292 = EDGE_CURVE ( 'NONE', #3076, #2805, #1269, .T. ) ;
#1293 = CARTESIAN_POINT ( 'NONE',  ( -5.850000000000001421, 8.400000000000000355, -3.000000000000000000 ) ) ;
#1294 = CARTESIAN_POINT ( 'NONE',  ( 6.949999999999999289, 7.599999999999999645, -3.000000000000000000 ) ) ;
#1295 = CARTESIAN_POINT ( 'NONE',  ( -8.599999999999996092, 12.60000000000000142, -2.168404344971008868E-16 ) ) ;
#1296 = ADVANCED_FACE ( 'NONE', ( #2927 ), #1021, .F. ) ;
#1297 = CYLINDRICAL_SURFACE ( 'NONE', #2903, 1.650000000000002132 ) ;
#1298 = CARTESIAN_POINT ( 'NONE',  ( -5.050000000000000711, 8.400000000000000355, 0.000000000000000000 ) ) ;
#1299 = VERTEX_POINT ( 'NONE', #1263 ) ;
#1300 = EDGE_LOOP ( 'NONE', ( #1988, #164, #3249, #574 ) ) ;
#1301 = CARTESIAN_POINT ( 'NONE',  ( -22.26152236891497438, 4.392893218813451739, -1.989058973515078907E-16 ) ) ;
#1302 = FACE_OUTER_BOUND ( 'NONE', #3143, .T. ) ;
#1303 = ORIENTED_EDGE ( 'NONE', *, *, #2673, .F. ) ;
#1304 = CARTESIAN_POINT ( 'NONE',  ( -25.00000000000000000, 4.099999999999999645, -3.000000000000000000 ) ) ;
#1305 = CARTESIAN_POINT ( 'NONE',  ( -3.551404231392455646, 12.49429745020589522, 0.000000000000000000 ) ) ;
#1306 = EDGE_CURVE ( 'NONE', #3344, #632, #1216, .T. ) ;
#1307 = DIRECTION ( 'NONE',  ( 0.000000000000000000, 1.000000000000000000, 0.000000000000000000 ) ) ;
#1308 = CARTESIAN_POINT ( 'NONE',  ( 8.448595768607544798, 12.49429745020589877, -3.000000000000000000 ) ) ;
#1309 = CARTESIAN_POINT ( 'NONE',  ( -21.75180948696828054, 4.754704666117456568, -0.06310680449027715466 ) ) ;
#1310 = EDGE_CURVE ( 'NONE', #3322, #3283, #1056, .T. ) ;
#1311 = ADVANCED_FACE ( 'NONE', ( #530 ), #2850, .F. ) ;
#1312 = DIRECTION ( 'NONE',  ( 0.000000000000000000, 1.000000000000000000, 0.000000000000000000 ) ) ;
#1313 = DIRECTION ( 'NONE',  ( 0.000000000000000000, -0.000000000000000000, -1.000000000000000000 ) ) ;
#1314 = CARTESIAN_POINT ( 'NONE',  ( -5.050000000000000711, 8.400000000000000355, 0.000000000000000000 ) ) ;
#1315 = PRODUCT_DEFINITION_SHAPE ( 'NONE', 'NONE',  #562 ) ;
#1316 = EDGE_CURVE ( 'NONE', #796, #920, #3024, .T. ) ;
#1317 = ORIENTED_EDGE ( 'NONE', *, *, #1019, .F. ) ;
#1318 = ORIENTED_EDGE ( 'NONE', *, *, #2807, .F. ) ;
#1319 = LINE ( 'NONE', #2166, #945 ) ;
#1320 = ORIENTED_EDGE ( 'NONE', *, *, #3180, .F. ) ;
#1321 = CIRCLE ( 'NONE', #1660, 0.5000000000000004441 ) ;
#1322 = LINE ( 'NONE', #2770, #55 ) ;
#1323 =( BOUNDED_CURVE ( )  B_SPLINE_CURVE ( 3, ( #2485, #1356, #3010, #70 ),
 .UNSPECIFIED., .F., .T. ) 
 B_SPLINE_CURVE_WITH_KNOTS ( ( 4, 4 ),
 ( 3.141592653589793116, 4.712388980384689674 ),
 .UNSPECIFIED. ) 
 CURVE ( )  GEOMETRIC_REPRESENTATION_ITEM ( )  RATIONAL_B_SPLINE_CURVE ( ( 1.000000000000000000, 0.8047378541243649375, 0.8047378541243649375, 1.000000000000000000 ) ) 
 REPRESENTATION_ITEM ( '' )  );
#1324 = EDGE_LOOP ( 'NONE', ( #1175, #2150, #2753, #379 ) ) ;
#1325 = CARTESIAN_POINT ( 'NONE',  ( 24.00000000000000000, 9.650000000000000355, -3.000000000000000000 ) ) ;
#1326 = DIRECTION ( 'NONE',  ( -0.000000000000000000, 0.000000000000000000, 1.000000000000000000 ) ) ;
#1327 = VECTOR ( 'NONE', #127, 1000.000000000000000 ) ;
#1328 = VECTOR ( 'NONE', #53, 1000.000000000000000 ) ;
#1329 = EDGE_CURVE ( 'NONE', #1653, #1942, #2685, .T. ) ;
#1330 = AXIS2_PLACEMENT_3D ( 'NONE', #2995, #1337, #1139 ) ;
#1331 = DIRECTION ( 'NONE',  ( 1.000000000000000000, 0.000000000000000000, 0.000000000000000000 ) ) ;
#1332 = CARTESIAN_POINT ( 'NONE',  ( -24.60000000000000142, 20.10000000000000142, -7.500000000000000000 ) ) ;
#1333 = ORIENTED_EDGE ( 'NONE', *, *, #35, .F. ) ;
#1334 = DIRECTION ( 'NONE',  ( -0.7071067811865499042, 0.7071067811865451302, 0.000000000000000000 ) ) ;
#1335 = CARTESIAN_POINT ( 'NONE',  ( -28.00000000000000000, 0.5000000000000004441, 0.000000000000000000 ) ) ;
#1336 = AXIS2_PLACEMENT_3D ( 'NONE', #2562, #2309, #1993 ) ;
#1337 = DIRECTION ( 'NONE',  ( -2.168404344971007882E-16, -1.000000000000000000, 0.000000000000000000 ) ) ;
#1338 = EDGE_CURVE ( 'NONE', #2523, #1625, #1815, .T. ) ;
#1339 = VECTOR ( 'NONE', #184, 1000.000000000000000 ) ;
#1340 = VERTEX_POINT ( 'NONE', #2371 ) ;
#1341 = ORIENTED_EDGE ( 'NONE', *, *, #2486, .F. ) ;
#1342 = EDGE_LOOP ( 'NONE', ( #2861, #2645, #1011, #2759 ) ) ;
#1343 = VECTOR ( 'NONE', #1618, 1000.000000000000000 ) ;
#1344 = CARTESIAN_POINT ( 'NONE',  ( 21.16124038053959211, 11.78165283827385501, -3.000000000000000000 ) ) ;
#1345 = EDGE_CURVE ( 'NONE', #778, #1759, #497, .T. ) ;
#1346 = CARTESIAN_POINT ( 'NONE',  ( -19.90000000000000213, 12.60000000000000142, -6.000000000000000000 ) ) ;
#1347 = VERTEX_POINT ( 'NONE', #791 ) ;
#1348 = CARTESIAN_POINT ( 'NONE',  ( -2.338759619460410555, 11.78165283827385501, 0.000000000000000000 ) ) ;
#1349 = AXIS2_PLACEMENT_3D ( 'NONE', #484, #2579, #467 ) ;
#1350 =( NAMED_UNIT ( * ) SI_UNIT ( $, .STERADIAN. ) SOLID_ANGLE_UNIT ( ) );
#1351 = CYLINDRICAL_SURFACE ( 'NONE', #708, 0.5000000000000004441 ) ;
#1352 = FACE_OUTER_BOUND ( 'NONE', #2002, .T. ) ;
#1353 = B_SPLINE_CURVE_WITH_KNOTS ( 'NONE', 3,
 ( #2169, #3003, #1631, #3239, #816, #1915, #2934, #593, #2706, #294, #2156, #1659 ),
 .UNSPECIFIED., .F., .F.,
 ( 4, 2, 2, 2, 2, 4 ),
 ( 4.941255393677669783E-05, 0.0004207683800890154040, 0.0007921242062412541711, 0.0009778021193173698413, 0.001163480032393485403, 0.001534835858545708720 ),
 .UNSPECIFIED. ) ;
#1354 = LINE ( 'NONE', #1869, #1626 ) ;
#1355 = CARTESIAN_POINT ( 'NONE',  ( 18.15000000000000213, 8.400000000000000355, 0.000000000000000000 ) ) ;
#1356 = CARTESIAN_POINT ( 'NONE',  ( -22.00000000000000355, 5.400000000000000355, -0.2071067811865477670 ) ) ;
#1357 = ORIENTED_EDGE ( 'NONE', *, *, #2549, .F. ) ;
#1358 = ORIENTED_EDGE ( 'NONE', *, *, #3071, .T. ) ;
#1359 = CARTESIAN_POINT ( 'NONE',  ( 21.66124038053959211, 11.78165283827385501, 0.000000000000000000 ) ) ;
#1360 = DIRECTION ( 'NONE',  ( -1.000000000000000000, 0.000000000000000000, 0.000000000000000000 ) ) ;
#1361 = EDGE_CURVE ( 'NONE', #1433, #2626, #433, .T. ) ;
#1362 = ORIENTED_EDGE ( 'NONE', *, *, #197, .T. ) ;
#1363 = VERTEX_POINT ( 'NONE', #1298 ) ;
#1364 = ORIENTED_EDGE ( 'NONE', *, *, #3113, .F. ) ;
#1365 = FACE_OUTER_BOUND ( 'NONE', #254, .T. ) ;
#1366 = LINE ( 'NONE', #3004, #1973 ) ;
#1367 = DIRECTION ( 'NONE',  ( 0.000000000000000000, 0.000000000000000000, 1.000000000000000000 ) ) ;
#1368 = CARTESIAN_POINT ( 'NONE',  ( -19.90000000000000213, 12.60000000000000142, -5.500000000000000000 ) ) ;
#1369 = CYLINDRICAL_SURFACE ( 'NONE', #2750, 0.5000000000000004441 ) ;
#1370 = CARTESIAN_POINT ( 'NONE',  ( 0.000000000000000000, 5.400000000000000355, -6.800000000000000711 ) ) ;
#1371 = CARTESIAN_POINT ( 'NONE',  ( 17.05000000000000426, 0.000000000000000000, -3.000000000000000000 ) ) ;
#1372 = ORIENTED_EDGE ( 'NONE', *, *, #1100, .F. ) ;
#1373 = EDGE_LOOP ( 'NONE', ( #342, #1533, #3176, #645 ) ) ;
#1374 = DIRECTION ( 'NONE',  ( 0.7071067811865462405, -0.7071067811865489050, 0.000000000000000000 ) ) ;
#1375 = EDGE_LOOP ( 'NONE', ( #1694, #2243, #860, #2314 ) ) ;
#1376 = EDGE_LOOP ( 'NONE', ( #2471, #1166, #1746, #2358, #1927 ) ) ;
#1377 = CARTESIAN_POINT ( 'NONE',  ( 12.00000000000000000, 9.650000000000000355, -3.000000000000000000 ) ) ;
#1378 = EDGE_CURVE ( 'NONE', #1749, #2823, #3367, .T. ) ;
#1379 = AXIS2_PLACEMENT_3D ( 'NONE', #2348, #212, #1262 ) ;
#1380 = DIRECTION ( 'NONE',  ( 0.000000000000000000, 0.000000000000000000, -1.000000000000000000 ) ) ;
#1381 = DIRECTION ( 'NONE',  ( 0.7071067811865489050, 0.7071067811865462405, 0.000000000000000000 ) ) ;
#1382 = CIRCLE ( 'NONE', #1046, 0.7999999999999986011 ) ;
#1383 = DIRECTION ( 'NONE',  ( 0.000000000000000000, -1.000000000000000000, 0.000000000000000000 ) ) ;
#1384 = EDGE_CURVE ( 'NONE', #397, #1750, #1583, .T. ) ;
#1385 = VECTOR ( 'NONE', #1871, 1000.000000000000000 ) ;
#1386 = VECTOR ( 'NONE', #1980, 1000.000000000000000 ) ;
#1387 = DIRECTION ( 'NONE',  ( 0.000000000000000000, 0.000000000000000000, 1.000000000000000000 ) ) ;
#1388 = DIRECTION ( 'NONE',  ( 1.000000000000000000, 0.000000000000000000, 0.000000000000000000 ) ) ;
#1389 = FACE_OUTER_BOUND ( 'NONE', #641, .T. ) ;
#1390 = AXIS2_PLACEMENT_3D ( 'NONE', #405, #673, #1743 ) ;
#1391 = ORIENTED_EDGE ( 'NONE', *, *, #2282, .T. ) ;
#1392 = AXIS2_PLACEMENT_3D ( 'NONE', #172, #1769, #1505 ) ;
#1393 = VERTEX_POINT ( 'NONE', #196 ) ;
#1394 = EDGE_LOOP ( 'NONE', ( #2507, #2478, #1821, #1372 ) ) ;
#1395 = CARTESIAN_POINT ( 'NONE',  ( -6.549941655693023890, 7.625346295127824803, -5.386956827472024423E-33 ) ) ;
#1396 = EDGE_CURVE ( 'NONE', #3409, #1630, #1102, .T. ) ;
#1397 = DIRECTION ( 'NONE',  ( -1.000000000000000000, 0.000000000000000000, 0.000000000000000000 ) ) ;
#1398 = CIRCLE ( 'NONE', #1458, 0.8000000000000003775 ) ;
#1399 = EDGE_LOOP ( 'NONE', ( #1979, #3012 ) ) ;
#1400 = CIRCLE ( 'NONE', #2197, 0.5000000000000004441 ) ;
#1401 = DIRECTION ( 'NONE',  ( 1.000000000000000000, 0.000000000000000000, 0.000000000000000000 ) ) ;
#1402 = CIRCLE ( 'NONE', #729, 0.5000000000000000000 ) ;
#1403 =( NAMED_UNIT ( * ) PLANE_ANGLE_UNIT ( ) SI_UNIT ( $, .RADIAN. ) );
#1404 = ADVANCED_FACE ( 'NONE', ( #1389 ), #844, .T. ) ;
#1405 = DIRECTION ( 'NONE',  ( 1.000000000000000000, 0.000000000000000000, 0.000000000000000000 ) ) ;
#1406 = DIRECTION ( 'NONE',  ( 1.000000000000000000, 0.000000000000000000, 0.000000000000000000 ) ) ;
#1407 = ORIENTED_EDGE ( 'NONE', *, *, #1547, .T. ) ;
#1408 = EDGE_CURVE ( 'NONE', #2077, #3106, #2964, .T. ) ;
#1409 = DIRECTION ( 'NONE',  ( -1.000000000000000000, 0.000000000000000000, 0.000000000000000000 ) ) ;
#1410 = DIRECTION ( 'NONE',  ( 0.000000000000000000, -1.000000000000000000, 0.000000000000000000 ) ) ;
#1411 = ORIENTED_EDGE ( 'NONE', *, *, #1576, .T. ) ;
#1412 = ORIENTED_EDGE ( 'NONE', *, *, #1425, .F. ) ;
#1413 = ORIENTED_EDGE ( 'NONE', *, *, #1015, .T. ) ;
#1414 = DIRECTION ( 'NONE',  ( 1.000000000000000000, 0.000000000000000000, 0.000000000000000000 ) ) ;
#1415 = DIRECTION ( 'NONE',  ( -0.000000000000000000, 0.000000000000000000, 1.000000000000000000 ) ) ;
#1416 = ORIENTED_EDGE ( 'NONE', *, *, #655, .F. ) ;
#1417 = CARTESIAN_POINT ( 'NONE',  ( -2.838759619460410555, 11.78165283827385501, 0.000000000000000000 ) ) ;
#1418 = CARTESIAN_POINT ( 'NONE',  ( -14.49999999999999822, 12.60000000000000142, -5.500000000000000000 ) ) ;
#1419 = CARTESIAN_POINT ( 'NONE',  ( 18.00000000000000000, 0.000000000000000000, -7.500000000000000000 ) ) ;
#1420 = DIRECTION ( 'NONE',  ( 1.000000000000000000, 0.000000000000000000, 0.000000000000000000 ) ) ;
#1421 = EDGE_CURVE ( 'NONE', #2089, #559, #1123, .T. ) ;
#1422 = ORIENTED_EDGE ( 'NONE', *, *, #437, .F. ) ;
#1423 = CARTESIAN_POINT ( 'NONE',  ( 8.448595768607544798, 12.49429745020589877, -3.000000000000000000 ) ) ;
#1424 = FACE_OUTER_BOUND ( 'NONE', #553, .T. ) ;
#1425 = EDGE_CURVE ( 'NONE', #2805, #1926, #3297, .T. ) ;
#1426 = EDGE_CURVE ( 'NONE', #2386, #1759, #1780, .T. ) ;
#1427 = ORIENTED_EDGE ( 'NONE', *, *, #603, .F. ) ;
#1428 = DIRECTION ( 'NONE',  ( 1.000000000000000000, 0.000000000000000000, 0.000000000000000000 ) ) ;
#1429 = ORIENTED_EDGE ( 'NONE', *, *, #2698, .T. ) ;
#1430 = CARTESIAN_POINT ( 'NONE',  ( 18.95000000000000284, 9.650000000000000355, -3.000000000000000000 ) ) ;
#1431 = LINE ( 'NONE', #3342, #3035 ) ;
#1432 = EDGE_CURVE ( 'NONE', #1447, #3175, #2407, .T. ) ;
#1433 = VERTEX_POINT ( 'NONE', #2981 ) ;
#1434 = EDGE_LOOP ( 'NONE', ( #1237, #2270, #1889, #198 ) ) ;
#1435 = LINE ( 'NONE', #1457, #2808 ) ;
#1436 = CYLINDRICAL_SURFACE ( 'NONE', #2149, 0.5000000000000004441 ) ;
#1437 = LINE ( 'NONE', #2006, #3077 ) ;
#1438 = DIRECTION ( 'NONE',  ( 0.000000000000000000, 0.000000000000000000, -1.000000000000000000 ) ) ;
#1439 = AXIS2_PLACEMENT_3D ( 'NONE', #2277, #3083, #668 ) ;
#1440 = VERTEX_POINT ( 'NONE', #54 ) ;
#1441 = VECTOR ( 'NONE', #2401, 1000.000000000000000 ) ;
#1442 = CARTESIAN_POINT ( 'NONE',  ( -27.50000000000000000, 4.099999999999999645, 0.000000000000000000 ) ) ;
#1443 = DIRECTION ( 'NONE',  ( 0.000000000000000000, 0.000000000000000000, -1.000000000000000000 ) ) ;
#1444 = AXIS2_PLACEMENT_3D ( 'NONE', #2229, #1410, #2749 ) ;
#1445 = VECTOR ( 'NONE', #1582, 1000.000000000000000 ) ;
#1446 = VERTEX_POINT ( 'NONE', #1905 ) ;
#1447 = VERTEX_POINT ( 'NONE', #571 ) ;
#1448 = VECTOR ( 'NONE', #703, 1000.000000000000000 ) ;
#1449 = FACE_OUTER_BOUND ( 'NONE', #1835, .T. ) ;
#1450 = EDGE_CURVE ( 'NONE', #2503, #1240, #1938, .T. ) ;
#1451 = CARTESIAN_POINT ( 'NONE',  ( -25.00000000000000000, 4.099999999999999645, -12.00000000000000000 ) ) ;
#1452 = CIRCLE ( 'NONE', #3087, 5.049999999999998934 ) ;
#1453 = ORIENTED_EDGE ( 'NONE', *, *, #3018, .F. ) ;
#1454 = ORIENTED_EDGE ( 'NONE', *, *, #72, .T. ) ;
#1455 = ADVANCED_FACE ( 'NONE', ( #1887 ), #2961, .T. ) ;
#1456 = TOROIDAL_SURFACE ( 'NONE', #2355, 2.500000000000000000, 0.5000000000000000000 ) ;
#1457 = CARTESIAN_POINT ( 'NONE',  ( 28.82500000000000284, 4.825000000000036593, -3.000000000000000000 ) ) ;
#1458 = AXIS2_PLACEMENT_3D ( 'NONE', #2223, #130, #1401 ) ;
#1459 = LINE ( 'NONE', #2534, #1685 ) ;
#1460 = CYLINDRICAL_SURFACE ( 'NONE', #2791, 0.5000000000000000000 ) ;
#1461 = CARTESIAN_POINT ( 'NONE',  ( 5.050000000000000711, 0.000000000000000000, -3.000000000000000000 ) ) ;
#1462 = VECTOR ( 'NONE', #1859, 1000.000000000000000 ) ;
#1463 = AXIS2_PLACEMENT_3D ( 'NONE', #349, #2242, #2026 ) ;
#1464 = DIRECTION ( 'NONE',  ( -1.000000000000000000, 0.000000000000000000, 0.000000000000000000 ) ) ;
#1465 = DIRECTION ( 'NONE',  ( -0.000000000000000000, 0.000000000000000000, 1.000000000000000000 ) ) ;
#1466 = ORIENTED_EDGE ( 'NONE', *, *, #2482, .F. ) ;
#1467 = ORIENTED_EDGE ( 'NONE', *, *, #1306, .F. ) ;
#1468 = EDGE_CURVE ( 'NONE', #1695, #1299, #1637, .T. ) ;
#1469 = ORIENTED_EDGE ( 'NONE', *, *, #1864, .F. ) ;
#1470 = EDGE_LOOP ( 'NONE', ( #664, #2631, #3013, #757 ) ) ;
#1471 = DIRECTION ( 'NONE',  ( 0.000000000000000000, 0.000000000000000000, -1.000000000000000000 ) ) ;
#1472 = EDGE_CURVE ( 'NONE', #464, #3255, #823, .T. ) ;
#1473 = EDGE_CURVE ( 'NONE', #532, #851, #1323, .T. ) ;
#1474 = DIRECTION ( 'NONE',  ( 1.000000000000000000, 0.000000000000000000, 0.000000000000000000 ) ) ;
#1475 = DIRECTION ( 'NONE',  ( 0.000000000000000000, 0.000000000000000000, -1.000000000000000000 ) ) ;
#1476 = CARTESIAN_POINT ( 'NONE',  ( -7.000000000000000000, 8.400000000000000355, -6.000000000000000000 ) ) ;
#1477 = DIRECTION ( 'NONE',  ( 0.000000000000000000, 0.000000000000000000, 1.000000000000000000 ) ) ;
#1478 = CARTESIAN_POINT ( 'NONE',  ( 0.000000000000000000, 9.650000000000000355, 0.000000000000000000 ) ) ;
#1479 = ORIENTED_EDGE ( 'NONE', *, *, #35, .T. ) ;
#1480 = ORIENTED_EDGE ( 'NONE', *, *, #2739, .T. ) ;
#1481 = CARTESIAN_POINT ( 'NONE',  ( -22.79999999999999716, 4.599999999999999645, 0.000000000000000000 ) ) ;
#1482 = ORIENTED_EDGE ( 'NONE', *, *, #1831, .F. ) ;
#1483 = ORIENTED_EDGE ( 'NONE', *, *, #1396, .T. ) ;
#1484 = DIRECTION ( 'NONE',  ( 0.000000000000000000, 0.000000000000000000, -1.000000000000000000 ) ) ;
#1485 = CARTESIAN_POINT ( 'NONE',  ( 17.85000000000000142, 7.599999999999999645, -3.000000000000000000 ) ) ;
#1486 = FACE_OUTER_BOUND ( 'NONE', #475, .T. ) ;
#1487 = FACE_OUTER_BOUND ( 'NONE', #2911, .T. ) ;
#1488 = EDGE_CURVE ( 'NONE', #2790, #3238, #37, .T. ) ;
#1489 = CARTESIAN_POINT ( 'NONE',  ( 12.00000000000000000, 9.650000000000000355, 0.000000000000000000 ) ) ;
#1490 = DIRECTION ( 'NONE',  ( 0.000000000000000000, 0.000000000000000000, -1.000000000000000000 ) ) ;
#1491 = EDGE_CURVE ( 'NONE', #1555, #1197, #3265, .T. ) ;
#1492 = VECTOR ( 'NONE', #101, 1000.000000000000000 ) ;
#1493 = ORIENTED_EDGE ( 'NONE', *, *, #1790, .T. ) ;
#1494 = ORIENTED_EDGE ( 'NONE', *, *, #1204, .T. ) ;
#1495 = CARTESIAN_POINT ( 'NONE',  ( -9.099999999999997868, 12.60000000000000142, -6.000000000000000000 ) ) ;
#1496 = VECTOR ( 'NONE', #2841, 1000.000000000000000 ) ;
#1497 = AXIS2_PLACEMENT_3D ( 'NONE', #249, #1313, #3477 ) ;
#1498 = EDGE_LOOP ( 'NONE', ( #3458, #1007, #325, #3107 ) ) ;
#1499 = ORIENTED_EDGE ( 'NONE', *, *, #804, .F. ) ;
#1500 = CARTESIAN_POINT ( 'NONE',  ( 18.00000000000000000, 0.000000000000000000, -9.150000000000002132 ) ) ;
#1501 = DIRECTION ( 'NONE',  ( 0.000000000000000000, -1.000000000000000000, 0.000000000000000000 ) ) ;
#1502 = ORIENTED_EDGE ( 'NONE', *, *, #263, .T. ) ;
#1503 = AXIS2_PLACEMENT_3D ( 'NONE', #1844, #2919, #3166 ) ;
#1504 = DIRECTION ( 'NONE',  ( 0.000000000000000000, 0.000000000000000000, -1.000000000000000000 ) ) ;
#1505 = DIRECTION ( 'NONE',  ( 1.000000000000000000, 0.000000000000000000, 0.000000000000000000 ) ) ;
#1506 = CIRCLE ( 'NONE', #3430, 0.5000000000000000000 ) ;
#1507 = EDGE_CURVE ( 'NONE', #912, #1750, #2517, .T. ) ;
#1508 = DIRECTION ( 'NONE',  ( 0.000000000000000000, 0.000000000000000000, -1.000000000000000000 ) ) ;
#1509 = LINE ( 'NONE', #2586, #2131 ) ;
#1510 = VECTOR ( 'NONE', #1076, 1000.000000000000000 ) ;
#1511 = CARTESIAN_POINT ( 'NONE',  ( -22.00754197747222918, 4.607541977472339845, -0.5387452786338529087 ) ) ;
#1512 = MECHANICAL_DESIGN_GEOMETRIC_PRESENTATION_REPRESENTATION (  '', ( #1285 ), #1628 ) ;
#1513 = EDGE_CURVE ( 'NONE', #3329, #2053, #32, .T. ) ;
#1514 = VERTEX_POINT ( 'NONE', #1959 ) ;
#1515 = FACE_OUTER_BOUND ( 'NONE', #233, .T. ) ;
#1516 = CARTESIAN_POINT ( 'NONE',  ( 8.058331567355628167, 12.80685760956918351, 0.000000000000000000 ) ) ;
#1517 = CIRCLE ( 'NONE', #3495, 0.5000000000000004441 ) ;
#1518 = VERTEX_POINT ( 'NONE', #1651 ) ;
#1519 = ORIENTED_EDGE ( 'NONE', *, *, #2959, .T. ) ;
#1520 = DIRECTION ( 'NONE',  ( 0.000000000000000000, -1.000000000000000000, 0.000000000000000000 ) ) ;
#1521 = DIRECTION ( 'NONE',  ( -1.000000000000000000, 0.000000000000000000, 0.000000000000000000 ) ) ;
#1522 = ORIENTED_EDGE ( 'NONE', *, *, #2317, .T. ) ;
#1523 = CARTESIAN_POINT ( 'NONE',  ( 17.05000000000000426, 8.400000000000000355, 0.000000000000000000 ) ) ;
#1524 = LINE ( 'NONE', #206, #1846 ) ;
#1525 = FACE_OUTER_BOUND ( 'NONE', #2811, .T. ) ;
#1526 = CYLINDRICAL_SURFACE ( 'NONE', #482, 0.5000000000000004441 ) ;
#1527 = CARTESIAN_POINT ( 'NONE',  ( -22.15470466611725442, 4.351809486968268637, -0.06310680449027181171 ) ) ;
#1528 = ORIENTED_EDGE ( 'NONE', *, *, #1179, .F. ) ;
#1529 = DIRECTION ( 'NONE',  ( 0.000000000000000000, 0.000000000000000000, -1.000000000000000000 ) ) ;
#1530 = DIRECTION ( 'NONE',  ( 0.000000000000000000, 0.000000000000000000, 1.000000000000000000 ) ) ;
#1531 = EDGE_CURVE ( 'NONE', #3237, #3428, #935, .T. ) ;
#1532 = VERTEX_POINT ( 'NONE', #3034 ) ;
#1533 = ORIENTED_EDGE ( 'NONE', *, *, #2887, .T. ) ;
#1534 = FACE_OUTER_BOUND ( 'NONE', #194, .T. ) ;
#1535 = ADVANCED_FACE ( 'NONE', ( #625 ), #992, .T. ) ;
#1536 = CARTESIAN_POINT ( 'NONE',  ( 0.000000000000000000, 9.650000000000000355, -3.000000000000000000 ) ) ;
#1537 = ORIENTED_EDGE ( 'NONE', *, *, #2292, .F. ) ;
#1538 = CARTESIAN_POINT ( 'NONE',  ( 29.00000000000000000, 4.599999999999999645, 0.000000000000000000 ) ) ;
#1539 = DIRECTION ( 'NONE',  ( 0.000000000000000000, -0.000000000000000000, -1.000000000000000000 ) ) ;
#1540 = DIRECTION ( 'NONE',  ( -0.000000000000000000, 0.000000000000000000, 1.000000000000000000 ) ) ;
#1541 = EDGE_CURVE ( 'NONE', #1039, #1108, #1722, .T. ) ;
#1542 = DIRECTION ( 'NONE',  ( -0.000000000000000000, -0.000000000000000000, -1.000000000000000000 ) ) ;
#1543 = FACE_OUTER_BOUND ( 'NONE', #3328, .T. ) ;
#1544 = FACE_BOUND ( 'NONE', #1657, .T. ) ;
#1545 = DIRECTION ( 'NONE',  ( 1.000000000000000000, 0.000000000000000000, 0.000000000000000000 ) ) ;
#1546 = VECTOR ( 'NONE', #1135, 1000.000000000000000 ) ;
#1547 = EDGE_CURVE ( 'NONE', #3175, #3390, #136, .T. ) ;
#1548 = ORIENTED_EDGE ( 'NONE', *, *, #2257, .F. ) ;
#1549 = VECTOR ( 'NONE', #882, 1000.000000000000000 ) ;
#1550 = ORIENTED_EDGE ( 'NONE', *, *, #3220, .T. ) ;
#1551 = CYLINDRICAL_SURFACE ( 'NONE', #558, 0.5000000000000004441 ) ;
#1552 = AXIS2_PLACEMENT_3D ( 'NONE', #3191, #775, #1281 ) ;
#1553 = CIRCLE ( 'NONE', #1948, 0.7999999999999986011 ) ;
#1554 = CARTESIAN_POINT ( 'NONE',  ( 17.05000000000000426, 9.650000000000000355, 0.000000000000000000 ) ) ;
#1555 = VERTEX_POINT ( 'NONE', #3338 ) ;
#1556 = DIRECTION ( 'NONE',  ( 0.000000000000000000, 0.000000000000000000, 1.000000000000000000 ) ) ;
#1557 = DIRECTION ( 'NONE',  ( -1.000000000000000000, 0.000000000000000000, 0.000000000000000000 ) ) ;
#1558 = AXIS2_PLACEMENT_3D ( 'NONE', #3029, #1755, #619 ) ;
#1559 = CARTESIAN_POINT ( 'NONE',  ( -24.60000000000000142, 4.599999999999999645, -7.500000000000000000 ) ) ;
#1560 = CARTESIAN_POINT ( 'NONE',  ( 28.50000000000000000, 5.400000000000000355, -3.000000000000000000 ) ) ;
#1561 = CARTESIAN_POINT ( 'NONE',  ( 6.949999999999999289, 0.000000000000000000, -3.000000000000000000 ) ) ;
#1562 = AXIS2_PLACEMENT_3D ( 'NONE', #2135, #2990, #24 ) ;
#1563 = ORIENTED_EDGE ( 'NONE', *, *, #2784, .T. ) ;
#1564 = AXIS2_PLACEMENT_3D ( 'NONE', #2716, #1627, #2684 ) ;
#1565 = CARTESIAN_POINT ( 'NONE',  ( 12.00000000000000000, 9.650000000000000355, -3.000000000000000000 ) ) ;
#1566 = DIRECTION ( 'NONE',  ( 0.000000000000000000, -1.000000000000000000, 0.000000000000000000 ) ) ;
#1567 = AXIS2_PLACEMENT_3D ( 'NONE', #853, #1118, #2171 ) ;
#1568 = EDGE_LOOP ( 'NONE', ( #2594, #3320, #515, #3373 ) ) ;
#1569 = CIRCLE ( 'NONE', #568, 0.5000000000000004441 ) ;
#1570 = ORIENTED_EDGE ( 'NONE', *, *, #741, .F. ) ;
#1571 = DIRECTION ( 'NONE',  ( 0.000000000000000000, 0.000000000000000000, -1.000000000000000000 ) ) ;
#1572 = CARTESIAN_POINT ( 'NONE',  ( 0.000000000000000000, 9.650000000000000355, -3.000000000000000000 ) ) ;
#1573 = ORIENTED_EDGE ( 'NONE', *, *, #2298, .T. ) ;
#1574 = LINE ( 'NONE', #535, #1549 ) ;
#1575 = CYLINDRICAL_SURFACE ( 'NONE', #384, 5.049999999999999822 ) ;
#1576 = EDGE_CURVE ( 'NONE', #809, #983, #2801, .T. ) ;
#1577 = ADVANCED_FACE ( 'NONE', ( #87 ), #3371, .T. ) ;
#1578 = PLANE ( 'NONE',  #2201 ) ;
#1579 = DIRECTION ( 'NONE',  ( 1.000000000000000000, 0.000000000000000000, 0.000000000000000000 ) ) ;
#1580 = DIRECTION ( 'NONE',  ( -0.000000000000000000, 0.000000000000000000, 1.000000000000000000 ) ) ;
#1581 = ADVANCED_FACE ( 'NONE', ( #3119 ), #2538, .T. ) ;
#1582 = DIRECTION ( 'NONE',  ( 0.000000000000000000, 0.000000000000000000, 1.000000000000000000 ) ) ;
#1583 = LINE ( 'NONE', #2660, #1385 ) ;
#1584 = ORIENTED_EDGE ( 'NONE', *, *, #2566, .T. ) ;
#1585 = VERTEX_POINT ( 'NONE', #2520 ) ;
#1586 = FACE_OUTER_BOUND ( 'NONE', #183, .T. ) ;
#1587 = ORIENTED_EDGE ( 'NONE', *, *, #3240, .T. ) ;
#1588 = APPLICATION_PROTOCOL_DEFINITION ( 'draft international standard', 'automotive_design', 1998, #1982 ) ;
#1589 = ORIENTED_EDGE ( 'NONE', *, *, #9, .F. ) ;
#1590 = CARTESIAN_POINT ( 'NONE',  ( -6.784055387824393435, 7.715730084485385554, -0.000000000000000000 ) ) ;
#1591 = CARTESIAN_POINT ( 'NONE',  ( -22.00000000000000000, 12.60000000000000320, -5.500000000000000000 ) ) ;
#1592 = LINE ( 'NONE', #3101, #1741 ) ;
#1593 = ADVANCED_FACE ( 'NONE', ( #2832 ), #914, .T. ) ;
#1594 = CARTESIAN_POINT ( 'NONE',  ( -25.00000000000000000, 0.000000000000000000, 0.000000000000000000 ) ) ;
#1595 = CARTESIAN_POINT ( 'NONE',  ( 18.15000000000000213, 8.400000000000000355, 0.000000000000000000 ) ) ;
#1596 = EDGE_LOOP ( 'NONE', ( #1232, #447, #921, #3284 ) ) ;
#1597 = FACE_OUTER_BOUND ( 'NONE', #3092, .T. ) ;
#1598 = EDGE_CURVE ( 'NONE', #920, #990, #2737, .T. ) ;
#1599 = LINE ( 'NONE', #582, #3020 ) ;
#1600 = CARTESIAN_POINT ( 'NONE',  ( -20.40000000000000213, 12.60000000000000142, -5.500000000000000000 ) ) ;
#1601 = ORIENTED_EDGE ( 'NONE', *, *, #2123, .F. ) ;
#1602 = ORIENTED_EDGE ( 'NONE', *, *, #3307, .F. ) ;
#1603 = DIRECTION ( 'NONE',  ( -1.000000000000000000, 0.000000000000000000, 0.000000000000000000 ) ) ;
#1604 = AXIS2_PLACEMENT_3D ( 'NONE', #13, #1119, #2158 ) ;
#1605 = AXIS2_PLACEMENT_3D ( 'NONE', #1565, #742, #1854 ) ;
#1606 = APPLICATION_PROTOCOL_DEFINITION ( 'draft international standard', 'automotive_design', 1998, #305 ) ;
#1607 = ORIENTED_EDGE ( 'NONE', *, *, #1708, .T. ) ;
#1608 = CARTESIAN_POINT ( 'NONE',  ( 17.85000000000000142, 8.400000000000000355, -3.000000000000000000 ) ) ;
#1609 = CARTESIAN_POINT ( 'NONE',  ( 15.19785084079918036, 12.84785084079917006, -3.000000000000000000 ) ) ;
#1610 = AXIS2_PLACEMENT_3D ( 'NONE', #706, #2524, #2285 ) ;
#1611 = DIRECTION ( 'NONE',  ( 0.000000000000000000, 0.000000000000000000, 1.000000000000000000 ) ) ;
#1612 = AXIS2_PLACEMENT_3D ( 'NONE', #726, #1799, #2873 ) ;
#1613 = FACE_OUTER_BOUND ( 'NONE', #177, .T. ) ;
#1614 = CARTESIAN_POINT ( 'NONE',  ( 24.00000000000000000, 4.599999999999999645, 0.000000000000000000 ) ) ;
#1615 = VECTOR ( 'NONE', #1811, 1000.000000000000000 ) ;
#1616 = ADVANCED_FACE ( 'NONE', ( #1424 ), #151, .T. ) ;
#1617 = ORIENTED_EDGE ( 'NONE', *, *, #97, .T. ) ;
#1618 = DIRECTION ( 'NONE',  ( 0.000000000000000000, 0.000000000000000000, 1.000000000000000000 ) ) ;
#1619 = DIRECTION ( 'NONE',  ( 0.000000000000000000, 0.000000000000000000, 1.000000000000000000 ) ) ;
#1620 = CIRCLE ( 'NONE', #2078, 2.500000000000000444 ) ;
#1621 = DIRECTION ( 'NONE',  ( 0.000000000000000000, 1.000000000000000000, 0.000000000000000000 ) ) ;
#1622 = ADVANCED_FACE ( 'NONE', ( #2281 ), #2012, .T. ) ;
#1623 = AXIS2_PLACEMENT_3D ( 'NONE', #1377, #2205, #1932 ) ;
#1624 = ORIENTED_EDGE ( 'NONE', *, *, #2673, .T. ) ;
#1625 = VERTEX_POINT ( 'NONE', #2312 ) ;
#1626 = VECTOR ( 'NONE', #15, 1000.000000000000000 ) ;
#1627 = DIRECTION ( 'NONE',  ( -1.000000000000000000, 0.000000000000000000, 0.000000000000000000 ) ) ;
#1628 =( GEOMETRIC_REPRESENTATION_CONTEXT ( 3 ) GLOBAL_UNCERTAINTY_ASSIGNED_CONTEXT ( ( #232 ) ) GLOBAL_UNIT_ASSIGNED_CONTEXT ( ( #3226, #1403, #1350 ) ) REPRESENTATION_CONTEXT ( 'NONE', 'WORKASPACE' ) );
#1629 = EDGE_LOOP ( 'NONE', ( #814, #1429, #2694, #424 ) ) ;
#1630 = VERTEX_POINT ( 'NONE', #2782 ) ;
#1631 = CARTESIAN_POINT ( 'NONE',  ( -21.92261711026627324, 4.621941596408099429, -6.515731170035569342 ) ) ;
#1632 = AXIS2_PLACEMENT_3D ( 'NONE', #684, #939, #1753 ) ;
#1633 = DIRECTION ( 'NONE',  ( 1.000000000000000000, 0.000000000000000000, 0.000000000000000000 ) ) ;
#1634 = DIRECTION ( 'NONE',  ( -0.000000000000000000, 0.000000000000000000, 1.000000000000000000 ) ) ;
#1635 = DIRECTION ( 'NONE',  ( 0.000000000000000000, 0.000000000000000000, -1.000000000000000000 ) ) ;
#1636 = DIRECTION ( 'NONE',  ( 1.000000000000000000, 0.000000000000000000, 0.000000000000000000 ) ) ;
#1637 = LINE ( 'NONE', #2712, #3250 ) ;
#1638 = ORIENTED_EDGE ( 'NONE', *, *, #3244, .T. ) ;
#1639 = ORIENTED_EDGE ( 'NONE', *, *, #1450, .T. ) ;
#1640 = EDGE_CURVE ( 'NONE', #1926, #973, #1956, .T. ) ;
#1641 = CARTESIAN_POINT ( 'NONE',  ( -28.00000000000000000, 4.599999999999999645, -3.000000000000000000 ) ) ;
#1642 = ORIENTED_EDGE ( 'NONE', *, *, #1062, .T. ) ;
#1643 = EDGE_LOOP ( 'NONE', ( #2237, #1357, #3156, #3273 ) ) ;
#1644 = EDGE_CURVE ( 'NONE', #1585, #2198, #1052, .T. ) ;
#1645 = DIRECTION ( 'NONE',  ( -1.000000000000000000, -3.469446951953614189E-15, 0.000000000000000000 ) ) ;
#1646 = DIRECTION ( 'NONE',  ( -0.000000000000000000, -0.000000000000000000, 1.000000000000000000 ) ) ;
#1647 = CARTESIAN_POINT ( 'NONE',  ( -21.50000000000000000, 5.400000000000000355, -6.000000000000000000 ) ) ;
#1648 = DIRECTION ( 'NONE',  ( -1.000000000000000000, 0.000000000000000000, 0.000000000000000000 ) ) ;
#1649 = CARTESIAN_POINT ( 'NONE',  ( 5.999999999999999112, 0.000000000000000000, -5.849999999999999645 ) ) ;
#1650 = DIRECTION ( 'NONE',  ( 0.000000000000000000, 0.000000000000000000, -1.000000000000000000 ) ) ;
#1651 = CARTESIAN_POINT ( 'NONE',  ( -27.50000000000000000, 0.000000000000000000, -9.000000000000001776 ) ) ;
#1652 = ORIENTED_EDGE ( 'NONE', *, *, #678, .F. ) ;
#1653 = VERTEX_POINT ( 'NONE', #2551 ) ;
#1654 = ORIENTED_EDGE ( 'NONE', *, *, #118, .T. ) ;
#1655 = CARTESIAN_POINT ( 'NONE',  ( 12.00000000000000000, 9.650000000000000355, -3.000000000000000000 ) ) ;
#1656 = ADVANCED_FACE ( 'NONE', ( #2295 ), #1757, .T. ) ;
#1657 = EDGE_LOOP ( 'NONE', ( #2164, #1089 ) ) ;
#1658 = VECTOR ( 'NONE', #2267, 1000.000000000000000 ) ;
#1659 = CARTESIAN_POINT ( 'NONE',  ( -22.56960594957530830, 4.633893883636931221, -5.500000000000000000 ) ) ;
#1660 = AXIS2_PLACEMENT_3D ( 'NONE', #311, #3472, #2414 ) ;
#1661 = EDGE_CURVE ( 'NONE', #1433, #301, #2351, .T. ) ;
#1662 = DIRECTION ( 'NONE',  ( 1.000000000000000000, 0.000000000000000000, 0.000000000000000000 ) ) ;
#1663 = DIRECTION ( 'NONE',  ( -0.000000000000000000, 0.000000000000000000, 1.000000000000000000 ) ) ;
#1664 = CIRCLE ( 'NONE', #3363, 0.5000000000000004441 ) ;
#1665 = VECTOR ( 'NONE', #1619, 1000.000000000000000 ) ;
#1666 = LINE ( 'NONE', #1121, #435 ) ;
#1667 = AXIS2_PLACEMENT_3D ( 'NONE', #1478, #1465, #928 ) ;
#1668 = AXIS2_PLACEMENT_3D ( 'NONE', #438, #2638, #719 ) ;
#1669 = VERTEX_POINT ( 'NONE', #640 ) ;
#1670 = LINE ( 'NONE', #1335, #318 ) ;
#1671 = DIRECTION ( 'NONE',  ( 0.000000000000000000, 0.000000000000000000, 1.000000000000000000 ) ) ;
#1672 = ORIENTED_EDGE ( 'NONE', *, *, #2527, .F. ) ;
#1673 = AXIS2_PLACEMENT_3D ( 'NONE', #297, #2191, #839 ) ;
#1674 = ORIENTED_EDGE ( 'NONE', *, *, #263, .F. ) ;
#1675 = CARTESIAN_POINT ( 'NONE',  ( 29.00000000000000000, 4.099999999999999645, -9.000000000000001776 ) ) ;
#1676 = CARTESIAN_POINT ( 'NONE',  ( -14.49999999999999822, 12.60000000000000142, -5.500000000000000000 ) ) ;
#1677 = ORIENTED_EDGE ( 'NONE', *, *, #3048, .F. ) ;
#1678 = AXIS2_PLACEMENT_3D ( 'NONE', #1676, #1944, #644 ) ;
#1679 = EDGE_LOOP ( 'NONE', ( #646, #954, #2035, #1806 ) ) ;
#1680 = CARTESIAN_POINT ( 'NONE',  ( 2.838759619460410111, 11.78165283827385501, -3.000000000000000000 ) ) ;
#1681 = EDGE_CURVE ( 'NONE', #617, #2785, #1707, .T. ) ;
#1682 = AXIS2_PLACEMENT_3D ( 'NONE', #1902, #3263, #856 ) ;
#1683 = CYLINDRICAL_SURFACE ( 'NONE', #947, 0.5000000000000000000 ) ;
#1684 = CARTESIAN_POINT ( 'NONE',  ( -2.438934320944859735, 11.48142004415077722, 0.000000000000000000 ) ) ;
#1685 = VECTOR ( 'NONE', #2630, 1000.000000000000000 ) ;
#1686 = CARTESIAN_POINT ( 'NONE',  ( 2.438934320944859735, 11.48142004415077722, -3.000000000000000000 ) ) ;
#1687 = ADVANCED_FACE ( 'NONE', ( #3456 ), #211, .T. ) ;
#1688 = ADVANCED_FACE ( 'NONE', ( #2603 ), #3194, .T. ) ;
#1689 = ORIENTED_EDGE ( 'NONE', *, *, #3071, .F. ) ;
#1690 = FACE_OUTER_BOUND ( 'NONE', #554, .T. ) ;
#1691 =( BOUNDED_SURFACE ( )  B_SPLINE_SURFACE ( 3, 2, ( 
 ( #2395, #492, #1826 ),
 ( #2086, #2064, #440 ),
 ( #2329, #1511, #2345 ),
 ( #245, #3423, #1277 ),
 ( #3137, #473, #3474 ),
 ( #771, #1794, #753 ),
 ( #2869, #2381, #2587 ),
 ( #2640, #2655, #3155 ),
 ( #3187, #2138, #1051 ),
 ( #175, #3404, #2924 ),
 ( #1309, #459, #1527 ),
 ( #1849, #1017, #2619 ),
 ( #2368, #3441, #2103 ),
 ( #739, #2848, #3169 ) ),
 .UNSPECIFIED., .F., .F., .T. ) 
 B_SPLINE_SURFACE_WITH_KNOTS ( ( 4, 2, 2, 2, 2, 2, 4 ),
 ( 3, 3 ),
 ( 3.141592653589793116, 3.337942194439155408, 3.534291735288517255, 3.730641276137879103, 3.926990816987241395, 4.319689898685965090, 4.712388980384689674 ),
 ( 0.000000000000000000, 1.000000000000000000 ),
 .UNSPECIFIED. ) 
 GEOMETRIC_REPRESENTATION_ITEM ( )  RATIONAL_B_SPLINE_SURFACE ( (
 ( 1.000000000000000000, 0.7071067811865475727, 1.000000000000000000),
 ( 1.000000000000000000, 0.7070717243322680590, 1.000000000000000000),
 ( 1.000000000000000000, 0.7117460079150370600, 1.000000000000000000),
 ( 1.000000000000000000, 0.7291288886282794035, 1.000000000000000000),
 ( 1.000000000000000000, 0.7418334251506571997, 1.000000000000000000),
 ( 1.000000000000000000, 0.7723968145465466284, 1.000000000000000000),
 ( 1.000000000000000000, 0.7902180149509704377, 1.000000000000000000),
 ( 1.000000000000000000, 0.8275942632923699582, 1.000000000000000000),
 ( 1.000000000000000000, 0.8471316649617030015, 1.000000000000000000),
 ( 1.000000000000000000, 0.9038128814299111191, 1.000000000000000000),
 ( 1.000000000000000000, 0.9386556544057805818, 1.000000000000000000),
 ( 1.000000000000000000, 0.9867291853565318682, 1.000000000000000000),
 ( 1.000000000000000000, 1.000158583697497106, 1.000000000000000000),
 ( 1.000000000000000000, 1.000000000000000000, 1.000000000000000000) ) ) 
 REPRESENTATION_ITEM ( '' )  SURFACE ( )  );
#1692 = DIRECTION ( 'NONE',  ( -0.000000000000000000, -0.000000000000000000, -1.000000000000000000 ) ) ;
#1693 = EDGE_CURVE ( 'NONE', #2273, #1930, #1960, .T. ) ;
#1694 = ORIENTED_EDGE ( 'NONE', *, *, #2363, .T. ) ;
#1695 = VERTEX_POINT ( 'NONE', #1260 ) ;
#1696 = PLANE ( 'NONE',  #821 ) ;
#1697 = CARTESIAN_POINT ( 'NONE',  ( -14.49999999999999822, 12.60000000000000142, 0.000000000000000000 ) ) ;
#1698 = VERTEX_POINT ( 'NONE', #1295 ) ;
#1699 = ORIENTED_EDGE ( 'NONE', *, *, #2147, .F. ) ;
#1700 = DIRECTION ( 'NONE',  ( 1.000000000000000000, 0.000000000000000000, 0.000000000000000000 ) ) ;
#1701 = CARTESIAN_POINT ( 'NONE',  ( 3.049999999999999822, 9.650000000000000355, -3.000000000000000000 ) ) ;
#1702 = DIRECTION ( 'NONE',  ( -0.000000000000000000, 0.000000000000000000, 1.000000000000000000 ) ) ;
#1703 = FACE_OUTER_BOUND ( 'NONE', #3097, .T. ) ;
#1704 = ADVANCED_FACE ( 'NONE', ( #1543 ), #1691, .F. ) ;
#1705 = ORIENTED_EDGE ( 'NONE', *, *, #2565, .F. ) ;
#1706 = LINE ( 'NONE', #3032, #1386 ) ;
#1707 = LINE ( 'NONE', #370, #3027 ) ;
#1708 = EDGE_CURVE ( 'NONE', #1532, #1709, #2901, .T. ) ;
#1709 = VERTEX_POINT ( 'NONE', #2883 ) ;
#1710 = ORIENTED_EDGE ( 'NONE', *, *, #2459, .T. ) ;
#1711 = CARTESIAN_POINT ( 'NONE',  ( -24.60000000000000142, 0.000000000000000000, -7.500000000000000000 ) ) ;
#1712 = DIRECTION ( 'NONE',  ( 0.000000000000000000, -1.000000000000000000, 0.000000000000000000 ) ) ;
#1713 = VERTEX_POINT ( 'NONE', #512 ) ;
#1714 = VERTEX_POINT ( 'NONE', #312 ) ;
#1715 = LINE ( 'NONE', #1186, #3203 ) ;
#1716 = DIRECTION ( 'NONE',  ( 1.000000000000000000, 0.000000000000000000, -0.000000000000000000 ) ) ;
#1717 = CARTESIAN_POINT ( 'NONE',  ( -27.50000000000000000, 4.599999999999999645, -9.000000000000001776 ) ) ;
#1718 = DIRECTION ( 'NONE',  ( 0.000000000000000000, -1.000000000000000000, 0.000000000000000000 ) ) ;
#1719 = VECTOR ( 'NONE', #2114, 1000.000000000000000 ) ;
#1720 = VECTOR ( 'NONE', #1778, 1000.000000000000000 ) ;
#1721 = DIRECTION ( 'NONE',  ( -0.000000000000000000, -0.000000000000000000, -1.000000000000000000 ) ) ;
#1722 = LINE ( 'NONE', #3089, #2797 ) ;
#1723 = EDGE_CURVE ( 'NONE', #2489, #1842, #1666, .T. ) ;
#1724 = VECTOR ( 'NONE', #808, 1000.000000000000000 ) ;
#1725 = ORIENTED_EDGE ( 'NONE', *, *, #572, .T. ) ;
#1726 = ORIENTED_EDGE ( 'NONE', *, *, #2388, .F. ) ;
#1727 = AXIS2_PLACEMENT_3D ( 'NONE', #2672, #2939, #3006 ) ;
#1728 = CARTESIAN_POINT ( 'NONE',  ( 3.941668432644374054, 12.80685760956918351, -3.000000000000000000 ) ) ;
#1729 = EDGE_CURVE ( 'NONE', #460, #499, #2799, .T. ) ;
#1730 = EDGE_CURVE ( 'NONE', #1884, #2230, #1085, .T. ) ;
#1731 = CIRCLE ( 'NONE', #2192, 0.5000000000000000000 ) ;
#1732 = ORIENTED_EDGE ( 'NONE', *, *, #1864, .T. ) ;
#1733 = ORIENTED_EDGE ( 'NONE', *, *, #2321, .F. ) ;
#1734 = CIRCLE ( 'NONE', #2139, 0.8000000000000003775 ) ;
#1735 = DIRECTION ( 'NONE',  ( 0.000000000000000000, -0.000000000000000000, -1.000000000000000000 ) ) ;
#1736 = AXIS2_PLACEMENT_3D ( 'NONE', #1655, #1415, #2732 ) ;
#1737 = DIRECTION ( 'NONE',  ( 0.000000000000000000, 0.000000000000000000, 1.000000000000000000 ) ) ;
#1738 = DIRECTION ( 'NONE',  ( 0.000000000000000000, 1.000000000000000000, -0.000000000000000000 ) ) ;
#1739 = CARTESIAN_POINT ( 'NONE',  ( -22.79999999999999716, 4.599999999999999645, -5.290362020601568460 ) ) ;
#1740 = AXIS2_PLACEMENT_3D ( 'NONE', #1293, #3439, #2637 ) ;
#1741 = VECTOR ( 'NONE', #2546, 1000.000000000000000 ) ;
#1742 = DIRECTION ( 'NONE',  ( 0.000000000000000000, 0.000000000000000000, 1.000000000000000000 ) ) ;
#1743 = DIRECTION ( 'NONE',  ( 0.000000000000000000, 0.000000000000000000, -1.000000000000000000 ) ) ;
#1744 = VECTOR ( 'NONE', #2427, 1000.000000000000000 ) ;
#1745 = ORIENTED_EDGE ( 'NONE', *, *, #952, .F. ) ;
#1746 = ORIENTED_EDGE ( 'NONE', *, *, #1229, .F. ) ;
#1747 = CARTESIAN_POINT ( 'NONE',  ( 8.802149159200817863, 12.84785084079917006, 0.000000000000000000 ) ) ;
#1748 = ADVANCED_FACE ( 'NONE', ( #2433 ), #282, .F. ) ;
#1749 = VERTEX_POINT ( 'NONE', #1368 ) ;
#1750 = VERTEX_POINT ( 'NONE', #3259 ) ;
#1751 = CARTESIAN_POINT ( 'NONE',  ( 9.161240380539590333, 11.78165283827385679, -3.000000000000000000 ) ) ;
#1752 = EDGE_CURVE ( 'NONE', #468, #2503, #2955, .T. ) ;
#1753 = DIRECTION ( 'NONE',  ( 1.000000000000000000, 1.387778780781445676E-14, 0.000000000000000000 ) ) ;
#1754 = CARTESIAN_POINT ( 'NONE',  ( -2.838759619460410555, 11.78165283827385501, -3.000000000000000000 ) ) ;
#1755 = DIRECTION ( 'NONE',  ( 0.000000000000000000, -1.000000000000000000, 0.000000000000000000 ) ) ;
#1756 = DIRECTION ( 'NONE',  ( 0.000000000000000000, 0.000000000000000000, 1.000000000000000000 ) ) ;
#1757 = PLANE ( 'NONE',  #324 ) ;
#1758 = EDGE_CURVE ( 'NONE', #1110, #2523, #1452, .T. ) ;
#1759 = VERTEX_POINT ( 'NONE', #48 ) ;
#1760 = ORIENTED_EDGE ( 'NONE', *, *, #1723, .F. ) ;
#1761 = CARTESIAN_POINT ( 'NONE',  ( 28.50000000000000000, 0.000000000000000000, -0.5000000000000000000 ) ) ;
#1762 = ORIENTED_EDGE ( 'NONE', *, *, #2333, .F. ) ;
#1763 = VERTEX_POINT ( 'NONE', #332 ) ;
#1764 = FACE_OUTER_BOUND ( 'NONE', #1236, .T. ) ;
#1765 = EDGE_CURVE ( 'NONE', #3222, #1842, #3294, .T. ) ;
#1766 = DIRECTION ( 'NONE',  ( 1.000000000000000000, 0.000000000000000000, 0.000000000000000000 ) ) ;
#1767 = ORIENTED_EDGE ( 'NONE', *, *, #2570, .T. ) ;
#1768 = CARTESIAN_POINT ( 'NONE',  ( -8.599999999999996092, 12.60000000000000142, -6.000000000000000000 ) ) ;
#1769 = DIRECTION ( 'NONE',  ( 0.000000000000000000, 0.000000000000000000, 1.000000000000000000 ) ) ;
#1770 = EDGE_CURVE ( 'NONE', #2230, #1713, #3254, .T. ) ;
#1771 = DIRECTION ( 'NONE',  ( -1.000000000000000000, 0.000000000000000000, 0.000000000000000000 ) ) ;
#1772 = CARTESIAN_POINT ( 'NONE',  ( -3.049999999999999822, 9.650000000000000355, -3.000000000000000000 ) ) ;
#1773 = AXIS2_PLACEMENT_3D ( 'NONE', #1138, #1409, #3264 ) ;
#1774 = CARTESIAN_POINT ( 'NONE',  ( 0.000000000000000000, 4.099999999999999645, -0.5000000000000000000 ) ) ;
#1775 = AXIS2_PLACEMENT_3D ( 'NONE', #3242, #802, #1633 ) ;
#1776 = ORIENTED_EDGE ( 'NONE', *, *, #2644, .F. ) ;
#1777 = PLANE ( 'NONE',  #2511 ) ;
#1778 = DIRECTION ( 'NONE',  ( 0.000000000000000000, 0.000000000000000000, 1.000000000000000000 ) ) ;
#1779 = AXIS2_PLACEMENT_3D ( 'NONE', #1290, #3416, #2377 ) ;
#1780 = CIRCLE ( 'NONE', #3193, 1.649999999999998579 ) ;
#1781 = VERTEX_POINT ( 'NONE', #2481 ) ;
#1782 = ORIENTED_EDGE ( 'NONE', *, *, #1917, .T. ) ;
#1783 = CARTESIAN_POINT ( 'NONE',  ( 0.000000000000000000, 4.599999999999999645, 0.000000000000000000 ) ) ;
#1784 = ORIENTED_EDGE ( 'NONE', *, *, #1037, .F. ) ;
#1785 = CIRCLE ( 'NONE', #103, 2.500000000000000444 ) ;
#1786 = DIRECTION ( 'NONE',  ( 0.000000000000000000, 0.000000000000000000, 1.000000000000000000 ) ) ;
#1787 = DIRECTION ( 'NONE',  ( 0.000000000000000000, 0.000000000000000000, 1.000000000000000000 ) ) ;
#1788 = CIRCLE ( 'NONE', #724, 0.5000000000000004441 ) ;
#1789 = CARTESIAN_POINT ( 'NONE',  ( 18.15000000000000213, 7.599999999999999645, 0.000000000000000000 ) ) ;
#1790 = EDGE_CURVE ( 'NONE', #7, #3270, #262, .T. ) ;
#1791 = DIRECTION ( 'NONE',  ( -0.000000000000000000, -0.000000000000000000, -1.000000000000000000 ) ) ;
#1792 = ADVANCED_FACE ( 'NONE', ( #1352 ), #2159, .F. ) ;
#1793 = AXIS2_PLACEMENT_3D ( 'NONE', #290, #502, #2987 ) ;
#1794 = CARTESIAN_POINT ( 'NONE',  ( -22.06707823425037773, 4.667078234250332081, -0.5211249768906127677 ) ) ;
#1795 = COLOUR_RGB ( '',0.7921568627450980005, 0.8196078431372548767, 0.9333333333333333481 ) ;
#1796 = ORIENTED_EDGE ( 'NONE', *, *, #2689, .T. ) ;
#1797 = EDGE_CURVE ( 'NONE', #1127, #1852, #493, .T. ) ;
#1798 = CARTESIAN_POINT ( 'NONE',  ( -19.90000000000000213, 12.60000000000000142, -0.5000000000000004441 ) ) ;
#1799 = DIRECTION ( 'NONE',  ( 0.000000000000000000, -0.000000000000000000, 1.000000000000000000 ) ) ;
#1800 = CIRCLE ( 'NONE', #1009, 3.050000000000000711 ) ;
#1801 = ORIENTED_EDGE ( 'NONE', *, *, #396, .T. ) ;
#1802 = EDGE_LOOP ( 'NONE', ( #1639, #2410, #2232, #287 ) ) ;
#1803 = CARTESIAN_POINT ( 'NONE',  ( 15.55140423139245520, 12.49429745020589699, 0.000000000000000000 ) ) ;
#1804 = EDGE_CURVE ( 'NONE', #1039, #499, #2413, .T. ) ;
#1805 = FACE_OUTER_BOUND ( 'NONE', #2179, .T. ) ;
#1806 = ORIENTED_EDGE ( 'NONE', *, *, #717, .F. ) ;
#1807 = CARTESIAN_POINT ( 'NONE',  ( -14.49999999999999822, 12.60000000000000142, -0.5000000000000004441 ) ) ;
#1808 = CARTESIAN_POINT ( 'NONE',  ( 3.551404231392454758, 12.49429745020589699, -3.000000000000000000 ) ) ;
#1809 = DIRECTION ( 'NONE',  ( 0.000000000000000000, -1.000000000000000000, 0.000000000000000000 ) ) ;
#1810 = CARTESIAN_POINT ( 'NONE',  ( -7.000000000000001776, 1.517883041479706010E-15, -0.5000000000000004441 ) ) ;
#1811 = DIRECTION ( 'NONE',  ( 0.000000000000000000, -1.000000000000000000, 0.000000000000000000 ) ) ;
#1812 = EDGE_CURVE ( 'NONE', #969, #468, #2522, .T. ) ;
#1813 = ORIENTED_EDGE ( 'NONE', *, *, #2210, .T. ) ;
#1814 = FACE_OUTER_BOUND ( 'NONE', #1375, .T. ) ;
#1815 = LINE ( 'NONE', #1855, #2130 ) ;
#1816 = EDGE_CURVE ( 'NONE', #2016, #1447, #2692, .T. ) ;
#1817 = ORIENTED_EDGE ( 'NONE', *, *, #1576, .F. ) ;
#1818 = VERTEX_POINT ( 'NONE', #1882 ) ;
#1819 = CARTESIAN_POINT ( 'NONE',  ( 21.16124038053959211, 11.78165283827385501, 0.000000000000000000 ) ) ;
#1820 = DIRECTION ( 'NONE',  ( -1.000000000000000000, 0.000000000000000000, 0.000000000000000000 ) ) ;
#1821 = ORIENTED_EDGE ( 'NONE', *, *, #293, .T. ) ;
#1822 = DIRECTION ( 'NONE',  ( 1.000000000000000000, 0.000000000000000000, 0.000000000000000000 ) ) ;
#1823 = LINE ( 'NONE', #2895, #3142 ) ;
#1824 = CARTESIAN_POINT ( 'NONE',  ( 28.82500000000000284, 4.825000000000036593, -3.000000000000000000 ) ) ;
#1825 = FACE_OUTER_BOUND ( 'NONE', #1470, .T. ) ;
#1826 = CARTESIAN_POINT ( 'NONE',  ( -22.79999999999999716, 4.599999999999998757, -0.5000000000000000000 ) ) ;
#1827 = ORIENTED_EDGE ( 'NONE', *, *, #1179, .T. ) ;
#1828 = AXIS2_PLACEMENT_3D ( 'NONE', #86, #2249, #897 ) ;
#1829 = DIRECTION ( 'NONE',  ( -1.000000000000000000, 0.000000000000000000, -0.000000000000000000 ) ) ;
#1830 = DIRECTION ( 'NONE',  ( -0.000000000000000000, -0.000000000000000000, 1.000000000000000000 ) ) ;
#1831 = EDGE_CURVE ( 'NONE', #632, #714, #999, .T. ) ;
#1832 = CIRCLE ( 'NONE', #1209, 2.999999999999999112 ) ;
#1833 = ORIENTED_EDGE ( 'NONE', *, *, #1723, .T. ) ;
#1834 = TOROIDAL_SURFACE ( 'NONE', #2794, 2.500000000000000000, 0.5000000000000000000 ) ;
#1835 = EDGE_LOOP ( 'NONE', ( #3285, #1767, #3269, #2417 ) ) ;
#1836 = ADVANCED_FACE ( 'NONE', ( #2173 ), #822, .F. ) ;
#1837 = EDGE_CURVE ( 'NONE', #1532, #745, #1904, .T. ) ;
#1838 = FACE_OUTER_BOUND ( 'NONE', #58, .T. ) ;
#1839 = AXIS2_PLACEMENT_3D ( 'NONE', #2906, #2122, #2145 ) ;
#1840 = VECTOR ( 'NONE', #2328, 1000.000000000000000 ) ;
#1841 = DIRECTION ( 'NONE',  ( 0.000000000000000000, -1.000000000000000000, 0.000000000000000000 ) ) ;
#1842 = VERTEX_POINT ( 'NONE', #3047 ) ;
#1843 = PLANE ( 'NONE',  #375 ) ;
#1844 = CARTESIAN_POINT ( 'NONE',  ( -2.838759619460410555, 11.78165283827385501, -3.000000000000000000 ) ) ;
#1845 =( BOUNDED_CURVE ( )  B_SPLINE_CURVE ( 3, ( #2572, #3392, #690, #1761 ),
 .UNSPECIFIED., .F., .T. ) 
 B_SPLINE_CURVE_WITH_KNOTS ( ( 4, 4 ),
 ( 3.141592653589793116, 4.712388980384689674 ),
 .UNSPECIFIED. ) 
 CURVE ( )  GEOMETRIC_REPRESENTATION_ITEM ( )  RATIONAL_B_SPLINE_CURVE ( ( 1.000000000000000000, 0.8047378541243649375, 0.8047378541243649375, 1.000000000000000000 ) ) 
 REPRESENTATION_ITEM ( '' )  );
#1846 = VECTOR ( 'NONE', #3151, 1000.000000000000000 ) ;
#1847 = FACE_BOUND ( 'NONE', #2714, .T. ) ;
#1848 = DIRECTION ( 'NONE',  ( 0.000000000000000000, -1.000000000000000000, 0.000000000000000000 ) ) ;
#1849 = CARTESIAN_POINT ( 'NONE',  ( -21.63087394539680375, 4.440272258031777497, -0.01301366299843681636 ) ) ;
#1850 = AXIS2_PLACEMENT_3D ( 'NONE', #2776, #1199, #1700 ) ;
#1851 = ADVANCED_FACE ( 'NONE', ( #3369 ), #637, .T. ) ;
#1852 = VERTEX_POINT ( 'NONE', #870 ) ;
#1853 = AXIS2_PLACEMENT_3D ( 'NONE', #113, #1129, #2220 ) ;
#1854 = DIRECTION ( 'NONE',  ( 1.000000000000000000, 0.000000000000000000, 0.000000000000000000 ) ) ;
#1855 = CARTESIAN_POINT ( 'NONE',  ( 6.949999999999999289, 0.000000000000000000, 0.000000000000000000 ) ) ;
#1856 = ORIENTED_EDGE ( 'NONE', *, *, #925, .F. ) ;
#1857 = TOROIDAL_SURFACE ( 'NONE', #1071, 5.900000000000002132, 0.5000000000000000000 ) ;
#1858 = ORIENTED_EDGE ( 'NONE', *, *, #1507, .T. ) ;
#1859 = DIRECTION ( 'NONE',  ( 0.000000000000000000, 0.000000000000000000, 1.000000000000000000 ) ) ;
#1860 = DIRECTION ( 'NONE',  ( 0.000000000000000000, 0.000000000000000000, 1.000000000000000000 ) ) ;
#1861 = VERTEX_POINT ( 'NONE', #386 ) ;
#1862 = CARTESIAN_POINT ( 'NONE',  ( -7.499999999999999112, 8.400000000000000355, 0.000000000000000000 ) ) ;
#1863 = DIRECTION ( 'NONE',  ( -1.000000000000000000, 0.000000000000000000, 0.000000000000000000 ) ) ;
#1864 = EDGE_CURVE ( 'NONE', #2334, #2452, #650, .T. ) ;
#1865 = FACE_OUTER_BOUND ( 'NONE', #2353, .T. ) ;
#1866 = CARTESIAN_POINT ( 'NONE',  ( 12.00000000000000000, 9.650000000000000355, -3.000000000000000000 ) ) ;
#1867 = DIRECTION ( 'NONE',  ( 1.000000000000000000, 0.000000000000000000, 0.000000000000000000 ) ) ;
#1868 = ORIENTED_EDGE ( 'NONE', *, *, #91, .F. ) ;
#1869 = CARTESIAN_POINT ( 'NONE',  ( -7.000000000000001776, 1.517883041479706010E-15, -5.500000000000000000 ) ) ;
#1870 = LINE ( 'NONE', #843, #2838 ) ;
#1871 = DIRECTION ( 'NONE',  ( -0.000000000000000000, 0.000000000000000000, -1.000000000000000000 ) ) ;
#1872 = ORIENTED_EDGE ( 'NONE', *, *, #1249, .F. ) ;
#1873 = ORIENTED_EDGE ( 'NONE', *, *, #1972, .F. ) ;
#1874 = CYLINDRICAL_SURFACE ( 'NONE', #779, 3.049999999999999822 ) ;
#1875 =( NAMED_UNIT ( * ) PLANE_ANGLE_UNIT ( ) SI_UNIT ( $, .RADIAN. ) );
#1876 = ORIENTED_EDGE ( 'NONE', *, *, #1093, .T. ) ;
#1877 = DIRECTION ( 'NONE',  ( 0.000000000000000000, 0.000000000000000000, 1.000000000000000000 ) ) ;
#1878 = CARTESIAN_POINT ( 'NONE',  ( 29.00000000000000000, 0.5000000000000004441, -9.000000000000001776 ) ) ;
#1879 = ADVANCED_FACE ( 'NONE', ( #2516 ), #1955, .F. ) ;
#1880 = LINE ( 'NONE', #3241, #1006 ) ;
#1881 = CYLINDRICAL_SURFACE ( 'NONE', #1775, 3.050000000000000711 ) ;
#1882 = CARTESIAN_POINT ( 'NONE',  ( 14.48520622886713838, 12.13520622886713163, 0.000000000000000000 ) ) ;
#1883 = EDGE_CURVE ( 'NONE', #1514, #532, #2855, .T. ) ;
#1884 = VERTEX_POINT ( 'NONE', #2830 ) ;
#1885 = CARTESIAN_POINT ( 'NONE',  ( 26.00000000000000711, 4.599999999999999645, -11.50000000000000000 ) ) ;
#1886 = CARTESIAN_POINT ( 'NONE',  ( -14.49999999999999822, 12.60000000000000142, -0.5000000000000004441 ) ) ;
#1887 = FACE_OUTER_BOUND ( 'NONE', #2702, .T. ) ;
#1888 = ORIENTED_EDGE ( 'NONE', *, *, #2762, .F. ) ;
#1889 = ORIENTED_EDGE ( 'NONE', *, *, #1507, .F. ) ;
#1890 = VECTOR ( 'NONE', #618, 1000.000000000000114 ) ;
#1891 = DIRECTION ( 'NONE',  ( -0.000000000000000000, -0.000000000000000000, 1.000000000000000000 ) ) ;
#1892 = ORIENTED_EDGE ( 'NONE', *, *, #1432, .F. ) ;
#1893 = ORIENTED_EDGE ( 'NONE', *, *, #3157, .T. ) ;
#1894 = DIRECTION ( 'NONE',  ( -0.000000000000000000, 1.000000000000000000, -0.000000000000000000 ) ) ;
#1895 = AXIS2_PLACEMENT_3D ( 'NONE', #3105, #653, #963 ) ;
#1896 = AXIS2_PLACEMENT_3D ( 'NONE', #2872, #1529, #1829 ) ;
#1897 = DIRECTION ( 'NONE',  ( -1.000000000000000000, 2.168404344971007882E-16, 0.000000000000000000 ) ) ;
#1898 = VECTOR ( 'NONE', #1406, 1000.000000000000000 ) ;
#1899 = DIRECTION ( 'NONE',  ( -0.000000000000000000, 0.000000000000000000, 1.000000000000000000 ) ) ;
#1900 = CARTESIAN_POINT ( 'NONE',  ( -6.200000000000001066, 5.400000000000000355, 0.000000000000000000 ) ) ;
#1901 = EDGE_CURVE ( 'NONE', #3036, #744, #3313, .T. ) ;
#1902 = CARTESIAN_POINT ( 'NONE',  ( 28.50000000000000000, 4.099999999999999645, -9.000000000000001776 ) ) ;
#1903 = DIRECTION ( 'NONE',  ( -1.000000000000000000, 0.000000000000000000, 0.000000000000000000 ) ) ;
#1904 = CIRCLE ( 'NONE', #1673, 5.050000000000000711 ) ;
#1905 = CARTESIAN_POINT ( 'NONE',  ( -7.500000000000000888, 4.599999999999999645, -6.799999999999999822 ) ) ;
#1906 = CIRCLE ( 'NONE', #3145, 2.499999999999999556 ) ;
#1907 = EDGE_CURVE ( 'NONE', #937, #2984, #894, .T. ) ;
#1908 = ORIENTED_EDGE ( 'NONE', *, *, #3310, .T. ) ;
#1909 = ORIENTED_EDGE ( 'NONE', *, *, #3068, .F. ) ;
#1910 = VECTOR ( 'NONE', #2913, 1000.000000000000000 ) ;
#1911 = LINE ( 'NONE', #812, #501 ) ;
#1912 = CIRCLE ( 'NONE', #225, 3.000000000000000000 ) ;
#1913 = ORIENTED_EDGE ( 'NONE', *, *, #3174, .T. ) ;
#1914 = ORIENTED_EDGE ( 'NONE', *, *, #670, .F. ) ;
#1915 = CARTESIAN_POINT ( 'NONE',  ( -22.16078143719646221, 4.744146187628968114, -6.024696351415170348 ) ) ;
#1916 =( GEOMETRIC_REPRESENTATION_CONTEXT ( 3 ) GLOBAL_UNCERTAINTY_ASSIGNED_CONTEXT ( ( #721 ) ) GLOBAL_UNIT_ASSIGNED_CONTEXT ( ( #2132, #1875, #3221 ) ) REPRESENTATION_CONTEXT ( 'NONE', 'WORKASPACE' ) );
#1917 = EDGE_CURVE ( 'NONE', #3268, #2254, #3103, .T. ) ;
#1918 = CARTESIAN_POINT ( 'NONE',  ( 14.83875961946040967, 11.78165283827385501, 0.000000000000000000 ) ) ;
#1919 = DIRECTION ( 'NONE',  ( 1.000000000000000000, 0.000000000000000000, 0.000000000000000000 ) ) ;
#1920 = CARTESIAN_POINT ( 'NONE',  ( 15.19785084079918036, 12.84785084079917183, -3.000000000000000000 ) ) ;
#1921 = DIRECTION ( 'NONE',  ( 0.000000000000000000, -1.000000000000000000, 0.000000000000000000 ) ) ;
#1922 = CARTESIAN_POINT ( 'NONE',  ( 21.51479377113286162, 12.13520622886712808, -3.000000000000000000 ) ) ;
#1923 = DIRECTION ( 'NONE',  ( 1.000000000000000000, 0.000000000000000000, 0.000000000000000000 ) ) ;
#1924 = ADVANCED_FACE ( 'NONE', ( #133 ), #1456, .T. ) ;
#1925 = ORIENTED_EDGE ( 'NONE', *, *, #2739, .F. ) ;
#1926 = VERTEX_POINT ( 'NONE', #3349 ) ;
#1927 = ORIENTED_EDGE ( 'NONE', *, *, #71, .F. ) ;
#1928 = DIRECTION ( 'NONE',  ( 0.000000000000000000, 0.000000000000000000, 1.000000000000000000 ) ) ;
#1929 = ADVANCED_FACE ( 'NONE', ( #153 ), #924, .F. ) ;
#1930 = VERTEX_POINT ( 'NONE', #351 ) ;
#1931 = ORIENTED_EDGE ( 'NONE', *, *, #799, .F. ) ;
#1932 = DIRECTION ( 'NONE',  ( 1.000000000000000000, 0.000000000000000000, 0.000000000000000000 ) ) ;
#1933 = CARTESIAN_POINT ( 'NONE',  ( -7.000000000000000000, 5.400000000000000355, -3.000000000000000000 ) ) ;
#1934 = FACE_OUTER_BOUND ( 'NONE', #1140, .T. ) ;
#1935 = CARTESIAN_POINT ( 'NONE',  ( 27.55140423139245698, 12.49429745020589877, -3.000000000000000000 ) ) ;
#1936 = FACE_OUTER_BOUND ( 'NONE', #2988, .T. ) ;
#1937 = CARTESIAN_POINT ( 'NONE',  ( -27.50000000000000000, 0.5000000000000000000, -0.000000000000000000 ) ) ;
#1938 = LINE ( 'NONE', #583, #3421 ) ;
#1939 = VERTEX_POINT ( 'NONE', #2246 ) ;
#1940 = EDGE_CURVE ( 'NONE', #805, #964, #888, .T. ) ;
#1941 = ORIENTED_EDGE ( 'NONE', *, *, #480, .F. ) ;
#1942 = VERTEX_POINT ( 'NONE', #2291 ) ;
#1943 = DIRECTION ( 'NONE',  ( 0.000000000000000000, 0.000000000000000000, -1.000000000000000000 ) ) ;
#1944 = DIRECTION ( 'NONE',  ( 0.000000000000000000, -0.000000000000000000, -1.000000000000000000 ) ) ;
#1945 = ADVANCED_FACE ( 'NONE', ( #1703 ), #910, .T. ) ;
#1946 = ADVANCED_FACE ( 'NONE', ( #1487 ), #2802, .F. ) ;
#1947 = VERTEX_POINT ( 'NONE', #2496 ) ;
#1948 = AXIS2_PLACEMENT_3D ( 'NONE', #2800, #135, #105 ) ;
#1949 = CARTESIAN_POINT ( 'NONE',  ( 26.48520622886713838, 12.13520622886713340, -3.000000000000000000 ) ) ;
#1950 = EDGE_CURVE ( 'NONE', #1393, #1930, #3201, .T. ) ;
#1951 = DIRECTION ( 'NONE',  ( 1.000000000000000000, 0.000000000000000000, 0.000000000000000000 ) ) ;
#1952 = DIRECTION ( 'NONE',  ( 0.000000000000000000, -0.000000000000000000, -1.000000000000000000 ) ) ;
#1953 = VECTOR ( 'NONE', #715, 1000.000000000000000 ) ;
#1954 = AXIS2_PLACEMENT_3D ( 'NONE', #1355, #2943, #315 ) ;
#1955 = CYLINDRICAL_SURFACE ( 'NONE', #1558, 1.650000000000002132 ) ;
#1956 = CIRCLE ( 'NONE', #1390, 2.999999999999999112 ) ;
#1957 = ORIENTED_EDGE ( 'NONE', *, *, #2037, .T. ) ;
#1958 = CYLINDRICAL_SURFACE ( 'NONE', #1828, 3.050000000000000711 ) ;
#1959 = CARTESIAN_POINT ( 'NONE',  ( -22.79999999999999716, 4.599999999999999645, -0.5000000000000000000 ) ) ;
#1960 = CIRCLE ( 'NONE', #2075, 2.849999999999998312 ) ;
#1961 = ORIENTED_EDGE ( 'NONE', *, *, #1708, .F. ) ;
#1962 = CIRCLE ( 'NONE', #1562, 0.5000000000000004441 ) ;
#1963 = VERTEX_POINT ( 'NONE', #3334 ) ;
#1964 = ORIENTED_EDGE ( 'NONE', *, *, #1758, .F. ) ;
#1965 = CARTESIAN_POINT ( 'NONE',  ( -25.00000000000000000, 4.099999999999999645, -0.5000000000000000000 ) ) ;
#1966 = CYLINDRICAL_SURFACE ( 'NONE', #1173, 0.5000000000000004441 ) ;
#1967 = AXIS2_PLACEMENT_3D ( 'NONE', #1783, #3431, #466 ) ;
#1968 = EDGE_LOOP ( 'NONE', ( #2734, #2595, #658, #2216 ) ) ;
#1969 = VECTOR ( 'NONE', #830, 1000.000000000000000 ) ;
#1970 = ORIENTED_EDGE ( 'NONE', *, *, #1396, .F. ) ;
#1971 = DIRECTION ( 'NONE',  ( 0.000000000000000000, -0.000000000000000000, -1.000000000000000000 ) ) ;
#1972 = EDGE_CURVE ( 'NONE', #1518, #3322, #1785, .T. ) ;
#1973 = VECTOR ( 'NONE', #3208, 1000.000000000000000 ) ;
#1974 = B_SPLINE_CURVE_WITH_KNOTS ( 'NONE', 3,
 ( #2219, #322, #1395, #1590, #506, #3015, #2772, #1862 ),
 .UNSPECIFIED., .F., .F.,
 ( 4, 2, 2, 4 ),
 ( 0.000000000000000000, 0.0003739281982541982569, 0.0007478563965083965138, 0.001495712793016791076 ),
 .UNSPECIFIED. ) ;
#1975 = DIRECTION ( 'NONE',  ( 0.000000000000000000, 0.000000000000000000, 1.000000000000000000 ) ) ;
#1976 = CARTESIAN_POINT ( 'NONE',  ( 0.000000000000000000, 9.650000000000000355, -3.000000000000000000 ) ) ;
#1977 = DIRECTION ( 'NONE',  ( 0.000000000000000000, 0.000000000000000000, -1.000000000000000000 ) ) ;
#1978 = ADVANCED_FACE ( 'NONE', ( #2880 ), #456, .F. ) ;
#1979 = ORIENTED_EDGE ( 'NONE', *, *, #3352, .F. ) ;
#1980 = DIRECTION ( 'NONE',  ( -0.000000000000000000, -0.000000000000000000, -1.000000000000000000 ) ) ;
#1981 = DIRECTION ( 'NONE',  ( -0.000000000000000000, 0.000000000000000000, 1.000000000000000000 ) ) ;
#1982 = APPLICATION_CONTEXT ( 'automotive_design' ) ;
#1983 = ORIENTED_EDGE ( 'NONE', *, *, #1164, .F. ) ;
#1984 = DIRECTION ( 'NONE',  ( 1.000000000000000000, 0.000000000000000000, 0.000000000000000000 ) ) ;
#1985 = EDGE_LOOP ( 'NONE', ( #936, #319, #1422, #1053 ) ) ;
#1986 = DIRECTION ( 'NONE',  ( -0.000000000000000000, -0.000000000000000000, 1.000000000000000000 ) ) ;
#1987 = DIRECTION ( 'NONE',  ( -0.000000000000000000, -0.000000000000000000, -1.000000000000000000 ) ) ;
#1988 = ORIENTED_EDGE ( 'NONE', *, *, #180, .F. ) ;
#1989 = ORIENTED_EDGE ( 'NONE', *, *, #2783, .T. ) ;
#1990 = DIRECTION ( 'NONE',  ( 1.000000000000000000, 0.000000000000000000, 0.000000000000000000 ) ) ;
#1991 = LINE ( 'NONE', #648, #679 ) ;
#1992 = DIRECTION ( 'NONE',  ( 1.000000000000000000, 0.000000000000000000, 0.000000000000000000 ) ) ;
#1993 = DIRECTION ( 'NONE',  ( 0.000000000000000000, 0.000000000000000000, 1.000000000000000000 ) ) ;
#1994 = ORIENTED_EDGE ( 'NONE', *, *, #137, .F. ) ;
#1995 = FACE_OUTER_BOUND ( 'NONE', #42, .T. ) ;
#1996 = CARTESIAN_POINT ( 'NONE',  ( -14.49999999999999822, 12.60000000000000142, -6.000000000000000000 ) ) ;
#1997 = ORIENTED_EDGE ( 'NONE', *, *, #799, .T. ) ;
#1998 = ORIENTED_EDGE ( 'NONE', *, *, #696, .F. ) ;
#1999 = DIRECTION ( 'NONE',  ( 0.000000000000000000, 0.000000000000000000, 1.000000000000000000 ) ) ;
#2000 = DIRECTION ( 'NONE',  ( 0.000000000000000000, 0.000000000000000000, -1.000000000000000000 ) ) ;
#2001 = ORIENTED_EDGE ( 'NONE', *, *, #67, .F. ) ;
#2002 = EDGE_LOOP ( 'NONE', ( #182, #2931, #1218, #740 ) ) ;
#2003 = DIRECTION ( 'NONE',  ( -0.7071067811865499042, 0.7071067811865451302, 0.000000000000000000 ) ) ;
#2004 = CIRCLE ( 'NONE', #258, 3.050000000000000711 ) ;
#2005 = CARTESIAN_POINT ( 'NONE',  ( 29.00000000000000000, 4.599999999999999645, 0.000000000000000000 ) ) ;
#2006 = CARTESIAN_POINT ( 'NONE',  ( -2.338759619460410555, 11.78165283827385501, -3.000000000000000000 ) ) ;
#2007 = DIRECTION ( 'NONE',  ( 0.000000000000000000, 0.000000000000000000, 1.000000000000000000 ) ) ;
#2008 = CIRCLE ( 'NONE', #2454, 0.5000000000000004441 ) ;
#2009 = AXIS2_PLACEMENT_3D ( 'NONE', #1965, #2918, #2490 ) ;
#2010 = AXIS2_PLACEMENT_3D ( 'NONE', #599, #2960, #1636 ) ;
#2011 = CARTESIAN_POINT ( 'NONE',  ( -25.00000000000000000, 4.599999999999999645, -9.000000000000001776 ) ) ;
#2012 = CYLINDRICAL_SURFACE ( 'NONE', #1107, 0.5000000000000000000 ) ;
#2013 = AXIS2_PLACEMENT_3D ( 'NONE', #2643, #2091, #1530 ) ;
#2014 = AXIS2_PLACEMENT_3D ( 'NONE', #2011, #230, #511 ) ;
#2015 = ADVANCED_FACE ( 'NONE', ( #3417 ), #960, .F. ) ;
#2016 = VERTEX_POINT ( 'NONE', #470 ) ;
#2017 = ORIENTED_EDGE ( 'NONE', *, *, #3469, .T. ) ;
#2018 = CARTESIAN_POINT ( 'NONE',  ( 15.94166843264437361, 12.80685760956918351, -3.000000000000000000 ) ) ;
#2019 = ADVANCED_FACE ( 'NONE', ( #2842 ), #993, .T. ) ;
#2020 = VECTOR ( 'NONE', #367, 1000.000000000000114 ) ;
#2021 = ORIENTED_EDGE ( 'NONE', *, *, #800, .F. ) ;
#2022 = ORIENTED_EDGE ( 'NONE', *, *, #304, .F. ) ;
#2023 = AXIS2_PLACEMENT_3D ( 'NONE', #3330, #907, #3448 ) ;
#2024 = CARTESIAN_POINT ( 'NONE',  ( -24.60000000000000142, 0.000000000000000000, -9.149999999999998579 ) ) ;
#2025 = VECTOR ( 'NONE', #610, 1000.000000000000000 ) ;
#2026 = DIRECTION ( 'NONE',  ( 1.000000000000000000, 0.000000000000000000, 0.000000000000000000 ) ) ;
#2027 = DIRECTION ( 'NONE',  ( 0.000000000000000000, 0.000000000000000000, 1.000000000000000000 ) ) ;
#2028 = DIRECTION ( 'NONE',  ( -0.000000000000000000, -0.000000000000000000, -1.000000000000000000 ) ) ;
#2029 = ADVANCED_FACE ( 'NONE', ( #3116 ), #2080, .F. ) ;
#2030 = VECTOR ( 'NONE', #46, 1000.000000000000000 ) ;
#2031 = CIRCLE ( 'NONE', #1349, 1.650000000000002132 ) ;
#2032 = FACE_OUTER_BOUND ( 'NONE', #90, .T. ) ;
#2033 = CARTESIAN_POINT ( 'NONE',  ( 16.82500000000000639, 4.825000000000036593, -3.000000000000000000 ) ) ;
#2034 = ORIENTED_EDGE ( 'NONE', *, *, #97, .F. ) ;
#2035 = ORIENTED_EDGE ( 'NONE', *, *, #3459, .T. ) ;
#2036 = LINE ( 'NONE', #1314, #542 ) ;
#2037 = EDGE_CURVE ( 'NONE', #1082, #2178, #2573, .T. ) ;
#2038 = ORIENTED_EDGE ( 'NONE', *, *, #1384, .F. ) ;
#2039 = ORIENTED_EDGE ( 'NONE', *, *, #695, .T. ) ;
#2040 = EDGE_CURVE ( 'NONE', #2217, #2441, #1524, .T. ) ;
#2041 = FACE_OUTER_BOUND ( 'NONE', #2438, .T. ) ;
#2042 = CYLINDRICAL_SURFACE ( 'NONE', #899, 0.5000000000000004441 ) ;
#2043 = CARTESIAN_POINT ( 'NONE',  ( 0.000000000000000000, 5.400000000000000355, -3.799999999999999822 ) ) ;
#2044 = DIRECTION ( 'NONE',  ( 0.000000000000000000, 0.000000000000000000, 1.000000000000000000 ) ) ;
#2045 = FACE_OUTER_BOUND ( 'NONE', #1629, .T. ) ;
#2046 = CYLINDRICAL_SURFACE ( 'NONE', #1668, 0.5000000000000000000 ) ;
#2047 = DIRECTION ( 'NONE',  ( 0.000000000000000000, 0.000000000000000000, -1.000000000000000000 ) ) ;
#2048 = ORIENTED_EDGE ( 'NONE', *, *, #3307, .T. ) ;
#2049 = EDGE_LOOP ( 'NONE', ( #1317, #633, #2422, #1745 ) ) ;
#2050 = DIRECTION ( 'NONE',  ( 0.000000000000000000, 0.000000000000000000, 1.000000000000000000 ) ) ;
#2051 = EDGE_CURVE ( 'NONE', #409, #931, #327, .T. ) ;
#2052 = ORIENTED_EDGE ( 'NONE', *, *, #1812, .F. ) ;
#2053 = VERTEX_POINT ( 'NONE', #2582 ) ;
#2054 = CARTESIAN_POINT ( 'NONE',  ( 3.197850840799181249, 12.84785084079917006, -3.000000000000000000 ) ) ;
#2055 = EDGE_CURVE ( 'NONE', #1695, #19, #774, .T. ) ;
#2056 = DIRECTION ( 'NONE',  ( 0.000000000000000000, 0.000000000000000000, -1.000000000000000000 ) ) ;
#2057 = ORIENTED_EDGE ( 'NONE', *, *, #2527, .T. ) ;
#2058 = CARTESIAN_POINT ( 'NONE',  ( -7.500000000000000000, 12.59999999999999964, -5.500000000000000000 ) ) ;
#2059 = FACE_OUTER_BOUND ( 'NONE', #887, .T. ) ;
#2060 = EDGE_CURVE ( 'NONE', #2199, #341, #722, .T. ) ;
#2061 = DIRECTION ( 'NONE',  ( -0.000000000000000000, 1.000000000000000000, -0.000000000000000000 ) ) ;
#2062 = CARTESIAN_POINT ( 'NONE',  ( -7.000000000000000000, 5.400000000000000355, -3.000000000000000000 ) ) ;
#2063 = AXIS2_PLACEMENT_3D ( 'NONE', #47, #1899, #2432 ) ;
#2064 = CARTESIAN_POINT ( 'NONE',  ( -22.00000000026141223, 4.600000000260965116, -0.5198265887592721235 ) ) ;
#2065 = AXIS2_PLACEMENT_3D ( 'NONE', #1866, #565, #1331 ) ;
#2066 = CLOSED_SHELL ( 'NONE', ( #134, #1688, #2104, #2429, #2656, #1792, #431, #1879, #3306, #2215, #2029, #544, #356, #5, #3442, #2444, #3192, #269, #78, #3275, #1187, #2982, #1929, #614, #2106, #3007, #2669, #2607, #3419, #661, #2977, #1687, #29, #1577, #2500, #971, #345, #1656, #3396, #219, #590, #2983, #2015, #3331, #2870, #1945, #2239, #3225, #25, #40, #1978, #2744, #2610, #371, #1455, #3282, #3109, #2826, #953, #2189, #444, #2362, #509, #1593, #2434, #811, #439, #3350, #1924, #1851, #795, #333, #1068, #1622, #185, #2822, #309, #3372, #3204, #2940, #2789, #2865, #1061, #2019, #1235, #863, #1404, #1581, #1616, #546, #3288, #1535, #377, #1946, #1704, #3059, #3378, #154, #1191, #1836, #911, #1311, #1748, #1124, #2262, #1296, #2533, #2397 ) ) ;
#2067 = ORIENTED_EDGE ( 'NONE', *, *, #2953, .T. ) ;
#2068 = CARTESIAN_POINT ( 'NONE',  ( -22.00000000000000000, 5.400000000000000355, -6.000000000000000000 ) ) ;
#2069 = CARTESIAN_POINT ( 'NONE',  ( 29.05000000000000071, 5.155997633556366644, -3.000000000000000000 ) ) ;
#2070 = AXIS2_PLACEMENT_3D ( 'NONE', #2234, #2155, #3302 ) ;
#2071 = AXIS2_PLACEMENT_3D ( 'NONE', #2213, #1621, #4 ) ;
#2072 = ORIENTED_EDGE ( 'NONE', *, *, #2425, .T. ) ;
#2073 = ORIENTED_EDGE ( 'NONE', *, *, #3300, .T. ) ;
#2074 = FACE_BOUND ( 'NONE', #1399, .T. ) ;
#2075 = AXIS2_PLACEMENT_3D ( 'NONE', #3211, #2118, #193 ) ;
#2076 = FACE_OUTER_BOUND ( 'NONE', #2428, .T. ) ;
#2077 = VERTEX_POINT ( 'NONE', #2615 ) ;
#2078 = AXIS2_PLACEMENT_3D ( 'NONE', #2443, #1894, #3274 ) ;
#2079 = CARTESIAN_POINT ( 'NONE',  ( 20.44859576860754657, 12.49429745020589522, -3.000000000000000000 ) ) ;
#2080 = CYLINDRICAL_SURFACE ( 'NONE', #1392, 3.050000000000000711 ) ;
#2081 = EDGE_CURVE ( 'NONE', #1127, #2857, #1257, .T. ) ;
#2082 = VECTOR ( 'NONE', #2531, 1000.000000000000000 ) ;
#2083 = DIRECTION ( 'NONE',  ( 0.000000000000000000, 0.000000000000000000, -1.000000000000000000 ) ) ;
#2084 = DIRECTION ( 'NONE',  ( 0.000000000000000000, -1.000000000000000000, 0.000000000000000000 ) ) ;
#2085 = VECTOR ( 'NONE', #1987, 1000.000000000000000 ) ;
#2086 = CARTESIAN_POINT ( 'NONE',  ( -22.00000000000000000, 5.399999999990331645, -0.4672747075903427860 ) ) ;
#2087 = EDGE_CURVE ( 'NONE', #2183, #973, #1273, .T. ) ;
#2088 = VECTOR ( 'NONE', #3257, 1000.000000000000000 ) ;
#2089 = VERTEX_POINT ( 'NONE', #766 ) ;
#2090 = FACE_OUTER_BOUND ( 'NONE', #1342, .T. ) ;
#2091 = DIRECTION ( 'NONE',  ( -1.000000000000000000, 0.000000000000000000, 0.000000000000000000 ) ) ;
#2092 = AXIS2_PLACEMENT_3D ( 'NONE', #1271, #1521, #2597 ) ;
#2093 = ORIENTED_EDGE ( 'NONE', *, *, #2891, .T. ) ;
#2094 = ORIENTED_EDGE ( 'NONE', *, *, #3480, .T. ) ;
#2095 = CARTESIAN_POINT ( 'NONE',  ( 12.00000000000000000, 9.650000000000000355, -3.000000000000000000 ) ) ;
#2096 = CARTESIAN_POINT ( 'NONE',  ( -6.299999999999999822, 7.599999999999999645, 0.000000000000000000 ) ) ;
#2097 = ORIENTED_EDGE ( 'NONE', *, *, #2147, .T. ) ;
#2098 = DIRECTION ( 'NONE',  ( 0.000000000000000000, -1.000000000000000000, 0.000000000000000000 ) ) ;
#2099 = CARTESIAN_POINT ( 'NONE',  ( 6.149999999999999467, 7.599999999999999645, -3.000000000000000000 ) ) ;
#2100 = EDGE_CURVE ( 'NONE', #1240, #1763, #3436, .T. ) ;
#2101 = DIRECTION ( 'NONE',  ( -0.000000000000000000, 1.000000000000000000, -0.000000000000000000 ) ) ;
#2102 = FACE_OUTER_BOUND ( 'NONE', #3336, .T. ) ;
#2103 = CARTESIAN_POINT ( 'NONE',  ( -21.67020027690277928, 4.165461644962864973, -2.379084576740006139E-16 ) ) ;
#2104 = ADVANCED_FACE ( 'NONE', ( #2059 ), #487, .T. ) ;
#2105 = ORIENTED_EDGE ( 'NONE', *, *, #1270, .T. ) ;
#2106 = ADVANCED_FACE ( 'NONE', ( #3131 ), #1575, .T. ) ;
#2107 = PLANE ( 'NONE',  #1896 ) ;
#2108 = CARTESIAN_POINT ( 'NONE',  ( 0.000000000000000000, 9.650000000000000355, 0.000000000000000000 ) ) ;
#2109 = VERTEX_POINT ( 'NONE', #241 ) ;
#2110 = ORIENTED_EDGE ( 'NONE', *, *, #1473, .T. ) ;
#2111 = CARTESIAN_POINT ( 'NONE',  ( 6.949999999999999289, 9.650000000000000355, 0.000000000000000000 ) ) ;
#2112 = FACE_OUTER_BOUND ( 'NONE', #758, .T. ) ;
#2113 = ORIENTED_EDGE ( 'NONE', *, *, #1164, .T. ) ;
#2114 = DIRECTION ( 'NONE',  ( 0.7071067811865489050, 0.7071067811865462405, 0.000000000000000000 ) ) ;
#2115 = DIRECTION ( 'NONE',  ( 1.000000000000000000, 0.000000000000000000, 0.000000000000000000 ) ) ;
#2116 = CARTESIAN_POINT ( 'NONE',  ( 2.485206228867137934, 12.13520622886713163, 0.000000000000000000 ) ) ;
#2117 = CARTESIAN_POINT ( 'NONE',  ( 5.850000000000001421, 7.599999999999999645, -3.000000000000000000 ) ) ;
#2118 = DIRECTION ( 'NONE',  ( 0.000000000000000000, -1.000000000000000000, 0.000000000000000000 ) ) ;
#2119 = ORIENTED_EDGE ( 'NONE', *, *, #1730, .T. ) ;
#2120 = AXIS2_PLACEMENT_3D ( 'NONE', #1276, #3388, #702 ) ;
#2121 = LINE ( 'NONE', #2400, #1103 ) ;
#2122 = DIRECTION ( 'NONE',  ( -0.000000000000000000, 0.000000000000000000, 1.000000000000000000 ) ) ;
#2123 = EDGE_CURVE ( 'NONE', #2621, #2304, #1823, .T. ) ;
#2124 = AXIS2_PLACEMENT_3D ( 'NONE', #2225, #2796, #3293 ) ;
#2125 = ORIENTED_EDGE ( 'NONE', *, *, #3240, .F. ) ;
#2126 = AXIS2_PLACEMENT_3D ( 'NONE', #3451, #415, #171 ) ;
#2127 = ORIENTED_EDGE ( 'NONE', *, *, #304, .T. ) ;
#2128 = CYLINDRICAL_SURFACE ( 'NONE', #335, 0.5000000000000004441 ) ;
#2129 = EDGE_CURVE ( 'NONE', #2941, #2805, #224, .T. ) ;
#2130 = VECTOR ( 'NONE', #755, 1000.000000000000000 ) ;
#2131 = VECTOR ( 'NONE', #2084, 1000.000000000000000 ) ;
#2132 =( LENGTH_UNIT ( ) NAMED_UNIT ( * ) SI_UNIT ( .MILLI., .METRE. ) );
#2133 = EDGE_LOOP ( 'NONE', ( #2681, #215, #3290, #2543 ) ) ;
#2134 = DIRECTION ( 'NONE',  ( -1.000000000000000000, 0.000000000000000000, 0.000000000000000000 ) ) ;
#2135 = CARTESIAN_POINT ( 'NONE',  ( -27.50000000000000000, 4.099999999999999645, -9.000000000000001776 ) ) ;
#2136 = CARTESIAN_POINT ( 'NONE',  ( -7.000000000000000888, 4.931370849898477182, -3.000000000000000000 ) ) ;
#2137 = FACE_OUTER_BOUND ( 'NONE', #1373, .T. ) ;
#2138 = CARTESIAN_POINT ( 'NONE',  ( -22.06156577743564995, 4.661565777435746405, -0.3796921646745454737 ) ) ;
#2139 = AXIS2_PLACEMENT_3D ( 'NONE', #2479, #1471, #2760 ) ;
#2140 = B_SPLINE_CURVE_WITH_KNOTS ( 'NONE', 3,
 ( #476, #3445, #981, #3141, #2069, #3478 ),
 .UNSPECIFIED., .F., .F.,
 ( 4, 2, 4 ),
 ( 0.000000000000000000, 0.0003603334889473566228, 0.0007206669778947132456 ),
 .UNSPECIFIED. ) ;
#2141 = ORIENTED_EDGE ( 'NONE', *, *, #1940, .T. ) ;
#2142 = CIRCLE ( 'NONE', #2978, 0.5000000000000004441 ) ;
#2143 = LINE ( 'NONE', #2418, #1510 ) ;
#2144 = CARTESIAN_POINT ( 'NONE',  ( 26.00000000000000711, 0.000000000000000000, -9.000000000000001776 ) ) ;
#2145 = DIRECTION ( 'NONE',  ( 1.000000000000000000, 0.000000000000000000, 0.000000000000000000 ) ) ;
#2146 = CIRCLE ( 'NONE', #674, 1.649999999999998579 ) ;
#2147 = EDGE_CURVE ( 'NONE', #2184, #2878, #1620, .T. ) ;
#2148 = VERTEX_POINT ( 'NONE', #11 ) ;
#2149 = AXIS2_PLACEMENT_3D ( 'NONE', #1147, #401, #1951 ) ;
#2150 = ORIENTED_EDGE ( 'NONE', *, *, #2465, .T. ) ;
#2151 = DIRECTION ( 'NONE',  ( -1.000000000000000000, 0.000000000000000000, 0.000000000000000000 ) ) ;
#2152 = EDGE_CURVE ( 'NONE', #745, #3483, #1731, .T. ) ;
#2153 = DIRECTION ( 'NONE',  ( 0.000000000000000000, 0.000000000000000000, 1.000000000000000000 ) ) ;
#2154 = EDGE_LOOP ( 'NONE', ( #1587, #1584, #1493, #2649 ) ) ;
#2155 = DIRECTION ( 'NONE',  ( -0.000000000000000000, 0.000000000000000000, 1.000000000000000000 ) ) ;
#2156 = CARTESIAN_POINT ( 'NONE',  ( -22.48486352130019839, 4.659378801295352091, -5.586030261094166782 ) ) ;
#2157 = CARTESIAN_POINT ( 'NONE',  ( 6.949999999999999289, 8.400000000000000355, 0.000000000000000000 ) ) ;
#2158 = DIRECTION ( 'NONE',  ( 0.000000000000000000, 0.000000000000000000, 1.000000000000000000 ) ) ;
#2159 = CYLINDRICAL_SURFACE ( 'NONE', #2914, 1.649999999999998579 ) ;
#2160 = ORIENTED_EDGE ( 'NONE', *, *, #967, .F. ) ;
#2161 = DIRECTION ( 'NONE',  ( 0.000000000000000000, -0.000000000000000000, 1.000000000000000000 ) ) ;
#2162 = CYLINDRICAL_SURFACE ( 'NONE', #1156, 0.5000000000000004441 ) ;
#2163 = DIRECTION ( 'NONE',  ( -1.000000000000000000, -1.040834085586083310E-14, 0.000000000000000000 ) ) ;
#2164 = ORIENTED_EDGE ( 'NONE', *, *, #202, .T. ) ;
#2165 = ORIENTED_EDGE ( 'NONE', *, *, #551, .T. ) ;
#2166 = CARTESIAN_POINT ( 'NONE',  ( 4.825000000000004619, 4.825000000000036593, 0.000000000000000000 ) ) ;
#2167 = DIRECTION ( 'NONE',  ( 0.000000000000000000, 0.000000000000000000, -1.000000000000000000 ) ) ;
#2168 = ORIENTED_EDGE ( 'NONE', *, *, #957, .F. ) ;
#2169 = CARTESIAN_POINT ( 'NONE',  ( -21.84990287001355469, 4.599999999999999645, -6.752025551478992860 ) ) ;
#2170 = EDGE_CURVE ( 'NONE', #809, #1939, #1962, .T. ) ;
#2171 = DIRECTION ( 'NONE',  ( 1.000000000000000000, 0.000000000000000000, 0.000000000000000000 ) ) ;
#2172 = CARTESIAN_POINT ( 'NONE',  ( 28.50000000000000000, 4.099999999999999645, -3.000000000000000000 ) ) ;
#2173 = FACE_OUTER_BOUND ( 'NONE', #3375, .T. ) ;
#2174 = EDGE_CURVE ( 'NONE', #3354, #2820, #536, .T. ) ;
#2175 = CARTESIAN_POINT ( 'NONE',  ( -25.00000000000000000, 0.5000000000000004441, -9.000000000000001776 ) ) ;
#2176 = DIRECTION ( 'NONE',  ( 0.000000000000000000, 0.000000000000000000, 1.000000000000000000 ) ) ;
#2177 = DIRECTION ( 'NONE',  ( 0.000000000000000000, 1.000000000000000000, -0.000000000000000000 ) ) ;
#2178 = VERTEX_POINT ( 'NONE', #2971 ) ;
#2179 = EDGE_LOOP ( 'NONE', ( #1466, #2664, #302, #1482, #1467 ) ) ;
#2180 = DIRECTION ( 'NONE',  ( 1.000000000000000000, 0.000000000000000000, 0.000000000000000000 ) ) ;
#2181 = CIRCLE ( 'NONE', #988, 0.7999999999999986011 ) ;
#2182 = ORIENTED_EDGE ( 'NONE', *, *, #804, .T. ) ;
#2183 = VERTEX_POINT ( 'NONE', #1878 ) ;
#2184 = VERTEX_POINT ( 'NONE', #3206 ) ;
#2185 = DIRECTION ( 'NONE',  ( 1.000000000000000000, 0.000000000000000000, 0.000000000000000000 ) ) ;
#2186 = AXIS2_PLACEMENT_3D ( 'NONE', #743, #234, #2349 ) ;
#2187 = DIRECTION ( 'NONE',  ( -0.7071067811865499042, 0.7071067811865451302, 0.000000000000000000 ) ) ;
#2188 = AXIS2_PLACEMENT_3D ( 'NONE', #1561, #998, #978 ) ;
#2189 = ADVANCED_FACE ( 'NONE', ( #577 ), #852, .T. ) ;
#2190 = PLANE ( 'NONE',  #1604 ) ;
#2191 = DIRECTION ( 'NONE',  ( -0.000000000000000000, 0.000000000000000000, 1.000000000000000000 ) ) ;
#2192 = AXIS2_PLACEMENT_3D ( 'NONE', #3468, #44, #1645 ) ;
#2193 = LINE ( 'NONE', #3279, #2695 ) ;
#2194 = PLANE ( 'NONE',  #1773 ) ;
#2195 = CIRCLE ( 'NONE', #498, 0.5000000000000004441 ) ;
#2196 = DIRECTION ( 'NONE',  ( 0.000000000000000000, 0.000000000000000000, 1.000000000000000000 ) ) ;
#2197 = AXIS2_PLACEMENT_3D ( 'NONE', #2491, #77, #2505 ) ;
#2198 = VERTEX_POINT ( 'NONE', #2668 ) ;
#2199 = VERTEX_POINT ( 'NONE', #785 ) ;
#2200 = ORIENTED_EDGE ( 'NONE', *, *, #2849, .T. ) ;
#2201 = AXIS2_PLACEMENT_3D ( 'NONE', #1824, #190, #1258 ) ;
#2202 = FACE_OUTER_BOUND ( 'NONE', #449, .T. ) ;
#2203 = ORIENTED_EDGE ( 'NONE', *, *, #866, .F. ) ;
#2204 = EDGE_LOOP ( 'NONE', ( #878, #2274, #222, #1602 ) ) ;
#2205 = DIRECTION ( 'NONE',  ( -0.000000000000000000, 0.000000000000000000, 1.000000000000000000 ) ) ;
#2206 = AXIS2_PLACEMENT_3D ( 'NONE', #221, #1820, #2322 ) ;
#2207 = FACE_OUTER_BOUND ( 'NONE', #688, .T. ) ;
#2208 = CARTESIAN_POINT ( 'NONE',  ( -2.485206228867137934, 12.13520622886712985, 0.000000000000000000 ) ) ;
#2209 = DIRECTION ( 'NONE',  ( 0.000000000000000000, -0.000000000000000000, 1.000000000000000000 ) ) ;
#2210 = EDGE_CURVE ( 'NONE', #79, #1698, #776, .T. ) ;
#2211 = FACE_OUTER_BOUND ( 'NONE', #557, .T. ) ;
#2212 = CARTESIAN_POINT ( 'NONE',  ( 12.00000000000000000, 9.650000000000000355, 0.000000000000000000 ) ) ;
#2213 = CARTESIAN_POINT ( 'NONE',  ( -25.00000000000000000, 4.599999999999999645, -3.000000000000000000 ) ) ;
#2214 = EDGE_CURVE ( 'NONE', #1299, #246, #671, .T. ) ;
#2215 = ADVANCED_FACE ( 'NONE', ( #2688 ), #1083, .F. ) ;
#2216 = ORIENTED_EDGE ( 'NONE', *, *, #1421, .T. ) ;
#2217 = VERTEX_POINT ( 'NONE', #3256 ) ;
#2218 = ORIENTED_EDGE ( 'NONE', *, *, #700, .F. ) ;
#2219 = CARTESIAN_POINT ( 'NONE',  ( -6.299999999999999822, 7.599999999999999645, 0.000000000000000000 ) ) ;
#2220 = DIRECTION ( 'NONE',  ( 1.000000000000000000, 0.000000000000000000, 0.000000000000000000 ) ) ;
#2221 = EDGE_CURVE ( 'NONE', #252, #2424, #443, .T. ) ;
#2222 = ORIENTED_EDGE ( 'NONE', *, *, #1037, .T. ) ;
#2223 = CARTESIAN_POINT ( 'NONE',  ( -6.200000000000000178, 8.400000000000000355, -3.000000000000000000 ) ) ;
#2224 = CARTESIAN_POINT ( 'NONE',  ( -20.40000000000000213, 12.60000000000000142, -2.168404344971008868E-16 ) ) ;
#2225 = CARTESIAN_POINT ( 'NONE',  ( -25.00000000000000000, 4.099999999999999645, -9.000000000000001776 ) ) ;
#2226 = CARTESIAN_POINT ( 'NONE',  ( 5.850000000000001421, 7.599999999999999645, 0.000000000000000000 ) ) ;
#2227 = ORIENTED_EDGE ( 'NONE', *, *, #2081, .F. ) ;
#2228 = FACE_OUTER_BOUND ( 'NONE', #1968, .T. ) ;
#2229 = CARTESIAN_POINT ( 'NONE',  ( -25.00000000000000000, 0.000000000000000000, -3.000000000000000000 ) ) ;
#2230 = VERTEX_POINT ( 'NONE', #1609 ) ;
#2231 = CARTESIAN_POINT ( 'NONE',  ( -2.438934320944859735, 11.48142004415077722, -3.000000000000000000 ) ) ;
#2232 = ORIENTED_EDGE ( 'NONE', *, *, #407, .T. ) ;
#2233 = ORIENTED_EDGE ( 'NONE', *, *, #1883, .F. ) ;
#2234 = CARTESIAN_POINT ( 'NONE',  ( -14.49999999999999822, 12.60000000000000142, -6.000000000000000000 ) ) ;
#2235 = EDGE_CURVE ( 'NONE', #2273, #1393, #1353, .T. ) ;
#2236 = CARTESIAN_POINT ( 'NONE',  ( 14.83875961946040967, 11.78165283827385501, -3.000000000000000000 ) ) ;
#2237 = ORIENTED_EDGE ( 'NONE', *, *, #2060, .F. ) ;
#2238 = VERTEX_POINT ( 'NONE', #1591 ) ;
#2239 = ADVANCED_FACE ( 'NONE', ( #1365 ), #1092, .T. ) ;
#2240 = DIRECTION ( 'NONE',  ( 1.000000000000000000, 0.000000000000000000, 0.000000000000000000 ) ) ;
#2241 = AXIS2_PLACEMENT_3D ( 'NONE', #594, #1663, #2495 ) ;
#2242 = DIRECTION ( 'NONE',  ( -0.000000000000000000, 0.000000000000000000, 1.000000000000000000 ) ) ;
#2243 = ORIENTED_EDGE ( 'NONE', *, *, #589, .T. ) ;
#2244 = CARTESIAN_POINT ( 'NONE',  ( 28.50000000000000355, 0.000000000000000000, -9.000000000000001776 ) ) ;
#2245 = AXIS2_PLACEMENT_3D ( 'NONE', #1807, #2879, #3115 ) ;
#2246 = CARTESIAN_POINT ( 'NONE',  ( -28.00000000000000000, 4.099999999999999645, -9.000000000000001776 ) ) ;
#2247 = AXIS2_PLACEMENT_3D ( 'NONE', #316, #2437, #17 ) ;
#2248 = ORIENTED_EDGE ( 'NONE', *, *, #2363, .F. ) ;
#2249 = DIRECTION ( 'NONE',  ( 0.000000000000000000, 0.000000000000000000, 1.000000000000000000 ) ) ;
#2250 = DIRECTION ( 'NONE',  ( 1.000000000000000000, 0.000000000000000000, 0.000000000000000000 ) ) ;
#2251 = VERTEX_POINT ( 'NONE', #1348 ) ;
#2252 = AXIS2_PLACEMENT_3D ( 'NONE', #699, #2044, #3452 ) ;
#2253 = LINE ( 'NONE', #2231, #1178 ) ;
#2254 = VERTEX_POINT ( 'NONE', #3489 ) ;
#2255 = DIRECTION ( 'NONE',  ( -0.000000000000000000, 0.000000000000000000, 1.000000000000000000 ) ) ;
#2256 = CARTESIAN_POINT ( 'NONE',  ( 28.50000000000000000, 0.5000000000000004441, 0.000000000000000000 ) ) ;
#2257 = EDGE_CURVE ( 'NONE', #2016, #1695, #1788, .T. ) ;
#2258 = ORIENTED_EDGE ( 'NONE', *, *, #293, .F. ) ;
#2259 = ORIENTED_EDGE ( 'NONE', *, *, #2953, .F. ) ;
#2260 = CYLINDRICAL_SURFACE ( 'NONE', #2023, 2.849999999999998312 ) ;
#2261 = CIRCLE ( 'NONE', #3493, 7.500000000000000000 ) ;
#2262 = ADVANCED_FACE ( 'NONE', ( #2493 ), #2812, .F. ) ;
#2263 = FACE_OUTER_BOUND ( 'NONE', #1125, .T. ) ;
#2264 = DIRECTION ( 'NONE',  ( -1.000000000000000000, 0.000000000000000000, 0.000000000000000000 ) ) ;
#2265 = CIRCLE ( 'NONE', #2701, 0.5000000000000004441 ) ;
#2266 = ORIENTED_EDGE ( 'NONE', *, *, #2891, .F. ) ;
#2267 = DIRECTION ( 'NONE',  ( -0.000000000000000000, -1.000000000000000000, -0.000000000000000000 ) ) ;
#2268 = DIRECTION ( 'NONE',  ( 1.000000000000000000, 0.000000000000000000, 0.000000000000000000 ) ) ;
#2269 = ORIENTED_EDGE ( 'NONE', *, *, #1100, .T. ) ;
#2270 = ORIENTED_EDGE ( 'NONE', *, *, #1062, .F. ) ;
#2271 = LINE ( 'NONE', #1481, #207 ) ;
#2272 = FACE_OUTER_BOUND ( 'NONE', #1679, .T. ) ;
#2273 = VERTEX_POINT ( 'NONE', #63 ) ;
#2274 = ORIENTED_EDGE ( 'NONE', *, *, #226, .F. ) ;
#2275 = DIRECTION ( 'NONE',  ( 1.000000000000000000, -3.469446951953611033E-15, 0.000000000000000000 ) ) ;
#2276 = DIRECTION ( 'NONE',  ( -0.000000000000000000, 0.000000000000000000, 1.000000000000000000 ) ) ;
#2277 = CARTESIAN_POINT ( 'NONE',  ( 18.00000000000000000, 4.599999999999999645, -7.500000000000000000 ) ) ;
#2278 = DIRECTION ( 'NONE',  ( 1.000000000000000000, 0.000000000000000000, 0.000000000000000000 ) ) ;
#2279 = EDGE_CURVE ( 'NONE', #2251, #617, #106, .T. ) ;
#2280 = DIRECTION ( 'NONE',  ( 1.000000000000000000, 0.000000000000000000, 0.000000000000000000 ) ) ;
#2281 = FACE_OUTER_BOUND ( 'NONE', #3229, .T. ) ;
#2282 = EDGE_CURVE ( 'NONE', #1446, #912, #833, .T. ) ;
#2283 = EDGE_LOOP ( 'NONE', ( #1677, #1998 ) ) ;
#2284 = ORIENTED_EDGE ( 'NONE', *, *, #2718, .T. ) ;
#2285 = DIRECTION ( 'NONE',  ( 1.000000000000000000, 0.000000000000000000, 0.000000000000000000 ) ) ;
#2286 = ORIENTED_EDGE ( 'NONE', *, *, #845, .F. ) ;
#2287 = ORIENTED_EDGE ( 'NONE', *, *, #1292, .F. ) ;
#2288 = FACE_OUTER_BOUND ( 'NONE', #2555, .T. ) ;
#2289 = CARTESIAN_POINT ( 'NONE',  ( -6.200000000000000178, 7.599999999999999645, -0.5000000000000004441 ) ) ;
#2290 = DIRECTION ( 'NONE',  ( 0.000000000000000000, 0.000000000000000000, -1.000000000000000000 ) ) ;
#2291 = CARTESIAN_POINT ( 'NONE',  ( 20.80214915920081964, 12.84785084079916651, -3.000000000000000000 ) ) ;
#2292 = EDGE_CURVE ( 'NONE', #62, #2148, #560, .T. ) ;
#2293 = AXIS2_PLACEMENT_3D ( 'NONE', #2043, #2324, #1786 ) ;
#2294 = FACE_OUTER_BOUND ( 'NONE', #3217, .T. ) ;
#2295 = FACE_OUTER_BOUND ( 'NONE', #3299, .T. ) ;
#2296 = AXIS2_PLACEMENT_3D ( 'NONE', #1177, #1154, #107 ) ;
#2297 = CIRCLE ( 'NONE', #2120, 1.650000000000000355 ) ;
#2298 = EDGE_CURVE ( 'NONE', #1625, #1240, #1734, .T. ) ;
#2299 = ORIENTED_EDGE ( 'NONE', *, *, #417, .T. ) ;
#2300 = ORIENTED_EDGE ( 'NONE', *, *, #2279, .T. ) ;
#2301 = CARTESIAN_POINT ( 'NONE',  ( -7.499999999999999112, 8.400000000000000355, 0.000000000000000000 ) ) ;
#2302 = AXIS2_PLACEMENT_3D ( 'NONE', #2600, #1291, #736 ) ;
#2303 = ORIENTED_EDGE ( 'NONE', *, *, #2464, .F. ) ;
#2304 = VERTEX_POINT ( 'NONE', #3345 ) ;
#2305 = CARTESIAN_POINT ( 'NONE',  ( 18.95000000000000284, 8.400000000000000355, 0.000000000000000000 ) ) ;
#2306 = CIRCLE ( 'NONE', #163, 0.5000000000000000000 ) ;
#2307 = CARTESIAN_POINT ( 'NONE',  ( 28.50000000000000000, 4.099999999999999645, 0.000000000000000000 ) ) ;
#2308 = CARTESIAN_POINT ( 'NONE',  ( 3.049999999999999822, 9.650000000000000355, -3.000000000000000000 ) ) ;
#2309 = DIRECTION ( 'NONE',  ( 0.000000000000000000, 1.000000000000000000, 0.000000000000000000 ) ) ;
#2310 = CIRCLE ( 'NONE', #3266, 0.5000000000000004441 ) ;
#2311 = CARTESIAN_POINT ( 'NONE',  ( -6.200000000000000178, 8.400000000000000355, 0.000000000000000000 ) ) ;
#2312 = CARTESIAN_POINT ( 'NONE',  ( 6.949999999999999289, 8.400000000000000355, 0.000000000000000000 ) ) ;
#2313 = EDGE_CURVE ( 'NONE', #973, #2556, #1715, .T. ) ;
#2314 = ORIENTED_EDGE ( 'NONE', *, *, #1644, .T. ) ;
#2315 = ORIENTED_EDGE ( 'NONE', *, *, #2152, .T. ) ;
#2316 = CARTESIAN_POINT ( 'NONE',  ( -27.50000000000000000, 0.5000000000000000000, -3.000000000000000000 ) ) ;
#2317 = EDGE_CURVE ( 'NONE', #3062, #409, #3374, .T. ) ;
#2318 = ORIENTED_EDGE ( 'NONE', *, *, #2704, .F. ) ;
#2319 = ORIENTED_EDGE ( 'NONE', *, *, #2843, .F. ) ;
#2320 = DIRECTION ( 'NONE',  ( 0.000000000000000000, 0.000000000000000000, 1.000000000000000000 ) ) ;
#2321 = EDGE_CURVE ( 'NONE', #116, #1942, #1435, .T. ) ;
#2322 = DIRECTION ( 'NONE',  ( 0.000000000000000000, 0.000000000000000000, 1.000000000000000000 ) ) ;
#2323 = EDGE_LOOP ( 'NONE', ( #2888, #139, #2200, #1261, #3069, #1267, #129 ) ) ;
#2324 = DIRECTION ( 'NONE',  ( -1.000000000000000000, 0.000000000000000000, 0.000000000000000000 ) ) ;
#2325 = DIRECTION ( 'NONE',  ( -0.000000000000000000, 1.000000000000000000, -0.000000000000000000 ) ) ;
#2326 = DIRECTION ( 'NONE',  ( 1.000000000000000000, 0.000000000000000000, -0.000000000000000000 ) ) ;
#2327 = EDGE_CURVE ( 'NONE', #3390, #2016, #329, .T. ) ;
#2328 = DIRECTION ( 'NONE',  ( -1.000000000000000000, 0.000000000000000000, 0.000000000000000000 ) ) ;
#2329 = CARTESIAN_POINT ( 'NONE',  ( -21.99677695545375755, 5.391620084179767680, -0.4345509591892137147 ) ) ;
#2330 = VERTEX_POINT ( 'NONE', #1132 ) ;
#2331 = DIRECTION ( 'NONE',  ( 0.000000000000000000, -1.000000000000000000, 0.000000000000000000 ) ) ;
#2332 = DIRECTION ( 'NONE',  ( 0.000000000000000000, 0.000000000000000000, 1.000000000000000000 ) ) ;
#2333 = EDGE_CURVE ( 'NONE', #426, #2621, #3079, .T. ) ;
#2334 = VERTEX_POINT ( 'NONE', #3309 ) ;
#2335 = EDGE_LOOP ( 'NONE', ( #2168, #1813, #3021, #2258 ) ) ;
#2336 = FACE_OUTER_BOUND ( 'NONE', #2553, .T. ) ;
#2337 = EDGE_CURVE ( 'NONE', #36, #2556, #1169, .T. ) ;
#2338 = FACE_OUTER_BOUND ( 'NONE', #2609, .T. ) ;
#2339 = ORIENTED_EDGE ( 'NONE', *, *, #477, .F. ) ;
#2340 = CYLINDRICAL_SURFACE ( 'NONE', #3188, 0.5000000000000004441 ) ;
#2341 = CARTESIAN_POINT ( 'NONE',  ( 5.999999999999999112, 20.10000000000000142, -5.849999999999999645 ) ) ;
#2342 = DIRECTION ( 'NONE',  ( -0.000000000000000000, -0.000000000000000000, 1.000000000000000000 ) ) ;
#2343 = DIRECTION ( 'NONE',  ( -1.000000000000000000, -0.000000000000000000, 0.000000000000000000 ) ) ;
#2344 = AXIS2_PLACEMENT_3D ( 'NONE', #2058, #2098, #1504 ) ;
#2345 = CARTESIAN_POINT ( 'NONE',  ( -22.79162008417976537, 4.596776955453751867, -0.4345509591891873469 ) ) ;
#2346 = AXIS2_PLACEMENT_3D ( 'NONE', #3181, #3400, #1256 ) ;
#2347 = ORIENTED_EDGE ( 'NONE', *, *, #1693, .F. ) ;
#2348 = CARTESIAN_POINT ( 'NONE',  ( 0.000000000000000000, 9.650000000000000355, -3.000000000000000000 ) ) ;
#2349 = DIRECTION ( 'NONE',  ( -1.000000000000000000, 6.938893903907222067E-15, 0.000000000000000000 ) ) ;
#2350 = AXIS2_PLACEMENT_3D ( 'NONE', #2108, #3173, #2606 ) ;
#2351 = CIRCLE ( 'NONE', #2741, 3.050000000000000711 ) ;
#2352 = ORIENTED_EDGE ( 'NONE', *, *, #407, .F. ) ;
#2353 = EDGE_LOOP ( 'NONE', ( #516, #1782, #2569, #68, #2792, #1908 ) ) ;
#2354 = DIRECTION ( 'NONE',  ( -0.000000000000000000, 1.000000000000000000, -0.000000000000000000 ) ) ;
#2355 = AXIS2_PLACEMENT_3D ( 'NONE', #1203, #1718, #1438 ) ;
#2356 = EDGE_CURVE ( 'NONE', #2254, #2304, #1398, .T. ) ;
#2357 = CARTESIAN_POINT ( 'NONE',  ( 27.94166843264437361, 12.80685760956918529, 0.000000000000000000 ) ) ;
#2358 = ORIENTED_EDGE ( 'NONE', *, *, #1883, .T. ) ;
#2359 = VECTOR ( 'NONE', #2634, 1000.000000000000000 ) ;
#2360 = CARTESIAN_POINT ( 'NONE',  ( -3.941668432644375830, 12.80685760956918173, -3.000000000000000000 ) ) ;
#2361 = CARTESIAN_POINT ( 'NONE',  ( 29.00000000000000000, 4.599999999999999645, -9.000000000000001776 ) ) ;
#2362 = ADVANCED_FACE ( 'NONE', ( #2288 ), #3291, .T. ) ;
#2363 = EDGE_CURVE ( 'NONE', #2198, #2330, #1168, .T. ) ;
#2364 = CIRCLE ( 'NONE', #3093, 0.5000000000000000000 ) ;
#2365 = FILL_AREA_STYLE ('',( #1275 ) ) ;
#2366 = CARTESIAN_POINT ( 'NONE',  ( 27.19785084079918391, 12.84785084079917361, -3.000000000000000000 ) ) ;
#2367 = AXIS2_PLACEMENT_3D ( 'NONE', #3236, #1891, #1397 ) ;
#2368 = CARTESIAN_POINT ( 'NONE',  ( -21.56546164496281293, 4.270200276902964553, -1.505562636024843737E-16 ) ) ;
#2369 = PRESENTATION_LAYER_ASSIGNMENT (  '', '', ( #1285 ) ) ;
#2370 = DIRECTION ( 'NONE',  ( 0.000000000000000000, -1.000000000000000000, 0.000000000000000000 ) ) ;
#2371 = CARTESIAN_POINT ( 'NONE',  ( 15.05000000000000071, 9.650000000000000355, 0.000000000000000000 ) ) ;
#2372 = VERTEX_POINT ( 'NONE', #1949 ) ;
#2373 = VERTEX_POINT ( 'NONE', #2509 ) ;
#2374 = DIRECTION ( 'NONE',  ( -0.000000000000000000, -0.000000000000000000, 1.000000000000000000 ) ) ;
#2375 = CARTESIAN_POINT ( 'NONE',  ( 0.000000000000000000, 0.5000000000000000000, -11.50000000000000000 ) ) ;
#2376 = ORIENTED_EDGE ( 'NONE', *, *, #3335, .T. ) ;
#2377 = DIRECTION ( 'NONE',  ( 0.000000000000000000, 0.000000000000000000, 1.000000000000000000 ) ) ;
#2378 = CARTESIAN_POINT ( 'NONE',  ( 0.000000000000000000, 7.599999999999999645, 0.000000000000000000 ) ) ;
#2379 = DIRECTION ( 'NONE',  ( 0.000000000000000000, 0.000000000000000000, 1.000000000000000000 ) ) ;
#2380 = CARTESIAN_POINT ( 'NONE',  ( -5.850000000000001421, 7.599999999999999645, 0.000000000000000000 ) ) ;
#2381 = CARTESIAN_POINT ( 'NONE',  ( -22.07421509824053274, 4.674215098240797062, -0.4934515053303148990 ) ) ;
#2382 = EDGE_CURVE ( 'NONE', #2452, #937, #1506, .T. ) ;
#2383 = CARTESIAN_POINT ( 'NONE',  ( 18.00000000000000000, 20.10000000000000142, -7.500000000000000000 ) ) ;
#2384 = CARTESIAN_POINT ( 'NONE',  ( -21.50000000000000000, 5.400000000000000355, -6.799999999999999822 ) ) ;
#2385 = ORIENTED_EDGE ( 'NONE', *, *, #352, .F. ) ;
#2386 = VERTEX_POINT ( 'NONE', #2024 ) ;
#2387 = CARTESIAN_POINT ( 'NONE',  ( -22.79999999999999716, 4.599999999999999645, -0.5000000000000000000 ) ) ;
#2388 = EDGE_CURVE ( 'NONE', #2489, #3409, #214, .T. ) ;
#2389 = DIRECTION ( 'NONE',  ( -0.000000000000000000, 0.000000000000000000, 1.000000000000000000 ) ) ;
#2390 = ORIENTED_EDGE ( 'NONE', *, *, #142, .T. ) ;
#2391 = DIRECTION ( 'NONE',  ( 0.000000000000000000, 0.000000000000000000, -1.000000000000000000 ) ) ;
#2392 = CARTESIAN_POINT ( 'NONE',  ( 14.83875961946040967, 11.78165283827385501, -3.000000000000000000 ) ) ;
#2393 = FACE_BOUND ( 'NONE', #2552, .T. ) ;
#2394 = DIRECTION ( 'NONE',  ( 1.000000000000000000, 0.000000000000000000, 0.000000000000000000 ) ) ;
#2395 = CARTESIAN_POINT ( 'NONE',  ( -22.00000000000000000, 5.399999999999999467, -0.5000000000000000000 ) ) ;
#2396 = PRODUCT ( 'Pneumatic_and_Electrical_Harness', 'Pneumatic_and_Electrical_Harness', '', ( #879 ) ) ;
#2397 = ADVANCED_FACE ( 'NONE', ( #98 ), #2260, .F. ) ;
#2398 = FACE_OUTER_BOUND ( 'NONE', #2154, .T. ) ;
#2399 = VECTOR ( 'NONE', #874, 1000.000000000000000 ) ;
#2400 = CARTESIAN_POINT ( 'NONE',  ( 29.05000000000000071, 4.599999999999999645, -3.000000000000000000 ) ) ;
#2401 = DIRECTION ( 'NONE',  ( 0.000000000000000000, -1.000000000000000000, 0.000000000000000000 ) ) ;
#2402 = AXIS2_PLACEMENT_3D ( 'NONE', #2974, #2671, #260 ) ;
#2403 = ORIENTED_EDGE ( 'NONE', *, *, #181, .F. ) ;
#2404 = CIRCLE ( 'NONE', #2245, 5.400000000000002132 ) ;
#2405 = ORIENTED_EDGE ( 'NONE', *, *, #1837, .T. ) ;
#2406 = CARTESIAN_POINT ( 'NONE',  ( 8.448595768607544798, 12.49429745020589877, 0.000000000000000000 ) ) ;
#2407 = CIRCLE ( 'NONE', #662, 0.5000000000000004441 ) ;
#2408 = ORIENTED_EDGE ( 'NONE', *, *, #248, .T. ) ;
#2409 = DIRECTION ( 'NONE',  ( 1.000000000000000000, 0.000000000000000000, 0.000000000000000000 ) ) ;
#2410 = ORIENTED_EDGE ( 'NONE', *, *, #2100, .T. ) ;
#2411 = CARTESIAN_POINT ( 'NONE',  ( -6.999999999999999112, 12.59999999999999964, -0.5000000000000004441 ) ) ;
#2412 = DIRECTION ( 'NONE',  ( 1.000000000000000000, 0.000000000000000000, 0.000000000000000000 ) ) ;
#2413 = CIRCLE ( 'NONE', #1109, 5.049999999999998934 ) ;
#2414 = DIRECTION ( 'NONE',  ( 1.000000000000000000, 0.000000000000000000, 0.000000000000000000 ) ) ;
#2415 = DIRECTION ( 'NONE',  ( 0.000000000000000000, -1.000000000000000000, 0.000000000000000000 ) ) ;
#2416 = AXIS2_PLACEMENT_3D ( 'NONE', #200, #1520, #3146 ) ;
#2417 = ORIENTED_EDGE ( 'NONE', *, *, #1425, .T. ) ;
#2418 = CARTESIAN_POINT ( 'NONE',  ( -25.00000000000000000, 0.000000000000000000, -0.5000000000000000000 ) ) ;
#2419 = DIRECTION ( 'NONE',  ( 0.000000000000000000, -1.000000000000000000, 0.000000000000000000 ) ) ;
#2420 = DIRECTION ( 'NONE',  ( 1.000000000000000000, 0.000000000000000000, 0.000000000000000000 ) ) ;
#2421 = AXIS2_PLACEMENT_3D ( 'NONE', #3117, #2342, #173 ) ;
#2422 = ORIENTED_EDGE ( 'NONE', *, *, #227, .F. ) ;
#2423 = TOROIDAL_SURFACE ( 'NONE', #2476, 1.300000000000000044, 0.8000000000000000444 ) ;
#2424 = VERTEX_POINT ( 'NONE', #413 ) ;
#2425 = EDGE_CURVE ( 'NONE', #983, #2840, #1906, .T. ) ;
#2426 = DIRECTION ( 'NONE',  ( -0.000000000000000000, 1.000000000000000000, -0.000000000000000000 ) ) ;
#2427 = DIRECTION ( 'NONE',  ( -0.000000000000000000, -0.000000000000000000, 1.000000000000000000 ) ) ;
#2428 = EDGE_LOOP ( 'NONE', ( #1674, #1181, #748, #1195 ) ) ;
#2429 = ADVANCED_FACE ( 'NONE', ( #1534 ), #1551, .T. ) ;
#2430 = DIRECTION ( 'NONE',  ( 1.000000000000000000, 0.000000000000000000, 0.000000000000000000 ) ) ;
#2431 = LINE ( 'NONE', #279, #2088 ) ;
#2432 = DIRECTION ( 'NONE',  ( 1.000000000000000000, 0.000000000000000000, 0.000000000000000000 ) ) ;
#2433 = FACE_OUTER_BOUND ( 'NONE', #1212, .T. ) ;
#2434 = ADVANCED_FACE ( 'NONE', ( #1838 ), #1008, .T. ) ;
#2435 = CARTESIAN_POINT ( 'NONE',  ( -21.50000000000000000, 12.60000000000000320, -0.5000000000000000000 ) ) ;
#2436 = DIRECTION ( 'NONE',  ( 1.000000000000000000, 0.000000000000000000, 0.000000000000000000 ) ) ;
#2437 = DIRECTION ( 'NONE',  ( 0.000000000000000000, -0.000000000000000000, -1.000000000000000000 ) ) ;
#2438 = EDGE_LOOP ( 'NONE', ( #896, #1872, #3405, #1762 ) ) ;
#2439 = EDGE_LOOP ( 'NONE', ( #2989, #1231, #793, #917, #2970, #3061 ) ) ;
#2440 = LINE ( 'NONE', #1641, #2810 ) ;
#2441 = VERTEX_POINT ( 'NONE', #1500 ) ;
#2442 = ORIENTED_EDGE ( 'NONE', *, *, #2827, .F. ) ;
#2443 = CARTESIAN_POINT ( 'NONE',  ( 26.00000000000000711, 4.599999999999999645, -9.000000000000001776 ) ) ;
#2444 = ADVANCED_FACE ( 'NONE', ( #1764, #2557, #760, #2074 ), #2859, .F. ) ;
#2445 = PLANE ( 'NONE',  #448 ) ;
#2446 = CARTESIAN_POINT ( 'NONE',  ( -22.00000000000000000, 5.400000000000000355, -0.5000000000000000000 ) ) ;
#2447 = DIRECTION ( 'NONE',  ( 1.000000000000000000, 0.000000000000000000, 0.000000000000000000 ) ) ;
#2448 = CARTESIAN_POINT ( 'NONE',  ( -2.838759619460410555, 11.78165283827385501, 0.000000000000000000 ) ) ;
#2449 = DIRECTION ( 'NONE',  ( 1.000000000000000000, 0.000000000000000000, 0.000000000000000000 ) ) ;
#2450 = DIRECTION ( 'NONE',  ( -1.000000000000000000, 0.000000000000000000, 0.000000000000000000 ) ) ;
#2451 = AXIS2_PLACEMENT_3D ( 'NONE', #1226, #1542, #1031 ) ;
#2452 = VERTEX_POINT ( 'NONE', #986 ) ;
#2453 = ORIENTED_EDGE ( 'NONE', *, *, #1488, .T. ) ;
#2454 = AXIS2_PLACEMENT_3D ( 'NONE', #1189, #1952, #65 ) ;
#2455 = CARTESIAN_POINT ( 'NONE',  ( -28.00000000000000000, 0.5000000000000004441, -12.00000000000000000 ) ) ;
#2456 = VECTOR ( 'NONE', #862, 1000.000000000000000 ) ;
#2457 = ORIENTED_EDGE ( 'NONE', *, *, #1329, .F. ) ;
#2458 = DIRECTION ( 'NONE',  ( -0.000000000000000000, 1.000000000000000000, -0.000000000000000000 ) ) ;
#2459 = EDGE_CURVE ( 'NONE', #1347, #2386, #3126, .T. ) ;
#2460 = CIRCLE ( 'NONE', #490, 0.7999999999999986011 ) ;
#2461 = AXIS2_PLACEMENT_3D ( 'NONE', #2311, #192, #1579 ) ;
#2462 = DIRECTION ( 'NONE',  ( 1.000000000000000000, 0.000000000000000000, 0.000000000000000000 ) ) ;
#2463 = CARTESIAN_POINT ( 'NONE',  ( 12.00000000000000000, 9.650000000000000355, 0.000000000000000000 ) ) ;
#2464 = EDGE_CURVE ( 'NONE', #2984, #2334, #2364, .T. ) ;
#2465 = EDGE_CURVE ( 'NONE', #292, #2373, #2596, .T. ) ;
#2466 = LINE ( 'NONE', #1086, #108 ) ;
#2467 = CARTESIAN_POINT ( 'NONE',  ( 20.80214915920081964, 12.84785084079916651, -3.000000000000000000 ) ) ;
#2468 = CARTESIAN_POINT ( 'NONE',  ( 25.99999999999999289, 4.099999999999999645, -12.00000000000000000 ) ) ;
#2469 = CIRCLE ( 'NONE', #1564, 0.7999999999999999334 ) ;
#2470 = ORIENTED_EDGE ( 'NONE', *, *, #1093, .F. ) ;
#2471 = ORIENTED_EDGE ( 'NONE', *, *, #1274, .F. ) ;
#2472 = ORIENTED_EDGE ( 'NONE', *, *, #1901, .T. ) ;
#2473 = CARTESIAN_POINT ( 'NONE',  ( -7.500000000000000888, 5.400000000000000355, -5.500000000000000000 ) ) ;
#2474 = VECTOR ( 'NONE', #2480, 1000.000000000000000 ) ;
#2475 = CARTESIAN_POINT ( 'NONE',  ( 18.95000000000000284, 9.650000000000000355, -3.000000000000000000 ) ) ;
#2476 = AXIS2_PLACEMENT_3D ( 'NONE', #3449, #1501, #3114 ) ;
#2477 = ORIENTED_EDGE ( 'NONE', *, *, #118, .F. ) ;
#2478 = ORIENTED_EDGE ( 'NONE', *, *, #2675, .F. ) ;
#2479 = CARTESIAN_POINT ( 'NONE',  ( 6.149999999999999467, 8.400000000000000355, 0.000000000000000000 ) ) ;
#2480 = DIRECTION ( 'NONE',  ( 0.000000000000000000, -1.000000000000000000, 0.000000000000000000 ) ) ;
#2481 = CARTESIAN_POINT ( 'NONE',  ( 5.999999999999999112, 0.000000000000000000, -9.150000000000000355 ) ) ;
#2482 = EDGE_CURVE ( 'NONE', #2273, #3344, #831, .T. ) ;
#2483 = ORIENTED_EDGE ( 'NONE', *, *, #3387, .F. ) ;
#2484 = DIRECTION ( 'NONE',  ( -1.000000000000000000, 0.000000000000000000, 0.000000000000000000 ) ) ;
#2485 = CARTESIAN_POINT ( 'NONE',  ( -22.00000000000000000, 5.400000000000000355, -0.5000000000000000000 ) ) ;
#2486 = EDGE_CURVE ( 'NONE', #2662, #1630, #1268, .T. ) ;
#2487 = ORIENTED_EDGE ( 'NONE', *, *, #1468, .F. ) ;
#2488 = ORIENTED_EDGE ( 'NONE', *, *, #119, .F. ) ;
#2489 = VERTEX_POINT ( 'NONE', #3397 ) ;
#2490 = DIRECTION ( 'NONE',  ( 0.000000000000000000, 0.000000000000000000, -1.000000000000000000 ) ) ;
#2491 = CARTESIAN_POINT ( 'NONE',  ( 21.16124038053959211, 11.78165283827385501, -3.000000000000000000 ) ) ;
#2492 = ORIENTED_EDGE ( 'NONE', *, *, #1220, .T. ) ;
#2493 = FACE_OUTER_BOUND ( 'NONE', #815, .T. ) ;
#2494 = CARTESIAN_POINT ( 'NONE',  ( -25.00000000000000000, 0.5000000000000004441, -3.000000000000000000 ) ) ;
#2495 = DIRECTION ( 'NONE',  ( 1.000000000000000000, 0.000000000000000000, 0.000000000000000000 ) ) ;
#2496 = CARTESIAN_POINT ( 'NONE',  ( -28.00000000000000000, 0.5000000000000004441, -3.000000000000000000 ) ) ;
#2497 = ORIENTED_EDGE ( 'NONE', *, *, #2055, .T. ) ;
#2498 = LINE ( 'NONE', #155, #3011 ) ;
#2499 = DIRECTION ( 'NONE',  ( 0.000000000000000000, -0.000000000000000000, -1.000000000000000000 ) ) ;
#2500 = ADVANCED_FACE ( 'NONE', ( #2336 ), #3382, .F. ) ;
#2501 = ORIENTED_EDGE ( 'NONE', *, *, #1917, .F. ) ;
#2502 = DIRECTION ( 'NONE',  ( 1.000000000000000000, 0.000000000000000000, 0.000000000000000000 ) ) ;
#2503 = VERTEX_POINT ( 'NONE', #746 ) ;
#2504 = FACE_OUTER_BOUND ( 'NONE', #3164, .T. ) ;
#2505 = DIRECTION ( 'NONE',  ( 1.000000000000000000, -2.081668171172166620E-14, 0.000000000000000000 ) ) ;
#2506 = EDGE_CURVE ( 'NONE', #2626, #3036, #2195, .T. ) ;
#2507 = ORIENTED_EDGE ( 'NONE', *, *, #2210, .F. ) ;
#2508 = AXIS2_PLACEMENT_3D ( 'NONE', #636, #3102, #941 ) ;
#2509 = CARTESIAN_POINT ( 'NONE',  ( 18.95000000000000284, 8.400000000000000355, 0.000000000000000000 ) ) ;
#2510 = AXIS2_PLACEMENT_3D ( 'NONE', #3341, #2554, #140 ) ;
#2511 = AXIS2_PLACEMENT_3D ( 'NONE', #178, #2852, #773 ) ;
#2512 = FACE_OUTER_BOUND ( 'NONE', #2133, .T. ) ;
#2513 = CARTESIAN_POINT ( 'NONE',  ( -4.825000000000001066, 4.825000000000019718, -3.000000000000000000 ) ) ;
#2514 = VECTOR ( 'NONE', #1877, 1000.000000000000000 ) ;
#2515 = CIRCLE ( 'NONE', #423, 5.900000000000002132 ) ;
#2516 = FACE_OUTER_BOUND ( 'NONE', #3340, .T. ) ;
#2517 = CIRCLE ( 'NONE', #2568, 0.8000000000000003775 ) ;
#2518 = ORIENTED_EDGE ( 'NONE', *, *, #2292, .T. ) ;
#2519 = LINE ( 'NONE', #1153, #3298 ) ;
#2520 = CARTESIAN_POINT ( 'NONE',  ( -21.50000000000000000, 12.60000000000000320, -6.000000000000000000 ) ) ;
#2521 = ORIENTED_EDGE ( 'NONE', *, *, #3091, .T. ) ;
#2522 = CIRCLE ( 'NONE', #3090, 0.8000000000000003775 ) ;
#2523 = VERTEX_POINT ( 'NONE', #2111 ) ;
#2524 = DIRECTION ( 'NONE',  ( -0.000000000000000000, 0.000000000000000000, 1.000000000000000000 ) ) ;
#2525 = LINE ( 'NONE', #3075, #3377 ) ;
#2526 = AXIS2_PLACEMENT_3D ( 'NONE', #348, #2793, #1990 ) ;
#2527 = EDGE_CURVE ( 'NONE', #948, #1884, #2632, .T. ) ;
#2528 = ORIENTED_EDGE ( 'NONE', *, *, #197, .F. ) ;
#2529 = CIRCLE ( 'NONE', #1682, 0.5000000000000004441 ) ;
#2530 = ORIENTED_EDGE ( 'NONE', *, *, #1598, .F. ) ;
#2531 = DIRECTION ( 'NONE',  ( 0.000000000000000000, 0.000000000000000000, -1.000000000000000000 ) ) ;
#2532 = AXIS2_PLACEMENT_3D ( 'NONE', #310, #26, #1380 ) ;
#2533 = ADVANCED_FACE ( 'NONE', ( #2041 ), #450, .F. ) ;
#2534 = CARTESIAN_POINT ( 'NONE',  ( -6.999999999999999112, 12.59999999999999964, -6.000000000000000000 ) ) ;
#2535 = LINE ( 'NONE', #3028, #1890 ) ;
#2536 = CARTESIAN_POINT ( 'NONE',  ( -22.64178351679299439, 4.612187645159123051, -5.426725548473537941 ) ) ;
#2537 = DIRECTION ( 'NONE',  ( 0.000000000000000000, -0.000000000000000000, -1.000000000000000000 ) ) ;
#2538 = CYLINDRICAL_SURFACE ( 'NONE', #1895, 0.5000000000000000000 ) ;
#2539 = ORIENTED_EDGE ( 'NONE', *, *, #2100, .F. ) ;
#2540 = ORIENTED_EDGE ( 'NONE', *, *, #621, .T. ) ;
#2541 = CARTESIAN_POINT ( 'NONE',  ( 17.05000000000000426, 8.400000000000000355, -3.000000000000000000 ) ) ;
#2542 = ORIENTED_EDGE ( 'NONE', *, *, #695, .F. ) ;
#2543 = ORIENTED_EDGE ( 'NONE', *, *, #1163, .F. ) ;
#2544 = DIRECTION ( 'NONE',  ( 0.000000000000000000, 0.000000000000000000, -1.000000000000000000 ) ) ;
#2545 = EDGE_CURVE ( 'NONE', #604, #1340, #2876, .T. ) ;
#2546 = DIRECTION ( 'NONE',  ( -1.000000000000000000, -0.000000000000000000, -0.000000000000000000 ) ) ;
#2547 = LINE ( 'NONE', #132, #1546 ) ;
#2548 = DIRECTION ( 'NONE',  ( 0.000000000000000000, 0.000000000000000000, 1.000000000000000000 ) ) ;
#2549 = EDGE_CURVE ( 'NONE', #3483, #2199, #970, .T. ) ;
#2550 = CARTESIAN_POINT ( 'NONE',  ( -7.000000000000000000, 7.599999999999999645, -3.000000000000000000 ) ) ;
#2551 = CARTESIAN_POINT ( 'NONE',  ( 20.05833156735562639, 12.80685760956918173, -3.000000000000000000 ) ) ;
#2552 = EDGE_LOOP ( 'NONE', ( #239, #1827 ) ) ;
#2553 = EDGE_LOOP ( 'NONE', ( #3355, #880, #3196, #1075 ) ) ;
#2554 = DIRECTION ( 'NONE',  ( 0.000000000000000000, 1.000000000000000000, 0.000000000000000000 ) ) ;
#2555 = EDGE_LOOP ( 'NONE', ( #1111, #764, #2835, #1892 ) ) ;
#2556 = VERTEX_POINT ( 'NONE', #533 ) ;
#2557 = FACE_BOUND ( 'NONE', #2283, .T. ) ;
#2558 = TOROIDAL_SURFACE ( 'NONE', #927, 2.500000000000000000, 0.5000000000000000000 ) ;
#2559 = DIRECTION ( 'NONE',  ( 0.000000000000000000, -1.000000000000000000, 0.000000000000000000 ) ) ;
#2560 = EDGE_CURVE ( 'NONE', #1067, #292, #3219, .T. ) ;
#2561 = DIRECTION ( 'NONE',  ( 1.000000000000000000, 0.000000000000000000, 0.000000000000000000 ) ) ;
#2562 = CARTESIAN_POINT ( 'NONE',  ( -7.500000000000000000, 8.400000000000000355, -0.5000000000000004441 ) ) ;
#2563 = AXIS2_PLACEMENT_3D ( 'NONE', #2763, #1702, #2778 ) ;
#2564 = AXIS2_PLACEMENT_3D ( 'NONE', #1711, #2787, #1999 ) ;
#2565 = EDGE_CURVE ( 'NONE', #2424, #2523, #2703, .T. ) ;
#2566 = EDGE_CURVE ( 'NONE', #3043, #7, #1911, .T. ) ;
#2567 = DIRECTION ( 'NONE',  ( 0.000000000000000000, -1.000000000000000000, 0.000000000000000000 ) ) ;
#2568 = AXIS2_PLACEMENT_3D ( 'NONE', #875, #1087, #2450 ) ;
#2569 = ORIENTED_EDGE ( 'NONE', *, *, #334, .T. ) ;
#2570 = EDGE_CURVE ( 'NONE', #1963, #2941, #555, .T. ) ;
#2571 = ORIENTED_EDGE ( 'NONE', *, *, #1170, .F. ) ;
#2572 = CARTESIAN_POINT ( 'NONE',  ( 29.00000000000000000, 0.5000000000000004441, 0.000000000000000000 ) ) ;
#2573 = CIRCLE ( 'NONE', #387, 0.4999999999999995559 ) ;
#2574 = EDGE_LOOP ( 'NONE', ( #1284, #607, #1726, #979 ) ) ;
#2575 = ORIENTED_EDGE ( 'NONE', *, *, #2698, .F. ) ;
#2576 = AXIS2_PLACEMENT_3D ( 'NONE', #683, #80, #2544 ) ;
#2577 = DIRECTION ( 'NONE',  ( -0.000000000000000000, -0.000000000000000000, 1.000000000000000000 ) ) ;
#2578 = VECTOR ( 'NONE', #1334, 1000.000000000000114 ) ;
#2579 = DIRECTION ( 'NONE',  ( 0.000000000000000000, 1.000000000000000000, -0.000000000000000000 ) ) ;
#2580 = ORIENTED_EDGE ( 'NONE', *, *, #3198, .F. ) ;
#2581 = LINE ( 'NONE', #2360, #1953 ) ;
#2582 = CARTESIAN_POINT ( 'NONE',  ( 29.00000000000000000, 0.5000000000000004441, 0.000000000000000000 ) ) ;
#2583 = AXIS2_PLACEMENT_3D ( 'NONE', #2979, #1921, #1635 ) ;
#2584 = LINE ( 'NONE', #2921, #622 ) ;
#2585 = CIRCLE ( 'NONE', #626, 3.000000000000000000 ) ;
#2586 = CARTESIAN_POINT ( 'NONE',  ( 17.05000000000000426, 0.000000000000000000, 0.000000000000000000 ) ) ;
#2587 = CARTESIAN_POINT ( 'NONE',  ( -22.62818107516832455, 4.533915798141671338, -0.2494246608740061100 ) ) ;
#2588 = EDGE_CURVE ( 'NONE', #968, #1714, #563, .T. ) ;
#2589 = ORIENTED_EDGE ( 'NONE', *, *, #91, .T. ) ;
#2590 = DIRECTION ( 'NONE',  ( 0.000000000000000000, 0.000000000000000000, -1.000000000000000000 ) ) ;
#2591 = DIRECTION ( 'NONE',  ( 0.000000000000000000, 0.000000000000000000, 1.000000000000000000 ) ) ;
#2592 = EDGE_LOOP ( 'NONE', ( #1018, #1689, #792, #693 ) ) ;
#2593 = EDGE_CURVE ( 'NONE', #36, #430, #2469, .T. ) ;
#2594 = ORIENTED_EDGE ( 'NONE', *, *, #1133, .T. ) ;
#2595 = ORIENTED_EDGE ( 'NONE', *, *, #2545, .T. ) ;
#2596 = LINE ( 'NONE', #2305, #1339 ) ;
#2597 = DIRECTION ( 'NONE',  ( 0.000000000000000000, 0.000000000000000000, 1.000000000000000000 ) ) ;
#2598 = EDGE_LOOP ( 'NONE', ( #288, #235, #2996, #22, #2774, #1059, #2165, #707, #2160, #10, #1760, #495, #1483, #1341, #2729, #2929, #930, #283, #2769, #788, #2472, #865, #2803, #138, #392, #2125, #810, #1941, #1023, #2057, #1159, #592, #2021, #2661, #597, #1876, #2608, #1997, #2719, #1142, #3447, #1573, #61, #1184, #1961, #2405, #2315, #320, #892, #411, #2530, #3078, #485, #2300, #1624, #1957, #1250, #2376, #2094 ) ) ;
#2599 = LINE ( 'NONE', #1223, #2962 ) ;
#2600 = CARTESIAN_POINT ( 'NONE',  ( 0.000000000000000000, 9.650000000000000355, -3.000000000000000000 ) ) ;
#2601 = DIRECTION ( 'NONE',  ( 0.000000000000000000, -0.000000000000000000, -1.000000000000000000 ) ) ;
#2602 = DIRECTION ( 'NONE',  ( 0.000000000000000000, 0.000000000000000000, 1.000000000000000000 ) ) ;
#2603 = FACE_OUTER_BOUND ( 'NONE', #1300, .T. ) ;
#2604 = EDGE_LOOP ( 'NONE', ( #2203, #783, #519, #2674, #1251, #1537 ) ) ;
#2605 = CARTESIAN_POINT ( 'NONE',  ( -9.099999999999997868, 12.60000000000000142, -0.5000000000000004441 ) ) ;
#2606 = DIRECTION ( 'NONE',  ( 1.000000000000000000, 0.000000000000000000, 0.000000000000000000 ) ) ;
#2607 = ADVANCED_FACE ( 'NONE', ( #20 ), #3271, .F. ) ;
#2608 = ORIENTED_EDGE ( 'NONE', *, *, #1432, .T. ) ;
#2609 = EDGE_LOOP ( 'NONE', ( #372, #1563, #104, #2997 ) ) ;
#2610 = ADVANCED_FACE ( 'NONE', ( #2202 ), #1090, .T. ) ;
#2611 = DIRECTION ( 'NONE',  ( 1.000000000000000000, 0.000000000000000000, 0.000000000000000000 ) ) ;
#2612 = DIRECTION ( 'NONE',  ( 0.000000000000000000, 0.000000000000000000, 1.000000000000000000 ) ) ;
#2613 = EDGE_LOOP ( 'NONE', ( #1964, #1479, #3139, #43 ) ) ;
#2614 = LINE ( 'NONE', #698, #3246 ) ;
#2615 = CARTESIAN_POINT ( 'NONE',  ( -25.00000000000000000, 0.000000000000000000, -0.5000000000000000000 ) ) ;
#2616 = DIRECTION ( 'NONE',  ( 0.000000000000000000, 0.000000000000000000, 1.000000000000000000 ) ) ;
#2617 = LINE ( 'NONE', #1294, #1840 ) ;
#2618 = CIRCLE ( 'NONE', #2063, 5.049999999999998934 ) ;
#2619 = CARTESIAN_POINT ( 'NONE',  ( -21.84027225803198036, 4.230873945396820268, -0.01301366299844259299 ) ) ;
#2620 = TOROIDAL_SURFACE ( 'NONE', #1097, 1.300000000000000044, 0.8000000000000000444 ) ;
#2621 = VERTEX_POINT ( 'NONE', #2647 ) ;
#2622 = CARTESIAN_POINT ( 'NONE',  ( 28.50000000000000000, 4.599999999999999645, -3.799999999999999822 ) ) ;
#2623 = DIRECTION ( 'NONE',  ( -1.000000000000000000, 0.000000000000000000, 0.000000000000000000 ) ) ;
#2624 = AXIS2_PLACEMENT_3D ( 'NONE', #3281, #600, #1671 ) ;
#2625 = VECTOR ( 'NONE', #1648, 1000.000000000000000 ) ;
#2626 = VERTEX_POINT ( 'NONE', #1359 ) ;
#2627 = ORIENTED_EDGE ( 'NONE', *, *, #1681, .T. ) ;
#2628 = CARTESIAN_POINT ( 'NONE',  ( 2.838759619460410111, 11.78165283827385501, -3.000000000000000000 ) ) ;
#2629 = EDGE_CURVE ( 'NONE', #1145, #1110, #2142, .T. ) ;
#2630 = DIRECTION ( 'NONE',  ( -0.000000000000000000, -0.000000000000000000, 1.000000000000000000 ) ) ;
#2631 = ORIENTED_EDGE ( 'NONE', *, *, #885, .F. ) ;
#2632 = CIRCLE ( 'NONE', #45, 0.5000000000000004441 ) ;
#2633 = CARTESIAN_POINT ( 'NONE',  ( 29.00000000000000000, 4.404752405062490439, -3.415301017791791516 ) ) ;
#2634 = DIRECTION ( 'NONE',  ( 0.000000000000000000, -1.000000000000000000, 0.000000000000000000 ) ) ;
#2635 = CIRCLE ( 'NONE', #1853, 5.049999999999999822 ) ;
#2636 = EDGE_CURVE ( 'NONE', #851, #1514, #654, .T. ) ;
#2637 = DIRECTION ( 'NONE',  ( 1.000000000000000000, 0.000000000000000000, 0.000000000000000000 ) ) ;
#2638 = DIRECTION ( 'NONE',  ( 0.000000000000000000, 0.000000000000000000, 1.000000000000000000 ) ) ;
#2639 = AXIS2_PLACEMENT_3D ( 'NONE', #1030, #718, #2866 ) ;
#2640 = CARTESIAN_POINT ( 'NONE',  ( -21.89755381416090785, 5.133639916818293791, -0.1950051061064510260 ) ) ;
#2641 = CIRCLE ( 'NONE', #2206, 0.5000000000000004441 ) ;
#2642 = DIRECTION ( 'NONE',  ( -0.000000000000000000, -0.000000000000000000, 1.000000000000000000 ) ) ;
#2643 = CARTESIAN_POINT ( 'NONE',  ( -25.00000000000000000, 4.099999999999999645, -11.50000000000000000 ) ) ;
#2644 = EDGE_CURVE ( 'NONE', #1947, #3460, #2440, .T. ) ;
#2645 = ORIENTED_EDGE ( 'NONE', *, *, #696, .T. ) ;
#2646 = VERTEX_POINT ( 'NONE', #3464 ) ;
#2647 = CARTESIAN_POINT ( 'NONE',  ( -5.850000000000001421, 7.599999999999999645, -3.000000000000000000 ) ) ;
#2648 = DIRECTION ( 'NONE',  ( 0.000000000000000000, 0.000000000000000000, 1.000000000000000000 ) ) ;
#2649 = ORIENTED_EDGE ( 'NONE', *, *, #952, .T. ) ;
#2650 = DIRECTION ( 'NONE',  ( 1.000000000000000000, 0.000000000000000000, 0.000000000000000000 ) ) ;
#2651 = DIRECTION ( 'NONE',  ( -0.000000000000000000, 0.000000000000000000, 1.000000000000000000 ) ) ;
#2652 = EDGE_CURVE ( 'NONE', #499, #3409, #850, .T. ) ;
#2653 = DIRECTION ( 'NONE',  ( -0.7071067811865499042, 0.7071067811865451302, 0.000000000000000000 ) ) ;
#2654 = CARTESIAN_POINT ( 'NONE',  ( 26.83875961946041144, 11.78165283827385679, -3.000000000000000000 ) ) ;
#2655 = CARTESIAN_POINT ( 'NONE',  ( -22.07110123998950968, 4.671101239989265075, -0.4222210496358338450 ) ) ;
#2656 = ADVANCED_FACE ( 'NONE', ( #1040 ), #2128, .T. ) ;
#2657 = VERTEX_POINT ( 'NONE', #780 ) ;
#2658 = CARTESIAN_POINT ( 'NONE',  ( -20.40000000000000213, 12.60000000000000142, -6.000000000000000000 ) ) ;
#2659 = FACE_BOUND ( 'NONE', #359, .T. ) ;
#2660 = CARTESIAN_POINT ( 'NONE',  ( -7.000000000000000888, 5.400000000000000355, -5.500000000000000000 ) ) ;
#2661 = ORIENTED_EDGE ( 'NONE', *, *, #340, .F. ) ;
#2662 = VERTEX_POINT ( 'NONE', #794 ) ;
#2663 = CARTESIAN_POINT ( 'NONE',  ( 0.000000000000000000, 9.650000000000000355, -3.000000000000000000 ) ) ;
#2664 = ORIENTED_EDGE ( 'NONE', *, *, #2235, .T. ) ;
#2665 = SHAPE_DEFINITION_REPRESENTATION ( #1315, #3123 ) ;
#2666 = EDGE_LOOP ( 'NONE', ( #1303, #2627, #3120, #2912 ) ) ;
#2667 = LINE ( 'NONE', #2754, #2514 ) ;
#2668 = CARTESIAN_POINT ( 'NONE',  ( -7.500000000000000000, 12.59999999999999964, -6.000000000000000000 ) ) ;
#2669 = ADVANCED_FACE ( 'NONE', ( #1586 ), #1874, .F. ) ;
#2670 = CARTESIAN_POINT ( 'NONE',  ( 18.00000000000000000, 20.10000000000000142, -5.849999999999997868 ) ) ;
#2671 = DIRECTION ( 'NONE',  ( 1.000000000000000000, 0.000000000000000000, 0.000000000000000000 ) ) ;
#2672 = CARTESIAN_POINT ( 'NONE',  ( 15.55140423139245520, 12.49429745020589699, -3.000000000000000000 ) ) ;
#2673 = EDGE_CURVE ( 'NONE', #617, #1082, #1319, .T. ) ;
#2674 = ORIENTED_EDGE ( 'NONE', *, *, #575, .F. ) ;
#2675 = EDGE_CURVE ( 'NONE', #18, #79, #620, .T. ) ;
#2676 = DIRECTION ( 'NONE',  ( 0.000000000000000000, 0.000000000000000000, 1.000000000000000000 ) ) ;
#2677 = DIRECTION ( 'NONE',  ( 0.000000000000000000, -1.000000000000000000, 0.000000000000000000 ) ) ;
#2678 = CARTESIAN_POINT ( 'NONE',  ( 8.802149159200816086, 12.84785084079917361, -3.000000000000000000 ) ) ;
#2679 = VECTOR ( 'NONE', #2290, 1000.000000000000000 ) ;
#2680 = EDGE_CURVE ( 'NONE', #872, #1197, #3058, .T. ) ;
#2681 = ORIENTED_EDGE ( 'NONE', *, *, #2713, .T. ) ;
#2682 = TOROIDAL_SURFACE ( 'NONE', #2902, 6.999999999999999112, 0.5000000000000000000 ) ;
#2683 = ORIENTED_EDGE ( 'NONE', *, *, #2807, .T. ) ;
#2684 = DIRECTION ( 'NONE',  ( 0.000000000000000000, 0.000000000000000000, 1.000000000000000000 ) ) ;
#2685 = CIRCLE ( 'NONE', #1552, 0.5000000000000004441 ) ;
#2686 = ORIENTED_EDGE ( 'NONE', *, *, #3457, .F. ) ;
#2687 = DIRECTION ( 'NONE',  ( 0.7071067811865462405, -0.7071067811865489050, 0.000000000000000000 ) ) ;
#2688 = FACE_OUTER_BOUND ( 'NONE', #681, .T. ) ;
#2689 = EDGE_CURVE ( 'NONE', #912, #1440, #3325, .T. ) ;
#2690 = AXIS2_PLACEMENT_3D ( 'NONE', #2798, #122, #83 ) ;
#2691 = CARTESIAN_POINT ( 'NONE',  ( 29.00000000000000000, 4.599999999999999645, 0.000000000000000000 ) ) ;
#2692 = LINE ( 'NONE', #14, #940 ) ;
#2693 = AXIS2_PLACEMENT_3D ( 'NONE', #647, #364, #922 ) ;
#2694 = ORIENTED_EDGE ( 'NONE', *, *, #2321, .T. ) ;
#2695 = VECTOR ( 'NONE', #284, 1000.000000000000000 ) ;
#2696 = DIRECTION ( 'NONE',  ( 1.000000000000000000, 0.000000000000000000, 0.000000000000000000 ) ) ;
#2697 = DIRECTION ( 'NONE',  ( -1.000000000000000000, 0.000000000000000000, 0.000000000000000000 ) ) ;
#2698 = EDGE_CURVE ( 'NONE', #3036, #116, #1431, .T. ) ;
#2699 = AXIS2_PLACEMENT_3D ( 'NONE', #489, #1809, #2601 ) ;
#2700 = ORIENTED_EDGE ( 'NONE', *, *, #1421, .F. ) ;
#2701 = AXIS2_PLACEMENT_3D ( 'NONE', #238, #2389, #2409 ) ;
#2702 = EDGE_LOOP ( 'NONE', ( #479, #1638, #1776, #2073 ) ) ;
#2703 = LINE ( 'NONE', #303, #1462 ) ;
#2704 = EDGE_CURVE ( 'NONE', #559, #1000, #727, .T. ) ;
#2705 = ORIENTED_EDGE ( 'NONE', *, *, #2465, .F. ) ;
#2706 = CARTESIAN_POINT ( 'NONE',  ( -22.29798777578325186, 4.733176538016850010, -5.818678111681379050 ) ) ;
#2707 = LINE ( 'NONE', #538, #2923 ) ;
#2708 = CARTESIAN_POINT ( 'NONE',  ( 14.43893432094485973, 11.48142004415077722, -3.000000000000000000 ) ) ;
#2709 = DIRECTION ( 'NONE',  ( -1.000000000000000000, 0.000000000000000000, 0.000000000000000000 ) ) ;
#2710 = PLANE ( 'NONE',  #1063 ) ;
#2711 = LINE ( 'NONE', #2467, #1665 ) ;
#2712 = CARTESIAN_POINT ( 'NONE',  ( 9.561065679055140265, 11.48142004415077899, -3.000000000000000000 ) ) ;
#2713 = EDGE_CURVE ( 'NONE', #805, #1749, #1283, .T. ) ;
#2714 = EDGE_LOOP ( 'NONE', ( #611, #307 ) ) ;
#2715 = ORIENTED_EDGE ( 'NONE', *, *, #3049, .T. ) ;
#2716 = CARTESIAN_POINT ( 'NONE',  ( 28.50000000000000000, 5.400000000000000355, -3.799999999999999822 ) ) ;
#2717 = EDGE_CURVE ( 'NONE', #604, #559, #49, .T. ) ;
#2718 = EDGE_CURVE ( 'NONE', #1067, #3255, #323, .T. ) ;
#2719 = ORIENTED_EDGE ( 'NONE', *, *, #2629, .T. ) ;
#2720 = ORIENTED_EDGE ( 'NONE', *, *, #1804, .F. ) ;
#2721 = CARTESIAN_POINT ( 'NONE',  ( 12.00000000000000000, 9.650000000000000355, 0.000000000000000000 ) ) ;
#2722 = CYLINDRICAL_SURFACE ( 'NONE', #2731, 0.5000000000000004441 ) ;
#2723 = CARTESIAN_POINT ( 'NONE',  ( -21.50000000000000000, 5.400000000000000355, -5.500000000000000000 ) ) ;
#2724 = DIRECTION ( 'NONE',  ( 0.000000000000000000, -0.000000000000000000, 1.000000000000000000 ) ) ;
#2725 = DIRECTION ( 'NONE',  ( -0.000000000000000000, 0.000000000000000000, 1.000000000000000000 ) ) ;
#2726 = DIRECTION ( 'NONE',  ( -0.000000000000000000, -0.000000000000000000, 1.000000000000000000 ) ) ;
#2727 = VECTOR ( 'NONE', #2602, 1000.000000000000000 ) ;
#2728 = ORIENTED_EDGE ( 'NONE', *, *, #603, .T. ) ;
#2729 = ORIENTED_EDGE ( 'NONE', *, *, #3025, .T. ) ;
#2730 = ORIENTED_EDGE ( 'NONE', *, *, #3048, .T. ) ;
#2731 = AXIS2_PLACEMENT_3D ( 'NONE', #539, #2954, #2938 ) ;
#2732 = DIRECTION ( 'NONE',  ( 1.000000000000000000, 0.000000000000000000, 0.000000000000000000 ) ) ;
#2733 = AXIS2_PLACEMENT_3D ( 'NONE', #111, #643, #374 ) ;
#2734 = ORIENTED_EDGE ( 'NONE', *, *, #2717, .F. ) ;
#2735 = ORIENTED_EDGE ( 'NONE', *, *, #575, .T. ) ;
#2736 = CARTESIAN_POINT ( 'NONE',  ( -22.00000000000000000, 0.000000000000000000, -6.000000000000000000 ) ) ;
#2737 = CIRCLE ( 'NONE', #1667, 3.049999999999999822 ) ;
#2738 = AXIS2_PLACEMENT_3D ( 'NONE', #2922, #1848, #752 ) ;
#2739 = EDGE_CURVE ( 'NONE', #116, #2949, #1400, .T. ) ;
#2740 = CARTESIAN_POINT ( 'NONE',  ( 26.43893432094485973, 11.48142004415077899, -3.000000000000000000 ) ) ;
#2741 = AXIS2_PLACEMENT_3D ( 'NONE', #898, #1981, #3052 ) ;
#2742 = DIRECTION ( 'NONE',  ( 0.000000000000000000, 0.000000000000000000, -1.000000000000000000 ) ) ;
#2743 = DIRECTION ( 'NONE',  ( 0.000000000000000000, -0.000000000000000000, 1.000000000000000000 ) ) ;
#2744 = ADVANCED_FACE ( 'NONE', ( #883 ), #631, .F. ) ;
#2745 = VECTOR ( 'NONE', #2325, 1000.000000000000000 ) ;
#2746 = ORIENTED_EDGE ( 'NONE', *, *, #1950, .F. ) ;
#2747 = DIRECTION ( 'NONE',  ( 0.000000000000000000, 0.000000000000000000, -1.000000000000000000 ) ) ;
#2748 = AXIS2_PLACEMENT_3D ( 'NONE', #835, #1045, #1863 ) ;
#2749 = DIRECTION ( 'NONE',  ( 0.000000000000000000, 0.000000000000000000, -1.000000000000000000 ) ) ;
#2750 = AXIS2_PLACEMENT_3D ( 'NONE', #581, #2676, #3230 ) ;
#2751 = ORIENTED_EDGE ( 'NONE', *, *, #2636, .T. ) ;
#2752 = ORIENTED_EDGE ( 'NONE', *, *, #1361, .F. ) ;
#2753 = ORIENTED_EDGE ( 'NONE', *, *, #52, .F. ) ;
#2754 = CARTESIAN_POINT ( 'NONE',  ( 27.05000000000000071, 9.650000000000000355, -3.000000000000000000 ) ) ;
#2755 = CIRCLE ( 'NONE', #336, 1.650000000000002132 ) ;
#2756 = DIRECTION ( 'NONE',  ( 0.000000000000000000, -0.000000000000000000, -1.000000000000000000 ) ) ;
#2757 = VECTOR ( 'NONE', #3365, 1000.000000000000000 ) ;
#2758 = VERTEX_POINT ( 'NONE', #919 ) ;
#2759 = ORIENTED_EDGE ( 'NONE', *, *, #3393, .F. ) ;
#2760 = DIRECTION ( 'NONE',  ( -1.000000000000000000, 0.000000000000000000, 0.000000000000000000 ) ) ;
#2761 = CARTESIAN_POINT ( 'NONE',  ( 18.95000000000000284, 9.650000000000000355, 0.000000000000000000 ) ) ;
#2762 = EDGE_CURVE ( 'NONE', #2790, #3354, #2635, .T. ) ;
#2763 = CARTESIAN_POINT ( 'NONE',  ( 12.00000000000000000, 9.650000000000000355, 0.000000000000000000 ) ) ;
#2764 = CARTESIAN_POINT ( 'NONE',  ( 28.82500000000000284, 4.825000000000036593, 0.000000000000000000 ) ) ;
#2765 = VERTEX_POINT ( 'NONE', #3287 ) ;
#2766 = EDGE_CURVE ( 'NONE', #1852, #1781, #588, .T. ) ;
#2767 = DIRECTION ( 'NONE',  ( 0.000000000000000000, 0.000000000000000000, -1.000000000000000000 ) ) ;
#2768 = CARTESIAN_POINT ( 'NONE',  ( 29.00000000000000000, 0.5000000000000004441, 0.000000000000000000 ) ) ;
#2769 = ORIENTED_EDGE ( 'NONE', *, *, #1361, .T. ) ;
#2770 = CARTESIAN_POINT ( 'NONE',  ( 19.17499999999999716, 4.825000000000019718, -3.000000000000000000 ) ) ;
#2771 = ORIENTED_EDGE ( 'NONE', *, *, #2235, .F. ) ;
#2772 = CARTESIAN_POINT ( 'NONE',  ( -7.345398765865796875, 8.204445143974565369, -4.336808689942010833E-16 ) ) ;
#2773 = DIRECTION ( 'NONE',  ( -1.000000000000000000, 0.000000000000000000, 0.000000000000000000 ) ) ;
#2774 = ORIENTED_EDGE ( 'NONE', *, *, #3412, .T. ) ;
#2775 = ORIENTED_EDGE ( 'NONE', *, *, #3469, .F. ) ;
#2776 = CARTESIAN_POINT ( 'NONE',  ( 9.161240380539590333, 11.78165283827385679, -3.000000000000000000 ) ) ;
#2777 = FACE_OUTER_BOUND ( 'NONE', #2439, .T. ) ;
#2778 = DIRECTION ( 'NONE',  ( 1.000000000000000000, 0.000000000000000000, 0.000000000000000000 ) ) ;
#2779 = DIRECTION ( 'NONE',  ( -0.000000000000000000, -0.000000000000000000, 1.000000000000000000 ) ) ;
#2780 = ORIENTED_EDGE ( 'NONE', *, *, #589, .F. ) ;
#2781 = DIRECTION ( 'NONE',  ( -1.000000000000000000, 0.000000000000000000, 0.000000000000000000 ) ) ;
#2782 = CARTESIAN_POINT ( 'NONE',  ( 27.19785084079918391, 12.84785084079917361, 0.000000000000000000 ) ) ;
#2783 = EDGE_CURVE ( 'NONE', #3234, #1698, #1227, .T. ) ;
#2784 = EDGE_CURVE ( 'NONE', #2372, #2662, #1162, .T. ) ;
#2785 = VERTEX_POINT ( 'NONE', #1144 ) ;
#2786 = ORIENTED_EDGE ( 'NONE', *, *, #585, .T. ) ;
#2787 = DIRECTION ( 'NONE',  ( 0.000000000000000000, 1.000000000000000000, -0.000000000000000000 ) ) ;
#2788 = DIRECTION ( 'NONE',  ( 1.000000000000000000, 0.000000000000000000, 0.000000000000000000 ) ) ;
#2789 = ADVANCED_FACE ( 'NONE', ( #2272 ), #1966, .T. ) ;
#2790 = VERTEX_POINT ( 'NONE', #376 ) ;
#2791 = AXIS2_PLACEMENT_3D ( 'NONE', #1754, #1556, #1822 ) ;
#2792 = ORIENTED_EDGE ( 'NONE', *, *, #2909, .T. ) ;
#2793 = DIRECTION ( 'NONE',  ( 0.000000000000000000, -0.000000000000000000, 1.000000000000000000 ) ) ;
#2794 = AXIS2_PLACEMENT_3D ( 'NONE', #1304, #59, #2391 ) ;
#2795 = CARTESIAN_POINT ( 'NONE',  ( -25.00000000000000000, 4.099999999999999645, -3.000000000000000000 ) ) ;
#2796 = DIRECTION ( 'NONE',  ( 0.000000000000000000, -1.000000000000000000, 0.000000000000000000 ) ) ;
#2797 = VECTOR ( 'NONE', #2567, 1000.000000000000000 ) ;
#2798 = CARTESIAN_POINT ( 'NONE',  ( -28.00000000000000000, 4.099999999999999645, -11.50000000000000000 ) ) ;
#2799 = CIRCLE ( 'NONE', #2853, 0.5000000000000004441 ) ;
#2800 = CARTESIAN_POINT ( 'NONE',  ( 17.85000000000000142, 8.400000000000000355, 0.000000000000000000 ) ) ;
#2801 = LINE ( 'NONE', #156, #209 ) ;
#2802 = TOROIDAL_SURFACE ( 'NONE', #1336, 1.300000000000000044, 0.8000000000000000444 ) ;
#2803 = ORIENTED_EDGE ( 'NONE', *, *, #1472, .T. ) ;
#2804 = AXIS2_PLACEMENT_3D ( 'NONE', #2095, #3162, #956 ) ;
#2805 = VERTEX_POINT ( 'NONE', #1451 ) ;
#2806 = CARTESIAN_POINT ( 'NONE',  ( -7.500000000000000888, 5.400000000000000355, -5.500000000000000000 ) ) ;
#2807 = EDGE_CURVE ( 'NONE', #2304, #3237, #2525, .T. ) ;
#2808 = VECTOR ( 'NONE', #2003, 1000.000000000000114 ) ;
#2809 = ORIENTED_EDGE ( 'NONE', *, *, #2713, .F. ) ;
#2810 = VECTOR ( 'NONE', #2426, 1000.000000000000000 ) ;
#2811 = EDGE_LOOP ( 'NONE', ( #1157, #255, #275, #3434 ) ) ;
#2812 = CYLINDRICAL_SURFACE ( 'NONE', #2526, 0.8000000000000003775 ) ;
#2813 = CIRCLE ( 'NONE', #2421, 0.5000000000000004441 ) ;
#2814 = DIRECTION ( 'NONE',  ( 0.000000000000000000, -1.000000000000000000, 0.000000000000000000 ) ) ;
#2815 = LINE ( 'NONE', #649, #1264 ) ;
#2816 = CARTESIAN_POINT ( 'NONE',  ( -25.00000000000000000, 0.000000000000000000, -9.000000000000001776 ) ) ;
#2817 = CARTESIAN_POINT ( 'NONE',  ( 18.95000000000000284, 8.400000000000000355, -3.000000000000000000 ) ) ;
#2818 = DIRECTION ( 'NONE',  ( 0.000000000000000000, -0.000000000000000000, -1.000000000000000000 ) ) ;
#2819 = ORIENTED_EDGE ( 'NONE', *, *, #1837, .F. ) ;
#2820 = VERTEX_POINT ( 'NONE', #2942 ) ;
#2821 = CARTESIAN_POINT ( 'NONE',  ( -14.49999999999999822, 12.60000000000000142, -0.5000000000000004441 ) ) ;
#2822 = ADVANCED_FACE ( 'NONE', ( #2211 ), #895, .T. ) ;
#2823 = VERTEX_POINT ( 'NONE', #2658 ) ;
#2824 = ORIENTED_EDGE ( 'NONE', *, *, #2087, .F. ) ;
#2825 = DIRECTION ( 'NONE',  ( -0.000000000000000000, 0.000000000000000000, 1.000000000000000000 ) ) ;
#2826 = ADVANCED_FACE ( 'NONE', ( #1597 ), #1369, .T. ) ;
#2827 = EDGE_CURVE ( 'NONE', #2765, #1714, #2306, .T. ) ;
#2828 = DIRECTION ( 'NONE',  ( 1.000000000000000000, 0.000000000000000000, 0.000000000000000000 ) ) ;
#2829 = CARTESIAN_POINT ( 'NONE',  ( 2.485206228867137934, 12.13520622886713163, -3.000000000000000000 ) ) ;
#2830 = CARTESIAN_POINT ( 'NONE',  ( 15.19785084079918036, 12.84785084079917006, 0.000000000000000000 ) ) ;
#2831 = LINE ( 'NONE', #2550, #1658 ) ;
#2832 = FACE_OUTER_BOUND ( 'NONE', #1643, .T. ) ;
#2833 = ORIENTED_EDGE ( 'NONE', *, *, #1812, .T. ) ;
#2834 = ORIENTED_EDGE ( 'NONE', *, *, #226, .T. ) ;
#2835 = ORIENTED_EDGE ( 'NONE', *, *, #1547, .F. ) ;
#2836 = ORIENTED_EDGE ( 'NONE', *, *, #1541, .F. ) ;
#2837 = CARTESIAN_POINT ( 'NONE',  ( 2.838759619460410111, 11.78165283827385501, 0.000000000000000000 ) ) ;
#2838 = VECTOR ( 'NONE', #807, 1000.000000000000000 ) ;
#2839 = CARTESIAN_POINT ( 'NONE',  ( 9.514793771132863398, 12.13520622886713163, -3.000000000000000000 ) ) ;
#2840 = VERTEX_POINT ( 'NONE', #266 ) ;
#2841 = DIRECTION ( 'NONE',  ( -0.000000000000000000, 1.000000000000000000, -0.000000000000000000 ) ) ;
#2842 = FACE_OUTER_BOUND ( 'NONE', #1802, .T. ) ;
#2843 = EDGE_CURVE ( 'NONE', #3390, #2758, #547, .T. ) ;
#2844 = DIRECTION ( 'NONE',  ( 0.000000000000000000, 0.000000000000000000, 1.000000000000000000 ) ) ;
#2845 = CIRCLE ( 'NONE', #1266, 5.900000000000002132 ) ;
#2846 = AXIS2_PLACEMENT_3D ( 'NONE', #2144, #2419, #2747 ) ;
#2847 = CARTESIAN_POINT ( 'NONE',  ( -2.338759619460410555, 11.78165283827385501, -3.000000000000000000 ) ) ;
#2848 = CARTESIAN_POINT ( 'NONE',  ( -21.50000000000000000, 4.099999999999997868, -3.252606517456513302E-16 ) ) ;
#2849 = EDGE_CURVE ( 'NONE', #1861, #2077, #2143, .T. ) ;
#2850 = TOROIDAL_SURFACE ( 'NONE', #1839, 1.300000000000000044, 0.8000000000000000444 ) ;
#2851 = ORIENTED_EDGE ( 'NONE', *, *, #2570, .F. ) ;
#2852 = DIRECTION ( 'NONE',  ( -0.000000000000000000, 0.000000000000000000, 1.000000000000000000 ) ) ;
#2853 = AXIS2_PLACEMENT_3D ( 'NONE', #1935, #541, #855 ) ;
#2854 = DIRECTION ( 'NONE',  ( -0.000000000000000000, -0.000000000000000000, -1.000000000000000000 ) ) ;
#2855 = CIRCLE ( 'NONE', #3200, 0.7999999999999986011 ) ;
#2856 = ORIENTED_EDGE ( 'NONE', *, *, #1816, .T. ) ;
#2857 = VERTEX_POINT ( 'NONE', #1649 ) ;
#2858 = AXIS2_PLACEMENT_3D ( 'NONE', #1751, #889, #2275 ) ;
#2859 = PLANE ( 'NONE',  #1967 ) ;
#2860 = PLANE ( 'NONE',  #3042 ) ;
#2861 = ORIENTED_EDGE ( 'NONE', *, *, #3170, .F. ) ;
#2862 = CARTESIAN_POINT ( 'NONE',  ( -22.00000000000000000, 12.60000000000000320, -0.5000000000000000000 ) ) ;
#2863 = DIRECTION ( 'NONE',  ( 0.000000000000000000, 0.000000000000000000, -1.000000000000000000 ) ) ;
#2864 = CIRCLE ( 'NONE', #1463, 3.050000000000000711 ) ;
#2865 = ADVANCED_FACE ( 'NONE', ( #2398 ), #2710, .T. ) ;
#2866 = DIRECTION ( 'NONE',  ( 1.000000000000000000, 0.000000000000000000, 0.000000000000000000 ) ) ;
#2867 = VECTOR ( 'NONE', #1841, 1000.000000000000000 ) ;
#2868 = DIRECTION ( 'NONE',  ( 0.000000000000000000, -0.000000000000000000, -1.000000000000000000 ) ) ;
#2869 = CARTESIAN_POINT ( 'NONE',  ( -21.93391579814162995, 5.228181075168323311, -0.2494246608739473514 ) ) ;
#2870 = ADVANCED_FACE ( 'NONE', ( #789 ), #2, .T. ) ;
#2871 = ORIENTED_EDGE ( 'NONE', *, *, #2704, .T. ) ;
#2872 = CARTESIAN_POINT ( 'NONE',  ( -28.00000000000000000, 4.599999999999999645, 0.000000000000000000 ) ) ;
#2873 = DIRECTION ( 'NONE',  ( 1.000000000000000000, 0.000000000000000000, 0.000000000000000000 ) ) ;
#2874 = ORIENTED_EDGE ( 'NONE', *, *, #682, .F. ) ;
#2875 = ORIENTED_EDGE ( 'NONE', *, *, #3453, .T. ) ;
#2876 = LINE ( 'NONE', #1238, #3207 ) ;
#2877 = FACE_OUTER_BOUND ( 'NONE', #3072, .T. ) ;
#2878 = VERTEX_POINT ( 'NONE', #1885 ) ;
#2879 = DIRECTION ( 'NONE',  ( -0.000000000000000000, -0.000000000000000000, 1.000000000000000000 ) ) ;
#2880 = FACE_OUTER_BOUND ( 'NONE', #545, .T. ) ;
#2881 = CARTESIAN_POINT ( 'NONE',  ( 21.51479377113286162, 12.13520622886712808, 0.000000000000000000 ) ) ;
#2882 = CARTESIAN_POINT ( 'NONE',  ( 26.43893432094485973, 11.48142004415077899, -3.000000000000000000 ) ) ;
#2883 = CARTESIAN_POINT ( 'NONE',  ( 5.050000000000000711, 8.400000000000000355, 0.000000000000000000 ) ) ;
#2884 = EDGE_LOOP ( 'NONE', ( #2683, #408, #1893, #2889, #85 ) ) ;
#2885 = CARTESIAN_POINT ( 'NONE',  ( 29.00000000000000000, 4.599999999999999645, -3.262898863262211346 ) ) ;
#2886 = CARTESIAN_POINT ( 'NONE',  ( 27.55140423139245698, 12.49429745020589877, 0.000000000000000000 ) ) ;
#2887 = EDGE_CURVE ( 'NONE', #19, #246, #2957, .T. ) ;
#2888 = ORIENTED_EDGE ( 'NONE', *, *, #181, .T. ) ;
#2889 = ORIENTED_EDGE ( 'NONE', *, *, #2333, .T. ) ;
#2890 = DIRECTION ( 'NONE',  ( 0.000000000000000000, 0.000000000000000000, 1.000000000000000000 ) ) ;
#2891 = EDGE_CURVE ( 'NONE', #3354, #2657, #2193, .T. ) ;
#2892 = DIRECTION ( 'NONE',  ( 0.000000000000000000, 0.000000000000000000, -1.000000000000000000 ) ) ;
#2893 = VERTEX_POINT ( 'NONE', #842 ) ;
#2894 = CARTESIAN_POINT ( 'NONE',  ( -14.49999999999999822, 12.60000000000000142, -5.500000000000000000 ) ) ;
#2895 = CARTESIAN_POINT ( 'NONE',  ( -5.050000000000000711, 7.599999999999999645, -3.000000000000000000 ) ) ;
#2896 = VECTOR ( 'NONE', #1244, 1000.000000000000000 ) ;
#2897 = PLANE ( 'NONE',  #1174 ) ;
#2898 = LINE ( 'NONE', #472, #2727 ) ;
#2899 = VECTOR ( 'NONE', #1367, 1000.000000000000000 ) ;
#2900 = CIRCLE ( 'NONE', #3361, 1.650000000000000355 ) ;
#2901 = LINE ( 'NONE', #231, #1615 ) ;
#2902 = AXIS2_PLACEMENT_3D ( 'NONE', #2894, #3165, #749 ) ;
#2903 = AXIS2_PLACEMENT_3D ( 'NONE', #2383, #2331, #980 ) ;
#2904 = ORIENTED_EDGE ( 'NONE', *, *, #1831, .T. ) ;
#2905 = LINE ( 'NONE', #790, #824 ) ;
#2906 = CARTESIAN_POINT ( 'NONE',  ( 28.50000000000000000, 4.099999999999999645, -3.799999999999999822 ) ) ;
#2907 = VECTOR ( 'NONE', #1566, 1000.000000000000000 ) ;
#2908 = CIRCLE ( 'NONE', #3368, 0.5000000000000004441 ) ;
#2909 = EDGE_CURVE ( 'NONE', #1750, #900, #1354, .T. ) ;
#2910 = EDGE_LOOP ( 'NONE', ( #587, #357 ) ) ;
#2911 = EDGE_LOOP ( 'NONE', ( #704, #1453, #1091, #591 ) ) ;
#2912 = ORIENTED_EDGE ( 'NONE', *, *, #452, .T. ) ;
#2913 = DIRECTION ( 'NONE',  ( 0.000000000000000000, 0.000000000000000000, -1.000000000000000000 ) ) ;
#2914 = AXIS2_PLACEMENT_3D ( 'NONE', #1332, #2415, #3278 ) ;
#2915 = EDGE_CURVE ( 'NONE', #1630, #460, #2466, .T. ) ;
#2916 = CYLINDRICAL_SURFACE ( 'NONE', #3326, 5.050000000000000711 ) ;
#2917 = ORIENTED_EDGE ( 'NONE', *, *, #3411, .F. ) ;
#2918 = DIRECTION ( 'NONE',  ( 1.000000000000000000, 0.000000000000000000, 0.000000000000000000 ) ) ;
#2919 = DIRECTION ( 'NONE',  ( 0.000000000000000000, 0.000000000000000000, 1.000000000000000000 ) ) ;
#2920 = AXIS2_PLACEMENT_3D ( 'NONE', #1697, #864, #2773 ) ;
#2921 = CARTESIAN_POINT ( 'NONE',  ( 20.94999999999999929, 9.650000000000000355, -3.000000000000000000 ) ) ;
#2922 = CARTESIAN_POINT ( 'NONE',  ( 5.999999999999999112, 20.10000000000000142, -7.500000000000000000 ) ) ;
#2923 = VECTOR ( 'NONE', #1611, 1000.000000000000000 ) ;
#2924 = CARTESIAN_POINT ( 'NONE',  ( -22.29891074387850836, 4.407273363030195235, -0.1001665818436486971 ) ) ;
#2925 = AXIS2_PLACEMENT_3D ( 'NONE', #1042, #3055, #274 ) ;
#2926 = DIRECTION ( 'NONE',  ( -0.000000000000000000, -0.000000000000000000, -1.000000000000000000 ) ) ;
#2927 = FACE_OUTER_BOUND ( 'NONE', #505, .T. ) ;
#2928 = ORIENTED_EDGE ( 'NONE', *, *, #2936, .T. ) ;
#2929 = ORIENTED_EDGE ( 'NONE', *, *, #3220, .F. ) ;
#2930 = CARTESIAN_POINT ( 'NONE',  ( -14.49999999999999822, 12.60000000000000142, 0.000000000000000000 ) ) ;
#2931 = ORIENTED_EDGE ( 'NONE', *, *, #1345, .T. ) ;
#2932 = VERTEX_POINT ( 'NONE', #825 ) ;
#2933 = CARTESIAN_POINT ( 'NONE',  ( -7.500000000000000000, 12.59999999999999964, 0.000000000000000000 ) ) ;
#2934 = CARTESIAN_POINT ( 'NONE',  ( -22.19428446738241334, 4.747915493602993031, -5.970672972866053918 ) ) ;
#2935 = EDGE_CURVE ( 'NONE', #2184, #973, #2529, .T. ) ;
#2936 = EDGE_CURVE ( 'NONE', #990, #2334, #782, .T. ) ;
#2937 = CARTESIAN_POINT ( 'NONE',  ( -7.000000000000001776, 1.517883041479706010E-15, -6.000000000000000000 ) ) ;
#2938 = DIRECTION ( 'NONE',  ( 1.000000000000000000, -2.168404344971006896E-16, 0.000000000000000000 ) ) ;
#2939 = DIRECTION ( 'NONE',  ( 0.000000000000000000, -0.000000000000000000, -1.000000000000000000 ) ) ;
#2940 = ADVANCED_FACE ( 'NONE', ( #1936 ), #394, .T. ) ;
#2941 = VERTEX_POINT ( 'NONE', #569 ) ;
#2942 = CARTESIAN_POINT ( 'NONE',  ( -5.050000000000000711, 9.650000000000000355, 0.000000000000000000 ) ) ;
#2943 = DIRECTION ( 'NONE',  ( 0.000000000000000000, 0.000000000000000000, -1.000000000000000000 ) ) ;
#2944 = CARTESIAN_POINT ( 'NONE',  ( -22.00000000000000000, 4.599999999999999645, -5.500000000000000000 ) ) ;
#2945 = ORIENTED_EDGE ( 'NONE', *, *, #72, .F. ) ;
#2946 = ORIENTED_EDGE ( 'NONE', *, *, #463, .F. ) ;
#2947 = EDGE_CURVE ( 'NONE', #796, #2251, #1402, .T. ) ;
#2948 = CARTESIAN_POINT ( 'NONE',  ( -22.79999999999999361, 4.599999999999999645, -0.2071067811865475727 ) ) ;
#2949 = VERTEX_POINT ( 'NONE', #751 ) ;
#2950 = FACE_OUTER_BOUND ( 'NONE', #2884, .T. ) ;
#2951 = DIRECTION ( 'NONE',  ( -0.000000000000000000, 0.000000000000000000, 1.000000000000000000 ) ) ;
#2952 = CYLINDRICAL_SURFACE ( 'NONE', #566, 0.5000000000000004441 ) ;
#2953 = EDGE_CURVE ( 'NONE', #3344, #1446, #976, .T. ) ;
#2954 = DIRECTION ( 'NONE',  ( -2.168404344971007882E-16, -1.000000000000000000, 0.000000000000000000 ) ) ;
#2955 = LINE ( 'NONE', #2226, #995 ) ;
#2956 = ORIENTED_EDGE ( 'NONE', *, *, #1797, .T. ) ;
#2957 = LINE ( 'NONE', #3476, #1343 ) ;
#2958 = CIRCLE ( 'NONE', #537, 1.650000000000002132 ) ;
#2959 = EDGE_CURVE ( 'NONE', #2621, #2657, #220, .T. ) ;
#2960 = DIRECTION ( 'NONE',  ( -0.000000000000000000, 0.000000000000000000, 1.000000000000000000 ) ) ;
#2961 = CYLINDRICAL_SURFACE ( 'NONE', #2071, 3.000000000000000000 ) ;
#2962 = VECTOR ( 'NONE', #188, 1000.000000000000000 ) ;
#2963 = EDGE_LOOP ( 'NONE', ( #985, #1038, #1710, #1528 ) ) ;
#2964 = CIRCLE ( 'NONE', #1444, 2.499999999999999556 ) ;
#2965 = ORIENTED_EDGE ( 'NONE', *, *, #3174, .F. ) ;
#2966 = AXIS2_PLACEMENT_3D ( 'NONE', #2212, #16, #2436 ) ;
#2967 = DIRECTION ( 'NONE',  ( 0.000000000000000000, -1.000000000000000000, 0.000000000000000000 ) ) ;
#2968 = AXIS2_PLACEMENT_3D ( 'NONE', #2384, #2623, #2332 ) ;
#2969 = ORIENTED_EDGE ( 'NONE', *, *, #191, .F. ) ;
#2970 = ORIENTED_EDGE ( 'NONE', *, *, #967, .T. ) ;
#2971 = CARTESIAN_POINT ( 'NONE',  ( -3.941668432644374942, 12.80685760956918173, 0.000000000000000000 ) ) ;
#2972 = AXIS2_PLACEMENT_3D ( 'NONE', #1900, #567, #2709 ) ;
#2973 = CARTESIAN_POINT ( 'NONE',  ( 27.55140423139245698, 12.49429745020589877, -3.000000000000000000 ) ) ;
#2974 = CARTESIAN_POINT ( 'NONE',  ( 26.00000000000000711, 0.5000000000000000000, -11.50000000000000000 ) ) ;
#2975 = DIRECTION ( 'NONE',  ( -0.000000000000000000, 1.000000000000000000, -0.000000000000000000 ) ) ;
#2976 = AXIS2_PLACEMENT_3D ( 'NONE', #1417, #381, #3063 ) ;
#2977 = ADVANCED_FACE ( 'NONE', ( #1525 ), #3402, .F. ) ;
#2978 = AXIS2_PLACEMENT_3D ( 'NONE', #2406, #1064, #2151 ) ;
#2979 = CARTESIAN_POINT ( 'NONE',  ( 26.00000000000000711, 0.5000000000000004441, -9.000000000000001776 ) ) ;
#2980 = CARTESIAN_POINT ( 'NONE',  ( 21.66124038053959211, 11.78165283827385501, -3.000000000000000000 ) ) ;
#2981 = CARTESIAN_POINT ( 'NONE',  ( 21.56106567905514027, 11.48142004415077722, 0.000000000000000000 ) ) ;
#2982 = ADVANCED_FACE ( 'NONE', ( #3153, #2393, #228, #1847 ), #3471, .T. ) ;
#2983 = ADVANCED_FACE ( 'NONE', ( #2045 ), #1578, .T. ) ;
#2984 = VERTEX_POINT ( 'NONE', #2116 ) ;
#2985 = CIRCLE ( 'NONE', #2925, 0.8000000000000003775 ) ;
#2986 = EDGE_LOOP ( 'NONE', ( #2318, #2700, #1320, #730 ) ) ;
#2987 = DIRECTION ( 'NONE',  ( 0.000000000000000000, 0.000000000000000000, 1.000000000000000000 ) ) ;
#2988 = EDGE_LOOP ( 'NONE', ( #2540, #2528, #3301, #2403 ) ) ;
#2989 = ORIENTED_EDGE ( 'NONE', *, *, #2087, .T. ) ;
#2990 = DIRECTION ( 'NONE',  ( 0.000000000000000000, -0.000000000000000000, 1.000000000000000000 ) ) ;
#2991 = LINE ( 'NONE', #1594, #425 ) ;
#2992 = DIRECTION ( 'NONE',  ( -0.000000000000000000, 0.000000000000000000, 1.000000000000000000 ) ) ;
#2993 = CARTESIAN_POINT ( 'NONE',  ( 0.000000000000000000, 7.599999999999999645, 0.000000000000000000 ) ) ;
#2994 = LINE ( 'NONE', #2980, #3085 ) ;
#2995 = CARTESIAN_POINT ( 'NONE',  ( -7.500000000000001776, 1.626303258728256257E-15, -5.500000000000000000 ) ) ;
#2996 = ORIENTED_EDGE ( 'NONE', *, *, #503, .T. ) ;
#2997 = ORIENTED_EDGE ( 'NONE', *, *, #2915, .T. ) ;
#2998 = ORIENTED_EDGE ( 'NONE', *, *, #2935, .T. ) ;
#2999 = EDGE_CURVE ( 'NONE', #778, #1347, #2146, .T. ) ;
#3000 = DIRECTION ( 'NONE',  ( 0.000000000000000000, 0.000000000000000000, 1.000000000000000000 ) ) ;
#3001 = ORIENTED_EDGE ( 'NONE', *, *, #1770, .F. ) ;
#3002 = EDGE_CURVE ( 'NONE', #1272, #301, #2584, .T. ) ;
#3003 = CARTESIAN_POINT ( 'NONE',  ( -21.88256390826728293, 4.599999999999991651, -6.631939861731756203 ) ) ;
#3004 = CARTESIAN_POINT ( 'NONE',  ( 20.05833156735562639, 12.80685760956918173, -3.000000000000000000 ) ) ;
#3005 = PLANE ( 'NONE',  #2241 ) ;
#3006 = DIRECTION ( 'NONE',  ( 1.000000000000000000, -6.938893903907222067E-15, 0.000000000000000000 ) ) ;
#3007 = ADVANCED_FACE ( 'NONE', ( #3133 ), #2897, .T. ) ;
#3008 = DIRECTION ( 'NONE',  ( 0.000000000000000000, 0.000000000000000000, 1.000000000000000000 ) ) ;
#3009 = CARTESIAN_POINT ( 'NONE',  ( -21.50000000000000000, 12.60000000000000320, -6.000000000000000000 ) ) ;
#3010 = CARTESIAN_POINT ( 'NONE',  ( -21.79289321881345032, 4.861522368914976688, -2.706440459338798750E-16 ) ) ;
#3011 = VECTOR ( 'NONE', #3070, 1000.000000000000000 ) ;
#3012 = ORIENTED_EDGE ( 'NONE', *, *, #2999, .F. ) ;
#3013 = ORIENTED_EDGE ( 'NONE', *, *, #2037, .F. ) ;
#3014 = ORIENTED_EDGE ( 'NONE', *, *, #67, .T. ) ;
#3015 = CARTESIAN_POINT ( 'NONE',  ( -7.190448280235310463, 8.009286910024163930, 2.567906592516306880E-31 ) ) ;
#3016 = CIRCLE ( 'NONE', #2344, 0.5000000000000004441 ) ;
#3017 = CARTESIAN_POINT ( 'NONE',  ( 26.48520622886713838, 12.13520622886713340, -3.000000000000000000 ) ) ;
#3018 = EDGE_CURVE ( 'NONE', #1246, #3268, #50, .T. ) ;
#3019 = AXIS2_PLACEMENT_3D ( 'NONE', #2316, #2591, #393 ) ;
#3020 = VECTOR ( 'NONE', #2677, 1000.000000000000000 ) ;
#3021 = ORIENTED_EDGE ( 'NONE', *, *, #2783, .F. ) ;
#3022 = ORIENTED_EDGE ( 'NONE', *, *, #691, .F. ) ;
#3023 = CARTESIAN_POINT ( 'NONE',  ( 29.05000000000000071, 4.599999999999999645, -3.225466330706889373 ) ) ;
#3024 = CIRCLE ( 'NONE', #2350, 3.049999999999999822 ) ;
#3025 = EDGE_CURVE ( 'NONE', #2662, #955, #2813, .T. ) ;
#3026 = CARTESIAN_POINT ( 'NONE',  ( 26.00000000000000711, 0.000000000000000000, -11.50000000000000000 ) ) ;
#3027 = VECTOR ( 'NONE', #1443, 1000.000000000000000 ) ;
#3028 = CARTESIAN_POINT ( 'NONE',  ( 16.82500000000000639, 4.825000000000036593, 0.000000000000000000 ) ) ;
#3029 = CARTESIAN_POINT ( 'NONE',  ( 18.00000000000000000, 20.10000000000000142, -7.500000000000000000 ) ) ;
#3030 = AXIS2_PLACEMENT_3D ( 'NONE', #3401, #3182, #1013 ) ;
#3031 = ORIENTED_EDGE ( 'NONE', *, *, #3335, .F. ) ;
#3032 = CARTESIAN_POINT ( 'NONE',  ( 5.050000000000000711, 8.400000000000000355, -3.000000000000000000 ) ) ;
#3033 = VECTOR ( 'NONE', #938, 1000.000000000000000 ) ;
#3034 = CARTESIAN_POINT ( 'NONE',  ( 5.050000000000000711, 9.650000000000000355, 0.000000000000000000 ) ) ;
#3035 = VECTOR ( 'NONE', #2000, 1000.000000000000000 ) ;
#3036 = VERTEX_POINT ( 'NONE', #2881 ) ;
#3037 = ORIENTED_EDGE ( 'NONE', *, *, #769, .T. ) ;
#3038 = EDGE_LOOP ( 'NONE', ( #2286, #3213, #3446, #2119 ) ) ;
#3039 = DIRECTION ( 'NONE',  ( 0.000000000000000000, -0.000000000000000000, 1.000000000000000000 ) ) ;
#3040 = CIRCLE ( 'NONE', #3152, 0.5000000000000000000 ) ;
#3041 = CARTESIAN_POINT ( 'NONE',  ( 17.05000000000000426, 8.400000000000000355, -3.000000000000000000 ) ) ;
#3042 = AXIS2_PLACEMENT_3D ( 'NONE', #1010, #149, #504 ) ;
#3043 = VERTEX_POINT ( 'NONE', #1789 ) ;
#3044 = CARTESIAN_POINT ( 'NONE',  ( 29.03307968347911583, 4.599999999999999645, -3.237597651478635985 ) ) ;
#3045 = CARTESIAN_POINT ( 'NONE',  ( -7.000000000000000000, 8.400000000000000355, -0.5000000000000004441 ) ) ;
#3046 = FACE_OUTER_BOUND ( 'NONE', #398, .T. ) ;
#3047 = CARTESIAN_POINT ( 'NONE',  ( 29.05000000000000071, 4.599999999999999645, 0.000000000000000000 ) ) ;
#3048 = EDGE_CURVE ( 'NONE', #2217, #2893, #2755, .T. ) ;
#3049 = EDGE_CURVE ( 'NONE', #3329, #2077, #3040, .T. ) ;
#3050 = EDGE_LOOP ( 'NONE', ( #1931, #1407, #777, #3111 ) ) ;
#3051 = CYLINDRICAL_SURFACE ( 'NONE', #2014, 2.999999999999999112 ) ;
#3052 = DIRECTION ( 'NONE',  ( 1.000000000000000000, 0.000000000000000000, 0.000000000000000000 ) ) ;
#3053 = EDGE_CURVE ( 'NONE', #2932, #3161, #281, .T. ) ;
#3054 = ORIENTED_EDGE ( 'NONE', *, *, #3347, .T. ) ;
#3055 = DIRECTION ( 'NONE',  ( -0.000000000000000000, 0.000000000000000000, 1.000000000000000000 ) ) ;
#3056 = EDGE_LOOP ( 'NONE', ( #1856, #2110, #623, #2442 ) ) ;
#3057 = DIRECTION ( 'NONE',  ( 0.000000000000000000, 0.000000000000000000, -1.000000000000000000 ) ) ;
#3058 = LINE ( 'NONE', #3041, #2085 ) ;
#3059 = ADVANCED_FACE ( 'NONE', ( #208 ), #471, .F. ) ;
#3060 = ORIENTED_EDGE ( 'NONE', *, *, #2298, .F. ) ;
#3061 = ORIENTED_EDGE ( 'NONE', *, *, #717, .T. ) ;
#3062 = VERTEX_POINT ( 'NONE', #457 ) ;
#3063 = DIRECTION ( 'NONE',  ( -1.000000000000000000, 3.469446951953614189E-15, 0.000000000000000000 ) ) ;
#3064 = CYLINDRICAL_SURFACE ( 'NONE', #3212, 5.400000000000002132 ) ;
#3065 = MANIFOLD_SOLID_BREP ( 'Cut-Extrude1', #2066 ) ;
#3066 = DIRECTION ( 'NONE',  ( -1.000000000000000000, 0.000000000000000000, 0.000000000000000000 ) ) ;
#3067 = CARTESIAN_POINT ( 'NONE',  ( -22.56960594957530830, 4.633893883636931221, -5.500000000000000000 ) ) ;
#3068 = EDGE_CURVE ( 'NONE', #1022, #1625, #837, .T. ) ;
#3069 = ORIENTED_EDGE ( 'NONE', *, *, #720, .T. ) ;
#3070 = DIRECTION ( 'NONE',  ( 0.000000000000000000, -1.000000000000000000, 0.000000000000000000 ) ) ;
#3071 = EDGE_CURVE ( 'NONE', #900, #2238, #2261, .T. ) ;
#3072 = EDGE_LOOP ( 'NONE', ( #3037, #2492, #2819, #663 ) ) ;
#3073 = ORIENTED_EDGE ( 'NONE', *, *, #3018, .T. ) ;
#3074 = DIRECTION ( 'NONE',  ( 0.000000000000000000, 0.000000000000000000, -1.000000000000000000 ) ) ;
#3075 = CARTESIAN_POINT ( 'NONE',  ( -6.200000000000000178, 7.599999999999999645, 0.000000000000000000 ) ) ;
#3076 = VERTEX_POINT ( 'NONE', #801 ) ;
#3077 = VECTOR ( 'NONE', #3366, 1000.000000000000000 ) ;
#3078 = ORIENTED_EDGE ( 'NONE', *, *, #1316, .F. ) ;
#3079 = LINE ( 'NONE', #1146, #2082 ) ;
#3080 = CIRCLE ( 'NONE', #1610, 3.049999999999999822 ) ;
#3081 = AXIS2_PLACEMENT_3D ( 'NONE', #1886, #3280, #2484 ) ;
#3082 = DIRECTION ( 'NONE',  ( 0.000000000000000000, 0.000000000000000000, -1.000000000000000000 ) ) ;
#3083 = DIRECTION ( 'NONE',  ( -0.000000000000000000, 1.000000000000000000, -0.000000000000000000 ) ) ;
#3084 = AXIS2_PLACEMENT_3D ( 'NONE', #2033, #946, #3353 ) ;
#3085 = VECTOR ( 'NONE', #69, 1000.000000000000000 ) ;
#3086 = DIRECTION ( 'NONE',  ( 0.000000000000000000, -1.000000000000000000, 0.000000000000000000 ) ) ;
#3087 = AXIS2_PLACEMENT_3D ( 'NONE', #2463, #2992, #2447 ) ;
#3088 = CARTESIAN_POINT ( 'NONE',  ( 20.94999999999999929, 9.650000000000000355, 0.000000000000000000 ) ) ;
#3089 = CARTESIAN_POINT ( 'NONE',  ( 29.05000000000000071, 0.000000000000000000, -3.000000000000000000 ) ) ;
#3090 = AXIS2_PLACEMENT_3D ( 'NONE', #803, #3243, #66 ) ;
#3091 = EDGE_CURVE ( 'NONE', #1555, #1713, #112, .T. ) ;
#3092 = EDGE_LOOP ( 'NONE', ( #2034, #1925, #2575, #461 ) ) ;
#3093 = AXIS2_PLACEMENT_3D ( 'NONE', #2837, #2374, #1219 ) ;
#3094 = ORIENTED_EDGE ( 'NONE', *, *, #2382, .F. ) ;
#3095 = DIRECTION ( 'NONE',  ( -0.000000000000000000, -0.000000000000000000, 1.000000000000000000 ) ) ;
#3096 = EDGE_CURVE ( 'NONE', #2785, #3238, #1880, .T. ) ;
#3097 = EDGE_LOOP ( 'NONE', ( #3179, #1358, #1454, #1494 ) ) ;
#3098 = ORIENTED_EDGE ( 'NONE', *, *, #3068, .T. ) ;
#3099 = CARTESIAN_POINT ( 'NONE',  ( 24.00000000000000000, 9.650000000000000355, 0.000000000000000000 ) ) ;
#3100 = AXIS2_PLACEMENT_3D ( 'NONE', #972, #958, #2892 ) ;
#3101 = CARTESIAN_POINT ( 'NONE',  ( -28.00000000000000000, 4.099999999999999645, 0.000000000000000000 ) ) ;
#3102 = DIRECTION ( 'NONE',  ( 0.000000000000000000, -1.000000000000000000, 0.000000000000000000 ) ) ;
#3103 = LINE ( 'NONE', #1476, #3314 ) ;
#3104 = CARTESIAN_POINT ( 'NONE',  ( 8.949999999999999289, 9.650000000000000355, 0.000000000000000000 ) ) ;
#3105 = CARTESIAN_POINT ( 'NONE',  ( -21.50000000000000000, 4.599999999999999645, -0.5000000000000000000 ) ) ;
#3106 = VERTEX_POINT ( 'NONE', #259 ) ;
#3107 = ORIENTED_EDGE ( 'NONE', *, *, #720, .F. ) ;
#3108 = DIRECTION ( 'NONE',  ( -1.000000000000000000, 0.000000000000000000, -0.000000000000000000 ) ) ;
#3109 = ADVANCED_FACE ( 'NONE', ( #2207 ), #2952, .T. ) ;
#3110 = ORIENTED_EDGE ( 'NONE', *, *, #2644, .T. ) ;
#3111 = ORIENTED_EDGE ( 'NONE', *, *, #1252, .T. ) ;
#3112 = DIRECTION ( 'NONE',  ( -1.000000000000000000, -1.040834085586083310E-14, 0.000000000000000000 ) ) ;
#3113 = EDGE_CURVE ( 'NONE', #2646, #1433, #2707, .T. ) ;
#3114 = DIRECTION ( 'NONE',  ( 0.000000000000000000, 0.000000000000000000, -1.000000000000000000 ) ) ;
#3115 = DIRECTION ( 'NONE',  ( -1.000000000000000000, 0.000000000000000000, 0.000000000000000000 ) ) ;
#3116 = FACE_OUTER_BOUND ( 'NONE', #3379, .T. ) ;
#3117 = CARTESIAN_POINT ( 'NONE',  ( 26.83875961946041144, 11.78165283827385679, 0.000000000000000000 ) ) ;
#3118 = CYLINDRICAL_SURFACE ( 'NONE', #2738, 1.650000000000000355 ) ;
#3119 = FACE_OUTER_BOUND ( 'NONE', #3056, .T. ) ;
#3120 = ORIENTED_EDGE ( 'NONE', *, *, #3096, .T. ) ;
#3121 = EDGE_LOOP ( 'NONE', ( #3124, #2477, #34, #95 ) ) ;
#3122 = DIRECTION ( 'NONE',  ( -1.000000000000000000, 0.000000000000000000, 0.000000000000000000 ) ) ;
#3123 = ADVANCED_BREP_SHAPE_REPRESENTATION ( 'Pneumatic_and_Electrical_Harness', ( #3065, #395 ), #1916 ) ;
#3124 = ORIENTED_EDGE ( 'NONE', *, *, #3002, .F. ) ;
#3125 = ORIENTED_EDGE ( 'NONE', *, *, #1025, .T. ) ;
#3126 = LINE ( 'NONE', #483, #389 ) ;
#3127 = EDGE_CURVE ( 'NONE', #1440, #397, #406, .T. ) ;
#3128 = CARTESIAN_POINT ( 'NONE',  ( -25.00000000000000000, 0.5000000000000000000, -11.50000000000000178 ) ) ;
#3129 = EDGE_LOOP ( 'NONE', ( #2686, #1194, #143, #3391 ) ) ;
#3130 = CARTESIAN_POINT ( 'NONE',  ( 29.00000000000000000, 4.099999999999999645, -3.799999999999999822 ) ) ;
#3131 = FACE_OUTER_BOUND ( 'NONE', #500, .T. ) ;
#3132 = CIRCLE ( 'NONE', #2563, 3.050000000000000711 ) ;
#3133 = FACE_OUTER_BOUND ( 'NONE', #2666, .T. ) ;
#3134 = AXIS2_PLACEMENT_3D ( 'NONE', #2821, #3057, #3122 ) ;
#3135 = CIRCLE ( 'NONE', #543, 2.999999999999999112 ) ;
#3136 = DIRECTION ( 'NONE',  ( -2.168404344971007882E-16, -1.000000000000000000, 0.000000000000000000 ) ) ;
#3137 = CARTESIAN_POINT ( 'NONE',  ( -21.97446305121760801, 5.333603933165824706, -0.3388921682181038619 ) ) ;
#3138 = VECTOR ( 'NONE', #3461, 1000.000000000000000 ) ;
#3139 = ORIENTED_EDGE ( 'NONE', *, *, #2221, .T. ) ;
#3140 = LINE ( 'NONE', #725, #94 ) ;
#3141 = CARTESIAN_POINT ( 'NONE',  ( 29.05000000000000426, 5.035712057927442586, -3.023016636627886111 ) ) ;
#3142 = VECTOR ( 'NONE', #1557, 1000.000000000000000 ) ;
#3143 = EDGE_LOOP ( 'NONE', ( #734, #1079, #2928, #1732 ) ) ;
#3144 = ORIENTED_EDGE ( 'NONE', *, *, #3267, .F. ) ;
#3145 = AXIS2_PLACEMENT_3D ( 'NONE', #710, #2354, #1484 ) ;
#3146 = DIRECTION ( 'NONE',  ( 0.000000000000000000, 0.000000000000000000, -1.000000000000000000 ) ) ;
#3147 = VECTOR ( 'NONE', #2967, 1000.000000000000000 ) ;
#3148 = FACE_OUTER_BOUND ( 'NONE', #723, .T. ) ;
#3149 = ORIENTED_EDGE ( 'NONE', *, *, #2174, .T. ) ;
#3150 = DIRECTION ( 'NONE',  ( 0.000000000000000000, 0.000000000000000000, 1.000000000000000000 ) ) ;
#3151 = DIRECTION ( 'NONE',  ( 0.000000000000000000, -1.000000000000000000, 0.000000000000000000 ) ) ;
#3152 = AXIS2_PLACEMENT_3D ( 'NONE', #1243, #2326, #2083 ) ;
#3153 = FACE_OUTER_BOUND ( 'NONE', #2323, .T. ) ;
#3154 = CARTESIAN_POINT ( 'NONE',  ( 27.94166843264437361, 12.80685760956918529, -3.000000000000000000 ) ) ;
#3155 = CARTESIAN_POINT ( 'NONE',  ( -22.53363991681829148, 4.497553814160872854, -0.1950051061063928226 ) ) ;
#3156 = ORIENTED_EDGE ( 'NONE', *, *, #2152, .F. ) ;
#3157 = EDGE_CURVE ( 'NONE', #3428, #426, #2431, .T. ) ;
#3158 = DIRECTION ( 'NONE',  ( 0.000000000000000000, 0.000000000000000000, 1.000000000000000000 ) ) ;
#3159 = CARTESIAN_POINT ( 'NONE',  ( 0.000000000000000000, 0.000000000000000000, -11.50000000000000000 ) ) ;
#3160 = ORIENTED_EDGE ( 'NONE', *, *, #2947, .F. ) ;
#3161 = VERTEX_POINT ( 'NONE', #2740 ) ;
#3162 = DIRECTION ( 'NONE',  ( 0.000000000000000000, 0.000000000000000000, 1.000000000000000000 ) ) ;
#3163 = CARTESIAN_POINT ( 'NONE',  ( 24.00000000000000000, 9.650000000000000355, 0.000000000000000000 ) ) ;
#3164 = EDGE_LOOP ( 'NONE', ( #3360, #125, #3233, #236 ) ) ;
#3165 = DIRECTION ( 'NONE',  ( -0.000000000000000000, 0.000000000000000000, 1.000000000000000000 ) ) ;
#3166 = DIRECTION ( 'NONE',  ( 1.000000000000000000, 0.000000000000000000, 0.000000000000000000 ) ) ;
#3167 = DIRECTION ( 'NONE',  ( 1.000000000000000000, 0.000000000000000000, 0.000000000000000000 ) ) ;
#3168 = LINE ( 'NONE', #1810, #759 ) ;
#3169 = CARTESIAN_POINT ( 'NONE',  ( -21.49999999999999645, 4.099999999999998757, -3.252606517456513302E-16 ) ) ;
#3170 = EDGE_CURVE ( 'NONE', #2893, #38, #578, .T. ) ;
#3171 = ORIENTED_EDGE ( 'NONE', *, *, #289, .T. ) ;
#3172 = CARTESIAN_POINT ( 'NONE',  ( -28.00000000000000000, 0.5000000000000004441, -9.000000000000001776 ) ) ;
#3173 = DIRECTION ( 'NONE',  ( -0.000000000000000000, 0.000000000000000000, 1.000000000000000000 ) ) ;
#3174 = EDGE_CURVE ( 'NONE', #464, #1653, #1366, .T. ) ;
#3175 = VERTEX_POINT ( 'NONE', #12 ) ;
#3176 = ORIENTED_EDGE ( 'NONE', *, *, #340, .T. ) ;
#3177 = CARTESIAN_POINT ( 'NONE',  ( 9.161240380539590333, 11.78165283827385679, -3.000000000000000000 ) ) ;
#3178 = PLANE ( 'NONE',  #2092 ) ;
#3179 = ORIENTED_EDGE ( 'NONE', *, *, #3310, .F. ) ;
#3180 = EDGE_CURVE ( 'NONE', #1818, #2089, #2310, .T. ) ;
#3181 = CARTESIAN_POINT ( 'NONE',  ( 0.000000000000000000, 9.650000000000000355, 0.000000000000000000 ) ) ;
#3182 = DIRECTION ( 'NONE',  ( 0.000000000000000000, -1.000000000000000000, 0.000000000000000000 ) ) ;
#3183 = CIRCLE ( 'NONE', #2065, 3.050000000000000711 ) ;
#3184 = CARTESIAN_POINT ( 'NONE',  ( 4.825000000000004619, 4.825000000000036593, -3.000000000000000000 ) ) ;
#3185 = LINE ( 'NONE', #3440, #152 ) ;
#3186 = CIRCLE ( 'NONE', #2508, 2.999999999999999112 ) ;
#3187 = CARTESIAN_POINT ( 'NONE',  ( -21.87669340437481225, 5.079402851374512196, -0.1695866231882648123 ) ) ;
#3188 = AXIS2_PLACEMENT_3D ( 'NONE', #2079, #735, #2561 ) ;
#3189 = ORIENTED_EDGE ( 'NONE', *, *, #1229, .T. ) ;
#3190 = FACE_OUTER_BOUND ( 'NONE', #2613, .T. ) ;
#3191 = CARTESIAN_POINT ( 'NONE',  ( 20.44859576860754657, 12.49429745020589522, -3.000000000000000000 ) ) ;
#3192 = ADVANCED_FACE ( 'NONE', ( #1865 ), #2445, .F. ) ;
#3193 = AXIS2_PLACEMENT_3D ( 'NONE', #827, #2177, #2196 ) ;
#3194 = TOROIDAL_SURFACE ( 'NONE', #3481, 5.900000000000002132, 0.5000000000000000000 ) ;
#3195 = EDGE_LOOP ( 'NONE', ( #271, #1913, #2728, #2284 ) ) ;
#3196 = ORIENTED_EDGE ( 'NONE', *, *, #1468, .T. ) ;
#3197 = EDGE_CURVE ( 'NONE', #1034, #968, #1230, .T. ) ;
#3198 = EDGE_CURVE ( 'NONE', #851, #1669, #1592, .T. ) ;
#3199 = DIRECTION ( 'NONE',  ( 0.000000000000000000, 0.000000000000000000, 1.000000000000000000 ) ) ;
#3200 = AXIS2_PLACEMENT_3D ( 'NONE', #1190, #2548, #2278 ) ;
#3201 = B_SPLINE_CURVE_WITH_KNOTS ( 'NONE', 3,
 ( #3067, #2536, #669, #1739 ),
 .UNSPECIFIED., .F., .F.,
 ( 4, 4 ),
 ( 0.000000000000000000, 0.0003133341606421903244 ),
 .UNSPECIFIED. ) ;
#3202 = ORIENTED_EDGE ( 'NONE', *, *, #3197, .T. ) ;
#3203 = VECTOR ( 'NONE', #613, 1000.000000000000000 ) ;
#3204 = ADVANCED_FACE ( 'NONE', ( #868 ), #1683, .T. ) ;
#3205 = FACE_OUTER_BOUND ( 'NONE', #3038, .T. ) ;
#3206 = CARTESIAN_POINT ( 'NONE',  ( 28.50000000000000355, 4.599999999999999645, -9.000000000000001776 ) ) ;
#3207 = VECTOR ( 'NONE', #2320, 1000.000000000000000 ) ;
#3208 = DIRECTION ( 'NONE',  ( -0.000000000000000000, -0.000000000000000000, -1.000000000000000000 ) ) ;
#3209 = DIRECTION ( 'NONE',  ( 0.000000000000000000, 0.000000000000000000, -1.000000000000000000 ) ) ;
#3210 = AXIS2_PLACEMENT_3D ( 'NONE', #242, #1307, #2379 ) ;
#3211 = CARTESIAN_POINT ( 'NONE',  ( -24.60000000000000142, 4.599999999999999645, -7.500000000000000000 ) ) ;
#3212 = AXIS2_PLACEMENT_3D ( 'NONE', #100, #3332, #908 ) ;
#3213 = ORIENTED_EDGE ( 'NONE', *, *, #1201, .T. ) ;
#3214 = DIRECTION ( 'NONE',  ( -1.000000000000000000, 6.938893903907228378E-15, 0.000000000000000000 ) ) ;
#3215 = DIRECTION ( 'NONE',  ( -0.000000000000000000, 1.000000000000000000, -0.000000000000000000 ) ) ;
#3216 = CARTESIAN_POINT ( 'NONE',  ( -24.60000000000000142, 20.10000000000000142, -5.850000000000001421 ) ) ;
#3217 = EDGE_LOOP ( 'NONE', ( #2521, #2113, #2488, #1416 ) ) ;
#3218 = ORIENTED_EDGE ( 'NONE', *, *, #3170, .T. ) ;
#3219 = LINE ( 'NONE', #517, #3147 ) ;
#3220 = EDGE_CURVE ( 'NONE', #3251, #955, #2864, .T. ) ;
#3221 =( NAMED_UNIT ( * ) SI_UNIT ( $, .STERADIAN. ) SOLID_ANGLE_UNIT ( ) );
#3222 = VERTEX_POINT ( 'NONE', #2005 ) ;
#3223 = CARTESIAN_POINT ( 'NONE',  ( 5.050000000000000711, 8.400000000000000355, -3.000000000000000000 ) ) ;
#3224 = CARTESIAN_POINT ( 'NONE',  ( -25.00000000000000000, 4.599999999999999645, -12.00000000000000000 ) ) ;
#3225 = ADVANCED_FACE ( 'NONE', ( #3346 ), #131, .F. ) ;
#3226 =( LENGTH_UNIT ( ) NAMED_UNIT ( * ) SI_UNIT ( .MILLI., .METRE. ) );
#3227 = LINE ( 'NONE', #579, #3473 ) ;
#3228 = DIRECTION ( 'NONE',  ( 0.000000000000000000, 0.000000000000000000, -1.000000000000000000 ) ) ;
#3229 = EDGE_LOOP ( 'NONE', ( #2580, #2751, #2542, #3406 ) ) ;
#3230 = DIRECTION ( 'NONE',  ( 1.000000000000000000, 0.000000000000000000, 0.000000000000000000 ) ) ;
#3231 = FACE_OUTER_BOUND ( 'NONE', #1324, .T. ) ;
#3232 = DIRECTION ( 'NONE',  ( -0.000000000000000000, -0.000000000000000000, 1.000000000000000000 ) ) ;
#3233 = ORIENTED_EDGE ( 'NONE', *, *, #987, .F. ) ;
#3234 = VERTEX_POINT ( 'NONE', #2224 ) ;
#3235 = ORIENTED_EDGE ( 'NONE', *, *, #2915, .F. ) ;
#3236 = CARTESIAN_POINT ( 'NONE',  ( -14.49999999999999822, 12.60000000000000142, -0.5000000000000004441 ) ) ;
#3237 = VERTEX_POINT ( 'NONE', #2289 ) ;
#3238 = VERTEX_POINT ( 'NONE', #635 ) ;
#3239 = CARTESIAN_POINT ( 'NONE',  ( -22.01575928073591015, 4.680413507520021277, -6.292165502738101601 ) ) ;
#3240 = EDGE_CURVE ( 'NONE', #2109, #3043, #1171, .T. ) ;
#3241 = CARTESIAN_POINT ( 'NONE',  ( 4.825000000000004619, 4.825000000000036593, -3.000000000000000000 ) ) ;
#3242 = CARTESIAN_POINT ( 'NONE',  ( 12.00000000000000000, 9.650000000000000355, -3.000000000000000000 ) ) ;
#3243 = DIRECTION ( 'NONE',  ( -0.000000000000000000, 0.000000000000000000, 1.000000000000000000 ) ) ;
#3244 = EDGE_CURVE ( 'NONE', #1669, #3460, #1912, .T. ) ;
#3245 = DIRECTION ( 'NONE',  ( 0.000000000000000000, 0.000000000000000000, -1.000000000000000000 ) ) ;
#3246 = VECTOR ( 'NONE', #3150, 1000.000000000000000 ) ;
#3247 = CARTESIAN_POINT ( 'NONE',  ( -14.49999999999999822, 12.60000000000000142, -5.500000000000000000 ) ) ;
#3248 = CARTESIAN_POINT ( 'NONE',  ( 9.161240380539590333, 11.78165283827385679, 0.000000000000000000 ) ) ;
#3249 = ORIENTED_EDGE ( 'NONE', *, *, #202, .F. ) ;
#3250 = VECTOR ( 'NONE', #1078, 1000.000000000000000 ) ;
#3251 = VERTEX_POINT ( 'NONE', #414 ) ;
#3252 = CIRCLE ( 'NONE', #1497, 0.5000000000000000000 ) ;
#3253 = DIRECTION ( 'NONE',  ( -0.7071067811865499042, 0.7071067811865451302, 0.000000000000000000 ) ) ;
#3254 = CIRCLE ( 'NONE', #1727, 0.5000000000000004441 ) ;
#3255 = VERTEX_POINT ( 'NONE', #2761 ) ;
#3256 = CARTESIAN_POINT ( 'NONE',  ( 18.00000000000000000, 4.599999999999999645, -9.150000000000002132 ) ) ;
#3257 = DIRECTION ( 'NONE',  ( 1.000000000000000000, 0.000000000000000000, 0.000000000000000000 ) ) ;
#3258 = DIRECTION ( 'NONE',  ( -0.000000000000000000, 0.000000000000000000, 1.000000000000000000 ) ) ;
#3259 = CARTESIAN_POINT ( 'NONE',  ( -7.000000000000000888, 5.400000000000000355, -5.500000000000000000 ) ) ;
#3260 = AXIS2_PLACEMENT_3D ( 'NONE', #694, #427, #167 ) ;
#3261 = EDGE_CURVE ( 'NONE', #931, #990, #891, .T. ) ;
#3262 = VECTOR ( 'NONE', #92, 1000.000000000000000 ) ;
#3263 = DIRECTION ( 'NONE',  ( 0.000000000000000000, 0.000000000000000000, -1.000000000000000000 ) ) ;
#3264 = DIRECTION ( 'NONE',  ( 0.000000000000000000, 0.000000000000000000, 1.000000000000000000 ) ) ;
#3265 = LINE ( 'NONE', #1371, #3479 ) ;
#3266 = AXIS2_PLACEMENT_3D ( 'NONE', #1918, #1646, #818 ) ;
#3267 = EDGE_CURVE ( 'NONE', #2785, #421, #229, .T. ) ;
#3268 = VERTEX_POINT ( 'NONE', #3045 ) ;
#3269 = ORIENTED_EDGE ( 'NONE', *, *, #2129, .T. ) ;
#3270 = VERTEX_POINT ( 'NONE', #1485 ) ;
#3271 = PLANE ( 'NONE',  #1004 ) ;
#3272 = ORIENTED_EDGE ( 'NONE', *, *, #2051, .T. ) ;
#3273 = ORIENTED_EDGE ( 'NONE', *, *, #1220, .F. ) ;
#3274 = DIRECTION ( 'NONE',  ( 0.000000000000000000, 0.000000000000000000, -1.000000000000000000 ) ) ;
#3275 = ADVANCED_FACE ( 'NONE', ( #2777 ), #120, .F. ) ;
#3276 = CARTESIAN_POINT ( 'NONE',  ( -6.200000000000001066, 4.599999999999999645, -3.799999999999999822 ) ) ;
#3277 = LINE ( 'NONE', #296, #2899 ) ;
#3278 = DIRECTION ( 'NONE',  ( 0.000000000000000000, 0.000000000000000000, -1.000000000000000000 ) ) ;
#3279 = CARTESIAN_POINT ( 'NONE',  ( -5.050000000000000711, 0.000000000000000000, -3.000000000000000000 ) ) ;
#3280 = DIRECTION ( 'NONE',  ( 0.000000000000000000, 0.000000000000000000, -1.000000000000000000 ) ) ;
#3281 = CARTESIAN_POINT ( 'NONE',  ( -7.500000000000000000, 7.599999999999999645, -0.5000000000000004441 ) ) ;
#3282 = ADVANCED_FACE ( 'NONE', ( #365 ), #1436, .T. ) ;
#3283 = VERTEX_POINT ( 'NONE', #3026 ) ;
#3284 = ORIENTED_EDGE ( 'NONE', *, *, #2784, .F. ) ;
#3285 = ORIENTED_EDGE ( 'NONE', *, *, #3387, .T. ) ;
#3286 = CARTESIAN_POINT ( 'NONE',  ( -14.49999999999999822, 12.60000000000000142, 0.000000000000000000 ) ) ;
#3287 = CARTESIAN_POINT ( 'NONE',  ( -22.00000000000000000, 12.60000000000000320, -0.5000000000000004441 ) ) ;
#3288 = ADVANCED_FACE ( 'NONE', ( #2263 ), #1857, .T. ) ;
#3289 = ORIENTED_EDGE ( 'NONE', *, *, #845, .T. ) ;
#3290 = ORIENTED_EDGE ( 'NONE', *, *, #2675, .T. ) ;
#3291 = CYLINDRICAL_SURFACE ( 'NONE', #1850, 0.5000000000000004441 ) ;
#3292 = CARTESIAN_POINT ( 'NONE',  ( 29.00000000000000000, 4.599999999999999645, 0.000000000000000000 ) ) ;
#3293 = DIRECTION ( 'NONE',  ( 0.000000000000000000, 0.000000000000000000, -1.000000000000000000 ) ) ;
#3294 = LINE ( 'NONE', #1614, #1898 ) ;
#3295 = ORIENTED_EDGE ( 'NONE', *, *, #1019, .T. ) ;
#3296 = CARTESIAN_POINT ( 'NONE',  ( -28.00000000000000000, 4.599999999999999645, 0.000000000000000000 ) ) ;
#3297 = LINE ( 'NONE', #2468, #1724 ) ;
#3298 = VECTOR ( 'NONE', #354, 1000.000000000000000 ) ;
#3299 = EDGE_LOOP ( 'NONE', ( #1725, #2518, #3014, #531 ) ) ;
#3300 = EDGE_CURVE ( 'NONE', #1947, #3329, #2585, .T. ) ;
#3301 = ORIENTED_EDGE ( 'NONE', *, *, #3459, .F. ) ;
#3302 = DIRECTION ( 'NONE',  ( 1.000000000000000000, 0.000000000000000000, 0.000000000000000000 ) ) ;
#3303 = VECTOR ( 'NONE', #1073, 1000.000000000000000 ) ;
#3304 = CARTESIAN_POINT ( 'NONE',  ( -24.60000000000000142, 20.10000000000000142, -7.500000000000000000 ) ) ;
#3305 = VECTOR ( 'NONE', #2050, 1000.000000000000000 ) ;
#3306 = ADVANCED_FACE ( 'NONE', ( #2512 ), #3064, .F. ) ;
#3307 = EDGE_CURVE ( 'NONE', #1440, #36, #1991, .T. ) ;
#3308 = ORIENTED_EDGE ( 'NONE', *, *, #2827, .T. ) ;
#3309 = CARTESIAN_POINT ( 'NONE',  ( 2.438934320944859735, 11.48142004415077722, 0.000000000000000000 ) ) ;
#3310 = EDGE_CURVE ( 'NONE', #900, #1034, #1459, .T. ) ;
#3311 = CARTESIAN_POINT ( 'NONE',  ( -14.49999999999999822, 12.60000000000000142, -6.000000000000000000 ) ) ;
#3312 = CARTESIAN_POINT ( 'NONE',  ( 20.80214915920081964, 12.84785084079916651, 0.000000000000000000 ) ) ;
#3313 = LINE ( 'NONE', #2764, #2020 ) ;
#3314 = VECTOR ( 'NONE', #416, 1000.000000000000000 ) ;
#3315 = ORIENTED_EDGE ( 'NONE', *, *, #756, .F. ) ;
#3316 = DIRECTION ( 'NONE',  ( 1.000000000000000000, 0.000000000000000000, 0.000000000000000000 ) ) ;
#3317 = CARTESIAN_POINT ( 'NONE',  ( -14.49999999999999822, 12.60000000000000142, -0.5000000000000004441 ) ) ;
#3318 = EDGE_CURVE ( 'NONE', #2878, #1926, #2641, .T. ) ;
#3319 = AXIS2_PLACEMENT_3D ( 'NONE', #806, #1387, #2696 ) ;
#3320 = ORIENTED_EDGE ( 'NONE', *, *, #1408, .F. ) ;
#3321 = CARTESIAN_POINT ( 'NONE',  ( 0.000000000000000000, 0.000000000000000000, 0.000000000000000000 ) ) ;
#3322 = VERTEX_POINT ( 'NONE', #1288 ) ;
#3323 = LINE ( 'NONE', #659, #767 ) ;
#3324 = AXIS2_PLACEMENT_3D ( 'NONE', #3311, #1200, #2828 ) ;
#3325 = LINE ( 'NONE', #361, #3490 ) ;
#3326 = AXIS2_PLACEMENT_3D ( 'NONE', #1536, #2612, #3433 ) ;
#3327 = ORIENTED_EDGE ( 'NONE', *, *, #2356, .T. ) ;
#3328 = EDGE_LOOP ( 'NONE', ( #902, #576, #2233 ) ) ;
#3329 = VERTEX_POINT ( 'NONE', #747 ) ;
#3330 = CARTESIAN_POINT ( 'NONE',  ( -24.60000000000000142, 19.59999999999999787, -7.500000000000000000 ) ) ;
#3331 = ADVANCED_FACE ( 'NONE', ( #2338 ), #2860, .F. ) ;
#3332 = DIRECTION ( 'NONE',  ( -0.000000000000000000, -0.000000000000000000, 1.000000000000000000 ) ) ;
#3333 = CARTESIAN_POINT ( 'NONE',  ( -22.00000000000000000, 5.400000000000000355, -5.500000000000000000 ) ) ;
#3334 = CARTESIAN_POINT ( 'NONE',  ( 26.00000000000000711, 0.5000000000000000000, -12.00000000000000000 ) ) ;
#3335 = EDGE_CURVE ( 'NONE', #2820, #1363, #3414, .T. ) ;
#3336 = EDGE_LOOP ( 'NONE', ( #3001, #373, #1672, #1983 ) ) ;
#3337 = CARTESIAN_POINT ( 'NONE',  ( -25.00000000000000000, 0.5000000000000004441, -3.000000000000000000 ) ) ;
#3338 = CARTESIAN_POINT ( 'NONE',  ( 17.05000000000000426, 9.650000000000000355, -3.000000000000000000 ) ) ;
#3339 = VERTEX_POINT ( 'NONE', #1554 ) ;
#3340 = EDGE_LOOP ( 'NONE', ( #2730, #3218, #1652, #1198 ) ) ;
#3341 = CARTESIAN_POINT ( 'NONE',  ( -21.50000000000000000, 0.000000000000000000, -5.500000000000000000 ) ) ;
#3342 = CARTESIAN_POINT ( 'NONE',  ( 21.51479377113286162, 12.13520622886712985, -3.000000000000000000 ) ) ;
#3343 = ORIENTED_EDGE ( 'NONE', *, *, #84, .T. ) ;
#3344 = VERTEX_POINT ( 'NONE', #1221 ) ;
#3345 = CARTESIAN_POINT ( 'NONE',  ( -6.200000000000000178, 7.599999999999999645, -3.000000000000000000 ) ) ;
#3346 = FACE_OUTER_BOUND ( 'NONE', #3129, .T. ) ;
#3347 = EDGE_CURVE ( 'NONE', #3322, #2941, #1517, .T. ) ;
#3348 = DIRECTION ( 'NONE',  ( 0.000000000000000000, 0.000000000000000000, -1.000000000000000000 ) ) ;
#3349 = CARTESIAN_POINT ( 'NONE',  ( 26.00000000000000711, 4.099999999999999645, -12.00000000000000000 ) ) ;
#3350 = ADVANCED_FACE ( 'NONE', ( #2076 ), #697, .T. ) ;
#3351 = CARTESIAN_POINT ( 'NONE',  ( 3.941668432644374054, 12.80685760956918351, -3.000000000000000000 ) ) ;
#3352 = EDGE_CURVE ( 'NONE', #1347, #778, #451, .T. ) ;
#3353 = DIRECTION ( 'NONE',  ( -0.7071067811865499042, 0.7071067811865451302, 0.000000000000000000 ) ) ;
#3354 = VERTEX_POINT ( 'NONE', #989 ) ;
#3355 = ORIENTED_EDGE ( 'NONE', *, *, #2887, .F. ) ;
#3356 = CARTESIAN_POINT ( 'NONE',  ( 14.48520622886713838, 12.13520622886712985, -3.000000000000000000 ) ) ;
#3357 = B_SPLINE_CURVE_WITH_KNOTS ( 'NONE', 3,
 ( #3130, #432, #2633, #150 ),
 .UNSPECIFIED., .F., .F.,
 ( 4, 4 ),
 ( -5.656854249574314969E-06, 0.0007281720360311651598 ),
 .UNSPECIFIED. ) ;
#3358 = AXIS2_PLACEMENT_3D ( 'NONE', #1442, #1477, #2280 ) ;
#3359 = ORIENTED_EDGE ( 'NONE', *, *, #2909, .F. ) ;
#3360 = ORIENTED_EDGE ( 'NONE', *, *, #526, .T. ) ;
#3361 = AXIS2_PLACEMENT_3D ( 'NONE', #1035, #754, #2590 ) ;
#3362 = CARTESIAN_POINT ( 'NONE',  ( 29.00000000000000000, 4.599999999999999645, -3.262898863262211346 ) ) ;
#3363 = AXIS2_PLACEMENT_3D ( 'NONE', #2473, #630, #360 ) ;
#3364 = TOROIDAL_SURFACE ( 'NONE', #3081, 5.900000000000002132, 0.5000000000000000000 ) ;
#3365 = DIRECTION ( 'NONE',  ( 0.000000000000000000, 0.000000000000000000, 1.000000000000000000 ) ) ;
#3366 = DIRECTION ( 'NONE',  ( 0.000000000000000000, 0.000000000000000000, 1.000000000000000000 ) ) ;
#3367 = CIRCLE ( 'NONE', #1160, 0.5000000000000004441 ) ;
#3368 = AXIS2_PLACEMENT_3D ( 'NONE', #2654, #2868, #738 ) ;
#3369 = FACE_OUTER_BOUND ( 'NONE', #161, .T. ) ;
#3370 = CYLINDRICAL_SURFACE ( 'NONE', #313, 5.050000000000002487 ) ;
#3371 = PLANE ( 'NONE',  #3084 ) ;
#3372 = ADVANCED_FACE ( 'NONE', ( #3148 ), #2042, .T. ) ;
#3373 = ORIENTED_EDGE ( 'NONE', *, *, #3300, .F. ) ;
#3374 = CIRCLE ( 'NONE', #2693, 3.049999999999999822 ) ;
#3375 = EDGE_LOOP ( 'NONE', ( #1858, #2038, #368, #847 ) ) ;
#3376 = FACE_OUTER_BOUND ( 'NONE', #2049, .T. ) ;
#3377 = VECTOR ( 'NONE', #2161, 1000.000000000000000 ) ;
#3378 = ADVANCED_FACE ( 'NONE', ( #1805 ), #2423, .F. ) ;
#3379 = EDGE_LOOP ( 'NONE', ( #128, #1413, #1550, #2299 ) ) ;
#3380 = AXIS2_PLACEMENT_3D ( 'NONE', #510, #1771, #2844 ) ;
#3381 = ORIENTED_EDGE ( 'NONE', *, *, #400, .F. ) ;
#3382 = CYLINDRICAL_SURFACE ( 'NONE', #2804, 3.050000000000000711 ) ;
#3383 = PRODUCT_DEFINITION_FORMATION_WITH_SPECIFIED_SOURCE ( 'ANY', '', #2396, .NOT_KNOWN. ) ;
#3384 = DIRECTION ( 'NONE',  ( -1.000000000000000000, 0.000000000000000000, 0.000000000000000000 ) ) ;
#3385 = LINE ( 'NONE', #2862, #1496 ) ;
#3386 = DIRECTION ( 'NONE',  ( -1.000000000000000000, -1.040834085586085203E-14, 0.000000000000000000 ) ) ;
#3387 = EDGE_CURVE ( 'NONE', #1926, #1963, #1239, .T. ) ;
#3388 = DIRECTION ( 'NONE',  ( 0.000000000000000000, 1.000000000000000000, -0.000000000000000000 ) ) ;
#3389 = CARTESIAN_POINT ( 'NONE',  ( 24.00000000000000000, 4.599999999999999645, -3.000000000000000000 ) ) ;
#3390 = VERTEX_POINT ( 'NONE', #2839 ) ;
#3391 = ORIENTED_EDGE ( 'NONE', *, *, #957, .T. ) ;
#3392 = CARTESIAN_POINT ( 'NONE',  ( 29.00000000000000355, 0.2071067811865480723, -7.255114295736445127E-17 ) ) ;
#3393 = EDGE_CURVE ( 'NONE', #38, #2441, #2031, .T. ) ;
#3394 = ORIENTED_EDGE ( 'NONE', *, *, #1204, .F. ) ;
#3395 = ORIENTED_EDGE ( 'NONE', *, *, #1729, .F. ) ;
#3396 = ADVANCED_FACE ( 'NONE', ( #2112 ), #3178, .F. ) ;
#3397 = CARTESIAN_POINT ( 'NONE',  ( 29.05000000000000071, 9.650000000000000355, 0.000000000000000000 ) ) ;
#3398 = DIRECTION ( 'NONE',  ( -0.000000000000000000, -0.000000000000000000, 1.000000000000000000 ) ) ;
#3399 = ORIENTED_EDGE ( 'NONE', *, *, #1316, .T. ) ;
#3400 = DIRECTION ( 'NONE',  ( -0.000000000000000000, 0.000000000000000000, 1.000000000000000000 ) ) ;
#3401 = CARTESIAN_POINT ( 'NONE',  ( 5.999999999999999112, 20.10000000000000142, -7.500000000000000000 ) ) ;
#3402 = PLANE ( 'NONE',  #3380 ) ;
#3403 = CARTESIAN_POINT ( 'NONE',  ( -7.500000000000000000, 4.599999999999995204, 0.000000000000000000 ) ) ;
#3404 = CARTESIAN_POINT ( 'NONE',  ( -22.00565366730348771, 4.605653667303318599, -0.2512454669411436914 ) ) ;
#3405 = ORIENTED_EDGE ( 'NONE', *, *, #2959, .F. ) ;
#3406 = ORIENTED_EDGE ( 'NONE', *, *, #987, .T. ) ;
#3407 = DIRECTION ( 'NONE',  ( -0.000000000000000000, 0.000000000000000000, 1.000000000000000000 ) ) ;
#3408 = ORIENTED_EDGE ( 'NONE', *, *, #741, .T. ) ;
#3409 = VERTEX_POINT ( 'NONE', #2357 ) ;
#3410 = DIRECTION ( 'NONE',  ( -1.000000000000000000, -1.040834085586083310E-14, 0.000000000000000000 ) ) ;
#3411 = EDGE_CURVE ( 'NONE', #744, #464, #1569, .T. ) ;
#3412 = EDGE_CURVE ( 'NONE', #1714, #851, #186, .T. ) ;
#3413 = VECTOR ( 'NONE', #2742, 1000.000000000000000 ) ;
#3414 = LINE ( 'NONE', #453, #168 ) ;
#3415 = ORIENTED_EDGE ( 'NONE', *, *, #526, .F. ) ;
#3416 = DIRECTION ( 'NONE',  ( 0.000000000000000000, 1.000000000000000000, -0.000000000000000000 ) ) ;
#3417 = FACE_OUTER_BOUND ( 'NONE', #3121, .T. ) ;
#3418 = CIRCLE ( 'NONE', #2346, 5.049999999999999822 ) ;
#3419 = ADVANCED_FACE ( 'NONE', ( #2877 ), #2916, .T. ) ;
#3420 = CARTESIAN_POINT ( 'NONE',  ( 18.00000000000000000, 4.599999999999999645, -7.500000000000000000 ) ) ;
#3421 = VECTOR ( 'NONE', #2420, 1000.000000000000000 ) ;
#3422 = FACE_OUTER_BOUND ( 'NONE', #337, .T. ) ;
#3423 = CARTESIAN_POINT ( 'NONE',  ( -22.03050271962558071, 4.630502719625471997, -0.5552207425579273048 ) ) ;
#3424 = ORIENTED_EDGE ( 'NONE', *, *, #1797, .F. ) ;
#3425 = CARTESIAN_POINT ( 'NONE',  ( 18.15000000000000213, 7.599999999999999645, -3.000000000000000000 ) ) ;
#3426 = LINE ( 'NONE', #2678, #984 ) ;
#3427 = AXIS2_PLACEMENT_3D ( 'NONE', #1808, #1539, #2115 ) ;
#3428 = VERTEX_POINT ( 'NONE', #2096 ) ;
#3429 = ORIENTED_EDGE ( 'NONE', *, *, #929, .F. ) ;
#3430 = AXIS2_PLACEMENT_3D ( 'NONE', #1680, #1971, #634 ) ;
#3431 = DIRECTION ( 'NONE',  ( 0.000000000000000000, -1.000000000000000000, 0.000000000000000000 ) ) ;
#3432 = AXIS2_PLACEMENT_3D ( 'NONE', #2930, #3484, #1603 ) ;
#3433 = DIRECTION ( 'NONE',  ( 1.000000000000000000, 0.000000000000000000, 0.000000000000000000 ) ) ;
#3434 = ORIENTED_EDGE ( 'NONE', *, *, #655, .T. ) ;
#3435 = FACE_OUTER_BOUND ( 'NONE', #2204, .T. ) ;
#3436 = LINE ( 'NONE', #2099, #1167 ) ;
#3437 = EDGE_CURVE ( 'NONE', #301, #3251, #1800, .T. ) ;
#3438 = VECTOR ( 'NONE', #616, 1000.000000000000000 ) ;
#3439 = DIRECTION ( 'NONE',  ( -0.000000000000000000, 0.000000000000000000, 1.000000000000000000 ) ) ;
#3440 = CARTESIAN_POINT ( 'NONE',  ( -25.00000000000000000, 4.599999999999999645, -11.50000000000000000 ) ) ;
#3441 = CARTESIAN_POINT ( 'NONE',  ( -21.61782578339991190, 4.217825783400847683, -2.635975521367322526E-12 ) ) ;
#3442 = ADVANCED_FACE ( 'NONE', ( #1302 ), #1158, .F. ) ;
#3443 = ORIENTED_EDGE ( 'NONE', *, *, #1270, .F. ) ;
#3444 = LINE ( 'NONE', #2068, #1445 ) ;
#3445 = CARTESIAN_POINT ( 'NONE',  ( 29.04999999999999716, 4.701598471936579315, -3.159245580830111866 ) ) ;
#3446 = ORIENTED_EDGE ( 'NONE', *, *, #1033, .T. ) ;
#3447 = ORIENTED_EDGE ( 'NONE', *, *, #1338, .T. ) ;
#3448 = DIRECTION ( 'NONE',  ( 0.000000000000000000, 0.000000000000000000, -1.000000000000000000 ) ) ;
#3449 = CARTESIAN_POINT ( 'NONE',  ( -21.50000000000000000, 5.400000000000000355, -5.500000000000000000 ) ) ;
#3450 = ORIENTED_EDGE ( 'NONE', *, *, #176, .F. ) ;
#3451 = CARTESIAN_POINT ( 'NONE',  ( -21.50000000000000000, 12.60000000000000320, -5.500000000000000000 ) ) ;
#3452 = DIRECTION ( 'NONE',  ( 1.000000000000000000, 0.000000000000000000, 0.000000000000000000 ) ) ;
#3453 = EDGE_CURVE ( 'NONE', #2372, #460, #1322, .T. ) ;
#3454 = CARTESIAN_POINT ( 'NONE',  ( 24.00000000000000000, 9.650000000000000355, -3.000000000000000000 ) ) ;
#3455 = CARTESIAN_POINT ( 'NONE',  ( 15.55140423139245520, 12.49429745020589699, -3.000000000000000000 ) ) ;
#3456 = FACE_OUTER_BOUND ( 'NONE', #628, .T. ) ;
#3457 = EDGE_CURVE ( 'NONE', #1749, #18, #901, .T. ) ;
#3458 = ORIENTED_EDGE ( 'NONE', *, *, #1133, .F. ) ;
#3459 = EDGE_CURVE ( 'NONE', #680, #2183, #2265, .T. ) ;
#3460 = VERTEX_POINT ( 'NONE', #1066 ) ;
#3461 = DIRECTION ( 'NONE',  ( 1.000000000000000000, 0.000000000000000000, 0.000000000000000000 ) ) ;
#3462 = ORIENTED_EDGE ( 'NONE', *, *, #2566, .F. ) ;
#3463 = ORIENTED_EDGE ( 'NONE', *, *, #71, .T. ) ;
#3464 = CARTESIAN_POINT ( 'NONE',  ( 21.56106567905514027, 11.48142004415077722, -3.000000000000000000 ) ) ;
#3465 = CARTESIAN_POINT ( 'NONE',  ( -5.850000000000001421, 8.400000000000000355, 0.000000000000000000 ) ) ;
#3466 = ORIENTED_EDGE ( 'NONE', *, *, #1249, .T. ) ;
#3467 = DIRECTION ( 'NONE',  ( -0.000000000000000000, 0.000000000000000000, 1.000000000000000000 ) ) ;
#3468 = CARTESIAN_POINT ( 'NONE',  ( 3.551404231392454758, 12.49429745020589699, 0.000000000000000000 ) ) ;
#3469 = EDGE_CURVE ( 'NONE', #3062, #796, #2253, .T. ) ;
#3470 = CIRCLE ( 'NONE', #1049, 0.5000000000000000000 ) ;
#3471 = PLANE ( 'NONE',  #2699 ) ;
#3472 = DIRECTION ( 'NONE',  ( 0.000000000000000000, -0.000000000000000000, 1.000000000000000000 ) ) ;
#3473 = VECTOR ( 'NONE', #1381, 1000.000000000000000 ) ;
#3474 = CARTESIAN_POINT ( 'NONE',  ( -22.73360393316574601, 4.574463051217628973, -0.3388921682181474382 ) ) ;
#3475 = CIRCLE ( 'NONE', #3134, 7.500000000000000000 ) ;
#3476 = CARTESIAN_POINT ( 'NONE',  ( 8.949999999999999289, 9.650000000000000355, -3.000000000000000000 ) ) ;
#3477 = DIRECTION ( 'NONE',  ( 1.000000000000000000, 0.000000000000000000, 0.000000000000000000 ) ) ;
#3478 = CARTESIAN_POINT ( 'NONE',  ( 29.05000000000000071, 5.277921898938974898, -3.000000000000000000 ) ) ;
#3479 = VECTOR ( 'NONE', #858, 1000.000000000000000 ) ;
#3480 = EDGE_CURVE ( 'NONE', #1363, #426, #841, .T. ) ;
#3481 = AXIS2_PLACEMENT_3D ( 'NONE', #1245, #1580, #1032 ) ;
#3482 = ORIENTED_EDGE ( 'NONE', *, *, #1025, .F. ) ;
#3483 = VERTEX_POINT ( 'NONE', #358 ) ;
#3484 = DIRECTION ( 'NONE',  ( -0.000000000000000000, -0.000000000000000000, 1.000000000000000000 ) ) ;
#3485 = EDGE_CURVE ( 'NONE', #1763, #1022, #2985, .T. ) ;
#3486 = VECTOR ( 'NONE', #2458, 1000.000000000000000 ) ;
#3487 = ORIENTED_EDGE ( 'NONE', *, *, #1907, .T. ) ;
#3488 = CARTESIAN_POINT ( 'NONE',  ( -27.50000000000000000, 4.599999999999999645, -3.000000000000000000 ) ) ;
#3489 = CARTESIAN_POINT ( 'NONE',  ( -7.000000000000000000, 8.400000000000000355, -3.000000000000000000 ) ) ;
#3490 = VECTOR ( 'NONE', #1928, 1000.000000000000000 ) ;
#3491 = DIRECTION ( 'NONE',  ( -0.000000000000000000, 0.000000000000000000, 1.000000000000000000 ) ) ;
#3492 = DIRECTION ( 'NONE',  ( 0.000000000000000000, 0.000000000000000000, 1.000000000000000000 ) ) ;
#3493 = AXIS2_PLACEMENT_3D ( 'NONE', #701, #3491, #1662 ) ;
#3494 = CARTESIAN_POINT ( 'NONE',  ( 18.95000000000000284, 7.599999999999999645, -3.000000000000000000 ) ) ;
#3495 = AXIS2_PLACEMENT_3D ( 'NONE', #3128, #1766, #2056 ) ;
ENDSEC;
END-ISO-10303-21;
